
 /----------------------------------------------------------------------------\
 |  yosys -- Yosys Open SYnthesis Suite                                       |
 |  Copyright (C) 2012 - 2026  Claire Xenia Wolf <claire@yosyshq.com>         |
 |  Distributed under an ISC-like license, type "license" to see terms        |
 \----------------------------------------------------------------------------/
 Yosys 0.63+97 (git sha1 1111a401f, clang++ 18.1.8 -fPIC -O3)

-- Parsing `icebreaker.v' using frontend ` -vlog2k' --

1. Executing Verilog-2005 frontend: icebreaker.v
Parsing Verilog input from `icebreaker.v' to AST representation.
Storing AST representation for module `$abstract\icebreaker'.
Storing AST representation for module `$abstract\seven_seg_ctrl'.
Storing AST representation for module `$abstract\seven_seg_hex'.
Successfully finished Verilog frontend.

-- Parsing `ice40up5k_spram.v' using frontend ` -vlog2k' --

2. Executing Verilog-2005 frontend: ice40up5k_spram.v
Parsing Verilog input from `ice40up5k_spram.v' to AST representation.
Storing AST representation for module `$abstract\ice40up5k_spram'.
Successfully finished Verilog frontend.

-- Parsing `spimemio.v' using frontend ` -vlog2k' --

3. Executing Verilog-2005 frontend: spimemio.v
Parsing Verilog input from `spimemio.v' to AST representation.
Storing AST representation for module `$abstract\spimemio'.
Storing AST representation for module `$abstract\spimemio_xfer'.
Successfully finished Verilog frontend.

-- Parsing `simpleuart.v' using frontend ` -vlog2k' --

4. Executing Verilog-2005 frontend: simpleuart.v
Parsing Verilog input from `simpleuart.v' to AST representation.
Storing AST representation for module `$abstract\simpleuart'.
Successfully finished Verilog frontend.

-- Parsing `picosoc.v' using frontend ` -vlog2k' --

5. Executing Verilog-2005 frontend: picosoc.v
Parsing Verilog input from `picosoc.v' to AST representation.
Storing AST representation for module `$abstract\picosoc'.
Storing AST representation for module `$abstract\spimem_cache_forward'.
Storing AST representation for module `$abstract\spimem_cache_direct_mapped'.
Storing AST representation for module `$abstract\spimem_cache_random'.
Storing AST representation for module `$abstract\spimem_cache_fifo'.
Storing AST representation for module `$abstract\picosoc_regs'.
Storing AST representation for module `$abstract\picosoc_mem'.
Successfully finished Verilog frontend.

-- Parsing `../picorv32.v' using frontend ` -vlog2k' --

6. Executing Verilog-2005 frontend: ../picorv32.v
Parsing Verilog input from `../picorv32.v' to AST representation.
Storing AST representation for module `$abstract\picorv32'.
Storing AST representation for module `$abstract\picorv32_regs'.
Storing AST representation for module `$abstract\picorv32_pcpi_mul'.
Storing AST representation for module `$abstract\picorv32_pcpi_fast_mul'.
Storing AST representation for module `$abstract\picorv32_pcpi_div'.
Storing AST representation for module `$abstract\picorv32_axi'.
Storing AST representation for module `$abstract\picorv32_axi_adapter'.
Storing AST representation for module `$abstract\picorv32_wb'.
Successfully finished Verilog frontend.

-- Running command `synth_ice40 -dsp -top icebreaker -json icebreaker.json' --

7. Executing SYNTH_ICE40 pass.

7.1. Executing Verilog-2005 frontend: /homes/cl2033/oss-cad-suite/lib/../share/yosys/ice40/cells_sim.v
Parsing Verilog input from `/homes/cl2033/oss-cad-suite/lib/../share/yosys/ice40/cells_sim.v' to AST representation.
Generating RTLIL representation for module `\SB_IO'.
Generating RTLIL representation for module `\SB_GB_IO'.
Generating RTLIL representation for module `\SB_GB'.
Generating RTLIL representation for module `\SB_LUT4'.
Generating RTLIL representation for module `\SB_CARRY'.
Generating RTLIL representation for module `\SB_DFF'.
Generating RTLIL representation for module `\SB_DFFE'.
Generating RTLIL representation for module `\SB_DFFSR'.
Generating RTLIL representation for module `\SB_DFFR'.
Generating RTLIL representation for module `\SB_DFFSS'.
Generating RTLIL representation for module `\SB_DFFS'.
Generating RTLIL representation for module `\SB_DFFESR'.
Generating RTLIL representation for module `\SB_DFFER'.
Generating RTLIL representation for module `\SB_DFFESS'.
Generating RTLIL representation for module `\SB_DFFES'.
Generating RTLIL representation for module `\SB_DFFN'.
Generating RTLIL representation for module `\SB_DFFNE'.
Generating RTLIL representation for module `\SB_DFFNSR'.
Generating RTLIL representation for module `\SB_DFFNR'.
Generating RTLIL representation for module `\SB_DFFNSS'.
Generating RTLIL representation for module `\SB_DFFNS'.
Generating RTLIL representation for module `\SB_DFFNESR'.
Generating RTLIL representation for module `\SB_DFFNER'.
Generating RTLIL representation for module `\SB_DFFNESS'.
Generating RTLIL representation for module `\SB_DFFNES'.
Generating RTLIL representation for module `\SB_RAM40_4K'.
Generating RTLIL representation for module `\SB_RAM40_4KNR'.
Generating RTLIL representation for module `\SB_RAM40_4KNW'.
Generating RTLIL representation for module `\SB_RAM40_4KNRNW'.
Generating RTLIL representation for module `\ICESTORM_LC'.
Generating RTLIL representation for module `\SB_PLL40_CORE'.
Generating RTLIL representation for module `\SB_PLL40_PAD'.
Generating RTLIL representation for module `\SB_PLL40_2_PAD'.
Generating RTLIL representation for module `\SB_PLL40_2F_CORE'.
Generating RTLIL representation for module `\SB_PLL40_2F_PAD'.
Generating RTLIL representation for module `\SB_WARMBOOT'.
Generating RTLIL representation for module `\SB_SPRAM256KA'.
Generating RTLIL representation for module `\SB_HFOSC'.
Generating RTLIL representation for module `\SB_LFOSC'.
Generating RTLIL representation for module `\SB_RGBA_DRV'.
Generating RTLIL representation for module `\SB_LED_DRV_CUR'.
Generating RTLIL representation for module `\SB_RGB_DRV'.
Generating RTLIL representation for module `\SB_I2C'.
Generating RTLIL representation for module `\SB_SPI'.
Generating RTLIL representation for module `\SB_LEDDA_IP'.
Generating RTLIL representation for module `\SB_FILTER_50NS'.
Generating RTLIL representation for module `\SB_IO_I3C'.
Generating RTLIL representation for module `\SB_IO_OD'.
Generating RTLIL representation for module `\SB_MAC16'.
Generating RTLIL representation for module `\ICESTORM_RAM'.
Successfully finished Verilog frontend.

7.2. Executing HIERARCHY pass (managing design hierarchy).

7.3. Executing AST frontend in derive mode using pre-parsed AST for module `\icebreaker'.
Generating RTLIL representation for module `\icebreaker'.

7.3.1. Analyzing design hierarchy..
Top module:  \icebreaker
Parameter \BARREL_SHIFTER = 0
Parameter \ENABLE_MUL = 0
Parameter \ENABLE_DIV = 1
Parameter \ENABLE_FAST_MUL = 1
Parameter \MEM_WORDS = 32768

7.3.2. Executing AST frontend in derive mode using pre-parsed AST for module `\picosoc'.
Parameter \BARREL_SHIFTER = 0
Parameter \ENABLE_MUL = 0
Parameter \ENABLE_DIV = 1
Parameter \ENABLE_FAST_MUL = 1
Parameter \MEM_WORDS = 32768
Generating RTLIL representation for module `$paramod$39834aa9329a3faf5d41fecb8630a580713f4db9\picosoc'.

7.3.3. Executing AST frontend in derive mode using pre-parsed AST for module `\seven_seg_ctrl'.
Generating RTLIL representation for module `\seven_seg_ctrl'.

7.3.4. Analyzing design hierarchy..
Top module:  \icebreaker
Used module:     $paramod$39834aa9329a3faf5d41fecb8630a580713f4db9\picosoc
Used module:     \seven_seg_ctrl

7.3.5. Executing AST frontend in derive mode using pre-parsed AST for module `\seven_seg_hex'.
Generating RTLIL representation for module `\seven_seg_hex'.
Parameter \WORDS = 32768

7.3.6. Executing AST frontend in derive mode using pre-parsed AST for module `\ice40up5k_spram'.
Parameter \WORDS = 32768
Generating RTLIL representation for module `$paramod\ice40up5k_spram\WORDS=s32'00000000000000001000000000000000'.

7.3.7. Executing AST frontend in derive mode using pre-parsed AST for module `\simpleuart'.
Generating RTLIL representation for module `\simpleuart'.

7.3.8. Executing AST frontend in derive mode using pre-parsed AST for module `\spimemio'.
Generating RTLIL representation for module `\spimemio'.

7.3.9. Executing AST frontend in derive mode using pre-parsed AST for module `\spimem_cache_direct_mapped'.
Generating RTLIL representation for module `\spimem_cache_direct_mapped'.
Parameter \ENABLE_COUNTERS = 1'1
Parameter \BARREL_SHIFTER = 1'0
Parameter \COMPRESSED_ISA = 1'0
Parameter \ENABLE_MUL = 1'0
Parameter \ENABLE_FAST_MUL = 1'1
Parameter \ENABLE_DIV = 1'1
Parameter \ENABLE_IRQ = 1
Parameter \ENABLE_IRQ_QREGS = 1'0
Parameter \PROGADDR_RESET = 1048576
Parameter \PROGADDR_IRQ = 0
Parameter \STACKADDR = 131072

7.3.10. Executing AST frontend in derive mode using pre-parsed AST for module `\picorv32'.
Parameter \ENABLE_COUNTERS = 1'1
Parameter \BARREL_SHIFTER = 1'0
Parameter \COMPRESSED_ISA = 1'0
Parameter \ENABLE_MUL = 1'0
Parameter \ENABLE_FAST_MUL = 1'1
Parameter \ENABLE_DIV = 1'1
Parameter \ENABLE_IRQ = 1
Parameter \ENABLE_IRQ_QREGS = 1'0
Parameter \PROGADDR_RESET = 1048576
Parameter \PROGADDR_IRQ = 0
Parameter \STACKADDR = 131072
Generating RTLIL representation for module `$paramod$220af75f788be2579d60b7397bda7e166594ec75\picorv32'.

7.3.11. Analyzing design hierarchy..
Top module:  \icebreaker
Used module:     $paramod$39834aa9329a3faf5d41fecb8630a580713f4db9\picosoc
Used module:         $paramod\ice40up5k_spram\WORDS=s32'00000000000000001000000000000000
Used module:         \simpleuart
Used module:         \spimemio
Used module:         \spimem_cache_direct_mapped
Used module:         $paramod$220af75f788be2579d60b7397bda7e166594ec75\picorv32
Used module:     \seven_seg_ctrl
Used module:         \seven_seg_hex

7.3.12. Executing AST frontend in derive mode using pre-parsed AST for module `\spimemio_xfer'.
Generating RTLIL representation for module `\spimemio_xfer'.

7.3.13. Executing AST frontend in derive mode using pre-parsed AST for module `\picorv32_pcpi_div'.
Generating RTLIL representation for module `\picorv32_pcpi_div'.

7.3.14. Executing AST frontend in derive mode using pre-parsed AST for module `\picorv32_pcpi_fast_mul'.
Generating RTLIL representation for module `\picorv32_pcpi_fast_mul'.

7.3.15. Executing AST frontend in derive mode using pre-parsed AST for module `\picosoc_regs'.
Generating RTLIL representation for module `\picosoc_regs'.

7.3.16. Analyzing design hierarchy..
Top module:  \icebreaker
Used module:     $paramod$39834aa9329a3faf5d41fecb8630a580713f4db9\picosoc
Used module:         $paramod\ice40up5k_spram\WORDS=s32'00000000000000001000000000000000
Used module:         \simpleuart
Used module:         \spimemio
Used module:             \spimemio_xfer
Used module:         \spimem_cache_direct_mapped
Used module:         $paramod$220af75f788be2579d60b7397bda7e166594ec75\picorv32
Used module:             \picorv32_pcpi_div
Used module:             \picorv32_pcpi_fast_mul
Used module:             \picosoc_regs
Used module:     \seven_seg_ctrl
Used module:         \seven_seg_hex

7.3.17. Analyzing design hierarchy..
Top module:  \icebreaker
Used module:     $paramod$39834aa9329a3faf5d41fecb8630a580713f4db9\picosoc
Used module:         $paramod\ice40up5k_spram\WORDS=s32'00000000000000001000000000000000
Used module:         \simpleuart
Used module:         \spimemio
Used module:             \spimemio_xfer
Used module:         \spimem_cache_direct_mapped
Used module:         $paramod$220af75f788be2579d60b7397bda7e166594ec75\picorv32
Used module:             \picorv32_pcpi_div
Used module:             \picorv32_pcpi_fast_mul
Used module:             \picosoc_regs
Used module:     \seven_seg_ctrl
Used module:         \seven_seg_hex
Removing unused module `$abstract\picorv32_wb'.
Removing unused module `$abstract\picorv32_axi_adapter'.
Removing unused module `$abstract\picorv32_axi'.
Removing unused module `$abstract\picorv32_pcpi_div'.
Removing unused module `$abstract\picorv32_pcpi_fast_mul'.
Removing unused module `$abstract\picorv32_pcpi_mul'.
Removing unused module `$abstract\picorv32_regs'.
Removing unused module `$abstract\picorv32'.
Removing unused module `$abstract\picosoc_mem'.
Removing unused module `$abstract\picosoc_regs'.
Removing unused module `$abstract\spimem_cache_fifo'.
Removing unused module `$abstract\spimem_cache_random'.
Removing unused module `$abstract\spimem_cache_direct_mapped'.
Removing unused module `$abstract\spimem_cache_forward'.
Removing unused module `$abstract\picosoc'.
Removing unused module `$abstract\simpleuart'.
Removing unused module `$abstract\spimemio_xfer'.
Removing unused module `$abstract\spimemio'.
Removing unused module `$abstract\ice40up5k_spram'.
Removing unused module `$abstract\seven_seg_hex'.
Removing unused module `$abstract\seven_seg_ctrl'.
Removing unused module `$abstract\icebreaker'.
Removed 22 unused modules.

7.4. Executing PROC pass (convert processes to netlists).

7.4.1. Executing PROC_CLEAN pass (remove empty switches from decision trees).
Found and cleaned up 16 empty switches in `$paramod$220af75f788be2579d60b7397bda7e166594ec75\picorv32.$proc$../picorv32.v:1402$1304'.
Found and cleaned up 1 empty switch in `$paramod$220af75f788be2579d60b7397bda7e166594ec75\picorv32.$proc$../picorv32.v:1387$1290'.
Found and cleaned up 6 empty switches in `$paramod$220af75f788be2579d60b7397bda7e166594ec75\picorv32.$proc$../picorv32.v:546$933'.
Removing empty process `$paramod$220af75f788be2579d60b7397bda7e166594ec75\picorv32.$proc$../picorv32.v:546$933'.
Cleaned up 23 empty switches.

7.4.2. Executing PROC_RMDEAD pass (remove dead branches from decision trees).
Marked 1 switch rules as full_case in process $proc$picosoc.v:796$1611 in module picosoc_regs.
Marked 3 switch rules as full_case in process $proc$../picorv32.v:2378$1604 in module picorv32_pcpi_fast_mul.
Marked 2 switch rules as full_case in process $proc$../picorv32.v:2348$1597 in module picorv32_pcpi_fast_mul.
Marked 4 switch rules as full_case in process $proc$../picorv32.v:2464$1558 in module picorv32_pcpi_div.
Marked 2 switch rules as full_case in process $proc$spimemio.v:535$1529 in module spimemio_xfer.
Marked 5 switch rules as full_case in process $proc$spimemio.v:447$1505 in module spimemio_xfer.
Marked 41 switch rules as full_case in process $proc$../picorv32.v:1402$1304 in module $paramod$220af75f788be2579d60b7397bda7e166594ec75\picorv32.
Marked 2 switch rules as full_case in process $proc$../picorv32.v:1309$1276 in module $paramod$220af75f788be2579d60b7397bda7e166594ec75\picorv32.
Marked 2 switch rules as full_case in process $proc$../picorv32.v:1295$1271 in module $paramod$220af75f788be2579d60b7397bda7e166594ec75\picorv32.
Marked 8 switch rules as full_case in process $proc$../picorv32.v:1186$1236 in module $paramod$220af75f788be2579d60b7397bda7e166594ec75\picorv32.
Marked 3 switch rules as full_case in process $proc$../picorv32.v:858$973 in module $paramod$220af75f788be2579d60b7397bda7e166594ec75\picorv32.
Marked 3 switch rules as full_case in process $proc$../picorv32.v:809$971 in module $paramod$220af75f788be2579d60b7397bda7e166594ec75\picorv32.
Marked 2 switch rules as full_case in process $proc$../picorv32.v:778$967 in module $paramod$220af75f788be2579d60b7397bda7e166594ec75\picorv32.
Marked 48 switch rules as full_case in process $proc$../picorv32.v:701$966 in module $paramod$220af75f788be2579d60b7397bda7e166594ec75\picorv32.
Marked 4 switch rules as full_case in process $proc$../picorv32.v:565$942 in module $paramod$220af75f788be2579d60b7397bda7e166594ec75\picorv32.
Marked 1 switch rules as full_case in process $proc$../picorv32.v:430$904 in module $paramod$220af75f788be2579d60b7397bda7e166594ec75\picorv32.
Removed 2 dead cases from process $proc$../picorv32.v:401$901 in module $paramod$220af75f788be2579d60b7397bda7e166594ec75\picorv32.
Marked 2 switch rules as full_case in process $proc$../picorv32.v:401$901 in module $paramod$220af75f788be2579d60b7397bda7e166594ec75\picorv32.
Marked 1 switch rules as full_case in process $proc$../picorv32.v:390$896 in module $paramod$220af75f788be2579d60b7397bda7e166594ec75\picorv32.
Marked 1 switch rules as full_case in process $proc$../picorv32.v:325$822 in module $paramod$220af75f788be2579d60b7397bda7e166594ec75\picorv32.
Marked 3 switch rules as full_case in process $proc$picosoc.v:425$645 in module spimem_cache_direct_mapped.
Marked 3 switch rules as full_case in process $proc$spimemio.v:207$535 in module spimemio.
Marked 1 switch rules as full_case in process $proc$spimemio.v:99$513 in module spimemio.
Marked 3 switch rules as full_case in process $proc$simpleuart.v:109$493 in module simpleuart.
Marked 2 switch rules as full_case in process $proc$simpleuart.v:66$484 in module simpleuart.
Marked 1 switch rules as full_case in process $proc$simpleuart.v:55$482 in module simpleuart.
Removed 1 dead cases from process $proc$icebreaker.v:242$471 in module seven_seg_hex.
Marked 1 switch rules as full_case in process $proc$icebreaker.v:242$471 in module seven_seg_hex.
Marked 1 switch rules as full_case in process $proc$icebreaker.v:220$462 in module seven_seg_ctrl.
Marked 1 switch rules as full_case in process $proc$icebreaker.v:132$397 in module icebreaker.
Removed a total of 3 dead cases.

7.4.3. Executing PROC_PRUNE pass (remove redundant assignments in processes).
Removed 9 redundant assignments.
Promoted 174 assignments to connections.

7.4.4. Executing PROC_INIT pass (extract init attributes).
Found init rule in `\seven_seg_ctrl.$proc$icebreaker.v:218$470'.
  Set init value: \msb_not_lsb = 1'0
Found init rule in `\seven_seg_ctrl.$proc$icebreaker.v:217$469'.
  Set init value: \clkdiv_pulse = 1'0
Found init rule in `\seven_seg_ctrl.$proc$icebreaker.v:216$468'.
  Set init value: \clkdiv = 10'0000000000
Found init rule in `\icebreaker.$proc$icebreaker.v:76$404'.
  Set init value: \reset_cnt = 6'000000
Found init rule in `\icebreaker.$proc$icebreaker.v:68$403'.
  Set init value: \clk_15mhz = 1'0

7.4.5. Executing PROC_ARST pass (detect async resets in processes).

7.4.6. Executing PROC_ROM pass (convert switches to ROMs).
Converted 1 switch.
<suppressed ~282 debug messages>

7.4.7. Executing PROC_MUX pass (convert decision trees to multiplexers).
Creating decoders for process `\picosoc_regs.$proc$picosoc.v:796$1611'.
     1/3: $1$memwr$\regs$picosoc.v:797$1610_EN[31:0]$1617
     2/3: $1$memwr$\regs$picosoc.v:797$1610_DATA[31:0]$1616
     3/3: $1$memwr$\regs$picosoc.v:797$1610_ADDR[4:0]$1615
Creating decoders for process `\picorv32_pcpi_fast_mul.$proc$../picorv32.v:2378$1604'.
     1/4: $0\active[3:0] [3:1]
     2/4: $0\active[3:0] [0]
     3/4: $0\rs2[32:0]
     4/4: $0\rs1[32:0]
Creating decoders for process `\picorv32_pcpi_fast_mul.$proc$../picorv32.v:2364$1599'.
     1/4: $0\rd_q[63:0]
     2/4: $0\rd[63:0]
     3/4: $0\rs2_q[32:0]
     4/4: $0\rs1_q[32:0]
Creating decoders for process `\picorv32_pcpi_fast_mul.$proc$../picorv32.v:2348$1597'.
     1/8: $2\instr_mul[0:0]
     2/8: $2\instr_mulhu[0:0]
     3/8: $2\instr_mulhsu[0:0]
     4/8: $2\instr_mulh[0:0]
     5/8: $1\instr_mulhu[0:0]
     6/8: $1\instr_mulhsu[0:0]
     7/8: $1\instr_mulh[0:0]
     8/8: $1\instr_mul[0:0]
Creating decoders for process `\picorv32_pcpi_div.$proc$../picorv32.v:2464$1558'.
     1/9: $0\pcpi_rd[31:0]
     2/9: $0\pcpi_wr[0:0]
     3/9: $0\pcpi_ready[0:0]
     4/9: $0\outsign[0:0]
     5/9: $0\running[0:0]
     6/9: $0\quotient_msk[31:0]
     7/9: $0\quotient[31:0]
     8/9: $0\divisor[62:0]
     9/9: $0\dividend[31:0]
Creating decoders for process `\picorv32_pcpi_div.$proc$../picorv32.v:2438$1548'.
     1/4: $0\instr_remu[0:0]
     2/4: $0\instr_rem[0:0]
     3/4: $0\instr_divu[0:0]
     4/4: $0\instr_div[0:0]
Creating decoders for process `\spimemio_xfer.$proc$spimemio.v:535$1529'.
     1/14: $0\last_fetch[0:0]
     2/14: $0\fetch[0:0]
     3/14: $0\xfer_tag[3:0]
     4/14: $0\xfer_rd[0:0]
     5/14: $0\xfer_qspi[0:0]
     6/14: $0\xfer_cont[0:0]
     7/14: $0\dummy_count[3:0]
     8/14: $0\count[3:0]
     9/14: $0\ibuffer[7:0]
    10/14: $0\obuffer[7:0]
    11/14: $0\xfer_ddr[0:0]
    12/14: $0\xfer_dspi[0:0]
    13/14: $0\flash_clk[0:0]
    14/14: $0\flash_csb[0:0]
Creating decoders for process `\spimemio_xfer.$proc$spimemio.v:447$1505'.
     1/33: $5\next_count[3:0]
     2/33: $5\next_obuffer[7:0]
     3/33: $5\next_ibuffer[7:0]
     4/33: $4\next_count[3:0]
     5/33: $4\next_obuffer[7:0]
     6/33: $4\next_ibuffer[7:0]
     7/33: $3\next_count[3:0]
     8/33: $3\next_obuffer[7:0]
     9/33: $3\next_ibuffer[7:0]
    10/33: $2\next_fetch[0:0]
    11/33: $2\next_count[3:0]
    12/33: $2\next_ibuffer[7:0]
    13/33: $2\next_obuffer[7:0]
    14/33: $2\flash_io0_do[0:0]
    15/33: $2\flash_io0_oe[0:0]
    16/33: $2\flash_io3_do[0:0]
    17/33: $2\flash_io3_oe[0:0]
    18/33: $2\flash_io2_do[0:0]
    19/33: $2\flash_io2_oe[0:0]
    20/33: $2\flash_io1_do[0:0]
    21/33: $2\flash_io1_oe[0:0]
    22/33: $1\next_fetch[0:0]
    23/33: $1\next_count[3:0]
    24/33: $1\next_ibuffer[7:0]
    25/33: $1\next_obuffer[7:0]
    26/33: $1\flash_io3_do[0:0]
    27/33: $1\flash_io3_oe[0:0]
    28/33: $1\flash_io2_do[0:0]
    29/33: $1\flash_io2_oe[0:0]
    30/33: $1\flash_io1_do[0:0]
    31/33: $1\flash_io1_oe[0:0]
    32/33: $1\flash_io0_do[0:0]
    33/33: $1\flash_io0_oe[0:0]
Creating decoders for process `\spimemio_xfer.$proc$spimemio.v:436$1496'.
Creating decoders for process `$paramod$220af75f788be2579d60b7397bda7e166594ec75\picorv32.$proc$../picorv32.v:1402$1304'.
     1/86: $23\next_irq_pending[2:2]
     2/86: $22\next_irq_pending[2:2]
     3/86: $21\next_irq_pending[2:2]
     4/86: $20\next_irq_pending[2:2]
     5/86: $19\next_irq_pending[2:2]
     6/86: $18\next_irq_pending[2:2]
     7/86: $17\next_irq_pending[2:2]
     8/86: $16\next_irq_pending[0:0]
     9/86: $15\next_irq_pending[0:0]
    10/86: $14\next_irq_pending[31:0] [0]
    11/86: $14\next_irq_pending[31:0] [31:1]
    12/86: $2\next_irq_pending[31:0] [31:2]
    13/86: $3\set_mem_do_rdata[0:0]
    14/86: $2\next_irq_pending[31:0] [1]
    15/86: $3\set_mem_do_wdata[0:0]
    16/86: $2\next_irq_pending[31:0] [0]
    17/86: $4\set_mem_do_rinst[0:0]
    18/86: $3\set_mem_do_rinst[0:0]
    19/86: $4\set_mem_do_wdata[0:0]
    20/86: $12\next_irq_pending[1:1]
    21/86: $11\next_irq_pending[1:1]
    22/86: $10\next_irq_pending[1:1]
    23/86: $4\set_mem_do_rdata[0:0]
    24/86: $8\next_irq_pending[1:1]
    25/86: $7\next_irq_pending[1:1]
    26/86: $6\next_irq_pending[1:1]
    27/86: $5\next_irq_pending[1:1]
    28/86: $4\next_irq_pending[1:1]
    29/86: $13\next_irq_pending[1:1]
    30/86: $5\set_mem_do_rinst[0:0]
    31/86: $9\next_irq_pending[1:1]
    32/86: $3\next_irq_pending[31:0]
    33/86: $3\current_pc[31:0]
    34/86: $2\current_pc[31:0]
    35/86: $2\set_mem_do_wdata[0:0]
    36/86: $2\set_mem_do_rdata[0:0]
    37/86: $2\set_mem_do_rinst[0:0]
    38/86: $1\next_irq_pending[31:0]
    39/86: $1\current_pc[31:0]
    40/86: $1\set_mem_do_wdata[0:0]
    41/86: $1\set_mem_do_rdata[0:0]
    42/86: $1\set_mem_do_rinst[0:0]
    43/86: $0\trace_data[35:0]
    44/86: $0\count_cycle[63:0]
    45/86: $0\pcpi_timeout[0:0]
    46/86: $0\trace_valid[0:0]
    47/86: $0\do_waitirq[0:0]
    48/86: $0\decoder_pseudo_trigger[0:0]
    49/86: $0\decoder_trigger[0:0]
    50/86: $0\alu_wait_2[0:0]
    51/86: $0\alu_wait[0:0]
    52/86: $0\reg_out[31:0]
    53/86: $0\reg_sh[4:0]
    54/86: $0\trap[0:0]
    55/86: $0\pcpi_timeout_counter[3:0]
    56/86: $0\latched_rd[4:0]
    57/86: $0\latched_is_lb[0:0]
    58/86: $0\latched_is_lh[0:0]
    59/86: $0\latched_is_lu[0:0]
    60/86: $0\latched_trace[0:0]
    61/86: $0\latched_compr[0:0]
    62/86: $0\latched_branch[0:0]
    63/86: $0\latched_stalu[0:0]
    64/86: $0\latched_store[0:0]
    65/86: $0\irq_state[1:0]
    66/86: $0\cpu_state[7:0]
    67/86: $0\dbg_rs2val_valid[0:0]
    68/86: $0\dbg_rs1val_valid[0:0]
    69/86: $0\dbg_rs2val[31:0]
    70/86: $0\dbg_rs1val[31:0]
    71/86: $0\mem_do_wdata[0:0]
    72/86: $0\mem_do_rdata[0:0]
    73/86: $0\mem_do_rinst[0:0]
    74/86: $0\mem_do_prefetch[0:0]
    75/86: $0\mem_wordsize[1:0]
    76/86: $0\timer[31:0]
    77/86: $0\irq_mask[31:0]
    78/86: $0\irq_active[0:0]
    79/86: $0\irq_delay[0:0]
    80/86: $0\reg_op2[31:0]
    81/86: $0\reg_op1[31:0]
    82/86: $0\reg_next_pc[31:0]
    83/86: $0\reg_pc[31:0]
    84/86: $0\count_instr[63:0]
    85/86: $0\eoi[31:0]
    86/86: $0\pcpi_valid[0:0]
Creating decoders for process `$paramod$220af75f788be2579d60b7397bda7e166594ec75\picorv32.$proc$../picorv32.v:1387$1290'.
Creating decoders for process `$paramod$220af75f788be2579d60b7397bda7e166594ec75\picorv32.$proc$../picorv32.v:1309$1276'.
     1/4: $2\cpuregs_write[0:0]
     2/4: $2\cpuregs_wrdata[31:0]
     3/4: $1\cpuregs_wrdata[31:0]
     4/4: $1\cpuregs_write[0:0]
Creating decoders for process `$paramod$220af75f788be2579d60b7397bda7e166594ec75\picorv32.$proc$../picorv32.v:1295$1271'.
     1/2: $2\clear_prefetched_high_word[0:0]
     2/2: $1\clear_prefetched_high_word[0:0]
Creating decoders for process `$paramod$220af75f788be2579d60b7397bda7e166594ec75\picorv32.$proc$../picorv32.v:1293$1270'.
Creating decoders for process `$paramod$220af75f788be2579d60b7397bda7e166594ec75\picorv32.$proc$../picorv32.v:1249$1248'.
     1/2: $1\alu_out[31:0]
     2/2: $1\alu_out_0[0:0]
Creating decoders for process `$paramod$220af75f788be2579d60b7397bda7e166594ec75\picorv32.$proc$../picorv32.v:1186$1236'.
     1/8: $8\dbg_ascii_state[127:0]
     2/8: $7\dbg_ascii_state[127:0]
     3/8: $6\dbg_ascii_state[127:0]
     4/8: $5\dbg_ascii_state[127:0]
     5/8: $4\dbg_ascii_state[127:0]
     6/8: $3\dbg_ascii_state[127:0]
     7/8: $2\dbg_ascii_state[127:0]
     8/8: $1\dbg_ascii_state[127:0]
Creating decoders for process `$paramod$220af75f788be2579d60b7397bda7e166594ec75\picorv32.$proc$../picorv32.v:858$973'.
     1/77: $0\decoded_rs1[4:0] [4]
     2/77: $0\decoded_imm_j[31:0] [10]
     3/77: $0\decoded_imm_j[31:0] [7]
     4/77: $0\decoded_imm_j[31:0] [6]
     5/77: $0\decoded_imm_j[31:0] [3:1]
     6/77: $0\decoded_imm_j[31:0] [5]
     7/77: $0\decoded_imm_j[31:0] [9:8]
     8/77: $0\decoded_imm_j[31:0] [31:20]
     9/77: $0\decoded_imm_j[31:0] [4]
    10/77: $0\decoded_imm_j[31:0] [11]
    11/77: $0\decoded_imm_j[31:0] [0]
    12/77: $0\decoded_rs1[4:0] [3:0]
    13/77: $0\is_lui_auipc_jal_jalr_addi_add_sub[0:0]
    14/77: $0\is_alu_reg_reg[0:0]
    15/77: $0\is_alu_reg_imm[0:0]
    16/77: $0\is_beq_bne_blt_bge_bltu_bgeu[0:0]
    17/77: $0\is_sll_srl_sra[0:0]
    18/77: $0\is_sb_sh_sw[0:0]
    19/77: $0\is_jalr_addi_slti_sltiu_xori_ori_andi[0:0]
    20/77: $0\is_slli_srli_srai[0:0]
    21/77: $0\is_lb_lh_lw_lbu_lhu[0:0]
    22/77: $0\compressed_instr[0:0]
    23/77: $0\is_compare[0:0]
    24/77: $0\decoded_imm[31:0]
    25/77: $0\decoded_rs2[4:0]
    26/77: $0\decoded_imm_j[31:0] [19:12]
    27/77: $0\decoded_rd[4:0]
    28/77: $0\instr_timer[0:0]
    29/77: $0\instr_waitirq[0:0]
    30/77: $0\instr_maskirq[0:0]
    31/77: $0\instr_retirq[0:0]
    32/77: $0\instr_setq[0:0]
    33/77: $0\instr_getq[0:0]
    34/77: $0\instr_fence[0:0]
    35/77: $0\instr_ecall_ebreak[0:0]
    36/77: $0\instr_rdinstrh[0:0]
    37/77: $0\instr_rdinstr[0:0]
    38/77: $0\instr_rdcycleh[0:0]
    39/77: $0\instr_rdcycle[0:0]
    40/77: $0\instr_and[0:0]
    41/77: $0\instr_or[0:0]
    42/77: $0\instr_sra[0:0]
    43/77: $0\instr_srl[0:0]
    44/77: $0\instr_xor[0:0]
    45/77: $0\instr_sltu[0:0]
    46/77: $0\instr_slt[0:0]
    47/77: $0\instr_sll[0:0]
    48/77: $0\instr_sub[0:0]
    49/77: $0\instr_add[0:0]
    50/77: $0\instr_srai[0:0]
    51/77: $0\instr_srli[0:0]
    52/77: $0\instr_slli[0:0]
    53/77: $0\instr_andi[0:0]
    54/77: $0\instr_ori[0:0]
    55/77: $0\instr_xori[0:0]
    56/77: $0\instr_sltiu[0:0]
    57/77: $0\instr_slti[0:0]
    58/77: $0\instr_addi[0:0]
    59/77: $0\instr_sw[0:0]
    60/77: $0\instr_sh[0:0]
    61/77: $0\instr_sb[0:0]
    62/77: $0\instr_lhu[0:0]
    63/77: $0\instr_lbu[0:0]
    64/77: $0\instr_lw[0:0]
    65/77: $0\instr_lh[0:0]
    66/77: $0\instr_lb[0:0]
    67/77: $0\instr_bgeu[0:0]
    68/77: $0\instr_bltu[0:0]
    69/77: $0\instr_bge[0:0]
    70/77: $0\instr_blt[0:0]
    71/77: $0\instr_bne[0:0]
    72/77: $0\instr_beq[0:0]
    73/77: $0\instr_jalr[0:0]
    74/77: $0\instr_jal[0:0]
    75/77: $0\instr_auipc[0:0]
    76/77: $0\instr_lui[0:0]
    77/77: $0\pcpi_insn[31:0]
Creating decoders for process `$paramod$220af75f788be2579d60b7397bda7e166594ec75\picorv32.$proc$../picorv32.v:809$971'.
     1/13: $3\dbg_insn_opcode[31:0]
     2/13: $2\dbg_insn_rd[4:0]
     3/13: $2\dbg_insn_rs2[4:0]
     4/13: $2\dbg_insn_rs1[4:0]
     5/13: $2\dbg_insn_opcode[31:0]
     6/13: $2\dbg_insn_imm[31:0]
     7/13: $2\dbg_ascii_instr[63:0]
     8/13: $1\dbg_insn_rd[4:0]
     9/13: $1\dbg_insn_rs2[4:0]
    10/13: $1\dbg_insn_rs1[4:0]
    11/13: $1\dbg_insn_imm[31:0]
    12/13: $1\dbg_ascii_instr[63:0]
    13/13: $1\dbg_insn_opcode[31:0]
Creating decoders for process `$paramod$220af75f788be2579d60b7397bda7e166594ec75\picorv32.$proc$../picorv32.v:778$967'.
     1/8: $0\cached_insn_rd[4:0]
     2/8: $0\cached_insn_rs2[4:0]
     3/8: $0\cached_insn_rs1[4:0]
     4/8: $0\cached_insn_opcode[31:0]
     5/8: $0\cached_insn_imm[31:0]
     6/8: $0\cached_ascii_instr[63:0]
     7/8: $0\dbg_valid_insn[0:0]
     8/8: $0\dbg_insn_addr[31:0]
Creating decoders for process `$paramod$220af75f788be2579d60b7397bda7e166594ec75\picorv32.$proc$../picorv32.v:701$966'.
     1/48: $48\new_ascii_instr[63:0]
     2/48: $47\new_ascii_instr[63:0]
     3/48: $46\new_ascii_instr[63:0]
     4/48: $45\new_ascii_instr[63:0]
     5/48: $44\new_ascii_instr[63:0]
     6/48: $43\new_ascii_instr[63:0]
     7/48: $42\new_ascii_instr[63:0]
     8/48: $41\new_ascii_instr[63:0]
     9/48: $40\new_ascii_instr[63:0]
    10/48: $39\new_ascii_instr[63:0]
    11/48: $38\new_ascii_instr[63:0]
    12/48: $37\new_ascii_instr[63:0]
    13/48: $36\new_ascii_instr[63:0]
    14/48: $35\new_ascii_instr[63:0]
    15/48: $34\new_ascii_instr[63:0]
    16/48: $33\new_ascii_instr[63:0]
    17/48: $32\new_ascii_instr[63:0]
    18/48: $31\new_ascii_instr[63:0]
    19/48: $30\new_ascii_instr[63:0]
    20/48: $29\new_ascii_instr[63:0]
    21/48: $28\new_ascii_instr[63:0]
    22/48: $27\new_ascii_instr[63:0]
    23/48: $26\new_ascii_instr[63:0]
    24/48: $25\new_ascii_instr[63:0]
    25/48: $24\new_ascii_instr[63:0]
    26/48: $23\new_ascii_instr[63:0]
    27/48: $22\new_ascii_instr[63:0]
    28/48: $21\new_ascii_instr[63:0]
    29/48: $20\new_ascii_instr[63:0]
    30/48: $19\new_ascii_instr[63:0]
    31/48: $18\new_ascii_instr[63:0]
    32/48: $17\new_ascii_instr[63:0]
    33/48: $16\new_ascii_instr[63:0]
    34/48: $15\new_ascii_instr[63:0]
    35/48: $14\new_ascii_instr[63:0]
    36/48: $13\new_ascii_instr[63:0]
    37/48: $12\new_ascii_instr[63:0]
    38/48: $11\new_ascii_instr[63:0]
    39/48: $10\new_ascii_instr[63:0]
    40/48: $9\new_ascii_instr[63:0]
    41/48: $8\new_ascii_instr[63:0]
    42/48: $7\new_ascii_instr[63:0]
    43/48: $6\new_ascii_instr[63:0]
    44/48: $5\new_ascii_instr[63:0]
    45/48: $4\new_ascii_instr[63:0]
    46/48: $3\new_ascii_instr[63:0]
    47/48: $2\new_ascii_instr[63:0]
    48/48: $1\new_ascii_instr[63:0]
Creating decoders for process `$paramod$220af75f788be2579d60b7397bda7e166594ec75\picorv32.$proc$../picorv32.v:565$942'.
     1/9: $0\mem_16bit_buffer[15:0]
     2/9: $0\prefetched_high_word[0:0]
     3/9: $0\mem_la_secondword[0:0]
     4/9: $0\mem_state[1:0]
     5/9: $0\mem_wstrb[3:0]
     6/9: $0\mem_wdata[31:0]
     7/9: $0\mem_addr[31:0]
     8/9: $0\mem_instr[0:0]
     9/9: $0\mem_valid[0:0]
Creating decoders for process `$paramod$220af75f788be2579d60b7397bda7e166594ec75\picorv32.$proc$../picorv32.v:1239$1485'.
Creating decoders for process `$paramod$220af75f788be2579d60b7397bda7e166594ec75\picorv32.$proc$../picorv32.v:430$904'.
     1/9: $0\mem_rdata_q[31:0] [31]
     2/9: $0\mem_rdata_q[31:0] [7]
     3/9: $0\mem_rdata_q[31:0] [24:20]
     4/9: $0\mem_rdata_q[31:0] [19:15]
     5/9: $0\mem_rdata_q[31:0] [6:0]
     6/9: $0\mem_rdata_q[31:0] [14:12]
     7/9: $0\mem_rdata_q[31:0] [11:8]
     8/9: $0\mem_rdata_q[31:0] [30:25]
     9/9: $0\next_insn_opcode[31:0]
Creating decoders for process `$paramod$220af75f788be2579d60b7397bda7e166594ec75\picorv32.$proc$../picorv32.v:401$901'.
     1/5: $3\mem_rdata_word[31:0]
     2/5: $2\mem_rdata_word[31:0]
     3/5: $1\mem_rdata_word[31:0]
     4/5: $1\mem_la_wstrb[3:0]
     5/5: $1\mem_la_wdata[31:0]
Creating decoders for process `$paramod$220af75f788be2579d60b7397bda7e166594ec75\picorv32.$proc$../picorv32.v:390$896'.
     1/2: $0\last_mem_valid[0:0]
     2/2: $0\mem_la_firstword_reg[0:0]
Creating decoders for process `$paramod$220af75f788be2579d60b7397bda7e166594ec75\picorv32.$proc$../picorv32.v:325$822'.
     1/2: $1\pcpi_int_rd[31:0]
     2/2: $1\pcpi_int_wr[0:0]
Creating decoders for process `\spimem_cache_direct_mapped.$proc$picosoc.v:425$645'.
     1/90: $3$memwr$\cache_valid$picosoc.v:440$622_EN[0:0]$806
     2/90: $3$memwr$\cache_valid$picosoc.v:440$622_ADDR[5:0]$805
     3/90: $3$memwr$\cache_tag$picosoc.v:439$621_EN[11:0]$804
     4/90: $3$memwr$\cache_tag$picosoc.v:439$621_DATA[11:0]$803
     5/90: $3$memwr$\cache_tag$picosoc.v:439$621_ADDR[5:0]$802
     6/90: $2$memwr$\cache_valid$picosoc.v:440$622_EN[0:0]$801
     7/90: $2$memwr$\cache_valid$picosoc.v:440$622_ADDR[5:0]$800
     8/90: $2$memwr$\cache_tag$picosoc.v:439$621_EN[11:0]$799
     9/90: $2$memwr$\cache_tag$picosoc.v:439$621_DATA[11:0]$798
    10/90: $2$memwr$\cache_tag$picosoc.v:439$621_ADDR[5:0]$797
    11/90: $2$memwr$\cache_data$picosoc.v:437$620_EN[31:0]$796
    12/90: $2$memwr$\cache_data$picosoc.v:437$620_DATA[31:0]$795
    13/90: $2$memwr$\cache_data$picosoc.v:437$620_ADDR[9:0]$794
    14/90: $1\i[31:0]
    15/90: $1$memwr$\cache_valid$picosoc.v:429$619_EN[0:0]$782
    16/90: $1$memwr$\cache_valid$picosoc.v:429$618_EN[0:0]$781
    17/90: $1$memwr$\cache_valid$picosoc.v:429$617_EN[0:0]$780
    18/90: $1$memwr$\cache_valid$picosoc.v:429$616_EN[0:0]$779
    19/90: $1$memwr$\cache_valid$picosoc.v:429$615_EN[0:0]$778
    20/90: $1$memwr$\cache_valid$picosoc.v:429$614_EN[0:0]$777
    21/90: $1$memwr$\cache_valid$picosoc.v:429$613_EN[0:0]$776
    22/90: $1$memwr$\cache_valid$picosoc.v:429$612_EN[0:0]$775
    23/90: $1$memwr$\cache_valid$picosoc.v:429$611_EN[0:0]$774
    24/90: $1$memwr$\cache_valid$picosoc.v:429$610_EN[0:0]$773
    25/90: $1$memwr$\cache_valid$picosoc.v:429$609_EN[0:0]$772
    26/90: $1$memwr$\cache_valid$picosoc.v:429$608_EN[0:0]$771
    27/90: $1$memwr$\cache_valid$picosoc.v:429$607_EN[0:0]$770
    28/90: $1$memwr$\cache_valid$picosoc.v:429$606_EN[0:0]$769
    29/90: $1$memwr$\cache_valid$picosoc.v:429$605_EN[0:0]$768
    30/90: $1$memwr$\cache_valid$picosoc.v:429$604_EN[0:0]$767
    31/90: $1$memwr$\cache_valid$picosoc.v:429$603_EN[0:0]$766
    32/90: $1$memwr$\cache_valid$picosoc.v:429$602_EN[0:0]$765
    33/90: $1$memwr$\cache_valid$picosoc.v:429$601_EN[0:0]$764
    34/90: $1$memwr$\cache_valid$picosoc.v:429$600_EN[0:0]$763
    35/90: $1$memwr$\cache_valid$picosoc.v:429$599_EN[0:0]$762
    36/90: $1$memwr$\cache_valid$picosoc.v:429$598_EN[0:0]$761
    37/90: $1$memwr$\cache_valid$picosoc.v:429$597_EN[0:0]$760
    38/90: $1$memwr$\cache_valid$picosoc.v:429$596_EN[0:0]$759
    39/90: $1$memwr$\cache_valid$picosoc.v:429$595_EN[0:0]$758
    40/90: $1$memwr$\cache_valid$picosoc.v:429$594_EN[0:0]$757
    41/90: $1$memwr$\cache_valid$picosoc.v:429$593_EN[0:0]$756
    42/90: $1$memwr$\cache_valid$picosoc.v:429$592_EN[0:0]$755
    43/90: $1$memwr$\cache_valid$picosoc.v:429$591_EN[0:0]$754
    44/90: $1$memwr$\cache_valid$picosoc.v:429$590_EN[0:0]$753
    45/90: $1$memwr$\cache_valid$picosoc.v:429$589_EN[0:0]$752
    46/90: $1$memwr$\cache_valid$picosoc.v:429$588_EN[0:0]$751
    47/90: $1$memwr$\cache_valid$picosoc.v:429$587_EN[0:0]$750
    48/90: $1$memwr$\cache_valid$picosoc.v:429$586_EN[0:0]$749
    49/90: $1$memwr$\cache_valid$picosoc.v:429$585_EN[0:0]$748
    50/90: $1$memwr$\cache_valid$picosoc.v:429$584_EN[0:0]$747
    51/90: $1$memwr$\cache_valid$picosoc.v:429$583_EN[0:0]$746
    52/90: $1$memwr$\cache_valid$picosoc.v:429$582_EN[0:0]$745
    53/90: $1$memwr$\cache_valid$picosoc.v:429$581_EN[0:0]$744
    54/90: $1$memwr$\cache_valid$picosoc.v:429$580_EN[0:0]$743
    55/90: $1$memwr$\cache_valid$picosoc.v:429$579_EN[0:0]$742
    56/90: $1$memwr$\cache_valid$picosoc.v:429$578_EN[0:0]$741
    57/90: $1$memwr$\cache_valid$picosoc.v:429$577_EN[0:0]$740
    58/90: $1$memwr$\cache_valid$picosoc.v:429$576_EN[0:0]$739
    59/90: $1$memwr$\cache_valid$picosoc.v:429$575_EN[0:0]$738
    60/90: $1$memwr$\cache_valid$picosoc.v:429$574_EN[0:0]$737
    61/90: $1$memwr$\cache_valid$picosoc.v:429$573_EN[0:0]$736
    62/90: $1$memwr$\cache_valid$picosoc.v:429$572_EN[0:0]$735
    63/90: $1$memwr$\cache_valid$picosoc.v:429$571_EN[0:0]$734
    64/90: $1$memwr$\cache_valid$picosoc.v:429$570_EN[0:0]$733
    65/90: $1$memwr$\cache_valid$picosoc.v:429$569_EN[0:0]$732
    66/90: $1$memwr$\cache_valid$picosoc.v:429$568_EN[0:0]$731
    67/90: $1$memwr$\cache_valid$picosoc.v:429$567_EN[0:0]$730
    68/90: $1$memwr$\cache_valid$picosoc.v:429$566_EN[0:0]$729
    69/90: $1$memwr$\cache_valid$picosoc.v:429$565_EN[0:0]$728
    70/90: $1$memwr$\cache_valid$picosoc.v:429$564_EN[0:0]$727
    71/90: $1$memwr$\cache_valid$picosoc.v:429$563_EN[0:0]$726
    72/90: $1$memwr$\cache_valid$picosoc.v:429$562_EN[0:0]$725
    73/90: $1$memwr$\cache_valid$picosoc.v:429$561_EN[0:0]$724
    74/90: $1$memwr$\cache_valid$picosoc.v:429$560_EN[0:0]$723
    75/90: $1$memwr$\cache_valid$picosoc.v:429$559_EN[0:0]$722
    76/90: $1$memwr$\cache_valid$picosoc.v:429$558_EN[0:0]$721
    77/90: $1$memwr$\cache_valid$picosoc.v:429$557_EN[0:0]$720
    78/90: $1$memwr$\cache_valid$picosoc.v:429$556_EN[0:0]$719
    79/90: $1$memwr$\cache_valid$picosoc.v:440$622_EN[0:0]$790
    80/90: $1$memwr$\cache_valid$picosoc.v:440$622_ADDR[5:0]$789
    81/90: $1$memwr$\cache_tag$picosoc.v:439$621_EN[11:0]$788
    82/90: $1$memwr$\cache_tag$picosoc.v:439$621_DATA[11:0]$787
    83/90: $1$memwr$\cache_tag$picosoc.v:439$621_ADDR[5:0]$786
    84/90: $1$memwr$\cache_data$picosoc.v:437$620_EN[31:0]$785
    85/90: $1$memwr$\cache_data$picosoc.v:437$620_DATA[31:0]$784
    86/90: $1$memwr$\cache_data$picosoc.v:437$620_ADDR[9:0]$783
    87/90: $0\gen_multi.fill_count[3:0]
    88/90: $0\gen_multi.fill_active[0:0]
    89/90: $0\miss_count[31:0]
    90/90: $0\hit_count[31:0]
Creating decoders for process `\spimemio.$proc$spimemio.v:207$535'.
     1/17: $0\buffer[23:0] [23:16]
     2/17: $0\buffer[23:0] [15:8]
     3/17: $0\buffer[23:0] [7:0]
     4/17: $0\xfer_resetn[0:0]
     5/17: $0\state[3:0]
     6/17: $0\rd_inc[0:0]
     7/17: $0\rd_wait[0:0]
     8/17: $0\rd_valid[0:0]
     9/17: $0\rd_addr[23:0]
    10/17: $0\din_valid[0:0]
    11/17: $0\din_rd[0:0]
    12/17: $0\din_ddr[0:0]
    13/17: $0\din_qspi[0:0]
    14/17: $0\din_cont[0:0]
    15/17: $0\din_tag[3:0]
    16/17: $0\din_data[7:0]
    17/17: $0\rdata[31:0]
Creating decoders for process `\spimemio.$proc$spimemio.v:151$517'.
Creating decoders for process `\spimemio.$proc$spimemio.v:99$513'.
     1/10: $0\softreset[0:0]
     2/10: $0\config_do[3:0]
     3/10: $0\config_clk[0:0]
     4/10: $0\config_csb[0:0]
     5/10: $0\config_oe[3:0]
     6/10: $0\config_dummy[3:0]
     7/10: $0\config_cont[0:0]
     8/10: $0\config_qspi[0:0]
     9/10: $0\config_ddr[0:0]
    10/10: $0\config_en[0:0]
Creating decoders for process `\simpleuart.$proc$simpleuart.v:109$493'.
     1/4: $0\send_divcnt[31:0]
     2/4: $0\send_dummy[0:0]
     3/4: $0\send_bitcnt[3:0]
     4/4: $0\send_pattern[9:0]
Creating decoders for process `\simpleuart.$proc$simpleuart.v:66$484'.
     1/5: $0\recv_divcnt[31:0]
     2/5: $0\recv_buf_valid[0:0]
     3/5: $0\recv_buf_data[7:0]
     4/5: $0\recv_pattern[7:0]
     5/5: $0\recv_state[3:0]
Creating decoders for process `\simpleuart.$proc$simpleuart.v:55$482'.
     1/4: $0\cfg_divider[31:0] [31:24]
     2/4: $0\cfg_divider[31:0] [23:16]
     3/4: $0\cfg_divider[31:0] [15:8]
     4/4: $0\cfg_divider[31:0] [7:0]
Creating decoders for process `\seven_seg_hex.$proc$icebreaker.v:242$471'.
     1/1: $1\dout[6:0]
Creating decoders for process `\seven_seg_ctrl.$proc$icebreaker.v:218$470'.
Creating decoders for process `\seven_seg_ctrl.$proc$icebreaker.v:217$469'.
Creating decoders for process `\seven_seg_ctrl.$proc$icebreaker.v:216$468'.
Creating decoders for process `\seven_seg_ctrl.$proc$icebreaker.v:220$462'.
     1/2: $0\dout[7:0] [7]
     2/2: $0\dout[7:0] [6:0]
Creating decoders for process `$paramod$39834aa9329a3faf5d41fecb8630a580713f4db9\picosoc.$proc$picosoc.v:255$452'.
Creating decoders for process `$paramod$39834aa9329a3faf5d41fecb8630a580713f4db9\picosoc.$proc$picosoc.v:93$405'.
Creating decoders for process `\icebreaker.$proc$icebreaker.v:76$404'.
Creating decoders for process `\icebreaker.$proc$icebreaker.v:68$403'.
Creating decoders for process `\icebreaker.$proc$icebreaker.v:132$397'.
     1/6: $0\gpio[31:0] [31:24]
     2/6: $0\gpio[31:0] [23:16]
     3/6: $0\gpio[31:0] [15:8]
     4/6: $0\gpio[31:0] [7:0]
     5/6: $0\iomem_rdata[31:0]
     6/6: $0\iomem_ready[0:0]
Creating decoders for process `\icebreaker.$proc$icebreaker.v:79$392'.
Creating decoders for process `\icebreaker.$proc$icebreaker.v:70$389'.

7.4.8. Executing PROC_DLATCH pass (convert process syncs to latches).
No latch inferred for signal `\picorv32_pcpi_fast_mul.\instr_mul' from process `\picorv32_pcpi_fast_mul.$proc$../picorv32.v:2348$1597'.
No latch inferred for signal `\picorv32_pcpi_fast_mul.\instr_mulh' from process `\picorv32_pcpi_fast_mul.$proc$../picorv32.v:2348$1597'.
No latch inferred for signal `\picorv32_pcpi_fast_mul.\instr_mulhsu' from process `\picorv32_pcpi_fast_mul.$proc$../picorv32.v:2348$1597'.
No latch inferred for signal `\picorv32_pcpi_fast_mul.\instr_mulhu' from process `\picorv32_pcpi_fast_mul.$proc$../picorv32.v:2348$1597'.
No latch inferred for signal `\spimemio_xfer.\flash_io0_oe' from process `\spimemio_xfer.$proc$spimemio.v:447$1505'.
No latch inferred for signal `\spimemio_xfer.\flash_io0_do' from process `\spimemio_xfer.$proc$spimemio.v:447$1505'.
No latch inferred for signal `\spimemio_xfer.\flash_io1_oe' from process `\spimemio_xfer.$proc$spimemio.v:447$1505'.
No latch inferred for signal `\spimemio_xfer.\flash_io1_do' from process `\spimemio_xfer.$proc$spimemio.v:447$1505'.
No latch inferred for signal `\spimemio_xfer.\flash_io2_oe' from process `\spimemio_xfer.$proc$spimemio.v:447$1505'.
No latch inferred for signal `\spimemio_xfer.\flash_io2_do' from process `\spimemio_xfer.$proc$spimemio.v:447$1505'.
No latch inferred for signal `\spimemio_xfer.\flash_io3_oe' from process `\spimemio_xfer.$proc$spimemio.v:447$1505'.
No latch inferred for signal `\spimemio_xfer.\flash_io3_do' from process `\spimemio_xfer.$proc$spimemio.v:447$1505'.
No latch inferred for signal `\spimemio_xfer.\next_obuffer' from process `\spimemio_xfer.$proc$spimemio.v:447$1505'.
No latch inferred for signal `\spimemio_xfer.\next_ibuffer' from process `\spimemio_xfer.$proc$spimemio.v:447$1505'.
No latch inferred for signal `\spimemio_xfer.\next_count' from process `\spimemio_xfer.$proc$spimemio.v:447$1505'.
No latch inferred for signal `\spimemio_xfer.\next_fetch' from process `\spimemio_xfer.$proc$spimemio.v:447$1505'.
No latch inferred for signal `$paramod$220af75f788be2579d60b7397bda7e166594ec75\picorv32.\cpuregs_rs1' from process `$paramod$220af75f788be2579d60b7397bda7e166594ec75\picorv32.$proc$../picorv32.v:1387$1290'.
No latch inferred for signal `$paramod$220af75f788be2579d60b7397bda7e166594ec75\picorv32.\cpuregs_rs2' from process `$paramod$220af75f788be2579d60b7397bda7e166594ec75\picorv32.$proc$../picorv32.v:1387$1290'.
No latch inferred for signal `$paramod$220af75f788be2579d60b7397bda7e166594ec75\picorv32.\decoded_rs' from process `$paramod$220af75f788be2579d60b7397bda7e166594ec75\picorv32.$proc$../picorv32.v:1387$1290'.
No latch inferred for signal `$paramod$220af75f788be2579d60b7397bda7e166594ec75\picorv32.\cpuregs_write' from process `$paramod$220af75f788be2579d60b7397bda7e166594ec75\picorv32.$proc$../picorv32.v:1309$1276'.
No latch inferred for signal `$paramod$220af75f788be2579d60b7397bda7e166594ec75\picorv32.\cpuregs_wrdata' from process `$paramod$220af75f788be2579d60b7397bda7e166594ec75\picorv32.$proc$../picorv32.v:1309$1276'.
No latch inferred for signal `$paramod$220af75f788be2579d60b7397bda7e166594ec75\picorv32.\clear_prefetched_high_word' from process `$paramod$220af75f788be2579d60b7397bda7e166594ec75\picorv32.$proc$../picorv32.v:1295$1271'.
No latch inferred for signal `$paramod$220af75f788be2579d60b7397bda7e166594ec75\picorv32.\alu_out' from process `$paramod$220af75f788be2579d60b7397bda7e166594ec75\picorv32.$proc$../picorv32.v:1249$1248'.
No latch inferred for signal `$paramod$220af75f788be2579d60b7397bda7e166594ec75\picorv32.\alu_out_0' from process `$paramod$220af75f788be2579d60b7397bda7e166594ec75\picorv32.$proc$../picorv32.v:1249$1248'.
No latch inferred for signal `$paramod$220af75f788be2579d60b7397bda7e166594ec75\picorv32.\dbg_ascii_state' from process `$paramod$220af75f788be2579d60b7397bda7e166594ec75\picorv32.$proc$../picorv32.v:1186$1236'.
No latch inferred for signal `$paramod$220af75f788be2579d60b7397bda7e166594ec75\picorv32.\dbg_insn_opcode' from process `$paramod$220af75f788be2579d60b7397bda7e166594ec75\picorv32.$proc$../picorv32.v:809$971'.
No latch inferred for signal `$paramod$220af75f788be2579d60b7397bda7e166594ec75\picorv32.\dbg_ascii_instr' from process `$paramod$220af75f788be2579d60b7397bda7e166594ec75\picorv32.$proc$../picorv32.v:809$971'.
No latch inferred for signal `$paramod$220af75f788be2579d60b7397bda7e166594ec75\picorv32.\dbg_insn_imm' from process `$paramod$220af75f788be2579d60b7397bda7e166594ec75\picorv32.$proc$../picorv32.v:809$971'.
No latch inferred for signal `$paramod$220af75f788be2579d60b7397bda7e166594ec75\picorv32.\dbg_insn_rs1' from process `$paramod$220af75f788be2579d60b7397bda7e166594ec75\picorv32.$proc$../picorv32.v:809$971'.
No latch inferred for signal `$paramod$220af75f788be2579d60b7397bda7e166594ec75\picorv32.\dbg_insn_rs2' from process `$paramod$220af75f788be2579d60b7397bda7e166594ec75\picorv32.$proc$../picorv32.v:809$971'.
No latch inferred for signal `$paramod$220af75f788be2579d60b7397bda7e166594ec75\picorv32.\dbg_insn_rd' from process `$paramod$220af75f788be2579d60b7397bda7e166594ec75\picorv32.$proc$../picorv32.v:809$971'.
No latch inferred for signal `$paramod$220af75f788be2579d60b7397bda7e166594ec75\picorv32.\new_ascii_instr' from process `$paramod$220af75f788be2579d60b7397bda7e166594ec75\picorv32.$proc$../picorv32.v:701$966'.
No latch inferred for signal `$paramod$220af75f788be2579d60b7397bda7e166594ec75\picorv32.\alu_add_sub' from process `$paramod$220af75f788be2579d60b7397bda7e166594ec75\picorv32.$proc$../picorv32.v:1239$1485'.
No latch inferred for signal `$paramod$220af75f788be2579d60b7397bda7e166594ec75\picorv32.\alu_shl' from process `$paramod$220af75f788be2579d60b7397bda7e166594ec75\picorv32.$proc$../picorv32.v:1239$1485'.
No latch inferred for signal `$paramod$220af75f788be2579d60b7397bda7e166594ec75\picorv32.\alu_shr' from process `$paramod$220af75f788be2579d60b7397bda7e166594ec75\picorv32.$proc$../picorv32.v:1239$1485'.
No latch inferred for signal `$paramod$220af75f788be2579d60b7397bda7e166594ec75\picorv32.\alu_eq' from process `$paramod$220af75f788be2579d60b7397bda7e166594ec75\picorv32.$proc$../picorv32.v:1239$1485'.
No latch inferred for signal `$paramod$220af75f788be2579d60b7397bda7e166594ec75\picorv32.\alu_ltu' from process `$paramod$220af75f788be2579d60b7397bda7e166594ec75\picorv32.$proc$../picorv32.v:1239$1485'.
No latch inferred for signal `$paramod$220af75f788be2579d60b7397bda7e166594ec75\picorv32.\alu_lts' from process `$paramod$220af75f788be2579d60b7397bda7e166594ec75\picorv32.$proc$../picorv32.v:1239$1485'.
No latch inferred for signal `$paramod$220af75f788be2579d60b7397bda7e166594ec75\picorv32.\mem_la_wdata' from process `$paramod$220af75f788be2579d60b7397bda7e166594ec75\picorv32.$proc$../picorv32.v:401$901'.
No latch inferred for signal `$paramod$220af75f788be2579d60b7397bda7e166594ec75\picorv32.\mem_la_wstrb' from process `$paramod$220af75f788be2579d60b7397bda7e166594ec75\picorv32.$proc$../picorv32.v:401$901'.
No latch inferred for signal `$paramod$220af75f788be2579d60b7397bda7e166594ec75\picorv32.\mem_rdata_word' from process `$paramod$220af75f788be2579d60b7397bda7e166594ec75\picorv32.$proc$../picorv32.v:401$901'.
No latch inferred for signal `$paramod$220af75f788be2579d60b7397bda7e166594ec75\picorv32.\pcpi_int_wr' from process `$paramod$220af75f788be2579d60b7397bda7e166594ec75\picorv32.$proc$../picorv32.v:325$822'.
No latch inferred for signal `$paramod$220af75f788be2579d60b7397bda7e166594ec75\picorv32.\pcpi_int_rd' from process `$paramod$220af75f788be2579d60b7397bda7e166594ec75\picorv32.$proc$../picorv32.v:325$822'.
No latch inferred for signal `$paramod$220af75f788be2579d60b7397bda7e166594ec75\picorv32.\pcpi_int_wait' from process `$paramod$220af75f788be2579d60b7397bda7e166594ec75\picorv32.$proc$../picorv32.v:325$822'.
No latch inferred for signal `$paramod$220af75f788be2579d60b7397bda7e166594ec75\picorv32.\pcpi_int_ready' from process `$paramod$220af75f788be2579d60b7397bda7e166594ec75\picorv32.$proc$../picorv32.v:325$822'.
No latch inferred for signal `\seven_seg_hex.\dout' from process `\seven_seg_hex.$proc$icebreaker.v:242$471'.
No latch inferred for signal `$paramod$39834aa9329a3faf5d41fecb8630a580713f4db9\picosoc.\irq' from process `$paramod$39834aa9329a3faf5d41fecb8630a580713f4db9\picosoc.$proc$picosoc.v:93$405'.

7.4.9. Executing PROC_DFF pass (convert process syncs to FFs).
Creating register for signal `\picosoc_regs.$memwr$\regs$picosoc.v:797$1610_ADDR' using process `\picosoc_regs.$proc$picosoc.v:796$1611'.
  created $dff cell `$procdff$5842' with positive edge clock.
Creating register for signal `\picosoc_regs.$memwr$\regs$picosoc.v:797$1610_DATA' using process `\picosoc_regs.$proc$picosoc.v:796$1611'.
  created $dff cell `$procdff$5843' with positive edge clock.
Creating register for signal `\picosoc_regs.$memwr$\regs$picosoc.v:797$1610_EN' using process `\picosoc_regs.$proc$picosoc.v:796$1611'.
  created $dff cell `$procdff$5844' with positive edge clock.
Creating register for signal `\picorv32_pcpi_fast_mul.\shift_out' using process `\picorv32_pcpi_fast_mul.$proc$../picorv32.v:2378$1604'.
  created $dff cell `$procdff$5845' with positive edge clock.
Creating register for signal `\picorv32_pcpi_fast_mul.\active' using process `\picorv32_pcpi_fast_mul.$proc$../picorv32.v:2378$1604'.
  created $dff cell `$procdff$5846' with positive edge clock.
Creating register for signal `\picorv32_pcpi_fast_mul.\rs1' using process `\picorv32_pcpi_fast_mul.$proc$../picorv32.v:2378$1604'.
  created $dff cell `$procdff$5847' with positive edge clock.
Creating register for signal `\picorv32_pcpi_fast_mul.\rs2' using process `\picorv32_pcpi_fast_mul.$proc$../picorv32.v:2378$1604'.
  created $dff cell `$procdff$5848' with positive edge clock.
Creating register for signal `\picorv32_pcpi_fast_mul.\rs1_q' using process `\picorv32_pcpi_fast_mul.$proc$../picorv32.v:2364$1599'.
  created $dff cell `$procdff$5849' with positive edge clock.
Creating register for signal `\picorv32_pcpi_fast_mul.\rs2_q' using process `\picorv32_pcpi_fast_mul.$proc$../picorv32.v:2364$1599'.
  created $dff cell `$procdff$5850' with positive edge clock.
Creating register for signal `\picorv32_pcpi_fast_mul.\rd' using process `\picorv32_pcpi_fast_mul.$proc$../picorv32.v:2364$1599'.
  created $dff cell `$procdff$5851' with positive edge clock.
Creating register for signal `\picorv32_pcpi_fast_mul.\rd_q' using process `\picorv32_pcpi_fast_mul.$proc$../picorv32.v:2364$1599'.
  created $dff cell `$procdff$5852' with positive edge clock.
Creating register for signal `\picorv32_pcpi_fast_mul.\pcpi_insn_valid_q' using process `\picorv32_pcpi_fast_mul.$proc$../picorv32.v:2364$1599'.
  created $dff cell `$procdff$5853' with positive edge clock.
Creating register for signal `\picorv32_pcpi_div.\pcpi_wr' using process `\picorv32_pcpi_div.$proc$../picorv32.v:2464$1558'.
  created $dff cell `$procdff$5854' with positive edge clock.
Creating register for signal `\picorv32_pcpi_div.\pcpi_rd' using process `\picorv32_pcpi_div.$proc$../picorv32.v:2464$1558'.
  created $dff cell `$procdff$5855' with positive edge clock.
Creating register for signal `\picorv32_pcpi_div.\pcpi_ready' using process `\picorv32_pcpi_div.$proc$../picorv32.v:2464$1558'.
  created $dff cell `$procdff$5856' with positive edge clock.
Creating register for signal `\picorv32_pcpi_div.\dividend' using process `\picorv32_pcpi_div.$proc$../picorv32.v:2464$1558'.
  created $dff cell `$procdff$5857' with positive edge clock.
Creating register for signal `\picorv32_pcpi_div.\divisor' using process `\picorv32_pcpi_div.$proc$../picorv32.v:2464$1558'.
  created $dff cell `$procdff$5858' with positive edge clock.
Creating register for signal `\picorv32_pcpi_div.\quotient' using process `\picorv32_pcpi_div.$proc$../picorv32.v:2464$1558'.
  created $dff cell `$procdff$5859' with positive edge clock.
Creating register for signal `\picorv32_pcpi_div.\quotient_msk' using process `\picorv32_pcpi_div.$proc$../picorv32.v:2464$1558'.
  created $dff cell `$procdff$5860' with positive edge clock.
Creating register for signal `\picorv32_pcpi_div.\running' using process `\picorv32_pcpi_div.$proc$../picorv32.v:2464$1558'.
  created $dff cell `$procdff$5861' with positive edge clock.
Creating register for signal `\picorv32_pcpi_div.\outsign' using process `\picorv32_pcpi_div.$proc$../picorv32.v:2464$1558'.
  created $dff cell `$procdff$5862' with positive edge clock.
Creating register for signal `\picorv32_pcpi_div.\pcpi_wait' using process `\picorv32_pcpi_div.$proc$../picorv32.v:2438$1548'.
  created $dff cell `$procdff$5863' with positive edge clock.
Creating register for signal `\picorv32_pcpi_div.\instr_div' using process `\picorv32_pcpi_div.$proc$../picorv32.v:2438$1548'.
  created $dff cell `$procdff$5864' with positive edge clock.
Creating register for signal `\picorv32_pcpi_div.\instr_divu' using process `\picorv32_pcpi_div.$proc$../picorv32.v:2438$1548'.
  created $dff cell `$procdff$5865' with positive edge clock.
Creating register for signal `\picorv32_pcpi_div.\instr_rem' using process `\picorv32_pcpi_div.$proc$../picorv32.v:2438$1548'.
  created $dff cell `$procdff$5866' with positive edge clock.
Creating register for signal `\picorv32_pcpi_div.\instr_remu' using process `\picorv32_pcpi_div.$proc$../picorv32.v:2438$1548'.
  created $dff cell `$procdff$5867' with positive edge clock.
Creating register for signal `\picorv32_pcpi_div.\pcpi_wait_q' using process `\picorv32_pcpi_div.$proc$../picorv32.v:2438$1548'.
  created $dff cell `$procdff$5868' with positive edge clock.
Creating register for signal `\spimemio_xfer.\flash_csb' using process `\spimemio_xfer.$proc$spimemio.v:535$1529'.
  created $dff cell `$procdff$5869' with positive edge clock.
Creating register for signal `\spimemio_xfer.\flash_clk' using process `\spimemio_xfer.$proc$spimemio.v:535$1529'.
  created $dff cell `$procdff$5870' with positive edge clock.
Creating register for signal `\spimemio_xfer.\xfer_dspi' using process `\spimemio_xfer.$proc$spimemio.v:535$1529'.
  created $dff cell `$procdff$5871' with positive edge clock.
Creating register for signal `\spimemio_xfer.\xfer_ddr' using process `\spimemio_xfer.$proc$spimemio.v:535$1529'.
  created $dff cell `$procdff$5872' with positive edge clock.
Creating register for signal `\spimemio_xfer.\obuffer' using process `\spimemio_xfer.$proc$spimemio.v:535$1529'.
  created $dff cell `$procdff$5873' with positive edge clock.
Creating register for signal `\spimemio_xfer.\ibuffer' using process `\spimemio_xfer.$proc$spimemio.v:535$1529'.
  created $dff cell `$procdff$5874' with positive edge clock.
Creating register for signal `\spimemio_xfer.\count' using process `\spimemio_xfer.$proc$spimemio.v:535$1529'.
  created $dff cell `$procdff$5875' with positive edge clock.
Creating register for signal `\spimemio_xfer.\dummy_count' using process `\spimemio_xfer.$proc$spimemio.v:535$1529'.
  created $dff cell `$procdff$5876' with positive edge clock.
Creating register for signal `\spimemio_xfer.\xfer_cont' using process `\spimemio_xfer.$proc$spimemio.v:535$1529'.
  created $dff cell `$procdff$5877' with positive edge clock.
Creating register for signal `\spimemio_xfer.\xfer_qspi' using process `\spimemio_xfer.$proc$spimemio.v:535$1529'.
  created $dff cell `$procdff$5878' with positive edge clock.
Creating register for signal `\spimemio_xfer.\xfer_rd' using process `\spimemio_xfer.$proc$spimemio.v:535$1529'.
  created $dff cell `$procdff$5879' with positive edge clock.
Creating register for signal `\spimemio_xfer.\xfer_tag' using process `\spimemio_xfer.$proc$spimemio.v:535$1529'.
  created $dff cell `$procdff$5880' with positive edge clock.
Creating register for signal `\spimemio_xfer.\fetch' using process `\spimemio_xfer.$proc$spimemio.v:535$1529'.
  created $dff cell `$procdff$5881' with positive edge clock.
Creating register for signal `\spimemio_xfer.\last_fetch' using process `\spimemio_xfer.$proc$spimemio.v:535$1529'.
  created $dff cell `$procdff$5882' with positive edge clock.
Creating register for signal `\spimemio_xfer.\xfer_ddr_q' using process `\spimemio_xfer.$proc$spimemio.v:436$1496'.
  created $dff cell `$procdff$5883' with positive edge clock.
Creating register for signal `\spimemio_xfer.\xfer_tag_q' using process `\spimemio_xfer.$proc$spimemio.v:436$1496'.
  created $dff cell `$procdff$5884' with positive edge clock.
Creating register for signal `$paramod$220af75f788be2579d60b7397bda7e166594ec75\picorv32.\trap' using process `$paramod$220af75f788be2579d60b7397bda7e166594ec75\picorv32.$proc$../picorv32.v:1402$1304'.
  created $dff cell `$procdff$5885' with positive edge clock.
Creating register for signal `$paramod$220af75f788be2579d60b7397bda7e166594ec75\picorv32.\pcpi_valid' using process `$paramod$220af75f788be2579d60b7397bda7e166594ec75\picorv32.$proc$../picorv32.v:1402$1304'.
  created $dff cell `$procdff$5886' with positive edge clock.
Creating register for signal `$paramod$220af75f788be2579d60b7397bda7e166594ec75\picorv32.\eoi' using process `$paramod$220af75f788be2579d60b7397bda7e166594ec75\picorv32.$proc$../picorv32.v:1402$1304'.
  created $dff cell `$procdff$5887' with positive edge clock.
Creating register for signal `$paramod$220af75f788be2579d60b7397bda7e166594ec75\picorv32.\trace_valid' using process `$paramod$220af75f788be2579d60b7397bda7e166594ec75\picorv32.$proc$../picorv32.v:1402$1304'.
  created $dff cell `$procdff$5888' with positive edge clock.
Creating register for signal `$paramod$220af75f788be2579d60b7397bda7e166594ec75\picorv32.\trace_data' using process `$paramod$220af75f788be2579d60b7397bda7e166594ec75\picorv32.$proc$../picorv32.v:1402$1304'.
  created $dff cell `$procdff$5889' with positive edge clock.
Creating register for signal `$paramod$220af75f788be2579d60b7397bda7e166594ec75\picorv32.\count_cycle' using process `$paramod$220af75f788be2579d60b7397bda7e166594ec75\picorv32.$proc$../picorv32.v:1402$1304'.
  created $dff cell `$procdff$5890' with positive edge clock.
Creating register for signal `$paramod$220af75f788be2579d60b7397bda7e166594ec75\picorv32.\count_instr' using process `$paramod$220af75f788be2579d60b7397bda7e166594ec75\picorv32.$proc$../picorv32.v:1402$1304'.
  created $dff cell `$procdff$5891' with positive edge clock.
Creating register for signal `$paramod$220af75f788be2579d60b7397bda7e166594ec75\picorv32.\reg_pc' using process `$paramod$220af75f788be2579d60b7397bda7e166594ec75\picorv32.$proc$../picorv32.v:1402$1304'.
  created $dff cell `$procdff$5892' with positive edge clock.
Creating register for signal `$paramod$220af75f788be2579d60b7397bda7e166594ec75\picorv32.\reg_next_pc' using process `$paramod$220af75f788be2579d60b7397bda7e166594ec75\picorv32.$proc$../picorv32.v:1402$1304'.
  created $dff cell `$procdff$5893' with positive edge clock.
Creating register for signal `$paramod$220af75f788be2579d60b7397bda7e166594ec75\picorv32.\reg_op1' using process `$paramod$220af75f788be2579d60b7397bda7e166594ec75\picorv32.$proc$../picorv32.v:1402$1304'.
  created $dff cell `$procdff$5894' with positive edge clock.
Creating register for signal `$paramod$220af75f788be2579d60b7397bda7e166594ec75\picorv32.\reg_op2' using process `$paramod$220af75f788be2579d60b7397bda7e166594ec75\picorv32.$proc$../picorv32.v:1402$1304'.
  created $dff cell `$procdff$5895' with positive edge clock.
Creating register for signal `$paramod$220af75f788be2579d60b7397bda7e166594ec75\picorv32.\reg_out' using process `$paramod$220af75f788be2579d60b7397bda7e166594ec75\picorv32.$proc$../picorv32.v:1402$1304'.
  created $dff cell `$procdff$5896' with positive edge clock.
Creating register for signal `$paramod$220af75f788be2579d60b7397bda7e166594ec75\picorv32.\reg_sh' using process `$paramod$220af75f788be2579d60b7397bda7e166594ec75\picorv32.$proc$../picorv32.v:1402$1304'.
  created $dff cell `$procdff$5897' with positive edge clock.
Creating register for signal `$paramod$220af75f788be2579d60b7397bda7e166594ec75\picorv32.\irq_delay' using process `$paramod$220af75f788be2579d60b7397bda7e166594ec75\picorv32.$proc$../picorv32.v:1402$1304'.
  created $dff cell `$procdff$5898' with positive edge clock.
Creating register for signal `$paramod$220af75f788be2579d60b7397bda7e166594ec75\picorv32.\irq_active' using process `$paramod$220af75f788be2579d60b7397bda7e166594ec75\picorv32.$proc$../picorv32.v:1402$1304'.
  created $dff cell `$procdff$5899' with positive edge clock.
Creating register for signal `$paramod$220af75f788be2579d60b7397bda7e166594ec75\picorv32.\irq_mask' using process `$paramod$220af75f788be2579d60b7397bda7e166594ec75\picorv32.$proc$../picorv32.v:1402$1304'.
  created $dff cell `$procdff$5900' with positive edge clock.
Creating register for signal `$paramod$220af75f788be2579d60b7397bda7e166594ec75\picorv32.\irq_pending' using process `$paramod$220af75f788be2579d60b7397bda7e166594ec75\picorv32.$proc$../picorv32.v:1402$1304'.
  created $dff cell `$procdff$5901' with positive edge clock.
Creating register for signal `$paramod$220af75f788be2579d60b7397bda7e166594ec75\picorv32.\timer' using process `$paramod$220af75f788be2579d60b7397bda7e166594ec75\picorv32.$proc$../picorv32.v:1402$1304'.
  created $dff cell `$procdff$5902' with positive edge clock.
Creating register for signal `$paramod$220af75f788be2579d60b7397bda7e166594ec75\picorv32.\mem_wordsize' using process `$paramod$220af75f788be2579d60b7397bda7e166594ec75\picorv32.$proc$../picorv32.v:1402$1304'.
  created $dff cell `$procdff$5903' with positive edge clock.
Creating register for signal `$paramod$220af75f788be2579d60b7397bda7e166594ec75\picorv32.\mem_do_prefetch' using process `$paramod$220af75f788be2579d60b7397bda7e166594ec75\picorv32.$proc$../picorv32.v:1402$1304'.
  created $dff cell `$procdff$5904' with positive edge clock.
Creating register for signal `$paramod$220af75f788be2579d60b7397bda7e166594ec75\picorv32.\mem_do_rinst' using process `$paramod$220af75f788be2579d60b7397bda7e166594ec75\picorv32.$proc$../picorv32.v:1402$1304'.
  created $dff cell `$procdff$5905' with positive edge clock.
Creating register for signal `$paramod$220af75f788be2579d60b7397bda7e166594ec75\picorv32.\mem_do_rdata' using process `$paramod$220af75f788be2579d60b7397bda7e166594ec75\picorv32.$proc$../picorv32.v:1402$1304'.
  created $dff cell `$procdff$5906' with positive edge clock.
Creating register for signal `$paramod$220af75f788be2579d60b7397bda7e166594ec75\picorv32.\mem_do_wdata' using process `$paramod$220af75f788be2579d60b7397bda7e166594ec75\picorv32.$proc$../picorv32.v:1402$1304'.
  created $dff cell `$procdff$5907' with positive edge clock.
Creating register for signal `$paramod$220af75f788be2579d60b7397bda7e166594ec75\picorv32.\decoder_trigger' using process `$paramod$220af75f788be2579d60b7397bda7e166594ec75\picorv32.$proc$../picorv32.v:1402$1304'.
  created $dff cell `$procdff$5908' with positive edge clock.
Creating register for signal `$paramod$220af75f788be2579d60b7397bda7e166594ec75\picorv32.\decoder_trigger_q' using process `$paramod$220af75f788be2579d60b7397bda7e166594ec75\picorv32.$proc$../picorv32.v:1402$1304'.
  created $dff cell `$procdff$5909' with positive edge clock.
Creating register for signal `$paramod$220af75f788be2579d60b7397bda7e166594ec75\picorv32.\decoder_pseudo_trigger' using process `$paramod$220af75f788be2579d60b7397bda7e166594ec75\picorv32.$proc$../picorv32.v:1402$1304'.
  created $dff cell `$procdff$5910' with positive edge clock.
Creating register for signal `$paramod$220af75f788be2579d60b7397bda7e166594ec75\picorv32.\decoder_pseudo_trigger_q' using process `$paramod$220af75f788be2579d60b7397bda7e166594ec75\picorv32.$proc$../picorv32.v:1402$1304'.
  created $dff cell `$procdff$5911' with positive edge clock.
Creating register for signal `$paramod$220af75f788be2579d60b7397bda7e166594ec75\picorv32.\dbg_rs1val' using process `$paramod$220af75f788be2579d60b7397bda7e166594ec75\picorv32.$proc$../picorv32.v:1402$1304'.
  created $dff cell `$procdff$5912' with positive edge clock.
Creating register for signal `$paramod$220af75f788be2579d60b7397bda7e166594ec75\picorv32.\dbg_rs2val' using process `$paramod$220af75f788be2579d60b7397bda7e166594ec75\picorv32.$proc$../picorv32.v:1402$1304'.
  created $dff cell `$procdff$5913' with positive edge clock.
Creating register for signal `$paramod$220af75f788be2579d60b7397bda7e166594ec75\picorv32.\dbg_rs1val_valid' using process `$paramod$220af75f788be2579d60b7397bda7e166594ec75\picorv32.$proc$../picorv32.v:1402$1304'.
  created $dff cell `$procdff$5914' with positive edge clock.
Creating register for signal `$paramod$220af75f788be2579d60b7397bda7e166594ec75\picorv32.\dbg_rs2val_valid' using process `$paramod$220af75f788be2579d60b7397bda7e166594ec75\picorv32.$proc$../picorv32.v:1402$1304'.
  created $dff cell `$procdff$5915' with positive edge clock.
Creating register for signal `$paramod$220af75f788be2579d60b7397bda7e166594ec75\picorv32.\cpu_state' using process `$paramod$220af75f788be2579d60b7397bda7e166594ec75\picorv32.$proc$../picorv32.v:1402$1304'.
  created $dff cell `$procdff$5916' with positive edge clock.
Creating register for signal `$paramod$220af75f788be2579d60b7397bda7e166594ec75\picorv32.\irq_state' using process `$paramod$220af75f788be2579d60b7397bda7e166594ec75\picorv32.$proc$../picorv32.v:1402$1304'.
  created $dff cell `$procdff$5917' with positive edge clock.
Creating register for signal `$paramod$220af75f788be2579d60b7397bda7e166594ec75\picorv32.\set_mem_do_rinst' using process `$paramod$220af75f788be2579d60b7397bda7e166594ec75\picorv32.$proc$../picorv32.v:1402$1304'.
  created $dff cell `$procdff$5918' with positive edge clock.
Creating register for signal `$paramod$220af75f788be2579d60b7397bda7e166594ec75\picorv32.\set_mem_do_rdata' using process `$paramod$220af75f788be2579d60b7397bda7e166594ec75\picorv32.$proc$../picorv32.v:1402$1304'.
  created $dff cell `$procdff$5919' with positive edge clock.
Creating register for signal `$paramod$220af75f788be2579d60b7397bda7e166594ec75\picorv32.\set_mem_do_wdata' using process `$paramod$220af75f788be2579d60b7397bda7e166594ec75\picorv32.$proc$../picorv32.v:1402$1304'.
  created $dff cell `$procdff$5920' with positive edge clock.
Creating register for signal `$paramod$220af75f788be2579d60b7397bda7e166594ec75\picorv32.\latched_store' using process `$paramod$220af75f788be2579d60b7397bda7e166594ec75\picorv32.$proc$../picorv32.v:1402$1304'.
  created $dff cell `$procdff$5921' with positive edge clock.
Creating register for signal `$paramod$220af75f788be2579d60b7397bda7e166594ec75\picorv32.\latched_stalu' using process `$paramod$220af75f788be2579d60b7397bda7e166594ec75\picorv32.$proc$../picorv32.v:1402$1304'.
  created $dff cell `$procdff$5922' with positive edge clock.
Creating register for signal `$paramod$220af75f788be2579d60b7397bda7e166594ec75\picorv32.\latched_branch' using process `$paramod$220af75f788be2579d60b7397bda7e166594ec75\picorv32.$proc$../picorv32.v:1402$1304'.
  created $dff cell `$procdff$5923' with positive edge clock.
Creating register for signal `$paramod$220af75f788be2579d60b7397bda7e166594ec75\picorv32.\latched_compr' using process `$paramod$220af75f788be2579d60b7397bda7e166594ec75\picorv32.$proc$../picorv32.v:1402$1304'.
  created $dff cell `$procdff$5924' with positive edge clock.
Creating register for signal `$paramod$220af75f788be2579d60b7397bda7e166594ec75\picorv32.\latched_trace' using process `$paramod$220af75f788be2579d60b7397bda7e166594ec75\picorv32.$proc$../picorv32.v:1402$1304'.
  created $dff cell `$procdff$5925' with positive edge clock.
Creating register for signal `$paramod$220af75f788be2579d60b7397bda7e166594ec75\picorv32.\latched_is_lu' using process `$paramod$220af75f788be2579d60b7397bda7e166594ec75\picorv32.$proc$../picorv32.v:1402$1304'.
  created $dff cell `$procdff$5926' with positive edge clock.
Creating register for signal `$paramod$220af75f788be2579d60b7397bda7e166594ec75\picorv32.\latched_is_lh' using process `$paramod$220af75f788be2579d60b7397bda7e166594ec75\picorv32.$proc$../picorv32.v:1402$1304'.
  created $dff cell `$procdff$5927' with positive edge clock.
Creating register for signal `$paramod$220af75f788be2579d60b7397bda7e166594ec75\picorv32.\latched_is_lb' using process `$paramod$220af75f788be2579d60b7397bda7e166594ec75\picorv32.$proc$../picorv32.v:1402$1304'.
  created $dff cell `$procdff$5928' with positive edge clock.
Creating register for signal `$paramod$220af75f788be2579d60b7397bda7e166594ec75\picorv32.\latched_rd' using process `$paramod$220af75f788be2579d60b7397bda7e166594ec75\picorv32.$proc$../picorv32.v:1402$1304'.
  created $dff cell `$procdff$5929' with positive edge clock.
Creating register for signal `$paramod$220af75f788be2579d60b7397bda7e166594ec75\picorv32.\current_pc' using process `$paramod$220af75f788be2579d60b7397bda7e166594ec75\picorv32.$proc$../picorv32.v:1402$1304'.
  created $dff cell `$procdff$5930' with positive edge clock.
Creating register for signal `$paramod$220af75f788be2579d60b7397bda7e166594ec75\picorv32.\pcpi_timeout_counter' using process `$paramod$220af75f788be2579d60b7397bda7e166594ec75\picorv32.$proc$../picorv32.v:1402$1304'.
  created $dff cell `$procdff$5931' with positive edge clock.
Creating register for signal `$paramod$220af75f788be2579d60b7397bda7e166594ec75\picorv32.\pcpi_timeout' using process `$paramod$220af75f788be2579d60b7397bda7e166594ec75\picorv32.$proc$../picorv32.v:1402$1304'.
  created $dff cell `$procdff$5932' with positive edge clock.
Creating register for signal `$paramod$220af75f788be2579d60b7397bda7e166594ec75\picorv32.\next_irq_pending' using process `$paramod$220af75f788be2579d60b7397bda7e166594ec75\picorv32.$proc$../picorv32.v:1402$1304'.
  created $dff cell `$procdff$5933' with positive edge clock.
Creating register for signal `$paramod$220af75f788be2579d60b7397bda7e166594ec75\picorv32.\do_waitirq' using process `$paramod$220af75f788be2579d60b7397bda7e166594ec75\picorv32.$proc$../picorv32.v:1402$1304'.
  created $dff cell `$procdff$5934' with positive edge clock.
Creating register for signal `$paramod$220af75f788be2579d60b7397bda7e166594ec75\picorv32.\alu_out_q' using process `$paramod$220af75f788be2579d60b7397bda7e166594ec75\picorv32.$proc$../picorv32.v:1402$1304'.
  created $dff cell `$procdff$5935' with positive edge clock.
Creating register for signal `$paramod$220af75f788be2579d60b7397bda7e166594ec75\picorv32.\alu_out_0_q' using process `$paramod$220af75f788be2579d60b7397bda7e166594ec75\picorv32.$proc$../picorv32.v:1402$1304'.
  created $dff cell `$procdff$5936' with positive edge clock.
Creating register for signal `$paramod$220af75f788be2579d60b7397bda7e166594ec75\picorv32.\alu_wait' using process `$paramod$220af75f788be2579d60b7397bda7e166594ec75\picorv32.$proc$../picorv32.v:1402$1304'.
  created $dff cell `$procdff$5937' with positive edge clock.
Creating register for signal `$paramod$220af75f788be2579d60b7397bda7e166594ec75\picorv32.\alu_wait_2' using process `$paramod$220af75f788be2579d60b7397bda7e166594ec75\picorv32.$proc$../picorv32.v:1402$1304'.
  created $dff cell `$procdff$5938' with positive edge clock.
Creating register for signal `$paramod$220af75f788be2579d60b7397bda7e166594ec75\picorv32.\clear_prefetched_high_word_q' using process `$paramod$220af75f788be2579d60b7397bda7e166594ec75\picorv32.$proc$../picorv32.v:1293$1270'.
  created $dff cell `$procdff$5939' with positive edge clock.
Creating register for signal `$paramod$220af75f788be2579d60b7397bda7e166594ec75\picorv32.\pcpi_insn' using process `$paramod$220af75f788be2579d60b7397bda7e166594ec75\picorv32.$proc$../picorv32.v:858$973'.
  created $dff cell `$procdff$5940' with positive edge clock.
Creating register for signal `$paramod$220af75f788be2579d60b7397bda7e166594ec75\picorv32.\instr_lui' using process `$paramod$220af75f788be2579d60b7397bda7e166594ec75\picorv32.$proc$../picorv32.v:858$973'.
  created $dff cell `$procdff$5941' with positive edge clock.
Creating register for signal `$paramod$220af75f788be2579d60b7397bda7e166594ec75\picorv32.\instr_auipc' using process `$paramod$220af75f788be2579d60b7397bda7e166594ec75\picorv32.$proc$../picorv32.v:858$973'.
  created $dff cell `$procdff$5942' with positive edge clock.
Creating register for signal `$paramod$220af75f788be2579d60b7397bda7e166594ec75\picorv32.\instr_jal' using process `$paramod$220af75f788be2579d60b7397bda7e166594ec75\picorv32.$proc$../picorv32.v:858$973'.
  created $dff cell `$procdff$5943' with positive edge clock.
Creating register for signal `$paramod$220af75f788be2579d60b7397bda7e166594ec75\picorv32.\instr_jalr' using process `$paramod$220af75f788be2579d60b7397bda7e166594ec75\picorv32.$proc$../picorv32.v:858$973'.
  created $dff cell `$procdff$5944' with positive edge clock.
Creating register for signal `$paramod$220af75f788be2579d60b7397bda7e166594ec75\picorv32.\instr_beq' using process `$paramod$220af75f788be2579d60b7397bda7e166594ec75\picorv32.$proc$../picorv32.v:858$973'.
  created $dff cell `$procdff$5945' with positive edge clock.
Creating register for signal `$paramod$220af75f788be2579d60b7397bda7e166594ec75\picorv32.\instr_bne' using process `$paramod$220af75f788be2579d60b7397bda7e166594ec75\picorv32.$proc$../picorv32.v:858$973'.
  created $dff cell `$procdff$5946' with positive edge clock.
Creating register for signal `$paramod$220af75f788be2579d60b7397bda7e166594ec75\picorv32.\instr_blt' using process `$paramod$220af75f788be2579d60b7397bda7e166594ec75\picorv32.$proc$../picorv32.v:858$973'.
  created $dff cell `$procdff$5947' with positive edge clock.
Creating register for signal `$paramod$220af75f788be2579d60b7397bda7e166594ec75\picorv32.\instr_bge' using process `$paramod$220af75f788be2579d60b7397bda7e166594ec75\picorv32.$proc$../picorv32.v:858$973'.
  created $dff cell `$procdff$5948' with positive edge clock.
Creating register for signal `$paramod$220af75f788be2579d60b7397bda7e166594ec75\picorv32.\instr_bltu' using process `$paramod$220af75f788be2579d60b7397bda7e166594ec75\picorv32.$proc$../picorv32.v:858$973'.
  created $dff cell `$procdff$5949' with positive edge clock.
Creating register for signal `$paramod$220af75f788be2579d60b7397bda7e166594ec75\picorv32.\instr_bgeu' using process `$paramod$220af75f788be2579d60b7397bda7e166594ec75\picorv32.$proc$../picorv32.v:858$973'.
  created $dff cell `$procdff$5950' with positive edge clock.
Creating register for signal `$paramod$220af75f788be2579d60b7397bda7e166594ec75\picorv32.\instr_lb' using process `$paramod$220af75f788be2579d60b7397bda7e166594ec75\picorv32.$proc$../picorv32.v:858$973'.
  created $dff cell `$procdff$5951' with positive edge clock.
Creating register for signal `$paramod$220af75f788be2579d60b7397bda7e166594ec75\picorv32.\instr_lh' using process `$paramod$220af75f788be2579d60b7397bda7e166594ec75\picorv32.$proc$../picorv32.v:858$973'.
  created $dff cell `$procdff$5952' with positive edge clock.
Creating register for signal `$paramod$220af75f788be2579d60b7397bda7e166594ec75\picorv32.\instr_lw' using process `$paramod$220af75f788be2579d60b7397bda7e166594ec75\picorv32.$proc$../picorv32.v:858$973'.
  created $dff cell `$procdff$5953' with positive edge clock.
Creating register for signal `$paramod$220af75f788be2579d60b7397bda7e166594ec75\picorv32.\instr_lbu' using process `$paramod$220af75f788be2579d60b7397bda7e166594ec75\picorv32.$proc$../picorv32.v:858$973'.
  created $dff cell `$procdff$5954' with positive edge clock.
Creating register for signal `$paramod$220af75f788be2579d60b7397bda7e166594ec75\picorv32.\instr_lhu' using process `$paramod$220af75f788be2579d60b7397bda7e166594ec75\picorv32.$proc$../picorv32.v:858$973'.
  created $dff cell `$procdff$5955' with positive edge clock.
Creating register for signal `$paramod$220af75f788be2579d60b7397bda7e166594ec75\picorv32.\instr_sb' using process `$paramod$220af75f788be2579d60b7397bda7e166594ec75\picorv32.$proc$../picorv32.v:858$973'.
  created $dff cell `$procdff$5956' with positive edge clock.
Creating register for signal `$paramod$220af75f788be2579d60b7397bda7e166594ec75\picorv32.\instr_sh' using process `$paramod$220af75f788be2579d60b7397bda7e166594ec75\picorv32.$proc$../picorv32.v:858$973'.
  created $dff cell `$procdff$5957' with positive edge clock.
Creating register for signal `$paramod$220af75f788be2579d60b7397bda7e166594ec75\picorv32.\instr_sw' using process `$paramod$220af75f788be2579d60b7397bda7e166594ec75\picorv32.$proc$../picorv32.v:858$973'.
  created $dff cell `$procdff$5958' with positive edge clock.
Creating register for signal `$paramod$220af75f788be2579d60b7397bda7e166594ec75\picorv32.\instr_addi' using process `$paramod$220af75f788be2579d60b7397bda7e166594ec75\picorv32.$proc$../picorv32.v:858$973'.
  created $dff cell `$procdff$5959' with positive edge clock.
Creating register for signal `$paramod$220af75f788be2579d60b7397bda7e166594ec75\picorv32.\instr_slti' using process `$paramod$220af75f788be2579d60b7397bda7e166594ec75\picorv32.$proc$../picorv32.v:858$973'.
  created $dff cell `$procdff$5960' with positive edge clock.
Creating register for signal `$paramod$220af75f788be2579d60b7397bda7e166594ec75\picorv32.\instr_sltiu' using process `$paramod$220af75f788be2579d60b7397bda7e166594ec75\picorv32.$proc$../picorv32.v:858$973'.
  created $dff cell `$procdff$5961' with positive edge clock.
Creating register for signal `$paramod$220af75f788be2579d60b7397bda7e166594ec75\picorv32.\instr_xori' using process `$paramod$220af75f788be2579d60b7397bda7e166594ec75\picorv32.$proc$../picorv32.v:858$973'.
  created $dff cell `$procdff$5962' with positive edge clock.
Creating register for signal `$paramod$220af75f788be2579d60b7397bda7e166594ec75\picorv32.\instr_ori' using process `$paramod$220af75f788be2579d60b7397bda7e166594ec75\picorv32.$proc$../picorv32.v:858$973'.
  created $dff cell `$procdff$5963' with positive edge clock.
Creating register for signal `$paramod$220af75f788be2579d60b7397bda7e166594ec75\picorv32.\instr_andi' using process `$paramod$220af75f788be2579d60b7397bda7e166594ec75\picorv32.$proc$../picorv32.v:858$973'.
  created $dff cell `$procdff$5964' with positive edge clock.
Creating register for signal `$paramod$220af75f788be2579d60b7397bda7e166594ec75\picorv32.\instr_slli' using process `$paramod$220af75f788be2579d60b7397bda7e166594ec75\picorv32.$proc$../picorv32.v:858$973'.
  created $dff cell `$procdff$5965' with positive edge clock.
Creating register for signal `$paramod$220af75f788be2579d60b7397bda7e166594ec75\picorv32.\instr_srli' using process `$paramod$220af75f788be2579d60b7397bda7e166594ec75\picorv32.$proc$../picorv32.v:858$973'.
  created $dff cell `$procdff$5966' with positive edge clock.
Creating register for signal `$paramod$220af75f788be2579d60b7397bda7e166594ec75\picorv32.\instr_srai' using process `$paramod$220af75f788be2579d60b7397bda7e166594ec75\picorv32.$proc$../picorv32.v:858$973'.
  created $dff cell `$procdff$5967' with positive edge clock.
Creating register for signal `$paramod$220af75f788be2579d60b7397bda7e166594ec75\picorv32.\instr_add' using process `$paramod$220af75f788be2579d60b7397bda7e166594ec75\picorv32.$proc$../picorv32.v:858$973'.
  created $dff cell `$procdff$5968' with positive edge clock.
Creating register for signal `$paramod$220af75f788be2579d60b7397bda7e166594ec75\picorv32.\instr_sub' using process `$paramod$220af75f788be2579d60b7397bda7e166594ec75\picorv32.$proc$../picorv32.v:858$973'.
  created $dff cell `$procdff$5969' with positive edge clock.
Creating register for signal `$paramod$220af75f788be2579d60b7397bda7e166594ec75\picorv32.\instr_sll' using process `$paramod$220af75f788be2579d60b7397bda7e166594ec75\picorv32.$proc$../picorv32.v:858$973'.
  created $dff cell `$procdff$5970' with positive edge clock.
Creating register for signal `$paramod$220af75f788be2579d60b7397bda7e166594ec75\picorv32.\instr_slt' using process `$paramod$220af75f788be2579d60b7397bda7e166594ec75\picorv32.$proc$../picorv32.v:858$973'.
  created $dff cell `$procdff$5971' with positive edge clock.
Creating register for signal `$paramod$220af75f788be2579d60b7397bda7e166594ec75\picorv32.\instr_sltu' using process `$paramod$220af75f788be2579d60b7397bda7e166594ec75\picorv32.$proc$../picorv32.v:858$973'.
  created $dff cell `$procdff$5972' with positive edge clock.
Creating register for signal `$paramod$220af75f788be2579d60b7397bda7e166594ec75\picorv32.\instr_xor' using process `$paramod$220af75f788be2579d60b7397bda7e166594ec75\picorv32.$proc$../picorv32.v:858$973'.
  created $dff cell `$procdff$5973' with positive edge clock.
Creating register for signal `$paramod$220af75f788be2579d60b7397bda7e166594ec75\picorv32.\instr_srl' using process `$paramod$220af75f788be2579d60b7397bda7e166594ec75\picorv32.$proc$../picorv32.v:858$973'.
  created $dff cell `$procdff$5974' with positive edge clock.
Creating register for signal `$paramod$220af75f788be2579d60b7397bda7e166594ec75\picorv32.\instr_sra' using process `$paramod$220af75f788be2579d60b7397bda7e166594ec75\picorv32.$proc$../picorv32.v:858$973'.
  created $dff cell `$procdff$5975' with positive edge clock.
Creating register for signal `$paramod$220af75f788be2579d60b7397bda7e166594ec75\picorv32.\instr_or' using process `$paramod$220af75f788be2579d60b7397bda7e166594ec75\picorv32.$proc$../picorv32.v:858$973'.
  created $dff cell `$procdff$5976' with positive edge clock.
Creating register for signal `$paramod$220af75f788be2579d60b7397bda7e166594ec75\picorv32.\instr_and' using process `$paramod$220af75f788be2579d60b7397bda7e166594ec75\picorv32.$proc$../picorv32.v:858$973'.
  created $dff cell `$procdff$5977' with positive edge clock.
Creating register for signal `$paramod$220af75f788be2579d60b7397bda7e166594ec75\picorv32.\instr_rdcycle' using process `$paramod$220af75f788be2579d60b7397bda7e166594ec75\picorv32.$proc$../picorv32.v:858$973'.
  created $dff cell `$procdff$5978' with positive edge clock.
Creating register for signal `$paramod$220af75f788be2579d60b7397bda7e166594ec75\picorv32.\instr_rdcycleh' using process `$paramod$220af75f788be2579d60b7397bda7e166594ec75\picorv32.$proc$../picorv32.v:858$973'.
  created $dff cell `$procdff$5979' with positive edge clock.
Creating register for signal `$paramod$220af75f788be2579d60b7397bda7e166594ec75\picorv32.\instr_rdinstr' using process `$paramod$220af75f788be2579d60b7397bda7e166594ec75\picorv32.$proc$../picorv32.v:858$973'.
  created $dff cell `$procdff$5980' with positive edge clock.
Creating register for signal `$paramod$220af75f788be2579d60b7397bda7e166594ec75\picorv32.\instr_rdinstrh' using process `$paramod$220af75f788be2579d60b7397bda7e166594ec75\picorv32.$proc$../picorv32.v:858$973'.
  created $dff cell `$procdff$5981' with positive edge clock.
Creating register for signal `$paramod$220af75f788be2579d60b7397bda7e166594ec75\picorv32.\instr_ecall_ebreak' using process `$paramod$220af75f788be2579d60b7397bda7e166594ec75\picorv32.$proc$../picorv32.v:858$973'.
  created $dff cell `$procdff$5982' with positive edge clock.
Creating register for signal `$paramod$220af75f788be2579d60b7397bda7e166594ec75\picorv32.\instr_fence' using process `$paramod$220af75f788be2579d60b7397bda7e166594ec75\picorv32.$proc$../picorv32.v:858$973'.
  created $dff cell `$procdff$5983' with positive edge clock.
Creating register for signal `$paramod$220af75f788be2579d60b7397bda7e166594ec75\picorv32.\instr_getq' using process `$paramod$220af75f788be2579d60b7397bda7e166594ec75\picorv32.$proc$../picorv32.v:858$973'.
  created $dff cell `$procdff$5984' with positive edge clock.
Creating register for signal `$paramod$220af75f788be2579d60b7397bda7e166594ec75\picorv32.\instr_setq' using process `$paramod$220af75f788be2579d60b7397bda7e166594ec75\picorv32.$proc$../picorv32.v:858$973'.
  created $dff cell `$procdff$5985' with positive edge clock.
Creating register for signal `$paramod$220af75f788be2579d60b7397bda7e166594ec75\picorv32.\instr_retirq' using process `$paramod$220af75f788be2579d60b7397bda7e166594ec75\picorv32.$proc$../picorv32.v:858$973'.
  created $dff cell `$procdff$5986' with positive edge clock.
Creating register for signal `$paramod$220af75f788be2579d60b7397bda7e166594ec75\picorv32.\instr_maskirq' using process `$paramod$220af75f788be2579d60b7397bda7e166594ec75\picorv32.$proc$../picorv32.v:858$973'.
  created $dff cell `$procdff$5987' with positive edge clock.
Creating register for signal `$paramod$220af75f788be2579d60b7397bda7e166594ec75\picorv32.\instr_waitirq' using process `$paramod$220af75f788be2579d60b7397bda7e166594ec75\picorv32.$proc$../picorv32.v:858$973'.
  created $dff cell `$procdff$5988' with positive edge clock.
Creating register for signal `$paramod$220af75f788be2579d60b7397bda7e166594ec75\picorv32.\instr_timer' using process `$paramod$220af75f788be2579d60b7397bda7e166594ec75\picorv32.$proc$../picorv32.v:858$973'.
  created $dff cell `$procdff$5989' with positive edge clock.
Creating register for signal `$paramod$220af75f788be2579d60b7397bda7e166594ec75\picorv32.\decoded_rd' using process `$paramod$220af75f788be2579d60b7397bda7e166594ec75\picorv32.$proc$../picorv32.v:858$973'.
  created $dff cell `$procdff$5990' with positive edge clock.
Creating register for signal `$paramod$220af75f788be2579d60b7397bda7e166594ec75\picorv32.\decoded_rs1' using process `$paramod$220af75f788be2579d60b7397bda7e166594ec75\picorv32.$proc$../picorv32.v:858$973'.
  created $dff cell `$procdff$5991' with positive edge clock.
Creating register for signal `$paramod$220af75f788be2579d60b7397bda7e166594ec75\picorv32.\decoded_rs2' using process `$paramod$220af75f788be2579d60b7397bda7e166594ec75\picorv32.$proc$../picorv32.v:858$973'.
  created $dff cell `$procdff$5992' with positive edge clock.
Creating register for signal `$paramod$220af75f788be2579d60b7397bda7e166594ec75\picorv32.\decoded_imm' using process `$paramod$220af75f788be2579d60b7397bda7e166594ec75\picorv32.$proc$../picorv32.v:858$973'.
  created $dff cell `$procdff$5993' with positive edge clock.
Creating register for signal `$paramod$220af75f788be2579d60b7397bda7e166594ec75\picorv32.\decoded_imm_j' using process `$paramod$220af75f788be2579d60b7397bda7e166594ec75\picorv32.$proc$../picorv32.v:858$973'.
  created $dff cell `$procdff$5994' with positive edge clock.
Creating register for signal `$paramod$220af75f788be2579d60b7397bda7e166594ec75\picorv32.\compressed_instr' using process `$paramod$220af75f788be2579d60b7397bda7e166594ec75\picorv32.$proc$../picorv32.v:858$973'.
  created $dff cell `$procdff$5995' with positive edge clock.
Creating register for signal `$paramod$220af75f788be2579d60b7397bda7e166594ec75\picorv32.\is_lui_auipc_jal' using process `$paramod$220af75f788be2579d60b7397bda7e166594ec75\picorv32.$proc$../picorv32.v:858$973'.
  created $dff cell `$procdff$5996' with positive edge clock.
Creating register for signal `$paramod$220af75f788be2579d60b7397bda7e166594ec75\picorv32.\is_lb_lh_lw_lbu_lhu' using process `$paramod$220af75f788be2579d60b7397bda7e166594ec75\picorv32.$proc$../picorv32.v:858$973'.
  created $dff cell `$procdff$5997' with positive edge clock.
Creating register for signal `$paramod$220af75f788be2579d60b7397bda7e166594ec75\picorv32.\is_slli_srli_srai' using process `$paramod$220af75f788be2579d60b7397bda7e166594ec75\picorv32.$proc$../picorv32.v:858$973'.
  created $dff cell `$procdff$5998' with positive edge clock.
Creating register for signal `$paramod$220af75f788be2579d60b7397bda7e166594ec75\picorv32.\is_jalr_addi_slti_sltiu_xori_ori_andi' using process `$paramod$220af75f788be2579d60b7397bda7e166594ec75\picorv32.$proc$../picorv32.v:858$973'.
  created $dff cell `$procdff$5999' with positive edge clock.
Creating register for signal `$paramod$220af75f788be2579d60b7397bda7e166594ec75\picorv32.\is_sb_sh_sw' using process `$paramod$220af75f788be2579d60b7397bda7e166594ec75\picorv32.$proc$../picorv32.v:858$973'.
  created $dff cell `$procdff$6000' with positive edge clock.
Creating register for signal `$paramod$220af75f788be2579d60b7397bda7e166594ec75\picorv32.\is_sll_srl_sra' using process `$paramod$220af75f788be2579d60b7397bda7e166594ec75\picorv32.$proc$../picorv32.v:858$973'.
  created $dff cell `$procdff$6001' with positive edge clock.
Creating register for signal `$paramod$220af75f788be2579d60b7397bda7e166594ec75\picorv32.\is_lui_auipc_jal_jalr_addi_add_sub' using process `$paramod$220af75f788be2579d60b7397bda7e166594ec75\picorv32.$proc$../picorv32.v:858$973'.
  created $dff cell `$procdff$6002' with positive edge clock.
Creating register for signal `$paramod$220af75f788be2579d60b7397bda7e166594ec75\picorv32.\is_slti_blt_slt' using process `$paramod$220af75f788be2579d60b7397bda7e166594ec75\picorv32.$proc$../picorv32.v:858$973'.
  created $dff cell `$procdff$6003' with positive edge clock.
Creating register for signal `$paramod$220af75f788be2579d60b7397bda7e166594ec75\picorv32.\is_sltiu_bltu_sltu' using process `$paramod$220af75f788be2579d60b7397bda7e166594ec75\picorv32.$proc$../picorv32.v:858$973'.
  created $dff cell `$procdff$6004' with positive edge clock.
Creating register for signal `$paramod$220af75f788be2579d60b7397bda7e166594ec75\picorv32.\is_beq_bne_blt_bge_bltu_bgeu' using process `$paramod$220af75f788be2579d60b7397bda7e166594ec75\picorv32.$proc$../picorv32.v:858$973'.
  created $dff cell `$procdff$6005' with positive edge clock.
Creating register for signal `$paramod$220af75f788be2579d60b7397bda7e166594ec75\picorv32.\is_lbu_lhu_lw' using process `$paramod$220af75f788be2579d60b7397bda7e166594ec75\picorv32.$proc$../picorv32.v:858$973'.
  created $dff cell `$procdff$6006' with positive edge clock.
Creating register for signal `$paramod$220af75f788be2579d60b7397bda7e166594ec75\picorv32.\is_alu_reg_imm' using process `$paramod$220af75f788be2579d60b7397bda7e166594ec75\picorv32.$proc$../picorv32.v:858$973'.
  created $dff cell `$procdff$6007' with positive edge clock.
Creating register for signal `$paramod$220af75f788be2579d60b7397bda7e166594ec75\picorv32.\is_alu_reg_reg' using process `$paramod$220af75f788be2579d60b7397bda7e166594ec75\picorv32.$proc$../picorv32.v:858$973'.
  created $dff cell `$procdff$6008' with positive edge clock.
Creating register for signal `$paramod$220af75f788be2579d60b7397bda7e166594ec75\picorv32.\is_compare' using process `$paramod$220af75f788be2579d60b7397bda7e166594ec75\picorv32.$proc$../picorv32.v:858$973'.
  created $dff cell `$procdff$6009' with positive edge clock.
Creating register for signal `$paramod$220af75f788be2579d60b7397bda7e166594ec75\picorv32.\dbg_insn_addr' using process `$paramod$220af75f788be2579d60b7397bda7e166594ec75\picorv32.$proc$../picorv32.v:778$967'.
  created $dff cell `$procdff$6010' with positive edge clock.
Creating register for signal `$paramod$220af75f788be2579d60b7397bda7e166594ec75\picorv32.\q_ascii_instr' using process `$paramod$220af75f788be2579d60b7397bda7e166594ec75\picorv32.$proc$../picorv32.v:778$967'.
  created $dff cell `$procdff$6011' with positive edge clock.
Creating register for signal `$paramod$220af75f788be2579d60b7397bda7e166594ec75\picorv32.\q_insn_imm' using process `$paramod$220af75f788be2579d60b7397bda7e166594ec75\picorv32.$proc$../picorv32.v:778$967'.
  created $dff cell `$procdff$6012' with positive edge clock.
Creating register for signal `$paramod$220af75f788be2579d60b7397bda7e166594ec75\picorv32.\q_insn_opcode' using process `$paramod$220af75f788be2579d60b7397bda7e166594ec75\picorv32.$proc$../picorv32.v:778$967'.
  created $dff cell `$procdff$6013' with positive edge clock.
Creating register for signal `$paramod$220af75f788be2579d60b7397bda7e166594ec75\picorv32.\q_insn_rs1' using process `$paramod$220af75f788be2579d60b7397bda7e166594ec75\picorv32.$proc$../picorv32.v:778$967'.
  created $dff cell `$procdff$6014' with positive edge clock.
Creating register for signal `$paramod$220af75f788be2579d60b7397bda7e166594ec75\picorv32.\q_insn_rs2' using process `$paramod$220af75f788be2579d60b7397bda7e166594ec75\picorv32.$proc$../picorv32.v:778$967'.
  created $dff cell `$procdff$6015' with positive edge clock.
Creating register for signal `$paramod$220af75f788be2579d60b7397bda7e166594ec75\picorv32.\q_insn_rd' using process `$paramod$220af75f788be2579d60b7397bda7e166594ec75\picorv32.$proc$../picorv32.v:778$967'.
  created $dff cell `$procdff$6016' with positive edge clock.
Creating register for signal `$paramod$220af75f788be2579d60b7397bda7e166594ec75\picorv32.\dbg_next' using process `$paramod$220af75f788be2579d60b7397bda7e166594ec75\picorv32.$proc$../picorv32.v:778$967'.
  created $dff cell `$procdff$6017' with positive edge clock.
Creating register for signal `$paramod$220af75f788be2579d60b7397bda7e166594ec75\picorv32.\dbg_valid_insn' using process `$paramod$220af75f788be2579d60b7397bda7e166594ec75\picorv32.$proc$../picorv32.v:778$967'.
  created $dff cell `$procdff$6018' with positive edge clock.
Creating register for signal `$paramod$220af75f788be2579d60b7397bda7e166594ec75\picorv32.\cached_ascii_instr' using process `$paramod$220af75f788be2579d60b7397bda7e166594ec75\picorv32.$proc$../picorv32.v:778$967'.
  created $dff cell `$procdff$6019' with positive edge clock.
Creating register for signal `$paramod$220af75f788be2579d60b7397bda7e166594ec75\picorv32.\cached_insn_imm' using process `$paramod$220af75f788be2579d60b7397bda7e166594ec75\picorv32.$proc$../picorv32.v:778$967'.
  created $dff cell `$procdff$6020' with positive edge clock.
Creating register for signal `$paramod$220af75f788be2579d60b7397bda7e166594ec75\picorv32.\cached_insn_opcode' using process `$paramod$220af75f788be2579d60b7397bda7e166594ec75\picorv32.$proc$../picorv32.v:778$967'.
  created $dff cell `$procdff$6021' with positive edge clock.
Creating register for signal `$paramod$220af75f788be2579d60b7397bda7e166594ec75\picorv32.\cached_insn_rs1' using process `$paramod$220af75f788be2579d60b7397bda7e166594ec75\picorv32.$proc$../picorv32.v:778$967'.
  created $dff cell `$procdff$6022' with positive edge clock.
Creating register for signal `$paramod$220af75f788be2579d60b7397bda7e166594ec75\picorv32.\cached_insn_rs2' using process `$paramod$220af75f788be2579d60b7397bda7e166594ec75\picorv32.$proc$../picorv32.v:778$967'.
  created $dff cell `$procdff$6023' with positive edge clock.
Creating register for signal `$paramod$220af75f788be2579d60b7397bda7e166594ec75\picorv32.\cached_insn_rd' using process `$paramod$220af75f788be2579d60b7397bda7e166594ec75\picorv32.$proc$../picorv32.v:778$967'.
  created $dff cell `$procdff$6024' with positive edge clock.
Creating register for signal `$paramod$220af75f788be2579d60b7397bda7e166594ec75\picorv32.\mem_valid' using process `$paramod$220af75f788be2579d60b7397bda7e166594ec75\picorv32.$proc$../picorv32.v:565$942'.
  created $dff cell `$procdff$6025' with positive edge clock.
Creating register for signal `$paramod$220af75f788be2579d60b7397bda7e166594ec75\picorv32.\mem_instr' using process `$paramod$220af75f788be2579d60b7397bda7e166594ec75\picorv32.$proc$../picorv32.v:565$942'.
  created $dff cell `$procdff$6026' with positive edge clock.
Creating register for signal `$paramod$220af75f788be2579d60b7397bda7e166594ec75\picorv32.\mem_addr' using process `$paramod$220af75f788be2579d60b7397bda7e166594ec75\picorv32.$proc$../picorv32.v:565$942'.
  created $dff cell `$procdff$6027' with positive edge clock.
Creating register for signal `$paramod$220af75f788be2579d60b7397bda7e166594ec75\picorv32.\mem_wdata' using process `$paramod$220af75f788be2579d60b7397bda7e166594ec75\picorv32.$proc$../picorv32.v:565$942'.
  created $dff cell `$procdff$6028' with positive edge clock.
Creating register for signal `$paramod$220af75f788be2579d60b7397bda7e166594ec75\picorv32.\mem_wstrb' using process `$paramod$220af75f788be2579d60b7397bda7e166594ec75\picorv32.$proc$../picorv32.v:565$942'.
  created $dff cell `$procdff$6029' with positive edge clock.
Creating register for signal `$paramod$220af75f788be2579d60b7397bda7e166594ec75\picorv32.\mem_state' using process `$paramod$220af75f788be2579d60b7397bda7e166594ec75\picorv32.$proc$../picorv32.v:565$942'.
  created $dff cell `$procdff$6030' with positive edge clock.
Creating register for signal `$paramod$220af75f788be2579d60b7397bda7e166594ec75\picorv32.\mem_la_secondword' using process `$paramod$220af75f788be2579d60b7397bda7e166594ec75\picorv32.$proc$../picorv32.v:565$942'.
  created $dff cell `$procdff$6031' with positive edge clock.
Creating register for signal `$paramod$220af75f788be2579d60b7397bda7e166594ec75\picorv32.\prefetched_high_word' using process `$paramod$220af75f788be2579d60b7397bda7e166594ec75\picorv32.$proc$../picorv32.v:565$942'.
  created $dff cell `$procdff$6032' with positive edge clock.
Creating register for signal `$paramod$220af75f788be2579d60b7397bda7e166594ec75\picorv32.\mem_16bit_buffer' using process `$paramod$220af75f788be2579d60b7397bda7e166594ec75\picorv32.$proc$../picorv32.v:565$942'.
  created $dff cell `$procdff$6033' with positive edge clock.
Creating register for signal `$paramod$220af75f788be2579d60b7397bda7e166594ec75\picorv32.\next_insn_opcode' using process `$paramod$220af75f788be2579d60b7397bda7e166594ec75\picorv32.$proc$../picorv32.v:430$904'.
  created $dff cell `$procdff$6034' with positive edge clock.
Creating register for signal `$paramod$220af75f788be2579d60b7397bda7e166594ec75\picorv32.\mem_rdata_q' using process `$paramod$220af75f788be2579d60b7397bda7e166594ec75\picorv32.$proc$../picorv32.v:430$904'.
  created $dff cell `$procdff$6035' with positive edge clock.
Creating register for signal `$paramod$220af75f788be2579d60b7397bda7e166594ec75\picorv32.\mem_la_firstword_reg' using process `$paramod$220af75f788be2579d60b7397bda7e166594ec75\picorv32.$proc$../picorv32.v:390$896'.
  created $dff cell `$procdff$6036' with positive edge clock.
Creating register for signal `$paramod$220af75f788be2579d60b7397bda7e166594ec75\picorv32.\last_mem_valid' using process `$paramod$220af75f788be2579d60b7397bda7e166594ec75\picorv32.$proc$../picorv32.v:390$896'.
  created $dff cell `$procdff$6037' with positive edge clock.
Creating register for signal `\spimem_cache_direct_mapped.\i' using process `\spimem_cache_direct_mapped.$proc$picosoc.v:425$645'.
  created $dff cell `$procdff$6038' with positive edge clock.
Creating register for signal `\spimem_cache_direct_mapped.\hit_count' using process `\spimem_cache_direct_mapped.$proc$picosoc.v:425$645'.
  created $dff cell `$procdff$6039' with positive edge clock.
Creating register for signal `\spimem_cache_direct_mapped.\miss_count' using process `\spimem_cache_direct_mapped.$proc$picosoc.v:425$645'.
  created $dff cell `$procdff$6040' with positive edge clock.
Creating register for signal `\spimem_cache_direct_mapped.\gen_multi.fill_active' using process `\spimem_cache_direct_mapped.$proc$picosoc.v:425$645'.
  created $dff cell `$procdff$6041' with positive edge clock.
Creating register for signal `\spimem_cache_direct_mapped.\gen_multi.fill_count' using process `\spimem_cache_direct_mapped.$proc$picosoc.v:425$645'.
  created $dff cell `$procdff$6042' with positive edge clock.
Creating register for signal `\spimem_cache_direct_mapped.$memwr$\cache_valid$picosoc.v:429$556_EN' using process `\spimem_cache_direct_mapped.$proc$picosoc.v:425$645'.
  created $dff cell `$procdff$6043' with positive edge clock.
Creating register for signal `\spimem_cache_direct_mapped.$memwr$\cache_valid$picosoc.v:429$557_EN' using process `\spimem_cache_direct_mapped.$proc$picosoc.v:425$645'.
  created $dff cell `$procdff$6044' with positive edge clock.
Creating register for signal `\spimem_cache_direct_mapped.$memwr$\cache_valid$picosoc.v:429$558_EN' using process `\spimem_cache_direct_mapped.$proc$picosoc.v:425$645'.
  created $dff cell `$procdff$6045' with positive edge clock.
Creating register for signal `\spimem_cache_direct_mapped.$memwr$\cache_valid$picosoc.v:429$559_EN' using process `\spimem_cache_direct_mapped.$proc$picosoc.v:425$645'.
  created $dff cell `$procdff$6046' with positive edge clock.
Creating register for signal `\spimem_cache_direct_mapped.$memwr$\cache_valid$picosoc.v:429$560_EN' using process `\spimem_cache_direct_mapped.$proc$picosoc.v:425$645'.
  created $dff cell `$procdff$6047' with positive edge clock.
Creating register for signal `\spimem_cache_direct_mapped.$memwr$\cache_valid$picosoc.v:429$561_EN' using process `\spimem_cache_direct_mapped.$proc$picosoc.v:425$645'.
  created $dff cell `$procdff$6048' with positive edge clock.
Creating register for signal `\spimem_cache_direct_mapped.$memwr$\cache_valid$picosoc.v:429$562_EN' using process `\spimem_cache_direct_mapped.$proc$picosoc.v:425$645'.
  created $dff cell `$procdff$6049' with positive edge clock.
Creating register for signal `\spimem_cache_direct_mapped.$memwr$\cache_valid$picosoc.v:429$563_EN' using process `\spimem_cache_direct_mapped.$proc$picosoc.v:425$645'.
  created $dff cell `$procdff$6050' with positive edge clock.
Creating register for signal `\spimem_cache_direct_mapped.$memwr$\cache_valid$picosoc.v:429$564_EN' using process `\spimem_cache_direct_mapped.$proc$picosoc.v:425$645'.
  created $dff cell `$procdff$6051' with positive edge clock.
Creating register for signal `\spimem_cache_direct_mapped.$memwr$\cache_valid$picosoc.v:429$565_EN' using process `\spimem_cache_direct_mapped.$proc$picosoc.v:425$645'.
  created $dff cell `$procdff$6052' with positive edge clock.
Creating register for signal `\spimem_cache_direct_mapped.$memwr$\cache_valid$picosoc.v:429$566_EN' using process `\spimem_cache_direct_mapped.$proc$picosoc.v:425$645'.
  created $dff cell `$procdff$6053' with positive edge clock.
Creating register for signal `\spimem_cache_direct_mapped.$memwr$\cache_valid$picosoc.v:429$567_EN' using process `\spimem_cache_direct_mapped.$proc$picosoc.v:425$645'.
  created $dff cell `$procdff$6054' with positive edge clock.
Creating register for signal `\spimem_cache_direct_mapped.$memwr$\cache_valid$picosoc.v:429$568_EN' using process `\spimem_cache_direct_mapped.$proc$picosoc.v:425$645'.
  created $dff cell `$procdff$6055' with positive edge clock.
Creating register for signal `\spimem_cache_direct_mapped.$memwr$\cache_valid$picosoc.v:429$569_EN' using process `\spimem_cache_direct_mapped.$proc$picosoc.v:425$645'.
  created $dff cell `$procdff$6056' with positive edge clock.
Creating register for signal `\spimem_cache_direct_mapped.$memwr$\cache_valid$picosoc.v:429$570_EN' using process `\spimem_cache_direct_mapped.$proc$picosoc.v:425$645'.
  created $dff cell `$procdff$6057' with positive edge clock.
Creating register for signal `\spimem_cache_direct_mapped.$memwr$\cache_valid$picosoc.v:429$571_EN' using process `\spimem_cache_direct_mapped.$proc$picosoc.v:425$645'.
  created $dff cell `$procdff$6058' with positive edge clock.
Creating register for signal `\spimem_cache_direct_mapped.$memwr$\cache_valid$picosoc.v:429$572_EN' using process `\spimem_cache_direct_mapped.$proc$picosoc.v:425$645'.
  created $dff cell `$procdff$6059' with positive edge clock.
Creating register for signal `\spimem_cache_direct_mapped.$memwr$\cache_valid$picosoc.v:429$573_EN' using process `\spimem_cache_direct_mapped.$proc$picosoc.v:425$645'.
  created $dff cell `$procdff$6060' with positive edge clock.
Creating register for signal `\spimem_cache_direct_mapped.$memwr$\cache_valid$picosoc.v:429$574_EN' using process `\spimem_cache_direct_mapped.$proc$picosoc.v:425$645'.
  created $dff cell `$procdff$6061' with positive edge clock.
Creating register for signal `\spimem_cache_direct_mapped.$memwr$\cache_valid$picosoc.v:429$575_EN' using process `\spimem_cache_direct_mapped.$proc$picosoc.v:425$645'.
  created $dff cell `$procdff$6062' with positive edge clock.
Creating register for signal `\spimem_cache_direct_mapped.$memwr$\cache_valid$picosoc.v:429$576_EN' using process `\spimem_cache_direct_mapped.$proc$picosoc.v:425$645'.
  created $dff cell `$procdff$6063' with positive edge clock.
Creating register for signal `\spimem_cache_direct_mapped.$memwr$\cache_valid$picosoc.v:429$577_EN' using process `\spimem_cache_direct_mapped.$proc$picosoc.v:425$645'.
  created $dff cell `$procdff$6064' with positive edge clock.
Creating register for signal `\spimem_cache_direct_mapped.$memwr$\cache_valid$picosoc.v:429$578_EN' using process `\spimem_cache_direct_mapped.$proc$picosoc.v:425$645'.
  created $dff cell `$procdff$6065' with positive edge clock.
Creating register for signal `\spimem_cache_direct_mapped.$memwr$\cache_valid$picosoc.v:429$579_EN' using process `\spimem_cache_direct_mapped.$proc$picosoc.v:425$645'.
  created $dff cell `$procdff$6066' with positive edge clock.
Creating register for signal `\spimem_cache_direct_mapped.$memwr$\cache_valid$picosoc.v:429$580_EN' using process `\spimem_cache_direct_mapped.$proc$picosoc.v:425$645'.
  created $dff cell `$procdff$6067' with positive edge clock.
Creating register for signal `\spimem_cache_direct_mapped.$memwr$\cache_valid$picosoc.v:429$581_EN' using process `\spimem_cache_direct_mapped.$proc$picosoc.v:425$645'.
  created $dff cell `$procdff$6068' with positive edge clock.
Creating register for signal `\spimem_cache_direct_mapped.$memwr$\cache_valid$picosoc.v:429$582_EN' using process `\spimem_cache_direct_mapped.$proc$picosoc.v:425$645'.
  created $dff cell `$procdff$6069' with positive edge clock.
Creating register for signal `\spimem_cache_direct_mapped.$memwr$\cache_valid$picosoc.v:429$583_EN' using process `\spimem_cache_direct_mapped.$proc$picosoc.v:425$645'.
  created $dff cell `$procdff$6070' with positive edge clock.
Creating register for signal `\spimem_cache_direct_mapped.$memwr$\cache_valid$picosoc.v:429$584_EN' using process `\spimem_cache_direct_mapped.$proc$picosoc.v:425$645'.
  created $dff cell `$procdff$6071' with positive edge clock.
Creating register for signal `\spimem_cache_direct_mapped.$memwr$\cache_valid$picosoc.v:429$585_EN' using process `\spimem_cache_direct_mapped.$proc$picosoc.v:425$645'.
  created $dff cell `$procdff$6072' with positive edge clock.
Creating register for signal `\spimem_cache_direct_mapped.$memwr$\cache_valid$picosoc.v:429$586_EN' using process `\spimem_cache_direct_mapped.$proc$picosoc.v:425$645'.
  created $dff cell `$procdff$6073' with positive edge clock.
Creating register for signal `\spimem_cache_direct_mapped.$memwr$\cache_valid$picosoc.v:429$587_EN' using process `\spimem_cache_direct_mapped.$proc$picosoc.v:425$645'.
  created $dff cell `$procdff$6074' with positive edge clock.
Creating register for signal `\spimem_cache_direct_mapped.$memwr$\cache_valid$picosoc.v:429$588_EN' using process `\spimem_cache_direct_mapped.$proc$picosoc.v:425$645'.
  created $dff cell `$procdff$6075' with positive edge clock.
Creating register for signal `\spimem_cache_direct_mapped.$memwr$\cache_valid$picosoc.v:429$589_EN' using process `\spimem_cache_direct_mapped.$proc$picosoc.v:425$645'.
  created $dff cell `$procdff$6076' with positive edge clock.
Creating register for signal `\spimem_cache_direct_mapped.$memwr$\cache_valid$picosoc.v:429$590_EN' using process `\spimem_cache_direct_mapped.$proc$picosoc.v:425$645'.
  created $dff cell `$procdff$6077' with positive edge clock.
Creating register for signal `\spimem_cache_direct_mapped.$memwr$\cache_valid$picosoc.v:429$591_EN' using process `\spimem_cache_direct_mapped.$proc$picosoc.v:425$645'.
  created $dff cell `$procdff$6078' with positive edge clock.
Creating register for signal `\spimem_cache_direct_mapped.$memwr$\cache_valid$picosoc.v:429$592_EN' using process `\spimem_cache_direct_mapped.$proc$picosoc.v:425$645'.
  created $dff cell `$procdff$6079' with positive edge clock.
Creating register for signal `\spimem_cache_direct_mapped.$memwr$\cache_valid$picosoc.v:429$593_EN' using process `\spimem_cache_direct_mapped.$proc$picosoc.v:425$645'.
  created $dff cell `$procdff$6080' with positive edge clock.
Creating register for signal `\spimem_cache_direct_mapped.$memwr$\cache_valid$picosoc.v:429$594_EN' using process `\spimem_cache_direct_mapped.$proc$picosoc.v:425$645'.
  created $dff cell `$procdff$6081' with positive edge clock.
Creating register for signal `\spimem_cache_direct_mapped.$memwr$\cache_valid$picosoc.v:429$595_EN' using process `\spimem_cache_direct_mapped.$proc$picosoc.v:425$645'.
  created $dff cell `$procdff$6082' with positive edge clock.
Creating register for signal `\spimem_cache_direct_mapped.$memwr$\cache_valid$picosoc.v:429$596_EN' using process `\spimem_cache_direct_mapped.$proc$picosoc.v:425$645'.
  created $dff cell `$procdff$6083' with positive edge clock.
Creating register for signal `\spimem_cache_direct_mapped.$memwr$\cache_valid$picosoc.v:429$597_EN' using process `\spimem_cache_direct_mapped.$proc$picosoc.v:425$645'.
  created $dff cell `$procdff$6084' with positive edge clock.
Creating register for signal `\spimem_cache_direct_mapped.$memwr$\cache_valid$picosoc.v:429$598_EN' using process `\spimem_cache_direct_mapped.$proc$picosoc.v:425$645'.
  created $dff cell `$procdff$6085' with positive edge clock.
Creating register for signal `\spimem_cache_direct_mapped.$memwr$\cache_valid$picosoc.v:429$599_EN' using process `\spimem_cache_direct_mapped.$proc$picosoc.v:425$645'.
  created $dff cell `$procdff$6086' with positive edge clock.
Creating register for signal `\spimem_cache_direct_mapped.$memwr$\cache_valid$picosoc.v:429$600_EN' using process `\spimem_cache_direct_mapped.$proc$picosoc.v:425$645'.
  created $dff cell `$procdff$6087' with positive edge clock.
Creating register for signal `\spimem_cache_direct_mapped.$memwr$\cache_valid$picosoc.v:429$601_EN' using process `\spimem_cache_direct_mapped.$proc$picosoc.v:425$645'.
  created $dff cell `$procdff$6088' with positive edge clock.
Creating register for signal `\spimem_cache_direct_mapped.$memwr$\cache_valid$picosoc.v:429$602_EN' using process `\spimem_cache_direct_mapped.$proc$picosoc.v:425$645'.
  created $dff cell `$procdff$6089' with positive edge clock.
Creating register for signal `\spimem_cache_direct_mapped.$memwr$\cache_valid$picosoc.v:429$603_EN' using process `\spimem_cache_direct_mapped.$proc$picosoc.v:425$645'.
  created $dff cell `$procdff$6090' with positive edge clock.
Creating register for signal `\spimem_cache_direct_mapped.$memwr$\cache_valid$picosoc.v:429$604_EN' using process `\spimem_cache_direct_mapped.$proc$picosoc.v:425$645'.
  created $dff cell `$procdff$6091' with positive edge clock.
Creating register for signal `\spimem_cache_direct_mapped.$memwr$\cache_valid$picosoc.v:429$605_EN' using process `\spimem_cache_direct_mapped.$proc$picosoc.v:425$645'.
  created $dff cell `$procdff$6092' with positive edge clock.
Creating register for signal `\spimem_cache_direct_mapped.$memwr$\cache_valid$picosoc.v:429$606_EN' using process `\spimem_cache_direct_mapped.$proc$picosoc.v:425$645'.
  created $dff cell `$procdff$6093' with positive edge clock.
Creating register for signal `\spimem_cache_direct_mapped.$memwr$\cache_valid$picosoc.v:429$607_EN' using process `\spimem_cache_direct_mapped.$proc$picosoc.v:425$645'.
  created $dff cell `$procdff$6094' with positive edge clock.
Creating register for signal `\spimem_cache_direct_mapped.$memwr$\cache_valid$picosoc.v:429$608_EN' using process `\spimem_cache_direct_mapped.$proc$picosoc.v:425$645'.
  created $dff cell `$procdff$6095' with positive edge clock.
Creating register for signal `\spimem_cache_direct_mapped.$memwr$\cache_valid$picosoc.v:429$609_EN' using process `\spimem_cache_direct_mapped.$proc$picosoc.v:425$645'.
  created $dff cell `$procdff$6096' with positive edge clock.
Creating register for signal `\spimem_cache_direct_mapped.$memwr$\cache_valid$picosoc.v:429$610_EN' using process `\spimem_cache_direct_mapped.$proc$picosoc.v:425$645'.
  created $dff cell `$procdff$6097' with positive edge clock.
Creating register for signal `\spimem_cache_direct_mapped.$memwr$\cache_valid$picosoc.v:429$611_EN' using process `\spimem_cache_direct_mapped.$proc$picosoc.v:425$645'.
  created $dff cell `$procdff$6098' with positive edge clock.
Creating register for signal `\spimem_cache_direct_mapped.$memwr$\cache_valid$picosoc.v:429$612_EN' using process `\spimem_cache_direct_mapped.$proc$picosoc.v:425$645'.
  created $dff cell `$procdff$6099' with positive edge clock.
Creating register for signal `\spimem_cache_direct_mapped.$memwr$\cache_valid$picosoc.v:429$613_EN' using process `\spimem_cache_direct_mapped.$proc$picosoc.v:425$645'.
  created $dff cell `$procdff$6100' with positive edge clock.
Creating register for signal `\spimem_cache_direct_mapped.$memwr$\cache_valid$picosoc.v:429$614_EN' using process `\spimem_cache_direct_mapped.$proc$picosoc.v:425$645'.
  created $dff cell `$procdff$6101' with positive edge clock.
Creating register for signal `\spimem_cache_direct_mapped.$memwr$\cache_valid$picosoc.v:429$615_EN' using process `\spimem_cache_direct_mapped.$proc$picosoc.v:425$645'.
  created $dff cell `$procdff$6102' with positive edge clock.
Creating register for signal `\spimem_cache_direct_mapped.$memwr$\cache_valid$picosoc.v:429$616_EN' using process `\spimem_cache_direct_mapped.$proc$picosoc.v:425$645'.
  created $dff cell `$procdff$6103' with positive edge clock.
Creating register for signal `\spimem_cache_direct_mapped.$memwr$\cache_valid$picosoc.v:429$617_EN' using process `\spimem_cache_direct_mapped.$proc$picosoc.v:425$645'.
  created $dff cell `$procdff$6104' with positive edge clock.
Creating register for signal `\spimem_cache_direct_mapped.$memwr$\cache_valid$picosoc.v:429$618_EN' using process `\spimem_cache_direct_mapped.$proc$picosoc.v:425$645'.
  created $dff cell `$procdff$6105' with positive edge clock.
Creating register for signal `\spimem_cache_direct_mapped.$memwr$\cache_valid$picosoc.v:429$619_EN' using process `\spimem_cache_direct_mapped.$proc$picosoc.v:425$645'.
  created $dff cell `$procdff$6106' with positive edge clock.
Creating register for signal `\spimem_cache_direct_mapped.$memwr$\cache_data$picosoc.v:437$620_ADDR' using process `\spimem_cache_direct_mapped.$proc$picosoc.v:425$645'.
  created $dff cell `$procdff$6107' with positive edge clock.
Creating register for signal `\spimem_cache_direct_mapped.$memwr$\cache_data$picosoc.v:437$620_DATA' using process `\spimem_cache_direct_mapped.$proc$picosoc.v:425$645'.
  created $dff cell `$procdff$6108' with positive edge clock.
Creating register for signal `\spimem_cache_direct_mapped.$memwr$\cache_data$picosoc.v:437$620_EN' using process `\spimem_cache_direct_mapped.$proc$picosoc.v:425$645'.
  created $dff cell `$procdff$6109' with positive edge clock.
Creating register for signal `\spimem_cache_direct_mapped.$memwr$\cache_tag$picosoc.v:439$621_ADDR' using process `\spimem_cache_direct_mapped.$proc$picosoc.v:425$645'.
  created $dff cell `$procdff$6110' with positive edge clock.
Creating register for signal `\spimem_cache_direct_mapped.$memwr$\cache_tag$picosoc.v:439$621_DATA' using process `\spimem_cache_direct_mapped.$proc$picosoc.v:425$645'.
  created $dff cell `$procdff$6111' with positive edge clock.
Creating register for signal `\spimem_cache_direct_mapped.$memwr$\cache_tag$picosoc.v:439$621_EN' using process `\spimem_cache_direct_mapped.$proc$picosoc.v:425$645'.
  created $dff cell `$procdff$6112' with positive edge clock.
Creating register for signal `\spimem_cache_direct_mapped.$memwr$\cache_valid$picosoc.v:440$622_ADDR' using process `\spimem_cache_direct_mapped.$proc$picosoc.v:425$645'.
  created $dff cell `$procdff$6113' with positive edge clock.
Creating register for signal `\spimem_cache_direct_mapped.$memwr$\cache_valid$picosoc.v:440$622_EN' using process `\spimem_cache_direct_mapped.$proc$picosoc.v:425$645'.
  created $dff cell `$procdff$6114' with positive edge clock.
Creating register for signal `\spimemio.\rdata' using process `\spimemio.$proc$spimemio.v:207$535'.
  created $dff cell `$procdff$6115' with positive edge clock.
Creating register for signal `\spimemio.\xfer_resetn' using process `\spimemio.$proc$spimemio.v:207$535'.
  created $dff cell `$procdff$6116' with positive edge clock.
Creating register for signal `\spimemio.\din_valid' using process `\spimemio.$proc$spimemio.v:207$535'.
  created $dff cell `$procdff$6117' with positive edge clock.
Creating register for signal `\spimemio.\din_data' using process `\spimemio.$proc$spimemio.v:207$535'.
  created $dff cell `$procdff$6118' with positive edge clock.
Creating register for signal `\spimemio.\din_tag' using process `\spimemio.$proc$spimemio.v:207$535'.
  created $dff cell `$procdff$6119' with positive edge clock.
Creating register for signal `\spimemio.\din_cont' using process `\spimemio.$proc$spimemio.v:207$535'.
  created $dff cell `$procdff$6120' with positive edge clock.
Creating register for signal `\spimemio.\din_qspi' using process `\spimemio.$proc$spimemio.v:207$535'.
  created $dff cell `$procdff$6121' with positive edge clock.
Creating register for signal `\spimemio.\din_ddr' using process `\spimemio.$proc$spimemio.v:207$535'.
  created $dff cell `$procdff$6122' with positive edge clock.
Creating register for signal `\spimemio.\din_rd' using process `\spimemio.$proc$spimemio.v:207$535'.
  created $dff cell `$procdff$6123' with positive edge clock.
Creating register for signal `\spimemio.\buffer' using process `\spimemio.$proc$spimemio.v:207$535'.
  created $dff cell `$procdff$6124' with positive edge clock.
Creating register for signal `\spimemio.\rd_addr' using process `\spimemio.$proc$spimemio.v:207$535'.
  created $dff cell `$procdff$6125' with positive edge clock.
Creating register for signal `\spimemio.\rd_valid' using process `\spimemio.$proc$spimemio.v:207$535'.
  created $dff cell `$procdff$6126' with positive edge clock.
Creating register for signal `\spimemio.\rd_wait' using process `\spimemio.$proc$spimemio.v:207$535'.
  created $dff cell `$procdff$6127' with positive edge clock.
Creating register for signal `\spimemio.\rd_inc' using process `\spimemio.$proc$spimemio.v:207$535'.
  created $dff cell `$procdff$6128' with positive edge clock.
Creating register for signal `\spimemio.\state' using process `\spimemio.$proc$spimemio.v:207$535'.
  created $dff cell `$procdff$6129' with positive edge clock.
Creating register for signal `\spimemio.\xfer_io0_90' using process `\spimemio.$proc$spimemio.v:151$517'.
  created $dff cell `$procdff$6130' with negative edge clock.
Creating register for signal `\spimemio.\xfer_io1_90' using process `\spimemio.$proc$spimemio.v:151$517'.
  created $dff cell `$procdff$6131' with negative edge clock.
Creating register for signal `\spimemio.\xfer_io2_90' using process `\spimemio.$proc$spimemio.v:151$517'.
  created $dff cell `$procdff$6132' with negative edge clock.
Creating register for signal `\spimemio.\xfer_io3_90' using process `\spimemio.$proc$spimemio.v:151$517'.
  created $dff cell `$procdff$6133' with negative edge clock.
Creating register for signal `\spimemio.\softreset' using process `\spimemio.$proc$spimemio.v:99$513'.
  created $dff cell `$procdff$6134' with positive edge clock.
Creating register for signal `\spimemio.\config_en' using process `\spimemio.$proc$spimemio.v:99$513'.
  created $dff cell `$procdff$6135' with positive edge clock.
Creating register for signal `\spimemio.\config_ddr' using process `\spimemio.$proc$spimemio.v:99$513'.
  created $dff cell `$procdff$6136' with positive edge clock.
Creating register for signal `\spimemio.\config_qspi' using process `\spimemio.$proc$spimemio.v:99$513'.
  created $dff cell `$procdff$6137' with positive edge clock.
Creating register for signal `\spimemio.\config_cont' using process `\spimemio.$proc$spimemio.v:99$513'.
  created $dff cell `$procdff$6138' with positive edge clock.
Creating register for signal `\spimemio.\config_dummy' using process `\spimemio.$proc$spimemio.v:99$513'.
  created $dff cell `$procdff$6139' with positive edge clock.
Creating register for signal `\spimemio.\config_oe' using process `\spimemio.$proc$spimemio.v:99$513'.
  created $dff cell `$procdff$6140' with positive edge clock.
Creating register for signal `\spimemio.\config_csb' using process `\spimemio.$proc$spimemio.v:99$513'.
  created $dff cell `$procdff$6141' with positive edge clock.
Creating register for signal `\spimemio.\config_clk' using process `\spimemio.$proc$spimemio.v:99$513'.
  created $dff cell `$procdff$6142' with positive edge clock.
Creating register for signal `\spimemio.\config_do' using process `\spimemio.$proc$spimemio.v:99$513'.
  created $dff cell `$procdff$6143' with positive edge clock.
Creating register for signal `\simpleuart.\send_pattern' using process `\simpleuart.$proc$simpleuart.v:109$493'.
  created $dff cell `$procdff$6144' with positive edge clock.
Creating register for signal `\simpleuart.\send_bitcnt' using process `\simpleuart.$proc$simpleuart.v:109$493'.
  created $dff cell `$procdff$6145' with positive edge clock.
Creating register for signal `\simpleuart.\send_divcnt' using process `\simpleuart.$proc$simpleuart.v:109$493'.
  created $dff cell `$procdff$6146' with positive edge clock.
Creating register for signal `\simpleuart.\send_dummy' using process `\simpleuart.$proc$simpleuart.v:109$493'.
  created $dff cell `$procdff$6147' with positive edge clock.
Creating register for signal `\simpleuart.\recv_state' using process `\simpleuart.$proc$simpleuart.v:66$484'.
  created $dff cell `$procdff$6148' with positive edge clock.
Creating register for signal `\simpleuart.\recv_divcnt' using process `\simpleuart.$proc$simpleuart.v:66$484'.
  created $dff cell `$procdff$6149' with positive edge clock.
Creating register for signal `\simpleuart.\recv_pattern' using process `\simpleuart.$proc$simpleuart.v:66$484'.
  created $dff cell `$procdff$6150' with positive edge clock.
Creating register for signal `\simpleuart.\recv_buf_data' using process `\simpleuart.$proc$simpleuart.v:66$484'.
  created $dff cell `$procdff$6151' with positive edge clock.
Creating register for signal `\simpleuart.\recv_buf_valid' using process `\simpleuart.$proc$simpleuart.v:66$484'.
  created $dff cell `$procdff$6152' with positive edge clock.
Creating register for signal `\simpleuart.\cfg_divider' using process `\simpleuart.$proc$simpleuart.v:55$482'.
  created $dff cell `$procdff$6153' with positive edge clock.
Creating register for signal `\seven_seg_ctrl.\dout' using process `\seven_seg_ctrl.$proc$icebreaker.v:220$462'.
  created $dff cell `$procdff$6154' with positive edge clock.
Creating register for signal `\seven_seg_ctrl.\clkdiv' using process `\seven_seg_ctrl.$proc$icebreaker.v:220$462'.
  created $dff cell `$procdff$6155' with positive edge clock.
Creating register for signal `\seven_seg_ctrl.\clkdiv_pulse' using process `\seven_seg_ctrl.$proc$icebreaker.v:220$462'.
  created $dff cell `$procdff$6156' with positive edge clock.
Creating register for signal `\seven_seg_ctrl.\msb_not_lsb' using process `\seven_seg_ctrl.$proc$icebreaker.v:220$462'.
  created $dff cell `$procdff$6157' with positive edge clock.
Creating register for signal `$paramod$39834aa9329a3faf5d41fecb8630a580713f4db9\picosoc.\ram_ready' using process `$paramod$39834aa9329a3faf5d41fecb8630a580713f4db9\picosoc.$proc$picosoc.v:255$452'.
  created $dff cell `$procdff$6158' with positive edge clock.
Creating register for signal `\icebreaker.\iomem_ready' using process `\icebreaker.$proc$icebreaker.v:132$397'.
  created $dff cell `$procdff$6159' with positive edge clock.
Creating register for signal `\icebreaker.\iomem_rdata' using process `\icebreaker.$proc$icebreaker.v:132$397'.
  created $dff cell `$procdff$6160' with positive edge clock.
Creating register for signal `\icebreaker.\gpio' using process `\icebreaker.$proc$icebreaker.v:132$397'.
  created $dff cell `$procdff$6161' with positive edge clock.
Creating register for signal `\icebreaker.\reset_cnt' using process `\icebreaker.$proc$icebreaker.v:79$392'.
  created $dff cell `$procdff$6162' with positive edge clock.
Creating register for signal `\icebreaker.\clk_15mhz' using process `\icebreaker.$proc$icebreaker.v:70$389'.
  created $dff cell `$procdff$6163' with positive edge clock.

7.4.10. Executing PROC_MEMWR pass (convert process memory writes to cells).

7.4.11. Executing PROC_CLEAN pass (remove empty switches from decision trees).
Found and cleaned up 1 empty switch in `\picosoc_regs.$proc$picosoc.v:796$1611'.
Removing empty process `picosoc_regs.$proc$picosoc.v:796$1611'.
Found and cleaned up 4 empty switches in `\picorv32_pcpi_fast_mul.$proc$../picorv32.v:2378$1604'.
Removing empty process `picorv32_pcpi_fast_mul.$proc$../picorv32.v:2378$1604'.
Found and cleaned up 3 empty switches in `\picorv32_pcpi_fast_mul.$proc$../picorv32.v:2364$1599'.
Removing empty process `picorv32_pcpi_fast_mul.$proc$../picorv32.v:2364$1599'.
Found and cleaned up 2 empty switches in `\picorv32_pcpi_fast_mul.$proc$../picorv32.v:2348$1597'.
Removing empty process `picorv32_pcpi_fast_mul.$proc$../picorv32.v:2348$1597'.
Found and cleaned up 5 empty switches in `\picorv32_pcpi_div.$proc$../picorv32.v:2464$1558'.
Removing empty process `picorv32_pcpi_div.$proc$../picorv32.v:2464$1558'.
Found and cleaned up 2 empty switches in `\picorv32_pcpi_div.$proc$../picorv32.v:2438$1548'.
Removing empty process `picorv32_pcpi_div.$proc$../picorv32.v:2438$1548'.
Found and cleaned up 4 empty switches in `\spimemio_xfer.$proc$spimemio.v:535$1529'.
Removing empty process `spimemio_xfer.$proc$spimemio.v:535$1529'.
Found and cleaned up 5 empty switches in `\spimemio_xfer.$proc$spimemio.v:447$1505'.
Removing empty process `spimemio_xfer.$proc$spimemio.v:447$1505'.
Removing empty process `spimemio_xfer.$proc$spimemio.v:436$1496'.
Found and cleaned up 61 empty switches in `$paramod$220af75f788be2579d60b7397bda7e166594ec75\picorv32.$proc$../picorv32.v:1402$1304'.
Removing empty process `$paramod$220af75f788be2579d60b7397bda7e166594ec75\picorv32.$proc$../picorv32.v:1402$1304'.
Removing empty process `$paramod$220af75f788be2579d60b7397bda7e166594ec75\picorv32.$proc$../picorv32.v:1387$1290'.
Found and cleaned up 2 empty switches in `$paramod$220af75f788be2579d60b7397bda7e166594ec75\picorv32.$proc$../picorv32.v:1309$1276'.
Removing empty process `$paramod$220af75f788be2579d60b7397bda7e166594ec75\picorv32.$proc$../picorv32.v:1309$1276'.
Found and cleaned up 2 empty switches in `$paramod$220af75f788be2579d60b7397bda7e166594ec75\picorv32.$proc$../picorv32.v:1295$1271'.
Removing empty process `$paramod$220af75f788be2579d60b7397bda7e166594ec75\picorv32.$proc$../picorv32.v:1295$1271'.
Removing empty process `$paramod$220af75f788be2579d60b7397bda7e166594ec75\picorv32.$proc$../picorv32.v:1293$1270'.
Found and cleaned up 2 empty switches in `$paramod$220af75f788be2579d60b7397bda7e166594ec75\picorv32.$proc$../picorv32.v:1249$1248'.
Removing empty process `$paramod$220af75f788be2579d60b7397bda7e166594ec75\picorv32.$proc$../picorv32.v:1249$1248'.
Found and cleaned up 8 empty switches in `$paramod$220af75f788be2579d60b7397bda7e166594ec75\picorv32.$proc$../picorv32.v:1186$1236'.
Removing empty process `$paramod$220af75f788be2579d60b7397bda7e166594ec75\picorv32.$proc$../picorv32.v:1186$1236'.
Found and cleaned up 22 empty switches in `$paramod$220af75f788be2579d60b7397bda7e166594ec75\picorv32.$proc$../picorv32.v:858$973'.
Removing empty process `$paramod$220af75f788be2579d60b7397bda7e166594ec75\picorv32.$proc$../picorv32.v:858$973'.
Found and cleaned up 3 empty switches in `$paramod$220af75f788be2579d60b7397bda7e166594ec75\picorv32.$proc$../picorv32.v:809$971'.
Removing empty process `$paramod$220af75f788be2579d60b7397bda7e166594ec75\picorv32.$proc$../picorv32.v:809$971'.
Found and cleaned up 5 empty switches in `$paramod$220af75f788be2579d60b7397bda7e166594ec75\picorv32.$proc$../picorv32.v:778$967'.
Removing empty process `$paramod$220af75f788be2579d60b7397bda7e166594ec75\picorv32.$proc$../picorv32.v:778$967'.
Found and cleaned up 48 empty switches in `$paramod$220af75f788be2579d60b7397bda7e166594ec75\picorv32.$proc$../picorv32.v:701$966'.
Removing empty process `$paramod$220af75f788be2579d60b7397bda7e166594ec75\picorv32.$proc$../picorv32.v:701$966'.
Found and cleaned up 16 empty switches in `$paramod$220af75f788be2579d60b7397bda7e166594ec75\picorv32.$proc$../picorv32.v:565$942'.
Removing empty process `$paramod$220af75f788be2579d60b7397bda7e166594ec75\picorv32.$proc$../picorv32.v:565$942'.
Removing empty process `$paramod$220af75f788be2579d60b7397bda7e166594ec75\picorv32.$proc$../picorv32.v:1239$1485'.
Found and cleaned up 19 empty switches in `$paramod$220af75f788be2579d60b7397bda7e166594ec75\picorv32.$proc$../picorv32.v:430$904'.
Removing empty process `$paramod$220af75f788be2579d60b7397bda7e166594ec75\picorv32.$proc$../picorv32.v:430$904'.
Found and cleaned up 3 empty switches in `$paramod$220af75f788be2579d60b7397bda7e166594ec75\picorv32.$proc$../picorv32.v:401$901'.
Removing empty process `$paramod$220af75f788be2579d60b7397bda7e166594ec75\picorv32.$proc$../picorv32.v:401$901'.
Found and cleaned up 2 empty switches in `$paramod$220af75f788be2579d60b7397bda7e166594ec75\picorv32.$proc$../picorv32.v:390$896'.
Removing empty process `$paramod$220af75f788be2579d60b7397bda7e166594ec75\picorv32.$proc$../picorv32.v:390$896'.
Found and cleaned up 1 empty switch in `$paramod$220af75f788be2579d60b7397bda7e166594ec75\picorv32.$proc$../picorv32.v:325$822'.
Removing empty process `$paramod$220af75f788be2579d60b7397bda7e166594ec75\picorv32.$proc$../picorv32.v:325$822'.
Found and cleaned up 7 empty switches in `\spimem_cache_direct_mapped.$proc$picosoc.v:425$645'.
Removing empty process `spimem_cache_direct_mapped.$proc$picosoc.v:425$645'.
Found and cleaned up 25 empty switches in `\spimemio.$proc$spimemio.v:207$535'.
Removing empty process `spimemio.$proc$spimemio.v:207$535'.
Removing empty process `spimemio.$proc$spimemio.v:151$517'.
Found and cleaned up 5 empty switches in `\spimemio.$proc$spimemio.v:99$513'.
Removing empty process `spimemio.$proc$spimemio.v:99$513'.
Found and cleaned up 5 empty switches in `\simpleuart.$proc$simpleuart.v:109$493'.
Removing empty process `simpleuart.$proc$simpleuart.v:109$493'.
Found and cleaned up 7 empty switches in `\simpleuart.$proc$simpleuart.v:66$484'.
Removing empty process `simpleuart.$proc$simpleuart.v:66$484'.
Found and cleaned up 5 empty switches in `\simpleuart.$proc$simpleuart.v:55$482'.
Removing empty process `simpleuart.$proc$simpleuart.v:55$482'.
Found and cleaned up 1 empty switch in `\seven_seg_hex.$proc$icebreaker.v:242$471'.
Removing empty process `seven_seg_hex.$proc$icebreaker.v:242$471'.
Removing empty process `seven_seg_ctrl.$proc$icebreaker.v:218$470'.
Removing empty process `seven_seg_ctrl.$proc$icebreaker.v:217$469'.
Removing empty process `seven_seg_ctrl.$proc$icebreaker.v:216$468'.
Found and cleaned up 2 empty switches in `\seven_seg_ctrl.$proc$icebreaker.v:220$462'.
Removing empty process `seven_seg_ctrl.$proc$icebreaker.v:220$462'.
Removing empty process `$paramod$39834aa9329a3faf5d41fecb8630a580713f4db9\picosoc.$proc$picosoc.v:255$452'.
Removing empty process `$paramod$39834aa9329a3faf5d41fecb8630a580713f4db9\picosoc.$proc$picosoc.v:93$405'.
Removing empty process `icebreaker.$proc$icebreaker.v:76$404'.
Removing empty process `icebreaker.$proc$icebreaker.v:68$403'.
Found and cleaned up 6 empty switches in `\icebreaker.$proc$icebreaker.v:132$397'.
Removing empty process `icebreaker.$proc$icebreaker.v:132$397'.
Removing empty process `icebreaker.$proc$icebreaker.v:79$392'.
Removing empty process `icebreaker.$proc$icebreaker.v:70$389'.
Cleaned up 283 empty switches.

7.4.12. Executing OPT_EXPR pass (perform const folding).
Optimizing module picosoc_regs.
Optimizing module picorv32_pcpi_fast_mul.
<suppressed ~12 debug messages>
Optimizing module picorv32_pcpi_div.
<suppressed ~12 debug messages>
Optimizing module spimemio_xfer.
<suppressed ~33 debug messages>
Optimizing module $paramod$220af75f788be2579d60b7397bda7e166594ec75\picorv32.
<suppressed ~675 debug messages>
Optimizing module spimem_cache_direct_mapped.
<suppressed ~92 debug messages>
Optimizing module spimemio.
<suppressed ~15 debug messages>
Optimizing module simpleuart.
<suppressed ~17 debug messages>
Optimizing module $paramod\ice40up5k_spram\WORDS=s32'00000000000000001000000000000000.
Optimizing module seven_seg_hex.
Optimizing module seven_seg_ctrl.
Optimizing module $paramod$39834aa9329a3faf5d41fecb8630a580713f4db9\picosoc.
Optimizing module icebreaker.
<suppressed ~6 debug messages>

7.5. Executing FLATTEN pass (flatten design).
Deleting now unused module picosoc_regs.
Deleting now unused module picorv32_pcpi_fast_mul.
Deleting now unused module picorv32_pcpi_div.
Deleting now unused module spimemio_xfer.
Deleting now unused module $paramod$220af75f788be2579d60b7397bda7e166594ec75\picorv32.
Deleting now unused module spimem_cache_direct_mapped.
Deleting now unused module spimemio.
Deleting now unused module simpleuart.
Deleting now unused module $paramod\ice40up5k_spram\WORDS=s32'00000000000000001000000000000000.
Deleting now unused module seven_seg_hex.
Deleting now unused module seven_seg_ctrl.
Deleting now unused module $paramod$39834aa9329a3faf5d41fecb8630a580713f4db9\picosoc.
<suppressed ~13 debug messages>

7.6. Executing TRIBUF pass.

7.7. Executing DEMINOUT pass (demote inout ports to input or output).

7.8. Executing OPT_EXPR pass (perform const folding).
Optimizing module icebreaker.
<suppressed ~5 debug messages>

7.9. Executing OPT_CLEAN pass (remove unused cells and wires).
Finding unused cells or wires in module \icebreaker..
Removed 755 unused cells and 3007 unused wires.
<suppressed ~831 debug messages>

7.10. Executing CHECK pass (checking for obvious problems).
Checking module icebreaker...
Found and reported 0 problems.

7.11. Executing OPT pass (performing simple optimizations).

7.11.1. Executing OPT_EXPR pass (perform const folding).
Optimizing module icebreaker.

7.11.2. Executing OPT_MERGE pass (detect identical cells).
Finding identical cells in module `\icebreaker'.
Computing hashes of 2099 cells of `\icebreaker'.
Finding duplicate cells in `\icebreaker'.
Computing hashes of 1743 cells of `\icebreaker'.
Finding duplicate cells in `\icebreaker'.
Computing hashes of 1725 cells of `\icebreaker'.
Finding duplicate cells in `\icebreaker'.
Computing hashes of 1723 cells of `\icebreaker'.
Finding duplicate cells in `\icebreaker'.
<suppressed ~1128 debug messages>
Removed a total of 376 cells.

7.11.3. Executing OPT_MUXTREE pass (detect dead branches in mux trees).
Running muxtree optimizer on module \icebreaker..
  Creating internal representation of mux trees.
  Evaluating internal representation of mux trees.
      Replacing known input bits on port B of cell $flatten\soc.\cpu.$procmux$5005: { \soc.cpu.genblk1.pcpi_mul.active [1] \soc.cpu.genblk2.pcpi_div.pcpi_wr } -> { 1'1 \soc.cpu.genblk2.pcpi_div.pcpi_wr }
  Analyzing evaluation results.
    dead port 2/2 on $mux $flatten\soc.\cpu.$procmux$2588.
    dead port 2/2 on $mux $flatten\soc.\cpu.$procmux$2585.
    dead port 7/12 on $pmux $flatten\soc.\cpu.$procmux$3226.
    dead port 8/12 on $pmux $flatten\soc.\cpu.$procmux$3226.
    dead port 2/2 on $mux $flatten\soc.\cpu.$procmux$2573.
    dead port 2/2 on $mux $flatten\soc.\cpu.$procmux$2570.
    dead port 2/2 on $mux $flatten\soc.\cpu.$procmux$2568.
    dead port 1/2 on $mux $flatten\soc.\cpu.$procmux$2566.
    dead port 2/2 on $mux $flatten\soc.\cpu.$procmux$2563.
    dead port 2/2 on $mux $flatten\soc.\cpu.$procmux$2540.
    dead port 2/2 on $mux $flatten\soc.\cpu.$procmux$2537.
    dead port 2/2 on $mux $flatten\soc.\cpu.$procmux$2532.
    dead port 2/2 on $mux $flatten\soc.\cpu.$procmux$2522.
    dead port 2/2 on $mux $flatten\soc.\cpu.$procmux$2519.
    dead port 2/2 on $mux $flatten\soc.\cpu.$procmux$2517.
    dead port 1/2 on $mux $flatten\soc.\cpu.$procmux$2515.
    dead port 2/2 on $mux $flatten\soc.\cpu.$procmux$2512.
    dead port 2/2 on $mux $flatten\soc.\cpu.$procmux$2498.
    dead port 2/2 on $mux $flatten\soc.\cpu.$procmux$2495.
    dead port 2/2 on $mux $flatten\soc.\cpu.$procmux$2474.
    dead port 2/2 on $mux $flatten\soc.\cpu.$procmux$2471.
    dead port 2/2 on $mux $flatten\soc.\cpu.$procmux$2469.
    dead port 2/2 on $mux $flatten\soc.\cpu.$procmux$2450.
    dead port 2/2 on $mux $flatten\soc.\cpu.$procmux$2447.
    dead port 2/2 on $mux $flatten\soc.\cpu.$procmux$2445.
    dead port 2/2 on $mux $flatten\soc.\cpu.$procmux$2426.
    dead port 2/2 on $mux $flatten\soc.\cpu.$procmux$2423.
    dead port 2/2 on $mux $flatten\soc.\cpu.$procmux$2421.
    dead port 2/2 on $mux $flatten\soc.\cpu.$procmux$2399.
    dead port 2/2 on $mux $flatten\soc.\cpu.$procmux$2396.
    dead port 2/2 on $mux $flatten\soc.\cpu.$procmux$2394.
    dead port 1/2 on $mux $flatten\soc.\cpu.$procmux$2392.
    dead port 2/2 on $mux $flatten\soc.\cpu.$procmux$2369.
    dead port 2/2 on $mux $flatten\soc.\cpu.$procmux$2366.
    dead port 2/2 on $mux $flatten\soc.\cpu.$procmux$2364.
    dead port 2/2 on $mux $flatten\soc.\cpu.$procmux$2357.
    dead port 2/2 on $mux $flatten\soc.\cpu.$procmux$2354.
    dead port 2/2 on $mux $flatten\soc.\cpu.$procmux$2342.
    dead port 2/2 on $mux $flatten\soc.\cpu.$procmux$2339.
    dead port 2/2 on $mux $flatten\soc.\cpu.$procmux$2337.
    dead port 2/2 on $mux $flatten\soc.\cpu.$procmux$2324.
    dead port 2/2 on $mux $flatten\soc.\cpu.$procmux$2321.
    dead port 2/2 on $mux $flatten\soc.\cpu.$procmux$2319.
    dead port 1/2 on $mux $flatten\soc.\cpu.$procmux$2317.
    dead port 2/2 on $mux $flatten\soc.\cpu.$procmux$2303.
    dead port 2/2 on $mux $flatten\soc.\cpu.$procmux$2300.
    dead port 2/2 on $mux $flatten\soc.\cpu.$procmux$3814.
    dead port 2/2 on $mux $flatten\soc.\cpu.$procmux$2298.
    dead port 2/2 on $mux $flatten\soc.\cpu.$procmux$2290.
    dead port 2/2 on $mux $flatten\soc.\cpu.$procmux$2287.
    dead port 2/2 on $mux $flatten\soc.\cpu.$procmux$2278.
    dead port 2/2 on $mux $flatten\soc.\cpu.$procmux$2275.
    dead port 2/2 on $mux $flatten\soc.\cpu.$procmux$2263.
    dead port 2/2 on $mux $flatten\soc.\cpu.$procmux$2250.
    dead port 2/2 on $mux $flatten\soc.\cpu.$procmux$2247.
    dead port 2/2 on $mux $flatten\soc.\cpu.$procmux$2240.
    dead port 2/2 on $mux $flatten\soc.\cpu.$procmux$2227.
    dead port 2/2 on $mux $flatten\soc.\cpu.$procmux$2224.
    dead port 2/2 on $mux $flatten\soc.\cpu.$procmux$2218.
    dead port 2/2 on $mux $flatten\soc.\cpu.$procmux$3805.
    dead port 2/2 on $mux $flatten\soc.\cpu.$procmux$2198.
    dead port 2/2 on $mux $flatten\soc.\cpu.$procmux$2189.
    dead port 2/2 on $mux $flatten\soc.\cpu.$procmux$2183.
    dead port 2/2 on $mux $flatten\soc.\cpu.$procmux$2181.
    dead port 2/2 on $mux $flatten\soc.\cpu.$procmux$2174.
    dead port 2/2 on $mux $flatten\soc.\cpu.$procmux$2168.
    dead port 2/2 on $mux $flatten\soc.\cpu.$procmux$2166.
    dead port 2/2 on $mux $flatten\soc.\cpu.$procmux$2156.
    dead port 7/11 on $pmux $flatten\soc.\cpu.$procmux$3612.
    dead port 8/11 on $pmux $flatten\soc.\cpu.$procmux$3612.
    dead port 4/8 on $pmux $flatten\soc.\cpu.$procmux$3139.
    dead port 5/8 on $pmux $flatten\soc.\cpu.$procmux$3139.
    dead port 2/2 on $mux $flatten\soc.\cpu.$procmux$2644.
    dead port 4/8 on $pmux $flatten\soc.\cpu.$procmux$3664.
    dead port 5/8 on $pmux $flatten\soc.\cpu.$procmux$3664.
    dead port 3/4 on $pmux $flatten\soc.\cpu.$procmux$5000.
    dead port 7/11 on $pmux $flatten\soc.\cpu.$procmux$2932.
    dead port 8/11 on $pmux $flatten\soc.\cpu.$procmux$2932.
    dead port 7/12 on $pmux $flatten\soc.\cpu.$procmux$3426.
    dead port 8/12 on $pmux $flatten\soc.\cpu.$procmux$3426.
    dead port 2/2 on $mux $flatten\soc.\cpu.\genblk1.pcpi_mul.$procmux$1688.
    dead port 2/2 on $mux $flatten\soc.\cpu.\genblk1.pcpi_mul.$procmux$1680.
    dead port 2/2 on $mux $flatten\soc.\cpu.\genblk1.pcpi_mul.$procmux$1673.
    dead port 2/2 on $mux $flatten\soc.\cpu.\genblk1.pcpi_mul.$procmux$1667.
    dead port 4/8 on $pmux $flatten\soc.\cpu.$procmux$2888.
    dead port 5/8 on $pmux $flatten\soc.\cpu.$procmux$2888.
    dead port 1/8 on $pmux $flatten\soc.\cpu.$procmux$3829.
    dead port 2/8 on $pmux $flatten\soc.\cpu.$procmux$3829.
    dead port 2/2 on $mux $flatten\soc.\spimem_cache.$procmux$5099.
    dead port 2/2 on $mux $flatten\soc.\spimem_cache.$procmux$5093.
    dead port 2/2 on $mux $flatten\soc.\spimem_cache.$procmux$5087.
    dead port 2/2 on $mux $flatten\soc.\spimem_cache.$procmux$5081.
    dead port 2/2 on $mux $flatten\soc.\spimem_cache.$procmux$5075.
    dead port 2/2 on $mux $flatten\soc.\spimem_cache.$procmux$5069.
    dead port 2/2 on $mux $flatten\soc.\spimem_cache.$procmux$5063.
    dead port 2/2 on $mux $flatten\soc.\spimem_cache.$procmux$5057.
    dead port 2/2 on $mux $flatten\soc.\spimem_cache.$procmux$5051.
    dead port 2/2 on $mux $flatten\soc.\spimem_cache.$procmux$5048.
    dead port 2/2 on $mux $flatten\soc.\spimem_cache.$procmux$5042.
    dead port 2/2 on $mux $flatten\soc.\spimem_cache.$procmux$5039.
    dead port 2/2 on $mux $flatten\soc.\spimem_cache.$procmux$5033.
    dead port 2/2 on $mux $flatten\soc.\spimem_cache.$procmux$5030.
    dead port 2/2 on $mux $flatten\soc.\spimem_cache.$procmux$5024.
    dead port 2/2 on $mux $flatten\soc.\spimem_cache.$procmux$5021.
    dead port 2/2 on $mux $flatten\soc.\spimem_cache.$procmux$5015.
    dead port 2/2 on $mux $flatten\soc.\spimem_cache.$procmux$5012.
    dead port 2/2 on $mux $flatten\soc.\cpu.$procmux$2631.
    dead port 2/2 on $mux $flatten\soc.\spimemio.\xfer.$procmux$1914.
    dead port 1/4 on $pmux $flatten\soc.\spimemio.\xfer.$procmux$1916.
    dead port 2/4 on $pmux $flatten\soc.\spimemio.\xfer.$procmux$1916.
    dead port 3/4 on $pmux $flatten\soc.\spimemio.\xfer.$procmux$1916.
    dead port 2/2 on $mux $flatten\soc.\spimemio.\xfer.$procmux$1920.
    dead port 2/2 on $mux $flatten\soc.\spimemio.\xfer.$procmux$1927.
    dead port 1/4 on $pmux $flatten\soc.\spimemio.\xfer.$procmux$1929.
    dead port 2/4 on $pmux $flatten\soc.\spimemio.\xfer.$procmux$1929.
    dead port 3/4 on $pmux $flatten\soc.\spimemio.\xfer.$procmux$1929.
    dead port 2/2 on $mux $flatten\soc.\spimemio.\xfer.$procmux$1933.
    dead port 2/2 on $mux $flatten\soc.\spimemio.\xfer.$procmux$1953.
    dead port 2/2 on $mux $flatten\soc.\spimemio.\xfer.$procmux$1955.
    dead port 2/2 on $mux $flatten\soc.\spimemio.\xfer.$procmux$1964.
    dead port 2/2 on $mux $flatten\soc.\spimemio.\xfer.$procmux$1966.
    dead port 2/2 on $mux $flatten\soc.\spimemio.\xfer.$procmux$1988.
    dead port 2/2 on $mux $flatten\soc.\spimemio.\xfer.$procmux$1990.
    dead port 2/2 on $mux $flatten\soc.\spimemio.\xfer.$procmux$2000.
    dead port 2/2 on $mux $flatten\soc.\spimemio.\xfer.$procmux$2002.
    dead port 2/2 on $mux $flatten\soc.\spimemio.\xfer.$procmux$2012.
    dead port 2/2 on $mux $flatten\soc.\spimemio.\xfer.$procmux$2022.
    dead port 2/2 on $mux $flatten\soc.\spimemio.\xfer.$procmux$2032.
    dead port 2/2 on $mux $flatten\soc.\spimemio.\xfer.$procmux$2042.
    dead port 2/2 on $mux $flatten\soc.\spimemio.\xfer.$procmux$2052.
    dead port 2/2 on $mux $flatten\soc.\spimemio.\xfer.$procmux$2062.
    dead port 2/2 on $mux $flatten\soc.\spimemio.\xfer.$procmux$2070.
    dead port 2/2 on $mux $flatten\soc.\spimemio.\xfer.$procmux$2078.
    dead port 2/2 on $mux $flatten\soc.\cpu.$procmux$4967.
    dead port 2/2 on $mux $flatten\soc.\spimemio.\xfer.$procmux$2086.
    dead port 2/2 on $mux $flatten\soc.\spimemio.\xfer.$procmux$2094.
    dead port 2/2 on $mux $flatten\soc.\spimemio.\xfer.$procmux$2104.
    dead port 2/2 on $mux $flatten\soc.\cpu.$procmux$4974.
    dead port 2/2 on $mux $flatten\soc.\spimemio.\xfer.$procmux$2114.
    dead port 2/2 on $mux $flatten\soc.\cpu.$procmux$2657.
Removed 140 multiplexer ports.
<suppressed ~2126 debug messages>

7.11.4. Executing OPT_REDUCE pass (consolidate $*mux and $reduce_* inputs).
  Optimizing cells in module \icebreaker.
    New input vector for $reduce_or cell $flatten\soc.\cpu.$reduce_or$../picorv32.v:329$830: { \soc.cpu.genblk2.pcpi_div.pcpi_ready \soc.cpu.genblk1.pcpi_mul.active [1] }
    New ctrl vector for $pmux cell $flatten\soc.\cpu.$procmux$2253: { $flatten\soc.\cpu.$procmux$3710_CMP $auto$opt_reduce.cc:137:opt_pmux$6246 }
    New ctrl vector for $pmux cell $flatten\soc.\cpu.$procmux$2230: { $flatten\soc.\cpu.$procmux$3710_CMP $flatten\soc.\cpu.$procmux$3672_CMP $flatten\soc.\cpu.$procmux$3220_CMP $auto$opt_reduce.cc:137:opt_pmux$6248 }
    New ctrl vector for $pmux cell $flatten\soc.\cpu.$procmux$2208: { $flatten\soc.\cpu.$procmux$3710_CMP $auto$opt_reduce.cc:137:opt_pmux$6250 }
    New ctrl vector for $pmux cell $flatten\soc.\cpu.$procmux$3226: { \soc.cpu.instr_trap $auto$opt_reduce.cc:137:opt_pmux$6254 $flatten\soc.\cpu.$logic_and$../picorv32.v:1696$1390_Y \soc.cpu.is_slli_srli_srai $auto$opt_reduce.cc:137:opt_pmux$6252 }
    New ctrl vector for $pmux cell $flatten\soc.\cpu.$procmux$3612: { $auto$opt_reduce.cc:137:opt_pmux$6258 $auto$opt_reduce.cc:137:opt_pmux$6256 }
    New ctrl vector for $pmux cell $flatten\soc.\cpu.$procmux$3139: { \soc.cpu.instr_trap $auto$opt_reduce.cc:137:opt_pmux$6260 }
    New ctrl vector for $pmux cell $flatten\soc.\cpu.$procmux$2647: { $flatten\soc.\cpu.$procmux$3205_CMP $auto$opt_reduce.cc:137:opt_pmux$6262 }
    New ctrl vector for $pmux cell $flatten\soc.\cpu.$procmux$3116: { $flatten\soc.\cpu.$procmux$3710_CMP $flatten\soc.\cpu.$procmux$3672_CMP $flatten\soc.\cpu.$procmux$3220_CMP $flatten\soc.\cpu.$procmux$3205_CMP $auto$opt_reduce.cc:137:opt_pmux$6264 }
    New ctrl vector for $pmux cell $flatten\soc.\cpu.$procmux$3664: { \soc.cpu.is_lui_auipc_jal $auto$opt_reduce.cc:137:opt_pmux$6266 }
    New ctrl vector for $pmux cell $flatten\soc.\cpu.$procmux$2976: { $flatten\soc.\cpu.$procmux$3710_CMP $flatten\soc.\cpu.$procmux$3205_CMP }
    New ctrl vector for $pmux cell $flatten\soc.\cpu.$procmux$2932: { \soc.cpu.is_slli_srli_srai $auto$opt_reduce.cc:137:opt_pmux$6268 }
    New ctrl vector for $pmux cell $flatten\soc.\cpu.$procmux$3800: $auto$opt_reduce.cc:137:opt_pmux$6270
    New ctrl vector for $pmux cell $flatten\soc.\cpu.$procmux$3426: { \soc.cpu.instr_trap $flatten\soc.\cpu.$logic_and$../picorv32.v:1696$1390_Y $auto$opt_reduce.cc:137:opt_pmux$6274 $auto$opt_reduce.cc:137:opt_pmux$6272 }
    Consolidated identical input bits for $mux cell $flatten\soc.\cpu.\cpuregs.$procmux$1625:
      Old ports: A=0, B=32'11111111111111111111111111111111, Y=$flatten\soc.\cpu.\cpuregs.$0$memwr$\regs$picosoc.v:797$1610_EN[31:0]$1614
      New ports: A=1'0, B=1'1, Y=$flatten\soc.\cpu.\cpuregs.$0$memwr$\regs$picosoc.v:797$1610_EN[31:0]$1614 [0]
      New connections: $flatten\soc.\cpu.\cpuregs.$0$memwr$\regs$picosoc.v:797$1610_EN[31:0]$1614 [31:1] = { $flatten\soc.\cpu.\cpuregs.$0$memwr$\regs$picosoc.v:797$1610_EN[31:0]$1614 [0] $flatten\soc.\cpu.\cpuregs.$0$memwr$\regs$picosoc.v:797$1610_EN[31:0]$1614 [0] $flatten\soc.\cpu.\cpuregs.$0$memwr$\regs$picosoc.v:797$1610_EN[31:0]$1614 [0] $flatten\soc.\cpu.\cpuregs.$0$memwr$\regs$picosoc.v:797$1610_EN[31:0]$1614 [0] $flatten\soc.\cpu.\cpuregs.$0$memwr$\regs$picosoc.v:797$1610_EN[31:0]$1614 [0] $flatten\soc.\cpu.\cpuregs.$0$memwr$\regs$picosoc.v:797$1610_EN[31:0]$1614 [0] $flatten\soc.\cpu.\cpuregs.$0$memwr$\regs$picosoc.v:797$1610_EN[31:0]$1614 [0] $flatten\soc.\cpu.\cpuregs.$0$memwr$\regs$picosoc.v:797$1610_EN[31:0]$1614 [0] $flatten\soc.\cpu.\cpuregs.$0$memwr$\regs$picosoc.v:797$1610_EN[31:0]$1614 [0] $flatten\soc.\cpu.\cpuregs.$0$memwr$\regs$picosoc.v:797$1610_EN[31:0]$1614 [0] $flatten\soc.\cpu.\cpuregs.$0$memwr$\regs$picosoc.v:797$1610_EN[31:0]$1614 [0] $flatten\soc.\cpu.\cpuregs.$0$memwr$\regs$picosoc.v:797$1610_EN[31:0]$1614 [0] $flatten\soc.\cpu.\cpuregs.$0$memwr$\regs$picosoc.v:797$1610_EN[31:0]$1614 [0] $flatten\soc.\cpu.\cpuregs.$0$memwr$\regs$picosoc.v:797$1610_EN[31:0]$1614 [0] $flatten\soc.\cpu.\cpuregs.$0$memwr$\regs$picosoc.v:797$1610_EN[31:0]$1614 [0] $flatten\soc.\cpu.\cpuregs.$0$memwr$\regs$picosoc.v:797$1610_EN[31:0]$1614 [0] $flatten\soc.\cpu.\cpuregs.$0$memwr$\regs$picosoc.v:797$1610_EN[31:0]$1614 [0] $flatten\soc.\cpu.\cpuregs.$0$memwr$\regs$picosoc.v:797$1610_EN[31:0]$1614 [0] $flatten\soc.\cpu.\cpuregs.$0$memwr$\regs$picosoc.v:797$1610_EN[31:0]$1614 [0] $flatten\soc.\cpu.\cpuregs.$0$memwr$\regs$picosoc.v:797$1610_EN[31:0]$1614 [0] $flatten\soc.\cpu.\cpuregs.$0$memwr$\regs$picosoc.v:797$1610_EN[31:0]$1614 [0] $flatten\soc.\cpu.\cpuregs.$0$memwr$\regs$picosoc.v:797$1610_EN[31:0]$1614 [0] $flatten\soc.\cpu.\cpuregs.$0$memwr$\regs$picosoc.v:797$1610_EN[31:0]$1614 [0] $flatten\soc.\cpu.\cpuregs.$0$memwr$\regs$picosoc.v:797$1610_EN[31:0]$1614 [0] $flatten\soc.\cpu.\cpuregs.$0$memwr$\regs$picosoc.v:797$1610_EN[31:0]$1614 [0] $flatten\soc.\cpu.\cpuregs.$0$memwr$\regs$picosoc.v:797$1610_EN[31:0]$1614 [0] $flatten\soc.\cpu.\cpuregs.$0$memwr$\regs$picosoc.v:797$1610_EN[31:0]$1614 [0] $flatten\soc.\cpu.\cpuregs.$0$memwr$\regs$picosoc.v:797$1610_EN[31:0]$1614 [0] $flatten\soc.\cpu.\cpuregs.$0$memwr$\regs$picosoc.v:797$1610_EN[31:0]$1614 [0] $flatten\soc.\cpu.\cpuregs.$0$memwr$\regs$picosoc.v:797$1610_EN[31:0]$1614 [0] $flatten\soc.\cpu.\cpuregs.$0$memwr$\regs$picosoc.v:797$1610_EN[31:0]$1614 [0] }
    New ctrl vector for $pmux cell $flatten\soc.\cpu.$procmux$2621: { $flatten\soc.\cpu.$procmux$3642_CMP $auto$opt_reduce.cc:137:opt_pmux$6276 }
    New ctrl vector for $pmux cell $flatten\soc.\cpu.$procmux$3400: { $flatten\soc.\cpu.$procmux$3710_CMP $flatten\soc.\cpu.$procmux$3672_CMP $flatten\soc.\cpu.$procmux$3220_CMP $flatten\soc.\cpu.$procmux$3659_CMP }
    New ctrl vector for $pmux cell $flatten\soc.\cpu.$procmux$2634: { $auto$opt_reduce.cc:137:opt_pmux$6278 $flatten\soc.\cpu.$procmux$3635_CMP }
    Consolidated identical input bits for $mux cell $flatten\soc.\spimem_cache.$procmux$5084:
      Old ports: A=0, B=32'11111111111111111111111111111111, Y=$flatten\soc.\spimem_cache.$procmux$5084_Y
      New ports: A=1'0, B=1'1, Y=$flatten\soc.\spimem_cache.$procmux$5084_Y [0]
      New connections: $flatten\soc.\spimem_cache.$procmux$5084_Y [31:1] = { $flatten\soc.\spimem_cache.$procmux$5084_Y [0] $flatten\soc.\spimem_cache.$procmux$5084_Y [0] $flatten\soc.\spimem_cache.$procmux$5084_Y [0] $flatten\soc.\spimem_cache.$procmux$5084_Y [0] $flatten\soc.\spimem_cache.$procmux$5084_Y [0] $flatten\soc.\spimem_cache.$procmux$5084_Y [0] $flatten\soc.\spimem_cache.$procmux$5084_Y [0] $flatten\soc.\spimem_cache.$procmux$5084_Y [0] $flatten\soc.\spimem_cache.$procmux$5084_Y [0] $flatten\soc.\spimem_cache.$procmux$5084_Y [0] $flatten\soc.\spimem_cache.$procmux$5084_Y [0] $flatten\soc.\spimem_cache.$procmux$5084_Y [0] $flatten\soc.\spimem_cache.$procmux$5084_Y [0] $flatten\soc.\spimem_cache.$procmux$5084_Y [0] $flatten\soc.\spimem_cache.$procmux$5084_Y [0] $flatten\soc.\spimem_cache.$procmux$5084_Y [0] $flatten\soc.\spimem_cache.$procmux$5084_Y [0] $flatten\soc.\spimem_cache.$procmux$5084_Y [0] $flatten\soc.\spimem_cache.$procmux$5084_Y [0] $flatten\soc.\spimem_cache.$procmux$5084_Y [0] $flatten\soc.\spimem_cache.$procmux$5084_Y [0] $flatten\soc.\spimem_cache.$procmux$5084_Y [0] $flatten\soc.\spimem_cache.$procmux$5084_Y [0] $flatten\soc.\spimem_cache.$procmux$5084_Y [0] $flatten\soc.\spimem_cache.$procmux$5084_Y [0] $flatten\soc.\spimem_cache.$procmux$5084_Y [0] $flatten\soc.\spimem_cache.$procmux$5084_Y [0] $flatten\soc.\spimem_cache.$procmux$5084_Y [0] $flatten\soc.\spimem_cache.$procmux$5084_Y [0] $flatten\soc.\spimem_cache.$procmux$5084_Y [0] $flatten\soc.\spimem_cache.$procmux$5084_Y [0] }
    Consolidated identical input bits for $mux cell $flatten\soc.\spimem_cache.$procmux$5028:
      Old ports: A=12'000000000000, B=12'111111111111, Y=$flatten\soc.\spimem_cache.$procmux$5028_Y
      New ports: A=1'0, B=1'1, Y=$flatten\soc.\spimem_cache.$procmux$5028_Y [0]
      New connections: $flatten\soc.\spimem_cache.$procmux$5028_Y [11:1] = { $flatten\soc.\spimem_cache.$procmux$5028_Y [0] $flatten\soc.\spimem_cache.$procmux$5028_Y [0] $flatten\soc.\spimem_cache.$procmux$5028_Y [0] $flatten\soc.\spimem_cache.$procmux$5028_Y [0] $flatten\soc.\spimem_cache.$procmux$5028_Y [0] $flatten\soc.\spimem_cache.$procmux$5028_Y [0] $flatten\soc.\spimem_cache.$procmux$5028_Y [0] $flatten\soc.\spimem_cache.$procmux$5028_Y [0] $flatten\soc.\spimem_cache.$procmux$5028_Y [0] $flatten\soc.\spimem_cache.$procmux$5028_Y [0] $flatten\soc.\spimem_cache.$procmux$5028_Y [0] }
    New ctrl vector for $pmux cell $flatten\soc.\spimemio.\xfer.$procmux$1903: $auto$opt_reduce.cc:137:opt_pmux$6280
    New ctrl vector for $pmux cell $flatten\soc.\spimemio.\xfer.$procmux$2048: { $flatten\soc.\spimemio.\xfer.$procmux$1906_CMP $auto$opt_reduce.cc:137:opt_pmux$6282 }
    New ctrl vector for $pmux cell $flatten\soc.\spimemio.\xfer.$procmux$2058: { $flatten\soc.\spimemio.\xfer.$procmux$1906_CMP $auto$opt_reduce.cc:137:opt_pmux$6284 }
    New ctrl vector for $pmux cell $flatten\soc.\spimemio.\xfer.$procmux$2067: $auto$opt_reduce.cc:137:opt_pmux$6286
    New ctrl vector for $pmux cell $flatten\soc.\spimemio.\xfer.$procmux$2075: $auto$opt_reduce.cc:137:opt_pmux$6288
    New ctrl vector for $pmux cell $flatten\soc.\spimemio.\xfer.$procmux$2083: $auto$opt_reduce.cc:137:opt_pmux$6290
    New ctrl vector for $pmux cell $flatten\soc.\spimemio.\xfer.$procmux$2091: $auto$opt_reduce.cc:137:opt_pmux$6292
    New ctrl vector for $pmux cell $flatten\soc.\spimemio.\xfer.$procmux$2100: { $flatten\soc.\spimemio.\xfer.$procmux$1906_CMP $auto$opt_reduce.cc:137:opt_pmux$6294 }
    New ctrl vector for $pmux cell $flatten\soc.\spimemio.\xfer.$procmux$2110: { $flatten\soc.\spimemio.\xfer.$procmux$1906_CMP $auto$opt_reduce.cc:137:opt_pmux$6296 }
    New ctrl vector for $pmux cell $flatten\soc.\spimemio.$procmux$5581: { $flatten\soc.\spimemio.$procmux$5611_CMP $auto$opt_reduce.cc:137:opt_pmux$6298 $flatten\soc.\spimemio.$procmux$5585_CMP $flatten\soc.\spimemio.$procmux$5601_CMP $flatten\soc.\spimemio.$procmux$5583_CMP $flatten\soc.\spimemio.$procmux$5582_CMP }
    New ctrl vector for $pmux cell $flatten\soc.\simpleuart.$procmux$5750: $auto$opt_reduce.cc:137:opt_pmux$6300
    New input vector for $reduce_or cell $auto$opt_reduce.cc:131:opt_pmux$6253: { \soc.cpu.instr_timer \soc.cpu.instr_maskirq \soc.cpu.instr_retirq \soc.cpu.instr_rdinstrh \soc.cpu.instr_rdinstr \soc.cpu.instr_rdcycleh \soc.cpu.instr_rdcycle }
    New input vector for $reduce_or cell $auto$opt_reduce.cc:131:opt_pmux$6257: { $flatten\soc.\cpu.$logic_and$../picorv32.v:1696$1390_Y \soc.cpu.is_slli_srli_srai \soc.cpu.instr_timer \soc.cpu.instr_maskirq \soc.cpu.instr_retirq \soc.cpu.instr_rdinstrh \soc.cpu.instr_rdinstr \soc.cpu.instr_rdcycleh \soc.cpu.instr_rdcycle }
    New input vector for $reduce_or cell $auto$opt_reduce.cc:131:opt_pmux$6259: { \soc.cpu.instr_timer \soc.cpu.instr_maskirq \soc.cpu.instr_retirq \soc.cpu.instr_rdinstrh \soc.cpu.instr_rdinstr \soc.cpu.instr_rdcycleh \soc.cpu.instr_rdcycle }
    New input vector for $reduce_or cell $auto$opt_reduce.cc:131:opt_pmux$6265: { \soc.cpu.instr_timer \soc.cpu.instr_maskirq \soc.cpu.instr_retirq \soc.cpu.instr_rdinstrh \soc.cpu.instr_rdinstr \soc.cpu.instr_rdcycleh \soc.cpu.instr_rdcycle }
    New input vector for $reduce_or cell $auto$opt_reduce.cc:131:opt_pmux$6267: { $flatten\soc.\cpu.$logic_and$../picorv32.v:1696$1390_Y \soc.cpu.is_jalr_addi_slti_sltiu_xori_ori_andi \soc.cpu.is_lui_auipc_jal \soc.cpu.instr_timer \soc.cpu.instr_maskirq \soc.cpu.instr_retirq \soc.cpu.instr_rdinstrh \soc.cpu.instr_rdinstr \soc.cpu.instr_rdcycleh \soc.cpu.instr_rdcycle }
    New input vector for $reduce_or cell $auto$opt_reduce.cc:131:opt_pmux$6273: { \soc.cpu.is_slli_srli_srai \soc.cpu.instr_timer \soc.cpu.instr_maskirq \soc.cpu.instr_retirq \soc.cpu.instr_rdinstrh \soc.cpu.instr_rdinstr \soc.cpu.instr_rdcycleh \soc.cpu.instr_rdcycle }
  Optimizing cells in module \icebreaker.
    Consolidated identical input bits for $mux cell $flatten\soc.\spimem_cache.$procmux$5312:
      Old ports: A=0, B=$flatten\soc.\spimem_cache.$2$memwr$\cache_data$picosoc.v:437$620_EN[31:0]$796, Y=$flatten\soc.\spimem_cache.$0$memwr$\cache_data$picosoc.v:437$620_EN[31:0]$712
      New ports: A=1'0, B=$flatten\soc.\spimem_cache.$procmux$5084_Y [0], Y=$flatten\soc.\spimem_cache.$0$memwr$\cache_data$picosoc.v:437$620_EN[31:0]$712 [0]
      New connections: $flatten\soc.\spimem_cache.$0$memwr$\cache_data$picosoc.v:437$620_EN[31:0]$712 [31:1] = { $flatten\soc.\spimem_cache.$0$memwr$\cache_data$picosoc.v:437$620_EN[31:0]$712 [0] $flatten\soc.\spimem_cache.$0$memwr$\cache_data$picosoc.v:437$620_EN[31:0]$712 [0] $flatten\soc.\spimem_cache.$0$memwr$\cache_data$picosoc.v:437$620_EN[31:0]$712 [0] $flatten\soc.\spimem_cache.$0$memwr$\cache_data$picosoc.v:437$620_EN[31:0]$712 [0] $flatten\soc.\spimem_cache.$0$memwr$\cache_data$picosoc.v:437$620_EN[31:0]$712 [0] $flatten\soc.\spimem_cache.$0$memwr$\cache_data$picosoc.v:437$620_EN[31:0]$712 [0] $flatten\soc.\spimem_cache.$0$memwr$\cache_data$picosoc.v:437$620_EN[31:0]$712 [0] $flatten\soc.\spimem_cache.$0$memwr$\cache_data$picosoc.v:437$620_EN[31:0]$712 [0] $flatten\soc.\spimem_cache.$0$memwr$\cache_data$picosoc.v:437$620_EN[31:0]$712 [0] $flatten\soc.\spimem_cache.$0$memwr$\cache_data$picosoc.v:437$620_EN[31:0]$712 [0] $flatten\soc.\spimem_cache.$0$memwr$\cache_data$picosoc.v:437$620_EN[31:0]$712 [0] $flatten\soc.\spimem_cache.$0$memwr$\cache_data$picosoc.v:437$620_EN[31:0]$712 [0] $flatten\soc.\spimem_cache.$0$memwr$\cache_data$picosoc.v:437$620_EN[31:0]$712 [0] $flatten\soc.\spimem_cache.$0$memwr$\cache_data$picosoc.v:437$620_EN[31:0]$712 [0] $flatten\soc.\spimem_cache.$0$memwr$\cache_data$picosoc.v:437$620_EN[31:0]$712 [0] $flatten\soc.\spimem_cache.$0$memwr$\cache_data$picosoc.v:437$620_EN[31:0]$712 [0] $flatten\soc.\spimem_cache.$0$memwr$\cache_data$picosoc.v:437$620_EN[31:0]$712 [0] $flatten\soc.\spimem_cache.$0$memwr$\cache_data$picosoc.v:437$620_EN[31:0]$712 [0] $flatten\soc.\spimem_cache.$0$memwr$\cache_data$picosoc.v:437$620_EN[31:0]$712 [0] $flatten\soc.\spimem_cache.$0$memwr$\cache_data$picosoc.v:437$620_EN[31:0]$712 [0] $flatten\soc.\spimem_cache.$0$memwr$\cache_data$picosoc.v:437$620_EN[31:0]$712 [0] $flatten\soc.\spimem_cache.$0$memwr$\cache_data$picosoc.v:437$620_EN[31:0]$712 [0] $flatten\soc.\spimem_cache.$0$memwr$\cache_data$picosoc.v:437$620_EN[31:0]$712 [0] $flatten\soc.\spimem_cache.$0$memwr$\cache_data$picosoc.v:437$620_EN[31:0]$712 [0] $flatten\soc.\spimem_cache.$0$memwr$\cache_data$picosoc.v:437$620_EN[31:0]$712 [0] $flatten\soc.\spimem_cache.$0$memwr$\cache_data$picosoc.v:437$620_EN[31:0]$712 [0] $flatten\soc.\spimem_cache.$0$memwr$\cache_data$picosoc.v:437$620_EN[31:0]$712 [0] $flatten\soc.\spimem_cache.$0$memwr$\cache_data$picosoc.v:437$620_EN[31:0]$712 [0] $flatten\soc.\spimem_cache.$0$memwr$\cache_data$picosoc.v:437$620_EN[31:0]$712 [0] $flatten\soc.\spimem_cache.$0$memwr$\cache_data$picosoc.v:437$620_EN[31:0]$712 [0] $flatten\soc.\spimem_cache.$0$memwr$\cache_data$picosoc.v:437$620_EN[31:0]$712 [0] }
    Consolidated identical input bits for $mux cell $flatten\soc.\spimem_cache.$procmux$5066:
      Old ports: A=12'000000000000, B=$flatten\soc.\spimem_cache.$3$memwr$\cache_tag$picosoc.v:439$621_EN[11:0]$804, Y=$flatten\soc.\spimem_cache.$procmux$5066_Y
      New ports: A=1'0, B=$flatten\soc.\spimem_cache.$procmux$5028_Y [0], Y=$flatten\soc.\spimem_cache.$procmux$5066_Y [0]
      New connections: $flatten\soc.\spimem_cache.$procmux$5066_Y [11:1] = { $flatten\soc.\spimem_cache.$procmux$5066_Y [0] $flatten\soc.\spimem_cache.$procmux$5066_Y [0] $flatten\soc.\spimem_cache.$procmux$5066_Y [0] $flatten\soc.\spimem_cache.$procmux$5066_Y [0] $flatten\soc.\spimem_cache.$procmux$5066_Y [0] $flatten\soc.\spimem_cache.$procmux$5066_Y [0] $flatten\soc.\spimem_cache.$procmux$5066_Y [0] $flatten\soc.\spimem_cache.$procmux$5066_Y [0] $flatten\soc.\spimem_cache.$procmux$5066_Y [0] $flatten\soc.\spimem_cache.$procmux$5066_Y [0] $flatten\soc.\spimem_cache.$procmux$5066_Y [0] }
  Optimizing cells in module \icebreaker.
    Consolidated identical input bits for $mux cell $flatten\soc.\spimem_cache.$procmux$5303:
      Old ports: A=12'000000000000, B=$flatten\soc.\spimem_cache.$2$memwr$\cache_tag$picosoc.v:439$621_EN[11:0]$799, Y=$flatten\soc.\spimem_cache.$0$memwr$\cache_tag$picosoc.v:439$621_EN[11:0]$715
      New ports: A=1'0, B=$flatten\soc.\spimem_cache.$procmux$5066_Y [0], Y=$flatten\soc.\spimem_cache.$0$memwr$\cache_tag$picosoc.v:439$621_EN[11:0]$715 [0]
      New connections: $flatten\soc.\spimem_cache.$0$memwr$\cache_tag$picosoc.v:439$621_EN[11:0]$715 [11:1] = { $flatten\soc.\spimem_cache.$0$memwr$\cache_tag$picosoc.v:439$621_EN[11:0]$715 [0] $flatten\soc.\spimem_cache.$0$memwr$\cache_tag$picosoc.v:439$621_EN[11:0]$715 [0] $flatten\soc.\spimem_cache.$0$memwr$\cache_tag$picosoc.v:439$621_EN[11:0]$715 [0] $flatten\soc.\spimem_cache.$0$memwr$\cache_tag$picosoc.v:439$621_EN[11:0]$715 [0] $flatten\soc.\spimem_cache.$0$memwr$\cache_tag$picosoc.v:439$621_EN[11:0]$715 [0] $flatten\soc.\spimem_cache.$0$memwr$\cache_tag$picosoc.v:439$621_EN[11:0]$715 [0] $flatten\soc.\spimem_cache.$0$memwr$\cache_tag$picosoc.v:439$621_EN[11:0]$715 [0] $flatten\soc.\spimem_cache.$0$memwr$\cache_tag$picosoc.v:439$621_EN[11:0]$715 [0] $flatten\soc.\spimem_cache.$0$memwr$\cache_tag$picosoc.v:439$621_EN[11:0]$715 [0] $flatten\soc.\spimem_cache.$0$memwr$\cache_tag$picosoc.v:439$621_EN[11:0]$715 [0] $flatten\soc.\spimem_cache.$0$memwr$\cache_tag$picosoc.v:439$621_EN[11:0]$715 [0] }
  Optimizing cells in module \icebreaker.
Performed a total of 40 changes.

7.11.5. Executing OPT_MERGE pass (detect identical cells).
Finding identical cells in module `\icebreaker'.
Computing hashes of 1632 cells of `\icebreaker'.
Finding duplicate cells in `\icebreaker'.
Computing hashes of 1528 cells of `\icebreaker'.
Finding duplicate cells in `\icebreaker'.
Computing hashes of 1517 cells of `\icebreaker'.
Finding duplicate cells in `\icebreaker'.
Computing hashes of 1510 cells of `\icebreaker'.
Finding duplicate cells in `\icebreaker'.
Computing hashes of 1508 cells of `\icebreaker'.
Finding duplicate cells in `\icebreaker'.
<suppressed ~372 debug messages>
Removed a total of 124 cells.

7.11.6. Executing OPT_DFF pass (perform DFF optimizations).

7.11.7. Executing OPT_CLEAN pass (remove unused cells and wires).
Finding unused cells or wires in module \icebreaker..
Removed 3 unused cells and 621 unused wires.
<suppressed ~6 debug messages>

7.11.8. Executing OPT_EXPR pass (perform const folding).
Optimizing module icebreaker.

7.11.9. Rerunning OPT passes. (Maybe there is more to do..)

7.11.10. Executing OPT_MUXTREE pass (detect dead branches in mux trees).
Running muxtree optimizer on module \icebreaker..
  Creating internal representation of mux trees.
  Evaluating internal representation of mux trees.
      Replacing known input bits on port B of cell $flatten\soc.\cpu.$procmux$5005: { 1'1 \soc.cpu.genblk2.pcpi_div.pcpi_ready } -> 2'11
  Analyzing evaluation results.
Removed 0 multiplexer ports.
<suppressed ~1755 debug messages>

7.11.11. Executing OPT_REDUCE pass (consolidate $*mux and $reduce_* inputs).
  Optimizing cells in module \icebreaker.
    New ctrl vector for $pmux cell $flatten\soc.\cpu.$procmux$3773: $auto$opt_reduce.cc:137:opt_pmux$6302
    New ctrl vector for $pmux cell $flatten\soc.\cpu.$procmux$4726: { $flatten\soc.\cpu.$logic_and$../picorv32.v:380$871_Y $auto$opt_reduce.cc:137:opt_pmux$6304 }
    New ctrl vector for $pmux cell $flatten\soc.\cpu.$procmux$3185: { $flatten\soc.\cpu.$eq$../picorv32.v:1313$1277_Y $flatten\soc.\cpu.$procmux$2214_CMP $flatten\soc.\cpu.$procmux$2213_CMP $flatten\soc.\cpu.$procmux$2212_CMP $flatten\soc.\cpu.$procmux$2211_CMP $auto$opt_reduce.cc:137:opt_pmux$6306 }
    New ctrl vector for $pmux cell $flatten\soc.\cpu.$procmux$2230: { $flatten\soc.\cpu.$eq$../picorv32.v:1313$1277_Y $auto$opt_reduce.cc:137:opt_pmux$6308 $auto$opt_reduce.cc:137:opt_pmux$6248 }
    New ctrl vector for $pmux cell $flatten\soc.\cpu.$procmux$2755: { $flatten\soc.\cpu.$procmux$2212_CMP $auto$opt_reduce.cc:137:opt_pmux$6310 }
    New ctrl vector for $pmux cell $flatten\soc.\cpu.$procmux$5005: $auto$opt_reduce.cc:137:opt_pmux$6312
    New ctrl vector for $pmux cell $flatten\soc.\spimemio.$procmux$5488: { $flatten\soc.\spimemio.$procmux$5424_CMP $auto$opt_reduce.cc:137:opt_pmux$6314 $flatten\soc.\spimemio.$procmux$5401_CMP }
    New ctrl vector for $pmux cell $flatten\soc.\cpu.$procmux$2738: $auto$opt_reduce.cc:137:opt_pmux$6316
    New ctrl vector for $pmux cell $flatten\soc.\spimemio.$procmux$5386: $auto$opt_reduce.cc:137:opt_pmux$6318
  Optimizing cells in module \icebreaker.
Performed a total of 9 changes.

7.11.12. Executing OPT_MERGE pass (detect identical cells).
Finding identical cells in module `\icebreaker'.
Computing hashes of 1514 cells of `\icebreaker'.
Finding duplicate cells in `\icebreaker'.
Computing hashes of 1510 cells of `\icebreaker'.
Finding duplicate cells in `\icebreaker'.
<suppressed ~12 debug messages>
Removed a total of 4 cells.

7.11.13. Executing OPT_DFF pass (perform DFF optimizations).

7.11.14. Executing OPT_CLEAN pass (remove unused cells and wires).
Finding unused cells or wires in module \icebreaker..
Removed 0 unused cells and 4 unused wires.
<suppressed ~1 debug messages>

7.11.15. Executing OPT_EXPR pass (perform const folding).
Optimizing module icebreaker.

7.11.16. Rerunning OPT passes. (Maybe there is more to do..)

7.11.17. Executing OPT_MUXTREE pass (detect dead branches in mux trees).
Running muxtree optimizer on module \icebreaker..
  Creating internal representation of mux trees.
  Evaluating internal representation of mux trees.
  Analyzing evaluation results.
    dead port 2/2 on $mux $flatten\soc.\cpu.$procmux$5005.
Removed 1 multiplexer ports.
<suppressed ~1698 debug messages>

7.11.18. Executing OPT_REDUCE pass (consolidate $*mux and $reduce_* inputs).
  Optimizing cells in module \icebreaker.
Performed a total of 0 changes.

7.11.19. Executing OPT_MERGE pass (detect identical cells).
Finding identical cells in module `\icebreaker'.
Computing hashes of 1509 cells of `\icebreaker'.
Finding duplicate cells in `\icebreaker'.
Removed a total of 0 cells.

7.11.20. Executing OPT_DFF pass (perform DFF optimizations).

7.11.21. Executing OPT_CLEAN pass (remove unused cells and wires).
Finding unused cells or wires in module \icebreaker..

7.11.22. Executing OPT_EXPR pass (perform const folding).
Optimizing module icebreaker.

7.11.23. Rerunning OPT passes. (Maybe there is more to do..)

7.11.24. Executing OPT_MUXTREE pass (detect dead branches in mux trees).
Running muxtree optimizer on module \icebreaker..
  Creating internal representation of mux trees.
  Evaluating internal representation of mux trees.
  Analyzing evaluation results.
Removed 0 multiplexer ports.
<suppressed ~1695 debug messages>

7.11.25. Executing OPT_REDUCE pass (consolidate $*mux and $reduce_* inputs).
  Optimizing cells in module \icebreaker.
Performed a total of 0 changes.

7.11.26. Executing OPT_MERGE pass (detect identical cells).
Finding identical cells in module `\icebreaker'.
Computing hashes of 1509 cells of `\icebreaker'.
Finding duplicate cells in `\icebreaker'.
Removed a total of 0 cells.

7.11.27. Executing OPT_DFF pass (perform DFF optimizations).

7.11.28. Executing OPT_CLEAN pass (remove unused cells and wires).
Finding unused cells or wires in module \icebreaker..

7.11.29. Executing OPT_EXPR pass (perform const folding).
Optimizing module icebreaker.

7.11.30. Finished fast OPT passes. (There is nothing left to do.)

7.12. Executing FSM pass (extract and optimize FSM).

7.12.1. Executing FSM_DETECT pass (finding FSMs in design).
Found FSM state register icebreaker.soc.cpu.cpu_state.
Not marking icebreaker.soc.cpu.irq_state as FSM state register:
    Users of register don't seem to benefit from recoding.
Found FSM state register icebreaker.soc.cpu.mem_wordsize.
Not marking icebreaker.soc.cpu.mem_state as FSM state register:
    Users of register don't seem to benefit from recoding.
Found FSM state register icebreaker.soc.spimemio.state.
Not marking icebreaker.soc.spimemio.din_tag as FSM state register:
    Users of register don't seem to benefit from recoding.

7.12.2. Executing FSM_EXTRACT pass (extracting FSM from design).
Extracting FSM `\soc.cpu.cpu_state' from module `\icebreaker'.
  found $dff cell for state register: $flatten\soc.\cpu.$procdff$5916
  root of input selection tree: $flatten\soc.\cpu.$0\cpu_state[7:0]
  found ctrl input: $flatten\soc.\cpu.$logic_and$../picorv32.v:1938$1473_Y
  found ctrl input: $flatten\soc.\cpu.$logic_and$../picorv32.v:1922$1455_Y
  found ctrl input: \resetn
  found state code: 8'01000000
  found ctrl input: $auto$opt_reduce.cc:137:opt_pmux$6306
  found ctrl input: $flatten\soc.\cpu.$procmux$2211_CMP
  found ctrl input: $flatten\soc.\cpu.$procmux$2212_CMP
  found ctrl input: $flatten\soc.\cpu.$procmux$2213_CMP
  found ctrl input: $flatten\soc.\cpu.$procmux$2214_CMP
  found ctrl input: $flatten\soc.\cpu.$eq$../picorv32.v:1313$1277_Y
  found ctrl input: $flatten\soc.\cpu.$logic_or$../picorv32.v:1857$1436_Y
  found ctrl input: $flatten\soc.\cpu.$logic_and$../picorv32.v:1872$1440_Y
  found ctrl input: $flatten\soc.\cpu.$eq$../picorv32.v:1831$1418_Y
  found ctrl input: \soc.cpu.is_beq_bne_blt_bge_bltu_bgeu
  found ctrl input: \soc.cpu.mem_done
  found ctrl input: \soc.cpu.is_sll_srl_sra
  found ctrl input: \soc.cpu.is_sb_sh_sw
  found ctrl input: \soc.cpu.instr_trap
  found state code: 8'00001000
  found state code: 8'00000100
  found state code: 8'00000010
  found ctrl input: \soc.cpu.pcpi_int_ready
  found ctrl input: $flatten\soc.\cpu.$logic_and$../picorv32.v:1605$1372_Y
  found ctrl input: $flatten\soc.\cpu.$logic_and$../picorv32.v:1608$1376_Y
  found state code: 8'10000000
  found ctrl input: $auto$opt_reduce.cc:137:opt_pmux$6252
  found ctrl input: \soc.cpu.is_slli_srli_srai
  found ctrl input: $flatten\soc.\cpu.$logic_and$../picorv32.v:1696$1390_Y
  found ctrl input: $auto$opt_reduce.cc:137:opt_pmux$6254
  found state code: 8'00000001
  found ctrl input: $flatten\soc.\cpu.$logic_and$../picorv32.v:1538$1351_Y
  found ctrl input: $flatten\soc.\cpu.$logic_and$../picorv32.v:1548$1359_Y
  found ctrl input: \soc.cpu.decoder_trigger
  found ctrl input: \soc.cpu.instr_jal
  found state code: 8'00100000
  found ctrl input: $flatten\soc.\cpu.$logic_and$../picorv32.v:1930$1465_Y
  found ctrl input: $flatten\soc.\cpu.$logic_and$../picorv32.v:1923$1458_Y
  found ctrl input: $flatten\soc.\cpu.$logic_and$../picorv32.v:1925$1462_Y
  found ctrl output: $flatten\soc.\cpu.$procmux$2216_CMP
  found ctrl output: $flatten\soc.\cpu.$procmux$2212_CMP
  found ctrl output: $flatten\soc.\cpu.$procmux$2213_CMP
  found ctrl output: $flatten\soc.\cpu.$procmux$2209_CMP
  found ctrl output: $flatten\soc.\cpu.$procmux$2210_CMP
  found ctrl output: $flatten\soc.\cpu.$procmux$2211_CMP
  found ctrl output: $flatten\soc.\cpu.$procmux$2214_CMP
  found ctrl output: $flatten\soc.\cpu.$eq$../picorv32.v:1313$1277_Y
  ctrl inputs: { $flatten\soc.\cpu.$logic_and$../picorv32.v:1938$1473_Y $flatten\soc.\cpu.$logic_and$../picorv32.v:1930$1465_Y $flatten\soc.\cpu.$logic_and$../picorv32.v:1925$1462_Y $flatten\soc.\cpu.$logic_and$../picorv32.v:1923$1458_Y $flatten\soc.\cpu.$logic_and$../picorv32.v:1922$1455_Y $flatten\soc.\cpu.$logic_and$../picorv32.v:1872$1440_Y $flatten\soc.\cpu.$logic_or$../picorv32.v:1857$1436_Y $flatten\soc.\cpu.$eq$../picorv32.v:1831$1418_Y $flatten\soc.\cpu.$logic_and$../picorv32.v:1696$1390_Y $flatten\soc.\cpu.$logic_and$../picorv32.v:1608$1376_Y $flatten\soc.\cpu.$logic_and$../picorv32.v:1605$1372_Y $flatten\soc.\cpu.$logic_and$../picorv32.v:1548$1359_Y $flatten\soc.\cpu.$logic_and$../picorv32.v:1538$1351_Y \soc.cpu.is_beq_bne_blt_bge_bltu_bgeu \soc.cpu.is_sll_srl_sra \soc.cpu.is_sb_sh_sw \soc.cpu.is_slli_srli_srai \soc.cpu.decoder_trigger \soc.cpu.instr_trap \soc.cpu.instr_jal \soc.cpu.mem_done \soc.cpu.pcpi_int_ready \resetn $auto$opt_reduce.cc:137:opt_pmux$6252 $auto$opt_reduce.cc:137:opt_pmux$6254 $auto$opt_reduce.cc:137:opt_pmux$6306 }
  ctrl outputs: { $flatten\soc.\cpu.$procmux$2216_CMP $flatten\soc.\cpu.$procmux$2214_CMP $flatten\soc.\cpu.$procmux$2213_CMP $flatten\soc.\cpu.$procmux$2212_CMP $flatten\soc.\cpu.$procmux$2211_CMP $flatten\soc.\cpu.$procmux$2210_CMP $flatten\soc.\cpu.$procmux$2209_CMP $flatten\soc.\cpu.$0\cpu_state[7:0] $flatten\soc.\cpu.$eq$../picorv32.v:1313$1277_Y }
  transition: 8'10000000 26'0---0-----------------0--- -> 8'01000000 16'1000000010000000
  transition: 8'10000000 26'0---0-----------------1--- -> 8'10000000 16'1000000100000000
  transition: 8'10000000 26'00-01-----------------0--- -> 8'01000000 16'1000000010000000
  transition: 8'10000000 26'00-01-----------------1--- -> 8'10000000 16'1000000100000000
  transition: 8'10000000 26'00011--------------------- -> 8'10000000 16'1000000100000000
  transition: 8'10000000 26'00111-----------------0--- -> 8'01000000 16'1000000010000000
  transition: 8'10000000 26'00111-----------------1--- -> 8'10000000 16'1000000100000000
  transition: 8'10000000 26'010-1--------------------- -> 8'10000000 16'1000000100000000
  transition: 8'10000000 26'01101-----------------0--- -> 8'01000000 16'1000000010000000
  transition: 8'10000000 26'01101-----------------1--- -> 8'10000000 16'1000000100000000
  transition: 8'10000000 26'01111-----------------0--- -> 8'01000000 16'1000000010000000
  transition: 8'10000000 26'01111-----------------1--- -> 8'10000000 16'1000000100000000
  transition: 8'10000000 26'1-0----------------------- -> 8'10000000 16'1000000100000000
  transition: 8'10000000 26'1-1-0-----------------0--- -> 8'01000000 16'1000000010000000
  transition: 8'10000000 26'1-1-0-----------------1--- -> 8'10000000 16'1000000100000000
  transition: 8'10000000 26'10101-----------------0--- -> 8'01000000 16'1000000010000000
  transition: 8'10000000 26'10101-----------------1--- -> 8'10000000 16'1000000100000000
  transition: 8'10000000 26'10111-----------------0--- -> 8'01000000 16'1000000010000000
  transition: 8'10000000 26'10111-----------------1--- -> 8'10000000 16'1000000100000000
  transition: 8'10000000 26'11101-----------------0--- -> 8'01000000 16'1000000010000000
  transition: 8'10000000 26'11101-----------------1--- -> 8'10000000 16'1000000100000000
  transition: 8'10000000 26'11111-----------------0--- -> 8'01000000 16'1000000010000000
  transition: 8'10000000 26'11111-----------------1--- -> 8'10000000 16'1000000100000000
  transition: 8'01000000 26'0---0-----------------0--- -> 8'01000000 16'0000000010000001
  transition: 8'01000000 26'0---0------00----0----1--- -> 8'01000000 16'0000000010000001
  transition: 8'01000000 26'0---0------00----1-0--1--- -> 8'00100000 16'0000000001000001
  transition: 8'01000000 26'0---0------00----1-1--1--- -> 8'01000000 16'0000000010000001
  transition: 8'01000000 26'0---0------10---------1--- -> 8'01000000 16'0000000010000001
  transition: 8'01000000 26'0---0-------1---------1--- -> 8'01000000 16'0000000010000001
  transition: 8'01000000 26'00-01-----------------0--- -> 8'01000000 16'0000000010000001
  transition: 8'01000000 26'00-01------00----0----1--- -> 8'01000000 16'0000000010000001
  transition: 8'01000000 26'00-01------00----1-0--1--- -> 8'00100000 16'0000000001000001
  transition: 8'01000000 26'00-01------00----1-1--1--- -> 8'01000000 16'0000000010000001
  transition: 8'01000000 26'00-01------10---------1--- -> 8'01000000 16'0000000010000001
  transition: 8'01000000 26'00-01-------1---------1--- -> 8'01000000 16'0000000010000001
  transition: 8'01000000 26'00011--------------------- -> 8'10000000 16'0000000100000001
  transition: 8'01000000 26'00111-----------------0--- -> 8'01000000 16'0000000010000001
  transition: 8'01000000 26'00111------00----0----1--- -> 8'01000000 16'0000000010000001
  transition: 8'01000000 26'00111------00----1-0--1--- -> 8'00100000 16'0000000001000001
  transition: 8'01000000 26'00111------00----1-1--1--- -> 8'01000000 16'0000000010000001
  transition: 8'01000000 26'00111------10---------1--- -> 8'01000000 16'0000000010000001
  transition: 8'01000000 26'00111-------1---------1--- -> 8'01000000 16'0000000010000001
  transition: 8'01000000 26'010-1--------------------- -> 8'10000000 16'0000000100000001
  transition: 8'01000000 26'01101-----------------0--- -> 8'01000000 16'0000000010000001
  transition: 8'01000000 26'01101------00----0----1--- -> 8'01000000 16'0000000010000001
  transition: 8'01000000 26'01101------00----1-0--1--- -> 8'00100000 16'0000000001000001
  transition: 8'01000000 26'01101------00----1-1--1--- -> 8'01000000 16'0000000010000001
  transition: 8'01000000 26'01101------10---------1--- -> 8'01000000 16'0000000010000001
  transition: 8'01000000 26'01101-------1---------1--- -> 8'01000000 16'0000000010000001
  transition: 8'01000000 26'01111-----------------0--- -> 8'01000000 16'0000000010000001
  transition: 8'01000000 26'01111------00----0----1--- -> 8'01000000 16'0000000010000001
  transition: 8'01000000 26'01111------00----1-0--1--- -> 8'00100000 16'0000000001000001
  transition: 8'01000000 26'01111------00----1-1--1--- -> 8'01000000 16'0000000010000001
  transition: 8'01000000 26'01111------10---------1--- -> 8'01000000 16'0000000010000001
  transition: 8'01000000 26'01111-------1---------1--- -> 8'01000000 16'0000000010000001
  transition: 8'01000000 26'1-0----------------------- -> 8'10000000 16'0000000100000001
  transition: 8'01000000 26'1-1-0-----------------0--- -> 8'01000000 16'0000000010000001
  transition: 8'01000000 26'1-1-0------00----0----1--- -> 8'01000000 16'0000000010000001
  transition: 8'01000000 26'1-1-0------00----1-0--1--- -> 8'00100000 16'0000000001000001
  transition: 8'01000000 26'1-1-0------00----1-1--1--- -> 8'01000000 16'0000000010000001
  transition: 8'01000000 26'1-1-0------10---------1--- -> 8'01000000 16'0000000010000001
  transition: 8'01000000 26'1-1-0-------1---------1--- -> 8'01000000 16'0000000010000001
  transition: 8'01000000 26'10101-----------------0--- -> 8'01000000 16'0000000010000001
  transition: 8'01000000 26'10101------00----0----1--- -> 8'01000000 16'0000000010000001
  transition: 8'01000000 26'10101------00----1-0--1--- -> 8'00100000 16'0000000001000001
  transition: 8'01000000 26'10101------00----1-1--1--- -> 8'01000000 16'0000000010000001
  transition: 8'01000000 26'10101------10---------1--- -> 8'01000000 16'0000000010000001
  transition: 8'01000000 26'10101-------1---------1--- -> 8'01000000 16'0000000010000001
  transition: 8'01000000 26'10111-----------------0--- -> 8'01000000 16'0000000010000001
  transition: 8'01000000 26'10111------00----0----1--- -> 8'01000000 16'0000000010000001
  transition: 8'01000000 26'10111------00----1-0--1--- -> 8'00100000 16'0000000001000001
  transition: 8'01000000 26'10111------00----1-1--1--- -> 8'01000000 16'0000000010000001
  transition: 8'01000000 26'10111------10---------1--- -> 8'01000000 16'0000000010000001
  transition: 8'01000000 26'10111-------1---------1--- -> 8'01000000 16'0000000010000001
  transition: 8'01000000 26'11101-----------------0--- -> 8'01000000 16'0000000010000001
  transition: 8'01000000 26'11101------00----0----1--- -> 8'01000000 16'0000000010000001
  transition: 8'01000000 26'11101------00----1-0--1--- -> 8'00100000 16'0000000001000001
  transition: 8'01000000 26'11101------00----1-1--1--- -> 8'01000000 16'0000000010000001
  transition: 8'01000000 26'11101------10---------1--- -> 8'01000000 16'0000000010000001
  transition: 8'01000000 26'11101-------1---------1--- -> 8'01000000 16'0000000010000001
  transition: 8'01000000 26'11111-----------------0--- -> 8'01000000 16'0000000010000001
  transition: 8'01000000 26'11111------00----0----1--- -> 8'01000000 16'0000000010000001
  transition: 8'01000000 26'11111------00----1-0--1--- -> 8'00100000 16'0000000001000001
  transition: 8'01000000 26'11111------00----1-1--1--- -> 8'01000000 16'0000000010000001
  transition: 8'01000000 26'11111------10---------1--- -> 8'01000000 16'0000000010000001
  transition: 8'01000000 26'11111-------1---------1--- -> 8'01000000 16'0000000010000001
  transition: 8'00100000 26'0---0-----------------0--- -> 8'01000000 16'0100000010000000
  transition: 8'00100000 26'0---0---0-----000-0---100- -> 8'00001000 16'0100000000010000
  transition: 8'00100000 26'0---0---0------10-----100- -> 8'00000010 16'0100000000000100
  transition: 8'00100000 26'0---0---0-----1-0-----100- -> 8'00000100 16'0100000000001000
  transition: 8'00100000 26'0---0-----0-------1--01--- -> 8'00100000 16'0100000001000000
  transition: 8'00100000 26'0---0----01-------1--01--- -> 8'10000000 16'0100000100000000
  transition: 8'00100000 26'0---0----11-------1--01--- -> 8'01000000 16'0100000010000000
  transition: 8'00100000 26'0---0-------------1--11--- -> 8'01000000 16'0100000010000000
  transition: 8'00100000 26'0---0-----------------1-1- -> 8'01000000 16'0100000010000000
  transition: 8'00100000 26'0---0---1-------------1--- -> 8'00000001 16'0100000000000010
  transition: 8'00100000 26'0---0-----------1-----1--- -> 8'00000100 16'0100000000001000
  transition: 8'00100000 26'0---0-----------------11-- -> 8'00001000 16'0100000000010000
  transition: 8'00100000 26'00-01-----------------0--- -> 8'01000000 16'0100000010000000
  transition: 8'00100000 26'00-01---0-----000-0---100- -> 8'00001000 16'0100000000010000
  transition: 8'00100000 26'00-01---0------10-----100- -> 8'00000010 16'0100000000000100
  transition: 8'00100000 26'00-01---0-----1-0-----100- -> 8'00000100 16'0100000000001000
  transition: 8'00100000 26'00-01-----0-------1--01--- -> 8'00100000 16'0100000001000000
  transition: 8'00100000 26'00-01----01-------1--01--- -> 8'10000000 16'0100000100000000
  transition: 8'00100000 26'00-01----11-------1--01--- -> 8'01000000 16'0100000010000000
  transition: 8'00100000 26'00-01-------------1--11--- -> 8'01000000 16'0100000010000000
  transition: 8'00100000 26'00-01-----------------1-1- -> 8'01000000 16'0100000010000000
  transition: 8'00100000 26'00-01---1-------------1--- -> 8'00000001 16'0100000000000010
  transition: 8'00100000 26'00-01-----------1-----1--- -> 8'00000100 16'0100000000001000
  transition: 8'00100000 26'00-01-----------------11-- -> 8'00001000 16'0100000000010000
  transition: 8'00100000 26'00011--------------------- -> 8'10000000 16'0100000100000000
  transition: 8'00100000 26'00111-----------------0--- -> 8'01000000 16'0100000010000000
  transition: 8'00100000 26'00111---0-----000-0---100- -> 8'00001000 16'0100000000010000
  transition: 8'00100000 26'00111---0------10-----100- -> 8'00000010 16'0100000000000100
  transition: 8'00100000 26'00111---0-----1-0-----100- -> 8'00000100 16'0100000000001000
  transition: 8'00100000 26'00111-----0-------1--01--- -> 8'00100000 16'0100000001000000
  transition: 8'00100000 26'00111----01-------1--01--- -> 8'10000000 16'0100000100000000
  transition: 8'00100000 26'00111----11-------1--01--- -> 8'01000000 16'0100000010000000
  transition: 8'00100000 26'00111-------------1--11--- -> 8'01000000 16'0100000010000000
  transition: 8'00100000 26'00111-----------------1-1- -> 8'01000000 16'0100000010000000
  transition: 8'00100000 26'00111---1-------------1--- -> 8'00000001 16'0100000000000010
  transition: 8'00100000 26'00111-----------1-----1--- -> 8'00000100 16'0100000000001000
  transition: 8'00100000 26'00111-----------------11-- -> 8'00001000 16'0100000000010000
  transition: 8'00100000 26'010-1--------------------- -> 8'10000000 16'0100000100000000
  transition: 8'00100000 26'01101-----------------0--- -> 8'01000000 16'0100000010000000
  transition: 8'00100000 26'01101---0-----000-0---100- -> 8'00001000 16'0100000000010000
  transition: 8'00100000 26'01101---0------10-----100- -> 8'00000010 16'0100000000000100
  transition: 8'00100000 26'01101---0-----1-0-----100- -> 8'00000100 16'0100000000001000
  transition: 8'00100000 26'01101-----0-------1--01--- -> 8'00100000 16'0100000001000000
  transition: 8'00100000 26'01101----01-------1--01--- -> 8'10000000 16'0100000100000000
  transition: 8'00100000 26'01101----11-------1--01--- -> 8'01000000 16'0100000010000000
  transition: 8'00100000 26'01101-------------1--11--- -> 8'01000000 16'0100000010000000
  transition: 8'00100000 26'01101-----------------1-1- -> 8'01000000 16'0100000010000000
  transition: 8'00100000 26'01101---1-------------1--- -> 8'00000001 16'0100000000000010
  transition: 8'00100000 26'01101-----------1-----1--- -> 8'00000100 16'0100000000001000
  transition: 8'00100000 26'01101-----------------11-- -> 8'00001000 16'0100000000010000
  transition: 8'00100000 26'01111-----------------0--- -> 8'01000000 16'0100000010000000
  transition: 8'00100000 26'01111---0-----000-0---100- -> 8'00001000 16'0100000000010000
  transition: 8'00100000 26'01111---0------10-----100- -> 8'00000010 16'0100000000000100
  transition: 8'00100000 26'01111---0-----1-0-----100- -> 8'00000100 16'0100000000001000
  transition: 8'00100000 26'01111-----0-------1--01--- -> 8'00100000 16'0100000001000000
  transition: 8'00100000 26'01111----01-------1--01--- -> 8'10000000 16'0100000100000000
  transition: 8'00100000 26'01111----11-------1--01--- -> 8'01000000 16'0100000010000000
  transition: 8'00100000 26'01111-------------1--11--- -> 8'01000000 16'0100000010000000
  transition: 8'00100000 26'01111-----------------1-1- -> 8'01000000 16'0100000010000000
  transition: 8'00100000 26'01111---1-------------1--- -> 8'00000001 16'0100000000000010
  transition: 8'00100000 26'01111-----------1-----1--- -> 8'00000100 16'0100000000001000
  transition: 8'00100000 26'01111-----------------11-- -> 8'00001000 16'0100000000010000
  transition: 8'00100000 26'1-0----------------------- -> 8'10000000 16'0100000100000000
  transition: 8'00100000 26'1-1-0-----------------0--- -> 8'01000000 16'0100000010000000
  transition: 8'00100000 26'1-1-0---0-----000-0---100- -> 8'00001000 16'0100000000010000
  transition: 8'00100000 26'1-1-0---0------10-----100- -> 8'00000010 16'0100000000000100
  transition: 8'00100000 26'1-1-0---0-----1-0-----100- -> 8'00000100 16'0100000000001000
  transition: 8'00100000 26'1-1-0-----0-------1--01--- -> 8'00100000 16'0100000001000000
  transition: 8'00100000 26'1-1-0----01-------1--01--- -> 8'10000000 16'0100000100000000
  transition: 8'00100000 26'1-1-0----11-------1--01--- -> 8'01000000 16'0100000010000000
  transition: 8'00100000 26'1-1-0-------------1--11--- -> 8'01000000 16'0100000010000000
  transition: 8'00100000 26'1-1-0-----------------1-1- -> 8'01000000 16'0100000010000000
  transition: 8'00100000 26'1-1-0---1-------------1--- -> 8'00000001 16'0100000000000010
  transition: 8'00100000 26'1-1-0-----------1-----1--- -> 8'00000100 16'0100000000001000
  transition: 8'00100000 26'1-1-0-----------------11-- -> 8'00001000 16'0100000000010000
  transition: 8'00100000 26'10101-----------------0--- -> 8'01000000 16'0100000010000000
  transition: 8'00100000 26'10101---0-----000-0---100- -> 8'00001000 16'0100000000010000
  transition: 8'00100000 26'10101---0------10-----100- -> 8'00000010 16'0100000000000100
  transition: 8'00100000 26'10101---0-----1-0-----100- -> 8'00000100 16'0100000000001000
  transition: 8'00100000 26'10101-----0-------1--01--- -> 8'00100000 16'0100000001000000
  transition: 8'00100000 26'10101----01-------1--01--- -> 8'10000000 16'0100000100000000
  transition: 8'00100000 26'10101----11-------1--01--- -> 8'01000000 16'0100000010000000
  transition: 8'00100000 26'10101-------------1--11--- -> 8'01000000 16'0100000010000000
  transition: 8'00100000 26'10101-----------------1-1- -> 8'01000000 16'0100000010000000
  transition: 8'00100000 26'10101---1-------------1--- -> 8'00000001 16'0100000000000010
  transition: 8'00100000 26'10101-----------1-----1--- -> 8'00000100 16'0100000000001000
  transition: 8'00100000 26'10101-----------------11-- -> 8'00001000 16'0100000000010000
  transition: 8'00100000 26'10111-----------------0--- -> 8'01000000 16'0100000010000000
  transition: 8'00100000 26'10111---0-----000-0---100- -> 8'00001000 16'0100000000010000
  transition: 8'00100000 26'10111---0------10-----100- -> 8'00000010 16'0100000000000100
  transition: 8'00100000 26'10111---0-----1-0-----100- -> 8'00000100 16'0100000000001000
  transition: 8'00100000 26'10111-----0-------1--01--- -> 8'00100000 16'0100000001000000
  transition: 8'00100000 26'10111----01-------1--01--- -> 8'10000000 16'0100000100000000
  transition: 8'00100000 26'10111----11-------1--01--- -> 8'01000000 16'0100000010000000
  transition: 8'00100000 26'10111-------------1--11--- -> 8'01000000 16'0100000010000000
  transition: 8'00100000 26'10111-----------------1-1- -> 8'01000000 16'0100000010000000
  transition: 8'00100000 26'10111---1-------------1--- -> 8'00000001 16'0100000000000010
  transition: 8'00100000 26'10111-----------1-----1--- -> 8'00000100 16'0100000000001000
  transition: 8'00100000 26'10111-----------------11-- -> 8'00001000 16'0100000000010000
  transition: 8'00100000 26'11101-----------------0--- -> 8'01000000 16'0100000010000000
  transition: 8'00100000 26'11101---0-----000-0---100- -> 8'00001000 16'0100000000010000
  transition: 8'00100000 26'11101---0------10-----100- -> 8'00000010 16'0100000000000100
  transition: 8'00100000 26'11101---0-----1-0-----100- -> 8'00000100 16'0100000000001000
  transition: 8'00100000 26'11101-----0-------1--01--- -> 8'00100000 16'0100000001000000
  transition: 8'00100000 26'11101----01-------1--01--- -> 8'10000000 16'0100000100000000
  transition: 8'00100000 26'11101----11-------1--01--- -> 8'01000000 16'0100000010000000
  transition: 8'00100000 26'11101-------------1--11--- -> 8'01000000 16'0100000010000000
  transition: 8'00100000 26'11101-----------------1-1- -> 8'01000000 16'0100000010000000
  transition: 8'00100000 26'11101---1-------------1--- -> 8'00000001 16'0100000000000010
  transition: 8'00100000 26'11101-----------1-----1--- -> 8'00000100 16'0100000000001000
  transition: 8'00100000 26'11101-----------------11-- -> 8'00001000 16'0100000000010000
  transition: 8'00100000 26'11111-----------------0--- -> 8'01000000 16'0100000010000000
  transition: 8'00100000 26'11111---0-----000-0---100- -> 8'00001000 16'0100000000010000
  transition: 8'00100000 26'11111---0------10-----100- -> 8'00000010 16'0100000000000100
  transition: 8'00100000 26'11111---0-----1-0-----100- -> 8'00000100 16'0100000000001000
  transition: 8'00100000 26'11111-----0-------1--01--- -> 8'00100000 16'0100000001000000
  transition: 8'00100000 26'11111----01-------1--01--- -> 8'10000000 16'0100000100000000
  transition: 8'00100000 26'11111----11-------1--01--- -> 8'01000000 16'0100000010000000
  transition: 8'00100000 26'11111-------------1--11--- -> 8'01000000 16'0100000010000000
  transition: 8'00100000 26'11111-----------------1-1- -> 8'01000000 16'0100000010000000
  transition: 8'00100000 26'11111---1-------------1--- -> 8'00000001 16'0100000000000010
  transition: 8'00100000 26'11111-----------1-----1--- -> 8'00000100 16'0100000000001000
  transition: 8'00100000 26'11111-----------------11-- -> 8'00001000 16'0100000000010000
  transition: 8'00001000 26'0---0-----------------0--- -> 8'01000000 16'0001000010000000
  transition: 8'00001000 26'0---0--------0--------1--- -> 8'01000000 16'0001000010000000
  transition: 8'00001000 26'0---0--------1------0-1--- -> 8'00001000 16'0001000000010000
  transition: 8'00001000 26'0---0--------1------1-1--- -> 8'01000000 16'0001000010000000
  transition: 8'00001000 26'00-01-----------------0--- -> 8'01000000 16'0001000010000000
  transition: 8'00001000 26'00-01--------0--------1--- -> 8'01000000 16'0001000010000000
  transition: 8'00001000 26'00-01--------1------0-1--- -> 8'00001000 16'0001000000010000
  transition: 8'00001000 26'00-01--------1------1-1--- -> 8'01000000 16'0001000010000000
  transition: 8'00001000 26'00011--------------------- -> 8'10000000 16'0001000100000000
  transition: 8'00001000 26'00111-----------------0--- -> 8'01000000 16'0001000010000000
  transition: 8'00001000 26'00111--------0--------1--- -> 8'01000000 16'0001000010000000
  transition: 8'00001000 26'00111--------1------0-1--- -> 8'00001000 16'0001000000010000
  transition: 8'00001000 26'00111--------1------1-1--- -> 8'01000000 16'0001000010000000
  transition: 8'00001000 26'010-1--------------------- -> 8'10000000 16'0001000100000000
  transition: 8'00001000 26'01101-----------------0--- -> 8'01000000 16'0001000010000000
  transition: 8'00001000 26'01101--------0--------1--- -> 8'01000000 16'0001000010000000
  transition: 8'00001000 26'01101--------1------0-1--- -> 8'00001000 16'0001000000010000
  transition: 8'00001000 26'01101--------1------1-1--- -> 8'01000000 16'0001000010000000
  transition: 8'00001000 26'01111-----------------0--- -> 8'01000000 16'0001000010000000
  transition: 8'00001000 26'01111--------0--------1--- -> 8'01000000 16'0001000010000000
  transition: 8'00001000 26'01111--------1------0-1--- -> 8'00001000 16'0001000000010000
  transition: 8'00001000 26'01111--------1------1-1--- -> 8'01000000 16'0001000010000000
  transition: 8'00001000 26'1-0----------------------- -> 8'10000000 16'0001000100000000
  transition: 8'00001000 26'1-1-0-----------------0--- -> 8'01000000 16'0001000010000000
  transition: 8'00001000 26'1-1-0--------0--------1--- -> 8'01000000 16'0001000010000000
  transition: 8'00001000 26'1-1-0--------1------0-1--- -> 8'00001000 16'0001000000010000
  transition: 8'00001000 26'1-1-0--------1------1-1--- -> 8'01000000 16'0001000010000000
  transition: 8'00001000 26'10101-----------------0--- -> 8'01000000 16'0001000010000000
  transition: 8'00001000 26'10101--------0--------1--- -> 8'01000000 16'0001000010000000
  transition: 8'00001000 26'10101--------1------0-1--- -> 8'00001000 16'0001000000010000
  transition: 8'00001000 26'10101--------1------1-1--- -> 8'01000000 16'0001000010000000
  transition: 8'00001000 26'10111-----------------0--- -> 8'01000000 16'0001000010000000
  transition: 8'00001000 26'10111--------0--------1--- -> 8'01000000 16'0001000010000000
  transition: 8'00001000 26'10111--------1------0-1--- -> 8'00001000 16'0001000000010000
  transition: 8'00001000 26'10111--------1------1-1--- -> 8'01000000 16'0001000010000000
  transition: 8'00001000 26'11101-----------------0--- -> 8'01000000 16'0001000010000000
  transition: 8'00001000 26'11101--------0--------1--- -> 8'01000000 16'0001000010000000
  transition: 8'00001000 26'11101--------1------0-1--- -> 8'00001000 16'0001000000010000
  transition: 8'00001000 26'11101--------1------1-1--- -> 8'01000000 16'0001000010000000
  transition: 8'00001000 26'11111-----------------0--- -> 8'01000000 16'0001000010000000
  transition: 8'00001000 26'11111--------0--------1--- -> 8'01000000 16'0001000010000000
  transition: 8'00001000 26'11111--------1------0-1--- -> 8'00001000 16'0001000000010000
  transition: 8'00001000 26'11111--------1------1-1--- -> 8'01000000 16'0001000010000000
  transition: 8'00000100 26'0---0-----------------0--- -> 8'01000000 16'0000100010000000
  transition: 8'00000100 26'0---0--0--------------1--- -> 8'00000100 16'0000100000001000
  transition: 8'00000100 26'0---0--1--------------1--- -> 8'01000000 16'0000100010000000
  transition: 8'00000100 26'00-01-----------------0--- -> 8'01000000 16'0000100010000000
  transition: 8'00000100 26'00-01--0--------------1--- -> 8'00000100 16'0000100000001000
  transition: 8'00000100 26'00-01--1--------------1--- -> 8'01000000 16'0000100010000000
  transition: 8'00000100 26'00011--------------------- -> 8'10000000 16'0000100100000000
  transition: 8'00000100 26'00111-----------------0--- -> 8'01000000 16'0000100010000000
  transition: 8'00000100 26'00111--0--------------1--- -> 8'00000100 16'0000100000001000
  transition: 8'00000100 26'00111--1--------------1--- -> 8'01000000 16'0000100010000000
  transition: 8'00000100 26'010-1--------------------- -> 8'10000000 16'0000100100000000
  transition: 8'00000100 26'01101-----------------0--- -> 8'01000000 16'0000100010000000
  transition: 8'00000100 26'01101--0--------------1--- -> 8'00000100 16'0000100000001000
  transition: 8'00000100 26'01101--1--------------1--- -> 8'01000000 16'0000100010000000
  transition: 8'00000100 26'01111-----------------0--- -> 8'01000000 16'0000100010000000
  transition: 8'00000100 26'01111--0--------------1--- -> 8'00000100 16'0000100000001000
  transition: 8'00000100 26'01111--1--------------1--- -> 8'01000000 16'0000100010000000
  transition: 8'00000100 26'1-0----------------------- -> 8'10000000 16'0000100100000000
  transition: 8'00000100 26'1-1-0-----------------0--- -> 8'01000000 16'0000100010000000
  transition: 8'00000100 26'1-1-0--0--------------1--- -> 8'00000100 16'0000100000001000
  transition: 8'00000100 26'1-1-0--1--------------1--- -> 8'01000000 16'0000100010000000
  transition: 8'00000100 26'10101-----------------0--- -> 8'01000000 16'0000100010000000
  transition: 8'00000100 26'10101--0--------------1--- -> 8'00000100 16'0000100000001000
  transition: 8'00000100 26'10101--1--------------1--- -> 8'01000000 16'0000100010000000
  transition: 8'00000100 26'10111-----------------0--- -> 8'01000000 16'0000100010000000
  transition: 8'00000100 26'10111--0--------------1--- -> 8'00000100 16'0000100000001000
  transition: 8'00000100 26'10111--1--------------1--- -> 8'01000000 16'0000100010000000
  transition: 8'00000100 26'11101-----------------0--- -> 8'01000000 16'0000100010000000
  transition: 8'00000100 26'11101--0--------------1--- -> 8'00000100 16'0000100000001000
  transition: 8'00000100 26'11101--1--------------1--- -> 8'01000000 16'0000100010000000
  transition: 8'00000100 26'11111-----------------0--- -> 8'01000000 16'0000100010000000
  transition: 8'00000100 26'11111--0--------------1--- -> 8'00000100 16'0000100000001000
  transition: 8'00000100 26'11111--1--------------1--- -> 8'01000000 16'0000100010000000
  transition: 8'00000010 26'0---0-----------------0--- -> 8'01000000 16'0000010010000000
  transition: 8'00000010 26'0---0-0---------------1--- -> 8'00000010 16'0000010000000100
  transition: 8'00000010 26'0---001---------------1--- -> 8'00000010 16'0000010000000100
  transition: 8'00000010 26'0---011---------------1--- -> 8'01000000 16'0000010010000000
  transition: 8'00000010 26'00-01-----------------0--- -> 8'01000000 16'0000010010000000
  transition: 8'00000010 26'00-01-0---------------1--- -> 8'00000010 16'0000010000000100
  transition: 8'00000010 26'00-0101---------------1--- -> 8'00000010 16'0000010000000100
  transition: 8'00000010 26'00-0111---------------1--- -> 8'01000000 16'0000010010000000
  transition: 8'00000010 26'00011--------------------- -> 8'10000000 16'0000010100000000
  transition: 8'00000010 26'00111-----------------0--- -> 8'01000000 16'0000010010000000
  transition: 8'00000010 26'00111-0---------------1--- -> 8'00000010 16'0000010000000100
  transition: 8'00000010 26'0011101---------------1--- -> 8'00000010 16'0000010000000100
  transition: 8'00000010 26'0011111---------------1--- -> 8'01000000 16'0000010010000000
  transition: 8'00000010 26'010-1--------------------- -> 8'10000000 16'0000010100000000
  transition: 8'00000010 26'01101-----------------0--- -> 8'01000000 16'0000010010000000
  transition: 8'00000010 26'01101-0---------------1--- -> 8'00000010 16'0000010000000100
  transition: 8'00000010 26'0110101---------------1--- -> 8'00000010 16'0000010000000100
  transition: 8'00000010 26'0110111---------------1--- -> 8'01000000 16'0000010010000000
  transition: 8'00000010 26'01111-----------------0--- -> 8'01000000 16'0000010010000000
  transition: 8'00000010 26'01111-0---------------1--- -> 8'00000010 16'0000010000000100
  transition: 8'00000010 26'0111101---------------1--- -> 8'00000010 16'0000010000000100
  transition: 8'00000010 26'0111111---------------1--- -> 8'01000000 16'0000010010000000
  transition: 8'00000010 26'1-0----------------------- -> 8'10000000 16'0000010100000000
  transition: 8'00000010 26'1-1-0-----------------0--- -> 8'01000000 16'0000010010000000
  transition: 8'00000010 26'1-1-0-0---------------1--- -> 8'00000010 16'0000010000000100
  transition: 8'00000010 26'1-1-001---------------1--- -> 8'00000010 16'0000010000000100
  transition: 8'00000010 26'1-1-011---------------1--- -> 8'01000000 16'0000010010000000
  transition: 8'00000010 26'10101-----------------0--- -> 8'01000000 16'0000010010000000
  transition: 8'00000010 26'10101-0---------------1--- -> 8'00000010 16'0000010000000100
  transition: 8'00000010 26'1010101---------------1--- -> 8'00000010 16'0000010000000100
  transition: 8'00000010 26'1010111---------------1--- -> 8'01000000 16'0000010010000000
  transition: 8'00000010 26'10111-----------------0--- -> 8'01000000 16'0000010010000000
  transition: 8'00000010 26'10111-0---------------1--- -> 8'00000010 16'0000010000000100
  transition: 8'00000010 26'1011101---------------1--- -> 8'00000010 16'0000010000000100
  transition: 8'00000010 26'1011111---------------1--- -> 8'01000000 16'0000010010000000
  transition: 8'00000010 26'11101-----------------0--- -> 8'01000000 16'0000010010000000
  transition: 8'00000010 26'11101-0---------------1--- -> 8'00000010 16'0000010000000100
  transition: 8'00000010 26'1110101---------------1--- -> 8'00000010 16'0000010000000100
  transition: 8'00000010 26'1110111---------------1--- -> 8'01000000 16'0000010010000000
  transition: 8'00000010 26'11111-----------------0--- -> 8'01000000 16'0000010010000000
  transition: 8'00000010 26'11111-0---------------1--- -> 8'00000010 16'0000010000000100
  transition: 8'00000010 26'1111101---------------1--- -> 8'00000010 16'0000010000000100
  transition: 8'00000010 26'1111111---------------1--- -> 8'01000000 16'0000010010000000
  transition: 8'00000001 26'0---0-----------------0--- -> 8'01000000 16'0000001010000000
  transition: 8'00000001 26'0---0-0---------------1--- -> 8'00000001 16'0000001000000010
  transition: 8'00000001 26'0---001---------------1--- -> 8'00000001 16'0000001000000010
  transition: 8'00000001 26'0---011---------------1--- -> 8'01000000 16'0000001010000000
  transition: 8'00000001 26'00-01-----------------0--- -> 8'01000000 16'0000001010000000
  transition: 8'00000001 26'00-01-0---------------1--- -> 8'00000001 16'0000001000000010
  transition: 8'00000001 26'00-0101---------------1--- -> 8'00000001 16'0000001000000010
  transition: 8'00000001 26'00-0111---------------1--- -> 8'01000000 16'0000001010000000
  transition: 8'00000001 26'00011--------------------- -> 8'10000000 16'0000001100000000
  transition: 8'00000001 26'00111-----------------0--- -> 8'01000000 16'0000001010000000
  transition: 8'00000001 26'00111-0---------------1--- -> 8'00000001 16'0000001000000010
  transition: 8'00000001 26'0011101---------------1--- -> 8'00000001 16'0000001000000010
  transition: 8'00000001 26'0011111---------------1--- -> 8'01000000 16'0000001010000000
  transition: 8'00000001 26'010-1--------------------- -> 8'10000000 16'0000001100000000
  transition: 8'00000001 26'01101-----------------0--- -> 8'01000000 16'0000001010000000
  transition: 8'00000001 26'01101-0---------------1--- -> 8'00000001 16'0000001000000010
  transition: 8'00000001 26'0110101---------------1--- -> 8'00000001 16'0000001000000010
  transition: 8'00000001 26'0110111---------------1--- -> 8'01000000 16'0000001010000000
  transition: 8'00000001 26'01111-----------------0--- -> 8'01000000 16'0000001010000000
  transition: 8'00000001 26'01111-0---------------1--- -> 8'00000001 16'0000001000000010
  transition: 8'00000001 26'0111101---------------1--- -> 8'00000001 16'0000001000000010
  transition: 8'00000001 26'0111111---------------1--- -> 8'01000000 16'0000001010000000
  transition: 8'00000001 26'1-0----------------------- -> 8'10000000 16'0000001100000000
  transition: 8'00000001 26'1-1-0-----------------0--- -> 8'01000000 16'0000001010000000
  transition: 8'00000001 26'1-1-0-0---------------1--- -> 8'00000001 16'0000001000000010
  transition: 8'00000001 26'1-1-001---------------1--- -> 8'00000001 16'0000001000000010
  transition: 8'00000001 26'1-1-011---------------1--- -> 8'01000000 16'0000001010000000
  transition: 8'00000001 26'10101-----------------0--- -> 8'01000000 16'0000001010000000
  transition: 8'00000001 26'10101-0---------------1--- -> 8'00000001 16'0000001000000010
  transition: 8'00000001 26'1010101---------------1--- -> 8'00000001 16'0000001000000010
  transition: 8'00000001 26'1010111---------------1--- -> 8'01000000 16'0000001010000000
  transition: 8'00000001 26'10111-----------------0--- -> 8'01000000 16'0000001010000000
  transition: 8'00000001 26'10111-0---------------1--- -> 8'00000001 16'0000001000000010
  transition: 8'00000001 26'1011101---------------1--- -> 8'00000001 16'0000001000000010
  transition: 8'00000001 26'1011111---------------1--- -> 8'01000000 16'0000001010000000
  transition: 8'00000001 26'11101-----------------0--- -> 8'01000000 16'0000001010000000
  transition: 8'00000001 26'11101-0---------------1--- -> 8'00000001 16'0000001000000010
  transition: 8'00000001 26'1110101---------------1--- -> 8'00000001 16'0000001000000010
  transition: 8'00000001 26'1110111---------------1--- -> 8'01000000 16'0000001010000000
  transition: 8'00000001 26'11111-----------------0--- -> 8'01000000 16'0000001010000000
  transition: 8'00000001 26'11111-0---------------1--- -> 8'00000001 16'0000001000000010
  transition: 8'00000001 26'1111101---------------1--- -> 8'00000001 16'0000001000000010
  transition: 8'00000001 26'1111111---------------1--- -> 8'01000000 16'0000001010000000
Extracting FSM `\soc.cpu.mem_wordsize' from module `\icebreaker'.
  found $dff cell for state register: $flatten\soc.\cpu.$procdff$5903
  root of input selection tree: $flatten\soc.\cpu.$0\mem_wordsize[1:0]
  found ctrl input: \resetn
  found ctrl input: $flatten\soc.\cpu.$procmux$2209_CMP
  found ctrl input: $flatten\soc.\cpu.$procmux$2210_CMP
  found ctrl input: $flatten\soc.\cpu.$eq$../picorv32.v:1313$1277_Y
  found ctrl input: $flatten\soc.\cpu.$logic_or$../picorv32.v:1857$1436_Y
  found ctrl input: \soc.cpu.mem_do_rdata
  found ctrl input: \soc.cpu.instr_lw
  found ctrl input: $flatten\soc.\cpu.$logic_or$../picorv32.v:1887$1445_Y
  found ctrl input: $flatten\soc.\cpu.$logic_or$../picorv32.v:1886$1444_Y
  found state code: 2'00
  found state code: 2'01
  found state code: 2'10
  found ctrl input: \soc.cpu.mem_do_wdata
  found ctrl input: \soc.cpu.instr_sw
  found ctrl input: \soc.cpu.instr_sh
  found ctrl input: \soc.cpu.instr_sb
  found ctrl output: $flatten\soc.\cpu.$eq$../picorv32.v:1923$1456_Y
  found ctrl output: $flatten\soc.\cpu.$eq$../picorv32.v:1930$1463_Y
  found ctrl output: $flatten\soc.\cpu.$procmux$4968_CMP
  ctrl inputs: { $flatten\soc.\cpu.$procmux$2210_CMP $flatten\soc.\cpu.$procmux$2209_CMP $flatten\soc.\cpu.$logic_or$../picorv32.v:1887$1445_Y $flatten\soc.\cpu.$logic_or$../picorv32.v:1886$1444_Y $flatten\soc.\cpu.$logic_or$../picorv32.v:1857$1436_Y $flatten\soc.\cpu.$eq$../picorv32.v:1313$1277_Y \soc.cpu.instr_sw \soc.cpu.instr_sh \soc.cpu.instr_sb \soc.cpu.instr_lw \soc.cpu.mem_do_wdata \soc.cpu.mem_do_rdata \resetn }
  ctrl outputs: { $flatten\soc.\cpu.$procmux$4968_CMP $flatten\soc.\cpu.$eq$../picorv32.v:1930$1463_Y $flatten\soc.\cpu.$eq$../picorv32.v:1923$1456_Y $flatten\soc.\cpu.$0\mem_wordsize[1:0] }
  transition:       2'00 13'------------0 ->       2'00 5'00100
  transition:       2'00 13'00---0------1 ->       2'00 5'00100
  transition:       2'00 13'-----1------1 ->       2'00 5'00100
  transition:       2'00 13'1---0-------1 ->       2'00 5'00100
  transition:       2'00 13'1---1-000-0-1 ->       2'00 5'00100
  transition:       2'00 13'1---1---1-0-1 ->       2'10 5'00110
  transition:       2'00 13'1---1--1--0-1 ->       2'01 5'00101
  transition:       2'00 13'1---1-1---0-1 ->       2'00 5'00100
  transition:       2'00 13'1---1-----1-1 ->       2'00 5'00100
  transition:       2'00 13'-1--0-------1 ->       2'00 5'00100
  transition:       2'00 13'-1001----0-01 ->       2'00 5'00100
  transition:       2'00 13'-1-11------01 ->       2'10 5'00110
  transition:       2'00 13'-11-1------01 ->       2'01 5'00101
  transition:       2'00 13'-1--1----1-01 ->       2'00 5'00100
  transition:       2'00 13'-1--1------11 ->       2'00 5'00100
  transition:       2'10 13'------------0 ->       2'10 5'10010
  transition:       2'10 13'00---0------1 ->       2'10 5'10010
  transition:       2'10 13'-----1------1 ->       2'00 5'10000
  transition:       2'10 13'1---0-------1 ->       2'10 5'10010
  transition:       2'10 13'1---1-000-0-1 ->       2'10 5'10010
  transition:       2'10 13'1---1---1-0-1 ->       2'10 5'10010
  transition:       2'10 13'1---1--1--0-1 ->       2'01 5'10001
  transition:       2'10 13'1---1-1---0-1 ->       2'00 5'10000
  transition:       2'10 13'1---1-----1-1 ->       2'10 5'10010
  transition:       2'10 13'-1--0-------1 ->       2'10 5'10010
  transition:       2'10 13'-1001----0-01 ->       2'10 5'10010
  transition:       2'10 13'-1-11------01 ->       2'10 5'10010
  transition:       2'10 13'-11-1------01 ->       2'01 5'10001
  transition:       2'10 13'-1--1----1-01 ->       2'00 5'10000
  transition:       2'10 13'-1--1------11 ->       2'10 5'10010
  transition:       2'01 13'------------0 ->       2'01 5'01001
  transition:       2'01 13'00---0------1 ->       2'01 5'01001
  transition:       2'01 13'-----1------1 ->       2'00 5'01000
  transition:       2'01 13'1---0-------1 ->       2'01 5'01001
  transition:       2'01 13'1---1-000-0-1 ->       2'01 5'01001
  transition:       2'01 13'1---1---1-0-1 ->       2'10 5'01010
  transition:       2'01 13'1---1--1--0-1 ->       2'01 5'01001
  transition:       2'01 13'1---1-1---0-1 ->       2'00 5'01000
  transition:       2'01 13'1---1-----1-1 ->       2'01 5'01001
  transition:       2'01 13'-1--0-------1 ->       2'01 5'01001
  transition:       2'01 13'-1001----0-01 ->       2'01 5'01001
  transition:       2'01 13'-1-11------01 ->       2'10 5'01010
  transition:       2'01 13'-11-1------01 ->       2'01 5'01001
  transition:       2'01 13'-1--1----1-01 ->       2'00 5'01000
  transition:       2'01 13'-1--1------11 ->       2'01 5'01001
Extracting FSM `\soc.spimemio.state' from module `\icebreaker'.
  found $dff cell for state register: $flatten\soc.\spimemio.$procdff$6129
  root of input selection tree: $flatten\soc.\spimemio.$0\state[3:0]
  found reset state: 4'0000 (guessed from mux tree)
  found ctrl input: $flatten\soc.\spimemio.$logic_or$spimemio.v:211$537_Y
  found ctrl input: \soc.spimemio.jump
  found ctrl input: $flatten\soc.\spimemio.$procmux$5401_CMP
  found ctrl input: $flatten\soc.\spimemio.$procmux$5404_CMP
  found ctrl input: $flatten\soc.\spimemio.$procmux$5407_CMP
  found ctrl input: $flatten\soc.\spimemio.$procmux$5410_CMP
  found ctrl input: $flatten\soc.\spimemio.$procmux$5413_CMP
  found ctrl input: $flatten\soc.\spimemio.$procmux$5416_CMP
  found ctrl input: $flatten\soc.\spimemio.$procmux$5419_CMP
  found ctrl input: $flatten\soc.\spimemio.$procmux$5424_CMP
  found ctrl input: $flatten\soc.\spimemio.$procmux$5427_CMP
  found ctrl input: $flatten\soc.\spimemio.$procmux$5387_CMP
  found ctrl input: $flatten\soc.\spimemio.$procmux$5433_CMP
  found ctrl input: $flatten\soc.\spimemio.$procmux$5390_CMP
  found ctrl input: $flatten\soc.\spimemio.$procmux$5439_CMP
  found ctrl input: $flatten\soc.\spimemio.$logic_or$spimemio.v:350$555_Y
  found ctrl input: \soc.spimemio.xfer.din_ready
  found state code: 4'1001
  found state code: 4'1100
  found state code: 4'1011
  found state code: 4'1010
  found ctrl input: $flatten\soc.\spimemio.$logic_or$spimemio.v:310$551_Y
  found state code: 4'1000
  found state code: 4'0111
  found ctrl input: $flatten\soc.\spimemio.$logic_and$spimemio.v:282$550_Y
  found state code: 4'0110
  found state code: 4'0101
  found ctrl input: \soc.spimemio.dout_valid
  found state code: 4'0100
  found state code: 4'0011
  found state code: 4'0010
  found state code: 4'0001
  found ctrl input: \soc.spimemio.config_cont
  found state code: 4'0000
  found ctrl output: $flatten\soc.\spimemio.$procmux$5387_CMP
  found ctrl output: $flatten\soc.\spimemio.$procmux$5390_CMP
  found ctrl output: $flatten\soc.\spimemio.$procmux$5401_CMP
  found ctrl output: $flatten\soc.\spimemio.$procmux$5404_CMP
  found ctrl output: $flatten\soc.\spimemio.$procmux$5410_CMP
  found ctrl output: $flatten\soc.\spimemio.$procmux$5407_CMP
  found ctrl output: $flatten\soc.\spimemio.$procmux$5413_CMP
  found ctrl output: $flatten\soc.\spimemio.$procmux$5416_CMP
  found ctrl output: $flatten\soc.\spimemio.$procmux$5419_CMP
  found ctrl output: $flatten\soc.\spimemio.$procmux$5424_CMP
  found ctrl output: $flatten\soc.\spimemio.$procmux$5427_CMP
  found ctrl output: $flatten\soc.\spimemio.$procmux$5433_CMP
  found ctrl output: $flatten\soc.\spimemio.$procmux$5439_CMP
  ctrl inputs: { \soc.spimemio.xfer.din_ready $flatten\soc.\spimemio.$logic_or$spimemio.v:350$555_Y $flatten\soc.\spimemio.$logic_or$spimemio.v:310$551_Y $flatten\soc.\spimemio.$logic_and$spimemio.v:282$550_Y $flatten\soc.\spimemio.$logic_or$spimemio.v:211$537_Y \soc.spimemio.config_cont \soc.spimemio.jump \soc.spimemio.dout_valid }
  ctrl outputs: { $flatten\soc.\spimemio.$procmux$5439_CMP $flatten\soc.\spimemio.$procmux$5433_CMP $flatten\soc.\spimemio.$procmux$5427_CMP $flatten\soc.\spimemio.$procmux$5424_CMP $flatten\soc.\spimemio.$procmux$5419_CMP $flatten\soc.\spimemio.$procmux$5416_CMP $flatten\soc.\spimemio.$procmux$5413_CMP $flatten\soc.\spimemio.$procmux$5410_CMP $flatten\soc.\spimemio.$procmux$5407_CMP $flatten\soc.\spimemio.$procmux$5404_CMP $flatten\soc.\spimemio.$procmux$5401_CMP $flatten\soc.\spimemio.$procmux$5390_CMP $flatten\soc.\spimemio.$procmux$5387_CMP $flatten\soc.\spimemio.$0\state[3:0] }
  transition:     4'0000 8'0---0-0- ->     4'0000 17'10000000000000000
  transition:     4'0000 8'1---0-0- ->     4'0001 17'10000000000000001
  transition:     4'0000 8'----001- ->     4'0100 17'10000000000000100
  transition:     4'0000 8'----011- ->     4'0101 17'10000000000000101
  transition:     4'0000 8'----1--- ->     4'0000 17'10000000000000000
  transition:     4'1000 8'0---0-0- ->     4'1000 17'00000010000001000
  transition:     4'1000 8'1---0-0- ->     4'1001 17'00000010000001001
  transition:     4'1000 8'----001- ->     4'0100 17'00000010000000100
  transition:     4'1000 8'----011- ->     4'0101 17'00000010000000101
  transition:     4'1000 8'----1--- ->     4'0000 17'00000010000000000
  transition:     4'0100 8'0---0-0- ->     4'0100 17'00100000000000100
  transition:     4'0100 8'1---0-0- ->     4'0101 17'00100000000000101
  transition:     4'0100 8'----001- ->     4'0100 17'00100000000000100
  transition:     4'0100 8'----011- ->     4'0101 17'00100000000000101
  transition:     4'0100 8'----1--- ->     4'0000 17'00100000000000000
  transition:     4'1100 8'-0--0-0- ->     4'1100 17'00000000001001100
  transition:     4'1100 8'01--0-0- ->     4'1100 17'00000000001001100
  transition:     4'1100 8'11--0-0- ->     4'1001 17'00000000001001001
  transition:     4'1100 8'----001- ->     4'0100 17'00000000001000100
  transition:     4'1100 8'----011- ->     4'0101 17'00000000001000101
  transition:     4'1100 8'----1--- ->     4'0000 17'00000000001000000
  transition:     4'0010 8'0---0-0- ->     4'0010 17'01000000000000010
  transition:     4'0010 8'1---0-0- ->     4'0011 17'01000000000000011
  transition:     4'0010 8'----001- ->     4'0100 17'01000000000000100
  transition:     4'0010 8'----011- ->     4'0101 17'01000000000000101
  transition:     4'0010 8'----1--- ->     4'0000 17'01000000000000000
  transition:     4'1010 8'0---0-0- ->     4'1010 17'00000000100001010
  transition:     4'1010 8'1---0-0- ->     4'1011 17'00000000100001011
  transition:     4'1010 8'----001- ->     4'0100 17'00000000100000100
  transition:     4'1010 8'----011- ->     4'0101 17'00000000100000101
  transition:     4'1010 8'----1--- ->     4'0000 17'00000000100000000
  transition:     4'0110 8'0---0-0- ->     4'0110 17'00001000000000110
  transition:     4'0110 8'1---0-0- ->     4'0111 17'00001000000000111
  transition:     4'0110 8'----001- ->     4'0100 17'00001000000000100
  transition:     4'0110 8'----011- ->     4'0101 17'00001000000000101
  transition:     4'0110 8'----1--- ->     4'0000 17'00001000000000000
  transition:     4'0001 8'----0-00 ->     4'0001 17'00000000000100001
  transition:     4'0001 8'----0-01 ->     4'0010 17'00000000000100010
  transition:     4'0001 8'----001- ->     4'0100 17'00000000000100100
  transition:     4'0001 8'----011- ->     4'0101 17'00000000000100101
  transition:     4'0001 8'----1--- ->     4'0000 17'00000000000100000
  transition:     4'1001 8'0---0-0- ->     4'1001 17'00000001000001001
  transition:     4'1001 8'1---0-0- ->     4'1010 17'00000001000001010
  transition:     4'1001 8'----001- ->     4'0100 17'00000001000000100
  transition:     4'1001 8'----011- ->     4'0101 17'00000001000000101
  transition:     4'1001 8'----1--- ->     4'0000 17'00000001000000000
  transition:     4'0101 8'---00-0- ->     4'0101 17'00010000000000101
  transition:     4'0101 8'0--10-0- ->     4'0101 17'00010000000000101
  transition:     4'0101 8'1--10-0- ->     4'0110 17'00010000000000110
  transition:     4'0101 8'----001- ->     4'0100 17'00010000000000100
  transition:     4'0101 8'----011- ->     4'0101 17'00010000000000101
  transition:     4'0101 8'----1--- ->     4'0000 17'00010000000000000
  transition:     4'0011 8'----0-00 ->     4'0011 17'00000000000010011
  transition:     4'0011 8'----0-01 ->     4'0100 17'00000000000010100
  transition:     4'0011 8'----001- ->     4'0100 17'00000000000010100
  transition:     4'0011 8'----011- ->     4'0101 17'00000000000010101
  transition:     4'0011 8'----1--- ->     4'0000 17'00000000000010000
  transition:     4'1011 8'0---0-0- ->     4'1011 17'00000000010001011
  transition:     4'1011 8'1---0-0- ->     4'1100 17'00000000010001100
  transition:     4'1011 8'----001- ->     4'0100 17'00000000010000100
  transition:     4'1011 8'----011- ->     4'0101 17'00000000010000101
  transition:     4'1011 8'----1--- ->     4'0000 17'00000000010000000
  transition:     4'0111 8'0---0-0- ->     4'0111 17'00000100000000111
  transition:     4'0111 8'1-0-0-0- ->     4'1001 17'00000100000001001
  transition:     4'0111 8'1-1-0-0- ->     4'1000 17'00000100000001000
  transition:     4'0111 8'----001- ->     4'0100 17'00000100000000100
  transition:     4'0111 8'----011- ->     4'0101 17'00000100000000101
  transition:     4'0111 8'----1--- ->     4'0000 17'00000100000000000

7.12.3. Executing FSM_OPT pass (simple optimizations of FSMs).
Optimizing FSM `$fsm$\soc.spimemio.state$6334' from module `\icebreaker'.
Optimizing FSM `$fsm$\soc.cpu.mem_wordsize$6329' from module `\icebreaker'.
Optimizing FSM `$fsm$\soc.cpu.cpu_state$6319' from module `\icebreaker'.
  Merging pattern 26'10101-----------------1--- and 26'10111-----------------1--- from group (0 0 16'1000000100000000).
  Merging pattern 26'01101-----------------1--- and 26'01111-----------------1--- from group (0 0 16'1000000100000000).
  Merging pattern 26'11101-----------------1--- and 26'11111-----------------1--- from group (0 0 16'1000000100000000).
  Merging pattern 26'10111-----------------1--- and 26'10101-----------------1--- from group (0 0 16'1000000100000000).
  Merging pattern 26'01111-----------------1--- and 26'01101-----------------1--- from group (0 0 16'1000000100000000).
  Merging pattern 26'11111-----------------1--- and 26'11101-----------------1--- from group (0 0 16'1000000100000000).
  Merging pattern 26'101-1-----------------1--- and 26'111-1-----------------1--- from group (0 0 16'1000000100000000).
  Merging pattern 26'111-1-----------------1--- and 26'101-1-----------------1--- from group (0 0 16'1000000100000000).
  Merging pattern 26'1-1-0-----------------1--- and 26'1-1-1-----------------1--- from group (0 0 16'1000000100000000).
  Merging pattern 26'1-1-1-----------------1--- and 26'1-1-0-----------------1--- from group (0 0 16'1000000100000000).
  Merging pattern 26'10101-----------------0--- and 26'10111-----------------0--- from group (0 1 16'1000000010000000).
  Merging pattern 26'01101-----------------0--- and 26'01111-----------------0--- from group (0 1 16'1000000010000000).
  Merging pattern 26'11101-----------------0--- and 26'11111-----------------0--- from group (0 1 16'1000000010000000).
  Merging pattern 26'10111-----------------0--- and 26'10101-----------------0--- from group (0 1 16'1000000010000000).
  Merging pattern 26'01111-----------------0--- and 26'01101-----------------0--- from group (0 1 16'1000000010000000).
  Merging pattern 26'11111-----------------0--- and 26'11101-----------------0--- from group (0 1 16'1000000010000000).
  Merging pattern 26'101-1-----------------0--- and 26'111-1-----------------0--- from group (0 1 16'1000000010000000).
  Merging pattern 26'111-1-----------------0--- and 26'101-1-----------------0--- from group (0 1 16'1000000010000000).
  Merging pattern 26'1-1-0-----------------0--- and 26'1-1-1-----------------0--- from group (0 1 16'1000000010000000).
  Merging pattern 26'1-1-1-----------------0--- and 26'1-1-0-----------------0--- from group (0 1 16'1000000010000000).
  Merging pattern 26'10101-----------------0--- and 26'10111-----------------0--- from group (1 1 16'0000000010000001).
  Merging pattern 26'01101-----------------0--- and 26'01111-----------------0--- from group (1 1 16'0000000010000001).
  Merging pattern 26'11101-----------------0--- and 26'11111-----------------0--- from group (1 1 16'0000000010000001).
  Merging pattern 26'10111-----------------0--- and 26'10101-----------------0--- from group (1 1 16'0000000010000001).
  Merging pattern 26'01111-----------------0--- and 26'01101-----------------0--- from group (1 1 16'0000000010000001).
  Merging pattern 26'11111-----------------0--- and 26'11101-----------------0--- from group (1 1 16'0000000010000001).
  Merging pattern 26'10101------00----1-1--1--- and 26'10111------00----1-1--1--- from group (1 1 16'0000000010000001).
  Merging pattern 26'01101------00----1-1--1--- and 26'01111------00----1-1--1--- from group (1 1 16'0000000010000001).
  Merging pattern 26'11101------00----1-1--1--- and 26'11111------00----1-1--1--- from group (1 1 16'0000000010000001).
  Merging pattern 26'10111------00----1-1--1--- and 26'10101------00----1-1--1--- from group (1 1 16'0000000010000001).
  Merging pattern 26'01111------00----1-1--1--- and 26'01101------00----1-1--1--- from group (1 1 16'0000000010000001).
  Merging pattern 26'11111------00----1-1--1--- and 26'11101------00----1-1--1--- from group (1 1 16'0000000010000001).
  Merging pattern 26'10101------00----0----1--- and 26'10111------00----0----1--- from group (1 1 16'0000000010000001).
  Merging pattern 26'01101------00----0----1--- and 26'01111------00----0----1--- from group (1 1 16'0000000010000001).
  Merging pattern 26'11101------00----0----1--- and 26'11111------00----0----1--- from group (1 1 16'0000000010000001).
  Merging pattern 26'10111------00----0----1--- and 26'10101------00----0----1--- from group (1 1 16'0000000010000001).
  Merging pattern 26'01111------00----0----1--- and 26'01101------00----0----1--- from group (1 1 16'0000000010000001).
  Merging pattern 26'11111------00----0----1--- and 26'11101------00----0----1--- from group (1 1 16'0000000010000001).
  Merging pattern 26'10101------10---------1--- and 26'10111------10---------1--- from group (1 1 16'0000000010000001).
  Merging pattern 26'01101------10---------1--- and 26'01111------10---------1--- from group (1 1 16'0000000010000001).
  Merging pattern 26'11101------10---------1--- and 26'11111------10---------1--- from group (1 1 16'0000000010000001).
  Merging pattern 26'10111------10---------1--- and 26'10101------10---------1--- from group (1 1 16'0000000010000001).
  Merging pattern 26'01111------10---------1--- and 26'01101------10---------1--- from group (1 1 16'0000000010000001).
  Merging pattern 26'11111------10---------1--- and 26'11101------10---------1--- from group (1 1 16'0000000010000001).
  Merging pattern 26'10101-------1---------1--- and 26'10111-------1---------1--- from group (1 1 16'0000000010000001).
  Merging pattern 26'01101-------1---------1--- and 26'01111-------1---------1--- from group (1 1 16'0000000010000001).
  Merging pattern 26'11101-------1---------1--- and 26'11111-------1---------1--- from group (1 1 16'0000000010000001).
  Merging pattern 26'10111-------1---------1--- and 26'10101-------1---------1--- from group (1 1 16'0000000010000001).
  Merging pattern 26'01111-------1---------1--- and 26'01101-------1---------1--- from group (1 1 16'0000000010000001).
  Merging pattern 26'11111-------1---------1--- and 26'11101-------1---------1--- from group (1 1 16'0000000010000001).
  Merging pattern 26'101-1-----------------0--- and 26'111-1-----------------0--- from group (1 1 16'0000000010000001).
  Merging pattern 26'111-1-----------------0--- and 26'101-1-----------------0--- from group (1 1 16'0000000010000001).
  Merging pattern 26'101-1------00----1-1--1--- and 26'111-1------00----1-1--1--- from group (1 1 16'0000000010000001).
  Merging pattern 26'111-1------00----1-1--1--- and 26'101-1------00----1-1--1--- from group (1 1 16'0000000010000001).
  Merging pattern 26'101-1------00----0----1--- and 26'111-1------00----0----1--- from group (1 1 16'0000000010000001).
  Merging pattern 26'111-1------00----0----1--- and 26'101-1------00----0----1--- from group (1 1 16'0000000010000001).
  Merging pattern 26'101-1------10---------1--- and 26'111-1------10---------1--- from group (1 1 16'0000000010000001).
  Merging pattern 26'111-1------10---------1--- and 26'101-1------10---------1--- from group (1 1 16'0000000010000001).
  Merging pattern 26'101-1-------1---------1--- and 26'111-1-------1---------1--- from group (1 1 16'0000000010000001).
  Merging pattern 26'111-1-------1---------1--- and 26'101-1-------1---------1--- from group (1 1 16'0000000010000001).
  Merging pattern 26'1-1-0-----------------0--- and 26'1-1-1-----------------0--- from group (1 1 16'0000000010000001).
  Merging pattern 26'1-1-1-----------------0--- and 26'1-1-0-----------------0--- from group (1 1 16'0000000010000001).
  Merging pattern 26'1-1-0------00----1-1--1--- and 26'1-1-1------00----1-1--1--- from group (1 1 16'0000000010000001).
  Merging pattern 26'1-1-1------00----1-1--1--- and 26'1-1-0------00----1-1--1--- from group (1 1 16'0000000010000001).
  Merging pattern 26'1-1-0------00----0----1--- and 26'1-1-1------00----0----1--- from group (1 1 16'0000000010000001).
  Merging pattern 26'1-1-1------00----0----1--- and 26'1-1-0------00----0----1--- from group (1 1 16'0000000010000001).
  Merging pattern 26'1-1-0------10---------1--- and 26'1-1-1------10---------1--- from group (1 1 16'0000000010000001).
  Merging pattern 26'1-1-1------10---------1--- and 26'1-1-0------10---------1--- from group (1 1 16'0000000010000001).
  Merging pattern 26'1-1-0-------1---------1--- and 26'1-1-1-------1---------1--- from group (1 1 16'0000000010000001).
  Merging pattern 26'1-1-1-------1---------1--- and 26'1-1-0-------1---------1--- from group (1 1 16'0000000010000001).
  Merging pattern 26'10101------00----1-0--1--- and 26'10111------00----1-0--1--- from group (1 2 16'0000000001000001).
  Merging pattern 26'01101------00----1-0--1--- and 26'01111------00----1-0--1--- from group (1 2 16'0000000001000001).
  Merging pattern 26'11101------00----1-0--1--- and 26'11111------00----1-0--1--- from group (1 2 16'0000000001000001).
  Merging pattern 26'10111------00----1-0--1--- and 26'10101------00----1-0--1--- from group (1 2 16'0000000001000001).
  Merging pattern 26'01111------00----1-0--1--- and 26'01101------00----1-0--1--- from group (1 2 16'0000000001000001).
  Merging pattern 26'11111------00----1-0--1--- and 26'11101------00----1-0--1--- from group (1 2 16'0000000001000001).
  Merging pattern 26'101-1------00----1-0--1--- and 26'111-1------00----1-0--1--- from group (1 2 16'0000000001000001).
  Merging pattern 26'111-1------00----1-0--1--- and 26'101-1------00----1-0--1--- from group (1 2 16'0000000001000001).
  Merging pattern 26'1-1-0------00----1-0--1--- and 26'1-1-1------00----1-0--1--- from group (1 2 16'0000000001000001).
  Merging pattern 26'1-1-1------00----1-0--1--- and 26'1-1-0------00----1-0--1--- from group (1 2 16'0000000001000001).
  Merging pattern 26'10101----01-------1--01--- and 26'10111----01-------1--01--- from group (2 0 16'0100000100000000).
  Merging pattern 26'01101----01-------1--01--- and 26'01111----01-------1--01--- from group (2 0 16'0100000100000000).
  Merging pattern 26'11101----01-------1--01--- and 26'11111----01-------1--01--- from group (2 0 16'0100000100000000).
  Merging pattern 26'10111----01-------1--01--- and 26'10101----01-------1--01--- from group (2 0 16'0100000100000000).
  Merging pattern 26'01111----01-------1--01--- and 26'01101----01-------1--01--- from group (2 0 16'0100000100000000).
  Merging pattern 26'11111----01-------1--01--- and 26'11101----01-------1--01--- from group (2 0 16'0100000100000000).
  Merging pattern 26'101-1----01-------1--01--- and 26'111-1----01-------1--01--- from group (2 0 16'0100000100000000).
  Merging pattern 26'111-1----01-------1--01--- and 26'101-1----01-------1--01--- from group (2 0 16'0100000100000000).
  Merging pattern 26'1-1-0----01-------1--01--- and 26'1-1-1----01-------1--01--- from group (2 0 16'0100000100000000).
  Merging pattern 26'1-1-1----01-------1--01--- and 26'1-1-0----01-------1--01--- from group (2 0 16'0100000100000000).
  Merging pattern 26'10101-----------------1-1- and 26'10111-----------------1-1- from group (2 1 16'0100000010000000).
  Merging pattern 26'01101-----------------1-1- and 26'01111-----------------1-1- from group (2 1 16'0100000010000000).
  Merging pattern 26'11101-----------------1-1- and 26'11111-----------------1-1- from group (2 1 16'0100000010000000).
  Merging pattern 26'10111-----------------1-1- and 26'10101-----------------1-1- from group (2 1 16'0100000010000000).
  Merging pattern 26'01111-----------------1-1- and 26'01101-----------------1-1- from group (2 1 16'0100000010000000).
  Merging pattern 26'11111-----------------1-1- and 26'11101-----------------1-1- from group (2 1 16'0100000010000000).
  Merging pattern 26'10101-----------------0--- and 26'10111-----------------0--- from group (2 1 16'0100000010000000).
  Merging pattern 26'01101-----------------0--- and 26'01111-----------------0--- from group (2 1 16'0100000010000000).
  Merging pattern 26'11101-----------------0--- and 26'11111-----------------0--- from group (2 1 16'0100000010000000).
  Merging pattern 26'10111-----------------0--- and 26'10101-----------------0--- from group (2 1 16'0100000010000000).
  Merging pattern 26'01111-----------------0--- and 26'01101-----------------0--- from group (2 1 16'0100000010000000).
  Merging pattern 26'11111-----------------0--- and 26'11101-----------------0--- from group (2 1 16'0100000010000000).
  Merging pattern 26'10101----11-------1--01--- and 26'10111----11-------1--01--- from group (2 1 16'0100000010000000).
  Merging pattern 26'01101----11-------1--01--- and 26'01111----11-------1--01--- from group (2 1 16'0100000010000000).
  Merging pattern 26'11101----11-------1--01--- and 26'11111----11-------1--01--- from group (2 1 16'0100000010000000).
  Merging pattern 26'10111----11-------1--01--- and 26'10101----11-------1--01--- from group (2 1 16'0100000010000000).
  Merging pattern 26'01111----11-------1--01--- and 26'01101----11-------1--01--- from group (2 1 16'0100000010000000).
  Merging pattern 26'11111----11-------1--01--- and 26'11101----11-------1--01--- from group (2 1 16'0100000010000000).
  Merging pattern 26'10101-------------1--11--- and 26'10111-------------1--11--- from group (2 1 16'0100000010000000).
  Merging pattern 26'01101-------------1--11--- and 26'01111-------------1--11--- from group (2 1 16'0100000010000000).
  Merging pattern 26'11101-------------1--11--- and 26'11111-------------1--11--- from group (2 1 16'0100000010000000).
  Merging pattern 26'10111-------------1--11--- and 26'10101-------------1--11--- from group (2 1 16'0100000010000000).
  Merging pattern 26'01111-------------1--11--- and 26'01101-------------1--11--- from group (2 1 16'0100000010000000).
  Merging pattern 26'11111-------------1--11--- and 26'11101-------------1--11--- from group (2 1 16'0100000010000000).
  Merging pattern 26'101-1-----------------1-1- and 26'111-1-----------------1-1- from group (2 1 16'0100000010000000).
  Merging pattern 26'111-1-----------------1-1- and 26'101-1-----------------1-1- from group (2 1 16'0100000010000000).
  Merging pattern 26'101-1-----------------0--- and 26'111-1-----------------0--- from group (2 1 16'0100000010000000).
  Merging pattern 26'111-1-----------------0--- and 26'101-1-----------------0--- from group (2 1 16'0100000010000000).
  Merging pattern 26'101-1----11-------1--01--- and 26'111-1----11-------1--01--- from group (2 1 16'0100000010000000).
  Merging pattern 26'111-1----11-------1--01--- and 26'101-1----11-------1--01--- from group (2 1 16'0100000010000000).
  Merging pattern 26'101-1-------------1--11--- and 26'111-1-------------1--11--- from group (2 1 16'0100000010000000).
  Merging pattern 26'111-1-------------1--11--- and 26'101-1-------------1--11--- from group (2 1 16'0100000010000000).
  Merging pattern 26'1-1-0-----------------1-1- and 26'1-1-1-----------------1-1- from group (2 1 16'0100000010000000).
  Merging pattern 26'1-1-1-----------------1-1- and 26'1-1-0-----------------1-1- from group (2 1 16'0100000010000000).
  Merging pattern 26'1-1-0-----------------0--- and 26'1-1-1-----------------0--- from group (2 1 16'0100000010000000).
  Merging pattern 26'1-1-1-----------------0--- and 26'1-1-0-----------------0--- from group (2 1 16'0100000010000000).
  Merging pattern 26'1-1-0----11-------1--01--- and 26'1-1-1----11-------1--01--- from group (2 1 16'0100000010000000).
  Merging pattern 26'1-1-1----11-------1--01--- and 26'1-1-0----11-------1--01--- from group (2 1 16'0100000010000000).
  Merging pattern 26'1-1-0-------------1--11--- and 26'1-1-1-------------1--11--- from group (2 1 16'0100000010000000).
  Merging pattern 26'1-1-1-------------1--11--- and 26'1-1-0-------------1--11--- from group (2 1 16'0100000010000000).
  Merging pattern 26'10101-----0-------1--01--- and 26'10111-----0-------1--01--- from group (2 2 16'0100000001000000).
  Merging pattern 26'01101-----0-------1--01--- and 26'01111-----0-------1--01--- from group (2 2 16'0100000001000000).
  Merging pattern 26'11101-----0-------1--01--- and 26'11111-----0-------1--01--- from group (2 2 16'0100000001000000).
  Merging pattern 26'10111-----0-------1--01--- and 26'10101-----0-------1--01--- from group (2 2 16'0100000001000000).
  Merging pattern 26'01111-----0-------1--01--- and 26'01101-----0-------1--01--- from group (2 2 16'0100000001000000).
  Merging pattern 26'11111-----0-------1--01--- and 26'11101-----0-------1--01--- from group (2 2 16'0100000001000000).
  Merging pattern 26'101-1-----0-------1--01--- and 26'111-1-----0-------1--01--- from group (2 2 16'0100000001000000).
  Merging pattern 26'111-1-----0-------1--01--- and 26'101-1-----0-------1--01--- from group (2 2 16'0100000001000000).
  Merging pattern 26'1-1-0-----0-------1--01--- and 26'1-1-1-----0-------1--01--- from group (2 2 16'0100000001000000).
  Merging pattern 26'1-1-1-----0-------1--01--- and 26'1-1-0-----0-------1--01--- from group (2 2 16'0100000001000000).
  Merging pattern 26'10101---0-----000-0---100- and 26'10111---0-----000-0---100- from group (2 3 16'0100000000010000).
  Merging pattern 26'01101---0-----000-0---100- and 26'01111---0-----000-0---100- from group (2 3 16'0100000000010000).
  Merging pattern 26'11101---0-----000-0---100- and 26'11111---0-----000-0---100- from group (2 3 16'0100000000010000).
  Merging pattern 26'10111---0-----000-0---100- and 26'10101---0-----000-0---100- from group (2 3 16'0100000000010000).
  Merging pattern 26'01111---0-----000-0---100- and 26'01101---0-----000-0---100- from group (2 3 16'0100000000010000).
  Merging pattern 26'11111---0-----000-0---100- and 26'11101---0-----000-0---100- from group (2 3 16'0100000000010000).
  Merging pattern 26'10101-----------------11-- and 26'10111-----------------11-- from group (2 3 16'0100000000010000).
  Merging pattern 26'01101-----------------11-- and 26'01111-----------------11-- from group (2 3 16'0100000000010000).
  Merging pattern 26'11101-----------------11-- and 26'11111-----------------11-- from group (2 3 16'0100000000010000).
  Merging pattern 26'10111-----------------11-- and 26'10101-----------------11-- from group (2 3 16'0100000000010000).
  Merging pattern 26'01111-----------------11-- and 26'01101-----------------11-- from group (2 3 16'0100000000010000).
  Merging pattern 26'11111-----------------11-- and 26'11101-----------------11-- from group (2 3 16'0100000000010000).
  Merging pattern 26'101-1---0-----000-0---100- and 26'111-1---0-----000-0---100- from group (2 3 16'0100000000010000).
  Merging pattern 26'111-1---0-----000-0---100- and 26'101-1---0-----000-0---100- from group (2 3 16'0100000000010000).
  Merging pattern 26'101-1-----------------11-- and 26'111-1-----------------11-- from group (2 3 16'0100000000010000).
  Merging pattern 26'111-1-----------------11-- and 26'101-1-----------------11-- from group (2 3 16'0100000000010000).
  Merging pattern 26'1-1-0---0-----000-0---100- and 26'1-1-1---0-----000-0---100- from group (2 3 16'0100000000010000).
  Merging pattern 26'1-1-1---0-----000-0---100- and 26'1-1-0---0-----000-0---100- from group (2 3 16'0100000000010000).
  Merging pattern 26'1-1-0-----------------11-- and 26'1-1-1-----------------11-- from group (2 3 16'0100000000010000).
  Merging pattern 26'1-1-1-----------------11-- and 26'1-1-0-----------------11-- from group (2 3 16'0100000000010000).
  Merging pattern 26'10101---0-----1-0-----100- and 26'10111---0-----1-0-----100- from group (2 4 16'0100000000001000).
  Merging pattern 26'01101---0-----1-0-----100- and 26'01111---0-----1-0-----100- from group (2 4 16'0100000000001000).
  Merging pattern 26'11101---0-----1-0-----100- and 26'11111---0-----1-0-----100- from group (2 4 16'0100000000001000).
  Merging pattern 26'10111---0-----1-0-----100- and 26'10101---0-----1-0-----100- from group (2 4 16'0100000000001000).
  Merging pattern 26'01111---0-----1-0-----100- and 26'01101---0-----1-0-----100- from group (2 4 16'0100000000001000).
  Merging pattern 26'11111---0-----1-0-----100- and 26'11101---0-----1-0-----100- from group (2 4 16'0100000000001000).
  Merging pattern 26'10101-----------1-----1--- and 26'10111-----------1-----1--- from group (2 4 16'0100000000001000).
  Merging pattern 26'01101-----------1-----1--- and 26'01111-----------1-----1--- from group (2 4 16'0100000000001000).
  Merging pattern 26'11101-----------1-----1--- and 26'11111-----------1-----1--- from group (2 4 16'0100000000001000).
  Merging pattern 26'10111-----------1-----1--- and 26'10101-----------1-----1--- from group (2 4 16'0100000000001000).
  Merging pattern 26'01111-----------1-----1--- and 26'01101-----------1-----1--- from group (2 4 16'0100000000001000).
  Merging pattern 26'11111-----------1-----1--- and 26'11101-----------1-----1--- from group (2 4 16'0100000000001000).
  Merging pattern 26'101-1---0-----1-0-----100- and 26'111-1---0-----1-0-----100- from group (2 4 16'0100000000001000).
  Merging pattern 26'111-1---0-----1-0-----100- and 26'101-1---0-----1-0-----100- from group (2 4 16'0100000000001000).
  Merging pattern 26'101-1-----------1-----1--- and 26'111-1-----------1-----1--- from group (2 4 16'0100000000001000).
  Merging pattern 26'111-1-----------1-----1--- and 26'101-1-----------1-----1--- from group (2 4 16'0100000000001000).
  Merging pattern 26'1-1-0---0-----1-0-----100- and 26'1-1-1---0-----1-0-----100- from group (2 4 16'0100000000001000).
  Merging pattern 26'1-1-1---0-----1-0-----100- and 26'1-1-0---0-----1-0-----100- from group (2 4 16'0100000000001000).
  Merging pattern 26'1-1-0-----------1-----1--- and 26'1-1-1-----------1-----1--- from group (2 4 16'0100000000001000).
  Merging pattern 26'1-1-1-----------1-----1--- and 26'1-1-0-----------1-----1--- from group (2 4 16'0100000000001000).
  Merging pattern 26'10101---0------10-----100- and 26'10111---0------10-----100- from group (2 5 16'0100000000000100).
  Merging pattern 26'01101---0------10-----100- and 26'01111---0------10-----100- from group (2 5 16'0100000000000100).
  Merging pattern 26'11101---0------10-----100- and 26'11111---0------10-----100- from group (2 5 16'0100000000000100).
  Merging pattern 26'10111---0------10-----100- and 26'10101---0------10-----100- from group (2 5 16'0100000000000100).
  Merging pattern 26'01111---0------10-----100- and 26'01101---0------10-----100- from group (2 5 16'0100000000000100).
  Merging pattern 26'11111---0------10-----100- and 26'11101---0------10-----100- from group (2 5 16'0100000000000100).
  Merging pattern 26'101-1---0------10-----100- and 26'111-1---0------10-----100- from group (2 5 16'0100000000000100).
  Merging pattern 26'111-1---0------10-----100- and 26'101-1---0------10-----100- from group (2 5 16'0100000000000100).
  Merging pattern 26'1-1-0---0------10-----100- and 26'1-1-1---0------10-----100- from group (2 5 16'0100000000000100).
  Merging pattern 26'1-1-1---0------10-----100- and 26'1-1-0---0------10-----100- from group (2 5 16'0100000000000100).
  Merging pattern 26'10101---1-------------1--- and 26'10111---1-------------1--- from group (2 6 16'0100000000000010).
  Merging pattern 26'01101---1-------------1--- and 26'01111---1-------------1--- from group (2 6 16'0100000000000010).
  Merging pattern 26'11101---1-------------1--- and 26'11111---1-------------1--- from group (2 6 16'0100000000000010).
  Merging pattern 26'10111---1-------------1--- and 26'10101---1-------------1--- from group (2 6 16'0100000000000010).
  Merging pattern 26'01111---1-------------1--- and 26'01101---1-------------1--- from group (2 6 16'0100000000000010).
  Merging pattern 26'11111---1-------------1--- and 26'11101---1-------------1--- from group (2 6 16'0100000000000010).
  Merging pattern 26'101-1---1-------------1--- and 26'111-1---1-------------1--- from group (2 6 16'0100000000000010).
  Merging pattern 26'111-1---1-------------1--- and 26'101-1---1-------------1--- from group (2 6 16'0100000000000010).
  Merging pattern 26'1-1-0---1-------------1--- and 26'1-1-1---1-------------1--- from group (2 6 16'0100000000000010).
  Merging pattern 26'1-1-1---1-------------1--- and 26'1-1-0---1-------------1--- from group (2 6 16'0100000000000010).
  Merging pattern 26'10101-----------------0--- and 26'10111-----------------0--- from group (3 1 16'0001000010000000).
  Merging pattern 26'01101-----------------0--- and 26'01111-----------------0--- from group (3 1 16'0001000010000000).
  Merging pattern 26'11101-----------------0--- and 26'11111-----------------0--- from group (3 1 16'0001000010000000).
  Merging pattern 26'10111-----------------0--- and 26'10101-----------------0--- from group (3 1 16'0001000010000000).
  Merging pattern 26'01111-----------------0--- and 26'01101-----------------0--- from group (3 1 16'0001000010000000).
  Merging pattern 26'11111-----------------0--- and 26'11101-----------------0--- from group (3 1 16'0001000010000000).
  Merging pattern 26'10101--------1------1-1--- and 26'10111--------1------1-1--- from group (3 1 16'0001000010000000).
  Merging pattern 26'01101--------1------1-1--- and 26'01111--------1------1-1--- from group (3 1 16'0001000010000000).
  Merging pattern 26'11101--------1------1-1--- and 26'11111--------1------1-1--- from group (3 1 16'0001000010000000).
  Merging pattern 26'10111--------1------1-1--- and 26'10101--------1------1-1--- from group (3 1 16'0001000010000000).
  Merging pattern 26'01111--------1------1-1--- and 26'01101--------1------1-1--- from group (3 1 16'0001000010000000).
  Merging pattern 26'11111--------1------1-1--- and 26'11101--------1------1-1--- from group (3 1 16'0001000010000000).
  Merging pattern 26'10101--------0--------1--- and 26'10111--------0--------1--- from group (3 1 16'0001000010000000).
  Merging pattern 26'01101--------0--------1--- and 26'01111--------0--------1--- from group (3 1 16'0001000010000000).
  Merging pattern 26'11101--------0--------1--- and 26'11111--------0--------1--- from group (3 1 16'0001000010000000).
  Merging pattern 26'10111--------0--------1--- and 26'10101--------0--------1--- from group (3 1 16'0001000010000000).
  Merging pattern 26'01111--------0--------1--- and 26'01101--------0--------1--- from group (3 1 16'0001000010000000).
  Merging pattern 26'11111--------0--------1--- and 26'11101--------0--------1--- from group (3 1 16'0001000010000000).
  Merging pattern 26'101-1-----------------0--- and 26'111-1-----------------0--- from group (3 1 16'0001000010000000).
  Merging pattern 26'111-1-----------------0--- and 26'101-1-----------------0--- from group (3 1 16'0001000010000000).
  Merging pattern 26'101-1--------1------1-1--- and 26'111-1--------1------1-1--- from group (3 1 16'0001000010000000).
  Merging pattern 26'111-1--------1------1-1--- and 26'101-1--------1------1-1--- from group (3 1 16'0001000010000000).
  Merging pattern 26'101-1--------0--------1--- and 26'111-1--------0--------1--- from group (3 1 16'0001000010000000).
  Merging pattern 26'111-1--------0--------1--- and 26'101-1--------0--------1--- from group (3 1 16'0001000010000000).
  Merging pattern 26'1-1-0-----------------0--- and 26'1-1-1-----------------0--- from group (3 1 16'0001000010000000).
  Merging pattern 26'1-1-1-----------------0--- and 26'1-1-0-----------------0--- from group (3 1 16'0001000010000000).
  Merging pattern 26'1-1-0--------1------1-1--- and 26'1-1-1--------1------1-1--- from group (3 1 16'0001000010000000).
  Merging pattern 26'1-1-1--------1------1-1--- and 26'1-1-0--------1------1-1--- from group (3 1 16'0001000010000000).
  Merging pattern 26'1-1-0--------0--------1--- and 26'1-1-1--------0--------1--- from group (3 1 16'0001000010000000).
  Merging pattern 26'1-1-1--------0--------1--- and 26'1-1-0--------0--------1--- from group (3 1 16'0001000010000000).
  Merging pattern 26'10101--------1------0-1--- and 26'10111--------1------0-1--- from group (3 3 16'0001000000010000).
  Merging pattern 26'01101--------1------0-1--- and 26'01111--------1------0-1--- from group (3 3 16'0001000000010000).
  Merging pattern 26'11101--------1------0-1--- and 26'11111--------1------0-1--- from group (3 3 16'0001000000010000).
  Merging pattern 26'10111--------1------0-1--- and 26'10101--------1------0-1--- from group (3 3 16'0001000000010000).
  Merging pattern 26'01111--------1------0-1--- and 26'01101--------1------0-1--- from group (3 3 16'0001000000010000).
  Merging pattern 26'11111--------1------0-1--- and 26'11101--------1------0-1--- from group (3 3 16'0001000000010000).
  Merging pattern 26'101-1--------1------0-1--- and 26'111-1--------1------0-1--- from group (3 3 16'0001000000010000).
  Merging pattern 26'111-1--------1------0-1--- and 26'101-1--------1------0-1--- from group (3 3 16'0001000000010000).
  Merging pattern 26'1-1-0--------1------0-1--- and 26'1-1-1--------1------0-1--- from group (3 3 16'0001000000010000).
  Merging pattern 26'1-1-1--------1------0-1--- and 26'1-1-0--------1------0-1--- from group (3 3 16'0001000000010000).
  Merging pattern 26'10101-----------------0--- and 26'10111-----------------0--- from group (4 1 16'0000100010000000).
  Merging pattern 26'01101-----------------0--- and 26'01111-----------------0--- from group (4 1 16'0000100010000000).
  Merging pattern 26'11101-----------------0--- and 26'11111-----------------0--- from group (4 1 16'0000100010000000).
  Merging pattern 26'10111-----------------0--- and 26'10101-----------------0--- from group (4 1 16'0000100010000000).
  Merging pattern 26'01111-----------------0--- and 26'01101-----------------0--- from group (4 1 16'0000100010000000).
  Merging pattern 26'11111-----------------0--- and 26'11101-----------------0--- from group (4 1 16'0000100010000000).
  Merging pattern 26'10101--1--------------1--- and 26'10111--1--------------1--- from group (4 1 16'0000100010000000).
  Merging pattern 26'01101--1--------------1--- and 26'01111--1--------------1--- from group (4 1 16'0000100010000000).
  Merging pattern 26'11101--1--------------1--- and 26'11111--1--------------1--- from group (4 1 16'0000100010000000).
  Merging pattern 26'10111--1--------------1--- and 26'10101--1--------------1--- from group (4 1 16'0000100010000000).
  Merging pattern 26'01111--1--------------1--- and 26'01101--1--------------1--- from group (4 1 16'0000100010000000).
  Merging pattern 26'11111--1--------------1--- and 26'11101--1--------------1--- from group (4 1 16'0000100010000000).
  Merging pattern 26'101-1-----------------0--- and 26'111-1-----------------0--- from group (4 1 16'0000100010000000).
  Merging pattern 26'111-1-----------------0--- and 26'101-1-----------------0--- from group (4 1 16'0000100010000000).
  Merging pattern 26'101-1--1--------------1--- and 26'111-1--1--------------1--- from group (4 1 16'0000100010000000).
  Merging pattern 26'111-1--1--------------1--- and 26'101-1--1--------------1--- from group (4 1 16'0000100010000000).
  Merging pattern 26'1-1-0-----------------0--- and 26'1-1-1-----------------0--- from group (4 1 16'0000100010000000).
  Merging pattern 26'1-1-1-----------------0--- and 26'1-1-0-----------------0--- from group (4 1 16'0000100010000000).
  Merging pattern 26'1-1-0--1--------------1--- and 26'1-1-1--1--------------1--- from group (4 1 16'0000100010000000).
  Merging pattern 26'1-1-1--1--------------1--- and 26'1-1-0--1--------------1--- from group (4 1 16'0000100010000000).
  Merging pattern 26'10101--0--------------1--- and 26'10111--0--------------1--- from group (4 4 16'0000100000001000).
  Merging pattern 26'01101--0--------------1--- and 26'01111--0--------------1--- from group (4 4 16'0000100000001000).
  Merging pattern 26'11101--0--------------1--- and 26'11111--0--------------1--- from group (4 4 16'0000100000001000).
  Merging pattern 26'10111--0--------------1--- and 26'10101--0--------------1--- from group (4 4 16'0000100000001000).
  Merging pattern 26'01111--0--------------1--- and 26'01101--0--------------1--- from group (4 4 16'0000100000001000).
  Merging pattern 26'11111--0--------------1--- and 26'11101--0--------------1--- from group (4 4 16'0000100000001000).
  Merging pattern 26'101-1--0--------------1--- and 26'111-1--0--------------1--- from group (4 4 16'0000100000001000).
  Merging pattern 26'111-1--0--------------1--- and 26'101-1--0--------------1--- from group (4 4 16'0000100000001000).
  Merging pattern 26'1-1-0--0--------------1--- and 26'1-1-1--0--------------1--- from group (4 4 16'0000100000001000).
  Merging pattern 26'1-1-1--0--------------1--- and 26'1-1-0--0--------------1--- from group (4 4 16'0000100000001000).
  Merging pattern 26'10101-----------------0--- and 26'10111-----------------0--- from group (5 1 16'0000010010000000).
  Merging pattern 26'01101-----------------0--- and 26'01111-----------------0--- from group (5 1 16'0000010010000000).
  Merging pattern 26'11101-----------------0--- and 26'11111-----------------0--- from group (5 1 16'0000010010000000).
  Merging pattern 26'10111-----------------0--- and 26'10101-----------------0--- from group (5 1 16'0000010010000000).
  Merging pattern 26'01111-----------------0--- and 26'01101-----------------0--- from group (5 1 16'0000010010000000).
  Merging pattern 26'11111-----------------0--- and 26'11101-----------------0--- from group (5 1 16'0000010010000000).
  Merging pattern 26'1010111---------------1--- and 26'1011111---------------1--- from group (5 1 16'0000010010000000).
  Merging pattern 26'0110111---------------1--- and 26'0111111---------------1--- from group (5 1 16'0000010010000000).
  Merging pattern 26'1110111---------------1--- and 26'1111111---------------1--- from group (5 1 16'0000010010000000).
  Merging pattern 26'1011111---------------1--- and 26'1010111---------------1--- from group (5 1 16'0000010010000000).
  Merging pattern 26'0111111---------------1--- and 26'0110111---------------1--- from group (5 1 16'0000010010000000).
  Merging pattern 26'1111111---------------1--- and 26'1110111---------------1--- from group (5 1 16'0000010010000000).
  Merging pattern 26'101-1-----------------0--- and 26'111-1-----------------0--- from group (5 1 16'0000010010000000).
  Merging pattern 26'111-1-----------------0--- and 26'101-1-----------------0--- from group (5 1 16'0000010010000000).
  Merging pattern 26'101-111---------------1--- and 26'111-111---------------1--- from group (5 1 16'0000010010000000).
  Merging pattern 26'111-111---------------1--- and 26'101-111---------------1--- from group (5 1 16'0000010010000000).
  Merging pattern 26'1-1-0-----------------0--- and 26'1-1-1-----------------0--- from group (5 1 16'0000010010000000).
  Merging pattern 26'1-1-1-----------------0--- and 26'1-1-0-----------------0--- from group (5 1 16'0000010010000000).
  Merging pattern 26'1-1-011---------------1--- and 26'1-1-111---------------1--- from group (5 1 16'0000010010000000).
  Merging pattern 26'1-1-111---------------1--- and 26'1-1-011---------------1--- from group (5 1 16'0000010010000000).
  Merging pattern 26'10101-0---------------1--- and 26'10111-0---------------1--- from group (5 5 16'0000010000000100).
  Merging pattern 26'01101-0---------------1--- and 26'01111-0---------------1--- from group (5 5 16'0000010000000100).
  Merging pattern 26'11101-0---------------1--- and 26'11111-0---------------1--- from group (5 5 16'0000010000000100).
  Merging pattern 26'10111-0---------------1--- and 26'10101-0---------------1--- from group (5 5 16'0000010000000100).
  Merging pattern 26'01111-0---------------1--- and 26'01101-0---------------1--- from group (5 5 16'0000010000000100).
  Merging pattern 26'11111-0---------------1--- and 26'11101-0---------------1--- from group (5 5 16'0000010000000100).
  Merging pattern 26'1010101---------------1--- and 26'1011101---------------1--- from group (5 5 16'0000010000000100).
  Merging pattern 26'0110101---------------1--- and 26'0111101---------------1--- from group (5 5 16'0000010000000100).
  Merging pattern 26'1110101---------------1--- and 26'1111101---------------1--- from group (5 5 16'0000010000000100).
  Merging pattern 26'1011101---------------1--- and 26'1010101---------------1--- from group (5 5 16'0000010000000100).
  Merging pattern 26'0111101---------------1--- and 26'0110101---------------1--- from group (5 5 16'0000010000000100).
  Merging pattern 26'1111101---------------1--- and 26'1110101---------------1--- from group (5 5 16'0000010000000100).
  Merging pattern 26'101-1-0---------------1--- and 26'111-1-0---------------1--- from group (5 5 16'0000010000000100).
  Merging pattern 26'111-1-0---------------1--- and 26'101-1-0---------------1--- from group (5 5 16'0000010000000100).
  Merging pattern 26'101-101---------------1--- and 26'111-101---------------1--- from group (5 5 16'0000010000000100).
  Merging pattern 26'111-101---------------1--- and 26'101-101---------------1--- from group (5 5 16'0000010000000100).
  Merging pattern 26'1-1-0-0---------------1--- and 26'1-1-1-0---------------1--- from group (5 5 16'0000010000000100).
  Merging pattern 26'1-1-1-0---------------1--- and 26'1-1-0-0---------------1--- from group (5 5 16'0000010000000100).
  Merging pattern 26'1-1-001---------------1--- and 26'1-1-101---------------1--- from group (5 5 16'0000010000000100).
  Merging pattern 26'1-1-101---------------1--- and 26'1-1-001---------------1--- from group (5 5 16'0000010000000100).
  Merging pattern 26'10101-----------------0--- and 26'10111-----------------0--- from group (6 1 16'0000001010000000).
  Merging pattern 26'01101-----------------0--- and 26'01111-----------------0--- from group (6 1 16'0000001010000000).
  Merging pattern 26'11101-----------------0--- and 26'11111-----------------0--- from group (6 1 16'0000001010000000).
  Merging pattern 26'10111-----------------0--- and 26'10101-----------------0--- from group (6 1 16'0000001010000000).
  Merging pattern 26'01111-----------------0--- and 26'01101-----------------0--- from group (6 1 16'0000001010000000).
  Merging pattern 26'11111-----------------0--- and 26'11101-----------------0--- from group (6 1 16'0000001010000000).
  Merging pattern 26'1010111---------------1--- and 26'1011111---------------1--- from group (6 1 16'0000001010000000).
  Merging pattern 26'0110111---------------1--- and 26'0111111---------------1--- from group (6 1 16'0000001010000000).
  Merging pattern 26'1110111---------------1--- and 26'1111111---------------1--- from group (6 1 16'0000001010000000).
  Merging pattern 26'1011111---------------1--- and 26'1010111---------------1--- from group (6 1 16'0000001010000000).
  Merging pattern 26'0111111---------------1--- and 26'0110111---------------1--- from group (6 1 16'0000001010000000).
  Merging pattern 26'1111111---------------1--- and 26'1110111---------------1--- from group (6 1 16'0000001010000000).
  Merging pattern 26'101-1-----------------0--- and 26'111-1-----------------0--- from group (6 1 16'0000001010000000).
  Merging pattern 26'111-1-----------------0--- and 26'101-1-----------------0--- from group (6 1 16'0000001010000000).
  Merging pattern 26'101-111---------------1--- and 26'111-111---------------1--- from group (6 1 16'0000001010000000).
  Merging pattern 26'111-111---------------1--- and 26'101-111---------------1--- from group (6 1 16'0000001010000000).
  Merging pattern 26'1-1-0-----------------0--- and 26'1-1-1-----------------0--- from group (6 1 16'0000001010000000).
  Merging pattern 26'1-1-1-----------------0--- and 26'1-1-0-----------------0--- from group (6 1 16'0000001010000000).
  Merging pattern 26'1-1-011---------------1--- and 26'1-1-111---------------1--- from group (6 1 16'0000001010000000).
  Merging pattern 26'1-1-111---------------1--- and 26'1-1-011---------------1--- from group (6 1 16'0000001010000000).
  Merging pattern 26'10101-0---------------1--- and 26'10111-0---------------1--- from group (6 6 16'0000001000000010).
  Merging pattern 26'01101-0---------------1--- and 26'01111-0---------------1--- from group (6 6 16'0000001000000010).
  Merging pattern 26'11101-0---------------1--- and 26'11111-0---------------1--- from group (6 6 16'0000001000000010).
  Merging pattern 26'10111-0---------------1--- and 26'10101-0---------------1--- from group (6 6 16'0000001000000010).
  Merging pattern 26'01111-0---------------1--- and 26'01101-0---------------1--- from group (6 6 16'0000001000000010).
  Merging pattern 26'11111-0---------------1--- and 26'11101-0---------------1--- from group (6 6 16'0000001000000010).
  Merging pattern 26'1010101---------------1--- and 26'1011101---------------1--- from group (6 6 16'0000001000000010).
  Merging pattern 26'0110101---------------1--- and 26'0111101---------------1--- from group (6 6 16'0000001000000010).
  Merging pattern 26'1110101---------------1--- and 26'1111101---------------1--- from group (6 6 16'0000001000000010).
  Merging pattern 26'1011101---------------1--- and 26'1010101---------------1--- from group (6 6 16'0000001000000010).
  Merging pattern 26'0111101---------------1--- and 26'0110101---------------1--- from group (6 6 16'0000001000000010).
  Merging pattern 26'1111101---------------1--- and 26'1110101---------------1--- from group (6 6 16'0000001000000010).
  Merging pattern 26'101-1-0---------------1--- and 26'111-1-0---------------1--- from group (6 6 16'0000001000000010).
  Merging pattern 26'111-1-0---------------1--- and 26'101-1-0---------------1--- from group (6 6 16'0000001000000010).
  Merging pattern 26'101-101---------------1--- and 26'111-101---------------1--- from group (6 6 16'0000001000000010).
  Merging pattern 26'111-101---------------1--- and 26'101-101---------------1--- from group (6 6 16'0000001000000010).
  Merging pattern 26'1-1-0-0---------------1--- and 26'1-1-1-0---------------1--- from group (6 6 16'0000001000000010).
  Merging pattern 26'1-1-1-0---------------1--- and 26'1-1-0-0---------------1--- from group (6 6 16'0000001000000010).
  Merging pattern 26'1-1-001---------------1--- and 26'1-1-101---------------1--- from group (6 6 16'0000001000000010).
  Merging pattern 26'1-1-101---------------1--- and 26'1-1-001---------------1--- from group (6 6 16'0000001000000010).
  Removing unused input signal $auto$opt_reduce.cc:137:opt_pmux$6306.

7.12.4. Executing OPT_CLEAN pass (remove unused cells and wires).
Finding unused cells or wires in module \icebreaker..
Removed 78 unused cells and 78 unused wires.
<suppressed ~79 debug messages>

7.12.5. Executing FSM_OPT pass (simple optimizations of FSMs).
Optimizing FSM `$fsm$\soc.cpu.cpu_state$6319' from module `\icebreaker'.
  Removing unused output signal $flatten\soc.\cpu.$0\cpu_state[7:0] [0].
  Removing unused output signal $flatten\soc.\cpu.$0\cpu_state[7:0] [1].
  Removing unused output signal $flatten\soc.\cpu.$0\cpu_state[7:0] [2].
  Removing unused output signal $flatten\soc.\cpu.$0\cpu_state[7:0] [3].
  Removing unused output signal $flatten\soc.\cpu.$0\cpu_state[7:0] [4].
  Removing unused output signal $flatten\soc.\cpu.$0\cpu_state[7:0] [5].
  Removing unused output signal $flatten\soc.\cpu.$0\cpu_state[7:0] [6].
  Removing unused output signal $flatten\soc.\cpu.$0\cpu_state[7:0] [7].
Optimizing FSM `$fsm$\soc.cpu.mem_wordsize$6329' from module `\icebreaker'.
  Removing unused output signal $flatten\soc.\cpu.$0\mem_wordsize[1:0] [0].
  Removing unused output signal $flatten\soc.\cpu.$0\mem_wordsize[1:0] [1].
Optimizing FSM `$fsm$\soc.spimemio.state$6334' from module `\icebreaker'.
  Removing unused output signal $flatten\soc.\spimemio.$0\state[3:0] [0].
  Removing unused output signal $flatten\soc.\spimemio.$0\state[3:0] [1].
  Removing unused output signal $flatten\soc.\spimemio.$0\state[3:0] [2].
  Removing unused output signal $flatten\soc.\spimemio.$0\state[3:0] [3].

7.12.6. Executing FSM_RECODE pass (re-assigning FSM state encoding).
Recoding FSM `$fsm$\soc.cpu.cpu_state$6319' from module `\icebreaker' using `auto' encoding:
  mapping auto encoding to `one-hot` for this FSM.
  10000000 -> ------1
  01000000 -> -----1-
  00100000 -> ----1--
  00001000 -> ---1---
  00000100 -> --1----
  00000010 -> -1-----
  00000001 -> 1------
Recoding FSM `$fsm$\soc.cpu.mem_wordsize$6329' from module `\icebreaker' using `auto' encoding:
  mapping auto encoding to `one-hot` for this FSM.
  00 -> --1
  10 -> -1-
  01 -> 1--
Recoding FSM `$fsm$\soc.spimemio.state$6334' from module `\icebreaker' using `auto' encoding:
  mapping auto encoding to `one-hot` for this FSM.
  0000 -> ------------1
  1000 -> -----------1-
  0100 -> ----------1--
  1100 -> ---------1---
  0010 -> --------1----
  1010 -> -------1-----
  0110 -> ------1------
  0001 -> -----1-------
  1001 -> ----1--------
  0101 -> ---1---------
  0011 -> --1----------
  1011 -> -1-----------
  0111 -> 1------------

7.12.7. Executing FSM_INFO pass (dumping all available information on FSM cells).

FSM `$fsm$\soc.cpu.cpu_state$6319' from module `icebreaker':
-------------------------------------

  Information on FSM $fsm$\soc.cpu.cpu_state$6319 (\soc.cpu.cpu_state):

  Number of input signals:   25
  Number of output signals:   8
  Number of state bits:       7

  Input signals:
    0: $auto$opt_reduce.cc:137:opt_pmux$6254
    1: $auto$opt_reduce.cc:137:opt_pmux$6252
    2: \resetn
    3: \soc.cpu.pcpi_int_ready
    4: \soc.cpu.mem_done
    5: \soc.cpu.instr_jal
    6: \soc.cpu.instr_trap
    7: \soc.cpu.decoder_trigger
    8: \soc.cpu.is_slli_srli_srai
    9: \soc.cpu.is_sb_sh_sw
   10: \soc.cpu.is_sll_srl_sra
   11: \soc.cpu.is_beq_bne_blt_bge_bltu_bgeu
   12: $flatten\soc.\cpu.$logic_and$../picorv32.v:1538$1351_Y
   13: $flatten\soc.\cpu.$logic_and$../picorv32.v:1548$1359_Y
   14: $flatten\soc.\cpu.$logic_and$../picorv32.v:1605$1372_Y
   15: $flatten\soc.\cpu.$logic_and$../picorv32.v:1608$1376_Y
   16: $flatten\soc.\cpu.$logic_and$../picorv32.v:1696$1390_Y
   17: $flatten\soc.\cpu.$eq$../picorv32.v:1831$1418_Y
   18: $flatten\soc.\cpu.$logic_or$../picorv32.v:1857$1436_Y
   19: $flatten\soc.\cpu.$logic_and$../picorv32.v:1872$1440_Y
   20: $flatten\soc.\cpu.$logic_and$../picorv32.v:1922$1455_Y
   21: $flatten\soc.\cpu.$logic_and$../picorv32.v:1923$1458_Y
   22: $flatten\soc.\cpu.$logic_and$../picorv32.v:1925$1462_Y
   23: $flatten\soc.\cpu.$logic_and$../picorv32.v:1930$1465_Y
   24: $flatten\soc.\cpu.$logic_and$../picorv32.v:1938$1473_Y

  Output signals:
    0: $flatten\soc.\cpu.$eq$../picorv32.v:1313$1277_Y
    1: $flatten\soc.\cpu.$procmux$2209_CMP
    2: $flatten\soc.\cpu.$procmux$2210_CMP
    3: $flatten\soc.\cpu.$procmux$2211_CMP
    4: $flatten\soc.\cpu.$procmux$2212_CMP
    5: $flatten\soc.\cpu.$procmux$2213_CMP
    6: $flatten\soc.\cpu.$procmux$2214_CMP
    7: $flatten\soc.\cpu.$procmux$2216_CMP

  State encoding:
    0:  7'------1
    1:  7'-----1-
    2:  7'----1--
    3:  7'---1---
    4:  7'--1----
    5:  7'-1-----
    6:  7'1------

  Transition Table (state_in, ctrl_in, state_out, ctrl_out):
      0:     0 25'0---0-----------------1--   ->     0 8'10000000
      1:     0 25'00-01-----------------1--   ->     0 8'10000000
      2:     0 25'00111-----------------1--   ->     0 8'10000000
      3:     0 25'011-1-----------------1--   ->     0 8'10000000
      4:     0 25'1-1-------------------1--   ->     0 8'10000000
      5:     0 25'00011--------------------   ->     0 8'10000000
      6:     0 25'010-1--------------------   ->     0 8'10000000
      7:     0 25'1-0----------------------   ->     0 8'10000000
      8:     0 25'0---0-----------------0--   ->     1 8'10000000
      9:     0 25'00-01-----------------0--   ->     1 8'10000000
     10:     0 25'00111-----------------0--   ->     1 8'10000000
     11:     0 25'011-1-----------------0--   ->     1 8'10000000
     12:     0 25'1-1-------------------0--   ->     1 8'10000000
     13:     1 25'00011--------------------   ->     0 8'00000001
     14:     1 25'010-1--------------------   ->     0 8'00000001
     15:     1 25'1-0----------------------   ->     0 8'00000001
     16:     1 25'0---0-----------------0--   ->     1 8'00000001
     17:     1 25'00-01-----------------0--   ->     1 8'00000001
     18:     1 25'00111-----------------0--   ->     1 8'00000001
     19:     1 25'011-1-----------------0--   ->     1 8'00000001
     20:     1 25'1-1-------------------0--   ->     1 8'00000001
     21:     1 25'0---0------00----1-1--1--   ->     1 8'00000001
     22:     1 25'00-01------00----1-1--1--   ->     1 8'00000001
     23:     1 25'00111------00----1-1--1--   ->     1 8'00000001
     24:     1 25'011-1------00----1-1--1--   ->     1 8'00000001
     25:     1 25'1-1--------00----1-1--1--   ->     1 8'00000001
     26:     1 25'0---0------00----0----1--   ->     1 8'00000001
     27:     1 25'00-01------00----0----1--   ->     1 8'00000001
     28:     1 25'00111------00----0----1--   ->     1 8'00000001
     29:     1 25'011-1------00----0----1--   ->     1 8'00000001
     30:     1 25'1-1--------00----0----1--   ->     1 8'00000001
     31:     1 25'0---0------10---------1--   ->     1 8'00000001
     32:     1 25'00-01------10---------1--   ->     1 8'00000001
     33:     1 25'00111------10---------1--   ->     1 8'00000001
     34:     1 25'011-1------10---------1--   ->     1 8'00000001
     35:     1 25'1-1--------10---------1--   ->     1 8'00000001
     36:     1 25'0---0-------1---------1--   ->     1 8'00000001
     37:     1 25'00-01-------1---------1--   ->     1 8'00000001
     38:     1 25'00111-------1---------1--   ->     1 8'00000001
     39:     1 25'011-1-------1---------1--   ->     1 8'00000001
     40:     1 25'1-1---------1---------1--   ->     1 8'00000001
     41:     1 25'0---0------00----1-0--1--   ->     2 8'00000001
     42:     1 25'00-01------00----1-0--1--   ->     2 8'00000001
     43:     1 25'00111------00----1-0--1--   ->     2 8'00000001
     44:     1 25'011-1------00----1-0--1--   ->     2 8'00000001
     45:     1 25'1-1--------00----1-0--1--   ->     2 8'00000001
     46:     2 25'0---0----01-------1--01--   ->     0 8'01000000
     47:     2 25'00-01----01-------1--01--   ->     0 8'01000000
     48:     2 25'00111----01-------1--01--   ->     0 8'01000000
     49:     2 25'011-1----01-------1--01--   ->     0 8'01000000
     50:     2 25'1-1------01-------1--01--   ->     0 8'01000000
     51:     2 25'00011--------------------   ->     0 8'01000000
     52:     2 25'010-1--------------------   ->     0 8'01000000
     53:     2 25'1-0----------------------   ->     0 8'01000000
     54:     2 25'0---0-----------------1-1   ->     1 8'01000000
     55:     2 25'00-01-----------------1-1   ->     1 8'01000000
     56:     2 25'00111-----------------1-1   ->     1 8'01000000
     57:     2 25'011-1-----------------1-1   ->     1 8'01000000
     58:     2 25'1-1-------------------1-1   ->     1 8'01000000
     59:     2 25'0---0-----------------0--   ->     1 8'01000000
     60:     2 25'00-01-----------------0--   ->     1 8'01000000
     61:     2 25'00111-----------------0--   ->     1 8'01000000
     62:     2 25'011-1-----------------0--   ->     1 8'01000000
     63:     2 25'1-1-------------------0--   ->     1 8'01000000
     64:     2 25'0---0----11-------1--01--   ->     1 8'01000000
     65:     2 25'00-01----11-------1--01--   ->     1 8'01000000
     66:     2 25'00111----11-------1--01--   ->     1 8'01000000
     67:     2 25'011-1----11-------1--01--   ->     1 8'01000000
     68:     2 25'1-1------11-------1--01--   ->     1 8'01000000
     69:     2 25'0---0-------------1--11--   ->     1 8'01000000
     70:     2 25'00-01-------------1--11--   ->     1 8'01000000
     71:     2 25'00111-------------1--11--   ->     1 8'01000000
     72:     2 25'011-1-------------1--11--   ->     1 8'01000000
     73:     2 25'1-1---------------1--11--   ->     1 8'01000000
     74:     2 25'0---0-----0-------1--01--   ->     2 8'01000000
     75:     2 25'00-01-----0-------1--01--   ->     2 8'01000000
     76:     2 25'00111-----0-------1--01--   ->     2 8'01000000
     77:     2 25'011-1-----0-------1--01--   ->     2 8'01000000
     78:     2 25'1-1-------0-------1--01--   ->     2 8'01000000
     79:     2 25'0---0---0-----000-0---100   ->     3 8'01000000
     80:     2 25'00-01---0-----000-0---100   ->     3 8'01000000
     81:     2 25'00111---0-----000-0---100   ->     3 8'01000000
     82:     2 25'011-1---0-----000-0---100   ->     3 8'01000000
     83:     2 25'1-1-----0-----000-0---100   ->     3 8'01000000
     84:     2 25'0---0-----------------11-   ->     3 8'01000000
     85:     2 25'00-01-----------------11-   ->     3 8'01000000
     86:     2 25'00111-----------------11-   ->     3 8'01000000
     87:     2 25'011-1-----------------11-   ->     3 8'01000000
     88:     2 25'1-1-------------------11-   ->     3 8'01000000
     89:     2 25'0---0---0-----1-0-----100   ->     4 8'01000000
     90:     2 25'00-01---0-----1-0-----100   ->     4 8'01000000
     91:     2 25'00111---0-----1-0-----100   ->     4 8'01000000
     92:     2 25'011-1---0-----1-0-----100   ->     4 8'01000000
     93:     2 25'1-1-----0-----1-0-----100   ->     4 8'01000000
     94:     2 25'0---0-----------1-----1--   ->     4 8'01000000
     95:     2 25'00-01-----------1-----1--   ->     4 8'01000000
     96:     2 25'00111-----------1-----1--   ->     4 8'01000000
     97:     2 25'011-1-----------1-----1--   ->     4 8'01000000
     98:     2 25'1-1-------------1-----1--   ->     4 8'01000000
     99:     2 25'0---0---0------10-----100   ->     5 8'01000000
    100:     2 25'00-01---0------10-----100   ->     5 8'01000000
    101:     2 25'00111---0------10-----100   ->     5 8'01000000
    102:     2 25'011-1---0------10-----100   ->     5 8'01000000
    103:     2 25'1-1-----0------10-----100   ->     5 8'01000000
    104:     2 25'0---0---1-------------1--   ->     6 8'01000000
    105:     2 25'00-01---1-------------1--   ->     6 8'01000000
    106:     2 25'00111---1-------------1--   ->     6 8'01000000
    107:     2 25'011-1---1-------------1--   ->     6 8'01000000
    108:     2 25'1-1-----1-------------1--   ->     6 8'01000000
    109:     3 25'00011--------------------   ->     0 8'00010000
    110:     3 25'010-1--------------------   ->     0 8'00010000
    111:     3 25'1-0----------------------   ->     0 8'00010000
    112:     3 25'0---0-----------------0--   ->     1 8'00010000
    113:     3 25'00-01-----------------0--   ->     1 8'00010000
    114:     3 25'00111-----------------0--   ->     1 8'00010000
    115:     3 25'011-1-----------------0--   ->     1 8'00010000
    116:     3 25'1-1-------------------0--   ->     1 8'00010000
    117:     3 25'0---0--------1------1-1--   ->     1 8'00010000
    118:     3 25'00-01--------1------1-1--   ->     1 8'00010000
    119:     3 25'00111--------1------1-1--   ->     1 8'00010000
    120:     3 25'011-1--------1------1-1--   ->     1 8'00010000
    121:     3 25'1-1----------1------1-1--   ->     1 8'00010000
    122:     3 25'0---0--------0--------1--   ->     1 8'00010000
    123:     3 25'00-01--------0--------1--   ->     1 8'00010000
    124:     3 25'00111--------0--------1--   ->     1 8'00010000
    125:     3 25'011-1--------0--------1--   ->     1 8'00010000
    126:     3 25'1-1----------0--------1--   ->     1 8'00010000
    127:     3 25'0---0--------1------0-1--   ->     3 8'00010000
    128:     3 25'00-01--------1------0-1--   ->     3 8'00010000
    129:     3 25'00111--------1------0-1--   ->     3 8'00010000
    130:     3 25'011-1--------1------0-1--   ->     3 8'00010000
    131:     3 25'1-1----------1------0-1--   ->     3 8'00010000
    132:     4 25'00011--------------------   ->     0 8'00001000
    133:     4 25'010-1--------------------   ->     0 8'00001000
    134:     4 25'1-0----------------------   ->     0 8'00001000
    135:     4 25'0---0-----------------0--   ->     1 8'00001000
    136:     4 25'00-01-----------------0--   ->     1 8'00001000
    137:     4 25'00111-----------------0--   ->     1 8'00001000
    138:     4 25'011-1-----------------0--   ->     1 8'00001000
    139:     4 25'1-1-------------------0--   ->     1 8'00001000
    140:     4 25'0---0--1--------------1--   ->     1 8'00001000
    141:     4 25'00-01--1--------------1--   ->     1 8'00001000
    142:     4 25'00111--1--------------1--   ->     1 8'00001000
    143:     4 25'011-1--1--------------1--   ->     1 8'00001000
    144:     4 25'1-1----1--------------1--   ->     1 8'00001000
    145:     4 25'0---0--0--------------1--   ->     4 8'00001000
    146:     4 25'00-01--0--------------1--   ->     4 8'00001000
    147:     4 25'00111--0--------------1--   ->     4 8'00001000
    148:     4 25'011-1--0--------------1--   ->     4 8'00001000
    149:     4 25'1-1----0--------------1--   ->     4 8'00001000
    150:     5 25'00011--------------------   ->     0 8'00000100
    151:     5 25'010-1--------------------   ->     0 8'00000100
    152:     5 25'1-0----------------------   ->     0 8'00000100
    153:     5 25'0---0-----------------0--   ->     1 8'00000100
    154:     5 25'00-01-----------------0--   ->     1 8'00000100
    155:     5 25'00111-----------------0--   ->     1 8'00000100
    156:     5 25'011-1-----------------0--   ->     1 8'00000100
    157:     5 25'1-1-------------------0--   ->     1 8'00000100
    158:     5 25'0---011---------------1--   ->     1 8'00000100
    159:     5 25'00-0111---------------1--   ->     1 8'00000100
    160:     5 25'0011111---------------1--   ->     1 8'00000100
    161:     5 25'011-111---------------1--   ->     1 8'00000100
    162:     5 25'1-1--11---------------1--   ->     1 8'00000100
    163:     5 25'0---0-0---------------1--   ->     5 8'00000100
    164:     5 25'00-01-0---------------1--   ->     5 8'00000100
    165:     5 25'00111-0---------------1--   ->     5 8'00000100
    166:     5 25'011-1-0---------------1--   ->     5 8'00000100
    167:     5 25'1-1---0---------------1--   ->     5 8'00000100
    168:     5 25'0---001---------------1--   ->     5 8'00000100
    169:     5 25'00-0101---------------1--   ->     5 8'00000100
    170:     5 25'0011101---------------1--   ->     5 8'00000100
    171:     5 25'011-101---------------1--   ->     5 8'00000100
    172:     5 25'1-1--01---------------1--   ->     5 8'00000100
    173:     6 25'00011--------------------   ->     0 8'00000010
    174:     6 25'010-1--------------------   ->     0 8'00000010
    175:     6 25'1-0----------------------   ->     0 8'00000010
    176:     6 25'0---0-----------------0--   ->     1 8'00000010
    177:     6 25'00-01-----------------0--   ->     1 8'00000010
    178:     6 25'00111-----------------0--   ->     1 8'00000010
    179:     6 25'011-1-----------------0--   ->     1 8'00000010
    180:     6 25'1-1-------------------0--   ->     1 8'00000010
    181:     6 25'0---011---------------1--   ->     1 8'00000010
    182:     6 25'00-0111---------------1--   ->     1 8'00000010
    183:     6 25'0011111---------------1--   ->     1 8'00000010
    184:     6 25'011-111---------------1--   ->     1 8'00000010
    185:     6 25'1-1--11---------------1--   ->     1 8'00000010
    186:     6 25'0---0-0---------------1--   ->     6 8'00000010
    187:     6 25'00-01-0---------------1--   ->     6 8'00000010
    188:     6 25'00111-0---------------1--   ->     6 8'00000010
    189:     6 25'011-1-0---------------1--   ->     6 8'00000010
    190:     6 25'1-1---0---------------1--   ->     6 8'00000010
    191:     6 25'0---001---------------1--   ->     6 8'00000010
    192:     6 25'00-0101---------------1--   ->     6 8'00000010
    193:     6 25'0011101---------------1--   ->     6 8'00000010
    194:     6 25'011-101---------------1--   ->     6 8'00000010
    195:     6 25'1-1--01---------------1--   ->     6 8'00000010

-------------------------------------

FSM `$fsm$\soc.cpu.mem_wordsize$6329' from module `icebreaker':
-------------------------------------

  Information on FSM $fsm$\soc.cpu.mem_wordsize$6329 (\soc.cpu.mem_wordsize):

  Number of input signals:   13
  Number of output signals:   3
  Number of state bits:       3

  Input signals:
    0: \resetn
    1: \soc.cpu.mem_do_rdata
    2: \soc.cpu.mem_do_wdata
    3: \soc.cpu.instr_lw
    4: \soc.cpu.instr_sb
    5: \soc.cpu.instr_sh
    6: \soc.cpu.instr_sw
    7: $flatten\soc.\cpu.$eq$../picorv32.v:1313$1277_Y
    8: $flatten\soc.\cpu.$logic_or$../picorv32.v:1857$1436_Y
    9: $flatten\soc.\cpu.$logic_or$../picorv32.v:1886$1444_Y
   10: $flatten\soc.\cpu.$logic_or$../picorv32.v:1887$1445_Y
   11: $flatten\soc.\cpu.$procmux$2209_CMP
   12: $flatten\soc.\cpu.$procmux$2210_CMP

  Output signals:
    0: $flatten\soc.\cpu.$eq$../picorv32.v:1923$1456_Y
    1: $flatten\soc.\cpu.$eq$../picorv32.v:1930$1463_Y
    2: $flatten\soc.\cpu.$procmux$4968_CMP

  State encoding:
    0:      3'--1
    1:      3'-1-
    2:      3'1--

  Transition Table (state_in, ctrl_in, state_out, ctrl_out):
      0:     0 13'------------0   ->     0 3'001
      1:     0 13'-1001----0-01   ->     0 3'001
      2:     0 13'-1--1----1-01   ->     0 3'001
      3:     0 13'-1--1------11   ->     0 3'001
      4:     0 13'1---1-000-0-1   ->     0 3'001
      5:     0 13'1---1-1---0-1   ->     0 3'001
      6:     0 13'1---1-----1-1   ->     0 3'001
      7:     0 13'00---0------1   ->     0 3'001
      8:     0 13'-----1------1   ->     0 3'001
      9:     0 13'-1--0-------1   ->     0 3'001
     10:     0 13'1---0-------1   ->     0 3'001
     11:     0 13'-1-11------01   ->     1 3'001
     12:     0 13'1---1---1-0-1   ->     1 3'001
     13:     0 13'-11-1------01   ->     2 3'001
     14:     0 13'1---1--1--0-1   ->     2 3'001
     15:     1 13'-1--1----1-01   ->     0 3'100
     16:     1 13'1---1-1---0-1   ->     0 3'100
     17:     1 13'-----1------1   ->     0 3'100
     18:     1 13'------------0   ->     1 3'100
     19:     1 13'-1001----0-01   ->     1 3'100
     20:     1 13'-1-11------01   ->     1 3'100
     21:     1 13'-1--1------11   ->     1 3'100
     22:     1 13'1---1-000-0-1   ->     1 3'100
     23:     1 13'1---1---1-0-1   ->     1 3'100
     24:     1 13'1---1-----1-1   ->     1 3'100
     25:     1 13'00---0------1   ->     1 3'100
     26:     1 13'-1--0-------1   ->     1 3'100
     27:     1 13'1---0-------1   ->     1 3'100
     28:     1 13'-11-1------01   ->     2 3'100
     29:     1 13'1---1--1--0-1   ->     2 3'100
     30:     2 13'-1--1----1-01   ->     0 3'010
     31:     2 13'1---1-1---0-1   ->     0 3'010
     32:     2 13'-----1------1   ->     0 3'010
     33:     2 13'-1-11------01   ->     1 3'010
     34:     2 13'1---1---1-0-1   ->     1 3'010
     35:     2 13'------------0   ->     2 3'010
     36:     2 13'-1001----0-01   ->     2 3'010
     37:     2 13'-11-1------01   ->     2 3'010
     38:     2 13'-1--1------11   ->     2 3'010
     39:     2 13'1---1-000-0-1   ->     2 3'010
     40:     2 13'1---1--1--0-1   ->     2 3'010
     41:     2 13'1---1-----1-1   ->     2 3'010
     42:     2 13'00---0------1   ->     2 3'010
     43:     2 13'-1--0-------1   ->     2 3'010
     44:     2 13'1---0-------1   ->     2 3'010

-------------------------------------

FSM `$fsm$\soc.spimemio.state$6334' from module `icebreaker':
-------------------------------------

  Information on FSM $fsm$\soc.spimemio.state$6334 (\soc.spimemio.state):

  Number of input signals:    8
  Number of output signals:  13
  Number of state bits:      13

  Input signals:
    0: \soc.spimemio.dout_valid
    1: \soc.spimemio.jump
    2: \soc.spimemio.config_cont
    3: $flatten\soc.\spimemio.$logic_or$spimemio.v:211$537_Y
    4: $flatten\soc.\spimemio.$logic_and$spimemio.v:282$550_Y
    5: $flatten\soc.\spimemio.$logic_or$spimemio.v:310$551_Y
    6: $flatten\soc.\spimemio.$logic_or$spimemio.v:350$555_Y
    7: \soc.spimemio.xfer.din_ready

  Output signals:
    0: $flatten\soc.\spimemio.$procmux$5387_CMP
    1: $flatten\soc.\spimemio.$procmux$5390_CMP
    2: $flatten\soc.\spimemio.$procmux$5401_CMP
    3: $flatten\soc.\spimemio.$procmux$5404_CMP
    4: $flatten\soc.\spimemio.$procmux$5407_CMP
    5: $flatten\soc.\spimemio.$procmux$5410_CMP
    6: $flatten\soc.\spimemio.$procmux$5413_CMP
    7: $flatten\soc.\spimemio.$procmux$5416_CMP
    8: $flatten\soc.\spimemio.$procmux$5419_CMP
    9: $flatten\soc.\spimemio.$procmux$5424_CMP
   10: $flatten\soc.\spimemio.$procmux$5427_CMP
   11: $flatten\soc.\spimemio.$procmux$5433_CMP
   12: $flatten\soc.\spimemio.$procmux$5439_CMP

  State encoding:
    0: 13'------------1  <RESET STATE>
    1: 13'-----------1-
    2: 13'----------1--
    3: 13'---------1---
    4: 13'--------1----
    5: 13'-------1-----
    6: 13'------1------
    7: 13'-----1-------
    8: 13'----1--------
    9: 13'---1---------
   10: 13'--1----------
   11: 13'-1-----------
   12: 13'1------------

  Transition Table (state_in, ctrl_in, state_out, ctrl_out):
      0:     0 8'0---0-0-   ->     0 13'1000000000000
      1:     0 8'----1---   ->     0 13'1000000000000
      2:     0 8'----001-   ->     2 13'1000000000000
      3:     0 8'1---0-0-   ->     7 13'1000000000000
      4:     0 8'----011-   ->     9 13'1000000000000
      5:     1 8'----1---   ->     0 13'0000001000000
      6:     1 8'0---0-0-   ->     1 13'0000001000000
      7:     1 8'----001-   ->     2 13'0000001000000
      8:     1 8'1---0-0-   ->     8 13'0000001000000
      9:     1 8'----011-   ->     9 13'0000001000000
     10:     2 8'----1---   ->     0 13'0010000000000
     11:     2 8'0---0-0-   ->     2 13'0010000000000
     12:     2 8'----001-   ->     2 13'0010000000000
     13:     2 8'1---0-0-   ->     9 13'0010000000000
     14:     2 8'----011-   ->     9 13'0010000000000
     15:     3 8'----1---   ->     0 13'0000000000100
     16:     3 8'----001-   ->     2 13'0000000000100
     17:     3 8'-0--0-0-   ->     3 13'0000000000100
     18:     3 8'01--0-0-   ->     3 13'0000000000100
     19:     3 8'11--0-0-   ->     8 13'0000000000100
     20:     3 8'----011-   ->     9 13'0000000000100
     21:     4 8'----1---   ->     0 13'0100000000000
     22:     4 8'----001-   ->     2 13'0100000000000
     23:     4 8'0---0-0-   ->     4 13'0100000000000
     24:     4 8'----011-   ->     9 13'0100000000000
     25:     4 8'1---0-0-   ->    10 13'0100000000000
     26:     5 8'----1---   ->     0 13'0000000010000
     27:     5 8'----001-   ->     2 13'0000000010000
     28:     5 8'0---0-0-   ->     5 13'0000000010000
     29:     5 8'----011-   ->     9 13'0000000010000
     30:     5 8'1---0-0-   ->    11 13'0000000010000
     31:     6 8'----1---   ->     0 13'0000100000000
     32:     6 8'----001-   ->     2 13'0000100000000
     33:     6 8'0---0-0-   ->     6 13'0000100000000
     34:     6 8'----011-   ->     9 13'0000100000000
     35:     6 8'1---0-0-   ->    12 13'0000100000000
     36:     7 8'----1---   ->     0 13'0000000000010
     37:     7 8'----001-   ->     2 13'0000000000010
     38:     7 8'----0-01   ->     4 13'0000000000010
     39:     7 8'----0-00   ->     7 13'0000000000010
     40:     7 8'----011-   ->     9 13'0000000000010
     41:     8 8'----1---   ->     0 13'0000000100000
     42:     8 8'----001-   ->     2 13'0000000100000
     43:     8 8'1---0-0-   ->     5 13'0000000100000
     44:     8 8'0---0-0-   ->     8 13'0000000100000
     45:     8 8'----011-   ->     9 13'0000000100000
     46:     9 8'----1---   ->     0 13'0001000000000
     47:     9 8'----001-   ->     2 13'0001000000000
     48:     9 8'1--10-0-   ->     6 13'0001000000000
     49:     9 8'---00-0-   ->     9 13'0001000000000
     50:     9 8'0--10-0-   ->     9 13'0001000000000
     51:     9 8'----011-   ->     9 13'0001000000000
     52:    10 8'----1---   ->     0 13'0000000000001
     53:    10 8'----0-01   ->     2 13'0000000000001
     54:    10 8'----001-   ->     2 13'0000000000001
     55:    10 8'----011-   ->     9 13'0000000000001
     56:    10 8'----0-00   ->    10 13'0000000000001
     57:    11 8'----1---   ->     0 13'0000000001000
     58:    11 8'----001-   ->     2 13'0000000001000
     59:    11 8'1---0-0-   ->     3 13'0000000001000
     60:    11 8'----011-   ->     9 13'0000000001000
     61:    11 8'0---0-0-   ->    11 13'0000000001000
     62:    12 8'----1---   ->     0 13'0000010000000
     63:    12 8'1-1-0-0-   ->     1 13'0000010000000
     64:    12 8'----001-   ->     2 13'0000010000000
     65:    12 8'1-0-0-0-   ->     8 13'0000010000000
     66:    12 8'----011-   ->     9 13'0000010000000
     67:    12 8'0---0-0-   ->    12 13'0000010000000

-------------------------------------

7.12.8. Executing FSM_MAP pass (mapping FSMs to basic logic).
Mapping FSM `$fsm$\soc.cpu.cpu_state$6319' from module `\icebreaker'.
Mapping FSM `$fsm$\soc.cpu.mem_wordsize$6329' from module `\icebreaker'.
Mapping FSM `$fsm$\soc.spimemio.state$6334' from module `\icebreaker'.

7.13. Executing OPT pass (performing simple optimizations).

7.13.1. Executing OPT_EXPR pass (perform const folding).
Optimizing module icebreaker.
<suppressed ~19 debug messages>

7.13.2. Executing OPT_MERGE pass (detect identical cells).
Finding identical cells in module `\icebreaker'.
Computing hashes of 1854 cells of `\icebreaker'.
Finding duplicate cells in `\icebreaker'.
Computing hashes of 1806 cells of `\icebreaker'.
Finding duplicate cells in `\icebreaker'.
<suppressed ~144 debug messages>
Removed a total of 48 cells.

7.13.3. Executing OPT_MUXTREE pass (detect dead branches in mux trees).
Running muxtree optimizer on module \icebreaker..
  Creating internal representation of mux trees.
  Evaluating internal representation of mux trees.
  Analyzing evaluation results.
    dead port 1/3 on $pmux $flatten\soc.\cpu.$procmux$3609.
    dead port 2/4 on $pmux $flatten\soc.\cpu.$procmux$2928.
    dead port 1/4 on $pmux $flatten\soc.\cpu.$procmux$3410.
    dead port 2/4 on $pmux $flatten\soc.\cpu.$procmux$3410.
    dead port 3/4 on $pmux $flatten\soc.\cpu.$procmux$3410.
    dead port 4/4 on $pmux $flatten\soc.\cpu.$procmux$3410.
    dead port 2/5 on $pmux $flatten\soc.\cpu.$procmux$3400.
    dead port 1/2 on $mux $flatten\soc.\cpu.$procmux$2881.
    dead port 2/2 on $mux $flatten\soc.\cpu.$procmux$2881.
    dead port 4/7 on $pmux $flatten\soc.\cpu.$procmux$2868.
    dead port 3/6 on $pmux $flatten\soc.\cpu.$procmux$3116.
    dead port 1/2 on $mux $flatten\soc.\cpu.$procmux$3132.
    dead port 2/2 on $mux $flatten\soc.\cpu.$procmux$3132.
Removed 13 multiplexer ports.
<suppressed ~1357 debug messages>

7.13.4. Executing OPT_REDUCE pass (consolidate $*mux and $reduce_* inputs).
  Optimizing cells in module \icebreaker.
    New input vector for $reduce_or cell $auto$opt_reduce.cc:131:opt_pmux$6275: { \soc.cpu.cpu_state [6] \soc.cpu.cpu_state [4:0] }
    New input vector for $reduce_or cell $auto$opt_reduce.cc:131:opt_pmux$6277: \soc.cpu.cpu_state [5:0]
    New input vector for $reduce_or cell $auto$opt_reduce.cc:131:opt_pmux$6249: { \soc.cpu.cpu_state [6:2] \soc.cpu.cpu_state [0] }
    New input vector for $reduce_or cell $auto$opt_reduce.cc:131:opt_pmux$6261: { \soc.cpu.cpu_state [6:4] \soc.cpu.cpu_state [2:0] }
  Optimizing cells in module \icebreaker.
Performed a total of 4 changes.

7.13.5. Executing OPT_MERGE pass (detect identical cells).
Finding identical cells in module `\icebreaker'.
Computing hashes of 1803 cells of `\icebreaker'.
Finding duplicate cells in `\icebreaker'.
Removed a total of 0 cells.

7.13.6. Executing OPT_DFF pass (perform DFF optimizations).
Adding EN signal on $procdff$6159 ($dff) from module icebreaker (D = $procmux$5837_Y, Q = \iomem_ready).
Adding EN signal on $procdff$6160 ($dff) from module icebreaker (D = \gpio, Q = \iomem_rdata).
Adding SRST signal on $procdff$6161 ($dff) from module icebreaker (D = { $procmux$5806_Y $procmux$5813_Y $procmux$5820_Y $procmux$5827_Y }, Q = \gpio, rval = 0).
Adding EN signal on $auto$ff.cc:337:slice$7186 ($sdff) from module icebreaker (D = \soc.cpu.mem_wdata [7:0], Q = \gpio [7:0]).
Adding EN signal on $auto$ff.cc:337:slice$7186 ($sdff) from module icebreaker (D = \soc.cpu.mem_wdata [15:8], Q = \gpio [15:8]).
Adding EN signal on $auto$ff.cc:337:slice$7186 ($sdff) from module icebreaker (D = \soc.cpu.mem_wdata [23:16], Q = \gpio [23:16]).
Adding EN signal on $auto$ff.cc:337:slice$7186 ($sdff) from module icebreaker (D = \soc.cpu.mem_wdata [31:24], Q = \gpio [31:24]).
Adding EN signal on $flatten\seven_segment_ctrl.$procdff$6154 ($dff) from module icebreaker (D = { $flatten\seven_segment_ctrl.$procmux$5795_Y $flatten\seven_segment_ctrl.$procmux$5800_Y }, Q = \seven_segment_ctrl.dout).
Adding EN signal on $flatten\soc.\cpu.$procdff$5924 ($dff) from module icebreaker (D = \soc.cpu.compressed_instr, Q = \soc.cpu.latched_compr).
Adding SRST signal on $flatten\soc.\cpu.$procdff$5926 ($dff) from module icebreaker (D = $flatten\soc.\cpu.$procmux$3028_Y, Q = \soc.cpu.latched_is_lu, rval = 1'0).
Adding EN signal on $auto$ff.cc:337:slice$7205 ($sdff) from module icebreaker (D = $flatten\soc.\cpu.$procmux$3028_Y, Q = \soc.cpu.latched_is_lu).
Adding SRST signal on $flatten\soc.\simpleuart.$procdff$6144 ($dff) from module icebreaker (D = $flatten\soc.\simpleuart.$procmux$5709_Y [8:0], Q = \soc.simpleuart.send_pattern [8:0], rval = 9'111111111).
Adding SRST signal on $flatten\soc.\simpleuart.$procdff$6144 ($dff) from module icebreaker (D = $flatten\soc.\simpleuart.$procmux$5706_Y [9], Q = \soc.simpleuart.send_pattern [9], rval = 1'1).
Adding EN signal on $auto$ff.cc:337:slice$7220 ($sdff) from module icebreaker (D = 1'1, Q = \soc.simpleuart.send_pattern [9]).
Adding EN signal on $auto$ff.cc:337:slice$7215 ($sdff) from module icebreaker (D = $flatten\soc.\simpleuart.$procmux$5709_Y [8:0], Q = \soc.simpleuart.send_pattern [8:0]).
Adding SRST signal on $flatten\soc.\simpleuart.$procdff$6145 ($dff) from module icebreaker (D = $flatten\soc.\simpleuart.$procmux$5701_Y, Q = \soc.simpleuart.send_bitcnt, rval = 4'0000).
Adding EN signal on $auto$ff.cc:337:slice$7229 ($sdff) from module icebreaker (D = $flatten\soc.\simpleuart.$procmux$5701_Y, Q = \soc.simpleuart.send_bitcnt).
Adding SRST signal on $flatten\soc.\simpleuart.$procdff$6146 ($dff) from module icebreaker (D = $flatten\soc.\simpleuart.$add$simpleuart.v:112$495_Y, Q = \soc.simpleuart.send_divcnt, rval = 0).
Adding SRST signal on $flatten\soc.\simpleuart.$procdff$6147 ($dff) from module icebreaker (D = $flatten\soc.\simpleuart.$procmux$5690_Y, Q = \soc.simpleuart.send_dummy, rval = 1'1).
Adding EN signal on $auto$ff.cc:337:slice$7238 ($sdff) from module icebreaker (D = $flatten\soc.\simpleuart.$procmux$5690_Y, Q = \soc.simpleuart.send_dummy).
Adding SRST signal on $flatten\soc.\simpleuart.$procdff$6148 ($dff) from module icebreaker (D = $flatten\soc.\simpleuart.$procmux$5762_Y, Q = \soc.simpleuart.recv_state, rval = 4'0000).
Adding EN signal on $auto$ff.cc:337:slice$7242 ($sdff) from module icebreaker (D = $flatten\soc.\simpleuart.$procmux$5762_Y, Q = \soc.simpleuart.recv_state).
Adding SRST signal on $flatten\soc.\simpleuart.$procdff$6149 ($dff) from module icebreaker (D = $flatten\soc.\simpleuart.$procmux$5720_Y, Q = \soc.simpleuart.recv_divcnt, rval = 0).
Adding SRST signal on $flatten\soc.\simpleuart.$procdff$6150 ($dff) from module icebreaker (D = $flatten\soc.\simpleuart.$procmux$5750_Y, Q = \soc.simpleuart.recv_pattern, rval = 8'00000000).
Adding EN signal on $auto$ff.cc:337:slice$7255 ($sdff) from module icebreaker (D = { \ser_rx \soc.simpleuart.recv_pattern [7:1] }, Q = \soc.simpleuart.recv_pattern).
Adding SRST signal on $flatten\soc.\simpleuart.$procdff$6151 ($dff) from module icebreaker (D = $flatten\soc.\simpleuart.$procmux$5742_Y, Q = \soc.simpleuart.recv_buf_data, rval = 8'00000000).
Adding EN signal on $auto$ff.cc:337:slice$7261 ($sdff) from module icebreaker (D = \soc.simpleuart.recv_pattern, Q = \soc.simpleuart.recv_buf_data).
Adding SRST signal on $flatten\soc.\simpleuart.$procdff$6152 ($dff) from module icebreaker (D = $flatten\soc.\simpleuart.$procmux$5734_Y, Q = \soc.simpleuart.recv_buf_valid, rval = 1'0).
Adding SRST signal on $flatten\soc.\simpleuart.$procdff$6153 ($dff) from module icebreaker (D = { $flatten\soc.\simpleuart.$procmux$5773_Y $flatten\soc.\simpleuart.$procmux$5778_Y $flatten\soc.\simpleuart.$procmux$5783_Y $flatten\soc.\simpleuart.$procmux$5788_Y }, Q = \soc.simpleuart.cfg_divider, rval = 1).
Adding EN signal on $auto$ff.cc:337:slice$7266 ($sdff) from module icebreaker (D = \soc.cpu.mem_wdata [7:0], Q = \soc.simpleuart.cfg_divider [7:0]).
Adding EN signal on $auto$ff.cc:337:slice$7266 ($sdff) from module icebreaker (D = \soc.cpu.mem_wdata [15:8], Q = \soc.simpleuart.cfg_divider [15:8]).
Adding EN signal on $auto$ff.cc:337:slice$7266 ($sdff) from module icebreaker (D = \soc.cpu.mem_wdata [23:16], Q = \soc.simpleuart.cfg_divider [23:16]).
Adding EN signal on $auto$ff.cc:337:slice$7266 ($sdff) from module icebreaker (D = \soc.cpu.mem_wdata [31:24], Q = \soc.simpleuart.cfg_divider [31:24]).
Adding SRST signal on $flatten\soc.\cpu.$procdff$5886 ($dff) from module icebreaker (D = $flatten\soc.\cpu.$procmux$3773_Y, Q = \soc.cpu.pcpi_valid, rval = 1'0).
Adding EN signal on $auto$ff.cc:337:slice$7271 ($sdff) from module icebreaker (D = $flatten\soc.\cpu.$procmux$3769_Y, Q = \soc.cpu.pcpi_valid).
Adding SRST signal on $flatten\soc.\cpu.$procdff$5902 ($dff) from module icebreaker (D = $flatten\soc.\cpu.$procmux$3537_Y, Q = \soc.cpu.timer, rval = 0).
Adding SRST signal on $flatten\soc.\cpu.$procdff$5885 ($dff) from module icebreaker (D = $flatten\soc.\cpu.$procmux$2955_Y, Q = \soc.cpu.trap, rval = 1'0).
Adding SRST signal on $flatten\soc.\cpu.$procdff$5904 ($dff) from module icebreaker (D = $flatten\soc.\cpu.$procmux$3489_Y, Q = \soc.cpu.mem_do_prefetch, rval = 1'0).
Adding EN signal on $auto$ff.cc:337:slice$7277 ($sdff) from module icebreaker (D = $flatten\soc.\cpu.$logic_and$../picorv32.v:1573$1369_Y, Q = \soc.cpu.mem_do_prefetch).
Adding SRST signal on $flatten\soc.\cpu.$procdff$5905 ($dff) from module icebreaker (D = $flatten\soc.\cpu.$procmux$3464_Y, Q = \soc.cpu.mem_do_rinst, rval = 1'1).
Adding EN signal on $auto$ff.cc:337:slice$7287 ($sdff) from module icebreaker (D = $flatten\soc.\cpu.$procmux$3464_Y, Q = \soc.cpu.mem_do_rinst).
Adding SRST signal on $flatten\soc.\cpu.$procdff$5906 ($dff) from module icebreaker (D = $flatten\soc.\cpu.$procmux$3390_Y, Q = \soc.cpu.mem_do_rdata, rval = 1'1).
Adding EN signal on $auto$ff.cc:337:slice$7303 ($sdff) from module icebreaker (D = 1'0, Q = \soc.cpu.mem_do_rdata).
Adding SRST signal on $flatten\soc.\cpu.$procdff$5907 ($dff) from module icebreaker (D = $flatten\soc.\cpu.$procmux$3386_Y, Q = \soc.cpu.mem_do_wdata, rval = 1'1).
Adding EN signal on $auto$ff.cc:337:slice$7305 ($sdff) from module icebreaker (D = 1'0, Q = \soc.cpu.mem_do_wdata).
Adding EN signal on $flatten\soc.\spimemio.$procdff$6115 ($dff) from module icebreaker (D = { \soc.spimemio.xfer.ibuffer \soc.spimemio.buffer }, Q = \soc.spimemio.rdata).
Adding SRST signal on $flatten\soc.\spimemio.$procdff$6116 ($dff) from module icebreaker (D = $flatten\soc.\spimemio.$procmux$5386_Y, Q = \soc.spimemio.xfer_resetn, rval = 1'0).
Adding SRST signal on $flatten\soc.\spimemio.$procdff$6117 ($dff) from module icebreaker (D = $flatten\soc.\spimemio.$procmux$5488_Y, Q = \soc.spimemio.din_valid, rval = 1'0).
Adding EN signal on $flatten\soc.\spimemio.$procdff$6118 ($dff) from module icebreaker (D = $flatten\soc.\spimemio.$procmux$5600_Y, Q = \soc.spimemio.din_data).
Adding SRST signal on $flatten\soc.\spimemio.$procdff$6119 ($dff) from module icebreaker (D = $flatten\soc.\spimemio.$procmux$5581_Y, Q = \soc.spimemio.din_tag, rval = 4'0000).
Adding EN signal on $auto$ff.cc:337:slice$7325 ($sdff) from module icebreaker (D = $flatten\soc.\spimemio.$procmux$5581_Y, Q = \soc.spimemio.din_tag).
Adding SRST signal on $flatten\soc.\spimemio.$procdff$6121 ($dff) from module icebreaker (D = $flatten\soc.\spimemio.$procmux$5571_Y, Q = \soc.spimemio.din_qspi, rval = 1'0).
Adding SRST signal on $flatten\soc.\spimemio.$procdff$6122 ($dff) from module icebreaker (D = $flatten\soc.\spimemio.$procmux$5552_Y, Q = \soc.spimemio.din_ddr, rval = 1'0).
Adding SRST signal on $flatten\soc.\spimemio.$procdff$6123 ($dff) from module icebreaker (D = $flatten\soc.\spimemio.$procmux$5531_Y, Q = \soc.spimemio.din_rd, rval = 1'0).
Adding EN signal on $auto$ff.cc:337:slice$7337 ($sdff) from module icebreaker (D = 1'1, Q = \soc.spimemio.din_rd).
Adding EN signal on $flatten\soc.\spimemio.$procdff$6124 ($dff) from module icebreaker (D = \soc.spimemio.xfer.ibuffer, Q = \soc.spimemio.buffer [7:0]).
Adding EN signal on $flatten\soc.\spimemio.$procdff$6124 ($dff) from module icebreaker (D = \soc.spimemio.xfer.ibuffer, Q = \soc.spimemio.buffer [15:8]).
Adding EN signal on $flatten\soc.\spimemio.$procdff$6124 ($dff) from module icebreaker (D = \soc.spimemio.xfer.ibuffer, Q = \soc.spimemio.buffer [23:16]).
Adding EN signal on $flatten\soc.\spimemio.$procdff$6125 ($dff) from module icebreaker (D = $flatten\soc.\spimemio.$ternary$spimemio.v:226$548_Y [23:0], Q = \soc.spimemio.rd_addr).
Adding SRST signal on $auto$ff.cc:337:slice$7358 ($dffe) from module icebreaker (D = $flatten\soc.\spimemio.$add$spimemio.v:226$546_Y [1:0], Q = \soc.spimemio.rd_addr [1:0], rval = 2'00).
Adding SRST signal on $flatten\soc.\spimemio.$procdff$6126 ($dff) from module icebreaker (D = $flatten\soc.\spimemio.$procmux$5472_Y, Q = \soc.spimemio.rd_valid, rval = 1'0).
Adding EN signal on $auto$ff.cc:337:slice$7365 ($sdff) from module icebreaker (D = 1'1, Q = \soc.spimemio.rd_valid).
Adding EN signal on $flatten\soc.\spimemio.$procdff$6127 ($dff) from module icebreaker (D = $flatten\soc.\spimemio.$procmux$5467_Y, Q = \soc.spimemio.rd_wait).
Adding SRST signal on $auto$ff.cc:337:slice$7369 ($dffe) from module icebreaker (D = $flatten\soc.\spimemio.$procmux$5465_Y, Q = \soc.spimemio.rd_wait, rval = 1'0).
Adding EN signal on $flatten\soc.\spimemio.$procdff$6128 ($dff) from module icebreaker (D = $flatten\soc.\spimemio.$procmux$5460_Y, Q = \soc.spimemio.rd_inc).
Adding SRST signal on $auto$ff.cc:337:slice$7377 ($dffe) from module icebreaker (D = $flatten\soc.\spimemio.$procmux$5448_Y, Q = \soc.spimemio.rd_inc, rval = 1'0).
Adding SRST signal on $flatten\soc.\spimemio.$procdff$6134 ($dff) from module icebreaker (D = $flatten\soc.\spimemio.$logic_or$spimemio.v:100$515_Y, Q = \soc.spimemio.softreset, rval = 1'1).
Adding SRST signal on $flatten\soc.\spimemio.$procdff$6135 ($dff) from module icebreaker (D = $flatten\soc.\spimemio.$procmux$5671_Y, Q = \soc.spimemio.config_en, rval = 1'1).
Adding EN signal on $auto$ff.cc:337:slice$7388 ($sdff) from module icebreaker (D = \soc.cpu.mem_wdata [31], Q = \soc.spimemio.config_en).
Adding SRST signal on $flatten\soc.\spimemio.$procdff$6136 ($dff) from module icebreaker (D = $flatten\soc.\spimemio.$procmux$5666_Y, Q = \soc.spimemio.config_ddr, rval = 1'0).
Adding EN signal on $auto$ff.cc:337:slice$7390 ($sdff) from module icebreaker (D = \soc.cpu.mem_wdata [22], Q = \soc.spimemio.config_ddr).
Adding SRST signal on $flatten\soc.\spimemio.$procdff$6137 ($dff) from module icebreaker (D = $flatten\soc.\spimemio.$procmux$5661_Y, Q = \soc.spimemio.config_qspi, rval = 1'0).
Adding EN signal on $auto$ff.cc:337:slice$7392 ($sdff) from module icebreaker (D = \soc.cpu.mem_wdata [21], Q = \soc.spimemio.config_qspi).
Adding SRST signal on $flatten\soc.\spimemio.$procdff$6138 ($dff) from module icebreaker (D = $flatten\soc.\spimemio.$procmux$5656_Y, Q = \soc.spimemio.config_cont, rval = 1'0).
Adding EN signal on $auto$ff.cc:337:slice$7394 ($sdff) from module icebreaker (D = \soc.cpu.mem_wdata [20], Q = \soc.spimemio.config_cont).
Adding SRST signal on $flatten\soc.\spimemio.$procdff$6139 ($dff) from module icebreaker (D = $flatten\soc.\spimemio.$procmux$5651_Y, Q = \soc.spimemio.config_dummy, rval = 4'1000).
Adding EN signal on $auto$ff.cc:337:slice$7396 ($sdff) from module icebreaker (D = \soc.cpu.mem_wdata [19:16], Q = \soc.spimemio.config_dummy).
Adding SRST signal on $flatten\soc.\spimemio.$procdff$6140 ($dff) from module icebreaker (D = $flatten\soc.\spimemio.$procmux$5646_Y, Q = \soc.spimemio.config_oe, rval = 4'0000).
Adding EN signal on $auto$ff.cc:337:slice$7398 ($sdff) from module icebreaker (D = \soc.cpu.mem_wdata [11:8], Q = \soc.spimemio.config_oe).
Adding SRST signal on $flatten\soc.\spimemio.$procdff$6141 ($dff) from module icebreaker (D = $flatten\soc.\spimemio.$procmux$5641_Y, Q = \soc.spimemio.config_csb, rval = 1'0).
Adding EN signal on $auto$ff.cc:337:slice$7400 ($sdff) from module icebreaker (D = \soc.cpu.mem_wdata [5], Q = \soc.spimemio.config_csb).
Adding SRST signal on $flatten\soc.\spimemio.$procdff$6142 ($dff) from module icebreaker (D = $flatten\soc.\spimemio.$procmux$5636_Y, Q = \soc.spimemio.config_clk, rval = 1'0).
Adding EN signal on $auto$ff.cc:337:slice$7402 ($sdff) from module icebreaker (D = \soc.cpu.mem_wdata [4], Q = \soc.spimemio.config_clk).
Adding SRST signal on $flatten\soc.\spimemio.$procdff$6143 ($dff) from module icebreaker (D = $flatten\soc.\spimemio.$procmux$5631_Y, Q = \soc.spimemio.config_do, rval = 4'0000).
Adding EN signal on $auto$ff.cc:337:slice$7404 ($sdff) from module icebreaker (D = \soc.cpu.mem_wdata [3:0], Q = \soc.spimemio.config_do).
Adding SRST signal on $flatten\soc.\spimemio.\xfer.$procdff$5882 ($dff) from module icebreaker (D = \soc.spimemio.xfer.fetch, Q = \soc.spimemio.xfer.last_fetch, rval = 1'1).
Adding SRST signal on $flatten\soc.\spimemio.\xfer.$procdff$5881 ($dff) from module icebreaker (D = \soc.spimemio.xfer.next_fetch, Q = \soc.spimemio.xfer.fetch, rval = 1'1).
Adding SRST signal on $flatten\soc.\spimemio.\xfer.$procdff$5880 ($dff) from module icebreaker (D = $flatten\soc.\spimemio.\xfer.$procmux$1815_Y, Q = \soc.spimemio.xfer.xfer_tag, rval = 4'0000).
Adding EN signal on $auto$ff.cc:337:slice$7410 ($sdff) from module icebreaker (D = \soc.spimemio.din_tag, Q = \soc.spimemio.xfer.xfer_tag).
Adding SRST signal on $flatten\soc.\spimemio.\xfer.$procdff$5879 ($dff) from module icebreaker (D = $flatten\soc.\spimemio.\xfer.$procmux$1820_Y, Q = \soc.spimemio.xfer.xfer_rd, rval = 1'0).
Adding EN signal on $auto$ff.cc:337:slice$7412 ($sdff) from module icebreaker (D = \soc.spimemio.din_rd, Q = \soc.spimemio.xfer.xfer_rd).
Adding SRST signal on $flatten\soc.\spimemio.\xfer.$procdff$5878 ($dff) from module icebreaker (D = $flatten\soc.\spimemio.\xfer.$procmux$1825_Y, Q = \soc.spimemio.xfer.xfer_qspi, rval = 1'0).
Adding EN signal on $auto$ff.cc:337:slice$7414 ($sdff) from module icebreaker (D = \soc.spimemio.din_qspi, Q = \soc.spimemio.xfer.xfer_qspi).
Adding SRST signal on $flatten\soc.\spimemio.\xfer.$procdff$5876 ($dff) from module icebreaker (D = $flatten\soc.\spimemio.\xfer.$procmux$1838_Y, Q = \soc.spimemio.xfer.dummy_count, rval = 4'0000).
Adding EN signal on $auto$ff.cc:337:slice$7416 ($sdff) from module icebreaker (D = $flatten\soc.\spimemio.\xfer.$procmux$1838_Y, Q = \soc.spimemio.xfer.dummy_count).
Adding SRST signal on $flatten\soc.\spimemio.\xfer.$procdff$5875 ($dff) from module icebreaker (D = $flatten\soc.\spimemio.\xfer.$procmux$1848_Y [3], Q = \soc.spimemio.xfer.count [3], rval = 1'0).
Adding SRST signal on $flatten\soc.\spimemio.\xfer.$procdff$5875 ($dff) from module icebreaker (D = $flatten\soc.\spimemio.\xfer.$procmux$1846_Y [2:0], Q = \soc.spimemio.xfer.count [2:0], rval = 3'000).
Adding EN signal on $auto$ff.cc:337:slice$7421 ($sdff) from module icebreaker (D = $flatten\soc.\spimemio.\xfer.$2\next_count[3:0] [2:0], Q = \soc.spimemio.xfer.count [2:0]).
Adding EN signal on $auto$ff.cc:337:slice$7420 ($sdff) from module icebreaker (D = $flatten\soc.\spimemio.\xfer.$procmux$1848_Y [3], Q = \soc.spimemio.xfer.count [3]).
Adding EN signal on $flatten\soc.\spimemio.\xfer.$procdff$5874 ($dff) from module icebreaker (D = $flatten\soc.\spimemio.\xfer.$2\next_ibuffer[7:0], Q = \soc.spimemio.xfer.ibuffer).
Adding EN signal on $flatten\soc.\spimemio.\xfer.$procdff$5873 ($dff) from module icebreaker (D = $flatten\soc.\spimemio.\xfer.$procmux$1866_Y, Q = \soc.spimemio.xfer.obuffer).
Adding SRST signal on $flatten\soc.\spimemio.\xfer.$procdff$5872 ($dff) from module icebreaker (D = $flatten\soc.\spimemio.\xfer.$procmux$1871_Y, Q = \soc.spimemio.xfer.xfer_ddr, rval = 1'0).
Adding EN signal on $auto$ff.cc:337:slice$7474 ($sdff) from module icebreaker (D = \soc.spimemio.xfer.din_ddr, Q = \soc.spimemio.xfer.xfer_ddr).
Adding SRST signal on $flatten\soc.\spimemio.\xfer.$procdff$5871 ($dff) from module icebreaker (D = $flatten\soc.\spimemio.\xfer.$procmux$1876_Y, Q = \soc.spimemio.xfer.xfer_dspi, rval = 1'0).
Adding EN signal on $auto$ff.cc:337:slice$7476 ($sdff) from module icebreaker (D = \soc.spimemio.xfer.din_dspi, Q = \soc.spimemio.xfer.xfer_dspi).
Adding SRST signal on $flatten\soc.\spimemio.\xfer.$procdff$5870 ($dff) from module icebreaker (D = $flatten\soc.\spimemio.\xfer.$procmux$1884_Y, Q = \soc.spimemio.xfer.flash_clk, rval = 1'0).
Adding EN signal on $auto$ff.cc:337:slice$7478 ($sdff) from module icebreaker (D = $flatten\soc.\spimemio.\xfer.$procmux$1884_Y, Q = \soc.spimemio.xfer.flash_clk).
Adding SRST signal on $flatten\soc.\spimemio.\xfer.$procdff$5869 ($dff) from module icebreaker (D = $flatten\soc.\spimemio.\xfer.$procmux$1891_Y, Q = \soc.spimemio.xfer.flash_csb, rval = 1'1).
Adding EN signal on $auto$ff.cc:337:slice$7486 ($sdff) from module icebreaker (D = 1'0, Q = \soc.spimemio.xfer.flash_csb).
Adding SRST signal on $flatten\soc.\cpu.$procdff$5922 ($dff) from module icebreaker (D = $flatten\soc.\cpu.$procmux$3109_Y, Q = \soc.cpu.latched_stalu, rval = 1'0).
Adding EN signal on $auto$ff.cc:337:slice$7488 ($sdff) from module icebreaker (D = $flatten\soc.\cpu.$procmux$3109_Y, Q = \soc.cpu.latched_stalu).
Adding SRST signal on $flatten\soc.\cpu.$procdff$5934 ($dff) from module icebreaker (D = $flatten\soc.\cpu.$procmux$2720_Y, Q = \soc.cpu.do_waitirq, rval = 1'0).
Adding SRST signal on $flatten\soc.\cpu.$procdff$5900 ($dff) from module icebreaker (D = $flatten\soc.\cpu.$procmux$3555_Y, Q = \soc.cpu.irq_mask, rval = 32'11111111111111111111111111111111).
Adding EN signal on $auto$ff.cc:337:slice$7505 ($sdff) from module icebreaker (D = \soc.cpu.cpuregs_rs1, Q = \soc.cpu.irq_mask).
Adding EN signal on $flatten\soc.\cpu.$procdff$5956 ($dff) from module icebreaker (D = $flatten\soc.\cpu.$logic_and$../picorv32.v:1053$1076_Y, Q = \soc.cpu.instr_sb).
Adding SRST signal on $flatten\soc.\cpu.$procdff$5899 ($dff) from module icebreaker (D = $flatten\soc.\cpu.$procmux$3574_Y, Q = \soc.cpu.irq_active, rval = 1'0).
Adding EN signal on $auto$ff.cc:337:slice$7510 ($sdff) from module icebreaker (D = $flatten\soc.\cpu.$procmux$3574_Y, Q = \soc.cpu.irq_active).
Adding SRST signal on $flatten\soc.\cpu.$procdff$5890 ($dff) from module icebreaker (D = $flatten\soc.\cpu.$add$../picorv32.v:1433$1311_Y, Q = \soc.cpu.count_cycle, rval = 64'0000000000000000000000000000000000000000000000000000000000000000).
Adding SRST signal on $flatten\soc.\cpu.$procdff$5898 ($dff) from module icebreaker (D = $flatten\soc.\cpu.$procmux$3599_Y, Q = \soc.cpu.irq_delay, rval = 1'0).
Adding EN signal on $auto$ff.cc:337:slice$7521 ($sdff) from module icebreaker (D = \soc.cpu.irq_active, Q = \soc.cpu.irq_delay).
Adding SRST signal on $flatten\soc.\cpu.$procdff$5896 ($dff) from module icebreaker (D = $flatten\soc.\cpu.$procmux$2868_Y, Q = \soc.cpu.reg_out, rval = 131072).
Adding EN signal on $flatten\soc.\cpu.$procdff$5895 ($dff) from module icebreaker (D = $flatten\soc.\cpu.$procmux$3612_Y, Q = \soc.cpu.reg_op2).
Adding SRST signal on $flatten\soc.\cpu.$procdff$5893 ($dff) from module icebreaker (D = $flatten\soc.\cpu.$procmux$3697_Y, Q = \soc.cpu.reg_next_pc, rval = 1048576).
Adding EN signal on $auto$ff.cc:337:slice$7533 ($sdff) from module icebreaker (D = $flatten\soc.\cpu.$procmux$3695_Y, Q = \soc.cpu.reg_next_pc).
Adding SRST signal on $flatten\soc.\cpu.$procdff$5946 ($dff) from module icebreaker (D = $flatten\soc.\cpu.$procmux$4332_Y, Q = \soc.cpu.instr_bne, rval = 1'0).
Adding EN signal on $auto$ff.cc:337:slice$7535 ($sdff) from module icebreaker (D = $flatten\soc.\cpu.$logic_and$../picorv32.v:1041$1056_Y, Q = \soc.cpu.instr_bne).
Adding SRST signal on $flatten\soc.\cpu.$procdff$5892 ($dff) from module icebreaker (D = $flatten\soc.\cpu.$procmux$3709_Y, Q = \soc.cpu.reg_pc, rval = 1048576).
Adding EN signal on $auto$ff.cc:337:slice$7537 ($sdff) from module icebreaker (D = $flatten\soc.\cpu.$3\current_pc[31:0], Q = \soc.cpu.reg_pc).
Adding SRST signal on $flatten\soc.\cpu.$procdff$5945 ($dff) from module icebreaker (D = $flatten\soc.\cpu.$procmux$4336_Y, Q = \soc.cpu.instr_beq, rval = 1'0).
Adding EN signal on $auto$ff.cc:337:slice$7539 ($sdff) from module icebreaker (D = $flatten\soc.\cpu.$logic_and$../picorv32.v:1040$1054_Y, Q = \soc.cpu.instr_beq).
Adding SRST signal on $flatten\soc.\cpu.$procdff$5891 ($dff) from module icebreaker (D = $flatten\soc.\cpu.$procmux$3729_Y, Q = \soc.cpu.count_instr, rval = 64'0000000000000000000000000000000000000000000000000000000000000000).
Adding EN signal on $auto$ff.cc:337:slice$7541 ($sdff) from module icebreaker (D = $flatten\soc.\cpu.$add$../picorv32.v:1564$1365_Y, Q = \soc.cpu.count_instr).
Adding SRST signal on $flatten\soc.\cpu.$procdff$5921 ($dff) from module icebreaker (D = $flatten\soc.\cpu.$procmux$3116_Y, Q = \soc.cpu.latched_store, rval = 1'1).
Adding EN signal on $auto$ff.cc:337:slice$7549 ($sdff) from module icebreaker (D = $flatten\soc.\cpu.$procmux$3116_Y, Q = \soc.cpu.latched_store).
Adding SRST signal on $flatten\soc.\cpu.$procdff$5910 ($dff) from module icebreaker (D = $flatten\soc.\cpu.$procmux$2734_Y, Q = \soc.cpu.decoder_pseudo_trigger, rval = 1'0).
Adding SRST signal on $flatten\soc.\spimem_cache.$procdff$6039 ($dff) from module icebreaker (D = $flatten\soc.\spimem_cache.$procmux$5355_Y, Q = \soc.spimem_cache.hit_count, rval = 0).
Adding EN signal on $auto$ff.cc:337:slice$7562 ($sdff) from module icebreaker (D = $flatten\soc.\spimem_cache.$procmux$5355_Y, Q = \soc.spimem_cache.hit_count).
Adding SRST signal on $flatten\soc.\spimem_cache.$procdff$6040 ($dff) from module icebreaker (D = $flatten\soc.\spimem_cache.$procmux$5348_Y, Q = \soc.spimem_cache.miss_count, rval = 0).
Adding SRST signal on $flatten\soc.\spimem_cache.$procdff$6041 ($dff) from module icebreaker (D = $flatten\soc.\spimem_cache.$procmux$5337_Y, Q = \soc.spimem_cache.gen_multi.fill_active, rval = 1'0).
Adding EN signal on $auto$ff.cc:337:slice$7567 ($sdff) from module icebreaker (D = $flatten\soc.\spimem_cache.$procmux$5337_Y, Q = \soc.spimem_cache.gen_multi.fill_active).
Adding SRST signal on $flatten\soc.\spimem_cache.$procdff$6042 ($dff) from module icebreaker (D = $flatten\soc.\spimem_cache.$procmux$5326_Y, Q = \soc.spimem_cache.gen_multi.fill_count, rval = 4'0000).
Adding EN signal on $auto$ff.cc:337:slice$7571 ($sdff) from module icebreaker (D = $flatten\soc.\spimem_cache.$procmux$5326_Y, Q = \soc.spimem_cache.gen_multi.fill_count).
Adding EN signal on $flatten\soc.\cpu.$procdff$6035 ($dff) from module icebreaker (D = \soc.cpu.mem_rdata, Q = \soc.cpu.mem_rdata_q).
Adding SRST signal on $flatten\soc.\cpu.\genblk2.pcpi_div.$procdff$5867 ($dff) from module icebreaker (D = $flatten\soc.\cpu.\genblk2.pcpi_div.$procmux$1787_Y, Q = \soc.cpu.genblk2.pcpi_div.instr_remu, rval = 1'0).
Adding SRST signal on $flatten\soc.\cpu.\genblk2.pcpi_div.$procdff$5866 ($dff) from module icebreaker (D = $flatten\soc.\cpu.\genblk2.pcpi_div.$procmux$1792_Y, Q = \soc.cpu.genblk2.pcpi_div.instr_rem, rval = 1'0).
Adding EN signal on $flatten\soc.\cpu.$procdff$6030 ($dff) from module icebreaker (D = $flatten\soc.\cpu.$0\mem_state[1:0], Q = \soc.cpu.mem_state).
Adding EN signal on $flatten\soc.\cpu.$procdff$6029 ($dff) from module icebreaker (D = $flatten\soc.\cpu.$procmux$4696_Y, Q = \soc.cpu.mem_wstrb).
Adding EN signal on $flatten\soc.\cpu.$procdff$6028 ($dff) from module icebreaker (D = \soc.cpu.mem_la_wdata, Q = \soc.cpu.mem_wdata).
Adding EN signal on $flatten\soc.\cpu.$procdff$6025 ($dff) from module icebreaker (D = $flatten\soc.\cpu.$0\mem_valid[0:0], Q = \soc.cpu.mem_valid).
Adding SRST signal on $flatten\soc.\cpu.$procdff$6009 ($dff) from module icebreaker (D = $flatten\soc.\cpu.$reduce_or$../picorv32.v:864$979_Y, Q = \soc.cpu.is_compare, rval = 1'0).
Adding EN signal on $flatten\soc.\cpu.$procdff$6008 ($dff) from module icebreaker (D = $flatten\soc.\cpu.$eq$../picorv32.v:878$999_Y, Q = \soc.cpu.is_alu_reg_reg).
Adding EN signal on $flatten\soc.\cpu.$procdff$6007 ($dff) from module icebreaker (D = $flatten\soc.\cpu.$eq$../picorv32.v:877$998_Y, Q = \soc.cpu.is_alu_reg_imm).
Adding SRST signal on $flatten\soc.\cpu.$procdff$5959 ($dff) from module icebreaker (D = $flatten\soc.\cpu.$procmux$4296_Y, Q = \soc.cpu.instr_addi, rval = 1'0).
Adding EN signal on $auto$ff.cc:337:slice$7617 ($sdff) from module icebreaker (D = $flatten\soc.\cpu.$logic_and$../picorv32.v:1057$1082_Y, Q = \soc.cpu.instr_addi).
Adding SRST signal on $flatten\soc.\cpu.$procdff$6005 ($dff) from module icebreaker (D = $flatten\soc.\cpu.$procmux$4070_Y, Q = \soc.cpu.is_beq_bne_blt_bge_bltu_bgeu, rval = 1'0).
Adding EN signal on $auto$ff.cc:337:slice$7619 ($sdff) from module icebreaker (D = $flatten\soc.\cpu.$eq$../picorv32.v:874$995_Y, Q = \soc.cpu.is_beq_bne_blt_bge_bltu_bgeu).
Adding SRST signal on $flatten\soc.\cpu.$procdff$6002 ($dff) from module icebreaker (D = $flatten\soc.\cpu.$reduce_or$../picorv32.v:860$975_Y, Q = \soc.cpu.is_lui_auipc_jal_jalr_addi_add_sub, rval = 1'0).
Adding EN signal on $flatten\soc.\cpu.$procdff$6001 ($dff) from module icebreaker (D = $flatten\soc.\cpu.$logic_and$../picorv32.v:1110$1231_Y, Q = \soc.cpu.is_sll_srl_sra).
Adding EN signal on $flatten\soc.\cpu.$procdff$6000 ($dff) from module icebreaker (D = $flatten\soc.\cpu.$eq$../picorv32.v:876$997_Y, Q = \soc.cpu.is_sb_sh_sw).
Adding EN signal on $flatten\soc.\cpu.$procdff$5999 ($dff) from module icebreaker (D = $flatten\soc.\cpu.$logic_or$../picorv32.v:1101$1220_Y, Q = \soc.cpu.is_jalr_addi_slti_sltiu_xori_ori_andi).
Adding SRST signal on $flatten\soc.\cpu.\genblk2.pcpi_div.$procdff$5856 ($dff) from module icebreaker (D = $flatten\soc.\cpu.\genblk2.pcpi_div.$procmux$1715_Y, Q = \soc.cpu.genblk2.pcpi_div.pcpi_ready, rval = 1'0).
Adding EN signal on $flatten\soc.\cpu.\genblk2.pcpi_div.$procdff$5857 ($dff) from module icebreaker (D = $flatten\soc.\cpu.\genblk2.pcpi_div.$procmux$1782_Y, Q = \soc.cpu.genblk2.pcpi_div.dividend).
Adding EN signal on $flatten\soc.\cpu.\genblk2.pcpi_div.$procdff$5858 ($dff) from module icebreaker (D = $flatten\soc.\cpu.\genblk2.pcpi_div.$procmux$1771_Y, Q = \soc.cpu.genblk2.pcpi_div.divisor).
Adding SRST signal on $auto$ff.cc:337:slice$7637 ($dffe) from module icebreaker (D = $flatten\soc.\cpu.\genblk2.pcpi_div.$procmux$1768_Y [30:0], Q = \soc.cpu.genblk2.pcpi_div.divisor [30:0], rval = 31'0000000000000000000000000000000).
Adding EN signal on $flatten\soc.\cpu.\genblk2.pcpi_div.$procdff$5859 ($dff) from module icebreaker (D = $flatten\soc.\cpu.\genblk2.pcpi_div.$procmux$1762_Y, Q = \soc.cpu.genblk2.pcpi_div.quotient).
Adding SRST signal on $auto$ff.cc:337:slice$7644 ($dffe) from module icebreaker (D = $flatten\soc.\cpu.\genblk2.pcpi_div.$procmux$1759_Y, Q = \soc.cpu.genblk2.pcpi_div.quotient, rval = 0).
Adding EN signal on $flatten\soc.\cpu.\genblk2.pcpi_div.$procdff$5860 ($dff) from module icebreaker (D = $flatten\soc.\cpu.\genblk2.pcpi_div.$procmux$1751_Y, Q = \soc.cpu.genblk2.pcpi_div.quotient_msk).
Adding SRST signal on $auto$ff.cc:337:slice$7652 ($dffe) from module icebreaker (D = $flatten\soc.\cpu.\genblk2.pcpi_div.$procmux$1748_Y, Q = \soc.cpu.genblk2.pcpi_div.quotient_msk, rval = 32'10000000000000000000000000000000).
Adding SRST signal on $flatten\soc.\cpu.\genblk2.pcpi_div.$procdff$5861 ($dff) from module icebreaker (D = $flatten\soc.\cpu.\genblk2.pcpi_div.$procmux$1742_Y, Q = \soc.cpu.genblk2.pcpi_div.running, rval = 1'0).
Adding EN signal on $auto$ff.cc:337:slice$7658 ($sdff) from module icebreaker (D = $flatten\soc.\cpu.\genblk2.pcpi_div.$procmux$1742_Y, Q = \soc.cpu.genblk2.pcpi_div.running).
Adding EN signal on $flatten\soc.\cpu.\genblk2.pcpi_div.$procdff$5862 ($dff) from module icebreaker (D = $flatten\soc.\cpu.\genblk2.pcpi_div.$logic_or$../picorv32.v:2476$1576_Y, Q = \soc.cpu.genblk2.pcpi_div.outsign).
Adding EN signal on $flatten\soc.\cpu.$procdff$5998 ($dff) from module icebreaker (D = $flatten\soc.\cpu.$logic_and$../picorv32.v:1095$1211_Y, Q = \soc.cpu.is_slli_srli_srai).
Adding SRST signal on $flatten\soc.\cpu.\genblk2.pcpi_div.$procdff$5864 ($dff) from module icebreaker (D = $flatten\soc.\cpu.\genblk2.pcpi_div.$procmux$1805_Y, Q = \soc.cpu.genblk2.pcpi_div.instr_div, rval = 1'0).
Adding SRST signal on $flatten\soc.\cpu.\genblk2.pcpi_div.$procdff$5865 ($dff) from module icebreaker (D = $flatten\soc.\cpu.\genblk2.pcpi_div.$procmux$1798_Y, Q = \soc.cpu.genblk2.pcpi_div.instr_divu, rval = 1'0).
Adding EN signal on $flatten\soc.\cpu.$procdff$5997 ($dff) from module icebreaker (D = $flatten\soc.\cpu.$eq$../picorv32.v:875$996_Y, Q = \soc.cpu.is_lb_lh_lw_lbu_lhu).
Adding EN signal on $flatten\soc.\cpu.$procdff$5995 ($dff) from module icebreaker (D = 1'0, Q = \soc.cpu.compressed_instr).
Adding EN signal on $flatten\soc.\cpu.$procdff$5994 ($dff) from module icebreaker (D = { \soc.cpu.mem_rdata_latched [31] \soc.cpu.mem_rdata_latched [31] \soc.cpu.mem_rdata_latched [31] \soc.cpu.mem_rdata_latched [31] \soc.cpu.mem_rdata_latched [31] \soc.cpu.mem_rdata_latched [31] \soc.cpu.mem_rdata_latched [31] \soc.cpu.mem_rdata_latched [31] \soc.cpu.mem_rdata_latched [31] \soc.cpu.mem_rdata_latched [31] \soc.cpu.mem_rdata_latched [31] \soc.cpu.mem_rdata_latched [31] \soc.cpu.mem_rdata_latched [19:12] \soc.cpu.mem_rdata_latched [20] \soc.cpu.mem_rdata_latched [30:21] 1'0 }, Q = \soc.cpu.decoded_imm_j).
Adding EN signal on $flatten\soc.\cpu.$procdff$5993 ($dff) from module icebreaker (D = $flatten\soc.\cpu.$procmux$4116_Y, Q = \soc.cpu.decoded_imm).
Adding EN signal on $flatten\soc.\cpu.$procdff$5992 ($dff) from module icebreaker (D = \soc.cpu.mem_rdata_latched [24:20], Q = \soc.cpu.decoded_rs2).
Adding EN signal on $flatten\soc.\cpu.$procdff$5991 ($dff) from module icebreaker (D = { $flatten\soc.\cpu.$procmux$3871_Y $flatten\soc.\cpu.$procmux$3955_Y }, Q = \soc.cpu.decoded_rs1).
Adding SRST signal on $auto$ff.cc:337:slice$7673 ($dffe) from module icebreaker (D = \soc.cpu.mem_rdata_latched [19:15], Q = \soc.cpu.decoded_rs1, rval = 5'00011).
Adding EN signal on $flatten\soc.\cpu.$procdff$5990 ($dff) from module icebreaker (D = \soc.cpu.mem_rdata_latched [11:7], Q = \soc.cpu.decoded_rd).
Adding EN signal on $flatten\soc.\cpu.$procdff$5989 ($dff) from module icebreaker (D = $flatten\soc.\cpu.$logic_and$../picorv32.v:1093$1198_Y, Q = \soc.cpu.instr_timer).
Adding EN signal on $flatten\soc.\cpu.$procdff$5988 ($dff) from module icebreaker (D = $flatten\soc.\cpu.$logic_and$../picorv32.v:872$993_Y, Q = \soc.cpu.instr_waitirq).
Adding EN signal on $flatten\soc.\cpu.$procdff$5987 ($dff) from module icebreaker (D = $flatten\soc.\cpu.$logic_and$../picorv32.v:1092$1194_Y, Q = \soc.cpu.instr_maskirq).
Adding EN signal on $flatten\soc.\cpu.\genblk1.pcpi_mul.$procdff$5848 ($dff) from module icebreaker (D = $flatten\soc.\cpu.\genblk1.pcpi_mul.$procmux$1642_Y, Q = \soc.cpu.genblk1.pcpi_mul.rs2).
Adding SRST signal on $auto$ff.cc:337:slice$7679 ($dffe) from module icebreaker (D = \soc.cpu.reg_op2 [31], Q = \soc.cpu.genblk1.pcpi_mul.rs2 [32], rval = 1'0).
Adding EN signal on $flatten\soc.\cpu.$procdff$5986 ($dff) from module icebreaker (D = $flatten\soc.\cpu.$logic_and$../picorv32.v:871$989_Y, Q = \soc.cpu.instr_retirq).
Adding EN signal on $flatten\soc.\cpu.\genblk1.pcpi_mul.$procdff$5847 ($dff) from module icebreaker (D = $flatten\soc.\cpu.\genblk1.pcpi_mul.$procmux$1648_Y, Q = \soc.cpu.genblk1.pcpi_mul.rs1).
Adding SRST signal on $auto$ff.cc:337:slice$7683 ($dffe) from module icebreaker (D = \soc.cpu.reg_op1 [31], Q = \soc.cpu.genblk1.pcpi_mul.rs1 [32], rval = 1'0).
Adding SRST signal on $flatten\soc.\cpu.\genblk1.pcpi_mul.$procdff$5846 ($dff) from module icebreaker (D = { \soc.cpu.genblk1.pcpi_mul.active [2:0] $flatten\soc.\cpu.\genblk1.pcpi_mul.$procmux$1636_Y }, Q = \soc.cpu.genblk1.pcpi_mul.active, rval = 4'0000).
Adding EN signal on $flatten\soc.\cpu.$procdff$5894 ($dff) from module icebreaker (D = $flatten\soc.\cpu.$procmux$3634_Y [31], Q = \soc.cpu.reg_op1 [31]).
Adding EN signal on $flatten\soc.\cpu.$procdff$5894 ($dff) from module icebreaker (D = $flatten\soc.\cpu.$procmux$3634_Y [30:0], Q = \soc.cpu.reg_op1 [30:0]).
Adding EN signal on $flatten\soc.\cpu.$procdff$5985 ($dff) from module icebreaker (D = 1'0, Q = \soc.cpu.instr_setq).
Adding EN signal on $flatten\soc.\cpu.$procdff$5984 ($dff) from module icebreaker (D = 1'0, Q = \soc.cpu.instr_getq).
Adding EN signal on $flatten\soc.\cpu.$procdff$5958 ($dff) from module icebreaker (D = $flatten\soc.\cpu.$logic_and$../picorv32.v:1055$1080_Y, Q = \soc.cpu.instr_sw).
Adding SRST signal on $flatten\soc.\cpu.$procdff$5917 ($dff) from module icebreaker (D = $flatten\soc.\cpu.$procmux$3174_Y, Q = \soc.cpu.irq_state, rval = 2'00).
Adding EN signal on $auto$ff.cc:337:slice$7726 ($sdff) from module icebreaker (D = $flatten\soc.\cpu.$ternary$../picorv32.v:1540$1355_Y, Q = \soc.cpu.irq_state).
Adding SRST signal on $flatten\soc.\cpu.$procdff$5983 ($dff) from module icebreaker (D = $flatten\soc.\cpu.$procmux$4216_Y, Q = \soc.cpu.instr_fence, rval = 1'0).
Adding EN signal on $auto$ff.cc:337:slice$7730 ($sdff) from module icebreaker (D = $flatten\soc.\cpu.$logic_and$../picorv32.v:1088$1181_Y, Q = \soc.cpu.instr_fence).
Adding EN signal on $flatten\soc.\cpu.$procdff$5982 ($dff) from module icebreaker (D = $flatten\soc.\cpu.$logic_and$../picorv32.v:1086$1175_Y, Q = \soc.cpu.instr_ecall_ebreak).
Adding EN signal on $flatten\soc.\cpu.$procdff$5981 ($dff) from module icebreaker (D = $flatten\soc.\cpu.$logic_and$../picorv32.v:1084$1168_Y, Q = \soc.cpu.instr_rdinstrh).
Adding EN signal on $flatten\soc.\cpu.$procdff$5980 ($dff) from module icebreaker (D = $flatten\soc.\cpu.$logic_and$../picorv32.v:1083$1164_Y, Q = \soc.cpu.instr_rdinstr).
Adding EN signal on $flatten\soc.\cpu.$procdff$5979 ($dff) from module icebreaker (D = $flatten\soc.\cpu.$logic_and$../picorv32.v:1081$1160_Y, Q = \soc.cpu.instr_rdcycleh).
Adding EN signal on $flatten\soc.\cpu.$procdff$5978 ($dff) from module icebreaker (D = $flatten\soc.\cpu.$logic_and$../picorv32.v:1079$1152_Y, Q = \soc.cpu.instr_rdcycle).
Adding SRST signal on $flatten\soc.\cpu.$procdff$5977 ($dff) from module icebreaker (D = $flatten\soc.\cpu.$procmux$4230_Y, Q = \soc.cpu.instr_and, rval = 1'0).
Adding EN signal on $auto$ff.cc:337:slice$7737 ($sdff) from module icebreaker (D = $flatten\soc.\cpu.$logic_and$../picorv32.v:1077$1144_Y, Q = \soc.cpu.instr_and).
Adding SRST signal on $flatten\soc.\cpu.$procdff$5976 ($dff) from module icebreaker (D = $flatten\soc.\cpu.$procmux$4234_Y, Q = \soc.cpu.instr_or, rval = 1'0).
Adding EN signal on $auto$ff.cc:337:slice$7739 ($sdff) from module icebreaker (D = $flatten\soc.\cpu.$logic_and$../picorv32.v:1076$1140_Y, Q = \soc.cpu.instr_or).
Adding SRST signal on $flatten\soc.\cpu.$procdff$5975 ($dff) from module icebreaker (D = $flatten\soc.\cpu.$procmux$4238_Y, Q = \soc.cpu.instr_sra, rval = 1'0).
Adding EN signal on $auto$ff.cc:337:slice$7741 ($sdff) from module icebreaker (D = $flatten\soc.\cpu.$logic_and$../picorv32.v:1075$1136_Y, Q = \soc.cpu.instr_sra).
Adding SRST signal on $flatten\soc.\cpu.$procdff$5974 ($dff) from module icebreaker (D = $flatten\soc.\cpu.$procmux$4242_Y, Q = \soc.cpu.instr_srl, rval = 1'0).
Adding EN signal on $auto$ff.cc:337:slice$7743 ($sdff) from module icebreaker (D = $flatten\soc.\cpu.$logic_and$../picorv32.v:1074$1132_Y, Q = \soc.cpu.instr_srl).
Adding SRST signal on $flatten\soc.\cpu.$procdff$5973 ($dff) from module icebreaker (D = $flatten\soc.\cpu.$procmux$4246_Y, Q = \soc.cpu.instr_xor, rval = 1'0).
Adding EN signal on $auto$ff.cc:337:slice$7745 ($sdff) from module icebreaker (D = $flatten\soc.\cpu.$logic_and$../picorv32.v:1073$1128_Y, Q = \soc.cpu.instr_xor).
Adding SRST signal on $flatten\soc.\cpu.$procdff$5972 ($dff) from module icebreaker (D = $flatten\soc.\cpu.$procmux$4250_Y, Q = \soc.cpu.instr_sltu, rval = 1'0).
Adding EN signal on $auto$ff.cc:337:slice$7747 ($sdff) from module icebreaker (D = $flatten\soc.\cpu.$logic_and$../picorv32.v:1072$1124_Y, Q = \soc.cpu.instr_sltu).
Adding SRST signal on $flatten\soc.\cpu.$procdff$5971 ($dff) from module icebreaker (D = $flatten\soc.\cpu.$procmux$4254_Y, Q = \soc.cpu.instr_slt, rval = 1'0).
Adding EN signal on $auto$ff.cc:337:slice$7749 ($sdff) from module icebreaker (D = $flatten\soc.\cpu.$logic_and$../picorv32.v:1071$1120_Y, Q = \soc.cpu.instr_slt).
Adding SRST signal on $flatten\soc.\cpu.$procdff$5970 ($dff) from module icebreaker (D = $flatten\soc.\cpu.$procmux$4258_Y, Q = \soc.cpu.instr_sll, rval = 1'0).
Adding EN signal on $auto$ff.cc:337:slice$7751 ($sdff) from module icebreaker (D = $flatten\soc.\cpu.$logic_and$../picorv32.v:1070$1116_Y, Q = \soc.cpu.instr_sll).
Adding SRST signal on $flatten\soc.\cpu.$procdff$5969 ($dff) from module icebreaker (D = $flatten\soc.\cpu.$procmux$4262_Y, Q = \soc.cpu.instr_sub, rval = 1'0).
Adding EN signal on $auto$ff.cc:337:slice$7753 ($sdff) from module icebreaker (D = $flatten\soc.\cpu.$logic_and$../picorv32.v:1069$1112_Y, Q = \soc.cpu.instr_sub).
Adding SRST signal on $flatten\soc.\cpu.$procdff$5968 ($dff) from module icebreaker (D = $flatten\soc.\cpu.$procmux$4266_Y, Q = \soc.cpu.instr_add, rval = 1'0).
Adding EN signal on $auto$ff.cc:337:slice$7755 ($sdff) from module icebreaker (D = $flatten\soc.\cpu.$logic_and$../picorv32.v:1068$1108_Y, Q = \soc.cpu.instr_add).
Adding EN signal on $flatten\soc.\cpu.$procdff$6027 ($dff) from module icebreaker (D = \soc.cpu.mem_la_addr, Q = \soc.cpu.mem_addr).
Adding EN signal on $flatten\soc.\cpu.$procdff$5967 ($dff) from module icebreaker (D = $flatten\soc.\cpu.$logic_and$../picorv32.v:1066$1104_Y, Q = \soc.cpu.instr_srai).
Adding EN signal on $flatten\soc.\cpu.$procdff$5966 ($dff) from module icebreaker (D = $flatten\soc.\cpu.$logic_and$../picorv32.v:1065$1100_Y, Q = \soc.cpu.instr_srli).
Adding EN signal on $flatten\soc.\cpu.$procdff$5965 ($dff) from module icebreaker (D = $flatten\soc.\cpu.$logic_and$../picorv32.v:1064$1096_Y, Q = \soc.cpu.instr_slli).
Adding SRST signal on $flatten\soc.\cpu.$procdff$5964 ($dff) from module icebreaker (D = $flatten\soc.\cpu.$procmux$4276_Y, Q = \soc.cpu.instr_andi, rval = 1'0).
Adding EN signal on $auto$ff.cc:337:slice$7765 ($sdff) from module icebreaker (D = $flatten\soc.\cpu.$logic_and$../picorv32.v:1062$1092_Y, Q = \soc.cpu.instr_andi).
Adding SRST signal on $flatten\soc.\cpu.$procdff$5963 ($dff) from module icebreaker (D = $flatten\soc.\cpu.$procmux$4280_Y, Q = \soc.cpu.instr_ori, rval = 1'0).
Adding EN signal on $auto$ff.cc:337:slice$7767 ($sdff) from module icebreaker (D = $flatten\soc.\cpu.$logic_and$../picorv32.v:1061$1090_Y, Q = \soc.cpu.instr_ori).
Adding EN signal on $flatten\soc.\cpu.$procdff$5957 ($dff) from module icebreaker (D = $flatten\soc.\cpu.$logic_and$../picorv32.v:1054$1078_Y, Q = \soc.cpu.instr_sh).
Adding SRST signal on $flatten\soc.\cpu.$procdff$5962 ($dff) from module icebreaker (D = $flatten\soc.\cpu.$procmux$4284_Y, Q = \soc.cpu.instr_xori, rval = 1'0).
Adding EN signal on $auto$ff.cc:337:slice$7770 ($sdff) from module icebreaker (D = $flatten\soc.\cpu.$logic_and$../picorv32.v:1060$1088_Y, Q = \soc.cpu.instr_xori).
Adding SRST signal on $flatten\soc.\cpu.$procdff$5961 ($dff) from module icebreaker (D = $flatten\soc.\cpu.$procmux$4288_Y, Q = \soc.cpu.instr_sltiu, rval = 1'0).
Adding EN signal on $auto$ff.cc:337:slice$7772 ($sdff) from module icebreaker (D = $flatten\soc.\cpu.$logic_and$../picorv32.v:1059$1086_Y, Q = \soc.cpu.instr_sltiu).
Adding SRST signal on $flatten\soc.\cpu.$procdff$5960 ($dff) from module icebreaker (D = $flatten\soc.\cpu.$procmux$4292_Y, Q = \soc.cpu.instr_slti, rval = 1'0).
Adding EN signal on $auto$ff.cc:337:slice$7774 ($sdff) from module icebreaker (D = $flatten\soc.\cpu.$logic_and$../picorv32.v:1058$1084_Y, Q = \soc.cpu.instr_slti).
Adding SRST signal on $flatten\soc.\cpu.$procdff$5901 ($dff) from module icebreaker (D = { $flatten\soc.\cpu.$2\next_irq_pending[31:0] [31:3] $flatten\soc.\cpu.$2\next_irq_pending[31:0] [1] }, Q = { \soc.cpu.irq_pending [31:3] \soc.cpu.irq_pending [1] }, rval = 30'000000000000000000000000000000).
Adding EN signal on $auto$ff.cc:337:slice$7776 ($sdff) from module icebreaker (D = $flatten\soc.\cpu.$2\next_irq_pending[31:0] [1], Q = \soc.cpu.irq_pending [1]).
Adding EN signal on $auto$ff.cc:337:slice$7776 ($sdff) from module icebreaker (D = $flatten\soc.\cpu.$2\next_irq_pending[31:0] [31:3], Q = \soc.cpu.irq_pending [31:3]).
Adding EN signal on $flatten\soc.\cpu.$procdff$5955 ($dff) from module icebreaker (D = $flatten\soc.\cpu.$logic_and$../picorv32.v:1051$1074_Y, Q = \soc.cpu.instr_lhu).
Adding SRST signal on $flatten\soc.\cpu.$procdff$5927 ($dff) from module icebreaker (D = $flatten\soc.\cpu.$procmux$3015_Y, Q = \soc.cpu.latched_is_lh, rval = 1'0).
Adding EN signal on $auto$ff.cc:337:slice$7801 ($sdff) from module icebreaker (D = $flatten\soc.\cpu.$procmux$3015_Y, Q = \soc.cpu.latched_is_lh).
Adding EN signal on $flatten\soc.\cpu.$procdff$5954 ($dff) from module icebreaker (D = $flatten\soc.\cpu.$logic_and$../picorv32.v:1050$1072_Y, Q = \soc.cpu.instr_lbu).
Adding EN signal on $flatten\soc.\cpu.$procdff$5953 ($dff) from module icebreaker (D = $flatten\soc.\cpu.$logic_and$../picorv32.v:1049$1070_Y, Q = \soc.cpu.instr_lw).
Adding EN signal on $flatten\soc.\cpu.$procdff$5952 ($dff) from module icebreaker (D = $flatten\soc.\cpu.$logic_and$../picorv32.v:1048$1068_Y, Q = \soc.cpu.instr_lh).
Adding EN signal on $flatten\soc.\cpu.$procdff$5951 ($dff) from module icebreaker (D = $flatten\soc.\cpu.$logic_and$../picorv32.v:1047$1066_Y, Q = \soc.cpu.instr_lb).
Adding SRST signal on $flatten\soc.\cpu.$procdff$5950 ($dff) from module icebreaker (D = $flatten\soc.\cpu.$procmux$4316_Y, Q = \soc.cpu.instr_bgeu, rval = 1'0).
Adding EN signal on $auto$ff.cc:337:slice$7815 ($sdff) from module icebreaker (D = $flatten\soc.\cpu.$logic_and$../picorv32.v:1045$1064_Y, Q = \soc.cpu.instr_bgeu).
Adding SRST signal on $flatten\soc.\cpu.$procdff$5928 ($dff) from module icebreaker (D = $flatten\soc.\cpu.$procmux$3002_Y, Q = \soc.cpu.latched_is_lb, rval = 1'0).
Adding EN signal on $auto$ff.cc:337:slice$7817 ($sdff) from module icebreaker (D = $flatten\soc.\cpu.$procmux$3002_Y, Q = \soc.cpu.latched_is_lb).
Adding SRST signal on $flatten\soc.\cpu.$procdff$5949 ($dff) from module icebreaker (D = $flatten\soc.\cpu.$procmux$4320_Y, Q = \soc.cpu.instr_bltu, rval = 1'0).
Adding EN signal on $auto$ff.cc:337:slice$7827 ($sdff) from module icebreaker (D = $flatten\soc.\cpu.$logic_and$../picorv32.v:1044$1062_Y, Q = \soc.cpu.instr_bltu).
Adding SRST signal on $flatten\soc.\cpu.$procdff$5948 ($dff) from module icebreaker (D = $flatten\soc.\cpu.$procmux$4324_Y, Q = \soc.cpu.instr_bge, rval = 1'0).
Adding EN signal on $auto$ff.cc:337:slice$7829 ($sdff) from module icebreaker (D = $flatten\soc.\cpu.$logic_and$../picorv32.v:1043$1060_Y, Q = \soc.cpu.instr_bge).
Adding SRST signal on $flatten\soc.\cpu.$procdff$5929 ($dff) from module icebreaker (D = $flatten\soc.\cpu.$procmux$2976_Y, Q = \soc.cpu.latched_rd, rval = 5'00010).
Adding EN signal on $auto$ff.cc:337:slice$7831 ($sdff) from module icebreaker (D = $flatten\soc.\cpu.$procmux$2976_Y, Q = \soc.cpu.latched_rd).
Adding SRST signal on $flatten\soc.\cpu.$procdff$5947 ($dff) from module icebreaker (D = $flatten\soc.\cpu.$procmux$4328_Y, Q = \soc.cpu.instr_blt, rval = 1'0).
Adding EN signal on $auto$ff.cc:337:slice$7839 ($sdff) from module icebreaker (D = $flatten\soc.\cpu.$logic_and$../picorv32.v:1042$1058_Y, Q = \soc.cpu.instr_blt).
Adding EN signal on $flatten\soc.\cpu.$procdff$5944 ($dff) from module icebreaker (D = $flatten\soc.\cpu.$logic_and$../picorv32.v:870$986_Y, Q = \soc.cpu.instr_jalr).
Adding EN signal on $flatten\soc.\cpu.$procdff$5943 ($dff) from module icebreaker (D = $flatten\soc.\cpu.$eq$../picorv32.v:869$983_Y, Q = \soc.cpu.instr_jal).
Adding SRST signal on $flatten\soc.\cpu.$procdff$5932 ($dff) from module icebreaker (D = $flatten\soc.\cpu.$logic_not$../picorv32.v:1429$1310_Y, Q = \soc.cpu.pcpi_timeout, rval = 1'0).
Adding EN signal on $flatten\soc.\cpu.$procdff$5942 ($dff) from module icebreaker (D = $flatten\soc.\cpu.$eq$../picorv32.v:868$982_Y, Q = \soc.cpu.instr_auipc).
Adding EN signal on $flatten\soc.\cpu.$procdff$5941 ($dff) from module icebreaker (D = $flatten\soc.\cpu.$eq$../picorv32.v:867$981_Y, Q = \soc.cpu.instr_lui).
Adding SRST signal on $flatten\soc.\cpu.$procdff$5923 ($dff) from module icebreaker (D = $flatten\soc.\cpu.$procmux$3073_Y, Q = \soc.cpu.latched_branch, rval = 1'0).
Adding EN signal on $auto$ff.cc:337:slice$7846 ($sdff) from module icebreaker (D = $flatten\soc.\cpu.$procmux$3073_Y, Q = \soc.cpu.latched_branch).
Adding EN signal on $flatten\soc.\cpu.$procdff$5940 ($dff) from module icebreaker (D = \soc.cpu.mem_rdata_q, Q = \soc.cpu.pcpi_insn).
Adding SRST signal on $flatten\soc.\cpu.$procdff$5931 ($dff) from module icebreaker (D = $flatten\soc.\cpu.$procmux$2961_Y, Q = \soc.cpu.pcpi_timeout_counter, rval = 4'1111).
Adding EN signal on $auto$ff.cc:337:slice$7855 ($sdff) from module icebreaker (D = $flatten\soc.\cpu.$sub$../picorv32.v:1426$1309_Y [3:0], Q = \soc.cpu.pcpi_timeout_counter).
Setting constant 0-bit at position 0 on $auto$ff.cc:337:slice$7724 ($dffe) from module icebreaker.
Setting constant 0-bit at position 0 on $auto$ff.cc:337:slice$7723 ($dffe) from module icebreaker.
Setting constant 0-bit at position 0 on $auto$ff.cc:337:slice$7670 ($dffe) from module icebreaker.
Setting constant 0-bit at position 0 on $auto$ff.cc:337:slice$7669 ($dffe) from module icebreaker.
Setting constant 1-bit at position 0 on $auto$ff.cc:337:slice$7225 ($sdffe) from module icebreaker.

7.13.7. Executing OPT_CLEAN pass (remove unused cells and wires).
Finding unused cells or wires in module \icebreaker..
Removed 319 unused cells and 377 unused wires.
<suppressed ~321 debug messages>

7.13.8. Executing OPT_EXPR pass (perform const folding).
Optimizing module icebreaker.
<suppressed ~42 debug messages>

7.13.9. Rerunning OPT passes. (Maybe there is more to do..)

7.13.10. Executing OPT_MUXTREE pass (detect dead branches in mux trees).
Running muxtree optimizer on module \icebreaker..
  Creating internal representation of mux trees.
  Evaluating internal representation of mux trees.
  Analyzing evaluation results.
Removed 0 multiplexer ports.
<suppressed ~616 debug messages>

7.13.11. Executing OPT_REDUCE pass (consolidate $*mux and $reduce_* inputs).
  Optimizing cells in module \icebreaker.
    New input vector for $reduce_and cell $auto$opt_dff.cc:252:make_patterns_logic$7722: { \reset_cnt $auto$opt_dff.cc:234:make_patterns_logic$7707 $auto$opt_dff.cc:234:make_patterns_logic$7709 $auto$opt_dff.cc:234:make_patterns_logic$7711 $auto$opt_dff.cc:234:make_patterns_logic$7713 $auto$opt_dff.cc:234:make_patterns_logic$7715 $auto$opt_dff.cc:234:make_patterns_logic$7717 $auto$opt_dff.cc:234:make_patterns_logic$7719 }
    New input vector for $reduce_and cell $auto$opt_dff.cc:252:make_patterns_logic$7705: { \reset_cnt $auto$opt_dff.cc:234:make_patterns_logic$7688 $auto$opt_dff.cc:234:make_patterns_logic$7690 $auto$opt_dff.cc:234:make_patterns_logic$7692 $auto$opt_dff.cc:234:make_patterns_logic$7694 $auto$opt_dff.cc:234:make_patterns_logic$7696 $auto$opt_dff.cc:234:make_patterns_logic$7698 $auto$opt_dff.cc:234:make_patterns_logic$7700 $auto$opt_dff.cc:234:make_patterns_logic$7702 }
    New input vector for $reduce_and cell $auto$opt_dff.cc:252:make_patterns_logic$7664: { \soc.cpu.genblk2.pcpi_div.start \reset_cnt }
    New input vector for $reduce_and cell $auto$opt_dff.cc:252:make_patterns_logic$7656: { \reset_cnt $auto$opt_dff.cc:234:make_patterns_logic$7653 }
    New input vector for $reduce_and cell $auto$opt_dff.cc:252:make_patterns_logic$7650: { \reset_cnt $auto$opt_dff.cc:234:make_patterns_logic$7645 $auto$opt_dff.cc:234:make_patterns_logic$7647 }
    New input vector for $reduce_and cell $auto$opt_dff.cc:252:make_patterns_logic$7641: { \reset_cnt $auto$opt_dff.cc:234:make_patterns_logic$7638 }
    New input vector for $reduce_and cell $auto$opt_dff.cc:252:make_patterns_logic$7636: { \reset_cnt $auto$opt_dff.cc:234:make_patterns_logic$7631 $auto$opt_dff.cc:234:make_patterns_logic$7633 }
    New input vector for $reduce_and cell $auto$opt_dff.cc:278:combine_resets$7561: { $flatten\soc.\cpu.$logic_or$../picorv32.v:1857$1436_Y \reset_cnt $auto$fsm_map.cc:102:implement_pattern_cache$6612 }
    New input vector for $reduce_and cell $auto$opt_dff.cc:252:make_patterns_logic$7532: { \soc.cpu.cpu_state [2] \reset_cnt }
    New input vector for $reduce_and cell $auto$opt_dff.cc:252:make_patterns_logic$7185: { $logic_and$icebreaker.v:137$402_Y \reset_cnt }
    New input vector for $reduce_and cell $auto$opt_dff.cc:252:make_patterns_logic$7286: { \soc.cpu.cpu_state [1] \soc.cpu.decoder_trigger \reset_cnt $auto$rtlil.cc:3197:Not$7280 $auto$rtlil.cc:3197:Not$7282 $auto$rtlil.cc:3197:Not$7284 }
    New input vector for $reduce_and cell $auto$opt_dff.cc:252:make_patterns_logic$7204: { \soc.cpu.cpu_state [1] \reset_cnt $auto$rtlil.cc:3197:Not$7202 }
    New ctrl vector for $pmux cell $flatten\soc.\cpu.$procmux$2230: { \soc.cpu.cpu_state [1] \soc.cpu.cpu_state [2] }
  Optimizing cells in module \icebreaker.
Performed a total of 13 changes.

7.13.12. Executing OPT_MERGE pass (detect identical cells).
Finding identical cells in module `\icebreaker'.
Computing hashes of 1695 cells of `\icebreaker'.
Finding duplicate cells in `\icebreaker'.
Computing hashes of 1642 cells of `\icebreaker'.
Finding duplicate cells in `\icebreaker'.
Computing hashes of 1635 cells of `\icebreaker'.
Finding duplicate cells in `\icebreaker'.
<suppressed ~180 debug messages>
Removed a total of 60 cells.

7.13.13. Executing OPT_DFF pass (perform DFF optimizations).
Setting constant 0-bit at position 0 on $auto$ff.cc:337:slice$7200 ($dffe) from module icebreaker.

7.13.14. Executing OPT_CLEAN pass (remove unused cells and wires).
Finding unused cells or wires in module \icebreaker..
Removed 1 unused cells and 62 unused wires.
<suppressed ~2 debug messages>

7.13.15. Executing OPT_EXPR pass (perform const folding).
Optimizing module icebreaker.
<suppressed ~2 debug messages>

7.13.16. Rerunning OPT passes. (Maybe there is more to do..)

7.13.17. Executing OPT_MUXTREE pass (detect dead branches in mux trees).
Running muxtree optimizer on module \icebreaker..
  Creating internal representation of mux trees.
  Evaluating internal representation of mux trees.
  Analyzing evaluation results.
Removed 0 multiplexer ports.
<suppressed ~616 debug messages>

7.13.18. Executing OPT_REDUCE pass (consolidate $*mux and $reduce_* inputs).
  Optimizing cells in module \icebreaker.
Performed a total of 0 changes.

7.13.19. Executing OPT_MERGE pass (detect identical cells).
Finding identical cells in module `\icebreaker'.
Computing hashes of 1631 cells of `\icebreaker'.
Finding duplicate cells in `\icebreaker'.
Removed a total of 0 cells.

7.13.20. Executing OPT_DFF pass (perform DFF optimizations).

7.13.21. Executing OPT_CLEAN pass (remove unused cells and wires).
Finding unused cells or wires in module \icebreaker..
Removed 0 unused cells and 2 unused wires.
<suppressed ~1 debug messages>

7.13.22. Executing OPT_EXPR pass (perform const folding).
Optimizing module icebreaker.

7.13.23. Rerunning OPT passes. (Maybe there is more to do..)

7.13.24. Executing OPT_MUXTREE pass (detect dead branches in mux trees).
Running muxtree optimizer on module \icebreaker..
  Creating internal representation of mux trees.
  Evaluating internal representation of mux trees.
  Analyzing evaluation results.
Removed 0 multiplexer ports.
<suppressed ~616 debug messages>

7.13.25. Executing OPT_REDUCE pass (consolidate $*mux and $reduce_* inputs).
  Optimizing cells in module \icebreaker.
Performed a total of 0 changes.

7.13.26. Executing OPT_MERGE pass (detect identical cells).
Finding identical cells in module `\icebreaker'.
Computing hashes of 1631 cells of `\icebreaker'.
Finding duplicate cells in `\icebreaker'.
Removed a total of 0 cells.

7.13.27. Executing OPT_DFF pass (perform DFF optimizations).

7.13.28. Executing OPT_CLEAN pass (remove unused cells and wires).
Finding unused cells or wires in module \icebreaker..

7.13.29. Executing OPT_EXPR pass (perform const folding).
Optimizing module icebreaker.

7.13.30. Finished fast OPT passes. (There is nothing left to do.)

7.14. Executing WREDUCE pass (reducing word size of cells).
Removed top 26 address bits (of 32) from memory init port icebreaker.$flatten\soc.\spimem_cache.$auto$proc_memwr.cc:45:proc_memwr$6228 (soc.spimem_cache.cache_valid).
Removed top 26 address bits (of 32) from memory init port icebreaker.$flatten\soc.\spimem_cache.$auto$proc_memwr.cc:45:proc_memwr$6227 (soc.spimem_cache.cache_valid).
Removed top 26 address bits (of 32) from memory init port icebreaker.$flatten\soc.\spimem_cache.$auto$proc_memwr.cc:45:proc_memwr$6226 (soc.spimem_cache.cache_valid).
Removed top 26 address bits (of 32) from memory init port icebreaker.$flatten\soc.\spimem_cache.$auto$proc_memwr.cc:45:proc_memwr$6225 (soc.spimem_cache.cache_valid).
Removed top 26 address bits (of 32) from memory init port icebreaker.$flatten\soc.\spimem_cache.$auto$proc_memwr.cc:45:proc_memwr$6224 (soc.spimem_cache.cache_valid).
Removed top 26 address bits (of 32) from memory init port icebreaker.$flatten\soc.\spimem_cache.$auto$proc_memwr.cc:45:proc_memwr$6223 (soc.spimem_cache.cache_valid).
Removed top 26 address bits (of 32) from memory init port icebreaker.$flatten\soc.\spimem_cache.$auto$proc_memwr.cc:45:proc_memwr$6222 (soc.spimem_cache.cache_valid).
Removed top 26 address bits (of 32) from memory init port icebreaker.$flatten\soc.\spimem_cache.$auto$proc_memwr.cc:45:proc_memwr$6221 (soc.spimem_cache.cache_valid).
Removed top 26 address bits (of 32) from memory init port icebreaker.$flatten\soc.\spimem_cache.$auto$proc_memwr.cc:45:proc_memwr$6220 (soc.spimem_cache.cache_valid).
Removed top 26 address bits (of 32) from memory init port icebreaker.$flatten\soc.\spimem_cache.$auto$proc_memwr.cc:45:proc_memwr$6219 (soc.spimem_cache.cache_valid).
Removed top 26 address bits (of 32) from memory init port icebreaker.$flatten\soc.\spimem_cache.$auto$proc_memwr.cc:45:proc_memwr$6218 (soc.spimem_cache.cache_valid).
Removed top 26 address bits (of 32) from memory init port icebreaker.$flatten\soc.\spimem_cache.$auto$proc_memwr.cc:45:proc_memwr$6217 (soc.spimem_cache.cache_valid).
Removed top 26 address bits (of 32) from memory init port icebreaker.$flatten\soc.\spimem_cache.$auto$proc_memwr.cc:45:proc_memwr$6216 (soc.spimem_cache.cache_valid).
Removed top 26 address bits (of 32) from memory init port icebreaker.$flatten\soc.\spimem_cache.$auto$proc_memwr.cc:45:proc_memwr$6215 (soc.spimem_cache.cache_valid).
Removed top 26 address bits (of 32) from memory init port icebreaker.$flatten\soc.\spimem_cache.$auto$proc_memwr.cc:45:proc_memwr$6214 (soc.spimem_cache.cache_valid).
Removed top 26 address bits (of 32) from memory init port icebreaker.$flatten\soc.\spimem_cache.$auto$proc_memwr.cc:45:proc_memwr$6213 (soc.spimem_cache.cache_valid).
Removed top 26 address bits (of 32) from memory init port icebreaker.$flatten\soc.\spimem_cache.$auto$proc_memwr.cc:45:proc_memwr$6212 (soc.spimem_cache.cache_valid).
Removed top 26 address bits (of 32) from memory init port icebreaker.$flatten\soc.\spimem_cache.$auto$proc_memwr.cc:45:proc_memwr$6211 (soc.spimem_cache.cache_valid).
Removed top 26 address bits (of 32) from memory init port icebreaker.$flatten\soc.\spimem_cache.$auto$proc_memwr.cc:45:proc_memwr$6210 (soc.spimem_cache.cache_valid).
Removed top 26 address bits (of 32) from memory init port icebreaker.$flatten\soc.\spimem_cache.$auto$proc_memwr.cc:45:proc_memwr$6209 (soc.spimem_cache.cache_valid).
Removed top 26 address bits (of 32) from memory init port icebreaker.$flatten\soc.\spimem_cache.$auto$proc_memwr.cc:45:proc_memwr$6208 (soc.spimem_cache.cache_valid).
Removed top 26 address bits (of 32) from memory init port icebreaker.$flatten\soc.\spimem_cache.$auto$proc_memwr.cc:45:proc_memwr$6207 (soc.spimem_cache.cache_valid).
Removed top 26 address bits (of 32) from memory init port icebreaker.$flatten\soc.\spimem_cache.$auto$proc_memwr.cc:45:proc_memwr$6206 (soc.spimem_cache.cache_valid).
Removed top 26 address bits (of 32) from memory init port icebreaker.$flatten\soc.\spimem_cache.$auto$proc_memwr.cc:45:proc_memwr$6205 (soc.spimem_cache.cache_valid).
Removed top 26 address bits (of 32) from memory init port icebreaker.$flatten\soc.\spimem_cache.$auto$proc_memwr.cc:45:proc_memwr$6204 (soc.spimem_cache.cache_valid).
Removed top 26 address bits (of 32) from memory init port icebreaker.$flatten\soc.\spimem_cache.$auto$proc_memwr.cc:45:proc_memwr$6203 (soc.spimem_cache.cache_valid).
Removed top 26 address bits (of 32) from memory init port icebreaker.$flatten\soc.\spimem_cache.$auto$proc_memwr.cc:45:proc_memwr$6202 (soc.spimem_cache.cache_valid).
Removed top 26 address bits (of 32) from memory init port icebreaker.$flatten\soc.\spimem_cache.$auto$proc_memwr.cc:45:proc_memwr$6201 (soc.spimem_cache.cache_valid).
Removed top 26 address bits (of 32) from memory init port icebreaker.$flatten\soc.\spimem_cache.$auto$proc_memwr.cc:45:proc_memwr$6200 (soc.spimem_cache.cache_valid).
Removed top 26 address bits (of 32) from memory init port icebreaker.$flatten\soc.\spimem_cache.$auto$proc_memwr.cc:45:proc_memwr$6199 (soc.spimem_cache.cache_valid).
Removed top 26 address bits (of 32) from memory init port icebreaker.$flatten\soc.\spimem_cache.$auto$proc_memwr.cc:45:proc_memwr$6198 (soc.spimem_cache.cache_valid).
Removed top 26 address bits (of 32) from memory init port icebreaker.$flatten\soc.\spimem_cache.$auto$proc_memwr.cc:45:proc_memwr$6197 (soc.spimem_cache.cache_valid).
Removed top 26 address bits (of 32) from memory init port icebreaker.$flatten\soc.\spimem_cache.$auto$proc_memwr.cc:45:proc_memwr$6196 (soc.spimem_cache.cache_valid).
Removed top 26 address bits (of 32) from memory init port icebreaker.$flatten\soc.\spimem_cache.$auto$proc_memwr.cc:45:proc_memwr$6195 (soc.spimem_cache.cache_valid).
Removed top 26 address bits (of 32) from memory init port icebreaker.$flatten\soc.\spimem_cache.$auto$proc_memwr.cc:45:proc_memwr$6194 (soc.spimem_cache.cache_valid).
Removed top 26 address bits (of 32) from memory init port icebreaker.$flatten\soc.\spimem_cache.$auto$proc_memwr.cc:45:proc_memwr$6193 (soc.spimem_cache.cache_valid).
Removed top 26 address bits (of 32) from memory init port icebreaker.$flatten\soc.\spimem_cache.$auto$proc_memwr.cc:45:proc_memwr$6192 (soc.spimem_cache.cache_valid).
Removed top 26 address bits (of 32) from memory init port icebreaker.$flatten\soc.\spimem_cache.$auto$proc_memwr.cc:45:proc_memwr$6191 (soc.spimem_cache.cache_valid).
Removed top 26 address bits (of 32) from memory init port icebreaker.$flatten\soc.\spimem_cache.$auto$proc_memwr.cc:45:proc_memwr$6190 (soc.spimem_cache.cache_valid).
Removed top 26 address bits (of 32) from memory init port icebreaker.$flatten\soc.\spimem_cache.$auto$proc_memwr.cc:45:proc_memwr$6189 (soc.spimem_cache.cache_valid).
Removed top 26 address bits (of 32) from memory init port icebreaker.$flatten\soc.\spimem_cache.$auto$proc_memwr.cc:45:proc_memwr$6188 (soc.spimem_cache.cache_valid).
Removed top 26 address bits (of 32) from memory init port icebreaker.$flatten\soc.\spimem_cache.$auto$proc_memwr.cc:45:proc_memwr$6187 (soc.spimem_cache.cache_valid).
Removed top 26 address bits (of 32) from memory init port icebreaker.$flatten\soc.\spimem_cache.$auto$proc_memwr.cc:45:proc_memwr$6186 (soc.spimem_cache.cache_valid).
Removed top 26 address bits (of 32) from memory init port icebreaker.$flatten\soc.\spimem_cache.$auto$proc_memwr.cc:45:proc_memwr$6185 (soc.spimem_cache.cache_valid).
Removed top 26 address bits (of 32) from memory init port icebreaker.$flatten\soc.\spimem_cache.$auto$proc_memwr.cc:45:proc_memwr$6184 (soc.spimem_cache.cache_valid).
Removed top 26 address bits (of 32) from memory init port icebreaker.$flatten\soc.\spimem_cache.$auto$proc_memwr.cc:45:proc_memwr$6183 (soc.spimem_cache.cache_valid).
Removed top 26 address bits (of 32) from memory init port icebreaker.$flatten\soc.\spimem_cache.$auto$proc_memwr.cc:45:proc_memwr$6182 (soc.spimem_cache.cache_valid).
Removed top 26 address bits (of 32) from memory init port icebreaker.$flatten\soc.\spimem_cache.$auto$proc_memwr.cc:45:proc_memwr$6181 (soc.spimem_cache.cache_valid).
Removed top 26 address bits (of 32) from memory init port icebreaker.$flatten\soc.\spimem_cache.$auto$proc_memwr.cc:45:proc_memwr$6180 (soc.spimem_cache.cache_valid).
Removed top 26 address bits (of 32) from memory init port icebreaker.$flatten\soc.\spimem_cache.$auto$proc_memwr.cc:45:proc_memwr$6179 (soc.spimem_cache.cache_valid).
Removed top 26 address bits (of 32) from memory init port icebreaker.$flatten\soc.\spimem_cache.$auto$proc_memwr.cc:45:proc_memwr$6178 (soc.spimem_cache.cache_valid).
Removed top 26 address bits (of 32) from memory init port icebreaker.$flatten\soc.\spimem_cache.$auto$proc_memwr.cc:45:proc_memwr$6177 (soc.spimem_cache.cache_valid).
Removed top 26 address bits (of 32) from memory init port icebreaker.$flatten\soc.\spimem_cache.$auto$proc_memwr.cc:45:proc_memwr$6176 (soc.spimem_cache.cache_valid).
Removed top 26 address bits (of 32) from memory init port icebreaker.$flatten\soc.\spimem_cache.$auto$proc_memwr.cc:45:proc_memwr$6175 (soc.spimem_cache.cache_valid).
Removed top 26 address bits (of 32) from memory init port icebreaker.$flatten\soc.\spimem_cache.$auto$proc_memwr.cc:45:proc_memwr$6174 (soc.spimem_cache.cache_valid).
Removed top 26 address bits (of 32) from memory init port icebreaker.$flatten\soc.\spimem_cache.$auto$proc_memwr.cc:45:proc_memwr$6173 (soc.spimem_cache.cache_valid).
Removed top 26 address bits (of 32) from memory init port icebreaker.$flatten\soc.\spimem_cache.$auto$proc_memwr.cc:45:proc_memwr$6172 (soc.spimem_cache.cache_valid).
Removed top 26 address bits (of 32) from memory init port icebreaker.$flatten\soc.\spimem_cache.$auto$proc_memwr.cc:45:proc_memwr$6171 (soc.spimem_cache.cache_valid).
Removed top 26 address bits (of 32) from memory init port icebreaker.$flatten\soc.\spimem_cache.$auto$proc_memwr.cc:45:proc_memwr$6170 (soc.spimem_cache.cache_valid).
Removed top 26 address bits (of 32) from memory init port icebreaker.$flatten\soc.\spimem_cache.$auto$proc_memwr.cc:45:proc_memwr$6169 (soc.spimem_cache.cache_valid).
Removed top 26 address bits (of 32) from memory init port icebreaker.$flatten\soc.\spimem_cache.$auto$proc_memwr.cc:45:proc_memwr$6168 (soc.spimem_cache.cache_valid).
Removed top 26 address bits (of 32) from memory init port icebreaker.$flatten\soc.\spimem_cache.$auto$proc_memwr.cc:45:proc_memwr$6167 (soc.spimem_cache.cache_valid).
Removed top 26 address bits (of 32) from memory init port icebreaker.$flatten\soc.\spimem_cache.$auto$proc_memwr.cc:45:proc_memwr$6166 (soc.spimem_cache.cache_valid).
Removed top 26 address bits (of 32) from memory init port icebreaker.$flatten\soc.\spimem_cache.$auto$proc_memwr.cc:45:proc_memwr$6165 (soc.spimem_cache.cache_valid).
Removed top 28 address bits (of 32) from memory init port icebreaker.$flatten\seven_segment_ctrl.\msb_nibble.$auto$mem.cc:351:emit$1623 ($flatten\seven_segment_ctrl.\msb_nibble.$auto$proc_rom.cc:155:do_switch$1621).
Removed top 28 address bits (of 32) from memory init port icebreaker.$flatten\seven_segment_ctrl.\lsb_nibble.$auto$mem.cc:351:emit$1623 ($flatten\seven_segment_ctrl.\lsb_nibble.$auto$proc_rom.cc:155:do_switch$1621).
Removed top 11 bits (of 31) from FF cell icebreaker.$auto$ff.cc:337:slice$7857 ($dffe).
Removed top 1 bits (of 2) from port B of cell icebreaker.$auto$opt_dff.cc:235:make_patterns_logic$7790 ($ne).
Removed top 1 bits (of 2) from port B of cell icebreaker.$auto$opt_dff.cc:235:make_patterns_logic$7788 ($ne).
Removed top 1 bits (of 2) from port B of cell icebreaker.$auto$opt_dff.cc:235:make_patterns_logic$7786 ($ne).
Removed top 3 bits (of 4) from port B of cell icebreaker.$auto$opt_dff.cc:235:make_patterns_logic$7716 ($ne).
Removed top 1 bits (of 2) from port B of cell icebreaker.$auto$opt_dff.cc:235:make_patterns_logic$7701 ($ne).
Removed top 2 bits (of 3) from port B of cell icebreaker.$auto$opt_dff.cc:235:make_patterns_logic$7697 ($ne).
Removed top 1 bits (of 4) from FF cell icebreaker.$auto$ff.cc:337:slice$7686 ($sdff).
Removed top 1 bits (of 2) from port B of cell icebreaker.$auto$opt_dff.cc:235:make_patterns_logic$7634 ($ne).
Removed top 1 bits (of 2) from port B of cell icebreaker.$auto$opt_dff.cc:235:make_patterns_logic$7607 ($ne).
Removed top 2 bits (of 3) from port B of cell icebreaker.$auto$opt_dff.cc:235:make_patterns_logic$7603 ($ne).
Removed top 2 bits (of 4) from port B of cell icebreaker.$auto$opt_dff.cc:235:make_patterns_logic$7584 ($ne).
Removed top 1 bits (of 2) from port B of cell icebreaker.$auto$opt_dff.cc:235:make_patterns_logic$7517 ($ne).
Removed top 1 bits (of 2) from port B of cell icebreaker.$auto$opt_dff.cc:235:make_patterns_logic$7469 ($ne).
Removed top 2 bits (of 3) from port B of cell icebreaker.$auto$opt_dff.cc:235:make_patterns_logic$7463 ($ne).
Removed top 2 bits (of 3) from port B of cell icebreaker.$auto$opt_dff.cc:235:make_patterns_logic$7461 ($ne).
Removed top 1 bits (of 2) from port B of cell icebreaker.$auto$opt_dff.cc:235:make_patterns_logic$7330 ($ne).
Removed top 1 bits (of 2) from port B of cell icebreaker.$auto$opt_dff.cc:235:make_patterns_logic$7320 ($ne).
Removed top 2 bits (of 3) from port B of cell icebreaker.$auto$opt_dff.cc:235:make_patterns_logic$7300 ($ne).
Removed top 1 bits (of 4) from port B of cell icebreaker.$auto$opt_dff.cc:235:make_patterns_logic$7296 ($ne).
Removed top 2 bits (of 6) from port B of cell icebreaker.$auto$opt_dff.cc:235:make_patterns_logic$7292 ($ne).
Removed top 1 bits (of 3) from port B of cell icebreaker.$auto$opt_dff.cc:235:make_patterns_logic$7290 ($ne).
Removed top 1 bits (of 2) from port B of cell icebreaker.$auto$opt_dff.cc:235:make_patterns_logic$7212 ($ne).
Removed top 1 bits (of 3) from port B of cell icebreaker.$auto$fsm_map.cc:77:implement_pattern_cache$7153 ($eq).
Removed top 1 bits (of 4) from port B of cell icebreaker.$auto$fsm_map.cc:77:implement_pattern_cache$7145 ($eq).
Removed top 2 bits (of 3) from port B of cell icebreaker.$auto$fsm_map.cc:77:implement_pattern_cache$7088 ($eq).
Removed top 1 bits (of 4) from port B of cell icebreaker.$auto$fsm_map.cc:77:implement_pattern_cache$7079 ($eq).
Removed top 2 bits (of 3) from port B of cell icebreaker.$auto$fsm_map.cc:77:implement_pattern_cache$7072 ($eq).
Removed top 3 bits (of 4) from port B of cell icebreaker.$auto$fsm_map.cc:77:implement_pattern_cache$7031 ($eq).
Removed top 1 bits (of 7) from port B of cell icebreaker.$auto$fsm_map.cc:77:implement_pattern_cache$6918 ($eq).
Removed top 2 bits (of 8) from port B of cell icebreaker.$auto$fsm_map.cc:77:implement_pattern_cache$6914 ($eq).
Removed top 3 bits (of 7) from port B of cell icebreaker.$auto$fsm_map.cc:77:implement_pattern_cache$6910 ($eq).
Removed top 3 bits (of 5) from port B of cell icebreaker.$auto$fsm_map.cc:77:implement_pattern_cache$6906 ($eq).
Removed top 1 bits (of 6) from port B of cell icebreaker.$auto$fsm_map.cc:77:implement_pattern_cache$6898 ($eq).
Removed top 2 bits (of 7) from port B of cell icebreaker.$auto$fsm_map.cc:77:implement_pattern_cache$6894 ($eq).
Removed top 3 bits (of 6) from port B of cell icebreaker.$auto$fsm_map.cc:77:implement_pattern_cache$6890 ($eq).
Removed top 3 bits (of 4) from port B of cell icebreaker.$auto$fsm_map.cc:77:implement_pattern_cache$6886 ($eq).
Removed top 1 bits (of 6) from port B of cell icebreaker.$auto$fsm_map.cc:77:implement_pattern_cache$6878 ($eq).
Removed top 2 bits (of 7) from port B of cell icebreaker.$auto$fsm_map.cc:77:implement_pattern_cache$6874 ($eq).
Removed top 3 bits (of 6) from port B of cell icebreaker.$auto$fsm_map.cc:77:implement_pattern_cache$6870 ($eq).
Removed top 2 bits (of 4) from port B of cell icebreaker.$auto$fsm_map.cc:77:implement_pattern_cache$6866 ($eq).
Removed top 1 bits (of 10) from port B of cell icebreaker.$auto$fsm_map.cc:77:implement_pattern_cache$6817 ($eq).
Removed top 2 bits (of 11) from port B of cell icebreaker.$auto$fsm_map.cc:77:implement_pattern_cache$6813 ($eq).
Removed top 3 bits (of 10) from port B of cell icebreaker.$auto$fsm_map.cc:77:implement_pattern_cache$6809 ($eq).
Removed top 3 bits (of 8) from port B of cell icebreaker.$auto$fsm_map.cc:77:implement_pattern_cache$6805 ($eq).
Removed top 1 bits (of 6) from port B of cell icebreaker.$auto$fsm_map.cc:77:implement_pattern_cache$6796 ($eq).
Removed top 2 bits (of 7) from port B of cell icebreaker.$auto$fsm_map.cc:77:implement_pattern_cache$6792 ($eq).
Removed top 3 bits (of 6) from port B of cell icebreaker.$auto$fsm_map.cc:77:implement_pattern_cache$6788 ($eq).
Removed top 3 bits (of 4) from port B of cell icebreaker.$auto$fsm_map.cc:77:implement_pattern_cache$6784 ($eq).
Removed top 1 bits (of 6) from port B of cell icebreaker.$auto$fsm_map.cc:77:implement_pattern_cache$6776 ($eq).
Removed top 2 bits (of 7) from port B of cell icebreaker.$auto$fsm_map.cc:77:implement_pattern_cache$6772 ($eq).
Removed top 3 bits (of 6) from port B of cell icebreaker.$auto$fsm_map.cc:77:implement_pattern_cache$6768 ($eq).
Removed top 2 bits (of 4) from port B of cell icebreaker.$auto$fsm_map.cc:77:implement_pattern_cache$6764 ($eq).
Removed top 1 bits (of 10) from port B of cell icebreaker.$auto$fsm_map.cc:77:implement_pattern_cache$6756 ($eq).
Removed top 2 bits (of 11) from port B of cell icebreaker.$auto$fsm_map.cc:77:implement_pattern_cache$6752 ($eq).
Removed top 3 bits (of 10) from port B of cell icebreaker.$auto$fsm_map.cc:77:implement_pattern_cache$6748 ($eq).
Removed top 3 bits (of 8) from port B of cell icebreaker.$auto$fsm_map.cc:77:implement_pattern_cache$6744 ($eq).
Removed top 1 bits (of 7) from port B of cell icebreaker.$auto$fsm_map.cc:77:implement_pattern_cache$6735 ($eq).
Removed top 2 bits (of 8) from port B of cell icebreaker.$auto$fsm_map.cc:77:implement_pattern_cache$6731 ($eq).
Removed top 3 bits (of 7) from port B of cell icebreaker.$auto$fsm_map.cc:77:implement_pattern_cache$6727 ($eq).
Removed top 2 bits (of 5) from port B of cell icebreaker.$auto$fsm_map.cc:77:implement_pattern_cache$6723 ($eq).
Removed top 1 bits (of 6) from port B of cell icebreaker.$auto$fsm_map.cc:77:implement_pattern_cache$6715 ($eq).
Removed top 2 bits (of 7) from port B of cell icebreaker.$auto$fsm_map.cc:77:implement_pattern_cache$6711 ($eq).
Removed top 3 bits (of 6) from port B of cell icebreaker.$auto$fsm_map.cc:77:implement_pattern_cache$6707 ($eq).
Removed top 2 bits (of 4) from port B of cell icebreaker.$auto$fsm_map.cc:77:implement_pattern_cache$6703 ($eq).
Removed top 1 bits (of 12) from port B of cell icebreaker.$auto$fsm_map.cc:77:implement_pattern_cache$6695 ($eq).
Removed top 2 bits (of 13) from port B of cell icebreaker.$auto$fsm_map.cc:77:implement_pattern_cache$6691 ($eq).
Removed top 3 bits (of 12) from port B of cell icebreaker.$auto$fsm_map.cc:77:implement_pattern_cache$6687 ($eq).
Removed top 7 bits (of 10) from port B of cell icebreaker.$auto$fsm_map.cc:77:implement_pattern_cache$6683 ($eq).
Removed top 1 bits (of 9) from port B of cell icebreaker.$auto$fsm_map.cc:77:implement_pattern_cache$6674 ($eq).
Removed top 2 bits (of 10) from port B of cell icebreaker.$auto$fsm_map.cc:77:implement_pattern_cache$6670 ($eq).
Removed top 3 bits (of 9) from port B of cell icebreaker.$auto$fsm_map.cc:77:implement_pattern_cache$6666 ($eq).
Removed top 4 bits (of 7) from port B of cell icebreaker.$auto$fsm_map.cc:77:implement_pattern_cache$6662 ($eq).
Removed top 1 bits (of 8) from port B of cell icebreaker.$auto$fsm_map.cc:77:implement_pattern_cache$6654 ($eq).
Removed top 2 bits (of 9) from port B of cell icebreaker.$auto$fsm_map.cc:77:implement_pattern_cache$6650 ($eq).
Removed top 3 bits (of 8) from port B of cell icebreaker.$auto$fsm_map.cc:77:implement_pattern_cache$6646 ($eq).
Removed top 3 bits (of 6) from port B of cell icebreaker.$auto$fsm_map.cc:77:implement_pattern_cache$6642 ($eq).
Removed top 1 bits (of 7) from port B of cell icebreaker.$auto$fsm_map.cc:77:implement_pattern_cache$6629 ($eq).
Removed top 2 bits (of 8) from port B of cell icebreaker.$auto$fsm_map.cc:77:implement_pattern_cache$6623 ($eq).
Removed top 3 bits (of 7) from port B of cell icebreaker.$auto$fsm_map.cc:77:implement_pattern_cache$6617 ($eq).
Removed top 2 bits (of 5) from port B of cell icebreaker.$auto$fsm_map.cc:77:implement_pattern_cache$6611 ($eq).
Removed top 1 bits (of 6) from port B of cell icebreaker.$auto$fsm_map.cc:77:implement_pattern_cache$6603 ($eq).
Removed top 2 bits (of 7) from port B of cell icebreaker.$auto$fsm_map.cc:77:implement_pattern_cache$6599 ($eq).
Removed top 3 bits (of 6) from port B of cell icebreaker.$auto$fsm_map.cc:77:implement_pattern_cache$6595 ($eq).
Removed top 2 bits (of 4) from port B of cell icebreaker.$auto$fsm_map.cc:77:implement_pattern_cache$6591 ($eq).
Removed top 1 bits (of 6) from port B of cell icebreaker.$auto$fsm_map.cc:77:implement_pattern_cache$6583 ($eq).
Removed top 2 bits (of 7) from port B of cell icebreaker.$auto$fsm_map.cc:77:implement_pattern_cache$6579 ($eq).
Removed top 3 bits (of 6) from port B of cell icebreaker.$auto$fsm_map.cc:77:implement_pattern_cache$6575 ($eq).
Removed top 2 bits (of 4) from port B of cell icebreaker.$auto$fsm_map.cc:77:implement_pattern_cache$6571 ($eq).
Removed top 1 bits (of 7) from port B of cell icebreaker.$auto$fsm_map.cc:77:implement_pattern_cache$6563 ($eq).
Removed top 2 bits (of 8) from port B of cell icebreaker.$auto$fsm_map.cc:77:implement_pattern_cache$6559 ($eq).
Removed top 3 bits (of 7) from port B of cell icebreaker.$auto$fsm_map.cc:77:implement_pattern_cache$6555 ($eq).
Removed top 2 bits (of 5) from port B of cell icebreaker.$auto$fsm_map.cc:77:implement_pattern_cache$6551 ($eq).
Removed top 1 bits (of 6) from port B of cell icebreaker.$auto$fsm_map.cc:77:implement_pattern_cache$6543 ($eq).
Removed top 2 bits (of 7) from port B of cell icebreaker.$auto$fsm_map.cc:77:implement_pattern_cache$6539 ($eq).
Removed top 3 bits (of 6) from port B of cell icebreaker.$auto$fsm_map.cc:77:implement_pattern_cache$6535 ($eq).
Removed top 3 bits (of 4) from port B of cell icebreaker.$auto$fsm_map.cc:77:implement_pattern_cache$6531 ($eq).
Removed top 1 bits (of 8) from port B of cell icebreaker.$auto$fsm_map.cc:77:implement_pattern_cache$6523 ($eq).
Removed top 2 bits (of 9) from port B of cell icebreaker.$auto$fsm_map.cc:77:implement_pattern_cache$6519 ($eq).
Removed top 3 bits (of 8) from port B of cell icebreaker.$auto$fsm_map.cc:77:implement_pattern_cache$6515 ($eq).
Removed top 5 bits (of 6) from port B of cell icebreaker.$auto$fsm_map.cc:77:implement_pattern_cache$6511 ($eq).
Removed top 1 bits (of 9) from port B of cell icebreaker.$auto$fsm_map.cc:77:implement_pattern_cache$6503 ($eq).
Removed top 2 bits (of 10) from port B of cell icebreaker.$auto$fsm_map.cc:77:implement_pattern_cache$6499 ($eq).
Removed top 3 bits (of 9) from port B of cell icebreaker.$auto$fsm_map.cc:77:implement_pattern_cache$6495 ($eq).
Removed top 4 bits (of 7) from port B of cell icebreaker.$auto$fsm_map.cc:77:implement_pattern_cache$6491 ($eq).
Removed top 1 bits (of 7) from port B of cell icebreaker.$auto$fsm_map.cc:77:implement_pattern_cache$6483 ($eq).
Removed top 2 bits (of 8) from port B of cell icebreaker.$auto$fsm_map.cc:77:implement_pattern_cache$6479 ($eq).
Removed top 3 bits (of 7) from port B of cell icebreaker.$auto$fsm_map.cc:77:implement_pattern_cache$6475 ($eq).
Removed top 2 bits (of 5) from port B of cell icebreaker.$auto$fsm_map.cc:77:implement_pattern_cache$6471 ($eq).
Removed top 1 bits (of 7) from port B of cell icebreaker.$auto$fsm_map.cc:77:implement_pattern_cache$6463 ($eq).
Removed top 2 bits (of 8) from port B of cell icebreaker.$auto$fsm_map.cc:77:implement_pattern_cache$6459 ($eq).
Removed top 3 bits (of 7) from port B of cell icebreaker.$auto$fsm_map.cc:77:implement_pattern_cache$6455 ($eq).
Removed top 2 bits (of 5) from port B of cell icebreaker.$auto$fsm_map.cc:77:implement_pattern_cache$6451 ($eq).
Removed top 1 bits (of 9) from port B of cell icebreaker.$auto$fsm_map.cc:77:implement_pattern_cache$6443 ($eq).
Removed top 2 bits (of 10) from port B of cell icebreaker.$auto$fsm_map.cc:77:implement_pattern_cache$6439 ($eq).
Removed top 3 bits (of 9) from port B of cell icebreaker.$auto$fsm_map.cc:77:implement_pattern_cache$6435 ($eq).
Removed top 2 bits (of 7) from port B of cell icebreaker.$auto$fsm_map.cc:77:implement_pattern_cache$6431 ($eq).
Removed top 1 bits (of 5) from port B of cell icebreaker.$auto$fsm_map.cc:77:implement_pattern_cache$6427 ($eq).
Removed top 2 bits (of 6) from port B of cell icebreaker.$auto$fsm_map.cc:77:implement_pattern_cache$6425 ($eq).
Removed top 3 bits (of 5) from port B of cell icebreaker.$auto$fsm_map.cc:77:implement_pattern_cache$6423 ($eq).
Removed top 1 bits (of 6) from port B of cell icebreaker.$auto$fsm_map.cc:77:implement_pattern_cache$6413 ($eq).
Removed top 2 bits (of 7) from port B of cell icebreaker.$auto$fsm_map.cc:77:implement_pattern_cache$6409 ($eq).
Removed top 3 bits (of 6) from port B of cell icebreaker.$auto$fsm_map.cc:77:implement_pattern_cache$6405 ($eq).
Removed top 2 bits (of 4) from port B of cell icebreaker.$auto$fsm_map.cc:77:implement_pattern_cache$6401 ($eq).
Removed top 1 bits (of 4) from port B of cell icebreaker.$auto$fsm_map.cc:77:implement_pattern_cache$6396 ($eq).
Removed top 3 bits (of 5) from port B of cell icebreaker.$auto$fsm_map.cc:77:implement_pattern_cache$6394 ($eq).
Removed top 1 bits (of 5) from port B of cell icebreaker.$auto$fsm_map.cc:77:implement_pattern_cache$6386 ($eq).
Removed top 2 bits (of 6) from port B of cell icebreaker.$auto$fsm_map.cc:77:implement_pattern_cache$6382 ($eq).
Removed top 3 bits (of 5) from port B of cell icebreaker.$auto$fsm_map.cc:77:implement_pattern_cache$6378 ($eq).
Removed top 2 bits (of 3) from port B of cell icebreaker.$auto$fsm_map.cc:77:implement_pattern_cache$6374 ($eq).
Removed top 1 bits (of 9) from port B of cell icebreaker.$auto$fsm_map.cc:77:implement_pattern_cache$6366 ($eq).
Removed top 2 bits (of 10) from port B of cell icebreaker.$auto$fsm_map.cc:77:implement_pattern_cache$6362 ($eq).
Removed top 3 bits (of 9) from port B of cell icebreaker.$auto$fsm_map.cc:77:implement_pattern_cache$6358 ($eq).
Removed top 3 bits (of 7) from port B of cell icebreaker.$auto$fsm_map.cc:77:implement_pattern_cache$6354 ($eq).
Removed top 5 bits (of 6) from port B of cell icebreaker.$add$icebreaker.v:80$394 ($add).
Removed top 6 bits (of 8) from port B of cell icebreaker.$eq$icebreaker.v:137$401 ($eq).
Removed top 31 bits (of 32) from port B of cell icebreaker.$flatten\seven_segment_ctrl.$add$icebreaker.v:221$463 ($add).
Removed top 22 bits (of 32) from port Y of cell icebreaker.$flatten\seven_segment_ctrl.$add$icebreaker.v:221$463 ($add).
Removed top 31 bits (of 32) from port B of cell icebreaker.$flatten\soc.\simpleuart.$add$simpleuart.v:74$486 ($add).
Removed top 31 bits (of 32) from port B of cell icebreaker.$flatten\soc.\simpleuart.$add$simpleuart.v:99$492 ($add).
Removed top 28 bits (of 32) from port Y of cell icebreaker.$flatten\soc.\simpleuart.$add$simpleuart.v:99$492 ($add).
Removed top 31 bits (of 32) from port B of cell icebreaker.$flatten\soc.\simpleuart.$add$simpleuart.v:112$495 ($add).
Removed top 31 bits (of 32) from port B of cell icebreaker.$flatten\soc.\simpleuart.$sub$simpleuart.v:132$503 ($sub).
Removed top 28 bits (of 32) from port Y of cell icebreaker.$flatten\soc.\simpleuart.$sub$simpleuart.v:132$503 ($sub).
Removed top 1 bits (of 10) from mux cell icebreaker.$flatten\soc.\simpleuart.$procmux$5706 ($mux).
Removed top 1 bits (of 10) from mux cell icebreaker.$flatten\soc.\simpleuart.$procmux$5709 ($mux).
Removed top 3 bits (of 4) from port B of cell icebreaker.$flatten\soc.\simpleuart.$procmux$5766_CMP0 ($eq).
Removed top 3 bits (of 4) from port B of cell icebreaker.$flatten\soc.\spimemio.$eq$spimemio.v:221$538 ($eq).
Removed top 2 bits (of 4) from port B of cell icebreaker.$flatten\soc.\spimemio.$eq$spimemio.v:222$540 ($eq).
Removed top 2 bits (of 4) from port B of cell icebreaker.$flatten\soc.\spimemio.$eq$spimemio.v:223$542 ($eq).
Removed top 1 bits (of 4) from port B of cell icebreaker.$flatten\soc.\spimemio.$eq$spimemio.v:224$544 ($eq).
Removed top 29 bits (of 32) from port B of cell icebreaker.$flatten\soc.\spimemio.$add$spimemio.v:226$546 ($add).
Removed top 7 bits (of 32) from port Y of cell icebreaker.$flatten\soc.\spimemio.$add$spimemio.v:226$546 ($add).
Removed top 8 bits (of 32) from mux cell icebreaker.$flatten\soc.\spimemio.$ternary$spimemio.v:226$548 ($mux).
Removed top 1 bits (of 8) from mux cell icebreaker.$flatten\soc.\spimemio.$ternary$spimemio.v:316$553 ($mux).
Removed top 1 bits (of 2) from port B of cell icebreaker.$flatten\soc.\spimemio.$procmux$5615_CMP0 ($eq).
Removed top 1 bits (of 2) from port B of cell icebreaker.$flatten\soc.\spimemio.\xfer.$procmux$1905_CMP0 ($eq).
Removed top 28 bits (of 32) from mux cell icebreaker.$flatten\soc.\spimemio.\xfer.$ternary$spimemio.v:567$1544 ($mux).
Removed top 2 bits (of 4) from port B of cell icebreaker.$flatten\soc.\spimemio.\xfer.$sub$spimemio.v:524$1527 ($sub).
Removed top 1 bits (of 4) from port B of cell icebreaker.$flatten\soc.\spimemio.\xfer.$sub$spimemio.v:491$1515 ($sub).
Removed top 3 bits (of 4) from port B of cell icebreaker.$flatten\soc.\spimemio.\xfer.$sub$spimemio.v:471$1508 ($sub).
Removed top 31 bits (of 32) from port B of cell icebreaker.$flatten\soc.\spimem_cache.$add$picosoc.v:434$792 ($add).
Removed top 31 bits (of 32) from port B of cell icebreaker.$flatten\soc.\spimem_cache.$add$picosoc.v:443$807 ($add).
Removed top 31 bits (of 32) from port B of cell icebreaker.$flatten\soc.\spimem_cache.$add$picosoc.v:446$808 ($add).
Removed top 28 bits (of 32) from port Y of cell icebreaker.$flatten\soc.\spimem_cache.$add$picosoc.v:446$808 ($add).
Removed top 3 bits (of 4) from port A of cell icebreaker.$flatten\soc.\cpu.$shl$../picorv32.v:419$903 ($shl).
Removed top 30 bits (of 32) from mux cell icebreaker.$flatten\soc.\cpu.$ternary$../picorv32.v:617$962 ($mux).
Removed top 1 bits (of 7) from port B of cell icebreaker.$flatten\soc.\cpu.$eq$../picorv32.v:867$981 ($eq).
Removed top 2 bits (of 7) from port B of cell icebreaker.$flatten\soc.\cpu.$eq$../picorv32.v:868$982 ($eq).
Removed top 4 bits (of 7) from port B of cell icebreaker.$flatten\soc.\cpu.$eq$../picorv32.v:872$992 ($eq).
Removed top 5 bits (of 7) from port B of cell icebreaker.$flatten\soc.\cpu.$eq$../picorv32.v:875$996 ($eq).
Removed top 1 bits (of 7) from port B of cell icebreaker.$flatten\soc.\cpu.$eq$../picorv32.v:876$997 ($eq).
Removed top 2 bits (of 7) from port B of cell icebreaker.$flatten\soc.\cpu.$eq$../picorv32.v:877$998 ($eq).
Removed top 1 bits (of 7) from port B of cell icebreaker.$flatten\soc.\cpu.$eq$../picorv32.v:878$999 ($eq).
Removed top 3 bits (of 7) from port B of cell icebreaker.$flatten\soc.\cpu.$eq$../picorv32.v:889$1005 ($eq).
Removed top 5 bits (of 7) from port B of cell icebreaker.$flatten\soc.\cpu.$eq$../picorv32.v:889$1006 ($eq).
Removed top 3 bits (of 7) from port B of cell icebreaker.$flatten\soc.\cpu.$eq$../picorv32.v:1088$1179 ($eq).
Removed top 5 bits (of 7) from port B of cell icebreaker.$flatten\soc.\cpu.$eq$../picorv32.v:1092$1193 ($eq).
Removed top 3 bits (of 7) from port B of cell icebreaker.$flatten\soc.\cpu.$eq$../picorv32.v:1093$1196 ($eq).
Removed top 4 bits (of 7) from port B of cell icebreaker.$flatten\soc.\cpu.$eq$../picorv32.v:1093$1197 ($eq).
Removed top 1 bits (of 3) from port B of cell icebreaker.$flatten\soc.\cpu.$eq$../picorv32.v:1104$1215 ($eq).
Removed top 1 bits (of 3) from port B of cell icebreaker.$flatten\soc.\cpu.$eq$../picorv32.v:1103$1216 ($eq).
Removed top 1 bits (of 7) from port B of cell icebreaker.$flatten\soc.\cpu.$eq$../picorv32.v:1113$1222 ($eq).
Removed top 2 bits (of 3) from port B of cell icebreaker.$flatten\soc.\cpu.$eq$../picorv32.v:1111$1227 ($eq).
Removed top 29 bits (of 32) from port B of cell icebreaker.$flatten\soc.\cpu.$add$../picorv32.v:1317$1279 ($add).
Removed top 31 bits (of 32) from port B of cell icebreaker.$flatten\soc.\cpu.$sub$../picorv32.v:1426$1309 ($sub).
Removed top 28 bits (of 32) from port Y of cell icebreaker.$flatten\soc.\cpu.$sub$../picorv32.v:1426$1309 ($sub).
Removed top 31 bits (of 32) from port B of cell icebreaker.$flatten\soc.\cpu.$add$../picorv32.v:1433$1311 ($add).
Removed top 1 bits (of 2) from port B of cell icebreaker.$flatten\soc.\cpu.$eq$../picorv32.v:1541$1353 ($eq).
Removed top 29 bits (of 32) from mux cell icebreaker.$flatten\soc.\cpu.$ternary$../picorv32.v:1546$1356 ($mux).
Removed top 29 bits (of 32) from port B of cell icebreaker.$flatten\soc.\cpu.$add$../picorv32.v:1560$1364 ($add).
Removed top 31 bits (of 32) from port B of cell icebreaker.$flatten\soc.\cpu.$add$../picorv32.v:1564$1365 ($add).
Removed top 29 bits (of 32) from port B of cell icebreaker.$flatten\soc.\cpu.$ge$../picorv32.v:1835$1419 ($ge).
Removed top 29 bits (of 32) from port B of cell icebreaker.$flatten\soc.\cpu.$sub$../picorv32.v:1842$1427 ($sub).
Removed top 27 bits (of 32) from port Y of cell icebreaker.$flatten\soc.\cpu.$sub$../picorv32.v:1842$1427 ($sub).
Removed top 31 bits (of 32) from port B of cell icebreaker.$flatten\soc.\cpu.$sub$../picorv32.v:1850$1434 ($sub).
Removed top 27 bits (of 32) from port Y of cell icebreaker.$flatten\soc.\cpu.$sub$../picorv32.v:1850$1434 ($sub).
Removed top 31 bits (of 32) from port B of cell icebreaker.$flatten\soc.\cpu.$sub$../picorv32.v:1918$1451 ($sub).
Removed top 29 bits (of 32) from mux cell icebreaker.$flatten\soc.\cpu.$procmux$2660 ($mux).
Removed top 1 bits (of 2) from port B of cell icebreaker.$flatten\soc.\cpu.$procmux$4965_CMP0 ($eq).
Removed top 1 bits (of 2) from port B of cell icebreaker.$flatten\soc.\cpu.$procmux$4678_CMP0 ($eq).
Removed top 2 bits (of 3) from port B of cell icebreaker.$flatten\soc.\cpu.\genblk1.pcpi_mul.$procmux$1687_CMP0 ($eq).
Removed top 1 bits (of 3) from port B of cell icebreaker.$flatten\soc.\cpu.\genblk1.pcpi_mul.$procmux$1679_CMP0 ($eq).
Removed top 1 bits (of 3) from port B of cell icebreaker.$flatten\soc.\cpu.\genblk1.pcpi_mul.$procmux$1672_CMP0 ($eq).
Removed cell icebreaker.$flatten\soc.\cpu.\genblk1.pcpi_mul.$procmux$1648 ($mux).
Removed cell icebreaker.$flatten\soc.\cpu.\genblk1.pcpi_mul.$procmux$1642 ($mux).
Removed top 32 bits (of 64) from mux cell icebreaker.$flatten\soc.\cpu.\genblk1.pcpi_mul.$ternary$../picorv32.v:2411$1609 ($mux).
Converting cell icebreaker.$flatten\soc.\cpu.\genblk1.pcpi_mul.$mul$../picorv32.v:2371$1602 ($mul) from unsigned to signed.
Removed top 31 bits (of 64) from port A of cell icebreaker.$flatten\soc.\cpu.\genblk1.pcpi_mul.$mul$../picorv32.v:2371$1602 ($mul).
Removed top 31 bits (of 64) from port B of cell icebreaker.$flatten\soc.\cpu.\genblk1.pcpi_mul.$mul$../picorv32.v:2371$1602 ($mul).
Removed top 6 bits (of 7) from port B of cell icebreaker.$flatten\soc.\cpu.\genblk1.pcpi_mul.$eq$../picorv32.v:2345$1595 ($eq).
Removed top 1 bits (of 7) from port B of cell icebreaker.$flatten\soc.\cpu.\genblk1.pcpi_mul.$eq$../picorv32.v:2345$1593 ($eq).
Removed top 31 bits (of 63) from port Y of cell icebreaker.$flatten\soc.\cpu.\genblk2.pcpi_div.$sub$../picorv32.v:2499$1585 ($sub).
Removed top 31 bits (of 63) from port B of cell icebreaker.$flatten\soc.\cpu.\genblk2.pcpi_div.$sub$../picorv32.v:2499$1585 ($sub).
Removed top 31 bits (of 63) from mux cell icebreaker.$flatten\soc.\cpu.\genblk2.pcpi_div.$ternary$../picorv32.v:2475$1569 ($mux).
Removed top 31 bits (of 63) from port A of cell icebreaker.$flatten\soc.\cpu.\genblk2.pcpi_div.$neg$../picorv32.v:2475$1567 ($neg).
Removed top 31 bits (of 63) from port Y of cell icebreaker.$flatten\soc.\cpu.\genblk2.pcpi_div.$neg$../picorv32.v:2475$1567 ($neg).
Removed top 14 bits (of 32) from port B of cell icebreaker.$flatten\soc.$lt$picosoc.v:262$459 ($lt).
Removed top 6 bits (of 32) from port B of cell icebreaker.$flatten\soc.$lt$picosoc.v:189$445 ($lt).
Removed top 14 bits (of 32) from port B of cell icebreaker.$flatten\soc.$ge$picosoc.v:189$443 ($ge).
Removed top 6 bits (of 32) from port B of cell icebreaker.$flatten\soc.$eq$picosoc.v:145$420 ($eq).
Removed top 6 bits (of 32) from port B of cell icebreaker.$flatten\soc.$eq$picosoc.v:142$418 ($eq).
Removed top 6 bits (of 32) from port B of cell icebreaker.$flatten\soc.$eq$picosoc.v:139$416 ($eq).
Removed top 7 bits (of 8) from port B of cell icebreaker.$flatten\soc.$gt$picosoc.v:134$414 ($gt).
Removed top 6 bits (of 32) from port B of cell icebreaker.$flatten\soc.$eq$picosoc.v:125$408 ($eq).
Removed top 6 bits (of 32) from port B of cell icebreaker.$flatten\soc.$eq$picosoc.v:124$406 ($eq).
Removed top 1 bits (of 3) from FF cell icebreaker.$auto$ff.cc:337:slice$7686 ($sdff).
Removed top 7 bits (of 32) from port B of cell icebreaker.$flatten\soc.\spimemio.$ne$spimemio.v:72$510 ($ne).
Removed top 29 bits (of 32) from wire icebreaker.$flatten\soc.\cpu.$1\next_irq_pending[31:0].
Removed top 28 bits (of 32) from wire icebreaker.$flatten\soc.\cpu.$sub$../picorv32.v:1426$1309_Y.
Removed top 29 bits (of 32) from wire icebreaker.$flatten\soc.\cpu.$0\irq_pending[31:0].
Removed top 27 bits (of 32) from wire icebreaker.$flatten\soc.\cpu.$sub$../picorv32.v:1842$1427_Y.
Removed top 27 bits (of 32) from wire icebreaker.$flatten\soc.\cpu.$sub$../picorv32.v:1850$1434_Y.
Removed top 28 bits (of 32) from wire icebreaker.$flatten\soc.\spimem_cache.$add$picosoc.v:446$808_Y.
Removed top 29 bits (of 32) from wire icebreaker.$flatten\soc.\cpu.$14\next_irq_pending[31:0].
Removed top 3 bits (of 4) from wire icebreaker.$flatten\soc.\spimemio.\xfer.$reduce_or$spimemio.v:471$1507_Y.
Removed top 28 bits (of 32) from wire icebreaker.$flatten\soc.\spimemio.\xfer.$ternary$spimemio.v:567$1544_Y.
Removed top 31 bits (of 63) from wire icebreaker.$flatten\soc.\cpu.\genblk2.pcpi_div.$sub$../picorv32.v:2499$1585_Y.
Removed top 31 bits (of 63) from wire icebreaker.$flatten\soc.\cpu.\genblk2.pcpi_div.$ternary$../picorv32.v:2475$1569_Y.
Removed top 31 bits (of 63) from wire icebreaker.$flatten\soc.\cpu.\genblk2.pcpi_div.$neg$../picorv32.v:2475$1567_Y.
Removed top 29 bits (of 32) from wire icebreaker.$flatten\soc.\cpu.$ternary$../picorv32.v:1546$1356_Y.
Removed top 1 bits (of 8) from wire icebreaker.$flatten\soc.\spimemio.$ternary$spimemio.v:316$553_Y.
Removed top 8 bits (of 32) from wire icebreaker.$flatten\soc.\spimemio.$ternary$spimemio.v:226$548_Y.
Removed top 7 bits (of 32) from wire icebreaker.$flatten\soc.\spimemio.$add$spimemio.v:226$546_Y.
Removed top 1 bits (of 10) from wire icebreaker.$flatten\soc.\simpleuart.$procmux$5709_Y.
Removed top 1 bits (of 10) from wire icebreaker.$flatten\soc.\simpleuart.$procmux$5706_Y.
Removed top 28 bits (of 32) from wire icebreaker.$flatten\soc.\simpleuart.$sub$simpleuart.v:132$503_Y.
Removed top 28 bits (of 32) from wire icebreaker.$flatten\soc.\simpleuart.$add$simpleuart.v:99$492_Y.
Removed top 5 bits (of 6) from wire icebreaker.$logic_not$icebreaker.v:80$393_Y.

7.15. Executing PEEPOPT pass (run peephole optimizers).

7.16. Executing OPT_CLEAN pass (remove unused cells and wires).
Finding unused cells or wires in module \icebreaker..
Removed 0 unused cells and 28 unused wires.
<suppressed ~1 debug messages>

7.17. Executing SHARE pass (SAT-based resource sharing).
Found 5 cells in module icebreaker that may be considered for resource sharing.
  Analyzing resource sharing options for $flatten\seven_segment_ctrl.\msb_nibble.$auto$mem.cc:305:emit$1622 ($memrd_v2):
    Found 1 activation_patterns using ctrl signal \seven_segment_ctrl.msb_not_lsb.
    No candidates found.
  Analyzing resource sharing options for $flatten\seven_segment_ctrl.\lsb_nibble.$auto$mem.cc:305:emit$1622 ($memrd_v2):
    Found 1 activation_patterns using ctrl signal \seven_segment_ctrl.msb_not_lsb.
    No candidates found.
  Analyzing resource sharing options for $flatten\soc.\spimem_cache.$memrd$\cache_data$picosoc.v:423$643 ($memrd):
    Found 1 activation_patterns using ctrl signal { \soc.spimem_cache_ready $flatten\soc.$logic_and$picosoc.v:149$422_Y $flatten\soc.\spimem_cache.$logic_and$picosoc.v:421$642_Y }.
    No candidates found.
  Analyzing resource sharing options for $flatten\soc.\cpu.\cpuregs.$memrd$\regs$picosoc.v:800$1619 ($memrd):
    Found 2 activation_patterns using ctrl signal { $flatten\soc.\cpu.$reduce_bool$../picorv32.v:1391$1293_Y \soc.cpu.cpu_state [2] \soc.cpu.is_slli_srli_srai \resetn $auto$opt_reduce.cc:137:opt_pmux$6252 $auto$opt_reduce.cc:137:opt_pmux$6258 $auto$opt_reduce.cc:137:opt_pmux$6268 }.
    Found 1 candidates: $flatten\soc.\cpu.\cpuregs.$memrd$\regs$picosoc.v:799$1618
    Analyzing resource sharing with $flatten\soc.\cpu.\cpuregs.$memrd$\regs$picosoc.v:799$1618 ($memrd):
      Found 1 activation_patterns using ctrl signal $flatten\soc.\cpu.$reduce_bool$../picorv32.v:1390$1291_Y.
      Activation pattern for cell $flatten\soc.\cpu.\cpuregs.$memrd$\regs$picosoc.v:800$1619: { $flatten\soc.\cpu.$reduce_bool$../picorv32.v:1391$1293_Y $auto$opt_reduce.cc:137:opt_pmux$6252 $auto$opt_reduce.cc:137:opt_pmux$6258 } = 3'100
      Activation pattern for cell $flatten\soc.\cpu.\cpuregs.$memrd$\regs$picosoc.v:800$1619: { $flatten\soc.\cpu.$reduce_bool$../picorv32.v:1391$1293_Y \soc.cpu.cpu_state [2] \soc.cpu.is_slli_srli_srai \resetn $auto$opt_reduce.cc:137:opt_pmux$6268 } = 5'11010
      Activation pattern for cell $flatten\soc.\cpu.\cpuregs.$memrd$\regs$picosoc.v:799$1618: $flatten\soc.\cpu.$reduce_bool$../picorv32.v:1390$1291_Y = 1'1
      Size of SAT problem: 9 cells, 146 variables, 314 clauses
      According to the SAT solver this pair of cells can not be shared.
      Model from SAT solver: { $flatten\soc.\cpu.$reduce_bool$../picorv32.v:1391$1293_Y $flatten\soc.\cpu.$reduce_bool$../picorv32.v:1390$1291_Y \soc.cpu.cpu_state [2] \soc.cpu.is_slli_srli_srai \resetn $auto$opt_reduce.cc:137:opt_pmux$6252 $auto$opt_reduce.cc:137:opt_pmux$6258 $auto$opt_reduce.cc:137:opt_pmux$6268 } = 8'11000000
  Analyzing resource sharing options for $flatten\soc.\cpu.\cpuregs.$memrd$\regs$picosoc.v:799$1618 ($memrd):
    Found 1 activation_patterns using ctrl signal $flatten\soc.\cpu.$reduce_bool$../picorv32.v:1390$1291_Y.
    No candidates found.

7.18. Executing TECHMAP pass (map to technology primitives).

7.18.1. Executing Verilog-2005 frontend: /homes/cl2033/oss-cad-suite/lib/../share/yosys/cmp2lut.v
Parsing Verilog input from `/homes/cl2033/oss-cad-suite/lib/../share/yosys/cmp2lut.v' to AST representation.
Generating RTLIL representation for module `\_90_lut_cmp_'.
Successfully finished Verilog frontend.

7.18.2. Continuing TECHMAP pass.
No more expansions possible.
<suppressed ~270 debug messages>

7.19. Executing OPT_EXPR pass (perform const folding).
Optimizing module icebreaker.

7.20. Executing OPT_CLEAN pass (remove unused cells and wires).
Finding unused cells or wires in module \icebreaker..

7.21. Executing MEMORY_DFF pass (merging $dff cells to $memrd).
Checking read port `\soc.cpu.cpuregs.regs'[0] in module `\icebreaker': no output FF found.
Checking read port `\soc.cpu.cpuregs.regs'[1] in module `\icebreaker': no output FF found.
Checking read port `\soc.spimem_cache.cache_valid'[0] in module `\icebreaker': no output FF found.
Checking read port `\soc.spimem_cache.cache_data'[0] in module `\icebreaker': no output FF found.
Checking read port `\soc.spimem_cache.cache_tag'[0] in module `\icebreaker': no output FF found.
Checking read port `$flatten\seven_segment_ctrl.\msb_nibble.$auto$proc_rom.cc:155:do_switch$1621'[0] in module `\icebreaker': no output FF found.
Checking read port `$flatten\seven_segment_ctrl.\lsb_nibble.$auto$proc_rom.cc:155:do_switch$1621'[0] in module `\icebreaker': no output FF found.
Checking read port address `\soc.cpu.cpuregs.regs'[0] in module `\icebreaker': merged address FF to cell.
Checking read port address `\soc.cpu.cpuregs.regs'[1] in module `\icebreaker': merged address FF to cell.
Checking read port address `\soc.spimem_cache.cache_valid'[0] in module `\icebreaker': merged address FF to cell.
Checking read port address `\soc.spimem_cache.cache_data'[0] in module `\icebreaker': merged address FF to cell.
Checking read port address `\soc.spimem_cache.cache_tag'[0] in module `\icebreaker': merged address FF to cell.
Checking read port address `$flatten\seven_segment_ctrl.\msb_nibble.$auto$proc_rom.cc:155:do_switch$1621'[0] in module `\icebreaker': merged address FF to cell.
Checking read port address `$flatten\seven_segment_ctrl.\lsb_nibble.$auto$proc_rom.cc:155:do_switch$1621'[0] in module `\icebreaker': merged address FF to cell.

7.22. Executing WREDUCE pass (reducing word size of cells).

7.23. Executing TECHMAP pass (map to technology primitives).

7.23.1. Executing Verilog-2005 frontend: /homes/cl2033/oss-cad-suite/lib/../share/yosys/mul2dsp.v
Parsing Verilog input from `/homes/cl2033/oss-cad-suite/lib/../share/yosys/mul2dsp.v' to AST representation.
Generating RTLIL representation for module `\_80_mul'.
Generating RTLIL representation for module `\_90_soft_mul'.
Successfully finished Verilog frontend.

7.23.2. Executing Verilog-2005 frontend: /homes/cl2033/oss-cad-suite/lib/../share/yosys/ice40/dsp_map.v
Parsing Verilog input from `/homes/cl2033/oss-cad-suite/lib/../share/yosys/ice40/dsp_map.v' to AST representation.
Generating RTLIL representation for module `$__MUL16X16'.
Successfully finished Verilog frontend.

7.23.3. Continuing TECHMAP pass.
Using template $paramod$5efeea90693f84d3d630c641baa632b310460194\_80_mul for cells of type $mul.
Using template $paramod$fe3f08c82dc5cecd4a24543ed8a4e62df626c9e1\_80_mul for cells of type $__mul.
Using template $paramod$2ffd9f5c4d2342f026c1383579123954dafb052e\_90_soft_mul for cells of type $__mul.
Using template $paramod$92398c55cd62669b28876c227b4269e3610ebe7b\_80_mul for cells of type $__mul.
Using template $paramod$04102eddbb25e3003f2ea9d39f38ce53d47fc2f5\_90_soft_mul for cells of type $__mul.
Using template $paramod$c33ca6cc290ce647b4a8312d13907f93404a692e$__MUL16X16 for cells of type $__MUL16X16.
No more expansions possible.
<suppressed ~376 debug messages>

7.24. Executing OPT_EXPR pass (perform const folding).
Optimizing module icebreaker.
<suppressed ~6 debug messages>

7.25. Executing WREDUCE pass (reducing word size of cells).
Removed top 1 bits (of 17) from port Y of cell icebreaker.$techmap$flatten\soc.\cpu.\genblk1.pcpi_mul.$mul$../picorv32.v:2371$1602.genblk1.genblk1.genblk1.genblk1.genblk1.genblk1.sliceA[1].mul.$add$/homes/cl2033/oss-cad-suite/lib/../share/yosys/mul2dsp.v:230$7927 ($add).
Removed top 1 bits (of 17) from port A of cell icebreaker.$techmap$flatten\soc.\cpu.\genblk1.pcpi_mul.$mul$../picorv32.v:2371$1602.genblk1.genblk1.genblk1.genblk1.genblk1.genblk1.sliceA[1].mul.$add$/homes/cl2033/oss-cad-suite/lib/../share/yosys/mul2dsp.v:230$7927 ($add).
Removed top 1 bits (of 17) from port B of cell icebreaker.$techmap$flatten\soc.\cpu.\genblk1.pcpi_mul.$mul$../picorv32.v:2371$1602.genblk1.genblk1.genblk1.genblk1.genblk1.genblk1.sliceA[1].mul.$add$/homes/cl2033/oss-cad-suite/lib/../share/yosys/mul2dsp.v:230$7927 ($add).
Removed top 1 bits (of 33) from port A of cell icebreaker.$techmap$flatten\soc.\cpu.\genblk1.pcpi_mul.$mul$../picorv32.v:2371$1602.genblk1.genblk1.genblk1.genblk1.genblk1.genblk1.sliceA[1].mul.$add$/homes/cl2033/oss-cad-suite/lib/../share/yosys/mul2dsp.v:216$7924 ($add).
Removed top 17 bits (of 33) from port B of cell icebreaker.$techmap$flatten\soc.\cpu.\genblk1.pcpi_mul.$mul$../picorv32.v:2371$1602.genblk1.genblk1.genblk1.genblk1.genblk1.genblk1.sliceA[1].mul.$add$/homes/cl2033/oss-cad-suite/lib/../share/yosys/mul2dsp.v:216$7924 ($add).
Removed top 1 bits (of 33) from port Y of cell icebreaker.$techmap$flatten\soc.\cpu.\genblk1.pcpi_mul.$mul$../picorv32.v:2371$1602.genblk1.genblk1.genblk1.genblk1.genblk1.genblk1.sliceA[1].mul.$add$/homes/cl2033/oss-cad-suite/lib/../share/yosys/mul2dsp.v:216$7924 ($add).
Removed top 1 bits (of 33) from port A of cell icebreaker.$techmap$flatten\soc.\cpu.\genblk1.pcpi_mul.$mul$../picorv32.v:2371$1602.genblk1.genblk1.genblk1.genblk1.genblk1.genblk1.sliceA[0].mul.$add$/homes/cl2033/oss-cad-suite/lib/../share/yosys/mul2dsp.v:216$7924 ($add).
Removed top 17 bits (of 33) from port B of cell icebreaker.$techmap$flatten\soc.\cpu.\genblk1.pcpi_mul.$mul$../picorv32.v:2371$1602.genblk1.genblk1.genblk1.genblk1.genblk1.genblk1.sliceA[0].mul.$add$/homes/cl2033/oss-cad-suite/lib/../share/yosys/mul2dsp.v:216$7924 ($add).
Removed top 15 bits (of 48) from port B of cell icebreaker.$techmap$flatten\soc.\cpu.\genblk1.pcpi_mul.$mul$../picorv32.v:2371$1602.$add$/homes/cl2033/oss-cad-suite/lib/../share/yosys/mul2dsp.v:159$7917 ($add).

7.26. Executing ICE40_DSP pass (map multipliers).
Checking icebreaker.$flatten\soc.\cpu.\genblk1.pcpi_mul.$mul$../picorv32.v:2371$1602.genblk1.genblk1.genblk1.genblk1.genblk1.genblk1.sliceA[0].mul.genblk1.genblk1.genblk1.genblk1.genblk1.genblk1.genblk1.sliceB[1].mul for iCE40 DSP inference.
  clock: \clk_15mhz (posedge) ffA:$auto$ff.cc:337:slice$7685 ffB:$auto$ff.cc:337:slice$7681
  adder $techmap$flatten\soc.\cpu.\genblk1.pcpi_mul.$mul$../picorv32.v:2371$1602.genblk1.genblk1.genblk1.genblk1.genblk1.genblk1.sliceA[0].mul.$add$/homes/cl2033/oss-cad-suite/lib/../share/yosys/mul2dsp.v:216$7924 ($add)
Checking icebreaker.$flatten\soc.\cpu.\genblk1.pcpi_mul.$mul$../picorv32.v:2371$1602.genblk1.genblk1.genblk1.genblk1.genblk1.genblk1.sliceA[1].mul.genblk1.genblk1.genblk1.genblk1.genblk1.genblk1.genblk1.sliceB[0].mul for iCE40 DSP inference.
  clock: \clk_15mhz (posedge) ffA:$auto$ff.cc:337:slice$7685 ffB:$auto$ff.cc:337:slice$7681
Checking icebreaker.$flatten\soc.\cpu.\genblk1.pcpi_mul.$mul$../picorv32.v:2371$1602.genblk1.genblk1.genblk1.genblk1.genblk1.genblk1.sliceA[1].mul.genblk1.genblk1.genblk1.genblk1.genblk1.genblk1.genblk1.sliceB[1].mul for iCE40 DSP inference.
  clock: \clk_15mhz (posedge) ffA:$auto$ff.cc:337:slice$7685 ffB:$auto$ff.cc:337:slice$7681
  adder $techmap$flatten\soc.\cpu.\genblk1.pcpi_mul.$mul$../picorv32.v:2371$1602.genblk1.genblk1.genblk1.genblk1.genblk1.genblk1.sliceA[1].mul.$add$/homes/cl2033/oss-cad-suite/lib/../share/yosys/mul2dsp.v:216$7924 ($add)
Checking icebreaker.$flatten\soc.\cpu.\genblk1.pcpi_mul.$mul$../picorv32.v:2371$1602.genblk1.genblk1.genblk1.genblk1.genblk1.genblk1.sliceA[0].mul.genblk1.genblk1.genblk1.genblk1.genblk1.genblk1.genblk1.sliceB[0].mul for iCE40 DSP inference.
  clock: \clk_15mhz (posedge) ffA:$auto$ff.cc:337:slice$7685 ffB:$auto$ff.cc:337:slice$7681 ffO:$flatten\soc.\cpu.\genblk1.pcpi_mul.$procdff$5851
<suppressed ~40 debug messages>

7.27. Executing ALUMACC pass (create $alu and $macc cells).
Extracting $alu and $macc cells in module icebreaker:
  creating $macc model for $techmap$flatten\soc.\cpu.\genblk1.pcpi_mul.$mul$../picorv32.v:2371$1602.genblk1.genblk1.genblk1.genblk1.genblk1.genblk1.sliceA[1].mul.$add$/homes/cl2033/oss-cad-suite/lib/../share/yosys/mul2dsp.v:230$7927 ($add).
  creating $macc model for $techmap$flatten\soc.\cpu.\genblk1.pcpi_mul.$mul$../picorv32.v:2371$1602.genblk1.genblk1.genblk1.genblk1.genblk1.genblk1.sliceA[0].mul.$add$/homes/cl2033/oss-cad-suite/lib/../share/yosys/mul2dsp.v:230$7927 ($add).
  creating $macc model for $flatten\soc.\cpu.\genblk1.pcpi_mul.$mul$../picorv32.v:2371$1602.genblk1.genblk1.genblk1.genblk1.genblk1.genblk1.sliceA.last ($mul).
  creating $macc model for $flatten\soc.\cpu.\genblk1.pcpi_mul.$mul$../picorv32.v:2371$1602.genblk1.genblk1.genblk1.genblk1.genblk1.genblk1.sliceA[0].mul.genblk1.genblk1.genblk1.genblk1.genblk1.genblk1.genblk1.mul_sliceB_last ($mul).
  creating $macc model for $techmap$flatten\soc.\cpu.\genblk1.pcpi_mul.$mul$../picorv32.v:2371$1602.$add$/homes/cl2033/oss-cad-suite/lib/../share/yosys/mul2dsp.v:173$7920 ($add).
  creating $macc model for $techmap$flatten\soc.\cpu.\genblk1.pcpi_mul.$mul$../picorv32.v:2371$1602.$add$/homes/cl2033/oss-cad-suite/lib/../share/yosys/mul2dsp.v:159$7917 ($add).
  creating $macc model for $flatten\soc.\cpu.$add$../picorv32.v:1569$1366 ($add).
  creating $macc model for $flatten\soc.\cpu.$add$../picorv32.v:1564$1365 ($add).
  creating $macc model for $flatten\soc.\cpu.$add$../picorv32.v:1560$1364 ($add).
  creating $macc model for $flatten\soc.\cpu.$add$../picorv32.v:1433$1311 ($add).
  creating $macc model for $flatten\soc.\cpu.$sub$../picorv32.v:1426$1309 ($sub).
  creating $macc model for $flatten\soc.\cpu.$add$../picorv32.v:1317$1279 ($add).
  creating $macc model for $flatten\soc.\cpu.\genblk1.pcpi_mul.$mul$../picorv32.v:2371$1602.genblk1.genblk1.genblk1.genblk1.genblk1.genblk1.sliceA[1].mul.genblk1.genblk1.genblk1.genblk1.genblk1.genblk1.genblk1.mul_sliceB_last ($mul).
  creating $macc model for $flatten\soc.\cpu.$sub$../picorv32.v:1918$1451 ($sub).
  creating $macc model for $flatten\soc.\cpu.\genblk2.pcpi_div.$sub$../picorv32.v:2499$1585 ($sub).
  creating $macc model for $flatten\soc.\cpu.\genblk2.pcpi_div.$neg$../picorv32.v:2495$1582 ($neg).
  creating $macc model for $flatten\soc.\cpu.\genblk2.pcpi_div.$neg$../picorv32.v:2493$1580 ($neg).
  creating $macc model for $flatten\soc.\cpu.\genblk2.pcpi_div.$neg$../picorv32.v:2475$1567 ($neg).
  creating $macc model for $flatten\soc.\cpu.\genblk2.pcpi_div.$neg$../picorv32.v:2474$1562 ($neg).
  creating $macc model for $flatten\soc.\cpu.$add$../picorv32.v:1806$1413 ($add).
  creating $macc model for $flatten\soc.\cpu.$add$../picorv32.v:1240$1487 ($add).
  creating $macc model for $flatten\soc.\cpu.$sub$../picorv32.v:1240$1486 ($sub).
  creating $macc model for $flatten\soc.\spimem_cache.$add$picosoc.v:446$808 ($add).
  creating $macc model for $flatten\soc.\spimem_cache.$add$picosoc.v:443$807 ($add).
  creating $macc model for $flatten\soc.\spimem_cache.$add$picosoc.v:434$792 ($add).
  creating $macc model for $flatten\soc.\spimemio.\xfer.$sub$spimemio.v:471$1508 ($sub).
  creating $macc model for $flatten\soc.\spimemio.\xfer.$sub$spimemio.v:491$1515 ($sub).
  creating $macc model for $flatten\soc.\spimemio.\xfer.$sub$spimemio.v:524$1527 ($sub).
  creating $macc model for $flatten\soc.\spimemio.\xfer.$sub$spimemio.v:554$1537 ($sub).
  creating $macc model for $flatten\soc.\cpu.$sub$../picorv32.v:1842$1427 ($sub).
  creating $macc model for $flatten\soc.\cpu.$sub$../picorv32.v:1850$1434 ($sub).
  creating $macc model for $flatten\soc.\cpu.$add$../picorv32.v:1897$1446 ($add).
  creating $macc model for $flatten\soc.\spimemio.$add$spimemio.v:226$546 ($add).
  creating $macc model for $flatten\soc.\simpleuart.$sub$simpleuart.v:132$503 ($sub).
  creating $macc model for $flatten\soc.\simpleuart.$add$simpleuart.v:112$495 ($add).
  creating $macc model for $flatten\soc.\simpleuart.$add$simpleuart.v:99$492 ($add).
  creating $macc model for $flatten\soc.\simpleuart.$add$simpleuart.v:74$486 ($add).
  creating $macc model for $flatten\seven_segment_ctrl.$add$icebreaker.v:221$463 ($add).
  creating $macc model for $add$icebreaker.v:80$394 ($add).
  merging $macc model for $flatten\soc.\cpu.\genblk1.pcpi_mul.$mul$../picorv32.v:2371$1602.genblk1.genblk1.genblk1.genblk1.genblk1.genblk1.sliceA[0].mul.genblk1.genblk1.genblk1.genblk1.genblk1.genblk1.genblk1.mul_sliceB_last into $techmap$flatten\soc.\cpu.\genblk1.pcpi_mul.$mul$../picorv32.v:2371$1602.genblk1.genblk1.genblk1.genblk1.genblk1.genblk1.sliceA[0].mul.$add$/homes/cl2033/oss-cad-suite/lib/../share/yosys/mul2dsp.v:230$7927.
  creating $alu model for $macc $flatten\seven_segment_ctrl.$add$icebreaker.v:221$463.
  creating $alu model for $macc $flatten\soc.\simpleuart.$add$simpleuart.v:74$486.
  creating $alu model for $macc $flatten\soc.\simpleuart.$add$simpleuart.v:99$492.
  creating $alu model for $macc $flatten\soc.\simpleuart.$add$simpleuart.v:112$495.
  creating $alu model for $macc $flatten\soc.\simpleuart.$sub$simpleuart.v:132$503.
  creating $alu model for $macc $flatten\soc.\spimemio.$add$spimemio.v:226$546.
  creating $alu model for $macc $flatten\soc.\cpu.$add$../picorv32.v:1897$1446.
  creating $alu model for $macc $flatten\soc.\cpu.$sub$../picorv32.v:1850$1434.
  creating $alu model for $macc $flatten\soc.\cpu.$sub$../picorv32.v:1842$1427.
  creating $alu model for $macc $flatten\soc.\spimemio.\xfer.$sub$spimemio.v:554$1537.
  creating $alu model for $macc $flatten\soc.\spimemio.\xfer.$sub$spimemio.v:524$1527.
  creating $alu model for $macc $flatten\soc.\spimemio.\xfer.$sub$spimemio.v:491$1515.
  creating $alu model for $macc $flatten\soc.\spimemio.\xfer.$sub$spimemio.v:471$1508.
  creating $alu model for $macc $flatten\soc.\spimem_cache.$add$picosoc.v:434$792.
  creating $alu model for $macc $flatten\soc.\spimem_cache.$add$picosoc.v:443$807.
  creating $alu model for $macc $flatten\soc.\spimem_cache.$add$picosoc.v:446$808.
  creating $alu model for $macc $flatten\soc.\cpu.$sub$../picorv32.v:1240$1486.
  creating $alu model for $macc $flatten\soc.\cpu.$add$../picorv32.v:1240$1487.
  creating $alu model for $macc $flatten\soc.\cpu.$add$../picorv32.v:1806$1413.
  creating $alu model for $macc $flatten\soc.\cpu.\genblk2.pcpi_div.$neg$../picorv32.v:2474$1562.
  creating $alu model for $macc $flatten\soc.\cpu.\genblk2.pcpi_div.$neg$../picorv32.v:2475$1567.
  creating $alu model for $macc $flatten\soc.\cpu.\genblk2.pcpi_div.$neg$../picorv32.v:2493$1580.
  creating $alu model for $macc $flatten\soc.\cpu.\genblk2.pcpi_div.$neg$../picorv32.v:2495$1582.
  creating $alu model for $macc $flatten\soc.\cpu.\genblk2.pcpi_div.$sub$../picorv32.v:2499$1585.
  creating $alu model for $macc $flatten\soc.\cpu.$sub$../picorv32.v:1918$1451.
  creating $alu model for $macc $flatten\soc.\cpu.$add$../picorv32.v:1317$1279.
  creating $alu model for $macc $flatten\soc.\cpu.$sub$../picorv32.v:1426$1309.
  creating $alu model for $macc $flatten\soc.\cpu.$add$../picorv32.v:1433$1311.
  creating $alu model for $macc $flatten\soc.\cpu.$add$../picorv32.v:1560$1364.
  creating $alu model for $macc $flatten\soc.\cpu.$add$../picorv32.v:1564$1365.
  creating $alu model for $macc $flatten\soc.\cpu.$add$../picorv32.v:1569$1366.
  creating $alu model for $macc $techmap$flatten\soc.\cpu.\genblk1.pcpi_mul.$mul$../picorv32.v:2371$1602.$add$/homes/cl2033/oss-cad-suite/lib/../share/yosys/mul2dsp.v:159$7917.
  creating $alu model for $macc $techmap$flatten\soc.\cpu.\genblk1.pcpi_mul.$mul$../picorv32.v:2371$1602.$add$/homes/cl2033/oss-cad-suite/lib/../share/yosys/mul2dsp.v:173$7920.
  creating $alu model for $macc $add$icebreaker.v:80$394.
  creating $alu model for $macc $techmap$flatten\soc.\cpu.\genblk1.pcpi_mul.$mul$../picorv32.v:2371$1602.genblk1.genblk1.genblk1.genblk1.genblk1.genblk1.sliceA[1].mul.$add$/homes/cl2033/oss-cad-suite/lib/../share/yosys/mul2dsp.v:230$7927.
  creating $macc cell for $flatten\soc.\cpu.\genblk1.pcpi_mul.$mul$../picorv32.v:2371$1602.genblk1.genblk1.genblk1.genblk1.genblk1.genblk1.sliceA.last: $auto$alumacc.cc:382:replace_macc$7967
  creating $macc cell for $techmap$flatten\soc.\cpu.\genblk1.pcpi_mul.$mul$../picorv32.v:2371$1602.genblk1.genblk1.genblk1.genblk1.genblk1.genblk1.sliceA[0].mul.$add$/homes/cl2033/oss-cad-suite/lib/../share/yosys/mul2dsp.v:230$7927: $auto$alumacc.cc:382:replace_macc$7968
  creating $macc cell for $flatten\soc.\cpu.\genblk1.pcpi_mul.$mul$../picorv32.v:2371$1602.genblk1.genblk1.genblk1.genblk1.genblk1.genblk1.sliceA[1].mul.genblk1.genblk1.genblk1.genblk1.genblk1.genblk1.genblk1.mul_sliceB_last: $auto$alumacc.cc:382:replace_macc$7969
  creating $alu model for $flatten\soc.\cpu.\genblk2.pcpi_div.$le$../picorv32.v:2498$1584 ($le): new $alu
  creating $alu model for $flatten\soc.$lt$picosoc.v:262$459 ($lt): new $alu
  creating $alu model for $flatten\soc.$lt$picosoc.v:189$445 ($lt): new $alu
  creating $alu model for $flatten\soc.$ge$picosoc.v:189$443 ($ge): merged with $flatten\soc.$lt$picosoc.v:262$459.
  creating $alu model for $flatten\soc.\cpu.$lt$../picorv32.v:1243$1491 ($lt): merged with $flatten\soc.\cpu.$sub$../picorv32.v:1240$1486.
  creating $alu model for $flatten\soc.\cpu.$lt$../picorv32.v:1242$1490 ($lt): merged with $flatten\soc.\cpu.$sub$../picorv32.v:1240$1486.
  creating $alu model for $flatten\soc.$gt$picosoc.v:134$414 ($gt): new $alu
  creating $alu model for $flatten\soc.\cpu.$ge$../picorv32.v:1835$1419 ($ge): merged with $flatten\soc.\cpu.$sub$../picorv32.v:1842$1427.
  creating $alu model for $flatten\soc.\simpleuart.$gt$simpleuart.v:130$501 ($gt): new $alu
  creating $alu model for $flatten\soc.\simpleuart.$gt$simpleuart.v:97$491 ($gt): new $alu
  creating $alu model for $flatten\soc.\simpleuart.$gt$simpleuart.v:84$489 ($gt): new $alu
  creating $alu model for $flatten\soc.\cpu.$eq$../picorv32.v:1241$1489 ($eq): merged with $flatten\soc.\cpu.$sub$../picorv32.v:1240$1486.
  creating $alu model for $flatten\soc.$eq$picosoc.v:139$416 ($eq): merged with $flatten\soc.$lt$picosoc.v:189$445.
  creating $alu cell for $flatten\soc.\simpleuart.$gt$simpleuart.v:84$489: $auto$alumacc.cc:512:replace_alu$7977
  creating $alu cell for $flatten\soc.\simpleuart.$gt$simpleuart.v:97$491: $auto$alumacc.cc:512:replace_alu$7988
  creating $alu cell for $flatten\soc.\simpleuart.$gt$simpleuart.v:130$501: $auto$alumacc.cc:512:replace_alu$7999
  creating $alu cell for $flatten\soc.$gt$picosoc.v:134$414: $auto$alumacc.cc:512:replace_alu$8010
  creating $alu cell for $flatten\soc.$lt$picosoc.v:189$445, $flatten\soc.$eq$picosoc.v:139$416: $auto$alumacc.cc:512:replace_alu$8021
  creating $alu cell for $flatten\soc.$lt$picosoc.v:262$459, $flatten\soc.$ge$picosoc.v:189$443: $auto$alumacc.cc:512:replace_alu$8028
  creating $alu cell for $flatten\soc.\cpu.\genblk2.pcpi_div.$le$../picorv32.v:2498$1584: $auto$alumacc.cc:512:replace_alu$8041
  creating $alu cell for $techmap$flatten\soc.\cpu.\genblk1.pcpi_mul.$mul$../picorv32.v:2371$1602.genblk1.genblk1.genblk1.genblk1.genblk1.genblk1.sliceA[1].mul.$add$/homes/cl2033/oss-cad-suite/lib/../share/yosys/mul2dsp.v:230$7927: $auto$alumacc.cc:512:replace_alu$8050
  creating $alu cell for $add$icebreaker.v:80$394: $auto$alumacc.cc:512:replace_alu$8053
  creating $alu cell for $techmap$flatten\soc.\cpu.\genblk1.pcpi_mul.$mul$../picorv32.v:2371$1602.$add$/homes/cl2033/oss-cad-suite/lib/../share/yosys/mul2dsp.v:173$7920: $auto$alumacc.cc:512:replace_alu$8056
  creating $alu cell for $techmap$flatten\soc.\cpu.\genblk1.pcpi_mul.$mul$../picorv32.v:2371$1602.$add$/homes/cl2033/oss-cad-suite/lib/../share/yosys/mul2dsp.v:159$7917: $auto$alumacc.cc:512:replace_alu$8059
  creating $alu cell for $flatten\soc.\cpu.$add$../picorv32.v:1569$1366: $auto$alumacc.cc:512:replace_alu$8062
  creating $alu cell for $flatten\soc.\cpu.$add$../picorv32.v:1564$1365: $auto$alumacc.cc:512:replace_alu$8065
  creating $alu cell for $flatten\soc.\cpu.$add$../picorv32.v:1560$1364: $auto$alumacc.cc:512:replace_alu$8068
  creating $alu cell for $flatten\soc.\cpu.$add$../picorv32.v:1433$1311: $auto$alumacc.cc:512:replace_alu$8071
  creating $alu cell for $flatten\soc.\cpu.$sub$../picorv32.v:1426$1309: $auto$alumacc.cc:512:replace_alu$8074
  creating $alu cell for $flatten\soc.\cpu.$add$../picorv32.v:1317$1279: $auto$alumacc.cc:512:replace_alu$8077
  creating $alu cell for $flatten\soc.\cpu.$sub$../picorv32.v:1918$1451: $auto$alumacc.cc:512:replace_alu$8080
  creating $alu cell for $flatten\soc.\cpu.\genblk2.pcpi_div.$sub$../picorv32.v:2499$1585: $auto$alumacc.cc:512:replace_alu$8083
  creating $alu cell for $flatten\soc.\cpu.\genblk2.pcpi_div.$neg$../picorv32.v:2495$1582: $auto$alumacc.cc:512:replace_alu$8086
  creating $alu cell for $flatten\soc.\cpu.\genblk2.pcpi_div.$neg$../picorv32.v:2493$1580: $auto$alumacc.cc:512:replace_alu$8089
  creating $alu cell for $flatten\soc.\cpu.\genblk2.pcpi_div.$neg$../picorv32.v:2475$1567: $auto$alumacc.cc:512:replace_alu$8092
  creating $alu cell for $flatten\soc.\cpu.\genblk2.pcpi_div.$neg$../picorv32.v:2474$1562: $auto$alumacc.cc:512:replace_alu$8095
  creating $alu cell for $flatten\soc.\cpu.$add$../picorv32.v:1806$1413: $auto$alumacc.cc:512:replace_alu$8098
  creating $alu cell for $flatten\soc.\cpu.$add$../picorv32.v:1240$1487: $auto$alumacc.cc:512:replace_alu$8101
  creating $alu cell for $flatten\soc.\cpu.$sub$../picorv32.v:1240$1486, $flatten\soc.\cpu.$lt$../picorv32.v:1243$1491, $flatten\soc.\cpu.$lt$../picorv32.v:1242$1490, $flatten\soc.\cpu.$eq$../picorv32.v:1241$1489: $auto$alumacc.cc:512:replace_alu$8104
  creating $alu cell for $flatten\soc.\spimem_cache.$add$picosoc.v:446$808: $auto$alumacc.cc:512:replace_alu$8115
  creating $alu cell for $flatten\soc.\spimem_cache.$add$picosoc.v:443$807: $auto$alumacc.cc:512:replace_alu$8118
  creating $alu cell for $flatten\soc.\spimem_cache.$add$picosoc.v:434$792: $auto$alumacc.cc:512:replace_alu$8121
  creating $alu cell for $flatten\soc.\spimemio.\xfer.$sub$spimemio.v:471$1508: $auto$alumacc.cc:512:replace_alu$8124
  creating $alu cell for $flatten\soc.\spimemio.\xfer.$sub$spimemio.v:491$1515: $auto$alumacc.cc:512:replace_alu$8127
  creating $alu cell for $flatten\soc.\spimemio.\xfer.$sub$spimemio.v:524$1527: $auto$alumacc.cc:512:replace_alu$8130
  creating $alu cell for $flatten\soc.\spimemio.\xfer.$sub$spimemio.v:554$1537: $auto$alumacc.cc:512:replace_alu$8133
  creating $alu cell for $flatten\soc.\cpu.$sub$../picorv32.v:1842$1427, $flatten\soc.\cpu.$ge$../picorv32.v:1835$1419: $auto$alumacc.cc:512:replace_alu$8136
  creating $alu cell for $flatten\soc.\cpu.$sub$../picorv32.v:1850$1434: $auto$alumacc.cc:512:replace_alu$8149
  creating $alu cell for $flatten\soc.\cpu.$add$../picorv32.v:1897$1446: $auto$alumacc.cc:512:replace_alu$8152
  creating $alu cell for $flatten\soc.\spimemio.$add$spimemio.v:226$546: $auto$alumacc.cc:512:replace_alu$8155
  creating $alu cell for $flatten\soc.\simpleuart.$sub$simpleuart.v:132$503: $auto$alumacc.cc:512:replace_alu$8158
  creating $alu cell for $flatten\soc.\simpleuart.$add$simpleuart.v:112$495: $auto$alumacc.cc:512:replace_alu$8161
  creating $alu cell for $flatten\soc.\simpleuart.$add$simpleuart.v:99$492: $auto$alumacc.cc:512:replace_alu$8164
  creating $alu cell for $flatten\soc.\simpleuart.$add$simpleuart.v:74$486: $auto$alumacc.cc:512:replace_alu$8167
  creating $alu cell for $flatten\seven_segment_ctrl.$add$icebreaker.v:221$463: $auto$alumacc.cc:512:replace_alu$8170
  created 42 $alu and 3 $macc cells.

7.28. Executing OPT pass (performing simple optimizations).

7.28.1. Executing OPT_EXPR pass (perform const folding).
Optimizing module icebreaker.
<suppressed ~7 debug messages>

7.28.2. Executing OPT_MERGE pass (detect identical cells).
Finding identical cells in module `\icebreaker'.
Computing hashes of 1685 cells of `\icebreaker'.
Finding duplicate cells in `\icebreaker'.
Computing hashes of 1676 cells of `\icebreaker'.
Finding duplicate cells in `\icebreaker'.
<suppressed ~27 debug messages>
Removed a total of 9 cells.

7.28.3. Executing OPT_MUXTREE pass (detect dead branches in mux trees).
Running muxtree optimizer on module \icebreaker..
  Creating internal representation of mux trees.
  Evaluating internal representation of mux trees.
  Analyzing evaluation results.
Removed 0 multiplexer ports.
<suppressed ~629 debug messages>

7.28.4. Executing OPT_REDUCE pass (consolidate $*mux and $reduce_* inputs).
  Optimizing cells in module \icebreaker.
Performed a total of 0 changes.

7.28.5. Executing OPT_MERGE pass (detect identical cells).
Finding identical cells in module `\icebreaker'.
Computing hashes of 1676 cells of `\icebreaker'.
Finding duplicate cells in `\icebreaker'.
Computing hashes of 1675 cells of `\icebreaker'.
Finding duplicate cells in `\icebreaker'.
<suppressed ~3 debug messages>
Removed a total of 1 cells.

7.28.6. Executing OPT_DFF pass (perform DFF optimizations).

7.28.7. Executing OPT_CLEAN pass (remove unused cells and wires).
Finding unused cells or wires in module \icebreaker..
Removed 1 unused cells and 90 unused wires.
<suppressed ~2 debug messages>

7.28.8. Executing OPT_EXPR pass (perform const folding).
Optimizing module icebreaker.

7.28.9. Rerunning OPT passes. (Maybe there is more to do..)

7.28.10. Executing OPT_MUXTREE pass (detect dead branches in mux trees).
Running muxtree optimizer on module \icebreaker..
  Creating internal representation of mux trees.
  Evaluating internal representation of mux trees.
  Analyzing evaluation results.
Removed 0 multiplexer ports.
<suppressed ~627 debug messages>

7.28.11. Executing OPT_REDUCE pass (consolidate $*mux and $reduce_* inputs).
  Optimizing cells in module \icebreaker.
Performed a total of 0 changes.

7.28.12. Executing OPT_MERGE pass (detect identical cells).
Finding identical cells in module `\icebreaker'.
Computing hashes of 1674 cells of `\icebreaker'.
Finding duplicate cells in `\icebreaker'.
Removed a total of 0 cells.

7.28.13. Executing OPT_DFF pass (perform DFF optimizations).

7.28.14. Executing OPT_CLEAN pass (remove unused cells and wires).
Finding unused cells or wires in module \icebreaker..

7.28.15. Executing OPT_EXPR pass (perform const folding).
Optimizing module icebreaker.

7.28.16. Finished fast OPT passes. (There is nothing left to do.)

7.29. Executing MEMORY pass.

7.29.1. Executing OPT_MEM pass (optimize memories).
Performed a total of 0 transformations.

7.29.2. Executing OPT_MEM_PRIORITY pass (removing unnecessary memory write priority relations).
Performed a total of 2016 transformations.

7.29.3. Executing OPT_MEM_FEEDBACK pass (finding memory read-to-write feedback paths).

7.29.4. Executing MEMORY_BMUX2ROM pass (converting muxes to ROMs).

7.29.5. Executing MEMORY_DFF pass (merging $dff cells to $memrd).

7.29.6. Executing OPT_CLEAN pass (remove unused cells and wires).
Finding unused cells or wires in module \icebreaker..

7.29.7. Executing MEMORY_SHARE pass (consolidating $memrd/$memwr cells).
Consolidating read ports of memory icebreaker.soc.cpu.cpuregs.regs by address:
Consolidating write ports of memory icebreaker.soc.spimem_cache.cache_valid by address:
  Merging ports 0, 1 (address 6'000000).
  Merging ports 0, 2 (address 6'000000).
  Merging ports 0, 3 (address 6'000000).
  Merging ports 0, 4 (address 6'000000).
  Merging ports 0, 5 (address 6'000000).
  Merging ports 0, 6 (address 6'000000).
  Merging ports 0, 7 (address 6'000000).
  Merging ports 0, 8 (address 6'000000).
  Merging ports 0, 9 (address 6'000000).
  Merging ports 0, 10 (address 6'000000).
  Merging ports 0, 11 (address 6'000000).
  Merging ports 0, 12 (address 6'000000).
  Merging ports 0, 13 (address 6'000000).
  Merging ports 0, 14 (address 6'000000).
  Merging ports 0, 15 (address 6'000000).
  Merging ports 0, 16 (address 6'000000).
  Merging ports 0, 17 (address 6'000000).
  Merging ports 0, 18 (address 6'000000).
  Merging ports 0, 19 (address 6'000000).
  Merging ports 0, 20 (address 6'000000).
  Merging ports 0, 21 (address 6'000000).
  Merging ports 0, 22 (address 6'000000).
  Merging ports 0, 23 (address 6'000000).
  Merging ports 0, 24 (address 6'000000).
  Merging ports 0, 25 (address 6'000000).
  Merging ports 0, 26 (address 6'000000).
  Merging ports 0, 27 (address 6'000000).
  Merging ports 0, 28 (address 6'000000).
  Merging ports 0, 29 (address 6'000000).
  Merging ports 0, 30 (address 6'000000).
  Merging ports 0, 31 (address 6'000000).
  Merging ports 0, 32 (address 6'000000).
  Merging ports 34, 35 (address 6'100010).
  Merging ports 36, 37 (address 6'100100).
  Merging ports 36, 38 (address 6'100100).
  Merging ports 36, 39 (address 6'100100).
  Merging ports 40, 41 (address 6'101000).
  Merging ports 40, 42 (address 6'101000).
  Merging ports 40, 43 (address 6'101000).
  Merging ports 40, 44 (address 6'101000).
  Merging ports 40, 45 (address 6'101000).
  Merging ports 40, 46 (address 6'101000).
  Merging ports 40, 47 (address 6'101000).
  Merging ports 48, 49 (address 6'110000).
  Merging ports 48, 50 (address 6'110000).
  Merging ports 48, 51 (address 6'110000).
  Merging ports 48, 52 (address 6'110000).
  Merging ports 48, 53 (address 6'110000).
  Merging ports 48, 54 (address 6'110000).
  Merging ports 48, 55 (address 6'110000).
  Merging ports 48, 56 (address 6'110000).
  Merging ports 48, 57 (address 6'110000).
  Merging ports 48, 58 (address 6'110000).
  Merging ports 48, 59 (address 6'110000).
  Merging ports 48, 60 (address 6'110000).
  Merging ports 48, 61 (address 6'110000).
  Merging ports 48, 62 (address 6'110000).
  Merging ports 48, 63 (address 6'110000).
Consolidating write ports of memory icebreaker.soc.spimem_cache.cache_valid by address:
  Merging ports 1, 2 (address 6'100001).
  Merging ports 1, 3 (address 6'100000).
  Merging ports 1, 4 (address 6'100000).
  Merging ports 1, 5 (address 6'100000).
Consolidating write ports of memory icebreaker.soc.spimem_cache.cache_valid by address:
Consolidating write ports of memory icebreaker.soc.spimem_cache.cache_valid using sat-based resource sharing:

7.29.8. Executing OPT_MEM_WIDEN pass (optimize memories where all ports are wide).
Performed a total of 0 transformations.

7.29.9. Executing OPT_CLEAN pass (remove unused cells and wires).
Finding unused cells or wires in module \icebreaker..

7.29.10. Executing MEMORY_COLLECT pass (generating $mem cells).

7.30. Executing OPT_CLEAN pass (remove unused cells and wires).
Finding unused cells or wires in module \icebreaker..

7.31. Executing MEMORY_LIBMAP pass (mapping memories to cells).
mapping memory icebreaker.soc.cpu.cpuregs.regs via $__ICE40_RAM4K_
mapping memory icebreaker.soc.spimem_cache.cache_data via $__ICE40_RAM4K_
mapping memory icebreaker.soc.spimem_cache.cache_tag via $__ICE40_RAM4K_
using FF mapping for memory icebreaker.soc.spimem_cache.cache_valid
using FF mapping for memory icebreaker.$flatten\seven_segment_ctrl.\lsb_nibble.$auto$proc_rom.cc:155:do_switch$1621
using FF mapping for memory icebreaker.$flatten\seven_segment_ctrl.\msb_nibble.$auto$proc_rom.cc:155:do_switch$1621
<suppressed ~330 debug messages>

7.32. Executing TECHMAP pass (map to technology primitives).

7.32.1. Executing Verilog-2005 frontend: /homes/cl2033/oss-cad-suite/lib/../share/yosys/ice40/brams_map.v
Parsing Verilog input from `/homes/cl2033/oss-cad-suite/lib/../share/yosys/ice40/brams_map.v' to AST representation.
Generating RTLIL representation for module `$__ICE40_RAM4K_'.
Successfully finished Verilog frontend.

7.32.2. Executing Verilog-2005 frontend: /homes/cl2033/oss-cad-suite/lib/../share/yosys/ice40/spram_map.v
Parsing Verilog input from `/homes/cl2033/oss-cad-suite/lib/../share/yosys/ice40/spram_map.v' to AST representation.
Generating RTLIL representation for module `$__ICE40_SPRAM_'.
Successfully finished Verilog frontend.

7.32.3. Continuing TECHMAP pass.
Using template $paramod$a1f6b5309207cf102bfb625dccbd224ad06df61d$__ICE40_RAM4K_ for cells of type $__ICE40_RAM4K_.
Using template $paramod$152405ab8834e0c4f35bd7e4e60c34790a6f81fa$__ICE40_RAM4K_ for cells of type $__ICE40_RAM4K_.
No more expansions possible.
<suppressed ~61 debug messages>

7.33. Executing ICE40_BRAMINIT pass.

7.34. Executing OPT pass (performing simple optimizations).

7.34.1. Executing OPT_EXPR pass (perform const folding).
Optimizing module icebreaker.
<suppressed ~269 debug messages>

7.34.2. Executing OPT_MERGE pass (detect identical cells).
Finding identical cells in module `\icebreaker'.
Computing hashes of 1561 cells of `\icebreaker'.
Finding duplicate cells in `\icebreaker'.
Computing hashes of 1539 cells of `\icebreaker'.
Finding duplicate cells in `\icebreaker'.
<suppressed ~66 debug messages>
Removed a total of 22 cells.

7.34.3. Executing OPT_DFF pass (perform DFF optimizations).
Removing always-active EN on $auto$mem.cc:1169:emulate_transparency$8206 ($dffe) from module icebreaker.
Removing always-active EN on $auto$mem.cc:1169:emulate_transparency$8224 ($dffe) from module icebreaker.
Adding SRST signal on $auto$ff.cc:337:slice$7578 ($dffe) from module icebreaker (D = $flatten\soc.\cpu.$procmux$4668_Y, Q = \soc.cpu.mem_state, rval = 2'00).
Adding SRST signal on $auto$ff.cc:337:slice$7599 ($dffe) from module icebreaker (D = $flatten\soc.\cpu.$procmux$4726_Y, Q = \soc.cpu.mem_valid, rval = 1'0).
Removing always-active EN on $auto$mem.cc:1169:emulate_transparency$8174 ($dffe) from module icebreaker.

7.34.4. Executing OPT_CLEAN pass (remove unused cells and wires).
Finding unused cells or wires in module \icebreaker..
Removed 17 unused cells and 387 unused wires.
<suppressed ~21 debug messages>

7.34.5. Rerunning OPT passes. (Removed registers in this run.)

7.34.6. Executing OPT_EXPR pass (perform const folding).
Optimizing module icebreaker.
<suppressed ~2 debug messages>

7.34.7. Executing OPT_MERGE pass (detect identical cells).
Finding identical cells in module `\icebreaker'.
Computing hashes of 1520 cells of `\icebreaker'.
Finding duplicate cells in `\icebreaker'.
Removed a total of 0 cells.

7.34.8. Executing OPT_DFF pass (perform DFF optimizations).
Adding SRST signal on $auto$ff.cc:337:slice$7643 ($dffe) from module icebreaker (D = $auto$wreduce.cc:514:run$7868 [31], Q = \soc.cpu.genblk2.pcpi_div.divisor [62], rval = 1'0).
Handling D = Q on $auto$ff.cc:337:slice$7363 ($sdffce) from module icebreaker (conecting SRST instead).
Adding EN signal on $flatten\soc.\cpu.$procdff$5897 ($dff) from module icebreaker (D = $flatten\soc.\cpu.$0\reg_sh[4:0] [1:0], Q = \soc.cpu.reg_sh [1:0]).
Setting constant 0-bit at position 0 on $auto$ff.cc:337:slice$7363 ($dffe) from module icebreaker.
Setting constant 0-bit at position 1 on $auto$ff.cc:337:slice$7363 ($dffe) from module icebreaker.
Setting constant 1-bit at position 0 on $flatten\soc.\cpu.\genblk1.pcpi_mul.$procdff$5851 ($dff) from module icebreaker.
Setting constant 1-bit at position 1 on $flatten\soc.\cpu.\genblk1.pcpi_mul.$procdff$5851 ($dff) from module icebreaker.
Setting constant 1-bit at position 2 on $flatten\soc.\cpu.\genblk1.pcpi_mul.$procdff$5851 ($dff) from module icebreaker.
Setting constant 1-bit at position 3 on $flatten\soc.\cpu.\genblk1.pcpi_mul.$procdff$5851 ($dff) from module icebreaker.
Setting constant 1-bit at position 4 on $flatten\soc.\cpu.\genblk1.pcpi_mul.$procdff$5851 ($dff) from module icebreaker.
Setting constant 1-bit at position 5 on $flatten\soc.\cpu.\genblk1.pcpi_mul.$procdff$5851 ($dff) from module icebreaker.
Setting constant 1-bit at position 6 on $flatten\soc.\cpu.\genblk1.pcpi_mul.$procdff$5851 ($dff) from module icebreaker.
Setting constant 1-bit at position 7 on $flatten\soc.\cpu.\genblk1.pcpi_mul.$procdff$5851 ($dff) from module icebreaker.
Setting constant 1-bit at position 8 on $flatten\soc.\cpu.\genblk1.pcpi_mul.$procdff$5851 ($dff) from module icebreaker.
Setting constant 1-bit at position 9 on $flatten\soc.\cpu.\genblk1.pcpi_mul.$procdff$5851 ($dff) from module icebreaker.
Setting constant 1-bit at position 10 on $flatten\soc.\cpu.\genblk1.pcpi_mul.$procdff$5851 ($dff) from module icebreaker.
Setting constant 1-bit at position 11 on $flatten\soc.\cpu.\genblk1.pcpi_mul.$procdff$5851 ($dff) from module icebreaker.
Setting constant 1-bit at position 12 on $flatten\soc.\cpu.\genblk1.pcpi_mul.$procdff$5851 ($dff) from module icebreaker.
Setting constant 1-bit at position 13 on $flatten\soc.\cpu.\genblk1.pcpi_mul.$procdff$5851 ($dff) from module icebreaker.
Setting constant 1-bit at position 14 on $flatten\soc.\cpu.\genblk1.pcpi_mul.$procdff$5851 ($dff) from module icebreaker.
Setting constant 1-bit at position 15 on $flatten\soc.\cpu.\genblk1.pcpi_mul.$procdff$5851 ($dff) from module icebreaker.

7.34.9. Executing OPT_CLEAN pass (remove unused cells and wires).
Finding unused cells or wires in module \icebreaker..
Removed 2 unused cells and 5 unused wires.
<suppressed ~3 debug messages>

7.34.10. Rerunning OPT passes. (Removed registers in this run.)

7.34.11. Executing OPT_EXPR pass (perform const folding).
Optimizing module icebreaker.

7.34.12. Executing OPT_MERGE pass (detect identical cells).
Finding identical cells in module `\icebreaker'.
Computing hashes of 1522 cells of `\icebreaker'.
Finding duplicate cells in `\icebreaker'.
Removed a total of 0 cells.

7.34.13. Executing OPT_DFF pass (perform DFF optimizations).

7.34.14. Executing OPT_CLEAN pass (remove unused cells and wires).
Finding unused cells or wires in module \icebreaker..

7.34.15. Finished fast OPT passes.

7.35. Executing MEMORY_MAP pass (converting memories to logic and flip-flops).
Mapping memory \soc.spimem_cache.cache_valid in module \icebreaker:
  created 64 $dff cells and 0 static cells of width 1.
Extracted addr FF from read port 0 of icebreaker.soc.spimem_cache.cache_valid: $\soc.spimem_cache.cache_valid$rdreg[0]
  read interface: 1 $dff and 63 $mux cells.
  write interface: 192 write mux blocks.
Mapping memory $flatten\seven_segment_ctrl.\lsb_nibble.$auto$proc_rom.cc:155:do_switch$1621 in module \icebreaker:
  created 16 $dff cells and 0 static cells of width 7.
Extracted data FF from read port 0 of icebreaker.$flatten\seven_segment_ctrl.\lsb_nibble.$auto$proc_rom.cc:155:do_switch$1621: $$flatten\seven_segment_ctrl.\lsb_nibble.$auto$proc_rom.cc:155:do_switch$1621$rdreg[0]
  read interface: 1 $dff and 15 $mux cells.
  write interface: 0 write mux blocks.
Mapping memory $flatten\seven_segment_ctrl.\msb_nibble.$auto$proc_rom.cc:155:do_switch$1621 in module \icebreaker:
  created 16 $dff cells and 0 static cells of width 7.
Extracted data FF from read port 0 of icebreaker.$flatten\seven_segment_ctrl.\msb_nibble.$auto$proc_rom.cc:155:do_switch$1621: $$flatten\seven_segment_ctrl.\msb_nibble.$auto$proc_rom.cc:155:do_switch$1621$rdreg[0]
  read interface: 1 $dff and 15 $mux cells.
  write interface: 0 write mux blocks.

7.36. Executing OPT pass (performing simple optimizations).

7.36.1. Executing OPT_EXPR pass (perform const folding).
Optimizing module icebreaker.
<suppressed ~271 debug messages>

7.36.2. Executing OPT_MERGE pass (detect identical cells).
Finding identical cells in module `\icebreaker'.
Computing hashes of 1965 cells of `\icebreaker'.
Finding duplicate cells in `\icebreaker'.
Computing hashes of 1959 cells of `\icebreaker'.
Finding duplicate cells in `\icebreaker'.
<suppressed ~18 debug messages>
Removed a total of 6 cells.

7.36.3. Executing OPT_MUXTREE pass (detect dead branches in mux trees).
Running muxtree optimizer on module \icebreaker..
  Creating internal representation of mux trees.
  Evaluating internal representation of mux trees.
  Analyzing evaluation results.
    dead port 1/2 on $mux $flatten\soc.\spimem_cache.$procmux$5294.
    dead port 2/2 on $mux $flatten\soc.\spimem_cache.$procmux$5294.
Removed 2 multiplexer ports.
<suppressed ~762 debug messages>

7.36.4. Executing OPT_REDUCE pass (consolidate $*mux and $reduce_* inputs).
  Optimizing cells in module \icebreaker.
    Consolidated identical input bits for $mux cell $memory$flatten\seven_segment_ctrl.\msb_nibble.$auto$proc_rom.cc:155:do_switch$1621$rdmux[0][3][6]$9800:
      Old ports: A=7'0111001, B=7'1011110, Y=$memory$flatten\seven_segment_ctrl.\msb_nibble.$auto$proc_rom.cc:155:do_switch$1621$rdmux[0][2][3]$a$9780
      New ports: A=2'01, B=2'10, Y=$memory$flatten\seven_segment_ctrl.\msb_nibble.$auto$proc_rom.cc:155:do_switch$1621$rdmux[0][2][3]$a$9780 [1:0]
      New connections: $memory$flatten\seven_segment_ctrl.\msb_nibble.$auto$proc_rom.cc:155:do_switch$1621$rdmux[0][2][3]$a$9780 [6:2] = { $memory$flatten\seven_segment_ctrl.\msb_nibble.$auto$proc_rom.cc:155:do_switch$1621$rdmux[0][2][3]$a$9780 [1:0] 2'11 $memory$flatten\seven_segment_ctrl.\msb_nibble.$auto$proc_rom.cc:155:do_switch$1621$rdmux[0][2][3]$a$9780 [1] }
    Consolidated identical input bits for $mux cell $memory$flatten\seven_segment_ctrl.\msb_nibble.$auto$proc_rom.cc:155:do_switch$1621$rdmux[0][3][0]$9782:
      Old ports: A=7'0111111, B=7'0000110, Y=$memory$flatten\seven_segment_ctrl.\msb_nibble.$auto$proc_rom.cc:155:do_switch$1621$rdmux[0][2][0]$a$9771
      New ports: A=1'1, B=1'0, Y=$memory$flatten\seven_segment_ctrl.\msb_nibble.$auto$proc_rom.cc:155:do_switch$1621$rdmux[0][2][0]$a$9771 [0]
      New connections: $memory$flatten\seven_segment_ctrl.\msb_nibble.$auto$proc_rom.cc:155:do_switch$1621$rdmux[0][2][0]$a$9771 [6:1] = { 1'0 $memory$flatten\seven_segment_ctrl.\msb_nibble.$auto$proc_rom.cc:155:do_switch$1621$rdmux[0][2][0]$a$9771 [0] $memory$flatten\seven_segment_ctrl.\msb_nibble.$auto$proc_rom.cc:155:do_switch$1621$rdmux[0][2][0]$a$9771 [0] $memory$flatten\seven_segment_ctrl.\msb_nibble.$auto$proc_rom.cc:155:do_switch$1621$rdmux[0][2][0]$a$9771 [0] 2'11 }
    Consolidated identical input bits for $mux cell $memory$flatten\seven_segment_ctrl.\msb_nibble.$auto$proc_rom.cc:155:do_switch$1621$rdmux[0][3][5]$9797:
      Old ports: A=7'1110111, B=7'1111100, Y=$memory$flatten\seven_segment_ctrl.\msb_nibble.$auto$proc_rom.cc:155:do_switch$1621$rdmux[0][2][2]$b$9778
      New ports: A=2'01, B=2'10, Y={ $memory$flatten\seven_segment_ctrl.\msb_nibble.$auto$proc_rom.cc:155:do_switch$1621$rdmux[0][2][2]$b$9778 [3] $memory$flatten\seven_segment_ctrl.\msb_nibble.$auto$proc_rom.cc:155:do_switch$1621$rdmux[0][2][2]$b$9778 [0] }
      New connections: { $memory$flatten\seven_segment_ctrl.\msb_nibble.$auto$proc_rom.cc:155:do_switch$1621$rdmux[0][2][2]$b$9778 [6:4] $memory$flatten\seven_segment_ctrl.\msb_nibble.$auto$proc_rom.cc:155:do_switch$1621$rdmux[0][2][2]$b$9778 [2:1] } = { 4'1111 $memory$flatten\seven_segment_ctrl.\msb_nibble.$auto$proc_rom.cc:155:do_switch$1621$rdmux[0][2][2]$b$9778 [0] }
    Consolidated identical input bits for $mux cell $memory$flatten\seven_segment_ctrl.\lsb_nibble.$auto$proc_rom.cc:155:do_switch$1621$rdmux[0][3][3]$9746:
      Old ports: A=7'1111101, B=7'0000111, Y=$memory$flatten\seven_segment_ctrl.\lsb_nibble.$auto$proc_rom.cc:155:do_switch$1621$rdmux[0][2][1]$b$9730
      New ports: A=2'10, B=2'01, Y={ $memory$flatten\seven_segment_ctrl.\lsb_nibble.$auto$proc_rom.cc:155:do_switch$1621$rdmux[0][2][1]$b$9730 [3] $memory$flatten\seven_segment_ctrl.\lsb_nibble.$auto$proc_rom.cc:155:do_switch$1621$rdmux[0][2][1]$b$9730 [1] }
      New connections: { $memory$flatten\seven_segment_ctrl.\lsb_nibble.$auto$proc_rom.cc:155:do_switch$1621$rdmux[0][2][1]$b$9730 [6:4] $memory$flatten\seven_segment_ctrl.\lsb_nibble.$auto$proc_rom.cc:155:do_switch$1621$rdmux[0][2][1]$b$9730 [2] $memory$flatten\seven_segment_ctrl.\lsb_nibble.$auto$proc_rom.cc:155:do_switch$1621$rdmux[0][2][1]$b$9730 [0] } = { $memory$flatten\seven_segment_ctrl.\lsb_nibble.$auto$proc_rom.cc:155:do_switch$1621$rdmux[0][2][1]$b$9730 [3] $memory$flatten\seven_segment_ctrl.\lsb_nibble.$auto$proc_rom.cc:155:do_switch$1621$rdmux[0][2][1]$b$9730 [3] $memory$flatten\seven_segment_ctrl.\lsb_nibble.$auto$proc_rom.cc:155:do_switch$1621$rdmux[0][2][1]$b$9730 [3] 2'11 }
    Consolidated identical input bits for $mux cell $memory$flatten\seven_segment_ctrl.\lsb_nibble.$auto$proc_rom.cc:155:do_switch$1621$rdmux[0][3][5]$9752:
      Old ports: A=7'1110111, B=7'1111100, Y=$memory$flatten\seven_segment_ctrl.\lsb_nibble.$auto$proc_rom.cc:155:do_switch$1621$rdmux[0][2][2]$b$9733
      New ports: A=2'01, B=2'10, Y={ $memory$flatten\seven_segment_ctrl.\lsb_nibble.$auto$proc_rom.cc:155:do_switch$1621$rdmux[0][2][2]$b$9733 [3] $memory$flatten\seven_segment_ctrl.\lsb_nibble.$auto$proc_rom.cc:155:do_switch$1621$rdmux[0][2][2]$b$9733 [0] }
      New connections: { $memory$flatten\seven_segment_ctrl.\lsb_nibble.$auto$proc_rom.cc:155:do_switch$1621$rdmux[0][2][2]$b$9733 [6:4] $memory$flatten\seven_segment_ctrl.\lsb_nibble.$auto$proc_rom.cc:155:do_switch$1621$rdmux[0][2][2]$b$9733 [2:1] } = { 4'1111 $memory$flatten\seven_segment_ctrl.\lsb_nibble.$auto$proc_rom.cc:155:do_switch$1621$rdmux[0][2][2]$b$9733 [0] }
    Consolidated identical input bits for $mux cell $memory$flatten\seven_segment_ctrl.\lsb_nibble.$auto$proc_rom.cc:155:do_switch$1621$rdmux[0][3][4]$9749:
      Old ports: A=7'1111111, B=7'1101111, Y=$memory$flatten\seven_segment_ctrl.\lsb_nibble.$auto$proc_rom.cc:155:do_switch$1621$rdmux[0][2][2]$a$9732
      New ports: A=1'1, B=1'0, Y=$memory$flatten\seven_segment_ctrl.\lsb_nibble.$auto$proc_rom.cc:155:do_switch$1621$rdmux[0][2][2]$a$9732 [4]
      New connections: { $memory$flatten\seven_segment_ctrl.\lsb_nibble.$auto$proc_rom.cc:155:do_switch$1621$rdmux[0][2][2]$a$9732 [6:5] $memory$flatten\seven_segment_ctrl.\lsb_nibble.$auto$proc_rom.cc:155:do_switch$1621$rdmux[0][2][2]$a$9732 [3:0] } = 6'111111
    Consolidated identical input bits for $mux cell $memory$flatten\seven_segment_ctrl.\lsb_nibble.$auto$proc_rom.cc:155:do_switch$1621$rdmux[0][3][6]$9755:
      Old ports: A=7'0111001, B=7'1011110, Y=$memory$flatten\seven_segment_ctrl.\lsb_nibble.$auto$proc_rom.cc:155:do_switch$1621$rdmux[0][2][3]$a$9735
      New ports: A=2'01, B=2'10, Y=$memory$flatten\seven_segment_ctrl.\lsb_nibble.$auto$proc_rom.cc:155:do_switch$1621$rdmux[0][2][3]$a$9735 [1:0]
      New connections: $memory$flatten\seven_segment_ctrl.\lsb_nibble.$auto$proc_rom.cc:155:do_switch$1621$rdmux[0][2][3]$a$9735 [6:2] = { $memory$flatten\seven_segment_ctrl.\lsb_nibble.$auto$proc_rom.cc:155:do_switch$1621$rdmux[0][2][3]$a$9735 [1:0] 2'11 $memory$flatten\seven_segment_ctrl.\lsb_nibble.$auto$proc_rom.cc:155:do_switch$1621$rdmux[0][2][3]$a$9735 [1] }
    Consolidated identical input bits for $mux cell $memory$flatten\seven_segment_ctrl.\lsb_nibble.$auto$proc_rom.cc:155:do_switch$1621$rdmux[0][3][0]$9737:
      Old ports: A=7'0111111, B=7'0000110, Y=$memory$flatten\seven_segment_ctrl.\lsb_nibble.$auto$proc_rom.cc:155:do_switch$1621$rdmux[0][2][0]$a$9726
      New ports: A=1'1, B=1'0, Y=$memory$flatten\seven_segment_ctrl.\lsb_nibble.$auto$proc_rom.cc:155:do_switch$1621$rdmux[0][2][0]$a$9726 [0]
      New connections: $memory$flatten\seven_segment_ctrl.\lsb_nibble.$auto$proc_rom.cc:155:do_switch$1621$rdmux[0][2][0]$a$9726 [6:1] = { 1'0 $memory$flatten\seven_segment_ctrl.\lsb_nibble.$auto$proc_rom.cc:155:do_switch$1621$rdmux[0][2][0]$a$9726 [0] $memory$flatten\seven_segment_ctrl.\lsb_nibble.$auto$proc_rom.cc:155:do_switch$1621$rdmux[0][2][0]$a$9726 [0] $memory$flatten\seven_segment_ctrl.\lsb_nibble.$auto$proc_rom.cc:155:do_switch$1621$rdmux[0][2][0]$a$9726 [0] 2'11 }
    Consolidated identical input bits for $mux cell $memory$flatten\seven_segment_ctrl.\lsb_nibble.$auto$proc_rom.cc:155:do_switch$1621$rdmux[0][3][1]$9740:
      Old ports: A=7'1011011, B=7'1001111, Y=$memory$flatten\seven_segment_ctrl.\lsb_nibble.$auto$proc_rom.cc:155:do_switch$1621$rdmux[0][2][0]$b$9727
      New ports: A=2'10, B=2'01, Y={ $memory$flatten\seven_segment_ctrl.\lsb_nibble.$auto$proc_rom.cc:155:do_switch$1621$rdmux[0][2][0]$b$9727 [4] $memory$flatten\seven_segment_ctrl.\lsb_nibble.$auto$proc_rom.cc:155:do_switch$1621$rdmux[0][2][0]$b$9727 [2] }
      New connections: { $memory$flatten\seven_segment_ctrl.\lsb_nibble.$auto$proc_rom.cc:155:do_switch$1621$rdmux[0][2][0]$b$9727 [6:5] $memory$flatten\seven_segment_ctrl.\lsb_nibble.$auto$proc_rom.cc:155:do_switch$1621$rdmux[0][2][0]$b$9727 [3] $memory$flatten\seven_segment_ctrl.\lsb_nibble.$auto$proc_rom.cc:155:do_switch$1621$rdmux[0][2][0]$b$9727 [1:0] } = 5'10111
    Consolidated identical input bits for $mux cell $memory$flatten\seven_segment_ctrl.\msb_nibble.$auto$proc_rom.cc:155:do_switch$1621$rdmux[0][3][4]$9794:
      Old ports: A=7'1111111, B=7'1101111, Y=$memory$flatten\seven_segment_ctrl.\msb_nibble.$auto$proc_rom.cc:155:do_switch$1621$rdmux[0][2][2]$a$9777
      New ports: A=1'1, B=1'0, Y=$memory$flatten\seven_segment_ctrl.\msb_nibble.$auto$proc_rom.cc:155:do_switch$1621$rdmux[0][2][2]$a$9777 [4]
      New connections: { $memory$flatten\seven_segment_ctrl.\msb_nibble.$auto$proc_rom.cc:155:do_switch$1621$rdmux[0][2][2]$a$9777 [6:5] $memory$flatten\seven_segment_ctrl.\msb_nibble.$auto$proc_rom.cc:155:do_switch$1621$rdmux[0][2][2]$a$9777 [3:0] } = 6'111111
    Consolidated identical input bits for $mux cell $memory$flatten\seven_segment_ctrl.\lsb_nibble.$auto$proc_rom.cc:155:do_switch$1621$rdmux[0][3][2]$9743:
      Old ports: A=7'1100110, B=7'1101101, Y=$memory$flatten\seven_segment_ctrl.\lsb_nibble.$auto$proc_rom.cc:155:do_switch$1621$rdmux[0][2][1]$a$9729
      New ports: A=2'10, B=2'01, Y=$memory$flatten\seven_segment_ctrl.\lsb_nibble.$auto$proc_rom.cc:155:do_switch$1621$rdmux[0][2][1]$a$9729 [1:0]
      New connections: $memory$flatten\seven_segment_ctrl.\lsb_nibble.$auto$proc_rom.cc:155:do_switch$1621$rdmux[0][2][1]$a$9729 [6:2] = { 3'110 $memory$flatten\seven_segment_ctrl.\lsb_nibble.$auto$proc_rom.cc:155:do_switch$1621$rdmux[0][2][1]$a$9729 [0] 1'1 }
    Consolidated identical input bits for $mux cell $memory$flatten\seven_segment_ctrl.\msb_nibble.$auto$proc_rom.cc:155:do_switch$1621$rdmux[0][3][3]$9791:
      Old ports: A=7'1111101, B=7'0000111, Y=$memory$flatten\seven_segment_ctrl.\msb_nibble.$auto$proc_rom.cc:155:do_switch$1621$rdmux[0][2][1]$b$9775
      New ports: A=2'10, B=2'01, Y={ $memory$flatten\seven_segment_ctrl.\msb_nibble.$auto$proc_rom.cc:155:do_switch$1621$rdmux[0][2][1]$b$9775 [3] $memory$flatten\seven_segment_ctrl.\msb_nibble.$auto$proc_rom.cc:155:do_switch$1621$rdmux[0][2][1]$b$9775 [1] }
      New connections: { $memory$flatten\seven_segment_ctrl.\msb_nibble.$auto$proc_rom.cc:155:do_switch$1621$rdmux[0][2][1]$b$9775 [6:4] $memory$flatten\seven_segment_ctrl.\msb_nibble.$auto$proc_rom.cc:155:do_switch$1621$rdmux[0][2][1]$b$9775 [2] $memory$flatten\seven_segment_ctrl.\msb_nibble.$auto$proc_rom.cc:155:do_switch$1621$rdmux[0][2][1]$b$9775 [0] } = { $memory$flatten\seven_segment_ctrl.\msb_nibble.$auto$proc_rom.cc:155:do_switch$1621$rdmux[0][2][1]$b$9775 [3] $memory$flatten\seven_segment_ctrl.\msb_nibble.$auto$proc_rom.cc:155:do_switch$1621$rdmux[0][2][1]$b$9775 [3] $memory$flatten\seven_segment_ctrl.\msb_nibble.$auto$proc_rom.cc:155:do_switch$1621$rdmux[0][2][1]$b$9775 [3] 2'11 }
    Consolidated identical input bits for $mux cell $memory$flatten\seven_segment_ctrl.\msb_nibble.$auto$proc_rom.cc:155:do_switch$1621$rdmux[0][3][2]$9788:
      Old ports: A=7'1100110, B=7'1101101, Y=$memory$flatten\seven_segment_ctrl.\msb_nibble.$auto$proc_rom.cc:155:do_switch$1621$rdmux[0][2][1]$a$9774
      New ports: A=2'10, B=2'01, Y=$memory$flatten\seven_segment_ctrl.\msb_nibble.$auto$proc_rom.cc:155:do_switch$1621$rdmux[0][2][1]$a$9774 [1:0]
      New connections: $memory$flatten\seven_segment_ctrl.\msb_nibble.$auto$proc_rom.cc:155:do_switch$1621$rdmux[0][2][1]$a$9774 [6:2] = { 3'110 $memory$flatten\seven_segment_ctrl.\msb_nibble.$auto$proc_rom.cc:155:do_switch$1621$rdmux[0][2][1]$a$9774 [0] 1'1 }
    Consolidated identical input bits for $mux cell $memory$flatten\seven_segment_ctrl.\msb_nibble.$auto$proc_rom.cc:155:do_switch$1621$rdmux[0][3][1]$9785:
      Old ports: A=7'1011011, B=7'1001111, Y=$memory$flatten\seven_segment_ctrl.\msb_nibble.$auto$proc_rom.cc:155:do_switch$1621$rdmux[0][2][0]$b$9772
      New ports: A=2'10, B=2'01, Y={ $memory$flatten\seven_segment_ctrl.\msb_nibble.$auto$proc_rom.cc:155:do_switch$1621$rdmux[0][2][0]$b$9772 [4] $memory$flatten\seven_segment_ctrl.\msb_nibble.$auto$proc_rom.cc:155:do_switch$1621$rdmux[0][2][0]$b$9772 [2] }
      New connections: { $memory$flatten\seven_segment_ctrl.\msb_nibble.$auto$proc_rom.cc:155:do_switch$1621$rdmux[0][2][0]$b$9772 [6:5] $memory$flatten\seven_segment_ctrl.\msb_nibble.$auto$proc_rom.cc:155:do_switch$1621$rdmux[0][2][0]$b$9772 [3] $memory$flatten\seven_segment_ctrl.\msb_nibble.$auto$proc_rom.cc:155:do_switch$1621$rdmux[0][2][0]$b$9772 [1:0] } = 5'10111
    Consolidated identical input bits for $mux cell $flatten\soc.\cpu.$ternary$../picorv32.v:1546$1356:
      Old ports: A=3'011, B=3'100, Y=$auto$wreduce.cc:514:run$7870 [2:0]
      New ports: A=2'01, B=2'10, Y={ $auto$wreduce.cc:514:run$7870 [2] $auto$wreduce.cc:514:run$7870 [0] }
      New connections: $auto$wreduce.cc:514:run$7870 [1] = $auto$wreduce.cc:514:run$7870 [0]
    Consolidated identical input bits for $mux cell $flatten\soc.\cpu.$ternary$../picorv32.v:1541$1354:
      Old ports: A=2'00, B=2'10, Y=$flatten\soc.\cpu.$ternary$../picorv32.v:1541$1354_Y
      New ports: A=1'0, B=1'1, Y=$flatten\soc.\cpu.$ternary$../picorv32.v:1541$1354_Y [1]
      New connections: $flatten\soc.\cpu.$ternary$../picorv32.v:1541$1354_Y [0] = 1'0
    New ctrl vector for $pmux cell $flatten\soc.\cpu.$procmux$3426: { $auto$opt_reduce.cc:137:opt_pmux$9807 $auto$opt_reduce.cc:137:opt_pmux$6252 }
    Consolidated identical input bits for $mux cell $flatten\soc.\cpu.$ternary$../picorv32.v:617$962:
      Old ports: A=2'11, B=2'00, Y=$flatten\soc.\cpu.$procmux$4674_Y
      New ports: A=1'1, B=1'0, Y=$flatten\soc.\cpu.$procmux$4674_Y [0]
      New connections: $flatten\soc.\cpu.$procmux$4674_Y [1] = $flatten\soc.\cpu.$procmux$4674_Y [0]
    Consolidated identical input bits for $mux cell $flatten\soc.\cpu.$ternary$../picorv32.v:411$902:
      Old ports: A=4'0011, B=4'1100, Y=$flatten\soc.\cpu.$ternary$../picorv32.v:411$902_Y
      New ports: A=2'01, B=2'10, Y={ $flatten\soc.\cpu.$ternary$../picorv32.v:411$902_Y [2] $flatten\soc.\cpu.$ternary$../picorv32.v:411$902_Y [0] }
      New connections: { $flatten\soc.\cpu.$ternary$../picorv32.v:411$902_Y [3] $flatten\soc.\cpu.$ternary$../picorv32.v:411$902_Y [1] } = { $flatten\soc.\cpu.$ternary$../picorv32.v:411$902_Y [2] $flatten\soc.\cpu.$ternary$../picorv32.v:411$902_Y [0] }
    Consolidated identical input bits for $mux cell $flatten\soc.\cpu.$ternary$../picorv32.v:382$887:
      Old ports: A={ \soc.cpu.reg_op1 [31:2] 2'00 }, B={ \soc.cpu.next_pc [31:2] 2'00 }, Y=\soc.cpu.mem_la_addr
      New ports: A=\soc.cpu.reg_op1 [31:2], B=\soc.cpu.next_pc [31:2], Y=\soc.cpu.mem_la_addr [31:2]
      New connections: \soc.cpu.mem_la_addr [1:0] = 2'00
    New ctrl vector for $pmux cell $flatten\soc.\cpu.$procmux$3634: { \soc.cpu.cpu_state [4] $auto$opt_reduce.cc:137:opt_pmux$9809 }
    Consolidated identical input bits for $mux cell $flatten\soc.\cpu.$procmux$3684:
      Old ports: A={ $flatten\soc.\cpu.$add$../picorv32.v:1552$1362_Y [31:2] $auto$alumacc.cc:528:replace_alu$8069 [1] $auto$alumacc.cc:528:replace_alu$8063 [0] }, B={ $flatten\soc.\cpu.$add$../picorv32.v:1569$1366_Y [31:1] $auto$alumacc.cc:528:replace_alu$8063 [0] }, Y=$flatten\soc.\cpu.$procmux$3684_Y
      New ports: A={ $flatten\soc.\cpu.$add$../picorv32.v:1552$1362_Y [31:2] $auto$alumacc.cc:528:replace_alu$8069 [1] }, B=$flatten\soc.\cpu.$add$../picorv32.v:1569$1366_Y [31:1], Y=$flatten\soc.\cpu.$procmux$3684_Y [31:1]
      New connections: $flatten\soc.\cpu.$procmux$3684_Y [0] = $auto$alumacc.cc:528:replace_alu$8063 [0]
    Consolidated identical input bits for $pmux cell $flatten\soc.\cpu.$procmux$2860:
      Old ports: A=\soc.cpu.mem_rdata_word, B={ \soc.cpu.mem_rdata_word [15] \soc.cpu.mem_rdata_word [15] \soc.cpu.mem_rdata_word [15] \soc.cpu.mem_rdata_word [15] \soc.cpu.mem_rdata_word [15] \soc.cpu.mem_rdata_word [15] \soc.cpu.mem_rdata_word [15] \soc.cpu.mem_rdata_word [15] \soc.cpu.mem_rdata_word [15] \soc.cpu.mem_rdata_word [15] \soc.cpu.mem_rdata_word [15] \soc.cpu.mem_rdata_word [15] \soc.cpu.mem_rdata_word [15] \soc.cpu.mem_rdata_word [15] \soc.cpu.mem_rdata_word [15] \soc.cpu.mem_rdata_word [15] \soc.cpu.mem_rdata_word [15:0] \soc.cpu.mem_rdata_word [7] \soc.cpu.mem_rdata_word [7] \soc.cpu.mem_rdata_word [7] \soc.cpu.mem_rdata_word [7] \soc.cpu.mem_rdata_word [7] \soc.cpu.mem_rdata_word [7] \soc.cpu.mem_rdata_word [7] \soc.cpu.mem_rdata_word [7] \soc.cpu.mem_rdata_word [7] \soc.cpu.mem_rdata_word [7] \soc.cpu.mem_rdata_word [7] \soc.cpu.mem_rdata_word [7] \soc.cpu.mem_rdata_word [7] \soc.cpu.mem_rdata_word [7] \soc.cpu.mem_rdata_word [7] \soc.cpu.mem_rdata_word [7] \soc.cpu.mem_rdata_word [7] \soc.cpu.mem_rdata_word [7] \soc.cpu.mem_rdata_word [7] \soc.cpu.mem_rdata_word [7] \soc.cpu.mem_rdata_word [7] \soc.cpu.mem_rdata_word [7] \soc.cpu.mem_rdata_word [7] \soc.cpu.mem_rdata_word [7] \soc.cpu.mem_rdata_word [7:0] }, Y=$flatten\soc.\cpu.$procmux$2860_Y
      New ports: A=\soc.cpu.mem_rdata_word [31:8], B={ \soc.cpu.mem_rdata_word [15] \soc.cpu.mem_rdata_word [15] \soc.cpu.mem_rdata_word [15] \soc.cpu.mem_rdata_word [15] \soc.cpu.mem_rdata_word [15] \soc.cpu.mem_rdata_word [15] \soc.cpu.mem_rdata_word [15] \soc.cpu.mem_rdata_word [15] \soc.cpu.mem_rdata_word [15] \soc.cpu.mem_rdata_word [15] \soc.cpu.mem_rdata_word [15] \soc.cpu.mem_rdata_word [15] \soc.cpu.mem_rdata_word [15] \soc.cpu.mem_rdata_word [15] \soc.cpu.mem_rdata_word [15] \soc.cpu.mem_rdata_word [15] \soc.cpu.mem_rdata_word [15:7] \soc.cpu.mem_rdata_word [7] \soc.cpu.mem_rdata_word [7] \soc.cpu.mem_rdata_word [7] \soc.cpu.mem_rdata_word [7] \soc.cpu.mem_rdata_word [7] \soc.cpu.mem_rdata_word [7] \soc.cpu.mem_rdata_word [7] \soc.cpu.mem_rdata_word [7] \soc.cpu.mem_rdata_word [7] \soc.cpu.mem_rdata_word [7] \soc.cpu.mem_rdata_word [7] \soc.cpu.mem_rdata_word [7] \soc.cpu.mem_rdata_word [7] \soc.cpu.mem_rdata_word [7] \soc.cpu.mem_rdata_word [7] \soc.cpu.mem_rdata_word [7] \soc.cpu.mem_rdata_word [7] \soc.cpu.mem_rdata_word [7] \soc.cpu.mem_rdata_word [7] \soc.cpu.mem_rdata_word [7] \soc.cpu.mem_rdata_word [7] \soc.cpu.mem_rdata_word [7] \soc.cpu.mem_rdata_word [7] }, Y=$flatten\soc.\cpu.$procmux$2860_Y [31:8]
      New connections: $flatten\soc.\cpu.$procmux$2860_Y [7:0] = \soc.cpu.mem_rdata_word [7:0]
    Consolidated identical input bits for $mux cell $flatten\soc.\spimemio.\xfer.$procmux$1899:
      Old ports: A=\soc.spimemio.xfer.count, B={ $flatten\soc.\spimemio.\xfer.$sub$spimemio.v:524$1527_Y [3:1] \soc.spimemio.xfer.count [0] }, Y=$flatten\soc.\spimemio.\xfer.$5\next_count[3:0]
      New ports: A=\soc.spimemio.xfer.count [3:1], B=$flatten\soc.\spimemio.\xfer.$sub$spimemio.v:524$1527_Y [3:1], Y=$flatten\soc.\spimemio.\xfer.$5\next_count[3:0] [3:1]
      New connections: $flatten\soc.\spimemio.\xfer.$5\next_count[3:0] [0] = \soc.spimemio.xfer.count [0]
    Consolidated identical input bits for $mux cell $flatten\soc.\spimemio.\xfer.$procmux$1940:
      Old ports: A=\soc.spimemio.xfer.count, B={ $flatten\soc.\spimemio.\xfer.$sub$spimemio.v:491$1515_Y [3:2] \soc.spimemio.xfer.count [1:0] }, Y=$flatten\soc.\spimemio.\xfer.$4\next_count[3:0]
      New ports: A=\soc.spimemio.xfer.count [3:2], B=$flatten\soc.\spimemio.\xfer.$sub$spimemio.v:491$1515_Y [3:2], Y=$flatten\soc.\spimemio.\xfer.$4\next_count[3:0] [3:2]
      New connections: $flatten\soc.\spimemio.\xfer.$4\next_count[3:0] [1:0] = \soc.spimemio.xfer.count [1:0]
    New ctrl vector for $pmux cell $flatten\soc.\spimemio.\xfer.$procmux$2028: { $flatten\soc.\spimemio.\xfer.$procmux$1906_CMP $auto$opt_reduce.cc:137:opt_pmux$9811 }
    Consolidated identical input bits for $pmux cell $flatten\soc.\spimemio.\xfer.$procmux$2038:
      Old ports: A={ \soc.spimemio.xfer.obuffer [5:0] 2'00 }, B={ \soc.spimemio.xfer.obuffer [6:0] 1'0 \soc.spimemio.xfer.obuffer [3:0] 4'0000 \soc.spimemio.xfer.obuffer [3:0] 4'0000 }, Y=\soc.spimemio.xfer.next_obuffer
      New ports: A={ \soc.spimemio.xfer.obuffer [5:0] 1'0 }, B={ \soc.spimemio.xfer.obuffer [6:0] \soc.spimemio.xfer.obuffer [3:0] 3'000 \soc.spimemio.xfer.obuffer [3:0] 3'000 }, Y=\soc.spimemio.xfer.next_obuffer [7:1]
      New connections: \soc.spimemio.xfer.next_obuffer [0] = 1'0
    New ctrl vector for $pmux cell $flatten\soc.\spimemio.\xfer.$procmux$2038: { $flatten\soc.\spimemio.\xfer.$procmux$1906_CMP $auto$opt_reduce.cc:137:opt_pmux$9813 }
    Consolidated identical input bits for $pmux cell $flatten\soc.\cpu.$procmux$4987:
      Old ports: A=\soc.cpu.reg_op2, B={ \soc.cpu.reg_op2 [15:0] \soc.cpu.reg_op2 [15:0] \soc.cpu.reg_op2 [7:0] \soc.cpu.reg_op2 [7:0] \soc.cpu.reg_op2 [7:0] \soc.cpu.reg_op2 [7:0] }, Y=\soc.cpu.mem_la_wdata
      New ports: A=\soc.cpu.reg_op2 [31:8], B={ \soc.cpu.reg_op2 [15:0] \soc.cpu.reg_op2 [15:0] \soc.cpu.reg_op2 [7:0] \soc.cpu.reg_op2 [7:0] }, Y=\soc.cpu.mem_la_wdata [31:8]
      New connections: \soc.cpu.mem_la_wdata [7:0] = \soc.cpu.reg_op2 [7:0]
    Consolidated identical input bits for $pmux cell $flatten\soc.\cpu.$procmux$4962:
      Old ports: A={ 24'000000000000000000000000 \soc.cpu.mem_rdata [7:0] }, B={ 24'000000000000000000000000 \soc.cpu.mem_rdata [15:8] 24'000000000000000000000000 \soc.cpu.mem_rdata [23:16] 24'000000000000000000000000 \soc.cpu.mem_rdata [31:24] }, Y=$flatten\soc.\cpu.$3\mem_rdata_word[31:0]
      New ports: A=\soc.cpu.mem_rdata [7:0], B={ \soc.cpu.mem_rdata [15:8] \soc.cpu.mem_rdata [23:16] \soc.cpu.mem_rdata [31:24] }, Y=$flatten\soc.\cpu.$3\mem_rdata_word[31:0] [7:0]
      New connections: $flatten\soc.\cpu.$3\mem_rdata_word[31:0] [31:8] = 24'000000000000000000000000
    Consolidated identical input bits for $mux cell $flatten\soc.\cpu.$procmux$4971:
      Old ports: A={ 16'0000000000000000 \soc.cpu.mem_rdata [15:0] }, B={ 16'0000000000000000 \soc.cpu.mem_rdata [31:16] }, Y=$flatten\soc.\cpu.$2\mem_rdata_word[31:0]
      New ports: A=\soc.cpu.mem_rdata [15:0], B=\soc.cpu.mem_rdata [31:16], Y=$flatten\soc.\cpu.$2\mem_rdata_word[31:0] [15:0]
      New connections: $flatten\soc.\cpu.$2\mem_rdata_word[31:0] [31:16] = 16'0000000000000000
    Consolidated identical input bits for $pmux cell $flatten\soc.\spimemio.$procmux$5612:
      Old ports: A=8'11101101, B=24'111010111011101100000011, Y=$flatten\soc.\spimemio.$procmux$5612_Y
      New ports: A=5'10110, B=15'101010110100001, Y={ $flatten\soc.\spimemio.$procmux$5612_Y [6] $flatten\soc.\spimemio.$procmux$5612_Y [4:1] }
      New connections: { $flatten\soc.\spimemio.$procmux$5612_Y [7] $flatten\soc.\spimemio.$procmux$5612_Y [5] $flatten\soc.\spimemio.$procmux$5612_Y [0] } = { $flatten\soc.\spimemio.$procmux$5612_Y [3] $flatten\soc.\spimemio.$procmux$5612_Y [3] 1'1 }
    New ctrl vector for $pmux cell $flatten\soc.\cpu.$procmux$3116: { \soc.cpu.cpu_state [3] $auto$opt_reduce.cc:137:opt_pmux$9815 }
    Consolidated identical input bits for $mux cell $flatten\soc.\spimemio.$procmux$5605:
      Old ports: A={ \soc.cpu.mem_addr [7:6] \soc.spimem_cache.gen_multi.fill_count 2'00 }, B=8'00000000, Y=$flatten\soc.\spimemio.$procmux$5605_Y
      New ports: A={ \soc.cpu.mem_addr [7:6] \soc.spimem_cache.gen_multi.fill_count }, B=6'000000, Y=$flatten\soc.\spimemio.$procmux$5605_Y [7:2]
      New connections: $flatten\soc.\spimemio.$procmux$5605_Y [1:0] = 2'00
    Consolidated identical input bits for $pmux cell $flatten\soc.\spimemio.$procmux$5581:
      Old ports: A=4'0000, B=20'00000001001000110100, Y=$flatten\soc.\spimemio.$procmux$5581_Y
      New ports: A=3'000, B=15'000001010011100, Y=$flatten\soc.\spimemio.$procmux$5581_Y [2:0]
      New connections: $flatten\soc.\spimemio.$procmux$5581_Y [3] = 1'0
    New ctrl vector for $pmux cell $flatten\soc.\spimemio.$procmux$5581: { \soc.spimemio.state [8] \soc.spimemio.state [5] \soc.spimemio.state [11] \soc.spimemio.state [3] }
    Consolidated identical input bits for $mux cell $flatten\soc.\cpu.$procmux$3690:
      Old ports: A={ $flatten\soc.\cpu.$3\current_pc[31:0] [31:2] $auto$alumacc.cc:528:replace_alu$8069 [1] $auto$alumacc.cc:528:replace_alu$8063 [0] }, B={ $flatten\soc.\cpu.$add$../picorv32.v:1552$1362_Y [31:2] $auto$alumacc.cc:528:replace_alu$8069 [1] $auto$alumacc.cc:528:replace_alu$8063 [0] }, Y=$flatten\soc.\cpu.$procmux$3690_Y
      New ports: A=$flatten\soc.\cpu.$3\current_pc[31:0] [31:2], B=$flatten\soc.\cpu.$add$../picorv32.v:1552$1362_Y [31:2], Y=$flatten\soc.\cpu.$procmux$3690_Y [31:2]
      New connections: $flatten\soc.\cpu.$procmux$3690_Y [1:0] = { $auto$alumacc.cc:528:replace_alu$8069 [1] $auto$alumacc.cc:528:replace_alu$8063 [0] }
    New ctrl vector for $pmux cell $flatten\soc.\cpu.$procmux$4668: { $flatten\soc.\cpu.$procmux$4678_CMP $auto$opt_reduce.cc:137:opt_pmux$9817 }
    Consolidated identical input bits for $mux cell $flatten\soc.\spimemio.$ternary$spimemio.v:316$553:
      Old ports: A=7'1111111, B=7'0100101, Y=$auto$wreduce.cc:514:run$7871 [6:0]
      New ports: A=1'1, B=1'0, Y=$auto$wreduce.cc:514:run$7871 [1]
      New connections: { $auto$wreduce.cc:514:run$7871 [6:2] $auto$wreduce.cc:514:run$7871 [0] } = { $auto$wreduce.cc:514:run$7871 [1] 1'1 $auto$wreduce.cc:514:run$7871 [1] $auto$wreduce.cc:514:run$7871 [1] 2'11 }
    Consolidated identical input bits for $mux cell $flatten\soc.\spimemio.$ternary$spimemio.v:226$548:
      Old ports: A={ \soc.cpu.mem_addr [23:6] \soc.spimem_cache.gen_multi.fill_count 2'00 }, B={ $auto$wreduce.cc:514:run$7873 [23:2] 2'00 }, Y=$auto$wreduce.cc:514:run$7872 [23:0]
      New ports: A={ \soc.cpu.mem_addr [23:6] \soc.spimem_cache.gen_multi.fill_count }, B=$auto$wreduce.cc:514:run$7873 [23:2], Y=$auto$wreduce.cc:514:run$7872 [23:2]
      New connections: $auto$wreduce.cc:514:run$7872 [1:0] = 2'00
    Consolidated identical input bits for $mux cell $flatten\soc.\simpleuart.$ternary$simpleuart.v:53$481:
      Old ports: A=32'11111111111111111111111111111111, B={ 24'000000000000000000000000 \soc.simpleuart.recv_buf_data }, Y=\soc.simpleuart_reg_dat_do
      New ports: A=9'111111111, B={ 1'0 \soc.simpleuart.recv_buf_data }, Y=\soc.simpleuart_reg_dat_do [8:0]
      New connections: \soc.simpleuart_reg_dat_do [31:9] = { \soc.simpleuart_reg_dat_do [8] \soc.simpleuart_reg_dat_do [8] \soc.simpleuart_reg_dat_do [8] \soc.simpleuart_reg_dat_do [8] \soc.simpleuart_reg_dat_do [8] \soc.simpleuart_reg_dat_do [8] \soc.simpleuart_reg_dat_do [8] \soc.simpleuart_reg_dat_do [8] \soc.simpleuart_reg_dat_do [8] \soc.simpleuart_reg_dat_do [8] \soc.simpleuart_reg_dat_do [8] \soc.simpleuart_reg_dat_do [8] \soc.simpleuart_reg_dat_do [8] \soc.simpleuart_reg_dat_do [8] \soc.simpleuart_reg_dat_do [8] \soc.simpleuart_reg_dat_do [8] \soc.simpleuart_reg_dat_do [8] \soc.simpleuart_reg_dat_do [8] \soc.simpleuart_reg_dat_do [8] \soc.simpleuart_reg_dat_do [8] \soc.simpleuart_reg_dat_do [8] \soc.simpleuart_reg_dat_do [8] \soc.simpleuart_reg_dat_do [8] }
    Consolidated identical input bits for $mux cell $memory$flatten\seven_segment_ctrl.\lsb_nibble.$auto$proc_rom.cc:155:do_switch$1621$rdmux[0][3][7]$9758:
      Old ports: A=7'1111001, B=7'1110001, Y=$memory$flatten\seven_segment_ctrl.\lsb_nibble.$auto$proc_rom.cc:155:do_switch$1621$rdmux[0][2][3]$b$9736
      New ports: A=1'1, B=1'0, Y=$memory$flatten\seven_segment_ctrl.\lsb_nibble.$auto$proc_rom.cc:155:do_switch$1621$rdmux[0][2][3]$b$9736 [3]
      New connections: { $memory$flatten\seven_segment_ctrl.\lsb_nibble.$auto$proc_rom.cc:155:do_switch$1621$rdmux[0][2][3]$b$9736 [6:4] $memory$flatten\seven_segment_ctrl.\lsb_nibble.$auto$proc_rom.cc:155:do_switch$1621$rdmux[0][2][3]$b$9736 [2:0] } = 6'111001
    Consolidated identical input bits for $mux cell $memory$flatten\seven_segment_ctrl.\msb_nibble.$auto$proc_rom.cc:155:do_switch$1621$rdmux[0][3][7]$9803:
      Old ports: A=7'1111001, B=7'1110001, Y=$memory$flatten\seven_segment_ctrl.\msb_nibble.$auto$proc_rom.cc:155:do_switch$1621$rdmux[0][2][3]$b$9781
      New ports: A=1'1, B=1'0, Y=$memory$flatten\seven_segment_ctrl.\msb_nibble.$auto$proc_rom.cc:155:do_switch$1621$rdmux[0][2][3]$b$9781 [3]
      New connections: { $memory$flatten\seven_segment_ctrl.\msb_nibble.$auto$proc_rom.cc:155:do_switch$1621$rdmux[0][2][3]$b$9781 [6:4] $memory$flatten\seven_segment_ctrl.\msb_nibble.$auto$proc_rom.cc:155:do_switch$1621$rdmux[0][2][3]$b$9781 [2:0] } = 6'111001
    New input vector for $reduce_or cell $auto$opt_reduce.cc:131:opt_pmux$9814: { \soc.cpu.cpu_state [6] \soc.cpu.cpu_state [4] \soc.cpu.cpu_state [2] }
  Optimizing cells in module \icebreaker.
    Consolidated identical input bits for $mux cell $memory$flatten\seven_segment_ctrl.\msb_nibble.$auto$proc_rom.cc:155:do_switch$1621$rdmux[0][2][1]$9773:
      Old ports: A=$memory$flatten\seven_segment_ctrl.\msb_nibble.$auto$proc_rom.cc:155:do_switch$1621$rdmux[0][2][1]$a$9774, B=$memory$flatten\seven_segment_ctrl.\msb_nibble.$auto$proc_rom.cc:155:do_switch$1621$rdmux[0][2][1]$b$9775, Y=$memory$flatten\seven_segment_ctrl.\msb_nibble.$auto$proc_rom.cc:155:do_switch$1621$rdmux[0][1][0]$b$9766
      New ports: A={ 2'10 $memory$flatten\seven_segment_ctrl.\msb_nibble.$auto$proc_rom.cc:155:do_switch$1621$rdmux[0][2][1]$a$9774 [0] $memory$flatten\seven_segment_ctrl.\msb_nibble.$auto$proc_rom.cc:155:do_switch$1621$rdmux[0][2][1]$a$9774 [1:0] }, B={ $memory$flatten\seven_segment_ctrl.\msb_nibble.$auto$proc_rom.cc:155:do_switch$1621$rdmux[0][2][1]$b$9775 [3] $memory$flatten\seven_segment_ctrl.\msb_nibble.$auto$proc_rom.cc:155:do_switch$1621$rdmux[0][2][1]$b$9775 [3] $memory$flatten\seven_segment_ctrl.\msb_nibble.$auto$proc_rom.cc:155:do_switch$1621$rdmux[0][2][1]$b$9775 [3] $memory$flatten\seven_segment_ctrl.\msb_nibble.$auto$proc_rom.cc:155:do_switch$1621$rdmux[0][2][1]$b$9775 [1] 1'1 }, Y={ $memory$flatten\seven_segment_ctrl.\msb_nibble.$auto$proc_rom.cc:155:do_switch$1621$rdmux[0][1][0]$b$9766 [5:3] $memory$flatten\seven_segment_ctrl.\msb_nibble.$auto$proc_rom.cc:155:do_switch$1621$rdmux[0][1][0]$b$9766 [1:0] }
      New connections: { $memory$flatten\seven_segment_ctrl.\msb_nibble.$auto$proc_rom.cc:155:do_switch$1621$rdmux[0][1][0]$b$9766 [6] $memory$flatten\seven_segment_ctrl.\msb_nibble.$auto$proc_rom.cc:155:do_switch$1621$rdmux[0][1][0]$b$9766 [2] } = { $memory$flatten\seven_segment_ctrl.\msb_nibble.$auto$proc_rom.cc:155:do_switch$1621$rdmux[0][1][0]$b$9766 [5] 1'1 }
    Consolidated identical input bits for $mux cell $memory$flatten\seven_segment_ctrl.\msb_nibble.$auto$proc_rom.cc:155:do_switch$1621$rdmux[0][2][0]$9770:
      Old ports: A=$memory$flatten\seven_segment_ctrl.\msb_nibble.$auto$proc_rom.cc:155:do_switch$1621$rdmux[0][2][0]$a$9771, B=$memory$flatten\seven_segment_ctrl.\msb_nibble.$auto$proc_rom.cc:155:do_switch$1621$rdmux[0][2][0]$b$9772, Y=$memory$flatten\seven_segment_ctrl.\msb_nibble.$auto$proc_rom.cc:155:do_switch$1621$rdmux[0][1][0]$a$9765
      New ports: A={ 1'0 $memory$flatten\seven_segment_ctrl.\msb_nibble.$auto$proc_rom.cc:155:do_switch$1621$rdmux[0][2][0]$a$9771 [0] $memory$flatten\seven_segment_ctrl.\msb_nibble.$auto$proc_rom.cc:155:do_switch$1621$rdmux[0][2][0]$a$9771 [0] 1'1 $memory$flatten\seven_segment_ctrl.\msb_nibble.$auto$proc_rom.cc:155:do_switch$1621$rdmux[0][2][0]$a$9771 [0] }, B={ 2'10 $memory$flatten\seven_segment_ctrl.\msb_nibble.$auto$proc_rom.cc:155:do_switch$1621$rdmux[0][2][0]$b$9772 [4] $memory$flatten\seven_segment_ctrl.\msb_nibble.$auto$proc_rom.cc:155:do_switch$1621$rdmux[0][2][0]$b$9772 [2] 1'1 }, Y={ $memory$flatten\seven_segment_ctrl.\msb_nibble.$auto$proc_rom.cc:155:do_switch$1621$rdmux[0][1][0]$a$9765 [6:4] $memory$flatten\seven_segment_ctrl.\msb_nibble.$auto$proc_rom.cc:155:do_switch$1621$rdmux[0][1][0]$a$9765 [2] $memory$flatten\seven_segment_ctrl.\msb_nibble.$auto$proc_rom.cc:155:do_switch$1621$rdmux[0][1][0]$a$9765 [0] }
      New connections: { $memory$flatten\seven_segment_ctrl.\msb_nibble.$auto$proc_rom.cc:155:do_switch$1621$rdmux[0][1][0]$a$9765 [3] $memory$flatten\seven_segment_ctrl.\msb_nibble.$auto$proc_rom.cc:155:do_switch$1621$rdmux[0][1][0]$a$9765 [1] } = { $memory$flatten\seven_segment_ctrl.\msb_nibble.$auto$proc_rom.cc:155:do_switch$1621$rdmux[0][1][0]$a$9765 [0] 1'1 }
    Consolidated identical input bits for $mux cell $memory$flatten\seven_segment_ctrl.\lsb_nibble.$auto$proc_rom.cc:155:do_switch$1621$rdmux[0][2][0]$9725:
      Old ports: A=$memory$flatten\seven_segment_ctrl.\lsb_nibble.$auto$proc_rom.cc:155:do_switch$1621$rdmux[0][2][0]$a$9726, B=$memory$flatten\seven_segment_ctrl.\lsb_nibble.$auto$proc_rom.cc:155:do_switch$1621$rdmux[0][2][0]$b$9727, Y=$memory$flatten\seven_segment_ctrl.\lsb_nibble.$auto$proc_rom.cc:155:do_switch$1621$rdmux[0][1][0]$a$9720
      New ports: A={ 1'0 $memory$flatten\seven_segment_ctrl.\lsb_nibble.$auto$proc_rom.cc:155:do_switch$1621$rdmux[0][2][0]$a$9726 [0] $memory$flatten\seven_segment_ctrl.\lsb_nibble.$auto$proc_rom.cc:155:do_switch$1621$rdmux[0][2][0]$a$9726 [0] 1'1 $memory$flatten\seven_segment_ctrl.\lsb_nibble.$auto$proc_rom.cc:155:do_switch$1621$rdmux[0][2][0]$a$9726 [0] }, B={ 2'10 $memory$flatten\seven_segment_ctrl.\lsb_nibble.$auto$proc_rom.cc:155:do_switch$1621$rdmux[0][2][0]$b$9727 [4] $memory$flatten\seven_segment_ctrl.\lsb_nibble.$auto$proc_rom.cc:155:do_switch$1621$rdmux[0][2][0]$b$9727 [2] 1'1 }, Y={ $memory$flatten\seven_segment_ctrl.\lsb_nibble.$auto$proc_rom.cc:155:do_switch$1621$rdmux[0][1][0]$a$9720 [6:4] $memory$flatten\seven_segment_ctrl.\lsb_nibble.$auto$proc_rom.cc:155:do_switch$1621$rdmux[0][1][0]$a$9720 [2] $memory$flatten\seven_segment_ctrl.\lsb_nibble.$auto$proc_rom.cc:155:do_switch$1621$rdmux[0][1][0]$a$9720 [0] }
      New connections: { $memory$flatten\seven_segment_ctrl.\lsb_nibble.$auto$proc_rom.cc:155:do_switch$1621$rdmux[0][1][0]$a$9720 [3] $memory$flatten\seven_segment_ctrl.\lsb_nibble.$auto$proc_rom.cc:155:do_switch$1621$rdmux[0][1][0]$a$9720 [1] } = { $memory$flatten\seven_segment_ctrl.\lsb_nibble.$auto$proc_rom.cc:155:do_switch$1621$rdmux[0][1][0]$a$9720 [0] 1'1 }
    Consolidated identical input bits for $mux cell $memory$flatten\seven_segment_ctrl.\lsb_nibble.$auto$proc_rom.cc:155:do_switch$1621$rdmux[0][2][2]$9731:
      Old ports: A=$memory$flatten\seven_segment_ctrl.\lsb_nibble.$auto$proc_rom.cc:155:do_switch$1621$rdmux[0][2][2]$a$9732, B=$memory$flatten\seven_segment_ctrl.\lsb_nibble.$auto$proc_rom.cc:155:do_switch$1621$rdmux[0][2][2]$b$9733, Y=$memory$flatten\seven_segment_ctrl.\lsb_nibble.$auto$proc_rom.cc:155:do_switch$1621$rdmux[0][1][1]$a$9723
      New ports: A={ $memory$flatten\seven_segment_ctrl.\lsb_nibble.$auto$proc_rom.cc:155:do_switch$1621$rdmux[0][2][2]$a$9732 [4] 2'11 }, B={ 1'1 $memory$flatten\seven_segment_ctrl.\lsb_nibble.$auto$proc_rom.cc:155:do_switch$1621$rdmux[0][2][2]$b$9733 [3] $memory$flatten\seven_segment_ctrl.\lsb_nibble.$auto$proc_rom.cc:155:do_switch$1621$rdmux[0][2][2]$b$9733 [0] }, Y={ $memory$flatten\seven_segment_ctrl.\lsb_nibble.$auto$proc_rom.cc:155:do_switch$1621$rdmux[0][1][1]$a$9723 [4:3] $memory$flatten\seven_segment_ctrl.\lsb_nibble.$auto$proc_rom.cc:155:do_switch$1621$rdmux[0][1][1]$a$9723 [0] }
      New connections: { $memory$flatten\seven_segment_ctrl.\lsb_nibble.$auto$proc_rom.cc:155:do_switch$1621$rdmux[0][1][1]$a$9723 [6:5] $memory$flatten\seven_segment_ctrl.\lsb_nibble.$auto$proc_rom.cc:155:do_switch$1621$rdmux[0][1][1]$a$9723 [2:1] } = { 3'111 $memory$flatten\seven_segment_ctrl.\lsb_nibble.$auto$proc_rom.cc:155:do_switch$1621$rdmux[0][1][1]$a$9723 [0] }
    Consolidated identical input bits for $mux cell $memory$flatten\seven_segment_ctrl.\lsb_nibble.$auto$proc_rom.cc:155:do_switch$1621$rdmux[0][2][3]$9734:
      Old ports: A=$memory$flatten\seven_segment_ctrl.\lsb_nibble.$auto$proc_rom.cc:155:do_switch$1621$rdmux[0][2][3]$a$9735, B=$memory$flatten\seven_segment_ctrl.\lsb_nibble.$auto$proc_rom.cc:155:do_switch$1621$rdmux[0][2][3]$b$9736, Y=$memory$flatten\seven_segment_ctrl.\lsb_nibble.$auto$proc_rom.cc:155:do_switch$1621$rdmux[0][1][1]$b$9724
      New ports: A={ $memory$flatten\seven_segment_ctrl.\lsb_nibble.$auto$proc_rom.cc:155:do_switch$1621$rdmux[0][2][3]$a$9735 [1] 1'1 $memory$flatten\seven_segment_ctrl.\lsb_nibble.$auto$proc_rom.cc:155:do_switch$1621$rdmux[0][2][3]$a$9735 [1:0] }, B={ 1'1 $memory$flatten\seven_segment_ctrl.\lsb_nibble.$auto$proc_rom.cc:155:do_switch$1621$rdmux[0][2][3]$b$9736 [3] 2'01 }, Y={ $memory$flatten\seven_segment_ctrl.\lsb_nibble.$auto$proc_rom.cc:155:do_switch$1621$rdmux[0][1][1]$b$9724 [6] $memory$flatten\seven_segment_ctrl.\lsb_nibble.$auto$proc_rom.cc:155:do_switch$1621$rdmux[0][1][1]$b$9724 [3] $memory$flatten\seven_segment_ctrl.\lsb_nibble.$auto$proc_rom.cc:155:do_switch$1621$rdmux[0][1][1]$b$9724 [1:0] }
      New connections: { $memory$flatten\seven_segment_ctrl.\lsb_nibble.$auto$proc_rom.cc:155:do_switch$1621$rdmux[0][1][1]$b$9724 [5:4] $memory$flatten\seven_segment_ctrl.\lsb_nibble.$auto$proc_rom.cc:155:do_switch$1621$rdmux[0][1][1]$b$9724 [2] } = { $memory$flatten\seven_segment_ctrl.\lsb_nibble.$auto$proc_rom.cc:155:do_switch$1621$rdmux[0][1][1]$b$9724 [0] 1'1 $memory$flatten\seven_segment_ctrl.\lsb_nibble.$auto$proc_rom.cc:155:do_switch$1621$rdmux[0][1][1]$b$9724 [1] }
    Consolidated identical input bits for $mux cell $memory$flatten\seven_segment_ctrl.\lsb_nibble.$auto$proc_rom.cc:155:do_switch$1621$rdmux[0][2][1]$9728:
      Old ports: A=$memory$flatten\seven_segment_ctrl.\lsb_nibble.$auto$proc_rom.cc:155:do_switch$1621$rdmux[0][2][1]$a$9729, B=$memory$flatten\seven_segment_ctrl.\lsb_nibble.$auto$proc_rom.cc:155:do_switch$1621$rdmux[0][2][1]$b$9730, Y=$memory$flatten\seven_segment_ctrl.\lsb_nibble.$auto$proc_rom.cc:155:do_switch$1621$rdmux[0][1][0]$b$9721
      New ports: A={ 2'10 $memory$flatten\seven_segment_ctrl.\lsb_nibble.$auto$proc_rom.cc:155:do_switch$1621$rdmux[0][2][1]$a$9729 [0] $memory$flatten\seven_segment_ctrl.\lsb_nibble.$auto$proc_rom.cc:155:do_switch$1621$rdmux[0][2][1]$a$9729 [1:0] }, B={ $memory$flatten\seven_segment_ctrl.\lsb_nibble.$auto$proc_rom.cc:155:do_switch$1621$rdmux[0][2][1]$b$9730 [3] $memory$flatten\seven_segment_ctrl.\lsb_nibble.$auto$proc_rom.cc:155:do_switch$1621$rdmux[0][2][1]$b$9730 [3] $memory$flatten\seven_segment_ctrl.\lsb_nibble.$auto$proc_rom.cc:155:do_switch$1621$rdmux[0][2][1]$b$9730 [3] $memory$flatten\seven_segment_ctrl.\lsb_nibble.$auto$proc_rom.cc:155:do_switch$1621$rdmux[0][2][1]$b$9730 [1] 1'1 }, Y={ $memory$flatten\seven_segment_ctrl.\lsb_nibble.$auto$proc_rom.cc:155:do_switch$1621$rdmux[0][1][0]$b$9721 [5:3] $memory$flatten\seven_segment_ctrl.\lsb_nibble.$auto$proc_rom.cc:155:do_switch$1621$rdmux[0][1][0]$b$9721 [1:0] }
      New connections: { $memory$flatten\seven_segment_ctrl.\lsb_nibble.$auto$proc_rom.cc:155:do_switch$1621$rdmux[0][1][0]$b$9721 [6] $memory$flatten\seven_segment_ctrl.\lsb_nibble.$auto$proc_rom.cc:155:do_switch$1621$rdmux[0][1][0]$b$9721 [2] } = { $memory$flatten\seven_segment_ctrl.\lsb_nibble.$auto$proc_rom.cc:155:do_switch$1621$rdmux[0][1][0]$b$9721 [5] 1'1 }
    Consolidated identical input bits for $mux cell $memory$flatten\seven_segment_ctrl.\msb_nibble.$auto$proc_rom.cc:155:do_switch$1621$rdmux[0][2][3]$9779:
      Old ports: A=$memory$flatten\seven_segment_ctrl.\msb_nibble.$auto$proc_rom.cc:155:do_switch$1621$rdmux[0][2][3]$a$9780, B=$memory$flatten\seven_segment_ctrl.\msb_nibble.$auto$proc_rom.cc:155:do_switch$1621$rdmux[0][2][3]$b$9781, Y=$memory$flatten\seven_segment_ctrl.\msb_nibble.$auto$proc_rom.cc:155:do_switch$1621$rdmux[0][1][1]$b$9769
      New ports: A={ $memory$flatten\seven_segment_ctrl.\msb_nibble.$auto$proc_rom.cc:155:do_switch$1621$rdmux[0][2][3]$a$9780 [1] 1'1 $memory$flatten\seven_segment_ctrl.\msb_nibble.$auto$proc_rom.cc:155:do_switch$1621$rdmux[0][2][3]$a$9780 [1:0] }, B={ 1'1 $memory$flatten\seven_segment_ctrl.\msb_nibble.$auto$proc_rom.cc:155:do_switch$1621$rdmux[0][2][3]$b$9781 [3] 2'01 }, Y={ $memory$flatten\seven_segment_ctrl.\msb_nibble.$auto$proc_rom.cc:155:do_switch$1621$rdmux[0][1][1]$b$9769 [6] $memory$flatten\seven_segment_ctrl.\msb_nibble.$auto$proc_rom.cc:155:do_switch$1621$rdmux[0][1][1]$b$9769 [3] $memory$flatten\seven_segment_ctrl.\msb_nibble.$auto$proc_rom.cc:155:do_switch$1621$rdmux[0][1][1]$b$9769 [1:0] }
      New connections: { $memory$flatten\seven_segment_ctrl.\msb_nibble.$auto$proc_rom.cc:155:do_switch$1621$rdmux[0][1][1]$b$9769 [5:4] $memory$flatten\seven_segment_ctrl.\msb_nibble.$auto$proc_rom.cc:155:do_switch$1621$rdmux[0][1][1]$b$9769 [2] } = { $memory$flatten\seven_segment_ctrl.\msb_nibble.$auto$proc_rom.cc:155:do_switch$1621$rdmux[0][1][1]$b$9769 [0] 1'1 $memory$flatten\seven_segment_ctrl.\msb_nibble.$auto$proc_rom.cc:155:do_switch$1621$rdmux[0][1][1]$b$9769 [1] }
    Consolidated identical input bits for $mux cell $memory$flatten\seven_segment_ctrl.\msb_nibble.$auto$proc_rom.cc:155:do_switch$1621$rdmux[0][2][2]$9776:
      Old ports: A=$memory$flatten\seven_segment_ctrl.\msb_nibble.$auto$proc_rom.cc:155:do_switch$1621$rdmux[0][2][2]$a$9777, B=$memory$flatten\seven_segment_ctrl.\msb_nibble.$auto$proc_rom.cc:155:do_switch$1621$rdmux[0][2][2]$b$9778, Y=$memory$flatten\seven_segment_ctrl.\msb_nibble.$auto$proc_rom.cc:155:do_switch$1621$rdmux[0][1][1]$a$9768
      New ports: A={ $memory$flatten\seven_segment_ctrl.\msb_nibble.$auto$proc_rom.cc:155:do_switch$1621$rdmux[0][2][2]$a$9777 [4] 2'11 }, B={ 1'1 $memory$flatten\seven_segment_ctrl.\msb_nibble.$auto$proc_rom.cc:155:do_switch$1621$rdmux[0][2][2]$b$9778 [3] $memory$flatten\seven_segment_ctrl.\msb_nibble.$auto$proc_rom.cc:155:do_switch$1621$rdmux[0][2][2]$b$9778 [0] }, Y={ $memory$flatten\seven_segment_ctrl.\msb_nibble.$auto$proc_rom.cc:155:do_switch$1621$rdmux[0][1][1]$a$9768 [4:3] $memory$flatten\seven_segment_ctrl.\msb_nibble.$auto$proc_rom.cc:155:do_switch$1621$rdmux[0][1][1]$a$9768 [0] }
      New connections: { $memory$flatten\seven_segment_ctrl.\msb_nibble.$auto$proc_rom.cc:155:do_switch$1621$rdmux[0][1][1]$a$9768 [6:5] $memory$flatten\seven_segment_ctrl.\msb_nibble.$auto$proc_rom.cc:155:do_switch$1621$rdmux[0][1][1]$a$9768 [2:1] } = { 3'111 $memory$flatten\seven_segment_ctrl.\msb_nibble.$auto$proc_rom.cc:155:do_switch$1621$rdmux[0][1][1]$a$9768 [0] }
    Consolidated identical input bits for $mux cell $flatten\soc.\cpu.$procmux$3686:
      Old ports: A={ $flatten\soc.\cpu.$3\current_pc[31:0] [31:2] $auto$alumacc.cc:528:replace_alu$8069 [1] $auto$alumacc.cc:528:replace_alu$8063 [0] }, B=$flatten\soc.\cpu.$procmux$3684_Y, Y=$flatten\soc.\cpu.$procmux$3686_Y
      New ports: A={ $flatten\soc.\cpu.$3\current_pc[31:0] [31:2] $auto$alumacc.cc:528:replace_alu$8069 [1] }, B=$flatten\soc.\cpu.$procmux$3684_Y [31:1], Y=$flatten\soc.\cpu.$procmux$3686_Y [31:1]
      New connections: $flatten\soc.\cpu.$procmux$3686_Y [0] = $auto$alumacc.cc:528:replace_alu$8063 [0]
    Consolidated identical input bits for $mux cell $flatten\soc.\spimemio.$procmux$5602:
      Old ports: A={ 1'1 $auto$wreduce.cc:514:run$7871 [6:0] }, B={ 4'0000 \soc.spimemio.config_dummy }, Y=$flatten\soc.\spimemio.$procmux$5602_Y
      New ports: A={ 1'1 $auto$wreduce.cc:514:run$7871 [1] $auto$wreduce.cc:514:run$7871 [1] 1'1 $auto$wreduce.cc:514:run$7871 [1] 1'1 }, B={ 2'00 \soc.spimemio.config_dummy }, Y=$flatten\soc.\spimemio.$procmux$5602_Y [5:0]
      New connections: $flatten\soc.\spimemio.$procmux$5602_Y [7:6] = $flatten\soc.\spimemio.$procmux$5602_Y [5:4]
  Optimizing cells in module \icebreaker.
    Consolidated identical input bits for $mux cell $flatten\soc.\cpu.$procmux$3692:
      Old ports: A=$flatten\soc.\cpu.$procmux$3686_Y, B=$flatten\soc.\cpu.$procmux$3690_Y, Y=$flatten\soc.\cpu.$procmux$3692_Y
      New ports: A=$flatten\soc.\cpu.$procmux$3686_Y [31:1], B={ $flatten\soc.\cpu.$procmux$3690_Y [31:2] $auto$alumacc.cc:528:replace_alu$8069 [1] }, Y=$flatten\soc.\cpu.$procmux$3692_Y [31:1]
      New connections: $flatten\soc.\cpu.$procmux$3692_Y [0] = $auto$alumacc.cc:528:replace_alu$8063 [0]
  Optimizing cells in module \icebreaker.
    Consolidated identical input bits for $mux cell $flatten\soc.\cpu.$procmux$3695:
      Old ports: A=$flatten\soc.\cpu.$procmux$3692_Y, B={ $flatten\soc.\cpu.$3\current_pc[31:0] [31:2] $auto$alumacc.cc:528:replace_alu$8069 [1] $auto$alumacc.cc:528:replace_alu$8063 [0] }, Y=$flatten\soc.\cpu.$procmux$3695_Y
      New ports: A=$flatten\soc.\cpu.$procmux$3692_Y [31:1], B={ $flatten\soc.\cpu.$3\current_pc[31:0] [31:2] $auto$alumacc.cc:528:replace_alu$8069 [1] }, Y=$flatten\soc.\cpu.$procmux$3695_Y [31:1]
      New connections: $flatten\soc.\cpu.$procmux$3695_Y [0] = $auto$alumacc.cc:528:replace_alu$8063 [0]
  Optimizing cells in module \icebreaker.
Performed a total of 56 changes.

7.36.5. Executing OPT_MERGE pass (detect identical cells).
Finding identical cells in module `\icebreaker'.
Computing hashes of 1964 cells of `\icebreaker'.
Finding duplicate cells in `\icebreaker'.
Computing hashes of 1951 cells of `\icebreaker'.
Finding duplicate cells in `\icebreaker'.
<suppressed ~39 debug messages>
Removed a total of 13 cells.

7.36.6. Executing OPT_DFF pass (perform DFF optimizations).

7.36.7. Executing OPT_CLEAN pass (remove unused cells and wires).
Finding unused cells or wires in module \icebreaker..
Removed 0 unused cells and 381 unused wires.
<suppressed ~1 debug messages>

7.36.8. Executing OPT_EXPR pass (perform const folding).
Optimizing module icebreaker.

7.36.9. Rerunning OPT passes. (Maybe there is more to do..)

7.36.10. Executing OPT_MUXTREE pass (detect dead branches in mux trees).
Running muxtree optimizer on module \icebreaker..
  Creating internal representation of mux trees.
  Evaluating internal representation of mux trees.
  Analyzing evaluation results.
Removed 0 multiplexer ports.
<suppressed ~772 debug messages>

7.36.11. Executing OPT_REDUCE pass (consolidate $*mux and $reduce_* inputs).
  Optimizing cells in module \icebreaker.
Performed a total of 0 changes.

7.36.12. Executing OPT_MERGE pass (detect identical cells).
Finding identical cells in module `\icebreaker'.
Computing hashes of 1951 cells of `\icebreaker'.
Finding duplicate cells in `\icebreaker'.
Removed a total of 0 cells.

7.36.13. Executing OPT_DFF pass (perform DFF optimizations).
Adding SRST signal on $auto$ff.cc:337:slice$7457 ($dffe) from module icebreaker (D = \soc.spimemio.din_data [0], Q = \soc.spimemio.xfer.obuffer [0], rval = 1'0).
Adding SRST signal on $memory\soc.spimem_cache.cache_valid[0]$8425 ($dff) from module icebreaker (D = $memory\soc.spimem_cache.cache_valid$wrmux[0][0][0]$y$8747, Q = \soc.spimem_cache.cache_valid[0], rval = 1'1).
Adding EN signal on $auto$ff.cc:337:slice$9820 ($sdff) from module icebreaker (D = 1'0, Q = \soc.spimem_cache.cache_valid[0]).
Adding SRST signal on $memory\soc.spimem_cache.cache_valid[1]$8427 ($dff) from module icebreaker (D = $memory\soc.spimem_cache.cache_valid$wrmux[1][0][0]$y$8783, Q = \soc.spimem_cache.cache_valid[1], rval = 1'1).
Adding EN signal on $auto$ff.cc:337:slice$9822 ($sdff) from module icebreaker (D = 1'0, Q = \soc.spimem_cache.cache_valid[1]).
Adding SRST signal on $memory\soc.spimem_cache.cache_valid[2]$8429 ($dff) from module icebreaker (D = $memory\soc.spimem_cache.cache_valid$wrmux[2][0][0]$y$8801, Q = \soc.spimem_cache.cache_valid[2], rval = 1'1).
Adding EN signal on $auto$ff.cc:337:slice$9824 ($sdff) from module icebreaker (D = 1'0, Q = \soc.spimem_cache.cache_valid[2]).
Adding SRST signal on $memory\soc.spimem_cache.cache_valid[3]$8431 ($dff) from module icebreaker (D = $memory\soc.spimem_cache.cache_valid$wrmux[3][0][0]$y$8821, Q = \soc.spimem_cache.cache_valid[3], rval = 1'1).
Adding EN signal on $auto$ff.cc:337:slice$9826 ($sdff) from module icebreaker (D = 1'0, Q = \soc.spimem_cache.cache_valid[3]).
Adding SRST signal on $memory\soc.spimem_cache.cache_valid[4]$8433 ($dff) from module icebreaker (D = $memory\soc.spimem_cache.cache_valid$wrmux[4][0][0]$y$8837, Q = \soc.spimem_cache.cache_valid[4], rval = 1'1).
Adding EN signal on $auto$ff.cc:337:slice$9828 ($sdff) from module icebreaker (D = 1'0, Q = \soc.spimem_cache.cache_valid[4]).
Adding SRST signal on $memory\soc.spimem_cache.cache_valid[5]$8435 ($dff) from module icebreaker (D = $memory\soc.spimem_cache.cache_valid$wrmux[5][0][0]$y$8857, Q = \soc.spimem_cache.cache_valid[5], rval = 1'1).
Adding EN signal on $auto$ff.cc:337:slice$9830 ($sdff) from module icebreaker (D = 1'0, Q = \soc.spimem_cache.cache_valid[5]).
Adding SRST signal on $memory\soc.spimem_cache.cache_valid[6]$8437 ($dff) from module icebreaker (D = $memory\soc.spimem_cache.cache_valid$wrmux[6][0][0]$y$8873, Q = \soc.spimem_cache.cache_valid[6], rval = 1'1).
Adding EN signal on $auto$ff.cc:337:slice$9832 ($sdff) from module icebreaker (D = 1'0, Q = \soc.spimem_cache.cache_valid[6]).
Adding SRST signal on $memory\soc.spimem_cache.cache_valid[7]$8439 ($dff) from module icebreaker (D = $memory\soc.spimem_cache.cache_valid$wrmux[7][0][0]$y$8891, Q = \soc.spimem_cache.cache_valid[7], rval = 1'1).
Adding EN signal on $auto$ff.cc:337:slice$9834 ($sdff) from module icebreaker (D = 1'0, Q = \soc.spimem_cache.cache_valid[7]).
Adding SRST signal on $memory\soc.spimem_cache.cache_valid[8]$8441 ($dff) from module icebreaker (D = $memory\soc.spimem_cache.cache_valid$wrmux[8][0][0]$y$8907, Q = \soc.spimem_cache.cache_valid[8], rval = 1'1).
Adding EN signal on $auto$ff.cc:337:slice$9836 ($sdff) from module icebreaker (D = 1'0, Q = \soc.spimem_cache.cache_valid[8]).
Adding SRST signal on $memory\soc.spimem_cache.cache_valid[9]$8443 ($dff) from module icebreaker (D = $memory\soc.spimem_cache.cache_valid$wrmux[9][0][0]$y$8925, Q = \soc.spimem_cache.cache_valid[9], rval = 1'1).
Adding EN signal on $auto$ff.cc:337:slice$9838 ($sdff) from module icebreaker (D = 1'0, Q = \soc.spimem_cache.cache_valid[9]).
Adding SRST signal on $memory\soc.spimem_cache.cache_valid[10]$8445 ($dff) from module icebreaker (D = $memory\soc.spimem_cache.cache_valid$wrmux[10][0][0]$y$8939, Q = \soc.spimem_cache.cache_valid[10], rval = 1'1).
Adding EN signal on $auto$ff.cc:337:slice$9840 ($sdff) from module icebreaker (D = 1'0, Q = \soc.spimem_cache.cache_valid[10]).
Adding SRST signal on $memory\soc.spimem_cache.cache_valid[11]$8447 ($dff) from module icebreaker (D = $memory\soc.spimem_cache.cache_valid$wrmux[11][0][0]$y$8953, Q = \soc.spimem_cache.cache_valid[11], rval = 1'1).
Adding EN signal on $auto$ff.cc:337:slice$9842 ($sdff) from module icebreaker (D = 1'0, Q = \soc.spimem_cache.cache_valid[11]).
Adding SRST signal on $memory\soc.spimem_cache.cache_valid[12]$8449 ($dff) from module icebreaker (D = $memory\soc.spimem_cache.cache_valid$wrmux[12][0][0]$y$8967, Q = \soc.spimem_cache.cache_valid[12], rval = 1'1).
Adding EN signal on $auto$ff.cc:337:slice$9844 ($sdff) from module icebreaker (D = 1'0, Q = \soc.spimem_cache.cache_valid[12]).
Adding SRST signal on $memory\soc.spimem_cache.cache_valid[13]$8451 ($dff) from module icebreaker (D = $memory\soc.spimem_cache.cache_valid$wrmux[13][0][0]$y$8981, Q = \soc.spimem_cache.cache_valid[13], rval = 1'1).
Adding EN signal on $auto$ff.cc:337:slice$9846 ($sdff) from module icebreaker (D = 1'0, Q = \soc.spimem_cache.cache_valid[13]).
Adding SRST signal on $memory\soc.spimem_cache.cache_valid[14]$8453 ($dff) from module icebreaker (D = $memory\soc.spimem_cache.cache_valid$wrmux[14][0][0]$y$8995, Q = \soc.spimem_cache.cache_valid[14], rval = 1'1).
Adding EN signal on $auto$ff.cc:337:slice$9848 ($sdff) from module icebreaker (D = 1'0, Q = \soc.spimem_cache.cache_valid[14]).
Adding SRST signal on $memory\soc.spimem_cache.cache_valid[15]$8455 ($dff) from module icebreaker (D = $memory\soc.spimem_cache.cache_valid$wrmux[15][0][0]$y$9009, Q = \soc.spimem_cache.cache_valid[15], rval = 1'1).
Adding EN signal on $auto$ff.cc:337:slice$9850 ($sdff) from module icebreaker (D = 1'0, Q = \soc.spimem_cache.cache_valid[15]).
Adding SRST signal on $memory\soc.spimem_cache.cache_valid[16]$8457 ($dff) from module icebreaker (D = $memory\soc.spimem_cache.cache_valid$wrmux[16][0][0]$y$9023, Q = \soc.spimem_cache.cache_valid[16], rval = 1'1).
Adding EN signal on $auto$ff.cc:337:slice$9852 ($sdff) from module icebreaker (D = 1'0, Q = \soc.spimem_cache.cache_valid[16]).
Adding SRST signal on $memory\soc.spimem_cache.cache_valid[17]$8459 ($dff) from module icebreaker (D = $memory\soc.spimem_cache.cache_valid$wrmux[17][0][0]$y$9043, Q = \soc.spimem_cache.cache_valid[17], rval = 1'1).
Adding EN signal on $auto$ff.cc:337:slice$9854 ($sdff) from module icebreaker (D = 1'0, Q = \soc.spimem_cache.cache_valid[17]).
Adding SRST signal on $memory\soc.spimem_cache.cache_valid[18]$8461 ($dff) from module icebreaker (D = $memory\soc.spimem_cache.cache_valid$wrmux[18][0][0]$y$9057, Q = \soc.spimem_cache.cache_valid[18], rval = 1'1).
Adding EN signal on $auto$ff.cc:337:slice$9856 ($sdff) from module icebreaker (D = 1'0, Q = \soc.spimem_cache.cache_valid[18]).
Adding SRST signal on $memory\soc.spimem_cache.cache_valid[19]$8463 ($dff) from module icebreaker (D = $memory\soc.spimem_cache.cache_valid$wrmux[19][0][0]$y$9071, Q = \soc.spimem_cache.cache_valid[19], rval = 1'1).
Adding EN signal on $auto$ff.cc:337:slice$9858 ($sdff) from module icebreaker (D = 1'0, Q = \soc.spimem_cache.cache_valid[19]).
Adding SRST signal on $memory\soc.spimem_cache.cache_valid[20]$8465 ($dff) from module icebreaker (D = $memory\soc.spimem_cache.cache_valid$wrmux[20][0][0]$y$9085, Q = \soc.spimem_cache.cache_valid[20], rval = 1'1).
Adding EN signal on $auto$ff.cc:337:slice$9860 ($sdff) from module icebreaker (D = 1'0, Q = \soc.spimem_cache.cache_valid[20]).
Adding SRST signal on $memory\soc.spimem_cache.cache_valid[21]$8467 ($dff) from module icebreaker (D = $memory\soc.spimem_cache.cache_valid$wrmux[21][0][0]$y$9099, Q = \soc.spimem_cache.cache_valid[21], rval = 1'1).
Adding EN signal on $auto$ff.cc:337:slice$9862 ($sdff) from module icebreaker (D = 1'0, Q = \soc.spimem_cache.cache_valid[21]).
Adding SRST signal on $memory\soc.spimem_cache.cache_valid[22]$8469 ($dff) from module icebreaker (D = $memory\soc.spimem_cache.cache_valid$wrmux[22][0][0]$y$9113, Q = \soc.spimem_cache.cache_valid[22], rval = 1'1).
Adding EN signal on $auto$ff.cc:337:slice$9864 ($sdff) from module icebreaker (D = 1'0, Q = \soc.spimem_cache.cache_valid[22]).
Adding SRST signal on $memory\soc.spimem_cache.cache_valid[23]$8471 ($dff) from module icebreaker (D = $memory\soc.spimem_cache.cache_valid$wrmux[23][0][0]$y$9127, Q = \soc.spimem_cache.cache_valid[23], rval = 1'1).
Adding EN signal on $auto$ff.cc:337:slice$9866 ($sdff) from module icebreaker (D = 1'0, Q = \soc.spimem_cache.cache_valid[23]).
Adding SRST signal on $memory\soc.spimem_cache.cache_valid[24]$8473 ($dff) from module icebreaker (D = $memory\soc.spimem_cache.cache_valid$wrmux[24][0][0]$y$9141, Q = \soc.spimem_cache.cache_valid[24], rval = 1'1).
Adding EN signal on $auto$ff.cc:337:slice$9868 ($sdff) from module icebreaker (D = 1'0, Q = \soc.spimem_cache.cache_valid[24]).
Adding SRST signal on $memory\soc.spimem_cache.cache_valid[25]$8475 ($dff) from module icebreaker (D = $memory\soc.spimem_cache.cache_valid$wrmux[25][0][0]$y$9157, Q = \soc.spimem_cache.cache_valid[25], rval = 1'1).
Adding EN signal on $auto$ff.cc:337:slice$9870 ($sdff) from module icebreaker (D = 1'0, Q = \soc.spimem_cache.cache_valid[25]).
Adding SRST signal on $memory\soc.spimem_cache.cache_valid[26]$8477 ($dff) from module icebreaker (D = $memory\soc.spimem_cache.cache_valid$wrmux[26][0][0]$y$9171, Q = \soc.spimem_cache.cache_valid[26], rval = 1'1).
Adding EN signal on $auto$ff.cc:337:slice$9872 ($sdff) from module icebreaker (D = 1'0, Q = \soc.spimem_cache.cache_valid[26]).
Adding SRST signal on $memory\soc.spimem_cache.cache_valid[27]$8479 ($dff) from module icebreaker (D = $memory\soc.spimem_cache.cache_valid$wrmux[27][0][0]$y$9185, Q = \soc.spimem_cache.cache_valid[27], rval = 1'1).
Adding EN signal on $auto$ff.cc:337:slice$9874 ($sdff) from module icebreaker (D = 1'0, Q = \soc.spimem_cache.cache_valid[27]).
Adding SRST signal on $memory\soc.spimem_cache.cache_valid[28]$8481 ($dff) from module icebreaker (D = $memory\soc.spimem_cache.cache_valid$wrmux[28][0][0]$y$9199, Q = \soc.spimem_cache.cache_valid[28], rval = 1'1).
Adding EN signal on $auto$ff.cc:337:slice$9876 ($sdff) from module icebreaker (D = 1'0, Q = \soc.spimem_cache.cache_valid[28]).
Adding SRST signal on $memory\soc.spimem_cache.cache_valid[29]$8483 ($dff) from module icebreaker (D = $memory\soc.spimem_cache.cache_valid$wrmux[29][0][0]$y$9213, Q = \soc.spimem_cache.cache_valid[29], rval = 1'1).
Adding EN signal on $auto$ff.cc:337:slice$9878 ($sdff) from module icebreaker (D = 1'0, Q = \soc.spimem_cache.cache_valid[29]).
Adding SRST signal on $memory\soc.spimem_cache.cache_valid[30]$8485 ($dff) from module icebreaker (D = $memory\soc.spimem_cache.cache_valid$wrmux[30][0][0]$y$9227, Q = \soc.spimem_cache.cache_valid[30], rval = 1'1).
Adding EN signal on $auto$ff.cc:337:slice$9880 ($sdff) from module icebreaker (D = 1'0, Q = \soc.spimem_cache.cache_valid[30]).
Adding SRST signal on $memory\soc.spimem_cache.cache_valid[31]$8487 ($dff) from module icebreaker (D = $memory\soc.spimem_cache.cache_valid$wrmux[31][0][0]$y$9241, Q = \soc.spimem_cache.cache_valid[31], rval = 1'1).
Adding EN signal on $auto$ff.cc:337:slice$9882 ($sdff) from module icebreaker (D = 1'0, Q = \soc.spimem_cache.cache_valid[31]).
Adding SRST signal on $memory\soc.spimem_cache.cache_valid[32]$8489 ($dff) from module icebreaker (D = $memory\soc.spimem_cache.cache_valid$wrmux[32][0][0]$y$9255, Q = \soc.spimem_cache.cache_valid[32], rval = 1'1).
Adding EN signal on $auto$ff.cc:337:slice$9884 ($sdff) from module icebreaker (D = 1'0, Q = \soc.spimem_cache.cache_valid[32]).
Adding SRST signal on $memory\soc.spimem_cache.cache_valid[33]$8491 ($dff) from module icebreaker (D = $memory\soc.spimem_cache.cache_valid$wrmux[33][1][0]$y$9281, Q = \soc.spimem_cache.cache_valid[33], rval = 1'1).
Adding EN signal on $auto$ff.cc:337:slice$9886 ($sdff) from module icebreaker (D = 1'0, Q = \soc.spimem_cache.cache_valid[33]).
Adding SRST signal on $memory\soc.spimem_cache.cache_valid[34]$8493 ($dff) from module icebreaker (D = $memory\soc.spimem_cache.cache_valid$wrmux[34][1][0]$y$9295, Q = \soc.spimem_cache.cache_valid[34], rval = 1'1).
Adding EN signal on $auto$ff.cc:337:slice$9888 ($sdff) from module icebreaker (D = 1'0, Q = \soc.spimem_cache.cache_valid[34]).
Adding SRST signal on $memory\soc.spimem_cache.cache_valid[35]$8495 ($dff) from module icebreaker (D = $memory\soc.spimem_cache.cache_valid$wrmux[35][1][0]$y$9309, Q = \soc.spimem_cache.cache_valid[35], rval = 1'1).
Adding EN signal on $auto$ff.cc:337:slice$9890 ($sdff) from module icebreaker (D = 1'0, Q = \soc.spimem_cache.cache_valid[35]).
Adding SRST signal on $memory\soc.spimem_cache.cache_valid[36]$8497 ($dff) from module icebreaker (D = $memory\soc.spimem_cache.cache_valid$wrmux[36][1][0]$y$9323, Q = \soc.spimem_cache.cache_valid[36], rval = 1'1).
Adding EN signal on $auto$ff.cc:337:slice$9892 ($sdff) from module icebreaker (D = 1'0, Q = \soc.spimem_cache.cache_valid[36]).
Adding SRST signal on $memory\soc.spimem_cache.cache_valid[37]$8499 ($dff) from module icebreaker (D = $memory\soc.spimem_cache.cache_valid$wrmux[37][1][0]$y$9337, Q = \soc.spimem_cache.cache_valid[37], rval = 1'1).
Adding EN signal on $auto$ff.cc:337:slice$9894 ($sdff) from module icebreaker (D = 1'0, Q = \soc.spimem_cache.cache_valid[37]).
Adding SRST signal on $memory\soc.spimem_cache.cache_valid[38]$8501 ($dff) from module icebreaker (D = $memory\soc.spimem_cache.cache_valid$wrmux[38][1][0]$y$9351, Q = \soc.spimem_cache.cache_valid[38], rval = 1'1).
Adding EN signal on $auto$ff.cc:337:slice$9896 ($sdff) from module icebreaker (D = 1'0, Q = \soc.spimem_cache.cache_valid[38]).
Adding SRST signal on $memory\soc.spimem_cache.cache_valid[39]$8503 ($dff) from module icebreaker (D = $memory\soc.spimem_cache.cache_valid$wrmux[39][1][0]$y$9365, Q = \soc.spimem_cache.cache_valid[39], rval = 1'1).
Adding EN signal on $auto$ff.cc:337:slice$9898 ($sdff) from module icebreaker (D = 1'0, Q = \soc.spimem_cache.cache_valid[39]).
Adding SRST signal on $memory\soc.spimem_cache.cache_valid[40]$8505 ($dff) from module icebreaker (D = $memory\soc.spimem_cache.cache_valid$wrmux[40][1][0]$y$9379, Q = \soc.spimem_cache.cache_valid[40], rval = 1'1).
Adding EN signal on $auto$ff.cc:337:slice$9900 ($sdff) from module icebreaker (D = 1'0, Q = \soc.spimem_cache.cache_valid[40]).
Adding SRST signal on $memory\soc.spimem_cache.cache_valid[41]$8507 ($dff) from module icebreaker (D = $memory\soc.spimem_cache.cache_valid$wrmux[41][1][0]$y$9395, Q = \soc.spimem_cache.cache_valid[41], rval = 1'1).
Adding EN signal on $auto$ff.cc:337:slice$9902 ($sdff) from module icebreaker (D = 1'0, Q = \soc.spimem_cache.cache_valid[41]).
Adding SRST signal on $memory\soc.spimem_cache.cache_valid[42]$8509 ($dff) from module icebreaker (D = $memory\soc.spimem_cache.cache_valid$wrmux[42][1][0]$y$9409, Q = \soc.spimem_cache.cache_valid[42], rval = 1'1).
Adding EN signal on $auto$ff.cc:337:slice$9904 ($sdff) from module icebreaker (D = 1'0, Q = \soc.spimem_cache.cache_valid[42]).
Adding SRST signal on $memory\soc.spimem_cache.cache_valid[43]$8511 ($dff) from module icebreaker (D = $memory\soc.spimem_cache.cache_valid$wrmux[43][1][0]$y$9423, Q = \soc.spimem_cache.cache_valid[43], rval = 1'1).
Adding EN signal on $auto$ff.cc:337:slice$9906 ($sdff) from module icebreaker (D = 1'0, Q = \soc.spimem_cache.cache_valid[43]).
Adding SRST signal on $memory\soc.spimem_cache.cache_valid[44]$8513 ($dff) from module icebreaker (D = $memory\soc.spimem_cache.cache_valid$wrmux[44][1][0]$y$9437, Q = \soc.spimem_cache.cache_valid[44], rval = 1'1).
Adding EN signal on $auto$ff.cc:337:slice$9908 ($sdff) from module icebreaker (D = 1'0, Q = \soc.spimem_cache.cache_valid[44]).
Adding SRST signal on $memory\soc.spimem_cache.cache_valid[45]$8515 ($dff) from module icebreaker (D = $memory\soc.spimem_cache.cache_valid$wrmux[45][1][0]$y$9451, Q = \soc.spimem_cache.cache_valid[45], rval = 1'1).
Adding EN signal on $auto$ff.cc:337:slice$9910 ($sdff) from module icebreaker (D = 1'0, Q = \soc.spimem_cache.cache_valid[45]).
Adding SRST signal on $memory\soc.spimem_cache.cache_valid[46]$8517 ($dff) from module icebreaker (D = $memory\soc.spimem_cache.cache_valid$wrmux[46][1][0]$y$9465, Q = \soc.spimem_cache.cache_valid[46], rval = 1'1).
Adding EN signal on $auto$ff.cc:337:slice$9912 ($sdff) from module icebreaker (D = 1'0, Q = \soc.spimem_cache.cache_valid[46]).
Adding SRST signal on $memory\soc.spimem_cache.cache_valid[47]$8519 ($dff) from module icebreaker (D = $memory\soc.spimem_cache.cache_valid$wrmux[47][1][0]$y$9479, Q = \soc.spimem_cache.cache_valid[47], rval = 1'1).
Adding EN signal on $auto$ff.cc:337:slice$9914 ($sdff) from module icebreaker (D = 1'0, Q = \soc.spimem_cache.cache_valid[47]).
Adding SRST signal on $memory\soc.spimem_cache.cache_valid[48]$8521 ($dff) from module icebreaker (D = $memory\soc.spimem_cache.cache_valid$wrmux[48][1][0]$y$9493, Q = \soc.spimem_cache.cache_valid[48], rval = 1'1).
Adding EN signal on $auto$ff.cc:337:slice$9916 ($sdff) from module icebreaker (D = 1'0, Q = \soc.spimem_cache.cache_valid[48]).
Adding SRST signal on $memory\soc.spimem_cache.cache_valid[49]$8523 ($dff) from module icebreaker (D = $memory\soc.spimem_cache.cache_valid$wrmux[49][1][0]$y$9511, Q = \soc.spimem_cache.cache_valid[49], rval = 1'1).
Adding EN signal on $auto$ff.cc:337:slice$9918 ($sdff) from module icebreaker (D = 1'0, Q = \soc.spimem_cache.cache_valid[49]).
Adding SRST signal on $memory\soc.spimem_cache.cache_valid[50]$8525 ($dff) from module icebreaker (D = $memory\soc.spimem_cache.cache_valid$wrmux[50][1][0]$y$9525, Q = \soc.spimem_cache.cache_valid[50], rval = 1'1).
Adding EN signal on $auto$ff.cc:337:slice$9920 ($sdff) from module icebreaker (D = 1'0, Q = \soc.spimem_cache.cache_valid[50]).
Adding SRST signal on $memory\soc.spimem_cache.cache_valid[51]$8527 ($dff) from module icebreaker (D = $memory\soc.spimem_cache.cache_valid$wrmux[51][1][0]$y$9539, Q = \soc.spimem_cache.cache_valid[51], rval = 1'1).
Adding EN signal on $auto$ff.cc:337:slice$9922 ($sdff) from module icebreaker (D = 1'0, Q = \soc.spimem_cache.cache_valid[51]).
Adding SRST signal on $memory\soc.spimem_cache.cache_valid[52]$8529 ($dff) from module icebreaker (D = $memory\soc.spimem_cache.cache_valid$wrmux[52][1][0]$y$9553, Q = \soc.spimem_cache.cache_valid[52], rval = 1'1).
Adding EN signal on $auto$ff.cc:337:slice$9924 ($sdff) from module icebreaker (D = 1'0, Q = \soc.spimem_cache.cache_valid[52]).
Adding SRST signal on $memory\soc.spimem_cache.cache_valid[53]$8531 ($dff) from module icebreaker (D = $memory\soc.spimem_cache.cache_valid$wrmux[53][1][0]$y$9567, Q = \soc.spimem_cache.cache_valid[53], rval = 1'1).
Adding EN signal on $auto$ff.cc:337:slice$9926 ($sdff) from module icebreaker (D = 1'0, Q = \soc.spimem_cache.cache_valid[53]).
Adding SRST signal on $memory\soc.spimem_cache.cache_valid[54]$8533 ($dff) from module icebreaker (D = $memory\soc.spimem_cache.cache_valid$wrmux[54][1][0]$y$9581, Q = \soc.spimem_cache.cache_valid[54], rval = 1'1).
Adding EN signal on $auto$ff.cc:337:slice$9928 ($sdff) from module icebreaker (D = 1'0, Q = \soc.spimem_cache.cache_valid[54]).
Adding SRST signal on $memory\soc.spimem_cache.cache_valid[55]$8535 ($dff) from module icebreaker (D = $memory\soc.spimem_cache.cache_valid$wrmux[55][1][0]$y$9595, Q = \soc.spimem_cache.cache_valid[55], rval = 1'1).
Adding EN signal on $auto$ff.cc:337:slice$9930 ($sdff) from module icebreaker (D = 1'0, Q = \soc.spimem_cache.cache_valid[55]).
Adding SRST signal on $memory\soc.spimem_cache.cache_valid[56]$8537 ($dff) from module icebreaker (D = $memory\soc.spimem_cache.cache_valid$wrmux[56][1][0]$y$9609, Q = \soc.spimem_cache.cache_valid[56], rval = 1'1).
Adding EN signal on $auto$ff.cc:337:slice$9932 ($sdff) from module icebreaker (D = 1'0, Q = \soc.spimem_cache.cache_valid[56]).
Adding SRST signal on $memory\soc.spimem_cache.cache_valid[57]$8539 ($dff) from module icebreaker (D = $memory\soc.spimem_cache.cache_valid$wrmux[57][1][0]$y$9625, Q = \soc.spimem_cache.cache_valid[57], rval = 1'1).
Adding EN signal on $auto$ff.cc:337:slice$9934 ($sdff) from module icebreaker (D = 1'0, Q = \soc.spimem_cache.cache_valid[57]).
Adding SRST signal on $memory\soc.spimem_cache.cache_valid[58]$8541 ($dff) from module icebreaker (D = $memory\soc.spimem_cache.cache_valid$wrmux[58][1][0]$y$9639, Q = \soc.spimem_cache.cache_valid[58], rval = 1'1).
Adding EN signal on $auto$ff.cc:337:slice$9936 ($sdff) from module icebreaker (D = 1'0, Q = \soc.spimem_cache.cache_valid[58]).
Adding SRST signal on $memory\soc.spimem_cache.cache_valid[59]$8543 ($dff) from module icebreaker (D = $memory\soc.spimem_cache.cache_valid$wrmux[59][1][0]$y$9653, Q = \soc.spimem_cache.cache_valid[59], rval = 1'1).
Adding EN signal on $auto$ff.cc:337:slice$9938 ($sdff) from module icebreaker (D = 1'0, Q = \soc.spimem_cache.cache_valid[59]).
Adding SRST signal on $memory\soc.spimem_cache.cache_valid[60]$8545 ($dff) from module icebreaker (D = $memory\soc.spimem_cache.cache_valid$wrmux[60][1][0]$y$9667, Q = \soc.spimem_cache.cache_valid[60], rval = 1'1).
Adding EN signal on $auto$ff.cc:337:slice$9940 ($sdff) from module icebreaker (D = 1'0, Q = \soc.spimem_cache.cache_valid[60]).
Adding SRST signal on $memory\soc.spimem_cache.cache_valid[61]$8547 ($dff) from module icebreaker (D = $memory\soc.spimem_cache.cache_valid$wrmux[61][1][0]$y$9681, Q = \soc.spimem_cache.cache_valid[61], rval = 1'1).
Adding EN signal on $auto$ff.cc:337:slice$9942 ($sdff) from module icebreaker (D = 1'0, Q = \soc.spimem_cache.cache_valid[61]).
Adding SRST signal on $memory\soc.spimem_cache.cache_valid[62]$8549 ($dff) from module icebreaker (D = $memory\soc.spimem_cache.cache_valid$wrmux[62][1][0]$y$9695, Q = \soc.spimem_cache.cache_valid[62], rval = 1'1).
Adding EN signal on $auto$ff.cc:337:slice$9944 ($sdff) from module icebreaker (D = 1'0, Q = \soc.spimem_cache.cache_valid[62]).
Adding SRST signal on $memory\soc.spimem_cache.cache_valid[63]$8551 ($dff) from module icebreaker (D = $memory\soc.spimem_cache.cache_valid$wrmux[63][1][0]$y$9709, Q = \soc.spimem_cache.cache_valid[63], rval = 1'1).
Adding EN signal on $auto$ff.cc:337:slice$9946 ($sdff) from module icebreaker (D = 1'0, Q = \soc.spimem_cache.cache_valid[63]).
Setting constant 0-bit at position 0 on $auto$ff.cc:337:slice$7757 ($dffe) from module icebreaker.
Setting constant 0-bit at position 1 on $auto$ff.cc:337:slice$7757 ($dffe) from module icebreaker.
Setting constant 0-bit at position 3 on $auto$ff.cc:337:slice$7326 ($sdffe) from module icebreaker.

7.36.14. Executing OPT_CLEAN pass (remove unused cells and wires).
Finding unused cells or wires in module \icebreaker..
Removed 128 unused cells and 128 unused wires.
<suppressed ~129 debug messages>

7.36.15. Executing OPT_EXPR pass (perform const folding).
Optimizing module icebreaker.
<suppressed ~4 debug messages>

7.36.16. Rerunning OPT passes. (Maybe there is more to do..)

7.36.17. Executing OPT_MUXTREE pass (detect dead branches in mux trees).
Running muxtree optimizer on module \icebreaker..
  Creating internal representation of mux trees.
  Evaluating internal representation of mux trees.
  Analyzing evaluation results.
Removed 0 multiplexer ports.
<suppressed ~580 debug messages>

7.36.18. Executing OPT_REDUCE pass (consolidate $*mux and $reduce_* inputs).
  Optimizing cells in module \icebreaker.
Performed a total of 0 changes.

7.36.19. Executing OPT_MERGE pass (detect identical cells).
Finding identical cells in module `\icebreaker'.
Computing hashes of 1822 cells of `\icebreaker'.
Finding duplicate cells in `\icebreaker'.
Removed a total of 0 cells.

7.36.20. Executing OPT_DFF pass (perform DFF optimizations).
Setting constant 0-bit at position 3 on $auto$ff.cc:337:slice$7411 ($sdffe) from module icebreaker.

7.36.21. Executing OPT_CLEAN pass (remove unused cells and wires).
Finding unused cells or wires in module \icebreaker..

7.36.22. Executing OPT_EXPR pass (perform const folding).
Optimizing module icebreaker.

7.36.23. Rerunning OPT passes. (Maybe there is more to do..)

7.36.24. Executing OPT_MUXTREE pass (detect dead branches in mux trees).
Running muxtree optimizer on module \icebreaker..
  Creating internal representation of mux trees.
  Evaluating internal representation of mux trees.
  Analyzing evaluation results.
Removed 0 multiplexer ports.
<suppressed ~580 debug messages>

7.36.25. Executing OPT_REDUCE pass (consolidate $*mux and $reduce_* inputs).
  Optimizing cells in module \icebreaker.
Performed a total of 0 changes.

7.36.26. Executing OPT_MERGE pass (detect identical cells).
Finding identical cells in module `\icebreaker'.
Computing hashes of 1822 cells of `\icebreaker'.
Finding duplicate cells in `\icebreaker'.
Removed a total of 0 cells.

7.36.27. Executing OPT_DFF pass (perform DFF optimizations).
Setting constant 0-bit at position 3 on $flatten\soc.\spimemio.\xfer.$procdff$5884 ($dff) from module icebreaker.

7.36.28. Executing OPT_CLEAN pass (remove unused cells and wires).
Finding unused cells or wires in module \icebreaker..

7.36.29. Executing OPT_EXPR pass (perform const folding).
Optimizing module icebreaker.

7.36.30. Rerunning OPT passes. (Maybe there is more to do..)

7.36.31. Executing OPT_MUXTREE pass (detect dead branches in mux trees).
Running muxtree optimizer on module \icebreaker..
  Creating internal representation of mux trees.
  Evaluating internal representation of mux trees.
  Analyzing evaluation results.
Removed 0 multiplexer ports.
<suppressed ~580 debug messages>

7.36.32. Executing OPT_REDUCE pass (consolidate $*mux and $reduce_* inputs).
  Optimizing cells in module \icebreaker.
Performed a total of 0 changes.

7.36.33. Executing OPT_MERGE pass (detect identical cells).
Finding identical cells in module `\icebreaker'.
Computing hashes of 1822 cells of `\icebreaker'.
Finding duplicate cells in `\icebreaker'.
Removed a total of 0 cells.

7.36.34. Executing OPT_DFF pass (perform DFF optimizations).

7.36.35. Executing OPT_CLEAN pass (remove unused cells and wires).
Finding unused cells or wires in module \icebreaker..

7.36.36. Executing OPT_EXPR pass (perform const folding).
Optimizing module icebreaker.

7.36.37. Finished fast OPT passes. (There is nothing left to do.)

7.37. Executing ICE40_WRAPCARRY pass (wrap carries).

7.38. Executing TECHMAP pass (map to technology primitives).

7.38.1. Executing Verilog-2005 frontend: /homes/cl2033/oss-cad-suite/lib/../share/yosys/techmap.v
Parsing Verilog input from `/homes/cl2033/oss-cad-suite/lib/../share/yosys/techmap.v' to AST representation.
Generating RTLIL representation for module `\_90_simplemap_bool_ops'.
Generating RTLIL representation for module `\_90_simplemap_reduce_ops'.
Generating RTLIL representation for module `\_90_simplemap_logic_ops'.
Generating RTLIL representation for module `\_90_simplemap_compare_ops'.
Generating RTLIL representation for module `\_90_simplemap_various'.
Generating RTLIL representation for module `\_90_simplemap_registers'.
Generating RTLIL representation for module `\_90_shift_ops_shr_shl_sshl_sshr'.
Generating RTLIL representation for module `\_90_shift_shiftx'.
Generating RTLIL representation for module `\_90_fa'.
Generating RTLIL representation for module `\_90_lcu_brent_kung'.
Generating RTLIL representation for module `\_90_alu'.
Generating RTLIL representation for module `\_90_macc'.
Generating RTLIL representation for module `\_90_alumacc'.
Generating RTLIL representation for module `$__div_mod_u'.
Generating RTLIL representation for module `$__div_mod_trunc'.
Generating RTLIL representation for module `\_90_div'.
Generating RTLIL representation for module `\_90_mod'.
Generating RTLIL representation for module `$__div_mod_floor'.
Generating RTLIL representation for module `\_90_divfloor'.
Generating RTLIL representation for module `\_90_modfloor'.
Generating RTLIL representation for module `\_90_pow'.
Generating RTLIL representation for module `\_90_pmux'.
Generating RTLIL representation for module `\_90_demux'.
Generating RTLIL representation for module `\_90_lut'.
Generating RTLIL representation for module `$connect'.
Generating RTLIL representation for module `$input_port'.
Successfully finished Verilog frontend.

7.38.2. Executing Verilog-2005 frontend: /homes/cl2033/oss-cad-suite/lib/../share/yosys/ice40/arith_map.v
Parsing Verilog input from `/homes/cl2033/oss-cad-suite/lib/../share/yosys/ice40/arith_map.v' to AST representation.
Generating RTLIL representation for module `\_80_ice40_alu'.
Successfully finished Verilog frontend.

7.38.3. Continuing TECHMAP pass.
Using extmapper simplemap for cells of type $dff.
Using extmapper simplemap for cells of type $sdffe.
Using extmapper simplemap for cells of type $dffe.
Using extmapper simplemap for cells of type $sdffce.
Using extmapper simplemap for cells of type $reduce_or.
Using extmapper simplemap for cells of type $and.
Using extmapper simplemap for cells of type $not.
Using extmapper simplemap for cells of type $ne.
Using extmapper simplemap for cells of type $mux.
Using extmapper simplemap for cells of type $eq.
Using template $paramod$754650b284649a026620fc6856e5b6886cbfe794\_80_ice40_alu for cells of type $alu.
Using template $paramod$6a42b6fefed750f8a1c58eab59479d960557103c\_80_ice40_alu for cells of type $alu.
Using template $paramod$32a7b7b86c07519b7537abc18e96f0331f97914d\_80_ice40_alu for cells of type $alu.
Using template $paramod$8742280fdebca84e1c87f2a86ed84f62d558f4cc\_80_ice40_alu for cells of type $alu.
Using template $paramod$16349e5f556ea87a576d7d9941c668f31b6ef10b\_80_ice40_alu for cells of type $alu.
Using template $paramod$fbc7873bff55778c0b3173955b7e4bce1d9d6834\_80_ice40_alu for cells of type $alu.
Using template $paramod$dc04b7d98e503a7bab16fce2df70e6e2c5ca34d6\_80_ice40_alu for cells of type $alu.
Using extmapper simplemap for cells of type $or.
Using extmapper simplemap for cells of type $reduce_and.
Using template $paramod$b8c0a997bce700f23568a5ada79cc6781d1f5ca0\_80_ice40_alu for cells of type $alu.
Using template $paramod$ba698a254f9a5947e85cbe7beae6b161eefc5386\_90_alu for cells of type $alu.
Using extmapper simplemap for cells of type $xor.
Using template $paramod$c6baa65225090ac0a120feab1b920965244aa496\_80_ice40_alu for cells of type $alu.
Using template $paramod$c04af8dbf0e5d1d69bbccb2c7bd8a93fc9ef54dc\_80_ice40_alu for cells of type $alu.
Using template $paramod$44a13d10af618e7fbe7b9aad2f6151ffcee1e2fa\_80_ice40_alu for cells of type $alu.
Using template $paramod$cc80a4e89b0341cb117f5d28b0e7244620640141\_80_ice40_alu for cells of type $alu.
Using template $paramod$8fabc56b80a569262acfc42757a02ca0b8e91278\_90_pmux for cells of type $pmux.
Using template $paramod$ebf89ea36a793f0f77858f212141d47c833068ad\_80_ice40_alu for cells of type $alu.
Using template $paramod$6df0329addda9228fcc2546de2aaf14ad26c98e1\_80_ice40_alu for cells of type $alu.
Using template $paramod$f2669549f09b95f02f9cc0de2d22c189491fb0c0\_80_ice40_alu for cells of type $alu.
Using template $paramod$2653f68ddb8eab7b1907b4a20767b72a824a7a36\_80_ice40_alu for cells of type $alu.
Using template $paramod$32efbfac1c4dc57230cf86180788fdfd12e3b511\_80_ice40_alu for cells of type $alu.
Using template $paramod$0caac64af565d74f94601e94c56dcde258d571c2\_80_ice40_alu for cells of type $alu.
Using template $paramod$675ee3ed071b156aa661bdfa838b7e469d095ac0\_80_ice40_alu for cells of type $alu.
Using template $paramod$10ed987432f06055e5279101f9ec60a49861b43c\_80_ice40_alu for cells of type $alu.
Using template $paramod$403a3c2fa431a154c52a6a5429d7a6260b5d144f\_80_ice40_alu for cells of type $alu.
Using extmapper maccmap for cells of type $macc_v2.
  add { 1'0 \soc.cpu.genblk1.pcpi_mul.rs1 [31:16] } * \soc.cpu.genblk1.pcpi_mul.rs2 [32] (17x1 bits, signed)
  add { 1'0 \soc.cpu.genblk1.pcpi_mul.rs1 [15:0] } * \soc.cpu.genblk1.pcpi_mul.rs2 [32] (17x1 bits, signed)
  add $flatten\soc.\cpu.\genblk1.pcpi_mul.$mul$../picorv32.v:2371$1602.genblk1.genblk1.genblk1.genblk1.genblk1.genblk1.sliceA[0].mul.genblk1.genblk1.genblk1.genblk1.genblk1.genblk1.genblk1.blk.partial_sum[1] [48:32] (17 bits, unsigned)
  packed 1 (1) bits / 1 words into adder tree
  add \soc.cpu.genblk1.pcpi_mul.rs2 * \soc.cpu.genblk1.pcpi_mul.rs1 [32] (33x1 bits, signed)
Using extmapper simplemap for cells of type $reduce_bool.
Using extmapper simplemap for cells of type $sdff.
Using extmapper simplemap for cells of type $logic_not.
Using extmapper simplemap for cells of type $logic_and.
Using template $paramod$54d740639e1393b22262823179ff783ea9f17a35\_90_pmux for cells of type $pmux.
Using template $paramod$c2e415ef15bc3ccd2723772353a6b450d3d76206\_90_pmux for cells of type $pmux.
Using extmapper simplemap for cells of type $logic_or.
Using template $paramod$d629d85c8826a74239b9178d1930215a43b0ceb0\_90_pmux for cells of type $pmux.
Using template $paramod$d31bf4d7d72e59528d18fbd4f322e9d608532043\_90_pmux for cells of type $pmux.
Using template $paramod$fedb90247e1daaa8b0af86a595f377181f141d27\_90_pmux for cells of type $pmux.
Using template $paramod$d7387fdb214042e5ef2d69a3f74948694b4bb65e\_90_pmux for cells of type $pmux.
Using template $paramod$c5c783b17ab1d780abfad8cfe6563a0a7b47a3b0\_90_pmux for cells of type $pmux.
Using template $paramod$b756e651b7db7aeb455331d9a2df073db93fcc2e\_90_pmux for cells of type $pmux.
Using template $paramod$fc16b9f758000d363d24f130038bd99b46b4fa1b\_90_pmux for cells of type $pmux.
Using template $paramod$constmap:574a95964644c704a7e64c257267b27c2c48aa52$paramod$77562a466236eb4a6d905351a0995599b75075cb\_90_shift_ops_shr_shl_sshl_sshr for cells of type $shl.
Using template $paramod$cc1e387d9d5ac1d3f6e6bed180038d9c0ac48d0c\_90_pmux for cells of type $pmux.
Using template $paramod$bf2533632d512eac76dd186c0da49367e29b8e98\_90_pmux for cells of type $pmux.
Using template $paramod$521ce43182eecb9f60c72393a788160d2c356bf5\_90_pmux for cells of type $pmux.
Using template $paramod$645fe0cc96ae5edb83bff90cc2c78f4a20ca3e3c\_90_pmux for cells of type $pmux.
Using template $paramod$b098bc6f249c0ac91c4d6e19d54b23c285914115\_90_pmux for cells of type $pmux.
Using template $paramod$2407ada40cc3dda6c6015be2b49b748cddb5a800\_90_pmux for cells of type $pmux.
Using template $paramod$59b03ae2620a41577de8da5f5c97b2919e82362b\_90_pmux for cells of type $pmux.
Using template $paramod$dbef6e48cd28208af1b77a9bd7dfc80580f16131\_80_ice40_alu for cells of type $alu.
Using template $paramod$3bb72ad0665cdca279bbc49ed6a39f403f16497f\_80_ice40_alu for cells of type $alu.
Using extmapper simplemap for cells of type $pos.
Using template $paramod\_90_fa\WIDTH=32'00000000000000000000000000000010 for cells of type $fa.
Using template $paramod\_90_lcu_brent_kung\WIDTH=32'00000000000000000000000000000010 for cells of type $lcu.
No more expansions possible.
<suppressed ~3714 debug messages>

7.39. Executing OPT pass (performing simple optimizations).

7.39.1. Executing OPT_EXPR pass (perform const folding).
Optimizing module icebreaker.
<suppressed ~4016 debug messages>

7.39.2. Executing OPT_MERGE pass (detect identical cells).
Finding identical cells in module `\icebreaker'.
Computing hashes of 13566 cells of `\icebreaker'.
Finding duplicate cells in `\icebreaker'.
Computing hashes of 12113 cells of `\icebreaker'.
Finding duplicate cells in `\icebreaker'.
Computing hashes of 11654 cells of `\icebreaker'.
Finding duplicate cells in `\icebreaker'.
Computing hashes of 11536 cells of `\icebreaker'.
Finding duplicate cells in `\icebreaker'.
Computing hashes of 11522 cells of `\icebreaker'.
Finding duplicate cells in `\icebreaker'.
Computing hashes of 11519 cells of `\icebreaker'.
Finding duplicate cells in `\icebreaker'.
<suppressed ~6141 debug messages>
Removed a total of 2047 cells.

7.39.3. Executing OPT_DFF pass (perform DFF optimizations).

7.39.4. Executing OPT_CLEAN pass (remove unused cells and wires).
Finding unused cells or wires in module \icebreaker..
Removed 856 unused cells and 4327 unused wires.
<suppressed ~857 debug messages>

7.39.5. Finished fast OPT passes.

7.40. Executing ICE40_OPT pass (performing simple optimizations).

7.40.1. Running ICE40 specific optimizations.
Optimized $__ICE40_CARRY_WRAPPER cell back to logic (without SB_CARRY) icebreaker.$auto$alumacc.cc:512:replace_alu$7977.slice[0].carry: CO=$auto$alumacc.cc:512:replace_alu$7977.BB [0]
Optimized $__ICE40_CARRY_WRAPPER cell back to logic (without SB_CARRY) icebreaker.$auto$alumacc.cc:512:replace_alu$8010.slice[0].carry: CO=\soc.cpu.mem_addr [24]
Optimized $__ICE40_CARRY_WRAPPER cell back to logic (without SB_CARRY) icebreaker.$auto$alumacc.cc:512:replace_alu$8021.slice[0].carry: CO=\soc.cpu.mem_addr [25]
Optimized $__ICE40_CARRY_WRAPPER cell back to logic (without SB_CARRY) icebreaker.$auto$alumacc.cc:512:replace_alu$8028.slice[0].carry: CO=\soc.cpu.mem_addr [17]
Optimized $__ICE40_CARRY_WRAPPER cell back to logic (without SB_CARRY) icebreaker.$auto$alumacc.cc:512:replace_alu$8065.slice[0].carry: CO=\soc.cpu.count_instr [0]
Optimized $__ICE40_CARRY_WRAPPER cell back to logic (without SB_CARRY) icebreaker.$auto$alumacc.cc:512:replace_alu$8068.slice[0].carry: CO=$auto$alumacc.cc:512:replace_alu$8062.B [1]
Optimized $__ICE40_CARRY_WRAPPER cell back to logic (without SB_CARRY) icebreaker.$auto$alumacc.cc:512:replace_alu$8071.slice[0].carry: CO=\soc.cpu.count_cycle [0]
Optimized $__ICE40_CARRY_WRAPPER cell back to logic (without SB_CARRY) icebreaker.$auto$alumacc.cc:512:replace_alu$8074.slice[0].carry: CO=\soc.cpu.pcpi_timeout_counter [0]
Optimized $__ICE40_CARRY_WRAPPER cell back to logic (without SB_CARRY) icebreaker.$auto$alumacc.cc:512:replace_alu$8077.slice[0].carry: CO=\soc.cpu.reg_pc [2]
Optimized $__ICE40_CARRY_WRAPPER cell back to logic (without SB_CARRY) icebreaker.$auto$alumacc.cc:512:replace_alu$8080.slice[0].carry: CO=\soc.cpu.timer [0]
Optimized $__ICE40_CARRY_WRAPPER cell back to logic (without SB_CARRY) icebreaker.$auto$alumacc.cc:512:replace_alu$8086.slice[0].carry: CO=$auto$alumacc.cc:512:replace_alu$8041.BB [0]
Optimized $__ICE40_CARRY_WRAPPER cell back to logic (without SB_CARRY) icebreaker.$auto$alumacc.cc:512:replace_alu$8089.slice[0].carry: CO=$auto$alumacc.cc:512:replace_alu$8089.BB [0]
Optimized $__ICE40_CARRY_WRAPPER cell back to logic (without SB_CARRY) icebreaker.$auto$alumacc.cc:512:replace_alu$8092.slice[0].carry: CO=$auto$alumacc.cc:512:replace_alu$8092.BB [0]
Optimized $__ICE40_CARRY_WRAPPER cell back to logic (without SB_CARRY) icebreaker.$auto$alumacc.cc:512:replace_alu$8095.slice[0].carry: CO=$auto$alumacc.cc:512:replace_alu$8095.BB [0]
Optimized $__ICE40_CARRY_WRAPPER cell back to logic (without SB_CARRY) icebreaker.$auto$alumacc.cc:512:replace_alu$8115.slice[0].carry: CO=\soc.spimem_cache.gen_multi.cur_fill [0]
Optimized $__ICE40_CARRY_WRAPPER cell back to logic (without SB_CARRY) icebreaker.$auto$alumacc.cc:512:replace_alu$8118.slice[0].carry: CO=\soc.spimem_cache.miss_count [0]
Optimized $__ICE40_CARRY_WRAPPER cell back to logic (without SB_CARRY) icebreaker.$auto$alumacc.cc:512:replace_alu$8121.slice[0].carry: CO=\soc.spimem_cache.hit_count [0]
Optimized $__ICE40_CARRY_WRAPPER cell back to logic (without SB_CARRY) icebreaker.$auto$alumacc.cc:512:replace_alu$8136.slice[0].carry: CO=\soc.cpu.reg_sh [2]
Optimized $__ICE40_CARRY_WRAPPER cell back to logic (without SB_CARRY) icebreaker.$auto$alumacc.cc:512:replace_alu$8149.slice[0].carry: CO=\soc.cpu.reg_sh [0]
Optimized $__ICE40_CARRY_WRAPPER cell back to logic (without SB_CARRY) icebreaker.$auto$alumacc.cc:512:replace_alu$8155.slice[0].carry: CO=\soc.spimemio.rd_addr [2]
Optimized $__ICE40_CARRY_WRAPPER cell back to logic (without SB_CARRY) icebreaker.$auto$alumacc.cc:512:replace_alu$8155.slice[22].carry: CO=1'0
Optimized $__ICE40_CARRY_WRAPPER cell back to logic (without SB_CARRY) icebreaker.$auto$alumacc.cc:512:replace_alu$8158.slice[0].carry: CO=\soc.simpleuart.send_bitcnt [0]
Optimized $__ICE40_CARRY_WRAPPER cell back to logic (without SB_CARRY) icebreaker.$auto$alumacc.cc:512:replace_alu$8161.slice[0].carry: CO=\soc.simpleuart.send_divcnt [0]
Optimized $__ICE40_CARRY_WRAPPER cell back to logic (without SB_CARRY) icebreaker.$auto$alumacc.cc:512:replace_alu$8164.slice[0].carry: CO=\soc.simpleuart.recv_state [0]
Optimized $__ICE40_CARRY_WRAPPER cell back to logic (without SB_CARRY) icebreaker.$auto$alumacc.cc:512:replace_alu$8167.slice[0].carry: CO=\soc.simpleuart.recv_divcnt [0]
Optimized $__ICE40_CARRY_WRAPPER cell back to logic (without SB_CARRY) icebreaker.$auto$alumacc.cc:512:replace_alu$8170.slice[0].carry: CO=\seven_segment_ctrl.clkdiv [0]

7.40.2. Executing OPT_EXPR pass (perform const folding).
Optimizing module icebreaker.
<suppressed ~88 debug messages>

7.40.3. Executing OPT_MERGE pass (detect identical cells).
Finding identical cells in module `\icebreaker'.
Computing hashes of 10595 cells of `\icebreaker'.
Finding duplicate cells in `\icebreaker'.
Removed a total of 0 cells.

7.40.4. Executing OPT_DFF pass (perform DFF optimizations).
Adding SRST signal on $auto$ff.cc:337:slice$12670 ($_SDFF_PP0_) from module icebreaker (D = $flatten\soc.\spimemio.$procmux$5488.Y_B, Q = \soc.spimemio.din_valid, rval = 1'0).
Adding SRST signal on $auto$ff.cc:337:slice$12669 ($_DFFE_PP_) from module icebreaker (D = $flatten\soc.\spimemio.$procmux$5600.Y_B [7], Q = \soc.spimemio.din_data [7], rval = 1'1).
Adding SRST signal on $auto$ff.cc:337:slice$11594 ($_DFFE_PP_) from module icebreaker (D = $flatten\soc.\cpu.$procmux$4116.Y_B [31], Q = \soc.cpu.decoded_imm [31], rval = 1'0).
Adding SRST signal on $auto$ff.cc:337:slice$11564 ($_DFFE_PP_) from module icebreaker (D = $flatten\soc.\cpu.$procmux$4116.Y_B [1], Q = \soc.cpu.decoded_imm [1], rval = 1'0).
Adding SRST signal on $auto$ff.cc:337:slice$11565 ($_DFFE_PP_) from module icebreaker (D = $flatten\soc.\cpu.$procmux$4116.Y_B [2], Q = \soc.cpu.decoded_imm [2], rval = 1'0).
Adding SRST signal on $auto$ff.cc:337:slice$11566 ($_DFFE_PP_) from module icebreaker (D = $flatten\soc.\cpu.$procmux$4116.Y_B [3], Q = \soc.cpu.decoded_imm [3], rval = 1'0).
Adding SRST signal on $auto$ff.cc:337:slice$11567 ($_DFFE_PP_) from module icebreaker (D = $flatten\soc.\cpu.$procmux$4116.Y_B [4], Q = \soc.cpu.decoded_imm [4], rval = 1'0).
Adding SRST signal on $auto$ff.cc:337:slice$11568 ($_DFFE_PP_) from module icebreaker (D = $flatten\soc.\cpu.$procmux$4116.Y_B [5], Q = \soc.cpu.decoded_imm [5], rval = 1'0).
Adding SRST signal on $auto$ff.cc:337:slice$11569 ($_DFFE_PP_) from module icebreaker (D = $flatten\soc.\cpu.$procmux$4116.Y_B [6], Q = \soc.cpu.decoded_imm [6], rval = 1'0).
Adding SRST signal on $auto$ff.cc:337:slice$11570 ($_DFFE_PP_) from module icebreaker (D = $flatten\soc.\cpu.$procmux$4116.Y_B [7], Q = \soc.cpu.decoded_imm [7], rval = 1'0).
Adding SRST signal on $auto$ff.cc:337:slice$11571 ($_DFFE_PP_) from module icebreaker (D = $flatten\soc.\cpu.$procmux$4116.Y_B [8], Q = \soc.cpu.decoded_imm [8], rval = 1'0).
Adding SRST signal on $auto$ff.cc:337:slice$11572 ($_DFFE_PP_) from module icebreaker (D = $flatten\soc.\cpu.$procmux$4116.Y_B [9], Q = \soc.cpu.decoded_imm [9], rval = 1'0).
Adding SRST signal on $auto$ff.cc:337:slice$11573 ($_DFFE_PP_) from module icebreaker (D = $flatten\soc.\cpu.$procmux$4116.Y_B [10], Q = \soc.cpu.decoded_imm [10], rval = 1'0).
Adding SRST signal on $auto$ff.cc:337:slice$11574 ($_DFFE_PP_) from module icebreaker (D = $flatten\soc.\cpu.$procmux$4116.Y_B [11], Q = \soc.cpu.decoded_imm [11], rval = 1'0).
Adding SRST signal on $auto$ff.cc:337:slice$11575 ($_DFFE_PP_) from module icebreaker (D = $flatten\soc.\cpu.$procmux$4116.Y_B [12], Q = \soc.cpu.decoded_imm [12], rval = 1'0).
Adding SRST signal on $auto$ff.cc:337:slice$11576 ($_DFFE_PP_) from module icebreaker (D = $flatten\soc.\cpu.$procmux$4116.Y_B [13], Q = \soc.cpu.decoded_imm [13], rval = 1'0).
Adding SRST signal on $auto$ff.cc:337:slice$11577 ($_DFFE_PP_) from module icebreaker (D = $flatten\soc.\cpu.$procmux$4116.Y_B [14], Q = \soc.cpu.decoded_imm [14], rval = 1'0).
Adding SRST signal on $auto$ff.cc:337:slice$11578 ($_DFFE_PP_) from module icebreaker (D = $flatten\soc.\cpu.$procmux$4116.Y_B [15], Q = \soc.cpu.decoded_imm [15], rval = 1'0).
Adding SRST signal on $auto$ff.cc:337:slice$11579 ($_DFFE_PP_) from module icebreaker (D = $flatten\soc.\cpu.$procmux$4116.Y_B [16], Q = \soc.cpu.decoded_imm [16], rval = 1'0).
Adding SRST signal on $auto$ff.cc:337:slice$11580 ($_DFFE_PP_) from module icebreaker (D = $flatten\soc.\cpu.$procmux$4116.Y_B [17], Q = \soc.cpu.decoded_imm [17], rval = 1'0).
Adding SRST signal on $auto$ff.cc:337:slice$11581 ($_DFFE_PP_) from module icebreaker (D = $flatten\soc.\cpu.$procmux$4116.Y_B [18], Q = \soc.cpu.decoded_imm [18], rval = 1'0).
Adding SRST signal on $auto$ff.cc:337:slice$11582 ($_DFFE_PP_) from module icebreaker (D = $flatten\soc.\cpu.$procmux$4116.Y_B [19], Q = \soc.cpu.decoded_imm [19], rval = 1'0).
Adding SRST signal on $auto$ff.cc:337:slice$11583 ($_DFFE_PP_) from module icebreaker (D = $flatten\soc.\cpu.$procmux$4116.Y_B [20], Q = \soc.cpu.decoded_imm [20], rval = 1'0).
Adding SRST signal on $auto$ff.cc:337:slice$11584 ($_DFFE_PP_) from module icebreaker (D = $flatten\soc.\cpu.$procmux$4116.Y_B [21], Q = \soc.cpu.decoded_imm [21], rval = 1'0).
Adding SRST signal on $auto$ff.cc:337:slice$11585 ($_DFFE_PP_) from module icebreaker (D = $flatten\soc.\cpu.$procmux$4116.Y_B [22], Q = \soc.cpu.decoded_imm [22], rval = 1'0).
Adding SRST signal on $auto$ff.cc:337:slice$11586 ($_DFFE_PP_) from module icebreaker (D = $flatten\soc.\cpu.$procmux$4116.Y_B [23], Q = \soc.cpu.decoded_imm [23], rval = 1'0).
Adding SRST signal on $auto$ff.cc:337:slice$11587 ($_DFFE_PP_) from module icebreaker (D = $flatten\soc.\cpu.$procmux$4116.Y_B [24], Q = \soc.cpu.decoded_imm [24], rval = 1'0).
Adding SRST signal on $auto$ff.cc:337:slice$11588 ($_DFFE_PP_) from module icebreaker (D = $flatten\soc.\cpu.$procmux$4116.Y_B [25], Q = \soc.cpu.decoded_imm [25], rval = 1'0).
Adding SRST signal on $auto$ff.cc:337:slice$11589 ($_DFFE_PP_) from module icebreaker (D = $flatten\soc.\cpu.$procmux$4116.Y_B [26], Q = \soc.cpu.decoded_imm [26], rval = 1'0).
Adding SRST signal on $auto$ff.cc:337:slice$11590 ($_DFFE_PP_) from module icebreaker (D = $flatten\soc.\cpu.$procmux$4116.Y_B [27], Q = \soc.cpu.decoded_imm [27], rval = 1'0).
Adding SRST signal on $auto$ff.cc:337:slice$11591 ($_DFFE_PP_) from module icebreaker (D = $flatten\soc.\cpu.$procmux$4116.Y_B [28], Q = \soc.cpu.decoded_imm [28], rval = 1'0).
Adding SRST signal on $auto$ff.cc:337:slice$11592 ($_DFFE_PP_) from module icebreaker (D = $flatten\soc.\cpu.$procmux$4116.Y_B [29], Q = \soc.cpu.decoded_imm [29], rval = 1'0).
Adding SRST signal on $auto$ff.cc:337:slice$11593 ($_DFFE_PP_) from module icebreaker (D = $flatten\soc.\cpu.$procmux$4116.Y_B [30], Q = \soc.cpu.decoded_imm [30], rval = 1'0).
Adding EN signal on $auto$ff.cc:337:slice$12155 ($_SDFFE_PN0P_) from module icebreaker (D = $flatten\soc.\cpu.$procmux$2599.B_AND_S [32], Q = \soc.cpu.reg_next_pc [0]).
Adding EN signal on $auto$ff.cc:337:slice$12512 ($_SDFFE_PP0P_) from module icebreaker (D = $flatten\soc.\spimemio.\xfer.$procmux$2018.Y_B [0], Q = \soc.spimemio.xfer.count [0]).
Adding SRST signal on $auto$ff.cc:337:slice$12662 ($_DFFE_PP_) from module icebreaker (D = $flatten\soc.\spimemio.$procmux$5600.Y_B [0], Q = \soc.spimemio.din_data [0], rval = 1'1).
Adding SRST signal on $auto$ff.cc:337:slice$12663 ($_DFFE_PP_) from module icebreaker (D = $flatten\soc.\spimemio.$procmux$5600.Y_B [1], Q = \soc.spimemio.din_data [1], rval = 1'1).
Adding SRST signal on $auto$ff.cc:337:slice$12664 ($_DFFE_PP_) from module icebreaker (D = $flatten\soc.\spimemio.$procmux$5600.Y_B [2], Q = \soc.spimemio.din_data [2], rval = 1'1).
Adding SRST signal on $auto$ff.cc:337:slice$12665 ($_DFFE_PP_) from module icebreaker (D = $flatten\soc.\spimemio.$procmux$5600.Y_B [3], Q = \soc.spimemio.din_data [3], rval = 1'1).
Adding SRST signal on $auto$ff.cc:337:slice$12666 ($_DFFE_PP_) from module icebreaker (D = $flatten\soc.\spimemio.$procmux$5600.Y_B [4], Q = \soc.spimemio.din_data [4], rval = 1'1).
Adding SRST signal on $auto$ff.cc:337:slice$12667 ($_DFFE_PP_) from module icebreaker (D = $flatten\soc.\spimemio.$procmux$5600.Y_B [5], Q = \soc.spimemio.din_data [5], rval = 1'1).
Adding SRST signal on $auto$ff.cc:337:slice$12668 ($_DFFE_PP_) from module icebreaker (D = $flatten\soc.\spimemio.$procmux$5600.Y_B [6], Q = \soc.spimemio.din_data [6], rval = 1'1).

7.40.5. Executing OPT_CLEAN pass (remove unused cells and wires).
Finding unused cells or wires in module \icebreaker..
Removed 46 unused cells and 11 unused wires.
<suppressed ~47 debug messages>

7.40.6. Rerunning OPT passes. (Removed registers in this run.)

7.40.7. Running ICE40 specific optimizations.

7.40.8. Executing OPT_EXPR pass (perform const folding).
Optimizing module icebreaker.

7.40.9. Executing OPT_MERGE pass (detect identical cells).
Finding identical cells in module `\icebreaker'.
Computing hashes of 10553 cells of `\icebreaker'.
Finding duplicate cells in `\icebreaker'.
Removed a total of 0 cells.

7.40.10. Executing OPT_DFF pass (perform DFF optimizations).

7.40.11. Executing OPT_CLEAN pass (remove unused cells and wires).
Finding unused cells or wires in module \icebreaker..

7.40.12. Finished OPT passes. (There is nothing left to do.)

7.41. Executing DFFLEGALIZE pass (convert FFs to types supported by the target).

7.42. Executing TECHMAP pass (map to technology primitives).

7.42.1. Executing Verilog-2005 frontend: /homes/cl2033/oss-cad-suite/lib/../share/yosys/ice40/ff_map.v
Parsing Verilog input from `/homes/cl2033/oss-cad-suite/lib/../share/yosys/ice40/ff_map.v' to AST representation.
Generating RTLIL representation for module `$_DFF_N_'.
Generating RTLIL representation for module `$_DFF_P_'.
Generating RTLIL representation for module `$_DFFE_NP_'.
Generating RTLIL representation for module `$_DFFE_PP_'.
Generating RTLIL representation for module `$_DFF_NP0_'.
Generating RTLIL representation for module `$_DFF_NP1_'.
Generating RTLIL representation for module `$_DFF_PP0_'.
Generating RTLIL representation for module `$_DFF_PP1_'.
Generating RTLIL representation for module `$_DFFE_NP0P_'.
Generating RTLIL representation for module `$_DFFE_NP1P_'.
Generating RTLIL representation for module `$_DFFE_PP0P_'.
Generating RTLIL representation for module `$_DFFE_PP1P_'.
Generating RTLIL representation for module `$_SDFF_NP0_'.
Generating RTLIL representation for module `$_SDFF_NP1_'.
Generating RTLIL representation for module `$_SDFF_PP0_'.
Generating RTLIL representation for module `$_SDFF_PP1_'.
Generating RTLIL representation for module `$_SDFFCE_NP0P_'.
Generating RTLIL representation for module `$_SDFFCE_NP1P_'.
Generating RTLIL representation for module `$_SDFFCE_PP0P_'.
Generating RTLIL representation for module `$_SDFFCE_PP1P_'.
Successfully finished Verilog frontend.

7.42.2. Continuing TECHMAP pass.
Using template $_DFF_P_ for cells of type $_DFF_P_.
Using template $_SDFFCE_PP1P_ for cells of type $_SDFFCE_PP1P_.
Using template $_SDFFCE_PP0P_ for cells of type $_SDFFCE_PP0P_.
Using template $_SDFF_PP0_ for cells of type $_SDFF_PP0_.
Using template $_DFF_N_ for cells of type $_DFF_N_.
Using template $_DFFE_PP_ for cells of type $_DFFE_PP_.
Using template $_SDFF_PP1_ for cells of type $_SDFF_PP1_.
No more expansions possible.
<suppressed ~1665 debug messages>

7.43. Executing OPT_EXPR pass (perform const folding).
Optimizing module icebreaker.

7.44. Executing SIMPLEMAP pass (map simple cells to gate primitives).
Mapping icebreaker.$auto$alumacc.cc:512:replace_alu$8065.slice[0].carry ($lut).
Mapping icebreaker.$auto$alumacc.cc:512:replace_alu$8068.slice[0].carry ($lut).
Mapping icebreaker.$auto$alumacc.cc:512:replace_alu$8071.slice[0].carry ($lut).
Mapping icebreaker.$auto$alumacc.cc:512:replace_alu$8074.slice[0].carry ($lut).
Mapping icebreaker.$auto$alumacc.cc:512:replace_alu$8077.slice[0].carry ($lut).
Mapping icebreaker.$auto$alumacc.cc:512:replace_alu$8080.slice[0].carry ($lut).
Mapping icebreaker.$auto$alumacc.cc:512:replace_alu$8086.slice[0].carry ($lut).
Mapping icebreaker.$auto$alumacc.cc:512:replace_alu$8089.slice[0].carry ($lut).
Mapping icebreaker.$auto$alumacc.cc:512:replace_alu$8092.slice[0].carry ($lut).
Mapping icebreaker.$auto$alumacc.cc:512:replace_alu$8095.slice[0].carry ($lut).
Mapping icebreaker.$auto$alumacc.cc:512:replace_alu$8115.slice[0].carry ($lut).
Mapping icebreaker.$auto$alumacc.cc:512:replace_alu$8118.slice[0].carry ($lut).
Mapping icebreaker.$auto$alumacc.cc:512:replace_alu$8121.slice[0].carry ($lut).
Mapping icebreaker.$auto$alumacc.cc:512:replace_alu$8136.slice[0].carry ($lut).
Mapping icebreaker.$auto$alumacc.cc:512:replace_alu$8149.slice[0].carry ($lut).
Mapping icebreaker.$auto$alumacc.cc:512:replace_alu$8155.slice[0].carry ($lut).
Mapping icebreaker.$auto$alumacc.cc:512:replace_alu$8155.slice[22].carry ($lut).
Mapping icebreaker.$auto$alumacc.cc:512:replace_alu$8158.slice[0].carry ($lut).
Mapping icebreaker.$auto$alumacc.cc:512:replace_alu$8161.slice[0].carry ($lut).
Mapping icebreaker.$auto$alumacc.cc:512:replace_alu$8164.slice[0].carry ($lut).
Mapping icebreaker.$auto$alumacc.cc:512:replace_alu$8167.slice[0].carry ($lut).
Mapping icebreaker.$auto$alumacc.cc:512:replace_alu$8170.slice[0].carry ($lut).

7.45. Executing ICE40_OPT pass (performing simple optimizations).

7.45.1. Running ICE40 specific optimizations.

7.45.2. Executing OPT_EXPR pass (perform const folding).
Optimizing module icebreaker.
<suppressed ~619 debug messages>

7.45.3. Executing OPT_MERGE pass (detect identical cells).
Finding identical cells in module `\icebreaker'.
Computing hashes of 11734 cells of `\icebreaker'.
Finding duplicate cells in `\icebreaker'.
Computing hashes of 10726 cells of `\icebreaker'.
Finding duplicate cells in `\icebreaker'.
<suppressed ~3024 debug messages>
Removed a total of 1008 cells.

7.45.4. Executing OPT_DFF pass (perform DFF optimizations).

7.45.5. Executing OPT_CLEAN pass (remove unused cells and wires).
Finding unused cells or wires in module \icebreaker..
Removed 0 unused cells and 9649 unused wires.
<suppressed ~1 debug messages>

7.45.6. Rerunning OPT passes. (Removed registers in this run.)

7.45.7. Running ICE40 specific optimizations.

7.45.8. Executing OPT_EXPR pass (perform const folding).
Optimizing module icebreaker.

7.45.9. Executing OPT_MERGE pass (detect identical cells).
Finding identical cells in module `\icebreaker'.
Computing hashes of 10726 cells of `\icebreaker'.
Finding duplicate cells in `\icebreaker'.
Removed a total of 0 cells.

7.45.10. Executing OPT_DFF pass (perform DFF optimizations).

7.45.11. Executing OPT_CLEAN pass (remove unused cells and wires).
Finding unused cells or wires in module \icebreaker..

7.45.12. Finished OPT passes. (There is nothing left to do.)

7.46. Executing TECHMAP pass (map to technology primitives).

7.46.1. Executing Verilog-2005 frontend: /homes/cl2033/oss-cad-suite/lib/../share/yosys/ice40/latches_map.v
Parsing Verilog input from `/homes/cl2033/oss-cad-suite/lib/../share/yosys/ice40/latches_map.v' to AST representation.
Generating RTLIL representation for module `$_DLATCH_N_'.
Generating RTLIL representation for module `$_DLATCH_P_'.
Successfully finished Verilog frontend.

7.46.2. Continuing TECHMAP pass.
No more expansions possible.
<suppressed ~4 debug messages>

7.47. Executing Verilog-2005 frontend: /homes/cl2033/oss-cad-suite/lib/../share/yosys/ice40/abc9_model.v
Parsing Verilog input from `/homes/cl2033/oss-cad-suite/lib/../share/yosys/ice40/abc9_model.v' to AST representation.
Generating RTLIL representation for module `$__ICE40_CARRY_WRAPPER'.
Successfully finished Verilog frontend.

7.48. Executing ABC9 pass.

7.48.1. Executing ABC9_OPS pass (helper functions for ABC9).

7.48.2. Executing ABC9_OPS pass (helper functions for ABC9).

7.48.3. Executing SCC pass (detecting logic loops).
Found 0 SCCs in module icebreaker.
Found 0 SCCs.

7.48.4. Executing ABC9_OPS pass (helper functions for ABC9).

7.48.5. Executing TECHMAP pass (map to technology primitives).

7.48.5.1. Executing Verilog-2005 frontend: /homes/cl2033/oss-cad-suite/lib/../share/yosys/techmap.v
Parsing Verilog input from `/homes/cl2033/oss-cad-suite/lib/../share/yosys/techmap.v' to AST representation.
Generating RTLIL representation for module `\_90_simplemap_bool_ops'.
Generating RTLIL representation for module `\_90_simplemap_reduce_ops'.
Generating RTLIL representation for module `\_90_simplemap_logic_ops'.
Generating RTLIL representation for module `\_90_simplemap_compare_ops'.
Generating RTLIL representation for module `\_90_simplemap_various'.
Generating RTLIL representation for module `\_90_simplemap_registers'.
Generating RTLIL representation for module `\_90_shift_ops_shr_shl_sshl_sshr'.
Generating RTLIL representation for module `\_90_shift_shiftx'.
Generating RTLIL representation for module `\_90_fa'.
Generating RTLIL representation for module `\_90_lcu_brent_kung'.
Generating RTLIL representation for module `\_90_alu'.
Generating RTLIL representation for module `\_90_macc'.
Generating RTLIL representation for module `\_90_alumacc'.
Generating RTLIL representation for module `$__div_mod_u'.
Generating RTLIL representation for module `$__div_mod_trunc'.
Generating RTLIL representation for module `\_90_div'.
Generating RTLIL representation for module `\_90_mod'.
Generating RTLIL representation for module `$__div_mod_floor'.
Generating RTLIL representation for module `\_90_divfloor'.
Generating RTLIL representation for module `\_90_modfloor'.
Generating RTLIL representation for module `\_90_pow'.
Generating RTLIL representation for module `\_90_pmux'.
Generating RTLIL representation for module `\_90_demux'.
Generating RTLIL representation for module `\_90_lut'.
Generating RTLIL representation for module `$connect'.
Generating RTLIL representation for module `$input_port'.
Successfully finished Verilog frontend.

7.48.5.2. Continuing TECHMAP pass.
No more expansions possible.
<suppressed ~132 debug messages>

7.48.6. Executing OPT pass (performing simple optimizations).

7.48.6.1. Executing OPT_EXPR pass (perform const folding).

7.48.6.2. Executing OPT_MERGE pass (detect identical cells).
Removed a total of 0 cells.

7.48.6.3. Executing OPT_MUXTREE pass (detect dead branches in mux trees).
Removed 0 multiplexer ports.

7.48.6.4. Executing OPT_REDUCE pass (consolidate $*mux and $reduce_* inputs).
Performed a total of 0 changes.

7.48.6.5. Executing OPT_MERGE pass (detect identical cells).
Removed a total of 0 cells.

7.48.6.6. Executing OPT_DFF pass (perform DFF optimizations).

7.48.6.7. Executing OPT_CLEAN pass (remove unused cells and wires).

7.48.6.8. Executing OPT_EXPR pass (perform const folding).

7.48.6.9. Finished fast OPT passes. (There is nothing left to do.)

7.48.7. Executing TECHMAP pass (map to technology primitives).

7.48.7.1. Executing Verilog-2005 frontend: /homes/cl2033/oss-cad-suite/lib/../share/yosys/abc9_map.v
Parsing Verilog input from `/homes/cl2033/oss-cad-suite/lib/../share/yosys/abc9_map.v' to AST representation.
Successfully finished Verilog frontend.

7.48.7.2. Continuing TECHMAP pass.
No more expansions possible.
<suppressed ~2 debug messages>

7.48.8. Executing Verilog-2005 frontend: /homes/cl2033/oss-cad-suite/lib/../share/yosys/abc9_model.v
Parsing Verilog input from `/homes/cl2033/oss-cad-suite/lib/../share/yosys/abc9_model.v' to AST representation.
Generating RTLIL representation for module `$__ABC9_DELAY'.
Generating RTLIL representation for module `$__ABC9_SCC_BREAKER'.
Generating RTLIL representation for module `$__DFF_N__$abc9_flop'.
Generating RTLIL representation for module `$__DFF_P__$abc9_flop'.
Successfully finished Verilog frontend.

7.48.9. Executing ABC9_OPS pass (helper functions for ABC9).
<suppressed ~3267 debug messages>

7.48.10. Executing ABC9_OPS pass (helper functions for ABC9).

7.48.11. Executing ABC9_OPS pass (helper functions for ABC9).
<suppressed ~2 debug messages>

7.48.12. Executing TECHMAP pass (map to technology primitives).

7.48.12.1. Executing Verilog-2005 frontend: /homes/cl2033/oss-cad-suite/lib/../share/yosys/techmap.v
Parsing Verilog input from `/homes/cl2033/oss-cad-suite/lib/../share/yosys/techmap.v' to AST representation.
Generating RTLIL representation for module `\_90_simplemap_bool_ops'.
Generating RTLIL representation for module `\_90_simplemap_reduce_ops'.
Generating RTLIL representation for module `\_90_simplemap_logic_ops'.
Generating RTLIL representation for module `\_90_simplemap_compare_ops'.
Generating RTLIL representation for module `\_90_simplemap_various'.
Generating RTLIL representation for module `\_90_simplemap_registers'.
Generating RTLIL representation for module `\_90_shift_ops_shr_shl_sshl_sshr'.
Generating RTLIL representation for module `\_90_shift_shiftx'.
Generating RTLIL representation for module `\_90_fa'.
Generating RTLIL representation for module `\_90_lcu_brent_kung'.
Generating RTLIL representation for module `\_90_alu'.
Generating RTLIL representation for module `\_90_macc'.
Generating RTLIL representation for module `\_90_alumacc'.
Generating RTLIL representation for module `$__div_mod_u'.
Generating RTLIL representation for module `$__div_mod_trunc'.
Generating RTLIL representation for module `\_90_div'.
Generating RTLIL representation for module `\_90_mod'.
Generating RTLIL representation for module `$__div_mod_floor'.
Generating RTLIL representation for module `\_90_divfloor'.
Generating RTLIL representation for module `\_90_modfloor'.
Generating RTLIL representation for module `\_90_pow'.
Generating RTLIL representation for module `\_90_pmux'.
Generating RTLIL representation for module `\_90_demux'.
Generating RTLIL representation for module `\_90_lut'.
Generating RTLIL representation for module `$connect'.
Generating RTLIL representation for module `$input_port'.
Successfully finished Verilog frontend.

7.48.12.2. Continuing TECHMAP pass.
Using template $paramod$__ICE40_CARRY_WRAPPER\LUT=16'0110100110010110\I3_IS_CI=1'1 for cells of type $paramod$__ICE40_CARRY_WRAPPER\LUT=16'0110100110010110\I3_IS_CI=1'1.
Using template SB_CARRY for cells of type SB_CARRY.
Using template $paramod\SB_LUT4\LUT_INIT=16'0110100110010110 for cells of type SB_LUT4.
Using extmapper simplemap for cells of type $mux.
Using extmapper simplemap for cells of type $logic_or.
Using extmapper simplemap for cells of type $logic_and.
No more expansions possible.
<suppressed ~159 debug messages>

7.48.13. Executing OPT pass (performing simple optimizations).

7.48.13.1. Executing OPT_EXPR pass (perform const folding).
Optimizing module icebreaker.
<suppressed ~4 debug messages>

7.48.13.2. Executing OPT_MERGE pass (detect identical cells).
Finding identical cells in module `\icebreaker'.
Computing hashes of 30 cells of `\icebreaker'.
Finding duplicate cells in `\icebreaker'.
Computing hashes of 20 cells of `\icebreaker'.
Finding duplicate cells in `\icebreaker'.
Computing hashes of 18 cells of `\icebreaker'.
Finding duplicate cells in `\icebreaker'.
<suppressed ~29 debug messages>
Removed a total of 12 cells.

7.48.13.3. Executing OPT_MUXTREE pass (detect dead branches in mux trees).
Running muxtree optimizer on module \icebreaker..
  Creating internal representation of mux trees.
  No muxes found in this module.
Removed 0 multiplexer ports.

7.48.13.4. Executing OPT_REDUCE pass (consolidate $*mux and $reduce_* inputs).
  Optimizing cells in module \icebreaker.
Performed a total of 0 changes.

7.48.13.5. Executing OPT_MERGE pass (detect identical cells).
Finding identical cells in module `\icebreaker'.
Computing hashes of 18 cells of `\icebreaker'.
Finding duplicate cells in `\icebreaker'.
Removed a total of 0 cells.

7.48.13.6. Executing OPT_DFF pass (perform DFF optimizations).

7.48.13.7. Executing OPT_CLEAN pass (remove unused cells and wires).
Finding unused cells or wires in module \icebreaker..
Removed 0 unused cells and 24 unused wires.
<suppressed ~1 debug messages>

7.48.13.8. Executing OPT_EXPR pass (perform const folding).
Optimizing module icebreaker.

7.48.13.9. Rerunning OPT passes. (Maybe there is more to do..)

7.48.13.10. Executing OPT_MUXTREE pass (detect dead branches in mux trees).
Running muxtree optimizer on module \icebreaker..
  Creating internal representation of mux trees.
  No muxes found in this module.
Removed 0 multiplexer ports.

7.48.13.11. Executing OPT_REDUCE pass (consolidate $*mux and $reduce_* inputs).
  Optimizing cells in module \icebreaker.
Performed a total of 0 changes.

7.48.13.12. Executing OPT_MERGE pass (detect identical cells).
Finding identical cells in module `\icebreaker'.
Computing hashes of 18 cells of `\icebreaker'.
Finding duplicate cells in `\icebreaker'.
Removed a total of 0 cells.

7.48.13.13. Executing OPT_DFF pass (perform DFF optimizations).

7.48.13.14. Executing OPT_CLEAN pass (remove unused cells and wires).
Finding unused cells or wires in module \icebreaker..

7.48.13.15. Executing OPT_EXPR pass (perform const folding).
Optimizing module icebreaker.

7.48.13.16. Finished fast OPT passes. (There is nothing left to do.)

7.48.14. Executing AIGMAP pass (map logic to AIG).
Module icebreaker: replaced 7 cells with 43 new cells, skipped 11 cells.
  replaced 2 cell types:
       5 $_MUX_
       2 $_OR_
  not replaced 3 cell types:
       2 $_AND_
       1 $_NOT_
       8 $specify2

7.48.15. Executing AIGMAP pass (map logic to AIG).
Module icebreaker: replaced 4743 cells with 25989 new cells, skipped 9248 cells.
  replaced 5 cell types:
      64 $_ANDNOT_
    2119 $_MUX_
      40 $_ORNOT_
    2244 $_OR_
     276 $_XOR_
  not replaced 25 cell types:
    2355 $_AND_
     878 $_NOT_
      13 $scopeinfo
       4 SB_MAC16
       4 SB_IO
     271 SB_DFF
     500 SB_DFFE
     240 SB_DFFSR
       4 SB_DFFSS
     492 SB_DFFESR
     132 SB_DFFESS
       4 SB_DFFN
       1 SB_PLL40_PAD
       4 SB_SPRAM256KA
       8 $paramod$85a472072107804a1e6bedb8b52fb3de6104e462\SB_RAM40_4K
       5 $paramod$65b9e5893759870fd62e6b87dc6ba151fdc97e95\SB_RAM40_4K
      13 $paramod$__ABC9_DELAY\DELAY=32'00000000000000000000000010000101
     208 $paramod$__ABC9_DELAY\DELAY=32'00000000000000000000000010100001
     143 $paramod$__ABC9_DELAY\DELAY=32'00000000000000000000000011100000
      13 $paramod$__ABC9_DELAY\DELAY=32'00000000000000000000000001100010
      26 $paramod$__ABC9_DELAY\DELAY=32'00000000000000000000000100001011
     208 $paramod$__ABC9_DELAY\DELAY=32'00000000000000000000000100010010
    1011 $paramod$__ABC9_DELAY\DELAY=32'00000000000000000000000011001011
    1643 $paramod$__ABC9_DELAY\DELAY=32'00000000000000000000000000010101
    1068 $paramod$__ICE40_CARRY_WRAPPER\LUT=16'0110100110010110\I3_IS_CI=1'1

7.48.15.1. Executing ABC9_OPS pass (helper functions for ABC9).

7.48.15.2. Executing ABC9_OPS pass (helper functions for ABC9).

7.48.15.3. Executing XAIGER backend.
<suppressed ~1862 debug messages>
Extracted 11888 AND gates and 37437 wires from module `icebreaker' to a netlist network with 1955 inputs and 3591 outputs.

7.48.15.4. Executing ABC9_EXE pass (technology mapping using ABC9).

7.48.15.5. Executing ABC9.
Running ABC command: "<yosys-exe-dir>/yosys-abc" -s -f <abc-temp-dir>/abc.script 2>&1
ABC: ======== ABC command line "source <abc-temp-dir>/abc.script"
ABC: + read_lut <abc-temp-dir>/input.lut 
ABC: + read_box <abc-temp-dir>/input.box 
ABC: + &read <abc-temp-dir>/input.xaig 
ABC: + &ps 
ABC: <abc-temp-dir>/input : i/o =   1955/   3591  and =   11311  lev =   45 (1.77)  mem = 0.43 MB  box = 4333  bb = 3265
ABC: Warning: AIG with boxes has internal fanout in 0 complex flops and 1 carries.
ABC: + &scorr 
ABC: Warning: The network is combinational.
ABC: + &sweep 
ABC: + &dc2 
ABC: + &dch -f -r 
ABC: + &ps 
ABC: <abc-temp-dir>/input : i/o =   1955/   3591  and =   15547  lev =   46 (1.51)  mem = 0.48 MB  ch = 2213  box = 4321  bb = 3265
ABC: cst =       0  cls =   1853  lit =    2213  unused =   18813  proof =     0
ABC: Warning: AIG with boxes has internal fanout in 0 complex flops and 1 carries.
ABC: + &if -W 250 -v 
ABC: K = 4. Memory (bytes): Truth =    0. Cut =   52. Obj =  136. Set =  564. CutMin = no
ABC: Node =   15547.  Ch =  1853.  Total mem =    5.08 MB. Peak cut mem =    0.24 MB.
ABC: P:  Del = 10456.00.  Ar =    4475.0.  Edge =    15502.  Cut =    83589.  T =     0.01 sec
ABC: P:  Del = 10107.00.  Ar =    4200.0.  Edge =    15118.  Cut =    78985.  T =     0.01 sec
ABC: P:  Del = 10107.00.  Ar =    3788.0.  Edge =    12872.  Cut =    86547.  T =     0.01 sec
ABC: F:  Del = 10107.00.  Ar =    3718.0.  Edge =    12715.  Cut =    82959.  T =     0.01 sec
ABC: A:  Del = 10107.00.  Ar =    3440.0.  Edge =    11334.  Cut =    83784.  T =     0.02 sec
ABC: A:  Del = 10107.00.  Ar =    3429.0.  Edge =    11323.  Cut =    84035.  T =     0.02 sec
ABC: Total time =     0.07 sec
ABC: + &write -n <abc-temp-dir>/output.aig 
ABC: + &mfs 
ABC: + &ps -l 
ABC: <abc-temp-dir>/input : i/o =   1955/   3591  and =    9389  lev =   35 (1.56)  mem = 0.41 MB  box = 4321  bb = 3265
ABC: Mapping (K=4)  :  lut =   3359  edge =   11022  lev =   16 (0.92)  levB =   65  mem = 0.18 MB
ABC: LUT = 3359 : 2=715 21.3 %  3=984 29.3 %  4=1660 49.4 %  Ave = 3.28
ABC: Warning: AIG with boxes has internal fanout in 0 complex flops and 1 carries.
ABC: + &write -n <abc-temp-dir>/output.aig 
ABC: + &verify 
ABC: Networks are equivalent.  Time =     0.26 sec
ABC: + time 
ABC: elapse: 1.77 seconds, total: 1.77 seconds

7.48.15.6. Executing AIGER frontend.
<suppressed ~11115 debug messages>
Removed 13001 unused cells and 32708 unused wires.

7.48.15.7. Executing ABC9_OPS pass (helper functions for ABC9).
ABC RESULTS:              $lut cells:     3564
ABC RESULTS:   $paramod$__ICE40_CARRY_WRAPPER\LUT=16'0110100110010110\I3_IS_CI=1'1 cells:     1056
ABC RESULTS:           input signals:      277
ABC RESULTS:          output signals:     3452
Removing temp directory.

7.48.16. Executing TECHMAP pass (map to technology primitives).

7.48.16.1. Executing Verilog-2005 frontend: /homes/cl2033/oss-cad-suite/lib/../share/yosys/abc9_unmap.v
Parsing Verilog input from `/homes/cl2033/oss-cad-suite/lib/../share/yosys/abc9_unmap.v' to AST representation.
Generating RTLIL representation for module `$__DFF_x__$abc9_flop'.
Generating RTLIL representation for module `$__ABC9_SCC_BREAKER'.
Successfully finished Verilog frontend.

7.48.16.2. Continuing TECHMAP pass.
Using template $paramod$__ICE40_CARRY_WRAPPER\LUT=16'0110100110010110\I3_IS_CI=1'1 for cells of type $paramod$__ICE40_CARRY_WRAPPER\LUT=16'0110100110010110\I3_IS_CI=1'1.
Using template $paramod$65b9e5893759870fd62e6b87dc6ba151fdc97e95\SB_RAM40_4K for cells of type $paramod$65b9e5893759870fd62e6b87dc6ba151fdc97e95\SB_RAM40_4K.
Using template $paramod$85a472072107804a1e6bedb8b52fb3de6104e462\SB_RAM40_4K for cells of type $paramod$85a472072107804a1e6bedb8b52fb3de6104e462\SB_RAM40_4K.
No more expansions possible.
<suppressed ~1077 debug messages>

7.49. Executing ICE40_WRAPCARRY pass (wrap carries).

7.50. Executing TECHMAP pass (map to technology primitives).

7.50.1. Executing Verilog-2005 frontend: /homes/cl2033/oss-cad-suite/lib/../share/yosys/ice40/ff_map.v
Parsing Verilog input from `/homes/cl2033/oss-cad-suite/lib/../share/yosys/ice40/ff_map.v' to AST representation.
Generating RTLIL representation for module `$_DFF_N_'.
Generating RTLIL representation for module `$_DFF_P_'.
Generating RTLIL representation for module `$_DFFE_NP_'.
Generating RTLIL representation for module `$_DFFE_PP_'.
Generating RTLIL representation for module `$_DFF_NP0_'.
Generating RTLIL representation for module `$_DFF_NP1_'.
Generating RTLIL representation for module `$_DFF_PP0_'.
Generating RTLIL representation for module `$_DFF_PP1_'.
Generating RTLIL representation for module `$_DFFE_NP0P_'.
Generating RTLIL representation for module `$_DFFE_NP1P_'.
Generating RTLIL representation for module `$_DFFE_PP0P_'.
Generating RTLIL representation for module `$_DFFE_PP1P_'.
Generating RTLIL representation for module `$_SDFF_NP0_'.
Generating RTLIL representation for module `$_SDFF_NP1_'.
Generating RTLIL representation for module `$_SDFF_PP0_'.
Generating RTLIL representation for module `$_SDFF_PP1_'.
Generating RTLIL representation for module `$_SDFFCE_NP0P_'.
Generating RTLIL representation for module `$_SDFFCE_NP1P_'.
Generating RTLIL representation for module `$_SDFFCE_PP0P_'.
Generating RTLIL representation for module `$_SDFFCE_PP1P_'.
Successfully finished Verilog frontend.

7.50.2. Continuing TECHMAP pass.
No more expansions possible.
<suppressed ~22 debug messages>
Removed 906 unused cells and 45720 unused wires.

7.51. Executing OPT_LUT pass (optimize LUTs).
Discovering LUTs.
Number of LUTs:     4440
  1-LUT              205
  2-LUT              745
  3-LUT             1830
  4-LUT             1660
  with \SB_CARRY    (#0)  835
  with \SB_CARRY    (#1)  847

Eliminating LUTs.
Number of LUTs:     4440
  1-LUT              205
  2-LUT              745
  3-LUT             1830
  4-LUT             1660
  with \SB_CARRY    (#0)  835
  with \SB_CARRY    (#1)  847

Combining LUTs.
Number of LUTs:     4358
  1-LUT              202
  2-LUT              663
  3-LUT             1766
  4-LUT             1727
  with \SB_CARRY    (#0)  835
  with \SB_CARRY    (#1)  847

Eliminated 0 LUTs.
Combined 82 LUTs.
<suppressed ~29380 debug messages>

7.52. Executing TECHMAP pass (map to technology primitives).

7.52.1. Executing Verilog-2005 frontend: /homes/cl2033/oss-cad-suite/lib/../share/yosys/ice40/cells_map.v
Parsing Verilog input from `/homes/cl2033/oss-cad-suite/lib/../share/yosys/ice40/cells_map.v' to AST representation.
Generating RTLIL representation for module `$lut'.
Successfully finished Verilog frontend.

7.52.2. Continuing TECHMAP pass.
Using template $paramod$fd904e9e35cfd343a9df248824bd3f1408724879$lut for cells of type $lut.
Using template $paramod$lut\WIDTH=32'00000000000000000000000000000001\LUT=2'01 for cells of type $lut.
Using template $paramod$lut\WIDTH=32'00000000000000000000000000000010\LUT=4'1001 for cells of type $lut.
Using template $paramod$8d7a8d6e3356de09670738ba85f2c6b874f6b06d$lut for cells of type $lut.
Using template $paramod$df196ed0a1da5c4a58c5e08a1dac304fd3fccaab$lut for cells of type $lut.
Using template $paramod$lut\WIDTH=32'00000000000000000000000000000010\LUT=4'0100 for cells of type $lut.
Using template $paramod$lut\WIDTH=32'00000000000000000000000000000011\LUT=8'00100011 for cells of type $lut.
Using template $paramod$59c595af41d4a5cce2d588c3a5f1342749ce7a77$lut for cells of type $lut.
Using template $paramod$234fd643079033ba0cbc98ff572df9b7b7a0dc86$lut for cells of type $lut.
Using template $paramod$1241d759e3df4cac11dc7c99c36b0d1b07f7a673$lut for cells of type $lut.
Using template $paramod$lut\WIDTH=32'00000000000000000000000000000011\LUT=8'00001001 for cells of type $lut.
Using template $paramod$lut\WIDTH=32'00000000000000000000000000000010\LUT=4'1000 for cells of type $lut.
Using template $paramod$571404c0889eaf57f492cb5e37f8acb5df5852f9$lut for cells of type $lut.
Using template $paramod$41326ad8644342a66dfb051d050f2b6fbf15015b$lut for cells of type $lut.
Using template $paramod$lut\WIDTH=32'00000000000000000000000000000010\LUT=4'0110 for cells of type $lut.
Using template $paramod$7d35f3eb4056e6484203c99fe42cfcf1dfaba704$lut for cells of type $lut.
Using template $paramod$b4410865e8124402796f9dfbf73ef8d279fdbd08$lut for cells of type $lut.
Using template $paramod$19e5b38cca183d8b6b3a15d20dc995c09cd71893$lut for cells of type $lut.
Using template $paramod$30305e55a780880b9c824fe3509a4d981acb0f2b$lut for cells of type $lut.
Using template $paramod$364c9ffbffac467d60dfec81bba4e18476c15602$lut for cells of type $lut.
Using template $paramod$lut\WIDTH=32'00000000000000000000000000000011\LUT=8'00000001 for cells of type $lut.
Using template $paramod$253532b742d151c01e8e51f153c24d934b8f6185$lut for cells of type $lut.
Using template $paramod$lut\WIDTH=32'00000000000000000000000000000011\LUT=8'10010000 for cells of type $lut.
Using template $paramod$lut\WIDTH=32'00000000000000000000000000000011\LUT=8'00100000 for cells of type $lut.
Using template $paramod$d6ca727e39f31d51d29072e0f33aa09c65e37336$lut for cells of type $lut.
Using template $paramod$332a399730bfc61adea04021a76b1c4e4030f37d$lut for cells of type $lut.
Using template $paramod$lut\WIDTH=32'00000000000000000000000000000010\LUT=4'0001 for cells of type $lut.
Using template $paramod$f9813472aa48e533b3838c6f2316dc2e78c66111$lut for cells of type $lut.
Using template $paramod$a59507d273cd827eb6c46c37820d50a1b717efdf$lut for cells of type $lut.
Using template $paramod$9d707d218adbd63b6f9a0c79d7ee037306fb6296$lut for cells of type $lut.
Using template $paramod$8da02996bc6ce025fcc2ce1dafd66f4b38a423f1$lut for cells of type $lut.
Using template $paramod$c1a19a87ccbbb03d43a72335db63f692ddf82cc1$lut for cells of type $lut.
Using template $paramod$11ec7271d8e6e5aeaace08c13e4c601f10e31038$lut for cells of type $lut.
Using template $paramod$485c535cc2fb194dc6f114ba5c93554133564a61$lut for cells of type $lut.
Using template $paramod$lut\WIDTH=32'00000000000000000000000000000011\LUT=8'00011011 for cells of type $lut.
Using template $paramod$lut\WIDTH=32'00000000000000000000000000000011\LUT=8'11111000 for cells of type $lut.
Using template $paramod$4045162732ff1ef3063f7c74bcf446c45645f6c6$lut for cells of type $lut.
Using template $paramod$05ac1639ab7543654a2476d11c1711de01f760e6$lut for cells of type $lut.
Using template $paramod$658b9ed803f0d3d335616d3858b53e0a2522f1e8$lut for cells of type $lut.
Using template $paramod$lut\WIDTH=32'00000000000000000000000000000011\LUT=8'01000111 for cells of type $lut.
Using template $paramod$272652f6c6fbe9a75eff76e45cc7e2788835518b$lut for cells of type $lut.
Using template $paramod$c6bcc46fa3ab3e93fb9e1dd465343adac18fec92$lut for cells of type $lut.
Using template $paramod$cd6c4b4da6d8737b72fd2dc8f5d83d8967445809$lut for cells of type $lut.
Using template $paramod$6e238df02989b317f10820a22773676e71120644$lut for cells of type $lut.
Using template $paramod$lut\WIDTH=32'00000000000000000000000000000011\LUT=8'11100100 for cells of type $lut.
Using template $paramod$ba7f31f246a278c41fa0648a6e0512f63185dec0$lut for cells of type $lut.
Using template $paramod$5502a85110dbca29ac631107f0b0635e7fade476$lut for cells of type $lut.
Using template $paramod$a1d323730045824cfc84bb9f4ee8031f1c4dcc9e$lut for cells of type $lut.
Using template $paramod$94ac66a11090dca84889e55fcf03297912a5b7ec$lut for cells of type $lut.
Using template $paramod$lut\WIDTH=32'00000000000000000000000000000011\LUT=8'11011000 for cells of type $lut.
Using template $paramod$fcff9a7b1687e357a40264efcefe8443c8b2971a$lut for cells of type $lut.
Using template $paramod$df6b12cebabc3b2db650658c5e894d03a346e968$lut for cells of type $lut.
Using template $paramod$e2d96f36ef28053ecd27167cd95b944485ac3146$lut for cells of type $lut.
Using template $paramod$lut\WIDTH=32'00000000000000000000000000000011\LUT=8'00001110 for cells of type $lut.
Using template $paramod$728e616c918eb05878d70b2bb240e381ea2847b9$lut for cells of type $lut.
Using template $paramod$baa9d2fb2d21010939721b85aa9f11effe0b53c4$lut for cells of type $lut.
Using template $paramod$e6a488add0b5a2d742e2ae29f62ce7616e04271d$lut for cells of type $lut.
Using template $paramod$lut\WIDTH=32'00000000000000000000000000000011\LUT=8'10101000 for cells of type $lut.
Using template $paramod$lut\WIDTH=32'00000000000000000000000000000010\LUT=4'0010 for cells of type $lut.
Using template $paramod$4b9b235bc4444ff899bef0c648e4109b26737f1a$lut for cells of type $lut.
Using template $paramod$9891217114ca63a6e9d48073351d843bb1d46faf$lut for cells of type $lut.
Using template $paramod$f921ab2c451d17e196d1dcad0b6d434881387fe3$lut for cells of type $lut.
Using template $paramod$d204630841d4b2793bc7d88db78fa2d9975da1ca$lut for cells of type $lut.
Using template $paramod$e51a8a571bee774247b38f52d6e85fd62ae52cea$lut for cells of type $lut.
Using template $paramod$712505941a295086314c22735153725461a87f4a$lut for cells of type $lut.
Using template $paramod$068092ddede495d8462ffe530e6d91711913edbc$lut for cells of type $lut.
Using template $paramod$2ec6422db00d358fc7469efce6208bffbc8521cd$lut for cells of type $lut.
Using template $paramod$58df2c605746858c7e53492c8f57d6f1fafa12d2$lut for cells of type $lut.
Using template $paramod$626c926c090c24ceb89df275614206a0a54168a8$lut for cells of type $lut.
Using template $paramod$3702268f692b8bf258e428f65d3bca4e1f76d98b$lut for cells of type $lut.
Using template $paramod$179bbca2dd7fa841ad12e8b0327ef61d6e9a7bc3$lut for cells of type $lut.
Using template $paramod$lut\WIDTH=32'00000000000000000000000000000011\LUT=8'00001101 for cells of type $lut.
Using template $paramod$fca001e3e0b52158a872e76e56c01ec10dfbb1de$lut for cells of type $lut.
Using template $paramod$lut\WIDTH=32'00000000000000000000000000000011\LUT=8'10110000 for cells of type $lut.
Using template $paramod$lut\WIDTH=32'00000000000000000000000000000011\LUT=8'01000000 for cells of type $lut.
Using template $paramod$lut\WIDTH=32'00000000000000000000000000000011\LUT=8'11010000 for cells of type $lut.
Using template $paramod$15e09ab8f7df8d225706de985558fe8eca7cc41f$lut for cells of type $lut.
Using template $paramod$e49f6e3576ef1a6d2f58c54414dbb786af8cc869$lut for cells of type $lut.
Using template $paramod$0d3ac82cf5b8a192d5ff4c23e3143360366ae882$lut for cells of type $lut.
Using template $paramod$lut\WIDTH=32'00000000000000000000000000000011\LUT=8'01111111 for cells of type $lut.
Using template $paramod$4282def8dbd6df3d1248ad282c629bee684502c2$lut for cells of type $lut.
Using template $paramod$6edbfe341e82523a5af1325edaef1b2d41d4f937$lut for cells of type $lut.
Using template $paramod$e8b805c60b05d29dea83383ec9e8df8657d8e0fa$lut for cells of type $lut.
Using template $paramod$6ce6c9ed24092f88d858965e9e9a15c5bec9d6d7$lut for cells of type $lut.
Using template $paramod$lut\WIDTH=32'00000000000000000000000000000010\LUT=4'0111 for cells of type $lut.
Using template $paramod$lut\WIDTH=32'00000000000000000000000000000011\LUT=8'00010000 for cells of type $lut.
Using template $paramod$47a8214374025465e226fa66bee690ff33268a25$lut for cells of type $lut.
Using template $paramod$6d6beead1425af15cf78b27fd9b11b41b5d4bce8$lut for cells of type $lut.
Using template $paramod$b682259fa0961f799c70a383f9c1110fa25ca5c9$lut for cells of type $lut.
Using template $paramod$cc269997df4f7d2dd0f717c8ed2b8ae4b8f355f1$lut for cells of type $lut.
Using template $paramod$77268019239d7d46332da9cb6aa01cbf3ba29ee3$lut for cells of type $lut.
Using template $paramod$lut\WIDTH=32'00000000000000000000000000000011\LUT=8'11001011 for cells of type $lut.
Using template $paramod$3ae9f1cda205b669870c653a21d45eee50078e98$lut for cells of type $lut.
Using template $paramod$lut\WIDTH=32'00000000000000000000000000000011\LUT=8'01001110 for cells of type $lut.
Using template $paramod$lut\WIDTH=32'00000000000000000000000000000011\LUT=8'00000010 for cells of type $lut.
Using template $paramod$d5c7dda3e544463bf43ed73dadb51262f5dcf2fe$lut for cells of type $lut.
Using template $paramod$153c6cdaaddbc43e6ef3facd06aa851de33910ae$lut for cells of type $lut.
Using template $paramod$lut\WIDTH=32'00000000000000000000000000000010\LUT=4'1101 for cells of type $lut.
Using template $paramod$lut\WIDTH=32'00000000000000000000000000000010\LUT=4'1110 for cells of type $lut.
Using template $paramod$b86b68a00733dbecb31d58a14a13683475a2002a$lut for cells of type $lut.
Using template $paramod$lut\WIDTH=32'00000000000000000000000000000011\LUT=8'10000000 for cells of type $lut.
Using template $paramod$a5516fc31d1e552de2435200bb732b4d4ad63a9c$lut for cells of type $lut.
Using template $paramod$lut\WIDTH=32'00000000000000000000000000000011\LUT=8'00000111 for cells of type $lut.
Using template $paramod$ba7c22fadfbf9ee7abcb895a21403114111dd201$lut for cells of type $lut.
Using template $paramod$lut\WIDTH=32'00000000000000000000000000000011\LUT=8'01011100 for cells of type $lut.
Using template $paramod$873c285bdccf0ac2b60d2304ea5cd14bf211d2a6$lut for cells of type $lut.
Using template $paramod$58bd588a49a6a3b9d057d75f907cb4932e1635f6$lut for cells of type $lut.
Using template $paramod$546e7058455ceb43ea5ad2690dc4a23d958e04ec$lut for cells of type $lut.
Using template $paramod$f32f5870e077b282d01cea7008da51b9ce3bfb87$lut for cells of type $lut.
Using template $paramod$lut\WIDTH=32'00000000000000000000000000000011\LUT=8'01000101 for cells of type $lut.
Using template $paramod$f8f63b209b7230e81958663ff24fef1613156af7$lut for cells of type $lut.
Using template $paramod$8b24407096beec47292ddeb1567a058197a320b9$lut for cells of type $lut.
Using template $paramod$20235ca863361fbc253329cfc7eeea38c77404dc$lut for cells of type $lut.
Using template $paramod$d644d9cf6c4533d3c532b4c582e56aa5923bbd67$lut for cells of type $lut.
Using template $paramod$018d71a0fe325d6362687fe53ac13dd6340e400d$lut for cells of type $lut.
Using template $paramod$82b4a585d1edcb5c6e755dc9bd3392228a1c1304$lut for cells of type $lut.
Using template $paramod$37c9af120c85145419565a9ccf4ceb7397fbbe92$lut for cells of type $lut.
Using template $paramod$e053a22d78e6bd5ea33183ea69976f0db741be0e$lut for cells of type $lut.
Using template $paramod$lut\WIDTH=32'00000000000000000000000000000011\LUT=8'10001011 for cells of type $lut.
Using template $paramod$c7754eeb17b54dfe53ea4a973db3714d78ced2f9$lut for cells of type $lut.
Using template $paramod$lut\WIDTH=32'00000000000000000000000000000011\LUT=8'11100000 for cells of type $lut.
Using template $paramod$d9f23974f72a3ab437d1a63d2f34fd3483a6f58d$lut for cells of type $lut.
Using template $paramod$4658fedcd7ebe2858c93f54b88221dcf68c6bb6c$lut for cells of type $lut.
Using template $paramod$31f0a66a4b242b524303bfb4ac95c05ad74158f8$lut for cells of type $lut.
Using template $paramod$fe607a940619f6565d9cd46cfa94e4a47d70ea46$lut for cells of type $lut.
Using template $paramod$f28aede8a07a53ff316cc6f8627c7d8a2337a88a$lut for cells of type $lut.
Using template $paramod$af01034afe1bdbc87587d263805971d96e724ed7$lut for cells of type $lut.
Using template $paramod$ce57c8604805f80ab07a0434d106bb987e82ae6c$lut for cells of type $lut.
Using template $paramod$lut\WIDTH=32'00000000000000000000000000000011\LUT=8'01110000 for cells of type $lut.
Using template $paramod$3ccc23db184ad4ca7ed34ebe2511de41d5d97e78$lut for cells of type $lut.
Using template $paramod$lut\WIDTH=32'00000000000000000000000000000011\LUT=8'01010011 for cells of type $lut.
Using template $paramod$2d9afc4fcdaefc1aa926013768e4628d50e32e31$lut for cells of type $lut.
Using template $paramod$179512a187da069f3b79ef6612a41e494e7d54b6$lut for cells of type $lut.
Using template $paramod$e46703b423a661cd7d311c41833ea655969702cc$lut for cells of type $lut.
Using template $paramod$4541c098116f7292d10d7d30a0922be20fa68a41$lut for cells of type $lut.
Using template $paramod$lut\WIDTH=32'00000000000000000000000000000011\LUT=8'10100010 for cells of type $lut.
Using template $paramod$3f1902fc3f0b2933ccafdaca77cf77fabde31645$lut for cells of type $lut.
Using template $paramod$efc60783c939ae41b2f3555af407b17c007b27f8$lut for cells of type $lut.
Using template $paramod$fbe3cb36e6cf24e42c140dad774695563e8b22d3$lut for cells of type $lut.
Using template $paramod$e85b6eba0dacefc5f73f8748159b8b9599212afc$lut for cells of type $lut.
Using template $paramod$lut\WIDTH=32'00000000000000000000000000000011\LUT=8'11001010 for cells of type $lut.
Using template $paramod$498daa9936ffa1c0b12d774cacc95a35d14b818e$lut for cells of type $lut.
Using template $paramod$bba54c1ef87367812b4c15f4aed5ac70773df775$lut for cells of type $lut.
Using template $paramod$18df3812bc12364e5ebcb6c3ed05c0294e4c26fc$lut for cells of type $lut.
Using template $paramod$lut\WIDTH=32'00000000000000000000000000000011\LUT=8'01001100 for cells of type $lut.
Using template $paramod$lut\WIDTH=32'00000000000000000000000000000011\LUT=8'11000100 for cells of type $lut.
Using template $paramod$b18f60dfd13c21d3e472b89652353f3f5342b450$lut for cells of type $lut.
Using template $paramod$lut\WIDTH=32'00000000000000000000000000000011\LUT=8'01010100 for cells of type $lut.
Using template $paramod$7883547d2f6fa3a72889a7bcc143227c28d0318a$lut for cells of type $lut.
Using template $paramod$608f40069c27841a5b3bdf03643a34bdc8974072$lut for cells of type $lut.
Using template $paramod$e5e9da8fed769f971686eed8c5eea50e61f73aaa$lut for cells of type $lut.
Using template $paramod$091020fc4c81b92d40cf9301ee038f3ac6e03908$lut for cells of type $lut.
Using template $paramod$lut\WIDTH=32'00000000000000000000000000000011\LUT=8'00110101 for cells of type $lut.
Using template $paramod$ab9e2dbf312b614b00e2956932705316bd566a24$lut for cells of type $lut.
Using template $paramod$620586420e818d3afa7e5b51fcf19f5c6ea83ad4$lut for cells of type $lut.
Using template $paramod$097592bb16245531f0716c5ddb18d7090f9c7d9d$lut for cells of type $lut.
Using template $paramod$b68f9800cc1bf69afcfbc0567a25e43ebb01456c$lut for cells of type $lut.
Using template $paramod$f5c23b297b0a8ca096118d63d2c74ddd6cbea134$lut for cells of type $lut.
Using template $paramod$lut\WIDTH=32'00000000000000000000000000000011\LUT=8'10100011 for cells of type $lut.
Using template $paramod$ea0faad69a26c91786a25961ea149d0e0961eb1f$lut for cells of type $lut.
Using template $paramod$lut\WIDTH=32'00000000000000000000000000000011\LUT=8'10101100 for cells of type $lut.
Using template $paramod$lut\WIDTH=32'00000000000000000000000000000011\LUT=8'10001101 for cells of type $lut.
Using template $paramod$9a0d9d3ce649df27ccfd856ab8e344acf4c04df9$lut for cells of type $lut.
Using template $paramod$95405290ab850162780aaf9d904598a9a9ee1d4b$lut for cells of type $lut.
Using template $paramod$lut\WIDTH=32'00000000000000000000000000000011\LUT=8'00101111 for cells of type $lut.
Using template $paramod$286ed3273cbe066b6afe10d043ec3b66405aa78e$lut for cells of type $lut.
Using template $paramod$cbea2d4d520f64cae694e02ff7f67ddafd2047d5$lut for cells of type $lut.
Using template $paramod$fda6887b37f599177ed9cb69271d882b63df7e66$lut for cells of type $lut.
Using template $paramod$b04f0510561c4bbb703d2e39c6eca682b920366b$lut for cells of type $lut.
Using template $paramod$lut\WIDTH=32'00000000000000000000000000000011\LUT=8'00001011 for cells of type $lut.
Using template $paramod$0a4d85497e20c50068555dd5ad9ad3a7952cab73$lut for cells of type $lut.
Using template $paramod$lut\WIDTH=32'00000000000000000000000000000011\LUT=8'01010001 for cells of type $lut.
Using template $paramod$a2d691ba21e093558f2a36669ee489fbccffbcd3$lut for cells of type $lut.
Using template $paramod$58685d136f916910674b7cdb559b8c116c3484e1$lut for cells of type $lut.
Using template $paramod$lut\WIDTH=32'00000000000000000000000000000011\LUT=8'11110010 for cells of type $lut.
Using template $paramod$8cac5452d526045503c5864c3a1dac0121c7053e$lut for cells of type $lut.
Using template $paramod$lut\WIDTH=32'00000000000000000000000000000011\LUT=8'10001111 for cells of type $lut.
Using template $paramod$4fd3428c4b8b1accf8f8fb4bb88555a2b5fa688d$lut for cells of type $lut.
Using template $paramod$lut\WIDTH=32'00000000000000000000000000000011\LUT=8'10111000 for cells of type $lut.
Using template $paramod$lut\WIDTH=32'00000000000000000000000000000011\LUT=8'11100010 for cells of type $lut.
Using template $paramod$9a269ffb0efb6ad342cb106a4e0636e23fdfd547$lut for cells of type $lut.
Using template $paramod$lut\WIDTH=32'00000000000000000000000000000011\LUT=8'00100111 for cells of type $lut.
Using template $paramod$3eb8805ccd6f91bad96dcbf190c2fb4f72f4634f$lut for cells of type $lut.
Using template $paramod$965f8f2fa1a796a6c51222eabb50fbd26e97d98b$lut for cells of type $lut.
Using template $paramod$2902eb8ec3ca272968b5d8a7010e48f85069ed0f$lut for cells of type $lut.
Using template $paramod$lut\WIDTH=32'00000000000000000000000000000011\LUT=8'00011101 for cells of type $lut.
Using template $paramod$lut\WIDTH=32'00000000000000000000000000000011\LUT=8'00101110 for cells of type $lut.
Using template $paramod$lut\WIDTH=32'00000000000000000000000000000011\LUT=8'01100011 for cells of type $lut.
Using template $paramod$lut\WIDTH=32'00000000000000000000000000000011\LUT=8'10010011 for cells of type $lut.
Using template $paramod$0aae27145afd1348566af63c85046495acb0e0d8$lut for cells of type $lut.
Using template $paramod$c5f3c57a6d466a2f42208bafb8985b96ce884440$lut for cells of type $lut.
Using template $paramod$b80e608920ce9cfa1f5c7d21df7a72954e9b0a70$lut for cells of type $lut.
Using template $paramod$lut\WIDTH=32'00000000000000000000000000000010\LUT=4'1011 for cells of type $lut.
Using template $paramod$lut\WIDTH=32'00000000000000000000000000000011\LUT=8'00000100 for cells of type $lut.
Using template $paramod$ed7c2114137350227a95d36eacb018e373765cc2$lut for cells of type $lut.
Using template $paramod$5552b23a89809fed2b1588e8f91bb3893be2e6ce$lut for cells of type $lut.
Using template $paramod$c1747c0c7cb4f86c4813433b4d41103fb3fe105a$lut for cells of type $lut.
Using template $paramod$75d5c453cca75cc7a7ca320c4fb7be0932b6aaa7$lut for cells of type $lut.
Using template $paramod$9e354de8d358bf081aa0c089488ea3bc5b7c2fd9$lut for cells of type $lut.
Using template $paramod$f65af1b660a013aeaba9a5dc41e6bdede642e3c3$lut for cells of type $lut.
Using template $paramod$b009a26b33c3ca109c016cf968a774c0d66687bb$lut for cells of type $lut.
Using template $paramod$79432275bae6ba3c8cd1f392a278d15c8c6d8c77$lut for cells of type $lut.
Using template $paramod$dc2c6712e2363e0ec4d02acb1b3c7aca5011dab3$lut for cells of type $lut.
Using template $paramod$183ec76ed3429a430a8be24b57f3de734985f568$lut for cells of type $lut.
Using template $paramod$6a9b42dd2737c91073e6a695b8ac858c4a8587d7$lut for cells of type $lut.
Using template $paramod$c9374e4aadca7f30556fc688a64b8e22d24fd5a5$lut for cells of type $lut.
Using template $paramod$0c5a54c406cdb1ed108583f5d43071050a5e4d5c$lut for cells of type $lut.
Using template $paramod$d74f27ecdfbf562ce0161f824cec9778b19ee549$lut for cells of type $lut.
Using template $paramod$e5b29079c1a88f3fc663c746ec8e3359690ef674$lut for cells of type $lut.
Using template $paramod$e84e4a245515000cd6930e0f4535753ed485f71e$lut for cells of type $lut.
Using template $paramod$f58e0d90afc57a738914697b6a4a7319b30d7e7e$lut for cells of type $lut.
Using template $paramod$e2f682077d75dd018226341dd2d7343aa220f0c8$lut for cells of type $lut.
Using template $paramod$lut\WIDTH=32'00000000000000000000000000000011\LUT=8'00001000 for cells of type $lut.
Using template $paramod$lut\WIDTH=32'00000000000000000000000000000011\LUT=8'10001100 for cells of type $lut.
Using template $paramod$4271c884288d563736df66475c334040d1cdc6e5$lut for cells of type $lut.
Using template $paramod$5e9374f44a27c3f8a1c38af244ec43ceb4fb8d4f$lut for cells of type $lut.
Using template $paramod$8e44661def013b6bf9fe6f8b049ef2c838d749f9$lut for cells of type $lut.
Using template $paramod$101238f3d8d49ab12a9b49a2f01cd503b26e9c61$lut for cells of type $lut.
Using template $paramod$176a6ceafa512d807921d7dfc76320dfbbfb5fe4$lut for cells of type $lut.
Using template $paramod$lut\WIDTH=32'00000000000000000000000000000011\LUT=8'11111011 for cells of type $lut.
Using template $paramod$lut\WIDTH=32'00000000000000000000000000000011\LUT=8'10111111 for cells of type $lut.
Using template $paramod$2f7deae5fb594b0c70bb82efd4d3682a7baaa352$lut for cells of type $lut.
Using template $paramod$18455d4fd1270af2266bf4bb1c44971b2eb6b37a$lut for cells of type $lut.
Using template $paramod$lut\WIDTH=32'00000000000000000000000000000011\LUT=8'11101100 for cells of type $lut.
Using template $paramod$lut\WIDTH=32'00000000000000000000000000000011\LUT=8'01101001 for cells of type $lut.
Using template $paramod$2d07c1a6c53c7b878509360922c4fa5ebedc3011$lut for cells of type $lut.
Using template $paramod$b26fbfdb68e98cf016d61a8611b449e9f4a30f3c$lut for cells of type $lut.
Using template $paramod$b2192df6f90569fea4015d0a6658bdc192199f95$lut for cells of type $lut.
Using template $paramod$891d17c049ef97ffbed57a5d4edf3f9e83d4f776$lut for cells of type $lut.
Using template $paramod$lut\WIDTH=32'00000000000000000000000000000011\LUT=8'00101010 for cells of type $lut.
Using template $paramod$bf9d12be9e757c28b1374b63e168615e76b4b315$lut for cells of type $lut.
Using template $paramod$lut\WIDTH=32'00000000000000000000000000000011\LUT=8'01001111 for cells of type $lut.
Using template $paramod$e5e0b3ddfad741c9efef28018ea9d09c68de87c3$lut for cells of type $lut.
Using template $paramod$509383819812d331dca6b49338d0f34aecd1e133$lut for cells of type $lut.
Using template $paramod$992bdc10cff2c6edd722994f0e1044bc863f79f7$lut for cells of type $lut.
Using template $paramod$lut\WIDTH=32'00000000000000000000000000000011\LUT=8'00111011 for cells of type $lut.
Using template $paramod$bea08a495d16293f8cc454a45845d26cde0762b6$lut for cells of type $lut.
Using template $paramod$1780bd352ec1af971e2f8a4e64b861091a94595b$lut for cells of type $lut.
Using template $paramod$lut\WIDTH=32'00000000000000000000000000000011\LUT=8'11001110 for cells of type $lut.
Using template $paramod$lut\WIDTH=32'00000000000000000000000000000011\LUT=8'11101111 for cells of type $lut.
Using template $paramod$86d1a43c2f1d620ff2cef866448dd1258c868fad$lut for cells of type $lut.
Using template $paramod$7d813eb49700f971f2635a434700eafdfa816bc3$lut for cells of type $lut.
Using template $paramod$64b84593fae19d6c4d7d26333a195e5cc6b30160$lut for cells of type $lut.
Using template $paramod$38f9bf4dd2329347b8471f0a98443dd323386889$lut for cells of type $lut.
Using template $paramod$6be53ab59e0a69757fc32adb071ddcb64e8c87b6$lut for cells of type $lut.
Using template $paramod$b287726797d0722f64e731f1134f7c05af8f1578$lut for cells of type $lut.
Using template $paramod$f5f41ee5d60dede31a2b59f58ec46b167939d713$lut for cells of type $lut.
Using template $paramod$aabc38448f9289a9f09f7f433eb20ae11e3f6ed9$lut for cells of type $lut.
Using template $paramod$ec6c71d259df49ae0842190ffaff1179e43a8db4$lut for cells of type $lut.
Using template $paramod$52953750219effadf43093a566baf492fdd6b6c8$lut for cells of type $lut.
Using template $paramod$47b2f5a9f58cb4be072657772748a1ab82d6819a$lut for cells of type $lut.
Using template $paramod$lut\WIDTH=32'00000000000000000000000000000011\LUT=8'11111110 for cells of type $lut.
Using template $paramod$lut\WIDTH=32'00000000000000000000000000000011\LUT=8'11101010 for cells of type $lut.
Using template $paramod$32abbd1d449a67fb913b4733374e345d4c17175b$lut for cells of type $lut.
Using template $paramod$a1cfe99817bd6d57a83efd5e1c3fc26a743b692f$lut for cells of type $lut.
Using template $paramod$1bf62ab10e48d71d6497bccacf5c70420c470fe9$lut for cells of type $lut.
Using template $paramod$lut\WIDTH=32'00000000000000000000000000000011\LUT=8'11110111 for cells of type $lut.
Using template $paramod$5321e04f7ce32c091123c3570ab562efb1c81402$lut for cells of type $lut.
Using template $paramod$c217e185eb8e6463ca272982ba8c5940fa90d81f$lut for cells of type $lut.
Using template $paramod$6d23198eb2b8f79a41c7626605a61009695893b1$lut for cells of type $lut.
Using template $paramod$bff60da521de773f8caf46fbc0845c3d7d3e2310$lut for cells of type $lut.
Using template $paramod$6b0849254d6c87461fb93e37cc18f089f61eb912$lut for cells of type $lut.
Using template $paramod$70f68cc10fbeada9b6fa90c3bb75475e348ca467$lut for cells of type $lut.
Using template $paramod$8829675bb8c52553aed9f101ec0d5ef0c865e5c7$lut for cells of type $lut.
Using template $paramod$e098d38d00670bf1f66f3fff32b3e8f0f799bc39$lut for cells of type $lut.
Using template $paramod$219b71aec9a19e7a27754ed85a7d6cdad9e5ec96$lut for cells of type $lut.
Using template $paramod$1bf3509a544426de1daa8b6919ee1df60c7165ec$lut for cells of type $lut.
Using template $paramod$lut\WIDTH=32'00000000000000000000000000000011\LUT=8'11110100 for cells of type $lut.
Using template $paramod$9d1915f40715c7f715525567f7dfd63744c26c4a$lut for cells of type $lut.
Using template $paramod$c11ee6bbb8d9fd9cf391261624c378fb45e86b84$lut for cells of type $lut.
Using template $paramod$lut\WIDTH=32'00000000000000000000000000000011\LUT=8'00010101 for cells of type $lut.
Using template $paramod$5dc745bb48e2cf535179547ba13f0fe5364d6d54$lut for cells of type $lut.
Using template $paramod$lut\WIDTH=32'00000000000000000000000000000011\LUT=8'10101110 for cells of type $lut.
Using template $paramod$b12c06dcea4e94212d81ae51560e40391ac83400$lut for cells of type $lut.
Using template $paramod$8512f4fb47fa9596f76cdbe5b407a5b54df368e7$lut for cells of type $lut.
Using template $paramod$464d286cc302627c2e44b6c4a8450c9bebc28389$lut for cells of type $lut.
Using template $paramod$e134ec2a47a2462a591072e65d34fb15b81c90e0$lut for cells of type $lut.
Using template $paramod$eaea85d27cc0950ed001348e061727a194f5cf9c$lut for cells of type $lut.
Using template $paramod$lut\WIDTH=32'00000000000000000000000000000011\LUT=8'01110101 for cells of type $lut.
Using template $paramod$57f1bb65d729bbb1d7a4ef29b631205db6f2353c$lut for cells of type $lut.
Using template $paramod$e0bde73e598487237493c8a43ca52c95a3727354$lut for cells of type $lut.
Using template $paramod$ff315d5084ed3c80e34901fe05add0db5feb0b93$lut for cells of type $lut.
Using template $paramod$e4b832d686d12318ec0715f027fe549b42e45c20$lut for cells of type $lut.
Using template $paramod$d35161d1d7976dcc02e7c7d51172431be85143b4$lut for cells of type $lut.
Using template $paramod$723be7177967d6866729df0ff463a602326a012e$lut for cells of type $lut.
Using template $paramod$2ff5cd5ca89ce05da51e0bcceaeac9dc957228e6$lut for cells of type $lut.
Using template $paramod$70a934594406e8042bf2854c778fef542ef3ea5f$lut for cells of type $lut.
Using template $paramod$292bcc9fbb09931f31d28f3f2a496969096984cb$lut for cells of type $lut.
Using template $paramod$lut\WIDTH=32'00000000000000000000000000000011\LUT=8'10001010 for cells of type $lut.
Using template $paramod$29e6d4598488760861f6b73d2b7f65cb302fdcde$lut for cells of type $lut.
Using template $paramod$c28a8b7ce0535d090c4cfb52e9c74affd52b110c$lut for cells of type $lut.
Using template $paramod$2955ab75367a3dc9d6f50d3655eebcd4f615031f$lut for cells of type $lut.
Using template $paramod$5a05aceb4b3a5e65f91bcffb0fccca72a8307af8$lut for cells of type $lut.
Using template $paramod$lut\WIDTH=32'00000000000000000000000000000011\LUT=8'00011111 for cells of type $lut.
Using template $paramod$8d0f2c5f145938efe1b2edc77e3fd17de7330ca5$lut for cells of type $lut.
Using template $paramod$bc9180cdfcd49ad6f178d338e90551ccba0f90ae$lut for cells of type $lut.
Using template $paramod$252d8d99cbe8f7e2bb8d8358f16e75038191a2fe$lut for cells of type $lut.
Using template $paramod$7d3cbfc289ec00e0691f33de08826f2254fca668$lut for cells of type $lut.
Using template $paramod$432f26b811c14bf54c5e87c8670ec65cbcaf38ac$lut for cells of type $lut.
Using template $paramod$lut\WIDTH=32'00000000000000000000000000000011\LUT=8'00010010 for cells of type $lut.
Using template $paramod$de5328836923c44c99600bcab852423201246f91$lut for cells of type $lut.
Using template $paramod$b7685cb0c8a6753256bc84bc31d36a443c15fab7$lut for cells of type $lut.
Using template $paramod$908a274b55b4a97121027dd10242798b841faf7a$lut for cells of type $lut.
Using template $paramod$b93d1ea7a612a32c185108f67a153d44ffb9aac2$lut for cells of type $lut.
Using template $paramod$f24ba3ced4b870f8e829f5ac5a8af88573350e6f$lut for cells of type $lut.
Using template $paramod$04b674496422df8889c01c3744b94097628ccfbc$lut for cells of type $lut.
Using template $paramod$fa8c34f9d7d37dcbba0529fd8beb339f3024d545$lut for cells of type $lut.
Using template $paramod$f7a0fb614a8580b1a6d61fc530e8db10ebdc9785$lut for cells of type $lut.
Using template $paramod$lut\WIDTH=32'00000000000000000000000000000011\LUT=8'00010011 for cells of type $lut.
Using template $paramod$a50be0e6fa3a01511bb234559cb74fb8bd3e2061$lut for cells of type $lut.
Using template $paramod$b431bfd938e35871dd0b7668e1503c7e8b9d491c$lut for cells of type $lut.
Using template $paramod$d546db88fc169832512e499a9cdf9a41b89ab74e$lut for cells of type $lut.
Using template $paramod$lut\WIDTH=32'00000000000000000000000000000011\LUT=8'00110001 for cells of type $lut.
Using template $paramod$1f6f4e0c38a68ed22c0391bff11c5390c4beec3c$lut for cells of type $lut.
Using template $paramod$5d16e795d6c582b27c818459b159f81a7f4525c4$lut for cells of type $lut.
Using template $paramod$28ba90bb95963b63750b27cda749dbcd75757c3a$lut for cells of type $lut.
Using template $paramod$lut\WIDTH=32'00000000000000000000000000000011\LUT=8'00000110 for cells of type $lut.
Using template $paramod$3b56205e0e57b3ea26d80fc7983017f83663129e$lut for cells of type $lut.
Using template $paramod$b812877c6826ca7c644c48fb02bb69a3ab237674$lut for cells of type $lut.
Using template $paramod$lut\WIDTH=32'00000000000000000000000000000011\LUT=8'00110111 for cells of type $lut.
Using template $paramod$lut\WIDTH=32'00000000000000000000000000000011\LUT=8'11011100 for cells of type $lut.
Using template $paramod$baa939b0bd5b3e0c8760492528669bd58f640542$lut for cells of type $lut.
Using template $paramod$4c47c3f7568faf7a053ada99bc8eb8be63eaeb46$lut for cells of type $lut.
Using template $paramod$cfe658add7b49bc6805d629e0a88423d427de396$lut for cells of type $lut.
Using template $paramod$86a69f95bdbfc36792b7c7498d3544468c88bd9a$lut for cells of type $lut.
Using template $paramod$c471af5667a682bd131a5b479e58e470d1b2b7cd$lut for cells of type $lut.
Using template $paramod$lut\WIDTH=32'00000000000000000000000000000011\LUT=8'00100101 for cells of type $lut.
Using template $paramod$bdaa814d09a7b8cba8342b165755fec98ff7df27$lut for cells of type $lut.
Using template $paramod$66658cbed86a8310f9b7ba1190d35eff90ee749b$lut for cells of type $lut.
Using template $paramod$5badc8ca96de1b551f459a4d2ca5dede8edf58ca$lut for cells of type $lut.
Using template $paramod$64669a7e87c28e39425dffff48145545533b4971$lut for cells of type $lut.
Using template $paramod$119af179f96b7067b572b52aeabad7e5df7062b8$lut for cells of type $lut.
Using template $paramod$e5759512db67494ff77fbdfc66dff4006376568f$lut for cells of type $lut.
Using template $paramod$lut\WIDTH=32'00000000000000000000000000000011\LUT=8'00110010 for cells of type $lut.
Using template $paramod$9dfe2a25d99d8640a9f67a2438aaca85b684d257$lut for cells of type $lut.
Using template $paramod$ffc80aea4aa44f0166b2d4713ba5912f56e92991$lut for cells of type $lut.
Using template $paramod$f71cd4e12d252829a6db80287a07ec7f20c3e099$lut for cells of type $lut.
Using template $paramod$lut\WIDTH=32'00000000000000000000000000000011\LUT=8'10000010 for cells of type $lut.
Using template $paramod$09308a9fa8ec6fc2d880580c8a906974539d34c5$lut for cells of type $lut.
Using template $paramod$lut\WIDTH=32'00000000000000000000000000000011\LUT=8'01101100 for cells of type $lut.
Using template $paramod$7e3d8ac009723e554811ad53385162c0e6a41625$lut for cells of type $lut.
Using template $paramod$a36debbcfde9e32a01ea5076ccf3d75225452c4d$lut for cells of type $lut.
Using template $paramod$f4c73d849f7d47805ca1aefb950c4e26e4eae9d0$lut for cells of type $lut.
Using template $paramod$1c8aea8d15a8caa53bcd106d813c48ea86657836$lut for cells of type $lut.
Using template $paramod$779a912c2e61b008e2ba6da235f91f694eb7e6d7$lut for cells of type $lut.
Using template $paramod$2ea69c779d6c1b79ac5a87b0d1523c67d5628dba$lut for cells of type $lut.
Using template $paramod$6d914a6a8dc54f49b4a7dcfda1d0ca3ca27f308e$lut for cells of type $lut.
Using template $paramod$2f57315134b6f779e7694c56dbd550e8a01a83b3$lut for cells of type $lut.
Using template $paramod$5c7d886f3b88971ac55fed4bca034a87bf180f7d$lut for cells of type $lut.
Using template $paramod$48ed08ac863093cb81be5bfb1a860b60659d37e0$lut for cells of type $lut.
Using template $paramod$755dd8c6b516dae2c0a5f17dc582057c265a4793$lut for cells of type $lut.
Using template $paramod$86a2012952f04cefa72e370aab0057e92dde5981$lut for cells of type $lut.
Using template $paramod$ff449a2edf0f2191204ad4ea2ec69b2ed1cf80d7$lut for cells of type $lut.
Using template $paramod$7798ae5999ac09d10a035fef0208a8c02aa8e843$lut for cells of type $lut.
Using template $paramod$54e89055655d38747956575ce9272fcf82ea7df3$lut for cells of type $lut.
Using template $paramod$6c51c1ba6c39f0c09b896d52432b366f116bd3c1$lut for cells of type $lut.
Using template $paramod$3f6d9d99ea7ef3b700f056470f3d63fc0240b099$lut for cells of type $lut.
Using template $paramod$95437c548840ae5673e70f982edd362a76476eb8$lut for cells of type $lut.
Using template $paramod$e9c77024ca501b890c641f9c0b10e27242db8730$lut for cells of type $lut.
Using template $paramod$f671b3f3b0498606c282f75758f0d20cff9551f9$lut for cells of type $lut.
Using template $paramod$622f15e1486e14083b8aad1ca2a797d1b21b4f3f$lut for cells of type $lut.
Using template $paramod$1da7671d5a831182fa319b389380f67221c32724$lut for cells of type $lut.
Using template $paramod$18085fe4c0c6485495a847949cd87d0e8f3957d3$lut for cells of type $lut.
Using template $paramod$17501b83e92414784378d9e96f0093d9409cae7a$lut for cells of type $lut.
Using template $paramod$7bdafbcc070ca3a98b9a76179d525bdc1c294233$lut for cells of type $lut.
Using template $paramod$6b7c9c56fc2a32a479d463d5f3b0d3f4673b67f1$lut for cells of type $lut.
Using template $paramod$22401499cdd44f3533d03c4b246566376c46a67b$lut for cells of type $lut.
Using template $paramod$81d8a60fd95b1a9f9ef71c12a774ae6988cb9fd5$lut for cells of type $lut.
Using template $paramod$lut\WIDTH=32'00000000000000000000000000000011\LUT=8'01100000 for cells of type $lut.
Using template $paramod$7b733f5b3466ec911060896fccc5c2626cbe3d64$lut for cells of type $lut.
Using template $paramod$dc8eb389b2fc3ec6a78d93ff9b548b7fd27b6950$lut for cells of type $lut.
Using template $paramod$9a79c3432028e5f1d7c480c0b9d7b4837eb2bc95$lut for cells of type $lut.
Using template $paramod$25696d6b21c8ac3da9913114964545779e21cfa5$lut for cells of type $lut.
Using template $paramod$fbed19fb84ee7c8a884778d28a96daea96245184$lut for cells of type $lut.
Using template $paramod$lut\WIDTH=32'00000000000000000000000000000011\LUT=8'00111010 for cells of type $lut.
Using template $paramod$3cd7ba4e37ac845a21f7d679f20c35087949289b$lut for cells of type $lut.
Using template $paramod$6ffaa13445c33f3193b27ae6b9f5de8e6953d01b$lut for cells of type $lut.
Using template $paramod$e57bcb018bfe8170bc04f13a73befe2def28cdf3$lut for cells of type $lut.
Using template $paramod$4b2297966ddb718657b80566604f97685ffc0120$lut for cells of type $lut.
Using template $paramod$47b1691cce9d3422c6243f646236643e13e69f0c$lut for cells of type $lut.
Using template $paramod$a3077fa2cf8e48a37d410abdac8a7cce2583fbf3$lut for cells of type $lut.
Using template $paramod$15a361e9afe53d073e5f05a5a1fc7d88e6644bc6$lut for cells of type $lut.
Using template $paramod$52fa1b2073b9054923f466bbb768e0ea7c69c9e3$lut for cells of type $lut.
Using template $paramod$8fd8efe0a495790cc9ddc97266933ea8a8cd7b45$lut for cells of type $lut.
No more expansions possible.
<suppressed ~9353 debug messages>
Removed 0 unused cells and 9855 unused wires.

7.53. Executing AUTONAME pass.
Renamed 11370 objects in module icebreaker (1265 iterations).
<suppressed ~11370 debug messages>

7.54. Executing HIERARCHY pass (managing design hierarchy).
Attribute `top' found on module `icebreaker'. Setting top module to icebreaker.

7.54.1. Analyzing design hierarchy..
Top module:  \icebreaker

7.54.2. Analyzing design hierarchy..
Top module:  \icebreaker
Removed 0 unused modules.

7.55. Printing statistics.

=== icebreaker ===

        +----------Local Count, excluding submodules.
        | 
     4811 wires
    13297 wire bits
     4811 public wires
    13297 public wire bits
       24 ports
       24 port bits
       39 cells
       13   $scopeinfo
        4   SB_IO
        4   SB_MAC16
        1   SB_PLL40_PAD
       13   SB_RAM40_4K
        4   SB_SPRAM256KA
     7023 submodules
     1022   SB_CARRY
      271   SB_DFF
      500   SB_DFFE
      492   SB_DFFESR
      132   SB_DFFESS
        4   SB_DFFN
      240   SB_DFFSR
        4   SB_DFFSS
     4358   SB_LUT4

=== design hierarchy ===

        +----------Count including submodules.
        | 
       39 icebreaker

        +----------Count including submodules.
        | 
     4811 wires
    13297 wire bits
     4811 public wires
    13297 public wire bits
       24 ports
       24 port bits
        - memories
        - memory bits
        - processes
       39 cells
       13   $scopeinfo
        4   SB_IO
        4   SB_MAC16
        1   SB_PLL40_PAD
       13   SB_RAM40_4K
        4   SB_SPRAM256KA
     7023 submodules
     1022   SB_CARRY
      271   SB_DFF
      500   SB_DFFE
      492   SB_DFFESR
      132   SB_DFFESS
        4   SB_DFFN
      240   SB_DFFSR
        4   SB_DFFSS
     4358   SB_LUT4

7.56. Executing CHECK pass (checking for obvious problems).
Checking module icebreaker...
Found and reported 0 problems.

7.57. Executing JSON backend.

End of script. Logfile hash: 3d1bca87fc, CPU: user 7.26s system 0.12s, MEM: 458.72 MB peak
Yosys 0.63+97 (git sha1 1111a401f, clang++ 18.1.8 -fPIC -O3)
Time spent: 31% 1x autoname (2 sec), 19% 1x abc9_exe (1 sec), ...
