
 /----------------------------------------------------------------------------\
 |  yosys -- Yosys Open SYnthesis Suite                                       |
 |  Copyright (C) 2012 - 2026  Claire Xenia Wolf <claire@yosyshq.com>         |
 |  Distributed under an ISC-like license, type "license" to see terms        |
 \----------------------------------------------------------------------------/
 Yosys 0.63+97 (git sha1 1111a401f, clang++ 18.1.8 -fPIC -O3)

-- Parsing `icebreaker.v' using frontend ` -vlog2k' --

1. Executing Verilog-2005 frontend: icebreaker.v
Parsing Verilog input from `icebreaker.v' to AST representation.
Storing AST representation for module `$abstract\icebreaker'.
Storing AST representation for module `$abstract\seven_seg_ctrl'.
Storing AST representation for module `$abstract\seven_seg_hex'.
Successfully finished Verilog frontend.

-- Parsing `ice40up5k_spram.v' using frontend ` -vlog2k' --

2. Executing Verilog-2005 frontend: ice40up5k_spram.v
Parsing Verilog input from `ice40up5k_spram.v' to AST representation.
Storing AST representation for module `$abstract\ice40up5k_spram'.
Successfully finished Verilog frontend.

-- Parsing `spimemio.v' using frontend ` -vlog2k' --

3. Executing Verilog-2005 frontend: spimemio.v
Parsing Verilog input from `spimemio.v' to AST representation.
Storing AST representation for module `$abstract\spimemio'.
Storing AST representation for module `$abstract\spimemio_xfer'.
Successfully finished Verilog frontend.

-- Parsing `simpleuart.v' using frontend ` -vlog2k' --

4. Executing Verilog-2005 frontend: simpleuart.v
Parsing Verilog input from `simpleuart.v' to AST representation.
Storing AST representation for module `$abstract\simpleuart'.
Successfully finished Verilog frontend.

-- Parsing `picosoc.v' using frontend ` -vlog2k' --

5. Executing Verilog-2005 frontend: picosoc.v
Parsing Verilog input from `picosoc.v' to AST representation.
Storing AST representation for module `$abstract\picosoc'.
Storing AST representation for module `$abstract\spimem_cache_forward'.
Storing AST representation for module `$abstract\spimem_cache_direct_mapped'.
Storing AST representation for module `$abstract\picosoc_regs'.
Storing AST representation for module `$abstract\picosoc_mem'.
Successfully finished Verilog frontend.

-- Parsing `../picorv32.v' using frontend ` -vlog2k' --

6. Executing Verilog-2005 frontend: ../picorv32.v
Parsing Verilog input from `../picorv32.v' to AST representation.
Storing AST representation for module `$abstract\picorv32'.
Storing AST representation for module `$abstract\picorv32_regs'.
Storing AST representation for module `$abstract\picorv32_pcpi_mul'.
Storing AST representation for module `$abstract\picorv32_pcpi_fast_mul'.
Storing AST representation for module `$abstract\picorv32_pcpi_div'.
Storing AST representation for module `$abstract\picorv32_axi'.
Storing AST representation for module `$abstract\picorv32_axi_adapter'.
Storing AST representation for module `$abstract\picorv32_wb'.
Successfully finished Verilog frontend.

-- Running command `synth_ice40 -dsp -top icebreaker -json icebreaker.json' --

7. Executing SYNTH_ICE40 pass.

7.1. Executing Verilog-2005 frontend: /homes/cl2033/oss-cad-suite/lib/../share/yosys/ice40/cells_sim.v
Parsing Verilog input from `/homes/cl2033/oss-cad-suite/lib/../share/yosys/ice40/cells_sim.v' to AST representation.
Generating RTLIL representation for module `\SB_IO'.
Generating RTLIL representation for module `\SB_GB_IO'.
Generating RTLIL representation for module `\SB_GB'.
Generating RTLIL representation for module `\SB_LUT4'.
Generating RTLIL representation for module `\SB_CARRY'.
Generating RTLIL representation for module `\SB_DFF'.
Generating RTLIL representation for module `\SB_DFFE'.
Generating RTLIL representation for module `\SB_DFFSR'.
Generating RTLIL representation for module `\SB_DFFR'.
Generating RTLIL representation for module `\SB_DFFSS'.
Generating RTLIL representation for module `\SB_DFFS'.
Generating RTLIL representation for module `\SB_DFFESR'.
Generating RTLIL representation for module `\SB_DFFER'.
Generating RTLIL representation for module `\SB_DFFESS'.
Generating RTLIL representation for module `\SB_DFFES'.
Generating RTLIL representation for module `\SB_DFFN'.
Generating RTLIL representation for module `\SB_DFFNE'.
Generating RTLIL representation for module `\SB_DFFNSR'.
Generating RTLIL representation for module `\SB_DFFNR'.
Generating RTLIL representation for module `\SB_DFFNSS'.
Generating RTLIL representation for module `\SB_DFFNS'.
Generating RTLIL representation for module `\SB_DFFNESR'.
Generating RTLIL representation for module `\SB_DFFNER'.
Generating RTLIL representation for module `\SB_DFFNESS'.
Generating RTLIL representation for module `\SB_DFFNES'.
Generating RTLIL representation for module `\SB_RAM40_4K'.
Generating RTLIL representation for module `\SB_RAM40_4KNR'.
Generating RTLIL representation for module `\SB_RAM40_4KNW'.
Generating RTLIL representation for module `\SB_RAM40_4KNRNW'.
Generating RTLIL representation for module `\ICESTORM_LC'.
Generating RTLIL representation for module `\SB_PLL40_CORE'.
Generating RTLIL representation for module `\SB_PLL40_PAD'.
Generating RTLIL representation for module `\SB_PLL40_2_PAD'.
Generating RTLIL representation for module `\SB_PLL40_2F_CORE'.
Generating RTLIL representation for module `\SB_PLL40_2F_PAD'.
Generating RTLIL representation for module `\SB_WARMBOOT'.
Generating RTLIL representation for module `\SB_SPRAM256KA'.
Generating RTLIL representation for module `\SB_HFOSC'.
Generating RTLIL representation for module `\SB_LFOSC'.
Generating RTLIL representation for module `\SB_RGBA_DRV'.
Generating RTLIL representation for module `\SB_LED_DRV_CUR'.
Generating RTLIL representation for module `\SB_RGB_DRV'.
Generating RTLIL representation for module `\SB_I2C'.
Generating RTLIL representation for module `\SB_SPI'.
Generating RTLIL representation for module `\SB_LEDDA_IP'.
Generating RTLIL representation for module `\SB_FILTER_50NS'.
Generating RTLIL representation for module `\SB_IO_I3C'.
Generating RTLIL representation for module `\SB_IO_OD'.
Generating RTLIL representation for module `\SB_MAC16'.
Generating RTLIL representation for module `\ICESTORM_RAM'.
Successfully finished Verilog frontend.

7.2. Executing HIERARCHY pass (managing design hierarchy).

7.3. Executing AST frontend in derive mode using pre-parsed AST for module `\icebreaker'.
Generating RTLIL representation for module `\icebreaker'.

7.3.1. Analyzing design hierarchy..
Top module:  \icebreaker
Parameter \BARREL_SHIFTER = 0
Parameter \ENABLE_MUL = 0
Parameter \ENABLE_DIV = 0
Parameter \ENABLE_FAST_MUL = 1
Parameter \MEM_WORDS = 32768

7.3.2. Executing AST frontend in derive mode using pre-parsed AST for module `\picosoc'.
Parameter \BARREL_SHIFTER = 0
Parameter \ENABLE_MUL = 0
Parameter \ENABLE_DIV = 0
Parameter \ENABLE_FAST_MUL = 1
Parameter \MEM_WORDS = 32768
Generating RTLIL representation for module `$paramod$f03d4e23a3a44173f9a2edec4a46578428035902\picosoc'.

7.3.3. Executing AST frontend in derive mode using pre-parsed AST for module `\seven_seg_ctrl'.
Generating RTLIL representation for module `\seven_seg_ctrl'.

7.3.4. Analyzing design hierarchy..
Top module:  \icebreaker
Used module:     $paramod$f03d4e23a3a44173f9a2edec4a46578428035902\picosoc
Used module:     \seven_seg_ctrl

7.3.5. Executing AST frontend in derive mode using pre-parsed AST for module `\seven_seg_hex'.
Generating RTLIL representation for module `\seven_seg_hex'.
Parameter \WORDS = 32768

7.3.6. Executing AST frontend in derive mode using pre-parsed AST for module `\ice40up5k_spram'.
Parameter \WORDS = 32768
Generating RTLIL representation for module `$paramod\ice40up5k_spram\WORDS=s32'00000000000000001000000000000000'.

7.3.7. Executing AST frontend in derive mode using pre-parsed AST for module `\simpleuart'.
Generating RTLIL representation for module `\simpleuart'.

7.3.8. Executing AST frontend in derive mode using pre-parsed AST for module `\spimemio'.
Generating RTLIL representation for module `\spimemio'.

7.3.9. Executing AST frontend in derive mode using pre-parsed AST for module `\spimem_cache_direct_mapped'.
Generating RTLIL representation for module `\spimem_cache_direct_mapped'.
Parameter \ENABLE_COUNTERS = 1'1
Parameter \BARREL_SHIFTER = 1'0
Parameter \COMPRESSED_ISA = 1'0
Parameter \ENABLE_MUL = 1'0
Parameter \ENABLE_FAST_MUL = 1'1
Parameter \ENABLE_DIV = 1'0
Parameter \ENABLE_IRQ = 1
Parameter \ENABLE_IRQ_QREGS = 1'0
Parameter \PROGADDR_RESET = 1048576
Parameter \PROGADDR_IRQ = 0
Parameter \STACKADDR = 131072

7.3.10. Executing AST frontend in derive mode using pre-parsed AST for module `\picorv32'.
Parameter \ENABLE_COUNTERS = 1'1
Parameter \BARREL_SHIFTER = 1'0
Parameter \COMPRESSED_ISA = 1'0
Parameter \ENABLE_MUL = 1'0
Parameter \ENABLE_FAST_MUL = 1'1
Parameter \ENABLE_DIV = 1'0
Parameter \ENABLE_IRQ = 1
Parameter \ENABLE_IRQ_QREGS = 1'0
Parameter \PROGADDR_RESET = 1048576
Parameter \PROGADDR_IRQ = 0
Parameter \STACKADDR = 131072
Generating RTLIL representation for module `$paramod$d10354c6a96dde45072006c7ddf03c042761ad93\picorv32'.

7.3.11. Analyzing design hierarchy..
Top module:  \icebreaker
Used module:     $paramod$f03d4e23a3a44173f9a2edec4a46578428035902\picosoc
Used module:         $paramod\ice40up5k_spram\WORDS=s32'00000000000000001000000000000000
Used module:         \simpleuart
Used module:         \spimemio
Used module:         \spimem_cache_direct_mapped
Used module:         $paramod$d10354c6a96dde45072006c7ddf03c042761ad93\picorv32
Used module:     \seven_seg_ctrl
Used module:         \seven_seg_hex

7.3.12. Executing AST frontend in derive mode using pre-parsed AST for module `\spimemio_xfer'.
Generating RTLIL representation for module `\spimemio_xfer'.

7.3.13. Executing AST frontend in derive mode using pre-parsed AST for module `\picorv32_pcpi_fast_mul'.
Generating RTLIL representation for module `\picorv32_pcpi_fast_mul'.

7.3.14. Executing AST frontend in derive mode using pre-parsed AST for module `\picosoc_regs'.
Generating RTLIL representation for module `\picosoc_regs'.

7.3.15. Analyzing design hierarchy..
Top module:  \icebreaker
Used module:     $paramod$f03d4e23a3a44173f9a2edec4a46578428035902\picosoc
Used module:         $paramod\ice40up5k_spram\WORDS=s32'00000000000000001000000000000000
Used module:         \simpleuart
Used module:         \spimemio
Used module:             \spimemio_xfer
Used module:         \spimem_cache_direct_mapped
Used module:         $paramod$d10354c6a96dde45072006c7ddf03c042761ad93\picorv32
Used module:             \picorv32_pcpi_fast_mul
Used module:             \picosoc_regs
Used module:     \seven_seg_ctrl
Used module:         \seven_seg_hex

7.3.16. Analyzing design hierarchy..
Top module:  \icebreaker
Used module:     $paramod$f03d4e23a3a44173f9a2edec4a46578428035902\picosoc
Used module:         $paramod\ice40up5k_spram\WORDS=s32'00000000000000001000000000000000
Used module:         \simpleuart
Used module:         \spimemio
Used module:             \spimemio_xfer
Used module:         \spimem_cache_direct_mapped
Used module:         $paramod$d10354c6a96dde45072006c7ddf03c042761ad93\picorv32
Used module:             \picorv32_pcpi_fast_mul
Used module:             \picosoc_regs
Used module:     \seven_seg_ctrl
Used module:         \seven_seg_hex
Removing unused module `$abstract\picorv32_wb'.
Removing unused module `$abstract\picorv32_axi_adapter'.
Removing unused module `$abstract\picorv32_axi'.
Removing unused module `$abstract\picorv32_pcpi_div'.
Removing unused module `$abstract\picorv32_pcpi_fast_mul'.
Removing unused module `$abstract\picorv32_pcpi_mul'.
Removing unused module `$abstract\picorv32_regs'.
Removing unused module `$abstract\picorv32'.
Removing unused module `$abstract\picosoc_mem'.
Removing unused module `$abstract\picosoc_regs'.
Removing unused module `$abstract\spimem_cache_direct_mapped'.
Removing unused module `$abstract\spimem_cache_forward'.
Removing unused module `$abstract\picosoc'.
Removing unused module `$abstract\simpleuart'.
Removing unused module `$abstract\spimemio_xfer'.
Removing unused module `$abstract\spimemio'.
Removing unused module `$abstract\ice40up5k_spram'.
Removing unused module `$abstract\seven_seg_hex'.
Removing unused module `$abstract\seven_seg_ctrl'.
Removing unused module `$abstract\icebreaker'.
Removed 20 unused modules.

7.4. Executing PROC pass (convert processes to netlists).

7.4.1. Executing PROC_CLEAN pass (remove empty switches from decision trees).
Found and cleaned up 16 empty switches in `$paramod$d10354c6a96dde45072006c7ddf03c042761ad93\picorv32.$proc$../picorv32.v:1402$1125'.
Found and cleaned up 1 empty switch in `$paramod$d10354c6a96dde45072006c7ddf03c042761ad93\picorv32.$proc$../picorv32.v:1387$1111'.
Found and cleaned up 6 empty switches in `$paramod$d10354c6a96dde45072006c7ddf03c042761ad93\picorv32.$proc$../picorv32.v:546$754'.
Removing empty process `$paramod$d10354c6a96dde45072006c7ddf03c042761ad93\picorv32.$proc$../picorv32.v:546$754'.
Cleaned up 23 empty switches.

7.4.2. Executing PROC_RMDEAD pass (remove dead branches from decision trees).
Marked 1 switch rules as full_case in process $proc$picosoc.v:411$1388 in module picosoc_regs.
Marked 3 switch rules as full_case in process $proc$../picorv32.v:2378$1381 in module picorv32_pcpi_fast_mul.
Marked 2 switch rules as full_case in process $proc$../picorv32.v:2348$1374 in module picorv32_pcpi_fast_mul.
Marked 2 switch rules as full_case in process $proc$spimemio.v:535$1350 in module spimemio_xfer.
Marked 5 switch rules as full_case in process $proc$spimemio.v:447$1326 in module spimemio_xfer.
Marked 41 switch rules as full_case in process $proc$../picorv32.v:1402$1125 in module $paramod$d10354c6a96dde45072006c7ddf03c042761ad93\picorv32.
Marked 2 switch rules as full_case in process $proc$../picorv32.v:1309$1097 in module $paramod$d10354c6a96dde45072006c7ddf03c042761ad93\picorv32.
Marked 2 switch rules as full_case in process $proc$../picorv32.v:1295$1092 in module $paramod$d10354c6a96dde45072006c7ddf03c042761ad93\picorv32.
Marked 8 switch rules as full_case in process $proc$../picorv32.v:1186$1057 in module $paramod$d10354c6a96dde45072006c7ddf03c042761ad93\picorv32.
Marked 3 switch rules as full_case in process $proc$../picorv32.v:858$794 in module $paramod$d10354c6a96dde45072006c7ddf03c042761ad93\picorv32.
Marked 3 switch rules as full_case in process $proc$../picorv32.v:809$792 in module $paramod$d10354c6a96dde45072006c7ddf03c042761ad93\picorv32.
Marked 2 switch rules as full_case in process $proc$../picorv32.v:778$788 in module $paramod$d10354c6a96dde45072006c7ddf03c042761ad93\picorv32.
Marked 48 switch rules as full_case in process $proc$../picorv32.v:701$787 in module $paramod$d10354c6a96dde45072006c7ddf03c042761ad93\picorv32.
Marked 4 switch rules as full_case in process $proc$../picorv32.v:565$763 in module $paramod$d10354c6a96dde45072006c7ddf03c042761ad93\picorv32.
Marked 1 switch rules as full_case in process $proc$../picorv32.v:430$725 in module $paramod$d10354c6a96dde45072006c7ddf03c042761ad93\picorv32.
Removed 2 dead cases from process $proc$../picorv32.v:401$722 in module $paramod$d10354c6a96dde45072006c7ddf03c042761ad93\picorv32.
Marked 2 switch rules as full_case in process $proc$../picorv32.v:401$722 in module $paramod$d10354c6a96dde45072006c7ddf03c042761ad93\picorv32.
Marked 1 switch rules as full_case in process $proc$../picorv32.v:390$717 in module $paramod$d10354c6a96dde45072006c7ddf03c042761ad93\picorv32.
Marked 1 switch rules as full_case in process $proc$../picorv32.v:325$643 in module $paramod$d10354c6a96dde45072006c7ddf03c042761ad93\picorv32.
Marked 4 switch rules as full_case in process $proc$picosoc.v:362$570 in module spimem_cache_direct_mapped.
Marked 3 switch rules as full_case in process $proc$spimemio.v:207$527 in module spimemio.
Marked 1 switch rules as full_case in process $proc$spimemio.v:99$505 in module spimemio.
Marked 3 switch rules as full_case in process $proc$simpleuart.v:109$485 in module simpleuart.
Marked 2 switch rules as full_case in process $proc$simpleuart.v:66$476 in module simpleuart.
Marked 1 switch rules as full_case in process $proc$simpleuart.v:55$474 in module simpleuart.
Removed 1 dead cases from process $proc$icebreaker.v:218$463 in module seven_seg_hex.
Marked 1 switch rules as full_case in process $proc$icebreaker.v:218$463 in module seven_seg_hex.
Marked 1 switch rules as full_case in process $proc$icebreaker.v:196$454 in module seven_seg_ctrl.
Marked 1 switch rules as full_case in process $proc$icebreaker.v:108$390 in module icebreaker.
Removed a total of 3 dead cases.

7.4.3. Executing PROC_PRUNE pass (remove redundant assignments in processes).
Removed 9 redundant assignments.
Promoted 118 assignments to connections.

7.4.4. Executing PROC_INIT pass (extract init attributes).
Found init rule in `\seven_seg_ctrl.$proc$icebreaker.v:194$462'.
  Set init value: \msb_not_lsb = 1'0
Found init rule in `\seven_seg_ctrl.$proc$icebreaker.v:193$461'.
  Set init value: \clkdiv_pulse = 1'0
Found init rule in `\seven_seg_ctrl.$proc$icebreaker.v:192$460'.
  Set init value: \clkdiv = 10'0000000000
Found init rule in `\icebreaker.$proc$icebreaker.v:52$396'.
  Set init value: \reset_cnt = 6'000000

7.4.5. Executing PROC_ARST pass (detect async resets in processes).

7.4.6. Executing PROC_ROM pass (convert switches to ROMs).
Converted 1 switch.
<suppressed ~274 debug messages>

7.4.7. Executing PROC_MUX pass (convert decision trees to multiplexers).
Creating decoders for process `\picosoc_regs.$proc$picosoc.v:411$1388'.
     1/3: $1$memwr$\regs$picosoc.v:412$1387_EN[31:0]$1394
     2/3: $1$memwr$\regs$picosoc.v:412$1387_DATA[31:0]$1393
     3/3: $1$memwr$\regs$picosoc.v:412$1387_ADDR[4:0]$1392
Creating decoders for process `\picorv32_pcpi_fast_mul.$proc$../picorv32.v:2378$1381'.
     1/4: $0\active[3:0] [3:1]
     2/4: $0\active[3:0] [0]
     3/4: $0\rs2[32:0]
     4/4: $0\rs1[32:0]
Creating decoders for process `\picorv32_pcpi_fast_mul.$proc$../picorv32.v:2364$1376'.
     1/4: $0\rd_q[63:0]
     2/4: $0\rd[63:0]
     3/4: $0\rs2_q[32:0]
     4/4: $0\rs1_q[32:0]
Creating decoders for process `\picorv32_pcpi_fast_mul.$proc$../picorv32.v:2348$1374'.
     1/8: $2\instr_mul[0:0]
     2/8: $2\instr_mulhu[0:0]
     3/8: $2\instr_mulhsu[0:0]
     4/8: $2\instr_mulh[0:0]
     5/8: $1\instr_mulhu[0:0]
     6/8: $1\instr_mulhsu[0:0]
     7/8: $1\instr_mulh[0:0]
     8/8: $1\instr_mul[0:0]
Creating decoders for process `\spimemio_xfer.$proc$spimemio.v:535$1350'.
     1/14: $0\last_fetch[0:0]
     2/14: $0\fetch[0:0]
     3/14: $0\xfer_tag[3:0]
     4/14: $0\xfer_rd[0:0]
     5/14: $0\xfer_qspi[0:0]
     6/14: $0\xfer_cont[0:0]
     7/14: $0\dummy_count[3:0]
     8/14: $0\count[3:0]
     9/14: $0\ibuffer[7:0]
    10/14: $0\obuffer[7:0]
    11/14: $0\xfer_ddr[0:0]
    12/14: $0\xfer_dspi[0:0]
    13/14: $0\flash_clk[0:0]
    14/14: $0\flash_csb[0:0]
Creating decoders for process `\spimemio_xfer.$proc$spimemio.v:447$1326'.
     1/33: $5\next_count[3:0]
     2/33: $5\next_obuffer[7:0]
     3/33: $5\next_ibuffer[7:0]
     4/33: $4\next_count[3:0]
     5/33: $4\next_obuffer[7:0]
     6/33: $4\next_ibuffer[7:0]
     7/33: $3\next_count[3:0]
     8/33: $3\next_obuffer[7:0]
     9/33: $3\next_ibuffer[7:0]
    10/33: $2\next_fetch[0:0]
    11/33: $2\next_count[3:0]
    12/33: $2\next_ibuffer[7:0]
    13/33: $2\next_obuffer[7:0]
    14/33: $2\flash_io0_do[0:0]
    15/33: $2\flash_io0_oe[0:0]
    16/33: $2\flash_io3_do[0:0]
    17/33: $2\flash_io3_oe[0:0]
    18/33: $2\flash_io2_do[0:0]
    19/33: $2\flash_io2_oe[0:0]
    20/33: $2\flash_io1_do[0:0]
    21/33: $2\flash_io1_oe[0:0]
    22/33: $1\next_fetch[0:0]
    23/33: $1\next_count[3:0]
    24/33: $1\next_ibuffer[7:0]
    25/33: $1\next_obuffer[7:0]
    26/33: $1\flash_io3_do[0:0]
    27/33: $1\flash_io3_oe[0:0]
    28/33: $1\flash_io2_do[0:0]
    29/33: $1\flash_io2_oe[0:0]
    30/33: $1\flash_io1_do[0:0]
    31/33: $1\flash_io1_oe[0:0]
    32/33: $1\flash_io0_do[0:0]
    33/33: $1\flash_io0_oe[0:0]
Creating decoders for process `\spimemio_xfer.$proc$spimemio.v:436$1317'.
Creating decoders for process `$paramod$d10354c6a96dde45072006c7ddf03c042761ad93\picorv32.$proc$../picorv32.v:1402$1125'.
     1/86: $23\next_irq_pending[2:2]
     2/86: $22\next_irq_pending[2:2]
     3/86: $21\next_irq_pending[2:2]
     4/86: $20\next_irq_pending[2:2]
     5/86: $19\next_irq_pending[2:2]
     6/86: $18\next_irq_pending[2:2]
     7/86: $17\next_irq_pending[2:2]
     8/86: $16\next_irq_pending[0:0]
     9/86: $15\next_irq_pending[0:0]
    10/86: $14\next_irq_pending[31:0] [0]
    11/86: $14\next_irq_pending[31:0] [31:1]
    12/86: $2\next_irq_pending[31:0] [31:2]
    13/86: $3\set_mem_do_rdata[0:0]
    14/86: $2\next_irq_pending[31:0] [1]
    15/86: $3\set_mem_do_wdata[0:0]
    16/86: $2\next_irq_pending[31:0] [0]
    17/86: $4\set_mem_do_rinst[0:0]
    18/86: $3\set_mem_do_rinst[0:0]
    19/86: $4\set_mem_do_wdata[0:0]
    20/86: $12\next_irq_pending[1:1]
    21/86: $11\next_irq_pending[1:1]
    22/86: $10\next_irq_pending[1:1]
    23/86: $4\set_mem_do_rdata[0:0]
    24/86: $8\next_irq_pending[1:1]
    25/86: $7\next_irq_pending[1:1]
    26/86: $6\next_irq_pending[1:1]
    27/86: $5\next_irq_pending[1:1]
    28/86: $4\next_irq_pending[1:1]
    29/86: $13\next_irq_pending[1:1]
    30/86: $5\set_mem_do_rinst[0:0]
    31/86: $9\next_irq_pending[1:1]
    32/86: $3\next_irq_pending[31:0]
    33/86: $3\current_pc[31:0]
    34/86: $2\current_pc[31:0]
    35/86: $2\set_mem_do_wdata[0:0]
    36/86: $2\set_mem_do_rdata[0:0]
    37/86: $2\set_mem_do_rinst[0:0]
    38/86: $1\next_irq_pending[31:0]
    39/86: $1\current_pc[31:0]
    40/86: $1\set_mem_do_wdata[0:0]
    41/86: $1\set_mem_do_rdata[0:0]
    42/86: $1\set_mem_do_rinst[0:0]
    43/86: $0\trace_data[35:0]
    44/86: $0\count_cycle[63:0]
    45/86: $0\pcpi_timeout[0:0]
    46/86: $0\trace_valid[0:0]
    47/86: $0\do_waitirq[0:0]
    48/86: $0\decoder_pseudo_trigger[0:0]
    49/86: $0\decoder_trigger[0:0]
    50/86: $0\alu_wait_2[0:0]
    51/86: $0\alu_wait[0:0]
    52/86: $0\reg_out[31:0]
    53/86: $0\reg_sh[4:0]
    54/86: $0\trap[0:0]
    55/86: $0\pcpi_timeout_counter[3:0]
    56/86: $0\latched_rd[4:0]
    57/86: $0\latched_is_lb[0:0]
    58/86: $0\latched_is_lh[0:0]
    59/86: $0\latched_is_lu[0:0]
    60/86: $0\latched_trace[0:0]
    61/86: $0\latched_compr[0:0]
    62/86: $0\latched_branch[0:0]
    63/86: $0\latched_stalu[0:0]
    64/86: $0\latched_store[0:0]
    65/86: $0\irq_state[1:0]
    66/86: $0\cpu_state[7:0]
    67/86: $0\dbg_rs2val_valid[0:0]
    68/86: $0\dbg_rs1val_valid[0:0]
    69/86: $0\dbg_rs2val[31:0]
    70/86: $0\dbg_rs1val[31:0]
    71/86: $0\mem_do_wdata[0:0]
    72/86: $0\mem_do_rdata[0:0]
    73/86: $0\mem_do_rinst[0:0]
    74/86: $0\mem_do_prefetch[0:0]
    75/86: $0\mem_wordsize[1:0]
    76/86: $0\timer[31:0]
    77/86: $0\irq_mask[31:0]
    78/86: $0\irq_active[0:0]
    79/86: $0\irq_delay[0:0]
    80/86: $0\reg_op2[31:0]
    81/86: $0\reg_op1[31:0]
    82/86: $0\reg_next_pc[31:0]
    83/86: $0\reg_pc[31:0]
    84/86: $0\count_instr[63:0]
    85/86: $0\eoi[31:0]
    86/86: $0\pcpi_valid[0:0]
Creating decoders for process `$paramod$d10354c6a96dde45072006c7ddf03c042761ad93\picorv32.$proc$../picorv32.v:1387$1111'.
Creating decoders for process `$paramod$d10354c6a96dde45072006c7ddf03c042761ad93\picorv32.$proc$../picorv32.v:1309$1097'.
     1/4: $2\cpuregs_write[0:0]
     2/4: $2\cpuregs_wrdata[31:0]
     3/4: $1\cpuregs_wrdata[31:0]
     4/4: $1\cpuregs_write[0:0]
Creating decoders for process `$paramod$d10354c6a96dde45072006c7ddf03c042761ad93\picorv32.$proc$../picorv32.v:1295$1092'.
     1/2: $2\clear_prefetched_high_word[0:0]
     2/2: $1\clear_prefetched_high_word[0:0]
Creating decoders for process `$paramod$d10354c6a96dde45072006c7ddf03c042761ad93\picorv32.$proc$../picorv32.v:1293$1091'.
Creating decoders for process `$paramod$d10354c6a96dde45072006c7ddf03c042761ad93\picorv32.$proc$../picorv32.v:1249$1069'.
     1/2: $1\alu_out[31:0]
     2/2: $1\alu_out_0[0:0]
Creating decoders for process `$paramod$d10354c6a96dde45072006c7ddf03c042761ad93\picorv32.$proc$../picorv32.v:1186$1057'.
     1/8: $8\dbg_ascii_state[127:0]
     2/8: $7\dbg_ascii_state[127:0]
     3/8: $6\dbg_ascii_state[127:0]
     4/8: $5\dbg_ascii_state[127:0]
     5/8: $4\dbg_ascii_state[127:0]
     6/8: $3\dbg_ascii_state[127:0]
     7/8: $2\dbg_ascii_state[127:0]
     8/8: $1\dbg_ascii_state[127:0]
Creating decoders for process `$paramod$d10354c6a96dde45072006c7ddf03c042761ad93\picorv32.$proc$../picorv32.v:858$794'.
     1/77: $0\decoded_rs1[4:0] [4]
     2/77: $0\decoded_imm_j[31:0] [10]
     3/77: $0\decoded_imm_j[31:0] [7]
     4/77: $0\decoded_imm_j[31:0] [6]
     5/77: $0\decoded_imm_j[31:0] [3:1]
     6/77: $0\decoded_imm_j[31:0] [5]
     7/77: $0\decoded_imm_j[31:0] [9:8]
     8/77: $0\decoded_imm_j[31:0] [31:20]
     9/77: $0\decoded_imm_j[31:0] [4]
    10/77: $0\decoded_imm_j[31:0] [11]
    11/77: $0\decoded_imm_j[31:0] [0]
    12/77: $0\decoded_rs1[4:0] [3:0]
    13/77: $0\is_lui_auipc_jal_jalr_addi_add_sub[0:0]
    14/77: $0\is_alu_reg_reg[0:0]
    15/77: $0\is_alu_reg_imm[0:0]
    16/77: $0\is_beq_bne_blt_bge_bltu_bgeu[0:0]
    17/77: $0\is_sll_srl_sra[0:0]
    18/77: $0\is_sb_sh_sw[0:0]
    19/77: $0\is_jalr_addi_slti_sltiu_xori_ori_andi[0:0]
    20/77: $0\is_slli_srli_srai[0:0]
    21/77: $0\is_lb_lh_lw_lbu_lhu[0:0]
    22/77: $0\compressed_instr[0:0]
    23/77: $0\is_compare[0:0]
    24/77: $0\decoded_imm[31:0]
    25/77: $0\decoded_rs2[4:0]
    26/77: $0\decoded_imm_j[31:0] [19:12]
    27/77: $0\decoded_rd[4:0]
    28/77: $0\instr_timer[0:0]
    29/77: $0\instr_waitirq[0:0]
    30/77: $0\instr_maskirq[0:0]
    31/77: $0\instr_retirq[0:0]
    32/77: $0\instr_setq[0:0]
    33/77: $0\instr_getq[0:0]
    34/77: $0\instr_fence[0:0]
    35/77: $0\instr_ecall_ebreak[0:0]
    36/77: $0\instr_rdinstrh[0:0]
    37/77: $0\instr_rdinstr[0:0]
    38/77: $0\instr_rdcycleh[0:0]
    39/77: $0\instr_rdcycle[0:0]
    40/77: $0\instr_and[0:0]
    41/77: $0\instr_or[0:0]
    42/77: $0\instr_sra[0:0]
    43/77: $0\instr_srl[0:0]
    44/77: $0\instr_xor[0:0]
    45/77: $0\instr_sltu[0:0]
    46/77: $0\instr_slt[0:0]
    47/77: $0\instr_sll[0:0]
    48/77: $0\instr_sub[0:0]
    49/77: $0\instr_add[0:0]
    50/77: $0\instr_srai[0:0]
    51/77: $0\instr_srli[0:0]
    52/77: $0\instr_slli[0:0]
    53/77: $0\instr_andi[0:0]
    54/77: $0\instr_ori[0:0]
    55/77: $0\instr_xori[0:0]
    56/77: $0\instr_sltiu[0:0]
    57/77: $0\instr_slti[0:0]
    58/77: $0\instr_addi[0:0]
    59/77: $0\instr_sw[0:0]
    60/77: $0\instr_sh[0:0]
    61/77: $0\instr_sb[0:0]
    62/77: $0\instr_lhu[0:0]
    63/77: $0\instr_lbu[0:0]
    64/77: $0\instr_lw[0:0]
    65/77: $0\instr_lh[0:0]
    66/77: $0\instr_lb[0:0]
    67/77: $0\instr_bgeu[0:0]
    68/77: $0\instr_bltu[0:0]
    69/77: $0\instr_bge[0:0]
    70/77: $0\instr_blt[0:0]
    71/77: $0\instr_bne[0:0]
    72/77: $0\instr_beq[0:0]
    73/77: $0\instr_jalr[0:0]
    74/77: $0\instr_jal[0:0]
    75/77: $0\instr_auipc[0:0]
    76/77: $0\instr_lui[0:0]
    77/77: $0\pcpi_insn[31:0]
Creating decoders for process `$paramod$d10354c6a96dde45072006c7ddf03c042761ad93\picorv32.$proc$../picorv32.v:809$792'.
     1/13: $3\dbg_insn_opcode[31:0]
     2/13: $2\dbg_insn_rd[4:0]
     3/13: $2\dbg_insn_rs2[4:0]
     4/13: $2\dbg_insn_rs1[4:0]
     5/13: $2\dbg_insn_opcode[31:0]
     6/13: $2\dbg_insn_imm[31:0]
     7/13: $2\dbg_ascii_instr[63:0]
     8/13: $1\dbg_insn_rd[4:0]
     9/13: $1\dbg_insn_rs2[4:0]
    10/13: $1\dbg_insn_rs1[4:0]
    11/13: $1\dbg_insn_imm[31:0]
    12/13: $1\dbg_ascii_instr[63:0]
    13/13: $1\dbg_insn_opcode[31:0]
Creating decoders for process `$paramod$d10354c6a96dde45072006c7ddf03c042761ad93\picorv32.$proc$../picorv32.v:778$788'.
     1/8: $0\cached_insn_rd[4:0]
     2/8: $0\cached_insn_rs2[4:0]
     3/8: $0\cached_insn_rs1[4:0]
     4/8: $0\cached_insn_opcode[31:0]
     5/8: $0\cached_insn_imm[31:0]
     6/8: $0\cached_ascii_instr[63:0]
     7/8: $0\dbg_valid_insn[0:0]
     8/8: $0\dbg_insn_addr[31:0]
Creating decoders for process `$paramod$d10354c6a96dde45072006c7ddf03c042761ad93\picorv32.$proc$../picorv32.v:701$787'.
     1/48: $48\new_ascii_instr[63:0]
     2/48: $47\new_ascii_instr[63:0]
     3/48: $46\new_ascii_instr[63:0]
     4/48: $45\new_ascii_instr[63:0]
     5/48: $44\new_ascii_instr[63:0]
     6/48: $43\new_ascii_instr[63:0]
     7/48: $42\new_ascii_instr[63:0]
     8/48: $41\new_ascii_instr[63:0]
     9/48: $40\new_ascii_instr[63:0]
    10/48: $39\new_ascii_instr[63:0]
    11/48: $38\new_ascii_instr[63:0]
    12/48: $37\new_ascii_instr[63:0]
    13/48: $36\new_ascii_instr[63:0]
    14/48: $35\new_ascii_instr[63:0]
    15/48: $34\new_ascii_instr[63:0]
    16/48: $33\new_ascii_instr[63:0]
    17/48: $32\new_ascii_instr[63:0]
    18/48: $31\new_ascii_instr[63:0]
    19/48: $30\new_ascii_instr[63:0]
    20/48: $29\new_ascii_instr[63:0]
    21/48: $28\new_ascii_instr[63:0]
    22/48: $27\new_ascii_instr[63:0]
    23/48: $26\new_ascii_instr[63:0]
    24/48: $25\new_ascii_instr[63:0]
    25/48: $24\new_ascii_instr[63:0]
    26/48: $23\new_ascii_instr[63:0]
    27/48: $22\new_ascii_instr[63:0]
    28/48: $21\new_ascii_instr[63:0]
    29/48: $20\new_ascii_instr[63:0]
    30/48: $19\new_ascii_instr[63:0]
    31/48: $18\new_ascii_instr[63:0]
    32/48: $17\new_ascii_instr[63:0]
    33/48: $16\new_ascii_instr[63:0]
    34/48: $15\new_ascii_instr[63:0]
    35/48: $14\new_ascii_instr[63:0]
    36/48: $13\new_ascii_instr[63:0]
    37/48: $12\new_ascii_instr[63:0]
    38/48: $11\new_ascii_instr[63:0]
    39/48: $10\new_ascii_instr[63:0]
    40/48: $9\new_ascii_instr[63:0]
    41/48: $8\new_ascii_instr[63:0]
    42/48: $7\new_ascii_instr[63:0]
    43/48: $6\new_ascii_instr[63:0]
    44/48: $5\new_ascii_instr[63:0]
    45/48: $4\new_ascii_instr[63:0]
    46/48: $3\new_ascii_instr[63:0]
    47/48: $2\new_ascii_instr[63:0]
    48/48: $1\new_ascii_instr[63:0]
Creating decoders for process `$paramod$d10354c6a96dde45072006c7ddf03c042761ad93\picorv32.$proc$../picorv32.v:565$763'.
     1/9: $0\mem_16bit_buffer[15:0]
     2/9: $0\prefetched_high_word[0:0]
     3/9: $0\mem_la_secondword[0:0]
     4/9: $0\mem_state[1:0]
     5/9: $0\mem_wstrb[3:0]
     6/9: $0\mem_wdata[31:0]
     7/9: $0\mem_addr[31:0]
     8/9: $0\mem_instr[0:0]
     9/9: $0\mem_valid[0:0]
Creating decoders for process `$paramod$d10354c6a96dde45072006c7ddf03c042761ad93\picorv32.$proc$../picorv32.v:1239$1306'.
Creating decoders for process `$paramod$d10354c6a96dde45072006c7ddf03c042761ad93\picorv32.$proc$../picorv32.v:430$725'.
     1/9: $0\mem_rdata_q[31:0] [31]
     2/9: $0\mem_rdata_q[31:0] [7]
     3/9: $0\mem_rdata_q[31:0] [24:20]
     4/9: $0\mem_rdata_q[31:0] [19:15]
     5/9: $0\mem_rdata_q[31:0] [6:0]
     6/9: $0\mem_rdata_q[31:0] [14:12]
     7/9: $0\mem_rdata_q[31:0] [11:8]
     8/9: $0\mem_rdata_q[31:0] [30:25]
     9/9: $0\next_insn_opcode[31:0]
Creating decoders for process `$paramod$d10354c6a96dde45072006c7ddf03c042761ad93\picorv32.$proc$../picorv32.v:401$722'.
     1/5: $3\mem_rdata_word[31:0]
     2/5: $2\mem_rdata_word[31:0]
     3/5: $1\mem_rdata_word[31:0]
     4/5: $1\mem_la_wstrb[3:0]
     5/5: $1\mem_la_wdata[31:0]
Creating decoders for process `$paramod$d10354c6a96dde45072006c7ddf03c042761ad93\picorv32.$proc$../picorv32.v:390$717'.
     1/2: $0\last_mem_valid[0:0]
     2/2: $0\mem_la_firstword_reg[0:0]
Creating decoders for process `$paramod$d10354c6a96dde45072006c7ddf03c042761ad93\picorv32.$proc$../picorv32.v:325$643'.
     1/2: $1\pcpi_int_rd[31:0]
     2/2: $1\pcpi_int_wr[0:0]
Creating decoders for process `\spimem_cache_direct_mapped.$proc$picosoc.v:362$570'.
     1/43: $4$memwr$\cache_valid$picosoc.v:387$558_EN[0:0]$628
     2/43: $4$memwr$\cache_valid$picosoc.v:387$558_ADDR[2:0]$627
     3/43: $4$memwr$\cache_data$picosoc.v:386$557_EN[31:0]$626
     4/43: $4$memwr$\cache_data$picosoc.v:386$557_DATA[31:0]$625
     5/43: $4$memwr$\cache_data$picosoc.v:386$557_ADDR[2:0]$624
     6/43: $4$memwr$\cache_addr$picosoc.v:385$556_EN[23:0]$623
     7/43: $4$memwr$\cache_addr$picosoc.v:385$556_DATA[23:0]$622
     8/43: $4$memwr$\cache_addr$picosoc.v:385$556_ADDR[2:0]$621
     9/43: $3$memwr$\cache_valid$picosoc.v:387$558_EN[0:0]$619
    10/43: $3$memwr$\cache_valid$picosoc.v:387$558_ADDR[2:0]$618
    11/43: $3$memwr$\cache_data$picosoc.v:386$557_EN[31:0]$617
    12/43: $3$memwr$\cache_data$picosoc.v:386$557_DATA[31:0]$616
    13/43: $3$memwr$\cache_data$picosoc.v:386$557_ADDR[2:0]$615
    14/43: $3$memwr$\cache_addr$picosoc.v:385$556_EN[23:0]$614
    15/43: $3$memwr$\cache_addr$picosoc.v:385$556_DATA[23:0]$613
    16/43: $3$memwr$\cache_addr$picosoc.v:385$556_ADDR[2:0]$612
    17/43: $2$memwr$\cache_valid$picosoc.v:387$558_EN[0:0]$611
    18/43: $2$memwr$\cache_valid$picosoc.v:387$558_ADDR[2:0]$610
    19/43: $2$memwr$\cache_data$picosoc.v:386$557_EN[31:0]$609
    20/43: $2$memwr$\cache_data$picosoc.v:386$557_DATA[31:0]$608
    21/43: $2$memwr$\cache_data$picosoc.v:386$557_ADDR[2:0]$607
    22/43: $2$memwr$\cache_addr$picosoc.v:385$556_EN[23:0]$606
    23/43: $2$memwr$\cache_addr$picosoc.v:385$556_DATA[23:0]$605
    24/43: $2$memwr$\cache_addr$picosoc.v:385$556_ADDR[2:0]$604
    25/43: $1\i[31:0]
    26/43: $1$memwr$\cache_valid$picosoc.v:366$555_EN[0:0]$595
    27/43: $1$memwr$\cache_valid$picosoc.v:366$554_EN[0:0]$594
    28/43: $1$memwr$\cache_valid$picosoc.v:366$553_EN[0:0]$593
    29/43: $1$memwr$\cache_valid$picosoc.v:366$552_EN[0:0]$592
    30/43: $1$memwr$\cache_valid$picosoc.v:366$551_EN[0:0]$591
    31/43: $1$memwr$\cache_valid$picosoc.v:366$550_EN[0:0]$590
    32/43: $1$memwr$\cache_valid$picosoc.v:366$549_EN[0:0]$589
    33/43: $1$memwr$\cache_valid$picosoc.v:366$548_EN[0:0]$588
    34/43: $1$memwr$\cache_valid$picosoc.v:387$558_EN[0:0]$603
    35/43: $1$memwr$\cache_valid$picosoc.v:387$558_ADDR[2:0]$602
    36/43: $1$memwr$\cache_data$picosoc.v:386$557_EN[31:0]$601
    37/43: $1$memwr$\cache_data$picosoc.v:386$557_DATA[31:0]$600
    38/43: $1$memwr$\cache_data$picosoc.v:386$557_ADDR[2:0]$599
    39/43: $1$memwr$\cache_addr$picosoc.v:385$556_EN[23:0]$598
    40/43: $1$memwr$\cache_addr$picosoc.v:385$556_DATA[23:0]$597
    41/43: $1$memwr$\cache_addr$picosoc.v:385$556_ADDR[2:0]$596
    42/43: $0\miss_count[31:0]
    43/43: $0\hit_count[31:0]
Creating decoders for process `\spimem_cache_direct_mapped.$proc$picosoc.v:354$563'.
Creating decoders for process `\spimemio.$proc$spimemio.v:207$527'.
     1/17: $0\buffer[23:0] [23:16]
     2/17: $0\buffer[23:0] [15:8]
     3/17: $0\buffer[23:0] [7:0]
     4/17: $0\xfer_resetn[0:0]
     5/17: $0\state[3:0]
     6/17: $0\rd_inc[0:0]
     7/17: $0\rd_wait[0:0]
     8/17: $0\rd_valid[0:0]
     9/17: $0\rd_addr[23:0]
    10/17: $0\din_valid[0:0]
    11/17: $0\din_rd[0:0]
    12/17: $0\din_ddr[0:0]
    13/17: $0\din_qspi[0:0]
    14/17: $0\din_cont[0:0]
    15/17: $0\din_tag[3:0]
    16/17: $0\din_data[7:0]
    17/17: $0\rdata[31:0]
Creating decoders for process `\spimemio.$proc$spimemio.v:151$509'.
Creating decoders for process `\spimemio.$proc$spimemio.v:99$505'.
     1/10: $0\softreset[0:0]
     2/10: $0\config_do[3:0]
     3/10: $0\config_clk[0:0]
     4/10: $0\config_csb[0:0]
     5/10: $0\config_oe[3:0]
     6/10: $0\config_dummy[3:0]
     7/10: $0\config_cont[0:0]
     8/10: $0\config_qspi[0:0]
     9/10: $0\config_ddr[0:0]
    10/10: $0\config_en[0:0]
Creating decoders for process `\simpleuart.$proc$simpleuart.v:109$485'.
     1/4: $0\send_divcnt[31:0]
     2/4: $0\send_dummy[0:0]
     3/4: $0\send_bitcnt[3:0]
     4/4: $0\send_pattern[9:0]
Creating decoders for process `\simpleuart.$proc$simpleuart.v:66$476'.
     1/5: $0\recv_divcnt[31:0]
     2/5: $0\recv_buf_valid[0:0]
     3/5: $0\recv_buf_data[7:0]
     4/5: $0\recv_pattern[7:0]
     5/5: $0\recv_state[3:0]
Creating decoders for process `\simpleuart.$proc$simpleuart.v:55$474'.
     1/4: $0\cfg_divider[31:0] [31:24]
     2/4: $0\cfg_divider[31:0] [23:16]
     3/4: $0\cfg_divider[31:0] [15:8]
     4/4: $0\cfg_divider[31:0] [7:0]
Creating decoders for process `\seven_seg_hex.$proc$icebreaker.v:218$463'.
     1/1: $1\dout[6:0]
Creating decoders for process `\seven_seg_ctrl.$proc$icebreaker.v:194$462'.
Creating decoders for process `\seven_seg_ctrl.$proc$icebreaker.v:193$461'.
Creating decoders for process `\seven_seg_ctrl.$proc$icebreaker.v:192$460'.
Creating decoders for process `\seven_seg_ctrl.$proc$icebreaker.v:196$454'.
     1/2: $0\dout[7:0] [7]
     2/2: $0\dout[7:0] [6:0]
Creating decoders for process `$paramod$f03d4e23a3a44173f9a2edec4a46578428035902\picosoc.$proc$picosoc.v:255$444'.
Creating decoders for process `$paramod$f03d4e23a3a44173f9a2edec4a46578428035902\picosoc.$proc$picosoc.v:93$397'.
Creating decoders for process `\icebreaker.$proc$icebreaker.v:52$396'.
Creating decoders for process `\icebreaker.$proc$icebreaker.v:108$390'.
     1/6: $0\gpio[31:0] [31:24]
     2/6: $0\gpio[31:0] [23:16]
     3/6: $0\gpio[31:0] [15:8]
     4/6: $0\gpio[31:0] [7:0]
     5/6: $0\iomem_rdata[31:0]
     6/6: $0\iomem_ready[0:0]
Creating decoders for process `\icebreaker.$proc$icebreaker.v:55$385'.

7.4.8. Executing PROC_DLATCH pass (convert process syncs to latches).
No latch inferred for signal `\picorv32_pcpi_fast_mul.\instr_mul' from process `\picorv32_pcpi_fast_mul.$proc$../picorv32.v:2348$1374'.
No latch inferred for signal `\picorv32_pcpi_fast_mul.\instr_mulh' from process `\picorv32_pcpi_fast_mul.$proc$../picorv32.v:2348$1374'.
No latch inferred for signal `\picorv32_pcpi_fast_mul.\instr_mulhsu' from process `\picorv32_pcpi_fast_mul.$proc$../picorv32.v:2348$1374'.
No latch inferred for signal `\picorv32_pcpi_fast_mul.\instr_mulhu' from process `\picorv32_pcpi_fast_mul.$proc$../picorv32.v:2348$1374'.
No latch inferred for signal `\spimemio_xfer.\flash_io0_oe' from process `\spimemio_xfer.$proc$spimemio.v:447$1326'.
No latch inferred for signal `\spimemio_xfer.\flash_io0_do' from process `\spimemio_xfer.$proc$spimemio.v:447$1326'.
No latch inferred for signal `\spimemio_xfer.\flash_io1_oe' from process `\spimemio_xfer.$proc$spimemio.v:447$1326'.
No latch inferred for signal `\spimemio_xfer.\flash_io1_do' from process `\spimemio_xfer.$proc$spimemio.v:447$1326'.
No latch inferred for signal `\spimemio_xfer.\flash_io2_oe' from process `\spimemio_xfer.$proc$spimemio.v:447$1326'.
No latch inferred for signal `\spimemio_xfer.\flash_io2_do' from process `\spimemio_xfer.$proc$spimemio.v:447$1326'.
No latch inferred for signal `\spimemio_xfer.\flash_io3_oe' from process `\spimemio_xfer.$proc$spimemio.v:447$1326'.
No latch inferred for signal `\spimemio_xfer.\flash_io3_do' from process `\spimemio_xfer.$proc$spimemio.v:447$1326'.
No latch inferred for signal `\spimemio_xfer.\next_obuffer' from process `\spimemio_xfer.$proc$spimemio.v:447$1326'.
No latch inferred for signal `\spimemio_xfer.\next_ibuffer' from process `\spimemio_xfer.$proc$spimemio.v:447$1326'.
No latch inferred for signal `\spimemio_xfer.\next_count' from process `\spimemio_xfer.$proc$spimemio.v:447$1326'.
No latch inferred for signal `\spimemio_xfer.\next_fetch' from process `\spimemio_xfer.$proc$spimemio.v:447$1326'.
No latch inferred for signal `$paramod$d10354c6a96dde45072006c7ddf03c042761ad93\picorv32.\cpuregs_rs1' from process `$paramod$d10354c6a96dde45072006c7ddf03c042761ad93\picorv32.$proc$../picorv32.v:1387$1111'.
No latch inferred for signal `$paramod$d10354c6a96dde45072006c7ddf03c042761ad93\picorv32.\cpuregs_rs2' from process `$paramod$d10354c6a96dde45072006c7ddf03c042761ad93\picorv32.$proc$../picorv32.v:1387$1111'.
No latch inferred for signal `$paramod$d10354c6a96dde45072006c7ddf03c042761ad93\picorv32.\decoded_rs' from process `$paramod$d10354c6a96dde45072006c7ddf03c042761ad93\picorv32.$proc$../picorv32.v:1387$1111'.
No latch inferred for signal `$paramod$d10354c6a96dde45072006c7ddf03c042761ad93\picorv32.\cpuregs_write' from process `$paramod$d10354c6a96dde45072006c7ddf03c042761ad93\picorv32.$proc$../picorv32.v:1309$1097'.
No latch inferred for signal `$paramod$d10354c6a96dde45072006c7ddf03c042761ad93\picorv32.\cpuregs_wrdata' from process `$paramod$d10354c6a96dde45072006c7ddf03c042761ad93\picorv32.$proc$../picorv32.v:1309$1097'.
No latch inferred for signal `$paramod$d10354c6a96dde45072006c7ddf03c042761ad93\picorv32.\clear_prefetched_high_word' from process `$paramod$d10354c6a96dde45072006c7ddf03c042761ad93\picorv32.$proc$../picorv32.v:1295$1092'.
No latch inferred for signal `$paramod$d10354c6a96dde45072006c7ddf03c042761ad93\picorv32.\alu_out' from process `$paramod$d10354c6a96dde45072006c7ddf03c042761ad93\picorv32.$proc$../picorv32.v:1249$1069'.
No latch inferred for signal `$paramod$d10354c6a96dde45072006c7ddf03c042761ad93\picorv32.\alu_out_0' from process `$paramod$d10354c6a96dde45072006c7ddf03c042761ad93\picorv32.$proc$../picorv32.v:1249$1069'.
No latch inferred for signal `$paramod$d10354c6a96dde45072006c7ddf03c042761ad93\picorv32.\dbg_ascii_state' from process `$paramod$d10354c6a96dde45072006c7ddf03c042761ad93\picorv32.$proc$../picorv32.v:1186$1057'.
No latch inferred for signal `$paramod$d10354c6a96dde45072006c7ddf03c042761ad93\picorv32.\dbg_insn_opcode' from process `$paramod$d10354c6a96dde45072006c7ddf03c042761ad93\picorv32.$proc$../picorv32.v:809$792'.
No latch inferred for signal `$paramod$d10354c6a96dde45072006c7ddf03c042761ad93\picorv32.\dbg_ascii_instr' from process `$paramod$d10354c6a96dde45072006c7ddf03c042761ad93\picorv32.$proc$../picorv32.v:809$792'.
No latch inferred for signal `$paramod$d10354c6a96dde45072006c7ddf03c042761ad93\picorv32.\dbg_insn_imm' from process `$paramod$d10354c6a96dde45072006c7ddf03c042761ad93\picorv32.$proc$../picorv32.v:809$792'.
No latch inferred for signal `$paramod$d10354c6a96dde45072006c7ddf03c042761ad93\picorv32.\dbg_insn_rs1' from process `$paramod$d10354c6a96dde45072006c7ddf03c042761ad93\picorv32.$proc$../picorv32.v:809$792'.
No latch inferred for signal `$paramod$d10354c6a96dde45072006c7ddf03c042761ad93\picorv32.\dbg_insn_rs2' from process `$paramod$d10354c6a96dde45072006c7ddf03c042761ad93\picorv32.$proc$../picorv32.v:809$792'.
No latch inferred for signal `$paramod$d10354c6a96dde45072006c7ddf03c042761ad93\picorv32.\dbg_insn_rd' from process `$paramod$d10354c6a96dde45072006c7ddf03c042761ad93\picorv32.$proc$../picorv32.v:809$792'.
No latch inferred for signal `$paramod$d10354c6a96dde45072006c7ddf03c042761ad93\picorv32.\new_ascii_instr' from process `$paramod$d10354c6a96dde45072006c7ddf03c042761ad93\picorv32.$proc$../picorv32.v:701$787'.
No latch inferred for signal `$paramod$d10354c6a96dde45072006c7ddf03c042761ad93\picorv32.\alu_add_sub' from process `$paramod$d10354c6a96dde45072006c7ddf03c042761ad93\picorv32.$proc$../picorv32.v:1239$1306'.
No latch inferred for signal `$paramod$d10354c6a96dde45072006c7ddf03c042761ad93\picorv32.\alu_shl' from process `$paramod$d10354c6a96dde45072006c7ddf03c042761ad93\picorv32.$proc$../picorv32.v:1239$1306'.
No latch inferred for signal `$paramod$d10354c6a96dde45072006c7ddf03c042761ad93\picorv32.\alu_shr' from process `$paramod$d10354c6a96dde45072006c7ddf03c042761ad93\picorv32.$proc$../picorv32.v:1239$1306'.
No latch inferred for signal `$paramod$d10354c6a96dde45072006c7ddf03c042761ad93\picorv32.\alu_eq' from process `$paramod$d10354c6a96dde45072006c7ddf03c042761ad93\picorv32.$proc$../picorv32.v:1239$1306'.
No latch inferred for signal `$paramod$d10354c6a96dde45072006c7ddf03c042761ad93\picorv32.\alu_ltu' from process `$paramod$d10354c6a96dde45072006c7ddf03c042761ad93\picorv32.$proc$../picorv32.v:1239$1306'.
No latch inferred for signal `$paramod$d10354c6a96dde45072006c7ddf03c042761ad93\picorv32.\alu_lts' from process `$paramod$d10354c6a96dde45072006c7ddf03c042761ad93\picorv32.$proc$../picorv32.v:1239$1306'.
No latch inferred for signal `$paramod$d10354c6a96dde45072006c7ddf03c042761ad93\picorv32.\mem_la_wdata' from process `$paramod$d10354c6a96dde45072006c7ddf03c042761ad93\picorv32.$proc$../picorv32.v:401$722'.
No latch inferred for signal `$paramod$d10354c6a96dde45072006c7ddf03c042761ad93\picorv32.\mem_la_wstrb' from process `$paramod$d10354c6a96dde45072006c7ddf03c042761ad93\picorv32.$proc$../picorv32.v:401$722'.
No latch inferred for signal `$paramod$d10354c6a96dde45072006c7ddf03c042761ad93\picorv32.\mem_rdata_word' from process `$paramod$d10354c6a96dde45072006c7ddf03c042761ad93\picorv32.$proc$../picorv32.v:401$722'.
No latch inferred for signal `$paramod$d10354c6a96dde45072006c7ddf03c042761ad93\picorv32.\pcpi_int_wr' from process `$paramod$d10354c6a96dde45072006c7ddf03c042761ad93\picorv32.$proc$../picorv32.v:325$643'.
No latch inferred for signal `$paramod$d10354c6a96dde45072006c7ddf03c042761ad93\picorv32.\pcpi_int_rd' from process `$paramod$d10354c6a96dde45072006c7ddf03c042761ad93\picorv32.$proc$../picorv32.v:325$643'.
No latch inferred for signal `$paramod$d10354c6a96dde45072006c7ddf03c042761ad93\picorv32.\pcpi_int_wait' from process `$paramod$d10354c6a96dde45072006c7ddf03c042761ad93\picorv32.$proc$../picorv32.v:325$643'.
No latch inferred for signal `$paramod$d10354c6a96dde45072006c7ddf03c042761ad93\picorv32.\pcpi_int_ready' from process `$paramod$d10354c6a96dde45072006c7ddf03c042761ad93\picorv32.$proc$../picorv32.v:325$643'.
No latch inferred for signal `\spimem_cache_direct_mapped.\cpu_ready' from process `\spimem_cache_direct_mapped.$proc$picosoc.v:354$563'.
No latch inferred for signal `\spimem_cache_direct_mapped.\cpu_rdata' from process `\spimem_cache_direct_mapped.$proc$picosoc.v:354$563'.
No latch inferred for signal `\spimem_cache_direct_mapped.\spimem_valid' from process `\spimem_cache_direct_mapped.$proc$picosoc.v:354$563'.
No latch inferred for signal `\spimem_cache_direct_mapped.\spimem_addr' from process `\spimem_cache_direct_mapped.$proc$picosoc.v:354$563'.
No latch inferred for signal `\seven_seg_hex.\dout' from process `\seven_seg_hex.$proc$icebreaker.v:218$463'.
No latch inferred for signal `$paramod$f03d4e23a3a44173f9a2edec4a46578428035902\picosoc.\irq' from process `$paramod$f03d4e23a3a44173f9a2edec4a46578428035902\picosoc.$proc$picosoc.v:93$397'.

7.4.9. Executing PROC_DFF pass (convert process syncs to FFs).
Creating register for signal `\picosoc_regs.$memwr$\regs$picosoc.v:412$1387_ADDR' using process `\picosoc_regs.$proc$picosoc.v:411$1388'.
  created $dff cell `$procdff$5452' with positive edge clock.
Creating register for signal `\picosoc_regs.$memwr$\regs$picosoc.v:412$1387_DATA' using process `\picosoc_regs.$proc$picosoc.v:411$1388'.
  created $dff cell `$procdff$5453' with positive edge clock.
Creating register for signal `\picosoc_regs.$memwr$\regs$picosoc.v:412$1387_EN' using process `\picosoc_regs.$proc$picosoc.v:411$1388'.
  created $dff cell `$procdff$5454' with positive edge clock.
Creating register for signal `\picorv32_pcpi_fast_mul.\shift_out' using process `\picorv32_pcpi_fast_mul.$proc$../picorv32.v:2378$1381'.
  created $dff cell `$procdff$5455' with positive edge clock.
Creating register for signal `\picorv32_pcpi_fast_mul.\active' using process `\picorv32_pcpi_fast_mul.$proc$../picorv32.v:2378$1381'.
  created $dff cell `$procdff$5456' with positive edge clock.
Creating register for signal `\picorv32_pcpi_fast_mul.\rs1' using process `\picorv32_pcpi_fast_mul.$proc$../picorv32.v:2378$1381'.
  created $dff cell `$procdff$5457' with positive edge clock.
Creating register for signal `\picorv32_pcpi_fast_mul.\rs2' using process `\picorv32_pcpi_fast_mul.$proc$../picorv32.v:2378$1381'.
  created $dff cell `$procdff$5458' with positive edge clock.
Creating register for signal `\picorv32_pcpi_fast_mul.\rs1_q' using process `\picorv32_pcpi_fast_mul.$proc$../picorv32.v:2364$1376'.
  created $dff cell `$procdff$5459' with positive edge clock.
Creating register for signal `\picorv32_pcpi_fast_mul.\rs2_q' using process `\picorv32_pcpi_fast_mul.$proc$../picorv32.v:2364$1376'.
  created $dff cell `$procdff$5460' with positive edge clock.
Creating register for signal `\picorv32_pcpi_fast_mul.\rd' using process `\picorv32_pcpi_fast_mul.$proc$../picorv32.v:2364$1376'.
  created $dff cell `$procdff$5461' with positive edge clock.
Creating register for signal `\picorv32_pcpi_fast_mul.\rd_q' using process `\picorv32_pcpi_fast_mul.$proc$../picorv32.v:2364$1376'.
  created $dff cell `$procdff$5462' with positive edge clock.
Creating register for signal `\picorv32_pcpi_fast_mul.\pcpi_insn_valid_q' using process `\picorv32_pcpi_fast_mul.$proc$../picorv32.v:2364$1376'.
  created $dff cell `$procdff$5463' with positive edge clock.
Creating register for signal `\spimemio_xfer.\flash_csb' using process `\spimemio_xfer.$proc$spimemio.v:535$1350'.
  created $dff cell `$procdff$5464' with positive edge clock.
Creating register for signal `\spimemio_xfer.\flash_clk' using process `\spimemio_xfer.$proc$spimemio.v:535$1350'.
  created $dff cell `$procdff$5465' with positive edge clock.
Creating register for signal `\spimemio_xfer.\xfer_dspi' using process `\spimemio_xfer.$proc$spimemio.v:535$1350'.
  created $dff cell `$procdff$5466' with positive edge clock.
Creating register for signal `\spimemio_xfer.\xfer_ddr' using process `\spimemio_xfer.$proc$spimemio.v:535$1350'.
  created $dff cell `$procdff$5467' with positive edge clock.
Creating register for signal `\spimemio_xfer.\obuffer' using process `\spimemio_xfer.$proc$spimemio.v:535$1350'.
  created $dff cell `$procdff$5468' with positive edge clock.
Creating register for signal `\spimemio_xfer.\ibuffer' using process `\spimemio_xfer.$proc$spimemio.v:535$1350'.
  created $dff cell `$procdff$5469' with positive edge clock.
Creating register for signal `\spimemio_xfer.\count' using process `\spimemio_xfer.$proc$spimemio.v:535$1350'.
  created $dff cell `$procdff$5470' with positive edge clock.
Creating register for signal `\spimemio_xfer.\dummy_count' using process `\spimemio_xfer.$proc$spimemio.v:535$1350'.
  created $dff cell `$procdff$5471' with positive edge clock.
Creating register for signal `\spimemio_xfer.\xfer_cont' using process `\spimemio_xfer.$proc$spimemio.v:535$1350'.
  created $dff cell `$procdff$5472' with positive edge clock.
Creating register for signal `\spimemio_xfer.\xfer_qspi' using process `\spimemio_xfer.$proc$spimemio.v:535$1350'.
  created $dff cell `$procdff$5473' with positive edge clock.
Creating register for signal `\spimemio_xfer.\xfer_rd' using process `\spimemio_xfer.$proc$spimemio.v:535$1350'.
  created $dff cell `$procdff$5474' with positive edge clock.
Creating register for signal `\spimemio_xfer.\xfer_tag' using process `\spimemio_xfer.$proc$spimemio.v:535$1350'.
  created $dff cell `$procdff$5475' with positive edge clock.
Creating register for signal `\spimemio_xfer.\fetch' using process `\spimemio_xfer.$proc$spimemio.v:535$1350'.
  created $dff cell `$procdff$5476' with positive edge clock.
Creating register for signal `\spimemio_xfer.\last_fetch' using process `\spimemio_xfer.$proc$spimemio.v:535$1350'.
  created $dff cell `$procdff$5477' with positive edge clock.
Creating register for signal `\spimemio_xfer.\xfer_ddr_q' using process `\spimemio_xfer.$proc$spimemio.v:436$1317'.
  created $dff cell `$procdff$5478' with positive edge clock.
Creating register for signal `\spimemio_xfer.\xfer_tag_q' using process `\spimemio_xfer.$proc$spimemio.v:436$1317'.
  created $dff cell `$procdff$5479' with positive edge clock.
Creating register for signal `$paramod$d10354c6a96dde45072006c7ddf03c042761ad93\picorv32.\trap' using process `$paramod$d10354c6a96dde45072006c7ddf03c042761ad93\picorv32.$proc$../picorv32.v:1402$1125'.
  created $dff cell `$procdff$5480' with positive edge clock.
Creating register for signal `$paramod$d10354c6a96dde45072006c7ddf03c042761ad93\picorv32.\pcpi_valid' using process `$paramod$d10354c6a96dde45072006c7ddf03c042761ad93\picorv32.$proc$../picorv32.v:1402$1125'.
  created $dff cell `$procdff$5481' with positive edge clock.
Creating register for signal `$paramod$d10354c6a96dde45072006c7ddf03c042761ad93\picorv32.\eoi' using process `$paramod$d10354c6a96dde45072006c7ddf03c042761ad93\picorv32.$proc$../picorv32.v:1402$1125'.
  created $dff cell `$procdff$5482' with positive edge clock.
Creating register for signal `$paramod$d10354c6a96dde45072006c7ddf03c042761ad93\picorv32.\trace_valid' using process `$paramod$d10354c6a96dde45072006c7ddf03c042761ad93\picorv32.$proc$../picorv32.v:1402$1125'.
  created $dff cell `$procdff$5483' with positive edge clock.
Creating register for signal `$paramod$d10354c6a96dde45072006c7ddf03c042761ad93\picorv32.\trace_data' using process `$paramod$d10354c6a96dde45072006c7ddf03c042761ad93\picorv32.$proc$../picorv32.v:1402$1125'.
  created $dff cell `$procdff$5484' with positive edge clock.
Creating register for signal `$paramod$d10354c6a96dde45072006c7ddf03c042761ad93\picorv32.\count_cycle' using process `$paramod$d10354c6a96dde45072006c7ddf03c042761ad93\picorv32.$proc$../picorv32.v:1402$1125'.
  created $dff cell `$procdff$5485' with positive edge clock.
Creating register for signal `$paramod$d10354c6a96dde45072006c7ddf03c042761ad93\picorv32.\count_instr' using process `$paramod$d10354c6a96dde45072006c7ddf03c042761ad93\picorv32.$proc$../picorv32.v:1402$1125'.
  created $dff cell `$procdff$5486' with positive edge clock.
Creating register for signal `$paramod$d10354c6a96dde45072006c7ddf03c042761ad93\picorv32.\reg_pc' using process `$paramod$d10354c6a96dde45072006c7ddf03c042761ad93\picorv32.$proc$../picorv32.v:1402$1125'.
  created $dff cell `$procdff$5487' with positive edge clock.
Creating register for signal `$paramod$d10354c6a96dde45072006c7ddf03c042761ad93\picorv32.\reg_next_pc' using process `$paramod$d10354c6a96dde45072006c7ddf03c042761ad93\picorv32.$proc$../picorv32.v:1402$1125'.
  created $dff cell `$procdff$5488' with positive edge clock.
Creating register for signal `$paramod$d10354c6a96dde45072006c7ddf03c042761ad93\picorv32.\reg_op1' using process `$paramod$d10354c6a96dde45072006c7ddf03c042761ad93\picorv32.$proc$../picorv32.v:1402$1125'.
  created $dff cell `$procdff$5489' with positive edge clock.
Creating register for signal `$paramod$d10354c6a96dde45072006c7ddf03c042761ad93\picorv32.\reg_op2' using process `$paramod$d10354c6a96dde45072006c7ddf03c042761ad93\picorv32.$proc$../picorv32.v:1402$1125'.
  created $dff cell `$procdff$5490' with positive edge clock.
Creating register for signal `$paramod$d10354c6a96dde45072006c7ddf03c042761ad93\picorv32.\reg_out' using process `$paramod$d10354c6a96dde45072006c7ddf03c042761ad93\picorv32.$proc$../picorv32.v:1402$1125'.
  created $dff cell `$procdff$5491' with positive edge clock.
Creating register for signal `$paramod$d10354c6a96dde45072006c7ddf03c042761ad93\picorv32.\reg_sh' using process `$paramod$d10354c6a96dde45072006c7ddf03c042761ad93\picorv32.$proc$../picorv32.v:1402$1125'.
  created $dff cell `$procdff$5492' with positive edge clock.
Creating register for signal `$paramod$d10354c6a96dde45072006c7ddf03c042761ad93\picorv32.\irq_delay' using process `$paramod$d10354c6a96dde45072006c7ddf03c042761ad93\picorv32.$proc$../picorv32.v:1402$1125'.
  created $dff cell `$procdff$5493' with positive edge clock.
Creating register for signal `$paramod$d10354c6a96dde45072006c7ddf03c042761ad93\picorv32.\irq_active' using process `$paramod$d10354c6a96dde45072006c7ddf03c042761ad93\picorv32.$proc$../picorv32.v:1402$1125'.
  created $dff cell `$procdff$5494' with positive edge clock.
Creating register for signal `$paramod$d10354c6a96dde45072006c7ddf03c042761ad93\picorv32.\irq_mask' using process `$paramod$d10354c6a96dde45072006c7ddf03c042761ad93\picorv32.$proc$../picorv32.v:1402$1125'.
  created $dff cell `$procdff$5495' with positive edge clock.
Creating register for signal `$paramod$d10354c6a96dde45072006c7ddf03c042761ad93\picorv32.\irq_pending' using process `$paramod$d10354c6a96dde45072006c7ddf03c042761ad93\picorv32.$proc$../picorv32.v:1402$1125'.
  created $dff cell `$procdff$5496' with positive edge clock.
Creating register for signal `$paramod$d10354c6a96dde45072006c7ddf03c042761ad93\picorv32.\timer' using process `$paramod$d10354c6a96dde45072006c7ddf03c042761ad93\picorv32.$proc$../picorv32.v:1402$1125'.
  created $dff cell `$procdff$5497' with positive edge clock.
Creating register for signal `$paramod$d10354c6a96dde45072006c7ddf03c042761ad93\picorv32.\mem_wordsize' using process `$paramod$d10354c6a96dde45072006c7ddf03c042761ad93\picorv32.$proc$../picorv32.v:1402$1125'.
  created $dff cell `$procdff$5498' with positive edge clock.
Creating register for signal `$paramod$d10354c6a96dde45072006c7ddf03c042761ad93\picorv32.\mem_do_prefetch' using process `$paramod$d10354c6a96dde45072006c7ddf03c042761ad93\picorv32.$proc$../picorv32.v:1402$1125'.
  created $dff cell `$procdff$5499' with positive edge clock.
Creating register for signal `$paramod$d10354c6a96dde45072006c7ddf03c042761ad93\picorv32.\mem_do_rinst' using process `$paramod$d10354c6a96dde45072006c7ddf03c042761ad93\picorv32.$proc$../picorv32.v:1402$1125'.
  created $dff cell `$procdff$5500' with positive edge clock.
Creating register for signal `$paramod$d10354c6a96dde45072006c7ddf03c042761ad93\picorv32.\mem_do_rdata' using process `$paramod$d10354c6a96dde45072006c7ddf03c042761ad93\picorv32.$proc$../picorv32.v:1402$1125'.
  created $dff cell `$procdff$5501' with positive edge clock.
Creating register for signal `$paramod$d10354c6a96dde45072006c7ddf03c042761ad93\picorv32.\mem_do_wdata' using process `$paramod$d10354c6a96dde45072006c7ddf03c042761ad93\picorv32.$proc$../picorv32.v:1402$1125'.
  created $dff cell `$procdff$5502' with positive edge clock.
Creating register for signal `$paramod$d10354c6a96dde45072006c7ddf03c042761ad93\picorv32.\decoder_trigger' using process `$paramod$d10354c6a96dde45072006c7ddf03c042761ad93\picorv32.$proc$../picorv32.v:1402$1125'.
  created $dff cell `$procdff$5503' with positive edge clock.
Creating register for signal `$paramod$d10354c6a96dde45072006c7ddf03c042761ad93\picorv32.\decoder_trigger_q' using process `$paramod$d10354c6a96dde45072006c7ddf03c042761ad93\picorv32.$proc$../picorv32.v:1402$1125'.
  created $dff cell `$procdff$5504' with positive edge clock.
Creating register for signal `$paramod$d10354c6a96dde45072006c7ddf03c042761ad93\picorv32.\decoder_pseudo_trigger' using process `$paramod$d10354c6a96dde45072006c7ddf03c042761ad93\picorv32.$proc$../picorv32.v:1402$1125'.
  created $dff cell `$procdff$5505' with positive edge clock.
Creating register for signal `$paramod$d10354c6a96dde45072006c7ddf03c042761ad93\picorv32.\decoder_pseudo_trigger_q' using process `$paramod$d10354c6a96dde45072006c7ddf03c042761ad93\picorv32.$proc$../picorv32.v:1402$1125'.
  created $dff cell `$procdff$5506' with positive edge clock.
Creating register for signal `$paramod$d10354c6a96dde45072006c7ddf03c042761ad93\picorv32.\dbg_rs1val' using process `$paramod$d10354c6a96dde45072006c7ddf03c042761ad93\picorv32.$proc$../picorv32.v:1402$1125'.
  created $dff cell `$procdff$5507' with positive edge clock.
Creating register for signal `$paramod$d10354c6a96dde45072006c7ddf03c042761ad93\picorv32.\dbg_rs2val' using process `$paramod$d10354c6a96dde45072006c7ddf03c042761ad93\picorv32.$proc$../picorv32.v:1402$1125'.
  created $dff cell `$procdff$5508' with positive edge clock.
Creating register for signal `$paramod$d10354c6a96dde45072006c7ddf03c042761ad93\picorv32.\dbg_rs1val_valid' using process `$paramod$d10354c6a96dde45072006c7ddf03c042761ad93\picorv32.$proc$../picorv32.v:1402$1125'.
  created $dff cell `$procdff$5509' with positive edge clock.
Creating register for signal `$paramod$d10354c6a96dde45072006c7ddf03c042761ad93\picorv32.\dbg_rs2val_valid' using process `$paramod$d10354c6a96dde45072006c7ddf03c042761ad93\picorv32.$proc$../picorv32.v:1402$1125'.
  created $dff cell `$procdff$5510' with positive edge clock.
Creating register for signal `$paramod$d10354c6a96dde45072006c7ddf03c042761ad93\picorv32.\cpu_state' using process `$paramod$d10354c6a96dde45072006c7ddf03c042761ad93\picorv32.$proc$../picorv32.v:1402$1125'.
  created $dff cell `$procdff$5511' with positive edge clock.
Creating register for signal `$paramod$d10354c6a96dde45072006c7ddf03c042761ad93\picorv32.\irq_state' using process `$paramod$d10354c6a96dde45072006c7ddf03c042761ad93\picorv32.$proc$../picorv32.v:1402$1125'.
  created $dff cell `$procdff$5512' with positive edge clock.
Creating register for signal `$paramod$d10354c6a96dde45072006c7ddf03c042761ad93\picorv32.\set_mem_do_rinst' using process `$paramod$d10354c6a96dde45072006c7ddf03c042761ad93\picorv32.$proc$../picorv32.v:1402$1125'.
  created $dff cell `$procdff$5513' with positive edge clock.
Creating register for signal `$paramod$d10354c6a96dde45072006c7ddf03c042761ad93\picorv32.\set_mem_do_rdata' using process `$paramod$d10354c6a96dde45072006c7ddf03c042761ad93\picorv32.$proc$../picorv32.v:1402$1125'.
  created $dff cell `$procdff$5514' with positive edge clock.
Creating register for signal `$paramod$d10354c6a96dde45072006c7ddf03c042761ad93\picorv32.\set_mem_do_wdata' using process `$paramod$d10354c6a96dde45072006c7ddf03c042761ad93\picorv32.$proc$../picorv32.v:1402$1125'.
  created $dff cell `$procdff$5515' with positive edge clock.
Creating register for signal `$paramod$d10354c6a96dde45072006c7ddf03c042761ad93\picorv32.\latched_store' using process `$paramod$d10354c6a96dde45072006c7ddf03c042761ad93\picorv32.$proc$../picorv32.v:1402$1125'.
  created $dff cell `$procdff$5516' with positive edge clock.
Creating register for signal `$paramod$d10354c6a96dde45072006c7ddf03c042761ad93\picorv32.\latched_stalu' using process `$paramod$d10354c6a96dde45072006c7ddf03c042761ad93\picorv32.$proc$../picorv32.v:1402$1125'.
  created $dff cell `$procdff$5517' with positive edge clock.
Creating register for signal `$paramod$d10354c6a96dde45072006c7ddf03c042761ad93\picorv32.\latched_branch' using process `$paramod$d10354c6a96dde45072006c7ddf03c042761ad93\picorv32.$proc$../picorv32.v:1402$1125'.
  created $dff cell `$procdff$5518' with positive edge clock.
Creating register for signal `$paramod$d10354c6a96dde45072006c7ddf03c042761ad93\picorv32.\latched_compr' using process `$paramod$d10354c6a96dde45072006c7ddf03c042761ad93\picorv32.$proc$../picorv32.v:1402$1125'.
  created $dff cell `$procdff$5519' with positive edge clock.
Creating register for signal `$paramod$d10354c6a96dde45072006c7ddf03c042761ad93\picorv32.\latched_trace' using process `$paramod$d10354c6a96dde45072006c7ddf03c042761ad93\picorv32.$proc$../picorv32.v:1402$1125'.
  created $dff cell `$procdff$5520' with positive edge clock.
Creating register for signal `$paramod$d10354c6a96dde45072006c7ddf03c042761ad93\picorv32.\latched_is_lu' using process `$paramod$d10354c6a96dde45072006c7ddf03c042761ad93\picorv32.$proc$../picorv32.v:1402$1125'.
  created $dff cell `$procdff$5521' with positive edge clock.
Creating register for signal `$paramod$d10354c6a96dde45072006c7ddf03c042761ad93\picorv32.\latched_is_lh' using process `$paramod$d10354c6a96dde45072006c7ddf03c042761ad93\picorv32.$proc$../picorv32.v:1402$1125'.
  created $dff cell `$procdff$5522' with positive edge clock.
Creating register for signal `$paramod$d10354c6a96dde45072006c7ddf03c042761ad93\picorv32.\latched_is_lb' using process `$paramod$d10354c6a96dde45072006c7ddf03c042761ad93\picorv32.$proc$../picorv32.v:1402$1125'.
  created $dff cell `$procdff$5523' with positive edge clock.
Creating register for signal `$paramod$d10354c6a96dde45072006c7ddf03c042761ad93\picorv32.\latched_rd' using process `$paramod$d10354c6a96dde45072006c7ddf03c042761ad93\picorv32.$proc$../picorv32.v:1402$1125'.
  created $dff cell `$procdff$5524' with positive edge clock.
Creating register for signal `$paramod$d10354c6a96dde45072006c7ddf03c042761ad93\picorv32.\current_pc' using process `$paramod$d10354c6a96dde45072006c7ddf03c042761ad93\picorv32.$proc$../picorv32.v:1402$1125'.
  created $dff cell `$procdff$5525' with positive edge clock.
Creating register for signal `$paramod$d10354c6a96dde45072006c7ddf03c042761ad93\picorv32.\pcpi_timeout_counter' using process `$paramod$d10354c6a96dde45072006c7ddf03c042761ad93\picorv32.$proc$../picorv32.v:1402$1125'.
  created $dff cell `$procdff$5526' with positive edge clock.
Creating register for signal `$paramod$d10354c6a96dde45072006c7ddf03c042761ad93\picorv32.\pcpi_timeout' using process `$paramod$d10354c6a96dde45072006c7ddf03c042761ad93\picorv32.$proc$../picorv32.v:1402$1125'.
  created $dff cell `$procdff$5527' with positive edge clock.
Creating register for signal `$paramod$d10354c6a96dde45072006c7ddf03c042761ad93\picorv32.\next_irq_pending' using process `$paramod$d10354c6a96dde45072006c7ddf03c042761ad93\picorv32.$proc$../picorv32.v:1402$1125'.
  created $dff cell `$procdff$5528' with positive edge clock.
Creating register for signal `$paramod$d10354c6a96dde45072006c7ddf03c042761ad93\picorv32.\do_waitirq' using process `$paramod$d10354c6a96dde45072006c7ddf03c042761ad93\picorv32.$proc$../picorv32.v:1402$1125'.
  created $dff cell `$procdff$5529' with positive edge clock.
Creating register for signal `$paramod$d10354c6a96dde45072006c7ddf03c042761ad93\picorv32.\alu_out_q' using process `$paramod$d10354c6a96dde45072006c7ddf03c042761ad93\picorv32.$proc$../picorv32.v:1402$1125'.
  created $dff cell `$procdff$5530' with positive edge clock.
Creating register for signal `$paramod$d10354c6a96dde45072006c7ddf03c042761ad93\picorv32.\alu_out_0_q' using process `$paramod$d10354c6a96dde45072006c7ddf03c042761ad93\picorv32.$proc$../picorv32.v:1402$1125'.
  created $dff cell `$procdff$5531' with positive edge clock.
Creating register for signal `$paramod$d10354c6a96dde45072006c7ddf03c042761ad93\picorv32.\alu_wait' using process `$paramod$d10354c6a96dde45072006c7ddf03c042761ad93\picorv32.$proc$../picorv32.v:1402$1125'.
  created $dff cell `$procdff$5532' with positive edge clock.
Creating register for signal `$paramod$d10354c6a96dde45072006c7ddf03c042761ad93\picorv32.\alu_wait_2' using process `$paramod$d10354c6a96dde45072006c7ddf03c042761ad93\picorv32.$proc$../picorv32.v:1402$1125'.
  created $dff cell `$procdff$5533' with positive edge clock.
Creating register for signal `$paramod$d10354c6a96dde45072006c7ddf03c042761ad93\picorv32.\clear_prefetched_high_word_q' using process `$paramod$d10354c6a96dde45072006c7ddf03c042761ad93\picorv32.$proc$../picorv32.v:1293$1091'.
  created $dff cell `$procdff$5534' with positive edge clock.
Creating register for signal `$paramod$d10354c6a96dde45072006c7ddf03c042761ad93\picorv32.\pcpi_insn' using process `$paramod$d10354c6a96dde45072006c7ddf03c042761ad93\picorv32.$proc$../picorv32.v:858$794'.
  created $dff cell `$procdff$5535' with positive edge clock.
Creating register for signal `$paramod$d10354c6a96dde45072006c7ddf03c042761ad93\picorv32.\instr_lui' using process `$paramod$d10354c6a96dde45072006c7ddf03c042761ad93\picorv32.$proc$../picorv32.v:858$794'.
  created $dff cell `$procdff$5536' with positive edge clock.
Creating register for signal `$paramod$d10354c6a96dde45072006c7ddf03c042761ad93\picorv32.\instr_auipc' using process `$paramod$d10354c6a96dde45072006c7ddf03c042761ad93\picorv32.$proc$../picorv32.v:858$794'.
  created $dff cell `$procdff$5537' with positive edge clock.
Creating register for signal `$paramod$d10354c6a96dde45072006c7ddf03c042761ad93\picorv32.\instr_jal' using process `$paramod$d10354c6a96dde45072006c7ddf03c042761ad93\picorv32.$proc$../picorv32.v:858$794'.
  created $dff cell `$procdff$5538' with positive edge clock.
Creating register for signal `$paramod$d10354c6a96dde45072006c7ddf03c042761ad93\picorv32.\instr_jalr' using process `$paramod$d10354c6a96dde45072006c7ddf03c042761ad93\picorv32.$proc$../picorv32.v:858$794'.
  created $dff cell `$procdff$5539' with positive edge clock.
Creating register for signal `$paramod$d10354c6a96dde45072006c7ddf03c042761ad93\picorv32.\instr_beq' using process `$paramod$d10354c6a96dde45072006c7ddf03c042761ad93\picorv32.$proc$../picorv32.v:858$794'.
  created $dff cell `$procdff$5540' with positive edge clock.
Creating register for signal `$paramod$d10354c6a96dde45072006c7ddf03c042761ad93\picorv32.\instr_bne' using process `$paramod$d10354c6a96dde45072006c7ddf03c042761ad93\picorv32.$proc$../picorv32.v:858$794'.
  created $dff cell `$procdff$5541' with positive edge clock.
Creating register for signal `$paramod$d10354c6a96dde45072006c7ddf03c042761ad93\picorv32.\instr_blt' using process `$paramod$d10354c6a96dde45072006c7ddf03c042761ad93\picorv32.$proc$../picorv32.v:858$794'.
  created $dff cell `$procdff$5542' with positive edge clock.
Creating register for signal `$paramod$d10354c6a96dde45072006c7ddf03c042761ad93\picorv32.\instr_bge' using process `$paramod$d10354c6a96dde45072006c7ddf03c042761ad93\picorv32.$proc$../picorv32.v:858$794'.
  created $dff cell `$procdff$5543' with positive edge clock.
Creating register for signal `$paramod$d10354c6a96dde45072006c7ddf03c042761ad93\picorv32.\instr_bltu' using process `$paramod$d10354c6a96dde45072006c7ddf03c042761ad93\picorv32.$proc$../picorv32.v:858$794'.
  created $dff cell `$procdff$5544' with positive edge clock.
Creating register for signal `$paramod$d10354c6a96dde45072006c7ddf03c042761ad93\picorv32.\instr_bgeu' using process `$paramod$d10354c6a96dde45072006c7ddf03c042761ad93\picorv32.$proc$../picorv32.v:858$794'.
  created $dff cell `$procdff$5545' with positive edge clock.
Creating register for signal `$paramod$d10354c6a96dde45072006c7ddf03c042761ad93\picorv32.\instr_lb' using process `$paramod$d10354c6a96dde45072006c7ddf03c042761ad93\picorv32.$proc$../picorv32.v:858$794'.
  created $dff cell `$procdff$5546' with positive edge clock.
Creating register for signal `$paramod$d10354c6a96dde45072006c7ddf03c042761ad93\picorv32.\instr_lh' using process `$paramod$d10354c6a96dde45072006c7ddf03c042761ad93\picorv32.$proc$../picorv32.v:858$794'.
  created $dff cell `$procdff$5547' with positive edge clock.
Creating register for signal `$paramod$d10354c6a96dde45072006c7ddf03c042761ad93\picorv32.\instr_lw' using process `$paramod$d10354c6a96dde45072006c7ddf03c042761ad93\picorv32.$proc$../picorv32.v:858$794'.
  created $dff cell `$procdff$5548' with positive edge clock.
Creating register for signal `$paramod$d10354c6a96dde45072006c7ddf03c042761ad93\picorv32.\instr_lbu' using process `$paramod$d10354c6a96dde45072006c7ddf03c042761ad93\picorv32.$proc$../picorv32.v:858$794'.
  created $dff cell `$procdff$5549' with positive edge clock.
Creating register for signal `$paramod$d10354c6a96dde45072006c7ddf03c042761ad93\picorv32.\instr_lhu' using process `$paramod$d10354c6a96dde45072006c7ddf03c042761ad93\picorv32.$proc$../picorv32.v:858$794'.
  created $dff cell `$procdff$5550' with positive edge clock.
Creating register for signal `$paramod$d10354c6a96dde45072006c7ddf03c042761ad93\picorv32.\instr_sb' using process `$paramod$d10354c6a96dde45072006c7ddf03c042761ad93\picorv32.$proc$../picorv32.v:858$794'.
  created $dff cell `$procdff$5551' with positive edge clock.
Creating register for signal `$paramod$d10354c6a96dde45072006c7ddf03c042761ad93\picorv32.\instr_sh' using process `$paramod$d10354c6a96dde45072006c7ddf03c042761ad93\picorv32.$proc$../picorv32.v:858$794'.
  created $dff cell `$procdff$5552' with positive edge clock.
Creating register for signal `$paramod$d10354c6a96dde45072006c7ddf03c042761ad93\picorv32.\instr_sw' using process `$paramod$d10354c6a96dde45072006c7ddf03c042761ad93\picorv32.$proc$../picorv32.v:858$794'.
  created $dff cell `$procdff$5553' with positive edge clock.
Creating register for signal `$paramod$d10354c6a96dde45072006c7ddf03c042761ad93\picorv32.\instr_addi' using process `$paramod$d10354c6a96dde45072006c7ddf03c042761ad93\picorv32.$proc$../picorv32.v:858$794'.
  created $dff cell `$procdff$5554' with positive edge clock.
Creating register for signal `$paramod$d10354c6a96dde45072006c7ddf03c042761ad93\picorv32.\instr_slti' using process `$paramod$d10354c6a96dde45072006c7ddf03c042761ad93\picorv32.$proc$../picorv32.v:858$794'.
  created $dff cell `$procdff$5555' with positive edge clock.
Creating register for signal `$paramod$d10354c6a96dde45072006c7ddf03c042761ad93\picorv32.\instr_sltiu' using process `$paramod$d10354c6a96dde45072006c7ddf03c042761ad93\picorv32.$proc$../picorv32.v:858$794'.
  created $dff cell `$procdff$5556' with positive edge clock.
Creating register for signal `$paramod$d10354c6a96dde45072006c7ddf03c042761ad93\picorv32.\instr_xori' using process `$paramod$d10354c6a96dde45072006c7ddf03c042761ad93\picorv32.$proc$../picorv32.v:858$794'.
  created $dff cell `$procdff$5557' with positive edge clock.
Creating register for signal `$paramod$d10354c6a96dde45072006c7ddf03c042761ad93\picorv32.\instr_ori' using process `$paramod$d10354c6a96dde45072006c7ddf03c042761ad93\picorv32.$proc$../picorv32.v:858$794'.
  created $dff cell `$procdff$5558' with positive edge clock.
Creating register for signal `$paramod$d10354c6a96dde45072006c7ddf03c042761ad93\picorv32.\instr_andi' using process `$paramod$d10354c6a96dde45072006c7ddf03c042761ad93\picorv32.$proc$../picorv32.v:858$794'.
  created $dff cell `$procdff$5559' with positive edge clock.
Creating register for signal `$paramod$d10354c6a96dde45072006c7ddf03c042761ad93\picorv32.\instr_slli' using process `$paramod$d10354c6a96dde45072006c7ddf03c042761ad93\picorv32.$proc$../picorv32.v:858$794'.
  created $dff cell `$procdff$5560' with positive edge clock.
Creating register for signal `$paramod$d10354c6a96dde45072006c7ddf03c042761ad93\picorv32.\instr_srli' using process `$paramod$d10354c6a96dde45072006c7ddf03c042761ad93\picorv32.$proc$../picorv32.v:858$794'.
  created $dff cell `$procdff$5561' with positive edge clock.
Creating register for signal `$paramod$d10354c6a96dde45072006c7ddf03c042761ad93\picorv32.\instr_srai' using process `$paramod$d10354c6a96dde45072006c7ddf03c042761ad93\picorv32.$proc$../picorv32.v:858$794'.
  created $dff cell `$procdff$5562' with positive edge clock.
Creating register for signal `$paramod$d10354c6a96dde45072006c7ddf03c042761ad93\picorv32.\instr_add' using process `$paramod$d10354c6a96dde45072006c7ddf03c042761ad93\picorv32.$proc$../picorv32.v:858$794'.
  created $dff cell `$procdff$5563' with positive edge clock.
Creating register for signal `$paramod$d10354c6a96dde45072006c7ddf03c042761ad93\picorv32.\instr_sub' using process `$paramod$d10354c6a96dde45072006c7ddf03c042761ad93\picorv32.$proc$../picorv32.v:858$794'.
  created $dff cell `$procdff$5564' with positive edge clock.
Creating register for signal `$paramod$d10354c6a96dde45072006c7ddf03c042761ad93\picorv32.\instr_sll' using process `$paramod$d10354c6a96dde45072006c7ddf03c042761ad93\picorv32.$proc$../picorv32.v:858$794'.
  created $dff cell `$procdff$5565' with positive edge clock.
Creating register for signal `$paramod$d10354c6a96dde45072006c7ddf03c042761ad93\picorv32.\instr_slt' using process `$paramod$d10354c6a96dde45072006c7ddf03c042761ad93\picorv32.$proc$../picorv32.v:858$794'.
  created $dff cell `$procdff$5566' with positive edge clock.
Creating register for signal `$paramod$d10354c6a96dde45072006c7ddf03c042761ad93\picorv32.\instr_sltu' using process `$paramod$d10354c6a96dde45072006c7ddf03c042761ad93\picorv32.$proc$../picorv32.v:858$794'.
  created $dff cell `$procdff$5567' with positive edge clock.
Creating register for signal `$paramod$d10354c6a96dde45072006c7ddf03c042761ad93\picorv32.\instr_xor' using process `$paramod$d10354c6a96dde45072006c7ddf03c042761ad93\picorv32.$proc$../picorv32.v:858$794'.
  created $dff cell `$procdff$5568' with positive edge clock.
Creating register for signal `$paramod$d10354c6a96dde45072006c7ddf03c042761ad93\picorv32.\instr_srl' using process `$paramod$d10354c6a96dde45072006c7ddf03c042761ad93\picorv32.$proc$../picorv32.v:858$794'.
  created $dff cell `$procdff$5569' with positive edge clock.
Creating register for signal `$paramod$d10354c6a96dde45072006c7ddf03c042761ad93\picorv32.\instr_sra' using process `$paramod$d10354c6a96dde45072006c7ddf03c042761ad93\picorv32.$proc$../picorv32.v:858$794'.
  created $dff cell `$procdff$5570' with positive edge clock.
Creating register for signal `$paramod$d10354c6a96dde45072006c7ddf03c042761ad93\picorv32.\instr_or' using process `$paramod$d10354c6a96dde45072006c7ddf03c042761ad93\picorv32.$proc$../picorv32.v:858$794'.
  created $dff cell `$procdff$5571' with positive edge clock.
Creating register for signal `$paramod$d10354c6a96dde45072006c7ddf03c042761ad93\picorv32.\instr_and' using process `$paramod$d10354c6a96dde45072006c7ddf03c042761ad93\picorv32.$proc$../picorv32.v:858$794'.
  created $dff cell `$procdff$5572' with positive edge clock.
Creating register for signal `$paramod$d10354c6a96dde45072006c7ddf03c042761ad93\picorv32.\instr_rdcycle' using process `$paramod$d10354c6a96dde45072006c7ddf03c042761ad93\picorv32.$proc$../picorv32.v:858$794'.
  created $dff cell `$procdff$5573' with positive edge clock.
Creating register for signal `$paramod$d10354c6a96dde45072006c7ddf03c042761ad93\picorv32.\instr_rdcycleh' using process `$paramod$d10354c6a96dde45072006c7ddf03c042761ad93\picorv32.$proc$../picorv32.v:858$794'.
  created $dff cell `$procdff$5574' with positive edge clock.
Creating register for signal `$paramod$d10354c6a96dde45072006c7ddf03c042761ad93\picorv32.\instr_rdinstr' using process `$paramod$d10354c6a96dde45072006c7ddf03c042761ad93\picorv32.$proc$../picorv32.v:858$794'.
  created $dff cell `$procdff$5575' with positive edge clock.
Creating register for signal `$paramod$d10354c6a96dde45072006c7ddf03c042761ad93\picorv32.\instr_rdinstrh' using process `$paramod$d10354c6a96dde45072006c7ddf03c042761ad93\picorv32.$proc$../picorv32.v:858$794'.
  created $dff cell `$procdff$5576' with positive edge clock.
Creating register for signal `$paramod$d10354c6a96dde45072006c7ddf03c042761ad93\picorv32.\instr_ecall_ebreak' using process `$paramod$d10354c6a96dde45072006c7ddf03c042761ad93\picorv32.$proc$../picorv32.v:858$794'.
  created $dff cell `$procdff$5577' with positive edge clock.
Creating register for signal `$paramod$d10354c6a96dde45072006c7ddf03c042761ad93\picorv32.\instr_fence' using process `$paramod$d10354c6a96dde45072006c7ddf03c042761ad93\picorv32.$proc$../picorv32.v:858$794'.
  created $dff cell `$procdff$5578' with positive edge clock.
Creating register for signal `$paramod$d10354c6a96dde45072006c7ddf03c042761ad93\picorv32.\instr_getq' using process `$paramod$d10354c6a96dde45072006c7ddf03c042761ad93\picorv32.$proc$../picorv32.v:858$794'.
  created $dff cell `$procdff$5579' with positive edge clock.
Creating register for signal `$paramod$d10354c6a96dde45072006c7ddf03c042761ad93\picorv32.\instr_setq' using process `$paramod$d10354c6a96dde45072006c7ddf03c042761ad93\picorv32.$proc$../picorv32.v:858$794'.
  created $dff cell `$procdff$5580' with positive edge clock.
Creating register for signal `$paramod$d10354c6a96dde45072006c7ddf03c042761ad93\picorv32.\instr_retirq' using process `$paramod$d10354c6a96dde45072006c7ddf03c042761ad93\picorv32.$proc$../picorv32.v:858$794'.
  created $dff cell `$procdff$5581' with positive edge clock.
Creating register for signal `$paramod$d10354c6a96dde45072006c7ddf03c042761ad93\picorv32.\instr_maskirq' using process `$paramod$d10354c6a96dde45072006c7ddf03c042761ad93\picorv32.$proc$../picorv32.v:858$794'.
  created $dff cell `$procdff$5582' with positive edge clock.
Creating register for signal `$paramod$d10354c6a96dde45072006c7ddf03c042761ad93\picorv32.\instr_waitirq' using process `$paramod$d10354c6a96dde45072006c7ddf03c042761ad93\picorv32.$proc$../picorv32.v:858$794'.
  created $dff cell `$procdff$5583' with positive edge clock.
Creating register for signal `$paramod$d10354c6a96dde45072006c7ddf03c042761ad93\picorv32.\instr_timer' using process `$paramod$d10354c6a96dde45072006c7ddf03c042761ad93\picorv32.$proc$../picorv32.v:858$794'.
  created $dff cell `$procdff$5584' with positive edge clock.
Creating register for signal `$paramod$d10354c6a96dde45072006c7ddf03c042761ad93\picorv32.\decoded_rd' using process `$paramod$d10354c6a96dde45072006c7ddf03c042761ad93\picorv32.$proc$../picorv32.v:858$794'.
  created $dff cell `$procdff$5585' with positive edge clock.
Creating register for signal `$paramod$d10354c6a96dde45072006c7ddf03c042761ad93\picorv32.\decoded_rs1' using process `$paramod$d10354c6a96dde45072006c7ddf03c042761ad93\picorv32.$proc$../picorv32.v:858$794'.
  created $dff cell `$procdff$5586' with positive edge clock.
Creating register for signal `$paramod$d10354c6a96dde45072006c7ddf03c042761ad93\picorv32.\decoded_rs2' using process `$paramod$d10354c6a96dde45072006c7ddf03c042761ad93\picorv32.$proc$../picorv32.v:858$794'.
  created $dff cell `$procdff$5587' with positive edge clock.
Creating register for signal `$paramod$d10354c6a96dde45072006c7ddf03c042761ad93\picorv32.\decoded_imm' using process `$paramod$d10354c6a96dde45072006c7ddf03c042761ad93\picorv32.$proc$../picorv32.v:858$794'.
  created $dff cell `$procdff$5588' with positive edge clock.
Creating register for signal `$paramod$d10354c6a96dde45072006c7ddf03c042761ad93\picorv32.\decoded_imm_j' using process `$paramod$d10354c6a96dde45072006c7ddf03c042761ad93\picorv32.$proc$../picorv32.v:858$794'.
  created $dff cell `$procdff$5589' with positive edge clock.
Creating register for signal `$paramod$d10354c6a96dde45072006c7ddf03c042761ad93\picorv32.\compressed_instr' using process `$paramod$d10354c6a96dde45072006c7ddf03c042761ad93\picorv32.$proc$../picorv32.v:858$794'.
  created $dff cell `$procdff$5590' with positive edge clock.
Creating register for signal `$paramod$d10354c6a96dde45072006c7ddf03c042761ad93\picorv32.\is_lui_auipc_jal' using process `$paramod$d10354c6a96dde45072006c7ddf03c042761ad93\picorv32.$proc$../picorv32.v:858$794'.
  created $dff cell `$procdff$5591' with positive edge clock.
Creating register for signal `$paramod$d10354c6a96dde45072006c7ddf03c042761ad93\picorv32.\is_lb_lh_lw_lbu_lhu' using process `$paramod$d10354c6a96dde45072006c7ddf03c042761ad93\picorv32.$proc$../picorv32.v:858$794'.
  created $dff cell `$procdff$5592' with positive edge clock.
Creating register for signal `$paramod$d10354c6a96dde45072006c7ddf03c042761ad93\picorv32.\is_slli_srli_srai' using process `$paramod$d10354c6a96dde45072006c7ddf03c042761ad93\picorv32.$proc$../picorv32.v:858$794'.
  created $dff cell `$procdff$5593' with positive edge clock.
Creating register for signal `$paramod$d10354c6a96dde45072006c7ddf03c042761ad93\picorv32.\is_jalr_addi_slti_sltiu_xori_ori_andi' using process `$paramod$d10354c6a96dde45072006c7ddf03c042761ad93\picorv32.$proc$../picorv32.v:858$794'.
  created $dff cell `$procdff$5594' with positive edge clock.
Creating register for signal `$paramod$d10354c6a96dde45072006c7ddf03c042761ad93\picorv32.\is_sb_sh_sw' using process `$paramod$d10354c6a96dde45072006c7ddf03c042761ad93\picorv32.$proc$../picorv32.v:858$794'.
  created $dff cell `$procdff$5595' with positive edge clock.
Creating register for signal `$paramod$d10354c6a96dde45072006c7ddf03c042761ad93\picorv32.\is_sll_srl_sra' using process `$paramod$d10354c6a96dde45072006c7ddf03c042761ad93\picorv32.$proc$../picorv32.v:858$794'.
  created $dff cell `$procdff$5596' with positive edge clock.
Creating register for signal `$paramod$d10354c6a96dde45072006c7ddf03c042761ad93\picorv32.\is_lui_auipc_jal_jalr_addi_add_sub' using process `$paramod$d10354c6a96dde45072006c7ddf03c042761ad93\picorv32.$proc$../picorv32.v:858$794'.
  created $dff cell `$procdff$5597' with positive edge clock.
Creating register for signal `$paramod$d10354c6a96dde45072006c7ddf03c042761ad93\picorv32.\is_slti_blt_slt' using process `$paramod$d10354c6a96dde45072006c7ddf03c042761ad93\picorv32.$proc$../picorv32.v:858$794'.
  created $dff cell `$procdff$5598' with positive edge clock.
Creating register for signal `$paramod$d10354c6a96dde45072006c7ddf03c042761ad93\picorv32.\is_sltiu_bltu_sltu' using process `$paramod$d10354c6a96dde45072006c7ddf03c042761ad93\picorv32.$proc$../picorv32.v:858$794'.
  created $dff cell `$procdff$5599' with positive edge clock.
Creating register for signal `$paramod$d10354c6a96dde45072006c7ddf03c042761ad93\picorv32.\is_beq_bne_blt_bge_bltu_bgeu' using process `$paramod$d10354c6a96dde45072006c7ddf03c042761ad93\picorv32.$proc$../picorv32.v:858$794'.
  created $dff cell `$procdff$5600' with positive edge clock.
Creating register for signal `$paramod$d10354c6a96dde45072006c7ddf03c042761ad93\picorv32.\is_lbu_lhu_lw' using process `$paramod$d10354c6a96dde45072006c7ddf03c042761ad93\picorv32.$proc$../picorv32.v:858$794'.
  created $dff cell `$procdff$5601' with positive edge clock.
Creating register for signal `$paramod$d10354c6a96dde45072006c7ddf03c042761ad93\picorv32.\is_alu_reg_imm' using process `$paramod$d10354c6a96dde45072006c7ddf03c042761ad93\picorv32.$proc$../picorv32.v:858$794'.
  created $dff cell `$procdff$5602' with positive edge clock.
Creating register for signal `$paramod$d10354c6a96dde45072006c7ddf03c042761ad93\picorv32.\is_alu_reg_reg' using process `$paramod$d10354c6a96dde45072006c7ddf03c042761ad93\picorv32.$proc$../picorv32.v:858$794'.
  created $dff cell `$procdff$5603' with positive edge clock.
Creating register for signal `$paramod$d10354c6a96dde45072006c7ddf03c042761ad93\picorv32.\is_compare' using process `$paramod$d10354c6a96dde45072006c7ddf03c042761ad93\picorv32.$proc$../picorv32.v:858$794'.
  created $dff cell `$procdff$5604' with positive edge clock.
Creating register for signal `$paramod$d10354c6a96dde45072006c7ddf03c042761ad93\picorv32.\dbg_insn_addr' using process `$paramod$d10354c6a96dde45072006c7ddf03c042761ad93\picorv32.$proc$../picorv32.v:778$788'.
  created $dff cell `$procdff$5605' with positive edge clock.
Creating register for signal `$paramod$d10354c6a96dde45072006c7ddf03c042761ad93\picorv32.\q_ascii_instr' using process `$paramod$d10354c6a96dde45072006c7ddf03c042761ad93\picorv32.$proc$../picorv32.v:778$788'.
  created $dff cell `$procdff$5606' with positive edge clock.
Creating register for signal `$paramod$d10354c6a96dde45072006c7ddf03c042761ad93\picorv32.\q_insn_imm' using process `$paramod$d10354c6a96dde45072006c7ddf03c042761ad93\picorv32.$proc$../picorv32.v:778$788'.
  created $dff cell `$procdff$5607' with positive edge clock.
Creating register for signal `$paramod$d10354c6a96dde45072006c7ddf03c042761ad93\picorv32.\q_insn_opcode' using process `$paramod$d10354c6a96dde45072006c7ddf03c042761ad93\picorv32.$proc$../picorv32.v:778$788'.
  created $dff cell `$procdff$5608' with positive edge clock.
Creating register for signal `$paramod$d10354c6a96dde45072006c7ddf03c042761ad93\picorv32.\q_insn_rs1' using process `$paramod$d10354c6a96dde45072006c7ddf03c042761ad93\picorv32.$proc$../picorv32.v:778$788'.
  created $dff cell `$procdff$5609' with positive edge clock.
Creating register for signal `$paramod$d10354c6a96dde45072006c7ddf03c042761ad93\picorv32.\q_insn_rs2' using process `$paramod$d10354c6a96dde45072006c7ddf03c042761ad93\picorv32.$proc$../picorv32.v:778$788'.
  created $dff cell `$procdff$5610' with positive edge clock.
Creating register for signal `$paramod$d10354c6a96dde45072006c7ddf03c042761ad93\picorv32.\q_insn_rd' using process `$paramod$d10354c6a96dde45072006c7ddf03c042761ad93\picorv32.$proc$../picorv32.v:778$788'.
  created $dff cell `$procdff$5611' with positive edge clock.
Creating register for signal `$paramod$d10354c6a96dde45072006c7ddf03c042761ad93\picorv32.\dbg_next' using process `$paramod$d10354c6a96dde45072006c7ddf03c042761ad93\picorv32.$proc$../picorv32.v:778$788'.
  created $dff cell `$procdff$5612' with positive edge clock.
Creating register for signal `$paramod$d10354c6a96dde45072006c7ddf03c042761ad93\picorv32.\dbg_valid_insn' using process `$paramod$d10354c6a96dde45072006c7ddf03c042761ad93\picorv32.$proc$../picorv32.v:778$788'.
  created $dff cell `$procdff$5613' with positive edge clock.
Creating register for signal `$paramod$d10354c6a96dde45072006c7ddf03c042761ad93\picorv32.\cached_ascii_instr' using process `$paramod$d10354c6a96dde45072006c7ddf03c042761ad93\picorv32.$proc$../picorv32.v:778$788'.
  created $dff cell `$procdff$5614' with positive edge clock.
Creating register for signal `$paramod$d10354c6a96dde45072006c7ddf03c042761ad93\picorv32.\cached_insn_imm' using process `$paramod$d10354c6a96dde45072006c7ddf03c042761ad93\picorv32.$proc$../picorv32.v:778$788'.
  created $dff cell `$procdff$5615' with positive edge clock.
Creating register for signal `$paramod$d10354c6a96dde45072006c7ddf03c042761ad93\picorv32.\cached_insn_opcode' using process `$paramod$d10354c6a96dde45072006c7ddf03c042761ad93\picorv32.$proc$../picorv32.v:778$788'.
  created $dff cell `$procdff$5616' with positive edge clock.
Creating register for signal `$paramod$d10354c6a96dde45072006c7ddf03c042761ad93\picorv32.\cached_insn_rs1' using process `$paramod$d10354c6a96dde45072006c7ddf03c042761ad93\picorv32.$proc$../picorv32.v:778$788'.
  created $dff cell `$procdff$5617' with positive edge clock.
Creating register for signal `$paramod$d10354c6a96dde45072006c7ddf03c042761ad93\picorv32.\cached_insn_rs2' using process `$paramod$d10354c6a96dde45072006c7ddf03c042761ad93\picorv32.$proc$../picorv32.v:778$788'.
  created $dff cell `$procdff$5618' with positive edge clock.
Creating register for signal `$paramod$d10354c6a96dde45072006c7ddf03c042761ad93\picorv32.\cached_insn_rd' using process `$paramod$d10354c6a96dde45072006c7ddf03c042761ad93\picorv32.$proc$../picorv32.v:778$788'.
  created $dff cell `$procdff$5619' with positive edge clock.
Creating register for signal `$paramod$d10354c6a96dde45072006c7ddf03c042761ad93\picorv32.\mem_valid' using process `$paramod$d10354c6a96dde45072006c7ddf03c042761ad93\picorv32.$proc$../picorv32.v:565$763'.
  created $dff cell `$procdff$5620' with positive edge clock.
Creating register for signal `$paramod$d10354c6a96dde45072006c7ddf03c042761ad93\picorv32.\mem_instr' using process `$paramod$d10354c6a96dde45072006c7ddf03c042761ad93\picorv32.$proc$../picorv32.v:565$763'.
  created $dff cell `$procdff$5621' with positive edge clock.
Creating register for signal `$paramod$d10354c6a96dde45072006c7ddf03c042761ad93\picorv32.\mem_addr' using process `$paramod$d10354c6a96dde45072006c7ddf03c042761ad93\picorv32.$proc$../picorv32.v:565$763'.
  created $dff cell `$procdff$5622' with positive edge clock.
Creating register for signal `$paramod$d10354c6a96dde45072006c7ddf03c042761ad93\picorv32.\mem_wdata' using process `$paramod$d10354c6a96dde45072006c7ddf03c042761ad93\picorv32.$proc$../picorv32.v:565$763'.
  created $dff cell `$procdff$5623' with positive edge clock.
Creating register for signal `$paramod$d10354c6a96dde45072006c7ddf03c042761ad93\picorv32.\mem_wstrb' using process `$paramod$d10354c6a96dde45072006c7ddf03c042761ad93\picorv32.$proc$../picorv32.v:565$763'.
  created $dff cell `$procdff$5624' with positive edge clock.
Creating register for signal `$paramod$d10354c6a96dde45072006c7ddf03c042761ad93\picorv32.\mem_state' using process `$paramod$d10354c6a96dde45072006c7ddf03c042761ad93\picorv32.$proc$../picorv32.v:565$763'.
  created $dff cell `$procdff$5625' with positive edge clock.
Creating register for signal `$paramod$d10354c6a96dde45072006c7ddf03c042761ad93\picorv32.\mem_la_secondword' using process `$paramod$d10354c6a96dde45072006c7ddf03c042761ad93\picorv32.$proc$../picorv32.v:565$763'.
  created $dff cell `$procdff$5626' with positive edge clock.
Creating register for signal `$paramod$d10354c6a96dde45072006c7ddf03c042761ad93\picorv32.\prefetched_high_word' using process `$paramod$d10354c6a96dde45072006c7ddf03c042761ad93\picorv32.$proc$../picorv32.v:565$763'.
  created $dff cell `$procdff$5627' with positive edge clock.
Creating register for signal `$paramod$d10354c6a96dde45072006c7ddf03c042761ad93\picorv32.\mem_16bit_buffer' using process `$paramod$d10354c6a96dde45072006c7ddf03c042761ad93\picorv32.$proc$../picorv32.v:565$763'.
  created $dff cell `$procdff$5628' with positive edge clock.
Creating register for signal `$paramod$d10354c6a96dde45072006c7ddf03c042761ad93\picorv32.\next_insn_opcode' using process `$paramod$d10354c6a96dde45072006c7ddf03c042761ad93\picorv32.$proc$../picorv32.v:430$725'.
  created $dff cell `$procdff$5629' with positive edge clock.
Creating register for signal `$paramod$d10354c6a96dde45072006c7ddf03c042761ad93\picorv32.\mem_rdata_q' using process `$paramod$d10354c6a96dde45072006c7ddf03c042761ad93\picorv32.$proc$../picorv32.v:430$725'.
  created $dff cell `$procdff$5630' with positive edge clock.
Creating register for signal `$paramod$d10354c6a96dde45072006c7ddf03c042761ad93\picorv32.\mem_la_firstword_reg' using process `$paramod$d10354c6a96dde45072006c7ddf03c042761ad93\picorv32.$proc$../picorv32.v:390$717'.
  created $dff cell `$procdff$5631' with positive edge clock.
Creating register for signal `$paramod$d10354c6a96dde45072006c7ddf03c042761ad93\picorv32.\last_mem_valid' using process `$paramod$d10354c6a96dde45072006c7ddf03c042761ad93\picorv32.$proc$../picorv32.v:390$717'.
  created $dff cell `$procdff$5632' with positive edge clock.
Creating register for signal `\spimem_cache_direct_mapped.\i' using process `\spimem_cache_direct_mapped.$proc$picosoc.v:362$570'.
  created $dff cell `$procdff$5633' with positive edge clock.
Creating register for signal `\spimem_cache_direct_mapped.\hit_count' using process `\spimem_cache_direct_mapped.$proc$picosoc.v:362$570'.
  created $dff cell `$procdff$5634' with positive edge clock.
Creating register for signal `\spimem_cache_direct_mapped.\miss_count' using process `\spimem_cache_direct_mapped.$proc$picosoc.v:362$570'.
  created $dff cell `$procdff$5635' with positive edge clock.
Creating register for signal `\spimem_cache_direct_mapped.$memwr$\cache_valid$picosoc.v:366$548_EN' using process `\spimem_cache_direct_mapped.$proc$picosoc.v:362$570'.
  created $dff cell `$procdff$5636' with positive edge clock.
Creating register for signal `\spimem_cache_direct_mapped.$memwr$\cache_valid$picosoc.v:366$549_EN' using process `\spimem_cache_direct_mapped.$proc$picosoc.v:362$570'.
  created $dff cell `$procdff$5637' with positive edge clock.
Creating register for signal `\spimem_cache_direct_mapped.$memwr$\cache_valid$picosoc.v:366$550_EN' using process `\spimem_cache_direct_mapped.$proc$picosoc.v:362$570'.
  created $dff cell `$procdff$5638' with positive edge clock.
Creating register for signal `\spimem_cache_direct_mapped.$memwr$\cache_valid$picosoc.v:366$551_EN' using process `\spimem_cache_direct_mapped.$proc$picosoc.v:362$570'.
  created $dff cell `$procdff$5639' with positive edge clock.
Creating register for signal `\spimem_cache_direct_mapped.$memwr$\cache_valid$picosoc.v:366$552_EN' using process `\spimem_cache_direct_mapped.$proc$picosoc.v:362$570'.
  created $dff cell `$procdff$5640' with positive edge clock.
Creating register for signal `\spimem_cache_direct_mapped.$memwr$\cache_valid$picosoc.v:366$553_EN' using process `\spimem_cache_direct_mapped.$proc$picosoc.v:362$570'.
  created $dff cell `$procdff$5641' with positive edge clock.
Creating register for signal `\spimem_cache_direct_mapped.$memwr$\cache_valid$picosoc.v:366$554_EN' using process `\spimem_cache_direct_mapped.$proc$picosoc.v:362$570'.
  created $dff cell `$procdff$5642' with positive edge clock.
Creating register for signal `\spimem_cache_direct_mapped.$memwr$\cache_valid$picosoc.v:366$555_EN' using process `\spimem_cache_direct_mapped.$proc$picosoc.v:362$570'.
  created $dff cell `$procdff$5643' with positive edge clock.
Creating register for signal `\spimem_cache_direct_mapped.$memwr$\cache_addr$picosoc.v:385$556_ADDR' using process `\spimem_cache_direct_mapped.$proc$picosoc.v:362$570'.
  created $dff cell `$procdff$5644' with positive edge clock.
Creating register for signal `\spimem_cache_direct_mapped.$memwr$\cache_addr$picosoc.v:385$556_DATA' using process `\spimem_cache_direct_mapped.$proc$picosoc.v:362$570'.
  created $dff cell `$procdff$5645' with positive edge clock.
Creating register for signal `\spimem_cache_direct_mapped.$memwr$\cache_addr$picosoc.v:385$556_EN' using process `\spimem_cache_direct_mapped.$proc$picosoc.v:362$570'.
  created $dff cell `$procdff$5646' with positive edge clock.
Creating register for signal `\spimem_cache_direct_mapped.$memwr$\cache_data$picosoc.v:386$557_ADDR' using process `\spimem_cache_direct_mapped.$proc$picosoc.v:362$570'.
  created $dff cell `$procdff$5647' with positive edge clock.
Creating register for signal `\spimem_cache_direct_mapped.$memwr$\cache_data$picosoc.v:386$557_DATA' using process `\spimem_cache_direct_mapped.$proc$picosoc.v:362$570'.
  created $dff cell `$procdff$5648' with positive edge clock.
Creating register for signal `\spimem_cache_direct_mapped.$memwr$\cache_data$picosoc.v:386$557_EN' using process `\spimem_cache_direct_mapped.$proc$picosoc.v:362$570'.
  created $dff cell `$procdff$5649' with positive edge clock.
Creating register for signal `\spimem_cache_direct_mapped.$memwr$\cache_valid$picosoc.v:387$558_ADDR' using process `\spimem_cache_direct_mapped.$proc$picosoc.v:362$570'.
  created $dff cell `$procdff$5650' with positive edge clock.
Creating register for signal `\spimem_cache_direct_mapped.$memwr$\cache_valid$picosoc.v:387$558_EN' using process `\spimem_cache_direct_mapped.$proc$picosoc.v:362$570'.
  created $dff cell `$procdff$5651' with positive edge clock.
Creating register for signal `\spimemio.\rdata' using process `\spimemio.$proc$spimemio.v:207$527'.
  created $dff cell `$procdff$5652' with positive edge clock.
Creating register for signal `\spimemio.\xfer_resetn' using process `\spimemio.$proc$spimemio.v:207$527'.
  created $dff cell `$procdff$5653' with positive edge clock.
Creating register for signal `\spimemio.\din_valid' using process `\spimemio.$proc$spimemio.v:207$527'.
  created $dff cell `$procdff$5654' with positive edge clock.
Creating register for signal `\spimemio.\din_data' using process `\spimemio.$proc$spimemio.v:207$527'.
  created $dff cell `$procdff$5655' with positive edge clock.
Creating register for signal `\spimemio.\din_tag' using process `\spimemio.$proc$spimemio.v:207$527'.
  created $dff cell `$procdff$5656' with positive edge clock.
Creating register for signal `\spimemio.\din_cont' using process `\spimemio.$proc$spimemio.v:207$527'.
  created $dff cell `$procdff$5657' with positive edge clock.
Creating register for signal `\spimemio.\din_qspi' using process `\spimemio.$proc$spimemio.v:207$527'.
  created $dff cell `$procdff$5658' with positive edge clock.
Creating register for signal `\spimemio.\din_ddr' using process `\spimemio.$proc$spimemio.v:207$527'.
  created $dff cell `$procdff$5659' with positive edge clock.
Creating register for signal `\spimemio.\din_rd' using process `\spimemio.$proc$spimemio.v:207$527'.
  created $dff cell `$procdff$5660' with positive edge clock.
Creating register for signal `\spimemio.\buffer' using process `\spimemio.$proc$spimemio.v:207$527'.
  created $dff cell `$procdff$5661' with positive edge clock.
Creating register for signal `\spimemio.\rd_addr' using process `\spimemio.$proc$spimemio.v:207$527'.
  created $dff cell `$procdff$5662' with positive edge clock.
Creating register for signal `\spimemio.\rd_valid' using process `\spimemio.$proc$spimemio.v:207$527'.
  created $dff cell `$procdff$5663' with positive edge clock.
Creating register for signal `\spimemio.\rd_wait' using process `\spimemio.$proc$spimemio.v:207$527'.
  created $dff cell `$procdff$5664' with positive edge clock.
Creating register for signal `\spimemio.\rd_inc' using process `\spimemio.$proc$spimemio.v:207$527'.
  created $dff cell `$procdff$5665' with positive edge clock.
Creating register for signal `\spimemio.\state' using process `\spimemio.$proc$spimemio.v:207$527'.
  created $dff cell `$procdff$5666' with positive edge clock.
Creating register for signal `\spimemio.\xfer_io0_90' using process `\spimemio.$proc$spimemio.v:151$509'.
  created $dff cell `$procdff$5667' with negative edge clock.
Creating register for signal `\spimemio.\xfer_io1_90' using process `\spimemio.$proc$spimemio.v:151$509'.
  created $dff cell `$procdff$5668' with negative edge clock.
Creating register for signal `\spimemio.\xfer_io2_90' using process `\spimemio.$proc$spimemio.v:151$509'.
  created $dff cell `$procdff$5669' with negative edge clock.
Creating register for signal `\spimemio.\xfer_io3_90' using process `\spimemio.$proc$spimemio.v:151$509'.
  created $dff cell `$procdff$5670' with negative edge clock.
Creating register for signal `\spimemio.\softreset' using process `\spimemio.$proc$spimemio.v:99$505'.
  created $dff cell `$procdff$5671' with positive edge clock.
Creating register for signal `\spimemio.\config_en' using process `\spimemio.$proc$spimemio.v:99$505'.
  created $dff cell `$procdff$5672' with positive edge clock.
Creating register for signal `\spimemio.\config_ddr' using process `\spimemio.$proc$spimemio.v:99$505'.
  created $dff cell `$procdff$5673' with positive edge clock.
Creating register for signal `\spimemio.\config_qspi' using process `\spimemio.$proc$spimemio.v:99$505'.
  created $dff cell `$procdff$5674' with positive edge clock.
Creating register for signal `\spimemio.\config_cont' using process `\spimemio.$proc$spimemio.v:99$505'.
  created $dff cell `$procdff$5675' with positive edge clock.
Creating register for signal `\spimemio.\config_dummy' using process `\spimemio.$proc$spimemio.v:99$505'.
  created $dff cell `$procdff$5676' with positive edge clock.
Creating register for signal `\spimemio.\config_oe' using process `\spimemio.$proc$spimemio.v:99$505'.
  created $dff cell `$procdff$5677' with positive edge clock.
Creating register for signal `\spimemio.\config_csb' using process `\spimemio.$proc$spimemio.v:99$505'.
  created $dff cell `$procdff$5678' with positive edge clock.
Creating register for signal `\spimemio.\config_clk' using process `\spimemio.$proc$spimemio.v:99$505'.
  created $dff cell `$procdff$5679' with positive edge clock.
Creating register for signal `\spimemio.\config_do' using process `\spimemio.$proc$spimemio.v:99$505'.
  created $dff cell `$procdff$5680' with positive edge clock.
Creating register for signal `\simpleuart.\send_pattern' using process `\simpleuart.$proc$simpleuart.v:109$485'.
  created $dff cell `$procdff$5681' with positive edge clock.
Creating register for signal `\simpleuart.\send_bitcnt' using process `\simpleuart.$proc$simpleuart.v:109$485'.
  created $dff cell `$procdff$5682' with positive edge clock.
Creating register for signal `\simpleuart.\send_divcnt' using process `\simpleuart.$proc$simpleuart.v:109$485'.
  created $dff cell `$procdff$5683' with positive edge clock.
Creating register for signal `\simpleuart.\send_dummy' using process `\simpleuart.$proc$simpleuart.v:109$485'.
  created $dff cell `$procdff$5684' with positive edge clock.
Creating register for signal `\simpleuart.\recv_state' using process `\simpleuart.$proc$simpleuart.v:66$476'.
  created $dff cell `$procdff$5685' with positive edge clock.
Creating register for signal `\simpleuart.\recv_divcnt' using process `\simpleuart.$proc$simpleuart.v:66$476'.
  created $dff cell `$procdff$5686' with positive edge clock.
Creating register for signal `\simpleuart.\recv_pattern' using process `\simpleuart.$proc$simpleuart.v:66$476'.
  created $dff cell `$procdff$5687' with positive edge clock.
Creating register for signal `\simpleuart.\recv_buf_data' using process `\simpleuart.$proc$simpleuart.v:66$476'.
  created $dff cell `$procdff$5688' with positive edge clock.
Creating register for signal `\simpleuart.\recv_buf_valid' using process `\simpleuart.$proc$simpleuart.v:66$476'.
  created $dff cell `$procdff$5689' with positive edge clock.
Creating register for signal `\simpleuart.\cfg_divider' using process `\simpleuart.$proc$simpleuart.v:55$474'.
  created $dff cell `$procdff$5690' with positive edge clock.
Creating register for signal `\seven_seg_ctrl.\dout' using process `\seven_seg_ctrl.$proc$icebreaker.v:196$454'.
  created $dff cell `$procdff$5691' with positive edge clock.
Creating register for signal `\seven_seg_ctrl.\clkdiv' using process `\seven_seg_ctrl.$proc$icebreaker.v:196$454'.
  created $dff cell `$procdff$5692' with positive edge clock.
Creating register for signal `\seven_seg_ctrl.\clkdiv_pulse' using process `\seven_seg_ctrl.$proc$icebreaker.v:196$454'.
  created $dff cell `$procdff$5693' with positive edge clock.
Creating register for signal `\seven_seg_ctrl.\msb_not_lsb' using process `\seven_seg_ctrl.$proc$icebreaker.v:196$454'.
  created $dff cell `$procdff$5694' with positive edge clock.
Creating register for signal `$paramod$f03d4e23a3a44173f9a2edec4a46578428035902\picosoc.\ram_ready' using process `$paramod$f03d4e23a3a44173f9a2edec4a46578428035902\picosoc.$proc$picosoc.v:255$444'.
  created $dff cell `$procdff$5695' with positive edge clock.
Creating register for signal `\icebreaker.\iomem_ready' using process `\icebreaker.$proc$icebreaker.v:108$390'.
  created $dff cell `$procdff$5696' with positive edge clock.
Creating register for signal `\icebreaker.\iomem_rdata' using process `\icebreaker.$proc$icebreaker.v:108$390'.
  created $dff cell `$procdff$5697' with positive edge clock.
Creating register for signal `\icebreaker.\gpio' using process `\icebreaker.$proc$icebreaker.v:108$390'.
  created $dff cell `$procdff$5698' with positive edge clock.
Creating register for signal `\icebreaker.\reset_cnt' using process `\icebreaker.$proc$icebreaker.v:55$385'.
  created $dff cell `$procdff$5699' with positive edge clock.

7.4.10. Executing PROC_MEMWR pass (convert process memory writes to cells).

7.4.11. Executing PROC_CLEAN pass (remove empty switches from decision trees).
Found and cleaned up 1 empty switch in `\picosoc_regs.$proc$picosoc.v:411$1388'.
Removing empty process `picosoc_regs.$proc$picosoc.v:411$1388'.
Found and cleaned up 4 empty switches in `\picorv32_pcpi_fast_mul.$proc$../picorv32.v:2378$1381'.
Removing empty process `picorv32_pcpi_fast_mul.$proc$../picorv32.v:2378$1381'.
Found and cleaned up 3 empty switches in `\picorv32_pcpi_fast_mul.$proc$../picorv32.v:2364$1376'.
Removing empty process `picorv32_pcpi_fast_mul.$proc$../picorv32.v:2364$1376'.
Found and cleaned up 2 empty switches in `\picorv32_pcpi_fast_mul.$proc$../picorv32.v:2348$1374'.
Removing empty process `picorv32_pcpi_fast_mul.$proc$../picorv32.v:2348$1374'.
Found and cleaned up 4 empty switches in `\spimemio_xfer.$proc$spimemio.v:535$1350'.
Removing empty process `spimemio_xfer.$proc$spimemio.v:535$1350'.
Found and cleaned up 5 empty switches in `\spimemio_xfer.$proc$spimemio.v:447$1326'.
Removing empty process `spimemio_xfer.$proc$spimemio.v:447$1326'.
Removing empty process `spimemio_xfer.$proc$spimemio.v:436$1317'.
Found and cleaned up 61 empty switches in `$paramod$d10354c6a96dde45072006c7ddf03c042761ad93\picorv32.$proc$../picorv32.v:1402$1125'.
Removing empty process `$paramod$d10354c6a96dde45072006c7ddf03c042761ad93\picorv32.$proc$../picorv32.v:1402$1125'.
Removing empty process `$paramod$d10354c6a96dde45072006c7ddf03c042761ad93\picorv32.$proc$../picorv32.v:1387$1111'.
Found and cleaned up 2 empty switches in `$paramod$d10354c6a96dde45072006c7ddf03c042761ad93\picorv32.$proc$../picorv32.v:1309$1097'.
Removing empty process `$paramod$d10354c6a96dde45072006c7ddf03c042761ad93\picorv32.$proc$../picorv32.v:1309$1097'.
Found and cleaned up 2 empty switches in `$paramod$d10354c6a96dde45072006c7ddf03c042761ad93\picorv32.$proc$../picorv32.v:1295$1092'.
Removing empty process `$paramod$d10354c6a96dde45072006c7ddf03c042761ad93\picorv32.$proc$../picorv32.v:1295$1092'.
Removing empty process `$paramod$d10354c6a96dde45072006c7ddf03c042761ad93\picorv32.$proc$../picorv32.v:1293$1091'.
Found and cleaned up 2 empty switches in `$paramod$d10354c6a96dde45072006c7ddf03c042761ad93\picorv32.$proc$../picorv32.v:1249$1069'.
Removing empty process `$paramod$d10354c6a96dde45072006c7ddf03c042761ad93\picorv32.$proc$../picorv32.v:1249$1069'.
Found and cleaned up 8 empty switches in `$paramod$d10354c6a96dde45072006c7ddf03c042761ad93\picorv32.$proc$../picorv32.v:1186$1057'.
Removing empty process `$paramod$d10354c6a96dde45072006c7ddf03c042761ad93\picorv32.$proc$../picorv32.v:1186$1057'.
Found and cleaned up 22 empty switches in `$paramod$d10354c6a96dde45072006c7ddf03c042761ad93\picorv32.$proc$../picorv32.v:858$794'.
Removing empty process `$paramod$d10354c6a96dde45072006c7ddf03c042761ad93\picorv32.$proc$../picorv32.v:858$794'.
Found and cleaned up 3 empty switches in `$paramod$d10354c6a96dde45072006c7ddf03c042761ad93\picorv32.$proc$../picorv32.v:809$792'.
Removing empty process `$paramod$d10354c6a96dde45072006c7ddf03c042761ad93\picorv32.$proc$../picorv32.v:809$792'.
Found and cleaned up 5 empty switches in `$paramod$d10354c6a96dde45072006c7ddf03c042761ad93\picorv32.$proc$../picorv32.v:778$788'.
Removing empty process `$paramod$d10354c6a96dde45072006c7ddf03c042761ad93\picorv32.$proc$../picorv32.v:778$788'.
Found and cleaned up 48 empty switches in `$paramod$d10354c6a96dde45072006c7ddf03c042761ad93\picorv32.$proc$../picorv32.v:701$787'.
Removing empty process `$paramod$d10354c6a96dde45072006c7ddf03c042761ad93\picorv32.$proc$../picorv32.v:701$787'.
Found and cleaned up 16 empty switches in `$paramod$d10354c6a96dde45072006c7ddf03c042761ad93\picorv32.$proc$../picorv32.v:565$763'.
Removing empty process `$paramod$d10354c6a96dde45072006c7ddf03c042761ad93\picorv32.$proc$../picorv32.v:565$763'.
Removing empty process `$paramod$d10354c6a96dde45072006c7ddf03c042761ad93\picorv32.$proc$../picorv32.v:1239$1306'.
Found and cleaned up 19 empty switches in `$paramod$d10354c6a96dde45072006c7ddf03c042761ad93\picorv32.$proc$../picorv32.v:430$725'.
Removing empty process `$paramod$d10354c6a96dde45072006c7ddf03c042761ad93\picorv32.$proc$../picorv32.v:430$725'.
Found and cleaned up 3 empty switches in `$paramod$d10354c6a96dde45072006c7ddf03c042761ad93\picorv32.$proc$../picorv32.v:401$722'.
Removing empty process `$paramod$d10354c6a96dde45072006c7ddf03c042761ad93\picorv32.$proc$../picorv32.v:401$722'.
Found and cleaned up 2 empty switches in `$paramod$d10354c6a96dde45072006c7ddf03c042761ad93\picorv32.$proc$../picorv32.v:390$717'.
Removing empty process `$paramod$d10354c6a96dde45072006c7ddf03c042761ad93\picorv32.$proc$../picorv32.v:390$717'.
Found and cleaned up 1 empty switch in `$paramod$d10354c6a96dde45072006c7ddf03c042761ad93\picorv32.$proc$../picorv32.v:325$643'.
Removing empty process `$paramod$d10354c6a96dde45072006c7ddf03c042761ad93\picorv32.$proc$../picorv32.v:325$643'.
Found and cleaned up 6 empty switches in `\spimem_cache_direct_mapped.$proc$picosoc.v:362$570'.
Removing empty process `spimem_cache_direct_mapped.$proc$picosoc.v:362$570'.
Removing empty process `spimem_cache_direct_mapped.$proc$picosoc.v:354$563'.
Found and cleaned up 25 empty switches in `\spimemio.$proc$spimemio.v:207$527'.
Removing empty process `spimemio.$proc$spimemio.v:207$527'.
Removing empty process `spimemio.$proc$spimemio.v:151$509'.
Found and cleaned up 5 empty switches in `\spimemio.$proc$spimemio.v:99$505'.
Removing empty process `spimemio.$proc$spimemio.v:99$505'.
Found and cleaned up 5 empty switches in `\simpleuart.$proc$simpleuart.v:109$485'.
Removing empty process `simpleuart.$proc$simpleuart.v:109$485'.
Found and cleaned up 7 empty switches in `\simpleuart.$proc$simpleuart.v:66$476'.
Removing empty process `simpleuart.$proc$simpleuart.v:66$476'.
Found and cleaned up 5 empty switches in `\simpleuart.$proc$simpleuart.v:55$474'.
Removing empty process `simpleuart.$proc$simpleuart.v:55$474'.
Found and cleaned up 1 empty switch in `\seven_seg_hex.$proc$icebreaker.v:218$463'.
Removing empty process `seven_seg_hex.$proc$icebreaker.v:218$463'.
Removing empty process `seven_seg_ctrl.$proc$icebreaker.v:194$462'.
Removing empty process `seven_seg_ctrl.$proc$icebreaker.v:193$461'.
Removing empty process `seven_seg_ctrl.$proc$icebreaker.v:192$460'.
Found and cleaned up 2 empty switches in `\seven_seg_ctrl.$proc$icebreaker.v:196$454'.
Removing empty process `seven_seg_ctrl.$proc$icebreaker.v:196$454'.
Removing empty process `$paramod$f03d4e23a3a44173f9a2edec4a46578428035902\picosoc.$proc$picosoc.v:255$444'.
Removing empty process `$paramod$f03d4e23a3a44173f9a2edec4a46578428035902\picosoc.$proc$picosoc.v:93$397'.
Removing empty process `icebreaker.$proc$icebreaker.v:52$396'.
Found and cleaned up 6 empty switches in `\icebreaker.$proc$icebreaker.v:108$390'.
Removing empty process `icebreaker.$proc$icebreaker.v:108$390'.
Removing empty process `icebreaker.$proc$icebreaker.v:55$385'.
Cleaned up 275 empty switches.

7.4.12. Executing OPT_EXPR pass (perform const folding).
Optimizing module picosoc_regs.
Optimizing module picorv32_pcpi_fast_mul.
<suppressed ~12 debug messages>
Optimizing module spimemio_xfer.
<suppressed ~33 debug messages>
Optimizing module $paramod$d10354c6a96dde45072006c7ddf03c042761ad93\picorv32.
<suppressed ~675 debug messages>
Optimizing module spimem_cache_direct_mapped.
<suppressed ~43 debug messages>
Optimizing module spimemio.
<suppressed ~15 debug messages>
Optimizing module simpleuart.
<suppressed ~17 debug messages>
Optimizing module $paramod\ice40up5k_spram\WORDS=s32'00000000000000001000000000000000.
Optimizing module seven_seg_hex.
Optimizing module seven_seg_ctrl.
Optimizing module $paramod$f03d4e23a3a44173f9a2edec4a46578428035902\picosoc.
Optimizing module icebreaker.
<suppressed ~6 debug messages>

7.5. Executing FLATTEN pass (flatten design).
Deleting now unused module picosoc_regs.
Deleting now unused module picorv32_pcpi_fast_mul.
Deleting now unused module spimemio_xfer.
Deleting now unused module $paramod$d10354c6a96dde45072006c7ddf03c042761ad93\picorv32.
Deleting now unused module spimem_cache_direct_mapped.
Deleting now unused module spimemio.
Deleting now unused module simpleuart.
Deleting now unused module $paramod\ice40up5k_spram\WORDS=s32'00000000000000001000000000000000.
Deleting now unused module seven_seg_hex.
Deleting now unused module seven_seg_ctrl.
Deleting now unused module $paramod$f03d4e23a3a44173f9a2edec4a46578428035902\picosoc.
<suppressed ~12 debug messages>

7.6. Executing TRIBUF pass.

7.7. Executing DEMINOUT pass (demote inout ports to input or output).

7.8. Executing OPT_EXPR pass (perform const folding).
Optimizing module icebreaker.
<suppressed ~6 debug messages>

7.9. Executing OPT_CLEAN pass (remove unused cells and wires).
Finding unused cells or wires in module \icebreaker..
Removed 698 unused cells and 2769 unused wires.
<suppressed ~772 debug messages>

7.10. Executing CHECK pass (checking for obvious problems).
Checking module icebreaker...
Found and reported 0 problems.

7.11. Executing OPT pass (performing simple optimizations).

7.11.1. Executing OPT_EXPR pass (perform const folding).
Optimizing module icebreaker.

7.11.2. Executing OPT_MERGE pass (detect identical cells).
Finding identical cells in module `\icebreaker'.
Computing hashes of 1908 cells of `\icebreaker'.
Finding duplicate cells in `\icebreaker'.
Computing hashes of 1558 cells of `\icebreaker'.
Finding duplicate cells in `\icebreaker'.
Computing hashes of 1540 cells of `\icebreaker'.
Finding duplicate cells in `\icebreaker'.
Computing hashes of 1538 cells of `\icebreaker'.
Finding duplicate cells in `\icebreaker'.
<suppressed ~1110 debug messages>
Removed a total of 370 cells.

7.11.3. Executing OPT_MUXTREE pass (detect dead branches in mux trees).
Running muxtree optimizer on module \icebreaker..
  Creating internal representation of mux trees.
  Evaluating internal representation of mux trees.
      Replacing known input bits on port B of cell $flatten\soc.\cpu.$procmux$4676: \soc.cpu.genblk1.pcpi_mul.active [1] -> 1'1
  Analyzing evaluation results.
    dead port 2/2 on $mux $flatten\soc.\cpu.$procmux$2210.
    dead port 2/2 on $mux $flatten\soc.\cpu.$procmux$2207.
    dead port 4/8 on $pmux $flatten\soc.\cpu.$procmux$2809.
    dead port 5/8 on $pmux $flatten\soc.\cpu.$procmux$2809.
    dead port 2/2 on $mux $flatten\soc.\cpu.$procmux$2202.
    dead port 2/2 on $mux $flatten\soc.\cpu.$procmux$2192.
    dead port 2/2 on $mux $flatten\soc.\cpu.$procmux$2189.
    dead port 2/2 on $mux $flatten\soc.\cpu.$procmux$2187.
    dead port 1/2 on $mux $flatten\soc.\cpu.$procmux$2185.
    dead port 2/2 on $mux $flatten\soc.\cpu.$procmux$2182.
    dead port 2/2 on $mux $flatten\soc.\cpu.$procmux$2168.
    dead port 2/2 on $mux $flatten\soc.\cpu.$procmux$2165.
    dead port 2/2 on $mux $flatten\soc.\cpu.$procmux$2144.
    dead port 2/2 on $mux $flatten\soc.\cpu.$procmux$2141.
    dead port 2/2 on $mux $flatten\soc.\cpu.$procmux$2139.
    dead port 2/2 on $mux $flatten\soc.\cpu.$procmux$2120.
    dead port 2/2 on $mux $flatten\soc.\cpu.$procmux$2117.
    dead port 2/2 on $mux $flatten\soc.\cpu.$procmux$2115.
    dead port 2/2 on $mux $flatten\soc.\cpu.$procmux$2096.
    dead port 2/2 on $mux $flatten\soc.\cpu.$procmux$2093.
    dead port 2/2 on $mux $flatten\soc.\cpu.$procmux$2091.
    dead port 2/2 on $mux $flatten\soc.\cpu.$procmux$2069.
    dead port 2/2 on $mux $flatten\soc.\cpu.$procmux$2066.
    dead port 2/2 on $mux $flatten\soc.\cpu.$procmux$2064.
    dead port 1/2 on $mux $flatten\soc.\cpu.$procmux$2062.
    dead port 2/2 on $mux $flatten\soc.\cpu.$procmux$2039.
    dead port 2/2 on $mux $flatten\soc.\cpu.$procmux$2036.
    dead port 2/2 on $mux $flatten\soc.\cpu.$procmux$2034.
    dead port 2/2 on $mux $flatten\soc.\cpu.$procmux$2027.
    dead port 2/2 on $mux $flatten\soc.\cpu.$procmux$2024.
    dead port 2/2 on $mux $flatten\soc.\cpu.$procmux$2012.
    dead port 2/2 on $mux $flatten\soc.\cpu.$procmux$2009.
    dead port 2/2 on $mux $flatten\soc.\cpu.$procmux$2007.
    dead port 2/2 on $mux $flatten\soc.\cpu.$procmux$1994.
    dead port 2/2 on $mux $flatten\soc.\cpu.$procmux$1991.
    dead port 2/2 on $mux $flatten\soc.\cpu.$procmux$1989.
    dead port 1/2 on $mux $flatten\soc.\cpu.$procmux$1987.
    dead port 2/2 on $mux $flatten\soc.\cpu.$procmux$1973.
    dead port 2/2 on $mux $flatten\soc.\cpu.$procmux$1970.
    dead port 2/2 on $mux $flatten\soc.\cpu.$procmux$1968.
    dead port 2/2 on $mux $flatten\soc.\cpu.$procmux$1960.
    dead port 2/2 on $mux $flatten\soc.\cpu.$procmux$1957.
    dead port 2/2 on $mux $flatten\soc.\cpu.$procmux$1948.
    dead port 2/2 on $mux $flatten\soc.\cpu.$procmux$1945.
    dead port 2/2 on $mux $flatten\soc.\cpu.$procmux$1933.
    dead port 2/2 on $mux $flatten\soc.\cpu.$procmux$1920.
    dead port 2/2 on $mux $flatten\soc.\cpu.$procmux$1917.
    dead port 2/2 on $mux $flatten\soc.\cpu.$procmux$1910.
    dead port 2/2 on $mux $flatten\soc.\cpu.$procmux$1897.
    dead port 2/2 on $mux $flatten\soc.\cpu.$procmux$1894.
    dead port 2/2 on $mux $flatten\soc.\cpu.$procmux$1888.
    dead port 2/2 on $mux $flatten\soc.\cpu.$procmux$1868.
    dead port 2/2 on $mux $flatten\soc.\cpu.$procmux$1859.
    dead port 2/2 on $mux $flatten\soc.\cpu.$procmux$1853.
    dead port 2/2 on $mux $flatten\soc.\cpu.$procmux$1851.
    dead port 2/2 on $mux $flatten\soc.\cpu.$procmux$1844.
    dead port 2/2 on $mux $flatten\soc.\cpu.$procmux$1838.
    dead port 2/2 on $mux $flatten\soc.\cpu.$procmux$1836.
    dead port 2/2 on $mux $flatten\soc.\cpu.$procmux$1826.
    dead port 2/3 on $pmux $flatten\soc.\cpu.$procmux$4671.
    dead port 3/3 on $pmux $flatten\soc.\cpu.$procmux$4671.
    dead port 2/2 on $mux $flatten\soc.\cpu.$procmux$4676.
    dead port 7/12 on $pmux $flatten\soc.\cpu.$procmux$3096.
    dead port 8/12 on $pmux $flatten\soc.\cpu.$procmux$3096.
    dead port 1/2 on $mux $flatten\soc.\cpu.$procmux$2236.
    dead port 2/2 on $mux $flatten\soc.\cpu.$procmux$2258.
    dead port 7/11 on $pmux $flatten\soc.\cpu.$procmux$2602.
    dead port 8/11 on $pmux $flatten\soc.\cpu.$procmux$2602.
    dead port 2/2 on $mux $flatten\soc.\cpu.$procmux$2255.
    dead port 4/8 on $pmux $flatten\soc.\cpu.$procmux$2558.
    dead port 5/8 on $pmux $flatten\soc.\cpu.$procmux$2558.
    dead port 7/11 on $pmux $flatten\soc.\cpu.$procmux$3282.
    dead port 8/11 on $pmux $flatten\soc.\cpu.$procmux$3282.
    dead port 7/12 on $pmux $flatten\soc.\cpu.$procmux$2896.
    dead port 8/12 on $pmux $flatten\soc.\cpu.$procmux$2896.
    dead port 2/2 on $mux $flatten\soc.\cpu.$procmux$3484.
    dead port 1/8 on $pmux $flatten\soc.\cpu.$procmux$3499.
    dead port 2/8 on $pmux $flatten\soc.\cpu.$procmux$3499.
    dead port 4/8 on $pmux $flatten\soc.\cpu.$procmux$3334.
    dead port 5/8 on $pmux $flatten\soc.\cpu.$procmux$3334.
    dead port 2/2 on $mux $flatten\soc.\cpu.$procmux$3475.
    dead port 2/2 on $mux $flatten\soc.\cpu.\genblk1.pcpi_mul.$procmux$1465.
    dead port 2/2 on $mux $flatten\soc.\cpu.\genblk1.pcpi_mul.$procmux$1457.
    dead port 2/2 on $mux $flatten\soc.\cpu.\genblk1.pcpi_mul.$procmux$1450.
    dead port 2/2 on $mux $flatten\soc.\cpu.\genblk1.pcpi_mul.$procmux$1444.
    dead port 2/2 on $mux $flatten\soc.\cpu.$procmux$2243.
    dead port 2/2 on $mux $flatten\soc.\cpu.$procmux$2233.
    dead port 2/2 on $mux $flatten\soc.\cpu.$procmux$2240.
    dead port 2/2 on $mux $flatten\soc.\spimem_cache.$procmux$4892.
    dead port 2/2 on $mux $flatten\soc.\spimem_cache.$procmux$4886.
    dead port 2/2 on $mux $flatten\soc.\spimem_cache.$procmux$4880.
    dead port 2/2 on $mux $flatten\soc.\spimem_cache.$procmux$4874.
    dead port 2/2 on $mux $flatten\soc.\spimem_cache.$procmux$4868.
    dead port 2/2 on $mux $flatten\soc.\spimem_cache.$procmux$4862.
    dead port 2/2 on $mux $flatten\soc.\spimem_cache.$procmux$4856.
    dead port 2/2 on $mux $flatten\soc.\spimem_cache.$procmux$4850.
    dead port 2/2 on $mux $flatten\soc.\spimem_cache.$procmux$4844.
    dead port 2/2 on $mux $flatten\soc.\spimem_cache.$procmux$4841.
    dead port 2/2 on $mux $flatten\soc.\spimem_cache.$procmux$4835.
    dead port 2/2 on $mux $flatten\soc.\spimem_cache.$procmux$4832.
    dead port 2/2 on $mux $flatten\soc.\spimem_cache.$procmux$4826.
    dead port 2/2 on $mux $flatten\soc.\spimem_cache.$procmux$4823.
    dead port 2/2 on $mux $flatten\soc.\spimem_cache.$procmux$4817.
    dead port 2/2 on $mux $flatten\soc.\spimem_cache.$procmux$4814.
    dead port 2/2 on $mux $flatten\soc.\spimem_cache.$procmux$4808.
    dead port 2/2 on $mux $flatten\soc.\spimem_cache.$procmux$4805.
    dead port 2/2 on $mux $flatten\soc.\spimem_cache.$procmux$4799.
    dead port 2/2 on $mux $flatten\soc.\spimem_cache.$procmux$4796.
    dead port 2/2 on $mux $flatten\soc.\spimem_cache.$procmux$4790.
    dead port 2/2 on $mux $flatten\soc.\spimem_cache.$procmux$4787.
    dead port 2/2 on $mux $flatten\soc.\spimem_cache.$procmux$4781.
    dead port 2/2 on $mux $flatten\soc.\spimem_cache.$procmux$4778.
    dead port 2/2 on $mux $flatten\soc.\spimem_cache.$procmux$4772.
    dead port 2/2 on $mux $flatten\soc.\spimem_cache.$procmux$4769.
    dead port 1/2 on $mux $flatten\soc.\spimem_cache.$procmux$4767.
    dead port 2/2 on $mux $flatten\soc.\spimem_cache.$procmux$4760.
    dead port 2/2 on $mux $flatten\soc.\spimem_cache.$procmux$4757.
    dead port 1/2 on $mux $flatten\soc.\spimem_cache.$procmux$4755.
    dead port 2/2 on $mux $flatten\soc.\spimem_cache.$procmux$4748.
    dead port 2/2 on $mux $flatten\soc.\spimem_cache.$procmux$4745.
    dead port 1/2 on $mux $flatten\soc.\spimem_cache.$procmux$4743.
    dead port 2/2 on $mux $flatten\soc.\spimem_cache.$procmux$4736.
    dead port 2/2 on $mux $flatten\soc.\spimem_cache.$procmux$4733.
    dead port 1/2 on $mux $flatten\soc.\spimem_cache.$procmux$4731.
    dead port 2/2 on $mux $flatten\soc.\spimem_cache.$procmux$4724.
    dead port 2/2 on $mux $flatten\soc.\spimem_cache.$procmux$4721.
    dead port 1/2 on $mux $flatten\soc.\spimem_cache.$procmux$4719.
    dead port 2/2 on $mux $flatten\soc.\spimem_cache.$procmux$4712.
    dead port 2/2 on $mux $flatten\soc.\spimem_cache.$procmux$4709.
    dead port 1/2 on $mux $flatten\soc.\spimem_cache.$procmux$4707.
    dead port 2/2 on $mux $flatten\soc.\spimem_cache.$procmux$4700.
    dead port 2/2 on $mux $flatten\soc.\spimem_cache.$procmux$4697.
    dead port 1/2 on $mux $flatten\soc.\spimem_cache.$procmux$4695.
    dead port 2/2 on $mux $flatten\soc.\spimem_cache.$procmux$4688.
    dead port 2/2 on $mux $flatten\soc.\spimem_cache.$procmux$4685.
    dead port 1/2 on $mux $flatten\soc.\spimem_cache.$procmux$4683.
    dead port 2/2 on $mux $flatten\soc.\cpu.$procmux$2238.
    dead port 2/2 on $mux $flatten\soc.\spimemio.\xfer.$procmux$1584.
    dead port 1/4 on $pmux $flatten\soc.\spimemio.\xfer.$procmux$1586.
    dead port 2/4 on $pmux $flatten\soc.\spimemio.\xfer.$procmux$1586.
    dead port 3/4 on $pmux $flatten\soc.\spimemio.\xfer.$procmux$1586.
    dead port 2/2 on $mux $flatten\soc.\spimemio.\xfer.$procmux$1590.
    dead port 2/2 on $mux $flatten\soc.\spimemio.\xfer.$procmux$1597.
    dead port 1/4 on $pmux $flatten\soc.\spimemio.\xfer.$procmux$1599.
    dead port 2/4 on $pmux $flatten\soc.\spimemio.\xfer.$procmux$1599.
    dead port 3/4 on $pmux $flatten\soc.\spimemio.\xfer.$procmux$1599.
    dead port 2/2 on $mux $flatten\soc.\spimemio.\xfer.$procmux$1603.
    dead port 2/2 on $mux $flatten\soc.\spimemio.\xfer.$procmux$1623.
    dead port 2/2 on $mux $flatten\soc.\spimemio.\xfer.$procmux$1625.
    dead port 2/2 on $mux $flatten\soc.\spimemio.\xfer.$procmux$1634.
    dead port 2/2 on $mux $flatten\soc.\spimemio.\xfer.$procmux$1636.
    dead port 2/2 on $mux $flatten\soc.\cpu.$procmux$4637.
    dead port 2/2 on $mux $flatten\soc.\spimemio.\xfer.$procmux$1658.
    dead port 2/2 on $mux $flatten\soc.\spimemio.\xfer.$procmux$1660.
    dead port 2/2 on $mux $flatten\soc.\spimemio.\xfer.$procmux$1670.
    dead port 2/2 on $mux $flatten\soc.\spimemio.\xfer.$procmux$1672.
    dead port 2/2 on $mux $flatten\soc.\spimemio.\xfer.$procmux$1682.
    dead port 2/2 on $mux $flatten\soc.\cpu.$procmux$4644.
    dead port 2/2 on $mux $flatten\soc.\spimemio.\xfer.$procmux$1692.
    dead port 2/2 on $mux $flatten\soc.\spimemio.\xfer.$procmux$1702.
    dead port 2/2 on $mux $flatten\soc.\spimemio.\xfer.$procmux$1712.
    dead port 2/2 on $mux $flatten\soc.\spimemio.\xfer.$procmux$1722.
    dead port 2/2 on $mux $flatten\soc.\spimemio.\xfer.$procmux$1732.
    dead port 2/2 on $mux $flatten\soc.\spimemio.\xfer.$procmux$1740.
    dead port 2/2 on $mux $flatten\soc.\spimemio.\xfer.$procmux$1748.
    dead port 2/2 on $mux $flatten\soc.\spimemio.\xfer.$procmux$1756.
    dead port 2/2 on $mux $flatten\soc.\spimemio.\xfer.$procmux$1764.
    dead port 2/2 on $mux $flatten\soc.\spimemio.\xfer.$procmux$1774.
    dead port 2/2 on $mux $flatten\soc.\spimemio.\xfer.$procmux$1784.
    dead port 2/2 on $mux $flatten\soc.\cpu.$procmux$2327.
    dead port 2/2 on $mux $flatten\soc.\cpu.$procmux$2314.
    dead port 2/2 on $mux $flatten\soc.\cpu.$procmux$2301.
Removed 172 multiplexer ports.
<suppressed ~1995 debug messages>

7.11.4. Executing OPT_REDUCE pass (consolidate $*mux and $reduce_* inputs).
  Optimizing cells in module \icebreaker.
    New ctrl vector for $pmux cell $flatten\soc.\cpu.$procmux$2646: { $flatten\soc.\cpu.$procmux$2929_CMP $flatten\soc.\cpu.$procmux$2875_CMP }
    New ctrl vector for $pmux cell $flatten\soc.\cpu.$procmux$3096: { \soc.cpu.instr_trap $flatten\soc.\cpu.$logic_and$../picorv32.v:1696$1211_Y $auto$opt_reduce.cc:137:opt_pmux$5727 $auto$opt_reduce.cc:137:opt_pmux$5725 }
    New ctrl vector for $pmux cell $flatten\soc.\cpu.$procmux$2602: { \soc.cpu.is_slli_srli_srai $auto$opt_reduce.cc:137:opt_pmux$5729 }
    New ctrl vector for $pmux cell $flatten\soc.\cpu.$procmux$3282: { $auto$opt_reduce.cc:137:opt_pmux$5733 $auto$opt_reduce.cc:137:opt_pmux$5731 }
    New ctrl vector for $pmux cell $flatten\soc.\cpu.$procmux$2896: { \soc.cpu.instr_trap $auto$opt_reduce.cc:137:opt_pmux$5737 $flatten\soc.\cpu.$logic_and$../picorv32.v:1696$1211_Y \soc.cpu.is_slli_srli_srai $auto$opt_reduce.cc:137:opt_pmux$5735 }
    New ctrl vector for $pmux cell $flatten\soc.\cpu.$procmux$3070: { $flatten\soc.\cpu.$procmux$2929_CMP $flatten\soc.\cpu.$procmux$3293_CMP $flatten\soc.\cpu.$procmux$3444_CMP $flatten\soc.\cpu.$procmux$2866_CMP }
    New ctrl vector for $pmux cell $flatten\soc.\cpu.$procmux$3334: { \soc.cpu.is_lui_auipc_jal $auto$opt_reduce.cc:137:opt_pmux$5739 }
    Consolidated identical input bits for $mux cell $flatten\soc.\cpu.\cpuregs.$procmux$1402:
      Old ports: A=0, B=32'11111111111111111111111111111111, Y=$flatten\soc.\cpu.\cpuregs.$0$memwr$\regs$picosoc.v:412$1387_EN[31:0]$1391
      New ports: A=1'0, B=1'1, Y=$flatten\soc.\cpu.\cpuregs.$0$memwr$\regs$picosoc.v:412$1387_EN[31:0]$1391 [0]
      New connections: $flatten\soc.\cpu.\cpuregs.$0$memwr$\regs$picosoc.v:412$1387_EN[31:0]$1391 [31:1] = { $flatten\soc.\cpu.\cpuregs.$0$memwr$\regs$picosoc.v:412$1387_EN[31:0]$1391 [0] $flatten\soc.\cpu.\cpuregs.$0$memwr$\regs$picosoc.v:412$1387_EN[31:0]$1391 [0] $flatten\soc.\cpu.\cpuregs.$0$memwr$\regs$picosoc.v:412$1387_EN[31:0]$1391 [0] $flatten\soc.\cpu.\cpuregs.$0$memwr$\regs$picosoc.v:412$1387_EN[31:0]$1391 [0] $flatten\soc.\cpu.\cpuregs.$0$memwr$\regs$picosoc.v:412$1387_EN[31:0]$1391 [0] $flatten\soc.\cpu.\cpuregs.$0$memwr$\regs$picosoc.v:412$1387_EN[31:0]$1391 [0] $flatten\soc.\cpu.\cpuregs.$0$memwr$\regs$picosoc.v:412$1387_EN[31:0]$1391 [0] $flatten\soc.\cpu.\cpuregs.$0$memwr$\regs$picosoc.v:412$1387_EN[31:0]$1391 [0] $flatten\soc.\cpu.\cpuregs.$0$memwr$\regs$picosoc.v:412$1387_EN[31:0]$1391 [0] $flatten\soc.\cpu.\cpuregs.$0$memwr$\regs$picosoc.v:412$1387_EN[31:0]$1391 [0] $flatten\soc.\cpu.\cpuregs.$0$memwr$\regs$picosoc.v:412$1387_EN[31:0]$1391 [0] $flatten\soc.\cpu.\cpuregs.$0$memwr$\regs$picosoc.v:412$1387_EN[31:0]$1391 [0] $flatten\soc.\cpu.\cpuregs.$0$memwr$\regs$picosoc.v:412$1387_EN[31:0]$1391 [0] $flatten\soc.\cpu.\cpuregs.$0$memwr$\regs$picosoc.v:412$1387_EN[31:0]$1391 [0] $flatten\soc.\cpu.\cpuregs.$0$memwr$\regs$picosoc.v:412$1387_EN[31:0]$1391 [0] $flatten\soc.\cpu.\cpuregs.$0$memwr$\regs$picosoc.v:412$1387_EN[31:0]$1391 [0] $flatten\soc.\cpu.\cpuregs.$0$memwr$\regs$picosoc.v:412$1387_EN[31:0]$1391 [0] $flatten\soc.\cpu.\cpuregs.$0$memwr$\regs$picosoc.v:412$1387_EN[31:0]$1391 [0] $flatten\soc.\cpu.\cpuregs.$0$memwr$\regs$picosoc.v:412$1387_EN[31:0]$1391 [0] $flatten\soc.\cpu.\cpuregs.$0$memwr$\regs$picosoc.v:412$1387_EN[31:0]$1391 [0] $flatten\soc.\cpu.\cpuregs.$0$memwr$\regs$picosoc.v:412$1387_EN[31:0]$1391 [0] $flatten\soc.\cpu.\cpuregs.$0$memwr$\regs$picosoc.v:412$1387_EN[31:0]$1391 [0] $flatten\soc.\cpu.\cpuregs.$0$memwr$\regs$picosoc.v:412$1387_EN[31:0]$1391 [0] $flatten\soc.\cpu.\cpuregs.$0$memwr$\regs$picosoc.v:412$1387_EN[31:0]$1391 [0] $flatten\soc.\cpu.\cpuregs.$0$memwr$\regs$picosoc.v:412$1387_EN[31:0]$1391 [0] $flatten\soc.\cpu.\cpuregs.$0$memwr$\regs$picosoc.v:412$1387_EN[31:0]$1391 [0] $flatten\soc.\cpu.\cpuregs.$0$memwr$\regs$picosoc.v:412$1387_EN[31:0]$1391 [0] $flatten\soc.\cpu.\cpuregs.$0$memwr$\regs$picosoc.v:412$1387_EN[31:0]$1391 [0] $flatten\soc.\cpu.\cpuregs.$0$memwr$\regs$picosoc.v:412$1387_EN[31:0]$1391 [0] $flatten\soc.\cpu.\cpuregs.$0$memwr$\regs$picosoc.v:412$1387_EN[31:0]$1391 [0] $flatten\soc.\cpu.\cpuregs.$0$memwr$\regs$picosoc.v:412$1387_EN[31:0]$1391 [0] }
    New ctrl vector for $pmux cell $flatten\soc.\cpu.$procmux$3470: $auto$opt_reduce.cc:137:opt_pmux$5741
    New ctrl vector for $pmux cell $flatten\soc.\cpu.$procmux$1923: { $flatten\soc.\cpu.$procmux$2929_CMP $auto$opt_reduce.cc:137:opt_pmux$5743 }
    New ctrl vector for $pmux cell $flatten\soc.\cpu.$procmux$1900: { $flatten\soc.\cpu.$procmux$2929_CMP $flatten\soc.\cpu.$procmux$3293_CMP $flatten\soc.\cpu.$procmux$3444_CMP $auto$opt_reduce.cc:137:opt_pmux$5745 }
    Consolidated identical input bits for $mux cell $flatten\soc.\spimem_cache.$procmux$4740:
      Old ports: A=24'000000000000000000000000, B=24'111111111111111111111111, Y=$flatten\soc.\spimem_cache.$procmux$4740_Y
      New ports: A=1'0, B=1'1, Y=$flatten\soc.\spimem_cache.$procmux$4740_Y [0]
      New connections: $flatten\soc.\spimem_cache.$procmux$4740_Y [23:1] = { $flatten\soc.\spimem_cache.$procmux$4740_Y [0] $flatten\soc.\spimem_cache.$procmux$4740_Y [0] $flatten\soc.\spimem_cache.$procmux$4740_Y [0] $flatten\soc.\spimem_cache.$procmux$4740_Y [0] $flatten\soc.\spimem_cache.$procmux$4740_Y [0] $flatten\soc.\spimem_cache.$procmux$4740_Y [0] $flatten\soc.\spimem_cache.$procmux$4740_Y [0] $flatten\soc.\spimem_cache.$procmux$4740_Y [0] $flatten\soc.\spimem_cache.$procmux$4740_Y [0] $flatten\soc.\spimem_cache.$procmux$4740_Y [0] $flatten\soc.\spimem_cache.$procmux$4740_Y [0] $flatten\soc.\spimem_cache.$procmux$4740_Y [0] $flatten\soc.\spimem_cache.$procmux$4740_Y [0] $flatten\soc.\spimem_cache.$procmux$4740_Y [0] $flatten\soc.\spimem_cache.$procmux$4740_Y [0] $flatten\soc.\spimem_cache.$procmux$4740_Y [0] $flatten\soc.\spimem_cache.$procmux$4740_Y [0] $flatten\soc.\spimem_cache.$procmux$4740_Y [0] $flatten\soc.\spimem_cache.$procmux$4740_Y [0] $flatten\soc.\spimem_cache.$procmux$4740_Y [0] $flatten\soc.\spimem_cache.$procmux$4740_Y [0] $flatten\soc.\spimem_cache.$procmux$4740_Y [0] $flatten\soc.\spimem_cache.$procmux$4740_Y [0] }
    New ctrl vector for $pmux cell $flatten\soc.\cpu.$procmux$2809: { \soc.cpu.instr_trap $auto$opt_reduce.cc:137:opt_pmux$5747 }
    Consolidated identical input bits for $mux cell $flatten\soc.\spimem_cache.$procmux$4704:
      Old ports: A=0, B=32'11111111111111111111111111111111, Y=$flatten\soc.\spimem_cache.$procmux$4704_Y
      New ports: A=1'0, B=1'1, Y=$flatten\soc.\spimem_cache.$procmux$4704_Y [0]
      New connections: $flatten\soc.\spimem_cache.$procmux$4704_Y [31:1] = { $flatten\soc.\spimem_cache.$procmux$4704_Y [0] $flatten\soc.\spimem_cache.$procmux$4704_Y [0] $flatten\soc.\spimem_cache.$procmux$4704_Y [0] $flatten\soc.\spimem_cache.$procmux$4704_Y [0] $flatten\soc.\spimem_cache.$procmux$4704_Y [0] $flatten\soc.\spimem_cache.$procmux$4704_Y [0] $flatten\soc.\spimem_cache.$procmux$4704_Y [0] $flatten\soc.\spimem_cache.$procmux$4704_Y [0] $flatten\soc.\spimem_cache.$procmux$4704_Y [0] $flatten\soc.\spimem_cache.$procmux$4704_Y [0] $flatten\soc.\spimem_cache.$procmux$4704_Y [0] $flatten\soc.\spimem_cache.$procmux$4704_Y [0] $flatten\soc.\spimem_cache.$procmux$4704_Y [0] $flatten\soc.\spimem_cache.$procmux$4704_Y [0] $flatten\soc.\spimem_cache.$procmux$4704_Y [0] $flatten\soc.\spimem_cache.$procmux$4704_Y [0] $flatten\soc.\spimem_cache.$procmux$4704_Y [0] $flatten\soc.\spimem_cache.$procmux$4704_Y [0] $flatten\soc.\spimem_cache.$procmux$4704_Y [0] $flatten\soc.\spimem_cache.$procmux$4704_Y [0] $flatten\soc.\spimem_cache.$procmux$4704_Y [0] $flatten\soc.\spimem_cache.$procmux$4704_Y [0] $flatten\soc.\spimem_cache.$procmux$4704_Y [0] $flatten\soc.\spimem_cache.$procmux$4704_Y [0] $flatten\soc.\spimem_cache.$procmux$4704_Y [0] $flatten\soc.\spimem_cache.$procmux$4704_Y [0] $flatten\soc.\spimem_cache.$procmux$4704_Y [0] $flatten\soc.\spimem_cache.$procmux$4704_Y [0] $flatten\soc.\spimem_cache.$procmux$4704_Y [0] $flatten\soc.\spimem_cache.$procmux$4704_Y [0] $flatten\soc.\spimem_cache.$procmux$4704_Y [0] }
    New ctrl vector for $pmux cell $flatten\soc.\cpu.$procmux$1878: { $flatten\soc.\cpu.$procmux$2929_CMP $auto$opt_reduce.cc:137:opt_pmux$5749 }
    New ctrl vector for $pmux cell $flatten\soc.\spimemio.\xfer.$procmux$1573: $auto$opt_reduce.cc:137:opt_pmux$5751
    New ctrl vector for $pmux cell $flatten\soc.\cpu.$procmux$2786: { $flatten\soc.\cpu.$procmux$2929_CMP $flatten\soc.\cpu.$procmux$3293_CMP $flatten\soc.\cpu.$procmux$3444_CMP $flatten\soc.\cpu.$procmux$2875_CMP $auto$opt_reduce.cc:137:opt_pmux$5753 }
    New ctrl vector for $pmux cell $flatten\soc.\spimemio.\xfer.$procmux$1718: { $flatten\soc.\spimemio.\xfer.$procmux$1576_CMP $auto$opt_reduce.cc:137:opt_pmux$5755 }
    New ctrl vector for $pmux cell $flatten\soc.\spimemio.\xfer.$procmux$1728: { $flatten\soc.\spimemio.\xfer.$procmux$1576_CMP $auto$opt_reduce.cc:137:opt_pmux$5757 }
    New ctrl vector for $pmux cell $flatten\soc.\spimemio.\xfer.$procmux$1737: $auto$opt_reduce.cc:137:opt_pmux$5759
    New ctrl vector for $pmux cell $flatten\soc.\spimemio.\xfer.$procmux$1745: $auto$opt_reduce.cc:137:opt_pmux$5761
    New ctrl vector for $pmux cell $flatten\soc.\spimemio.\xfer.$procmux$1753: $auto$opt_reduce.cc:137:opt_pmux$5763
    New ctrl vector for $pmux cell $flatten\soc.\spimemio.\xfer.$procmux$1761: $auto$opt_reduce.cc:137:opt_pmux$5765
    New ctrl vector for $pmux cell $flatten\soc.\spimemio.\xfer.$procmux$1770: { $flatten\soc.\spimemio.\xfer.$procmux$1576_CMP $auto$opt_reduce.cc:137:opt_pmux$5767 }
    New ctrl vector for $pmux cell $flatten\soc.\spimemio.\xfer.$procmux$1780: { $flatten\soc.\spimemio.\xfer.$procmux$1576_CMP $auto$opt_reduce.cc:137:opt_pmux$5769 }
    New ctrl vector for $pmux cell $flatten\soc.\spimemio.$procmux$5191: { $flatten\soc.\spimemio.$procmux$5221_CMP $auto$opt_reduce.cc:137:opt_pmux$5771 $flatten\soc.\spimemio.$procmux$5195_CMP $flatten\soc.\spimemio.$procmux$5211_CMP $flatten\soc.\spimemio.$procmux$5193_CMP $flatten\soc.\spimemio.$procmux$5192_CMP }
    New ctrl vector for $pmux cell $flatten\soc.\cpu.$procmux$2317: { $flatten\soc.\cpu.$procmux$2875_CMP $auto$opt_reduce.cc:137:opt_pmux$5773 }
    New ctrl vector for $pmux cell $flatten\soc.\cpu.$procmux$2304: { $auto$opt_reduce.cc:137:opt_pmux$5775 $flatten\soc.\cpu.$procmux$3305_CMP }
    New ctrl vector for $pmux cell $flatten\soc.\simpleuart.$procmux$5360: $auto$opt_reduce.cc:137:opt_pmux$5777
    New ctrl vector for $pmux cell $flatten\soc.\cpu.$procmux$2291: { $flatten\soc.\cpu.$procmux$3312_CMP $auto$opt_reduce.cc:137:opt_pmux$5779 }
    New input vector for $reduce_or cell $auto$opt_reduce.cc:131:opt_pmux$5726: { \soc.cpu.is_slli_srli_srai \soc.cpu.instr_timer \soc.cpu.instr_maskirq \soc.cpu.instr_retirq \soc.cpu.instr_rdinstrh \soc.cpu.instr_rdinstr \soc.cpu.instr_rdcycleh \soc.cpu.instr_rdcycle }
    New input vector for $reduce_or cell $auto$opt_reduce.cc:131:opt_pmux$5728: { $flatten\soc.\cpu.$logic_and$../picorv32.v:1696$1211_Y \soc.cpu.is_jalr_addi_slti_sltiu_xori_ori_andi \soc.cpu.is_lui_auipc_jal \soc.cpu.instr_timer \soc.cpu.instr_maskirq \soc.cpu.instr_retirq \soc.cpu.instr_rdinstrh \soc.cpu.instr_rdinstr \soc.cpu.instr_rdcycleh \soc.cpu.instr_rdcycle }
    New input vector for $reduce_or cell $auto$opt_reduce.cc:131:opt_pmux$5732: { $flatten\soc.\cpu.$logic_and$../picorv32.v:1696$1211_Y \soc.cpu.is_slli_srli_srai \soc.cpu.instr_timer \soc.cpu.instr_maskirq \soc.cpu.instr_retirq \soc.cpu.instr_rdinstrh \soc.cpu.instr_rdinstr \soc.cpu.instr_rdcycleh \soc.cpu.instr_rdcycle }
    New input vector for $reduce_or cell $auto$opt_reduce.cc:131:opt_pmux$5736: { \soc.cpu.instr_timer \soc.cpu.instr_maskirq \soc.cpu.instr_retirq \soc.cpu.instr_rdinstrh \soc.cpu.instr_rdinstr \soc.cpu.instr_rdcycleh \soc.cpu.instr_rdcycle }
    New input vector for $reduce_or cell $auto$opt_reduce.cc:131:opt_pmux$5738: { \soc.cpu.instr_timer \soc.cpu.instr_maskirq \soc.cpu.instr_retirq \soc.cpu.instr_rdinstrh \soc.cpu.instr_rdinstr \soc.cpu.instr_rdcycleh \soc.cpu.instr_rdcycle }
    New input vector for $reduce_or cell $auto$opt_reduce.cc:131:opt_pmux$5746: { \soc.cpu.instr_timer \soc.cpu.instr_maskirq \soc.cpu.instr_retirq \soc.cpu.instr_rdinstrh \soc.cpu.instr_rdinstr \soc.cpu.instr_rdcycleh \soc.cpu.instr_rdcycle }
  Optimizing cells in module \icebreaker.
    Consolidated identical input bits for $mux cell $flatten\soc.\spimem_cache.$procmux$4821:
      Old ports: A=$flatten\soc.\spimem_cache.$4$memwr$\cache_addr$picosoc.v:385$556_EN[23:0]$623, B=24'000000000000000000000000, Y=$flatten\soc.\spimem_cache.$procmux$4821_Y
      New ports: A=$flatten\soc.\spimem_cache.$procmux$4740_Y [0], B=1'0, Y=$flatten\soc.\spimem_cache.$procmux$4821_Y [0]
      New connections: $flatten\soc.\spimem_cache.$procmux$4821_Y [23:1] = { $flatten\soc.\spimem_cache.$procmux$4821_Y [0] $flatten\soc.\spimem_cache.$procmux$4821_Y [0] $flatten\soc.\spimem_cache.$procmux$4821_Y [0] $flatten\soc.\spimem_cache.$procmux$4821_Y [0] $flatten\soc.\spimem_cache.$procmux$4821_Y [0] $flatten\soc.\spimem_cache.$procmux$4821_Y [0] $flatten\soc.\spimem_cache.$procmux$4821_Y [0] $flatten\soc.\spimem_cache.$procmux$4821_Y [0] $flatten\soc.\spimem_cache.$procmux$4821_Y [0] $flatten\soc.\spimem_cache.$procmux$4821_Y [0] $flatten\soc.\spimem_cache.$procmux$4821_Y [0] $flatten\soc.\spimem_cache.$procmux$4821_Y [0] $flatten\soc.\spimem_cache.$procmux$4821_Y [0] $flatten\soc.\spimem_cache.$procmux$4821_Y [0] $flatten\soc.\spimem_cache.$procmux$4821_Y [0] $flatten\soc.\spimem_cache.$procmux$4821_Y [0] $flatten\soc.\spimem_cache.$procmux$4821_Y [0] $flatten\soc.\spimem_cache.$procmux$4821_Y [0] $flatten\soc.\spimem_cache.$procmux$4821_Y [0] $flatten\soc.\spimem_cache.$procmux$4821_Y [0] $flatten\soc.\spimem_cache.$procmux$4821_Y [0] $flatten\soc.\spimem_cache.$procmux$4821_Y [0] $flatten\soc.\spimem_cache.$procmux$4821_Y [0] }
    Consolidated identical input bits for $mux cell $flatten\soc.\spimem_cache.$procmux$4794:
      Old ports: A=$flatten\soc.\spimem_cache.$4$memwr$\cache_data$picosoc.v:386$557_EN[31:0]$626, B=0, Y=$flatten\soc.\spimem_cache.$procmux$4794_Y
      New ports: A=$flatten\soc.\spimem_cache.$procmux$4704_Y [0], B=1'0, Y=$flatten\soc.\spimem_cache.$procmux$4794_Y [0]
      New connections: $flatten\soc.\spimem_cache.$procmux$4794_Y [31:1] = { $flatten\soc.\spimem_cache.$procmux$4794_Y [0] $flatten\soc.\spimem_cache.$procmux$4794_Y [0] $flatten\soc.\spimem_cache.$procmux$4794_Y [0] $flatten\soc.\spimem_cache.$procmux$4794_Y [0] $flatten\soc.\spimem_cache.$procmux$4794_Y [0] $flatten\soc.\spimem_cache.$procmux$4794_Y [0] $flatten\soc.\spimem_cache.$procmux$4794_Y [0] $flatten\soc.\spimem_cache.$procmux$4794_Y [0] $flatten\soc.\spimem_cache.$procmux$4794_Y [0] $flatten\soc.\spimem_cache.$procmux$4794_Y [0] $flatten\soc.\spimem_cache.$procmux$4794_Y [0] $flatten\soc.\spimem_cache.$procmux$4794_Y [0] $flatten\soc.\spimem_cache.$procmux$4794_Y [0] $flatten\soc.\spimem_cache.$procmux$4794_Y [0] $flatten\soc.\spimem_cache.$procmux$4794_Y [0] $flatten\soc.\spimem_cache.$procmux$4794_Y [0] $flatten\soc.\spimem_cache.$procmux$4794_Y [0] $flatten\soc.\spimem_cache.$procmux$4794_Y [0] $flatten\soc.\spimem_cache.$procmux$4794_Y [0] $flatten\soc.\spimem_cache.$procmux$4794_Y [0] $flatten\soc.\spimem_cache.$procmux$4794_Y [0] $flatten\soc.\spimem_cache.$procmux$4794_Y [0] $flatten\soc.\spimem_cache.$procmux$4794_Y [0] $flatten\soc.\spimem_cache.$procmux$4794_Y [0] $flatten\soc.\spimem_cache.$procmux$4794_Y [0] $flatten\soc.\spimem_cache.$procmux$4794_Y [0] $flatten\soc.\spimem_cache.$procmux$4794_Y [0] $flatten\soc.\spimem_cache.$procmux$4794_Y [0] $flatten\soc.\spimem_cache.$procmux$4794_Y [0] $flatten\soc.\spimem_cache.$procmux$4794_Y [0] $flatten\soc.\spimem_cache.$procmux$4794_Y [0] }
  Optimizing cells in module \icebreaker.
    Consolidated identical input bits for $mux cell $flatten\soc.\spimem_cache.$procmux$4877:
      Old ports: A=24'000000000000000000000000, B=$flatten\soc.\spimem_cache.$3$memwr$\cache_addr$picosoc.v:385$556_EN[23:0]$614, Y=$flatten\soc.\spimem_cache.$procmux$4877_Y
      New ports: A=1'0, B=$flatten\soc.\spimem_cache.$procmux$4821_Y [0], Y=$flatten\soc.\spimem_cache.$procmux$4877_Y [0]
      New connections: $flatten\soc.\spimem_cache.$procmux$4877_Y [23:1] = { $flatten\soc.\spimem_cache.$procmux$4877_Y [0] $flatten\soc.\spimem_cache.$procmux$4877_Y [0] $flatten\soc.\spimem_cache.$procmux$4877_Y [0] $flatten\soc.\spimem_cache.$procmux$4877_Y [0] $flatten\soc.\spimem_cache.$procmux$4877_Y [0] $flatten\soc.\spimem_cache.$procmux$4877_Y [0] $flatten\soc.\spimem_cache.$procmux$4877_Y [0] $flatten\soc.\spimem_cache.$procmux$4877_Y [0] $flatten\soc.\spimem_cache.$procmux$4877_Y [0] $flatten\soc.\spimem_cache.$procmux$4877_Y [0] $flatten\soc.\spimem_cache.$procmux$4877_Y [0] $flatten\soc.\spimem_cache.$procmux$4877_Y [0] $flatten\soc.\spimem_cache.$procmux$4877_Y [0] $flatten\soc.\spimem_cache.$procmux$4877_Y [0] $flatten\soc.\spimem_cache.$procmux$4877_Y [0] $flatten\soc.\spimem_cache.$procmux$4877_Y [0] $flatten\soc.\spimem_cache.$procmux$4877_Y [0] $flatten\soc.\spimem_cache.$procmux$4877_Y [0] $flatten\soc.\spimem_cache.$procmux$4877_Y [0] $flatten\soc.\spimem_cache.$procmux$4877_Y [0] $flatten\soc.\spimem_cache.$procmux$4877_Y [0] $flatten\soc.\spimem_cache.$procmux$4877_Y [0] $flatten\soc.\spimem_cache.$procmux$4877_Y [0] }
    Consolidated identical input bits for $mux cell $flatten\soc.\spimem_cache.$procmux$4859:
      Old ports: A=0, B=$flatten\soc.\spimem_cache.$3$memwr$\cache_data$picosoc.v:386$557_EN[31:0]$617, Y=$flatten\soc.\spimem_cache.$procmux$4859_Y
      New ports: A=1'0, B=$flatten\soc.\spimem_cache.$procmux$4794_Y [0], Y=$flatten\soc.\spimem_cache.$procmux$4859_Y [0]
      New connections: $flatten\soc.\spimem_cache.$procmux$4859_Y [31:1] = { $flatten\soc.\spimem_cache.$procmux$4859_Y [0] $flatten\soc.\spimem_cache.$procmux$4859_Y [0] $flatten\soc.\spimem_cache.$procmux$4859_Y [0] $flatten\soc.\spimem_cache.$procmux$4859_Y [0] $flatten\soc.\spimem_cache.$procmux$4859_Y [0] $flatten\soc.\spimem_cache.$procmux$4859_Y [0] $flatten\soc.\spimem_cache.$procmux$4859_Y [0] $flatten\soc.\spimem_cache.$procmux$4859_Y [0] $flatten\soc.\spimem_cache.$procmux$4859_Y [0] $flatten\soc.\spimem_cache.$procmux$4859_Y [0] $flatten\soc.\spimem_cache.$procmux$4859_Y [0] $flatten\soc.\spimem_cache.$procmux$4859_Y [0] $flatten\soc.\spimem_cache.$procmux$4859_Y [0] $flatten\soc.\spimem_cache.$procmux$4859_Y [0] $flatten\soc.\spimem_cache.$procmux$4859_Y [0] $flatten\soc.\spimem_cache.$procmux$4859_Y [0] $flatten\soc.\spimem_cache.$procmux$4859_Y [0] $flatten\soc.\spimem_cache.$procmux$4859_Y [0] $flatten\soc.\spimem_cache.$procmux$4859_Y [0] $flatten\soc.\spimem_cache.$procmux$4859_Y [0] $flatten\soc.\spimem_cache.$procmux$4859_Y [0] $flatten\soc.\spimem_cache.$procmux$4859_Y [0] $flatten\soc.\spimem_cache.$procmux$4859_Y [0] $flatten\soc.\spimem_cache.$procmux$4859_Y [0] $flatten\soc.\spimem_cache.$procmux$4859_Y [0] $flatten\soc.\spimem_cache.$procmux$4859_Y [0] $flatten\soc.\spimem_cache.$procmux$4859_Y [0] $flatten\soc.\spimem_cache.$procmux$4859_Y [0] $flatten\soc.\spimem_cache.$procmux$4859_Y [0] $flatten\soc.\spimem_cache.$procmux$4859_Y [0] $flatten\soc.\spimem_cache.$procmux$4859_Y [0] }
  Optimizing cells in module \icebreaker.
    Consolidated identical input bits for $mux cell $flatten\soc.\spimem_cache.$procmux$4937:
      Old ports: A=24'000000000000000000000000, B=$flatten\soc.\spimem_cache.$2$memwr$\cache_addr$picosoc.v:385$556_EN[23:0]$606, Y=$flatten\soc.\spimem_cache.$0$memwr$\cache_addr$picosoc.v:385$556_EN[23:0]$581
      New ports: A=1'0, B=$flatten\soc.\spimem_cache.$procmux$4877_Y [0], Y=$flatten\soc.\spimem_cache.$0$memwr$\cache_addr$picosoc.v:385$556_EN[23:0]$581 [0]
      New connections: $flatten\soc.\spimem_cache.$0$memwr$\cache_addr$picosoc.v:385$556_EN[23:0]$581 [23:1] = { $flatten\soc.\spimem_cache.$0$memwr$\cache_addr$picosoc.v:385$556_EN[23:0]$581 [0] $flatten\soc.\spimem_cache.$0$memwr$\cache_addr$picosoc.v:385$556_EN[23:0]$581 [0] $flatten\soc.\spimem_cache.$0$memwr$\cache_addr$picosoc.v:385$556_EN[23:0]$581 [0] $flatten\soc.\spimem_cache.$0$memwr$\cache_addr$picosoc.v:385$556_EN[23:0]$581 [0] $flatten\soc.\spimem_cache.$0$memwr$\cache_addr$picosoc.v:385$556_EN[23:0]$581 [0] $flatten\soc.\spimem_cache.$0$memwr$\cache_addr$picosoc.v:385$556_EN[23:0]$581 [0] $flatten\soc.\spimem_cache.$0$memwr$\cache_addr$picosoc.v:385$556_EN[23:0]$581 [0] $flatten\soc.\spimem_cache.$0$memwr$\cache_addr$picosoc.v:385$556_EN[23:0]$581 [0] $flatten\soc.\spimem_cache.$0$memwr$\cache_addr$picosoc.v:385$556_EN[23:0]$581 [0] $flatten\soc.\spimem_cache.$0$memwr$\cache_addr$picosoc.v:385$556_EN[23:0]$581 [0] $flatten\soc.\spimem_cache.$0$memwr$\cache_addr$picosoc.v:385$556_EN[23:0]$581 [0] $flatten\soc.\spimem_cache.$0$memwr$\cache_addr$picosoc.v:385$556_EN[23:0]$581 [0] $flatten\soc.\spimem_cache.$0$memwr$\cache_addr$picosoc.v:385$556_EN[23:0]$581 [0] $flatten\soc.\spimem_cache.$0$memwr$\cache_addr$picosoc.v:385$556_EN[23:0]$581 [0] $flatten\soc.\spimem_cache.$0$memwr$\cache_addr$picosoc.v:385$556_EN[23:0]$581 [0] $flatten\soc.\spimem_cache.$0$memwr$\cache_addr$picosoc.v:385$556_EN[23:0]$581 [0] $flatten\soc.\spimem_cache.$0$memwr$\cache_addr$picosoc.v:385$556_EN[23:0]$581 [0] $flatten\soc.\spimem_cache.$0$memwr$\cache_addr$picosoc.v:385$556_EN[23:0]$581 [0] $flatten\soc.\spimem_cache.$0$memwr$\cache_addr$picosoc.v:385$556_EN[23:0]$581 [0] $flatten\soc.\spimem_cache.$0$memwr$\cache_addr$picosoc.v:385$556_EN[23:0]$581 [0] $flatten\soc.\spimem_cache.$0$memwr$\cache_addr$picosoc.v:385$556_EN[23:0]$581 [0] $flatten\soc.\spimem_cache.$0$memwr$\cache_addr$picosoc.v:385$556_EN[23:0]$581 [0] $flatten\soc.\spimem_cache.$0$memwr$\cache_addr$picosoc.v:385$556_EN[23:0]$581 [0] }
    Consolidated identical input bits for $mux cell $flatten\soc.\spimem_cache.$procmux$4928:
      Old ports: A=0, B=$flatten\soc.\spimem_cache.$2$memwr$\cache_data$picosoc.v:386$557_EN[31:0]$609, Y=$flatten\soc.\spimem_cache.$0$memwr$\cache_data$picosoc.v:386$557_EN[31:0]$584
      New ports: A=1'0, B=$flatten\soc.\spimem_cache.$procmux$4859_Y [0], Y=$flatten\soc.\spimem_cache.$0$memwr$\cache_data$picosoc.v:386$557_EN[31:0]$584 [0]
      New connections: $flatten\soc.\spimem_cache.$0$memwr$\cache_data$picosoc.v:386$557_EN[31:0]$584 [31:1] = { $flatten\soc.\spimem_cache.$0$memwr$\cache_data$picosoc.v:386$557_EN[31:0]$584 [0] $flatten\soc.\spimem_cache.$0$memwr$\cache_data$picosoc.v:386$557_EN[31:0]$584 [0] $flatten\soc.\spimem_cache.$0$memwr$\cache_data$picosoc.v:386$557_EN[31:0]$584 [0] $flatten\soc.\spimem_cache.$0$memwr$\cache_data$picosoc.v:386$557_EN[31:0]$584 [0] $flatten\soc.\spimem_cache.$0$memwr$\cache_data$picosoc.v:386$557_EN[31:0]$584 [0] $flatten\soc.\spimem_cache.$0$memwr$\cache_data$picosoc.v:386$557_EN[31:0]$584 [0] $flatten\soc.\spimem_cache.$0$memwr$\cache_data$picosoc.v:386$557_EN[31:0]$584 [0] $flatten\soc.\spimem_cache.$0$memwr$\cache_data$picosoc.v:386$557_EN[31:0]$584 [0] $flatten\soc.\spimem_cache.$0$memwr$\cache_data$picosoc.v:386$557_EN[31:0]$584 [0] $flatten\soc.\spimem_cache.$0$memwr$\cache_data$picosoc.v:386$557_EN[31:0]$584 [0] $flatten\soc.\spimem_cache.$0$memwr$\cache_data$picosoc.v:386$557_EN[31:0]$584 [0] $flatten\soc.\spimem_cache.$0$memwr$\cache_data$picosoc.v:386$557_EN[31:0]$584 [0] $flatten\soc.\spimem_cache.$0$memwr$\cache_data$picosoc.v:386$557_EN[31:0]$584 [0] $flatten\soc.\spimem_cache.$0$memwr$\cache_data$picosoc.v:386$557_EN[31:0]$584 [0] $flatten\soc.\spimem_cache.$0$memwr$\cache_data$picosoc.v:386$557_EN[31:0]$584 [0] $flatten\soc.\spimem_cache.$0$memwr$\cache_data$picosoc.v:386$557_EN[31:0]$584 [0] $flatten\soc.\spimem_cache.$0$memwr$\cache_data$picosoc.v:386$557_EN[31:0]$584 [0] $flatten\soc.\spimem_cache.$0$memwr$\cache_data$picosoc.v:386$557_EN[31:0]$584 [0] $flatten\soc.\spimem_cache.$0$memwr$\cache_data$picosoc.v:386$557_EN[31:0]$584 [0] $flatten\soc.\spimem_cache.$0$memwr$\cache_data$picosoc.v:386$557_EN[31:0]$584 [0] $flatten\soc.\spimem_cache.$0$memwr$\cache_data$picosoc.v:386$557_EN[31:0]$584 [0] $flatten\soc.\spimem_cache.$0$memwr$\cache_data$picosoc.v:386$557_EN[31:0]$584 [0] $flatten\soc.\spimem_cache.$0$memwr$\cache_data$picosoc.v:386$557_EN[31:0]$584 [0] $flatten\soc.\spimem_cache.$0$memwr$\cache_data$picosoc.v:386$557_EN[31:0]$584 [0] $flatten\soc.\spimem_cache.$0$memwr$\cache_data$picosoc.v:386$557_EN[31:0]$584 [0] $flatten\soc.\spimem_cache.$0$memwr$\cache_data$picosoc.v:386$557_EN[31:0]$584 [0] $flatten\soc.\spimem_cache.$0$memwr$\cache_data$picosoc.v:386$557_EN[31:0]$584 [0] $flatten\soc.\spimem_cache.$0$memwr$\cache_data$picosoc.v:386$557_EN[31:0]$584 [0] $flatten\soc.\spimem_cache.$0$memwr$\cache_data$picosoc.v:386$557_EN[31:0]$584 [0] $flatten\soc.\spimem_cache.$0$memwr$\cache_data$picosoc.v:386$557_EN[31:0]$584 [0] $flatten\soc.\spimem_cache.$0$memwr$\cache_data$picosoc.v:386$557_EN[31:0]$584 [0] }
  Optimizing cells in module \icebreaker.
Performed a total of 42 changes.

7.11.5. Executing OPT_MERGE pass (detect identical cells).
Finding identical cells in module `\icebreaker'.
Computing hashes of 1415 cells of `\icebreaker'.
Finding duplicate cells in `\icebreaker'.
Computing hashes of 1366 cells of `\icebreaker'.
Finding duplicate cells in `\icebreaker'.
Computing hashes of 1354 cells of `\icebreaker'.
Finding duplicate cells in `\icebreaker'.
Computing hashes of 1346 cells of `\icebreaker'.
Finding duplicate cells in `\icebreaker'.
Computing hashes of 1341 cells of `\icebreaker'.
Finding duplicate cells in `\icebreaker'.
<suppressed ~222 debug messages>
Removed a total of 74 cells.

7.11.6. Executing OPT_DFF pass (perform DFF optimizations).

7.11.7. Executing OPT_CLEAN pass (remove unused cells and wires).
Finding unused cells or wires in module \icebreaker..
Removed 3 unused cells and 596 unused wires.
<suppressed ~6 debug messages>

7.11.8. Executing OPT_EXPR pass (perform const folding).
Optimizing module icebreaker.

7.11.9. Rerunning OPT passes. (Maybe there is more to do..)

7.11.10. Executing OPT_MUXTREE pass (detect dead branches in mux trees).
Running muxtree optimizer on module \icebreaker..
  Creating internal representation of mux trees.
  Evaluating internal representation of mux trees.
  Analyzing evaluation results.
Removed 0 multiplexer ports.
<suppressed ~1686 debug messages>

7.11.11. Executing OPT_REDUCE pass (consolidate $*mux and $reduce_* inputs).
  Optimizing cells in module \icebreaker.
    New ctrl vector for $pmux cell $flatten\soc.\cpu.$procmux$4396: { $flatten\soc.\cpu.$logic_and$../picorv32.v:380$692_Y $auto$opt_reduce.cc:137:opt_pmux$5781 }
    New ctrl vector for $pmux cell $flatten\soc.\cpu.$procmux$3443: $auto$opt_reduce.cc:137:opt_pmux$5783
    New ctrl vector for $pmux cell $flatten\soc.\cpu.$procmux$1900: { $flatten\soc.\cpu.$eq$../picorv32.v:1313$1098_Y $auto$opt_reduce.cc:137:opt_pmux$5785 $auto$opt_reduce.cc:137:opt_pmux$5745 }
    New ctrl vector for $pmux cell $flatten\soc.\cpu.$procmux$2425: { $flatten\soc.\cpu.$procmux$1882_CMP $auto$opt_reduce.cc:137:opt_pmux$5787 }
    New ctrl vector for $pmux cell $flatten\soc.\cpu.$procmux$2408: $auto$opt_reduce.cc:137:opt_pmux$5789
    New ctrl vector for $pmux cell $flatten\soc.\cpu.$procmux$2855: { $flatten\soc.\cpu.$eq$../picorv32.v:1313$1098_Y $flatten\soc.\cpu.$procmux$1884_CMP $flatten\soc.\cpu.$procmux$1883_CMP $flatten\soc.\cpu.$procmux$1882_CMP $flatten\soc.\cpu.$procmux$1881_CMP $auto$opt_reduce.cc:137:opt_pmux$5791 }
    New ctrl vector for $pmux cell $flatten\soc.\spimemio.$procmux$5098: { $flatten\soc.\spimemio.$procmux$5034_CMP $auto$opt_reduce.cc:137:opt_pmux$5793 $flatten\soc.\spimemio.$procmux$5011_CMP }
    New ctrl vector for $pmux cell $flatten\soc.\spimemio.$procmux$4996: $auto$opt_reduce.cc:137:opt_pmux$5795
  Optimizing cells in module \icebreaker.
Performed a total of 8 changes.

7.11.12. Executing OPT_MERGE pass (detect identical cells).
Finding identical cells in module `\icebreaker'.
Computing hashes of 1346 cells of `\icebreaker'.
Finding duplicate cells in `\icebreaker'.
Computing hashes of 1343 cells of `\icebreaker'.
Finding duplicate cells in `\icebreaker'.
<suppressed ~9 debug messages>
Removed a total of 3 cells.

7.11.13. Executing OPT_DFF pass (perform DFF optimizations).

7.11.14. Executing OPT_CLEAN pass (remove unused cells and wires).
Finding unused cells or wires in module \icebreaker..
Removed 0 unused cells and 3 unused wires.
<suppressed ~1 debug messages>

7.11.15. Executing OPT_EXPR pass (perform const folding).
Optimizing module icebreaker.

7.11.16. Rerunning OPT passes. (Maybe there is more to do..)

7.11.17. Executing OPT_MUXTREE pass (detect dead branches in mux trees).
Running muxtree optimizer on module \icebreaker..
  Creating internal representation of mux trees.
  Evaluating internal representation of mux trees.
  Analyzing evaluation results.
Removed 0 multiplexer ports.
<suppressed ~1629 debug messages>

7.11.18. Executing OPT_REDUCE pass (consolidate $*mux and $reduce_* inputs).
  Optimizing cells in module \icebreaker.
Performed a total of 0 changes.

7.11.19. Executing OPT_MERGE pass (detect identical cells).
Finding identical cells in module `\icebreaker'.
Computing hashes of 1343 cells of `\icebreaker'.
Finding duplicate cells in `\icebreaker'.
Removed a total of 0 cells.

7.11.20. Executing OPT_DFF pass (perform DFF optimizations).

7.11.21. Executing OPT_CLEAN pass (remove unused cells and wires).
Finding unused cells or wires in module \icebreaker..

7.11.22. Executing OPT_EXPR pass (perform const folding).
Optimizing module icebreaker.

7.11.23. Finished fast OPT passes. (There is nothing left to do.)

7.12. Executing FSM pass (extract and optimize FSM).

7.12.1. Executing FSM_DETECT pass (finding FSMs in design).
Found FSM state register icebreaker.soc.cpu.mem_wordsize.
Not marking icebreaker.soc.cpu.mem_state as FSM state register:
    Users of register don't seem to benefit from recoding.
Not marking icebreaker.soc.cpu.irq_state as FSM state register:
    Users of register don't seem to benefit from recoding.
Found FSM state register icebreaker.soc.cpu.cpu_state.
Found FSM state register icebreaker.soc.spimemio.state.
Not marking icebreaker.soc.spimemio.din_tag as FSM state register:
    Users of register don't seem to benefit from recoding.

7.12.2. Executing FSM_EXTRACT pass (extracting FSM from design).
Extracting FSM `\soc.cpu.mem_wordsize' from module `\icebreaker'.
  found $dff cell for state register: $flatten\soc.\cpu.$procdff$5498
  root of input selection tree: $flatten\soc.\cpu.$0\mem_wordsize[1:0]
  found ctrl input: \resetn
  found ctrl input: $flatten\soc.\cpu.$procmux$1879_CMP
  found ctrl input: $flatten\soc.\cpu.$procmux$1880_CMP
  found ctrl input: $flatten\soc.\cpu.$eq$../picorv32.v:1313$1098_Y
  found ctrl input: $flatten\soc.\cpu.$logic_or$../picorv32.v:1857$1257_Y
  found ctrl input: \soc.cpu.mem_do_rdata
  found ctrl input: \soc.cpu.instr_lw
  found ctrl input: $flatten\soc.\cpu.$logic_or$../picorv32.v:1887$1266_Y
  found ctrl input: $flatten\soc.\cpu.$logic_or$../picorv32.v:1886$1265_Y
  found state code: 2'00
  found state code: 2'01
  found state code: 2'10
  found ctrl input: \soc.cpu.mem_do_wdata
  found ctrl input: \soc.cpu.instr_sw
  found ctrl input: \soc.cpu.instr_sh
  found ctrl input: \soc.cpu.instr_sb
  found ctrl output: $flatten\soc.\cpu.$eq$../picorv32.v:1923$1277_Y
  found ctrl output: $flatten\soc.\cpu.$eq$../picorv32.v:1930$1284_Y
  found ctrl output: $flatten\soc.\cpu.$procmux$4638_CMP
  ctrl inputs: { $flatten\soc.\cpu.$procmux$1880_CMP $flatten\soc.\cpu.$procmux$1879_CMP $flatten\soc.\cpu.$logic_or$../picorv32.v:1887$1266_Y $flatten\soc.\cpu.$logic_or$../picorv32.v:1886$1265_Y $flatten\soc.\cpu.$logic_or$../picorv32.v:1857$1257_Y $flatten\soc.\cpu.$eq$../picorv32.v:1313$1098_Y \soc.cpu.instr_sw \soc.cpu.instr_sh \soc.cpu.instr_sb \soc.cpu.instr_lw \soc.cpu.mem_do_wdata \soc.cpu.mem_do_rdata \resetn }
  ctrl outputs: { $flatten\soc.\cpu.$procmux$4638_CMP $flatten\soc.\cpu.$eq$../picorv32.v:1930$1284_Y $flatten\soc.\cpu.$eq$../picorv32.v:1923$1277_Y $flatten\soc.\cpu.$0\mem_wordsize[1:0] }
  transition:       2'00 13'------------0 ->       2'00 5'00100
  transition:       2'00 13'00---0------1 ->       2'00 5'00100
  transition:       2'00 13'-----1------1 ->       2'00 5'00100
  transition:       2'00 13'1---0-------1 ->       2'00 5'00100
  transition:       2'00 13'1---1-000-0-1 ->       2'00 5'00100
  transition:       2'00 13'1---1---1-0-1 ->       2'10 5'00110
  transition:       2'00 13'1---1--1--0-1 ->       2'01 5'00101
  transition:       2'00 13'1---1-1---0-1 ->       2'00 5'00100
  transition:       2'00 13'1---1-----1-1 ->       2'00 5'00100
  transition:       2'00 13'-1--0-------1 ->       2'00 5'00100
  transition:       2'00 13'-1001----0-01 ->       2'00 5'00100
  transition:       2'00 13'-1-11------01 ->       2'10 5'00110
  transition:       2'00 13'-11-1------01 ->       2'01 5'00101
  transition:       2'00 13'-1--1----1-01 ->       2'00 5'00100
  transition:       2'00 13'-1--1------11 ->       2'00 5'00100
  transition:       2'10 13'------------0 ->       2'10 5'10010
  transition:       2'10 13'00---0------1 ->       2'10 5'10010
  transition:       2'10 13'-----1------1 ->       2'00 5'10000
  transition:       2'10 13'1---0-------1 ->       2'10 5'10010
  transition:       2'10 13'1---1-000-0-1 ->       2'10 5'10010
  transition:       2'10 13'1---1---1-0-1 ->       2'10 5'10010
  transition:       2'10 13'1---1--1--0-1 ->       2'01 5'10001
  transition:       2'10 13'1---1-1---0-1 ->       2'00 5'10000
  transition:       2'10 13'1---1-----1-1 ->       2'10 5'10010
  transition:       2'10 13'-1--0-------1 ->       2'10 5'10010
  transition:       2'10 13'-1001----0-01 ->       2'10 5'10010
  transition:       2'10 13'-1-11------01 ->       2'10 5'10010
  transition:       2'10 13'-11-1------01 ->       2'01 5'10001
  transition:       2'10 13'-1--1----1-01 ->       2'00 5'10000
  transition:       2'10 13'-1--1------11 ->       2'10 5'10010
  transition:       2'01 13'------------0 ->       2'01 5'01001
  transition:       2'01 13'00---0------1 ->       2'01 5'01001
  transition:       2'01 13'-----1------1 ->       2'00 5'01000
  transition:       2'01 13'1---0-------1 ->       2'01 5'01001
  transition:       2'01 13'1---1-000-0-1 ->       2'01 5'01001
  transition:       2'01 13'1---1---1-0-1 ->       2'10 5'01010
  transition:       2'01 13'1---1--1--0-1 ->       2'01 5'01001
  transition:       2'01 13'1---1-1---0-1 ->       2'00 5'01000
  transition:       2'01 13'1---1-----1-1 ->       2'01 5'01001
  transition:       2'01 13'-1--0-------1 ->       2'01 5'01001
  transition:       2'01 13'-1001----0-01 ->       2'01 5'01001
  transition:       2'01 13'-1-11------01 ->       2'10 5'01010
  transition:       2'01 13'-11-1------01 ->       2'01 5'01001
  transition:       2'01 13'-1--1----1-01 ->       2'00 5'01000
  transition:       2'01 13'-1--1------11 ->       2'01 5'01001
Extracting FSM `\soc.cpu.cpu_state' from module `\icebreaker'.
  found $dff cell for state register: $flatten\soc.\cpu.$procdff$5511
  root of input selection tree: $flatten\soc.\cpu.$0\cpu_state[7:0]
  found ctrl input: $flatten\soc.\cpu.$logic_and$../picorv32.v:1938$1294_Y
  found ctrl input: $flatten\soc.\cpu.$logic_and$../picorv32.v:1922$1276_Y
  found ctrl input: \resetn
  found state code: 8'01000000
  found ctrl input: $auto$opt_reduce.cc:137:opt_pmux$5787
  found ctrl input: $flatten\soc.\cpu.$procmux$1881_CMP
  found ctrl input: $flatten\soc.\cpu.$procmux$1882_CMP
  found ctrl input: $flatten\soc.\cpu.$procmux$1883_CMP
  found ctrl input: $flatten\soc.\cpu.$procmux$1884_CMP
  found ctrl input: $flatten\soc.\cpu.$eq$../picorv32.v:1313$1098_Y
  found ctrl input: $flatten\soc.\cpu.$logic_or$../picorv32.v:1857$1257_Y
  found ctrl input: $flatten\soc.\cpu.$logic_and$../picorv32.v:1872$1261_Y
  found ctrl input: $flatten\soc.\cpu.$eq$../picorv32.v:1831$1239_Y
  found ctrl input: \soc.cpu.is_beq_bne_blt_bge_bltu_bgeu
  found ctrl input: \soc.cpu.mem_done
  found ctrl input: \soc.cpu.is_sll_srl_sra
  found ctrl input: \soc.cpu.is_sb_sh_sw
  found ctrl input: \soc.cpu.instr_trap
  found state code: 8'00001000
  found state code: 8'00000100
  found state code: 8'00000010
  found ctrl input: \soc.cpu.genblk1.pcpi_mul.active [1]
  found ctrl input: $flatten\soc.\cpu.$logic_and$../picorv32.v:1605$1193_Y
  found ctrl input: $flatten\soc.\cpu.$logic_and$../picorv32.v:1608$1197_Y
  found state code: 8'10000000
  found ctrl input: $auto$opt_reduce.cc:137:opt_pmux$5725
  found ctrl input: \soc.cpu.is_slli_srli_srai
  found ctrl input: $flatten\soc.\cpu.$logic_and$../picorv32.v:1696$1211_Y
  found ctrl input: $auto$opt_reduce.cc:137:opt_pmux$5737
  found state code: 8'00000001
  found ctrl input: $flatten\soc.\cpu.$logic_and$../picorv32.v:1538$1172_Y
  found ctrl input: $flatten\soc.\cpu.$logic_and$../picorv32.v:1548$1180_Y
  found ctrl input: \soc.cpu.decoder_trigger
  found ctrl input: \soc.cpu.instr_jal
  found state code: 8'00100000
  found ctrl input: $flatten\soc.\cpu.$logic_and$../picorv32.v:1930$1286_Y
  found ctrl input: $flatten\soc.\cpu.$logic_and$../picorv32.v:1923$1279_Y
  found ctrl input: $flatten\soc.\cpu.$logic_and$../picorv32.v:1925$1283_Y
  found ctrl output: $flatten\soc.\cpu.$procmux$1886_CMP
  found ctrl output: $flatten\soc.\cpu.$procmux$1881_CMP
  found ctrl output: $flatten\soc.\cpu.$procmux$1882_CMP
  found ctrl output: $flatten\soc.\cpu.$eq$../picorv32.v:1313$1098_Y
  found ctrl output: $flatten\soc.\cpu.$procmux$1884_CMP
  found ctrl output: $flatten\soc.\cpu.$procmux$1879_CMP
  found ctrl output: $flatten\soc.\cpu.$procmux$1880_CMP
  found ctrl output: $flatten\soc.\cpu.$procmux$1883_CMP
  ctrl inputs: { \soc.cpu.genblk1.pcpi_mul.active [1] $flatten\soc.\cpu.$logic_and$../picorv32.v:1938$1294_Y $flatten\soc.\cpu.$logic_and$../picorv32.v:1930$1286_Y $flatten\soc.\cpu.$logic_and$../picorv32.v:1925$1283_Y $flatten\soc.\cpu.$logic_and$../picorv32.v:1923$1279_Y $flatten\soc.\cpu.$logic_and$../picorv32.v:1922$1276_Y $flatten\soc.\cpu.$logic_and$../picorv32.v:1872$1261_Y $flatten\soc.\cpu.$logic_or$../picorv32.v:1857$1257_Y $flatten\soc.\cpu.$eq$../picorv32.v:1831$1239_Y $flatten\soc.\cpu.$logic_and$../picorv32.v:1696$1211_Y $flatten\soc.\cpu.$logic_and$../picorv32.v:1608$1197_Y $flatten\soc.\cpu.$logic_and$../picorv32.v:1605$1193_Y $flatten\soc.\cpu.$logic_and$../picorv32.v:1548$1180_Y $flatten\soc.\cpu.$logic_and$../picorv32.v:1538$1172_Y \soc.cpu.is_beq_bne_blt_bge_bltu_bgeu \soc.cpu.is_sll_srl_sra \soc.cpu.is_sb_sh_sw \soc.cpu.is_slli_srli_srai \soc.cpu.decoder_trigger \soc.cpu.instr_trap \soc.cpu.instr_jal \soc.cpu.mem_done \resetn $auto$opt_reduce.cc:137:opt_pmux$5725 $auto$opt_reduce.cc:137:opt_pmux$5737 $auto$opt_reduce.cc:137:opt_pmux$5787 }
  ctrl outputs: { $flatten\soc.\cpu.$procmux$1886_CMP $flatten\soc.\cpu.$procmux$1884_CMP $flatten\soc.\cpu.$procmux$1883_CMP $flatten\soc.\cpu.$procmux$1882_CMP $flatten\soc.\cpu.$procmux$1881_CMP $flatten\soc.\cpu.$procmux$1880_CMP $flatten\soc.\cpu.$procmux$1879_CMP $flatten\soc.\cpu.$0\cpu_state[7:0] $flatten\soc.\cpu.$eq$../picorv32.v:1313$1098_Y }
  transition: 8'10000000 26'-0---0----------------0--- -> 8'01000000 16'1000000010000000
  transition: 8'10000000 26'-0---0----------------1--- -> 8'10000000 16'1000000100000000
  transition: 8'10000000 26'-00-01----------------0--- -> 8'01000000 16'1000000010000000
  transition: 8'10000000 26'-00-01----------------1--- -> 8'10000000 16'1000000100000000
  transition: 8'10000000 26'-00011-------------------- -> 8'10000000 16'1000000100000000
  transition: 8'10000000 26'-00111----------------0--- -> 8'01000000 16'1000000010000000
  transition: 8'10000000 26'-00111----------------1--- -> 8'10000000 16'1000000100000000
  transition: 8'10000000 26'-010-1-------------------- -> 8'10000000 16'1000000100000000
  transition: 8'10000000 26'-01101----------------0--- -> 8'01000000 16'1000000010000000
  transition: 8'10000000 26'-01101----------------1--- -> 8'10000000 16'1000000100000000
  transition: 8'10000000 26'-01111----------------0--- -> 8'01000000 16'1000000010000000
  transition: 8'10000000 26'-01111----------------1--- -> 8'10000000 16'1000000100000000
  transition: 8'10000000 26'-1-0---------------------- -> 8'10000000 16'1000000100000000
  transition: 8'10000000 26'-1-1-0----------------0--- -> 8'01000000 16'1000000010000000
  transition: 8'10000000 26'-1-1-0----------------1--- -> 8'10000000 16'1000000100000000
  transition: 8'10000000 26'-10101----------------0--- -> 8'01000000 16'1000000010000000
  transition: 8'10000000 26'-10101----------------1--- -> 8'10000000 16'1000000100000000
  transition: 8'10000000 26'-10111----------------0--- -> 8'01000000 16'1000000010000000
  transition: 8'10000000 26'-10111----------------1--- -> 8'10000000 16'1000000100000000
  transition: 8'10000000 26'-11101----------------0--- -> 8'01000000 16'1000000010000000
  transition: 8'10000000 26'-11101----------------1--- -> 8'10000000 16'1000000100000000
  transition: 8'10000000 26'-11111----------------0--- -> 8'01000000 16'1000000010000000
  transition: 8'10000000 26'-11111----------------1--- -> 8'10000000 16'1000000100000000
  transition: 8'01000000 26'-0---0----------------0--- -> 8'01000000 16'0000000010000001
  transition: 8'01000000 26'-0---0------00----0---1--- -> 8'01000000 16'0000000010000001
  transition: 8'01000000 26'-0---0------00----1-0-1--- -> 8'00100000 16'0000000001000001
  transition: 8'01000000 26'-0---0------00----1-1-1--- -> 8'01000000 16'0000000010000001
  transition: 8'01000000 26'-0---0------10--------1--- -> 8'01000000 16'0000000010000001
  transition: 8'01000000 26'-0---0-------1--------1--- -> 8'01000000 16'0000000010000001
  transition: 8'01000000 26'-00-01----------------0--- -> 8'01000000 16'0000000010000001
  transition: 8'01000000 26'-00-01------00----0---1--- -> 8'01000000 16'0000000010000001
  transition: 8'01000000 26'-00-01------00----1-0-1--- -> 8'00100000 16'0000000001000001
  transition: 8'01000000 26'-00-01------00----1-1-1--- -> 8'01000000 16'0000000010000001
  transition: 8'01000000 26'-00-01------10--------1--- -> 8'01000000 16'0000000010000001
  transition: 8'01000000 26'-00-01-------1--------1--- -> 8'01000000 16'0000000010000001
  transition: 8'01000000 26'-00011-------------------- -> 8'10000000 16'0000000100000001
  transition: 8'01000000 26'-00111----------------0--- -> 8'01000000 16'0000000010000001
  transition: 8'01000000 26'-00111------00----0---1--- -> 8'01000000 16'0000000010000001
  transition: 8'01000000 26'-00111------00----1-0-1--- -> 8'00100000 16'0000000001000001
  transition: 8'01000000 26'-00111------00----1-1-1--- -> 8'01000000 16'0000000010000001
  transition: 8'01000000 26'-00111------10--------1--- -> 8'01000000 16'0000000010000001
  transition: 8'01000000 26'-00111-------1--------1--- -> 8'01000000 16'0000000010000001
  transition: 8'01000000 26'-010-1-------------------- -> 8'10000000 16'0000000100000001
  transition: 8'01000000 26'-01101----------------0--- -> 8'01000000 16'0000000010000001
  transition: 8'01000000 26'-01101------00----0---1--- -> 8'01000000 16'0000000010000001
  transition: 8'01000000 26'-01101------00----1-0-1--- -> 8'00100000 16'0000000001000001
  transition: 8'01000000 26'-01101------00----1-1-1--- -> 8'01000000 16'0000000010000001
  transition: 8'01000000 26'-01101------10--------1--- -> 8'01000000 16'0000000010000001
  transition: 8'01000000 26'-01101-------1--------1--- -> 8'01000000 16'0000000010000001
  transition: 8'01000000 26'-01111----------------0--- -> 8'01000000 16'0000000010000001
  transition: 8'01000000 26'-01111------00----0---1--- -> 8'01000000 16'0000000010000001
  transition: 8'01000000 26'-01111------00----1-0-1--- -> 8'00100000 16'0000000001000001
  transition: 8'01000000 26'-01111------00----1-1-1--- -> 8'01000000 16'0000000010000001
  transition: 8'01000000 26'-01111------10--------1--- -> 8'01000000 16'0000000010000001
  transition: 8'01000000 26'-01111-------1--------1--- -> 8'01000000 16'0000000010000001
  transition: 8'01000000 26'-1-0---------------------- -> 8'10000000 16'0000000100000001
  transition: 8'01000000 26'-1-1-0----------------0--- -> 8'01000000 16'0000000010000001
  transition: 8'01000000 26'-1-1-0------00----0---1--- -> 8'01000000 16'0000000010000001
  transition: 8'01000000 26'-1-1-0------00----1-0-1--- -> 8'00100000 16'0000000001000001
  transition: 8'01000000 26'-1-1-0------00----1-1-1--- -> 8'01000000 16'0000000010000001
  transition: 8'01000000 26'-1-1-0------10--------1--- -> 8'01000000 16'0000000010000001
  transition: 8'01000000 26'-1-1-0-------1--------1--- -> 8'01000000 16'0000000010000001
  transition: 8'01000000 26'-10101----------------0--- -> 8'01000000 16'0000000010000001
  transition: 8'01000000 26'-10101------00----0---1--- -> 8'01000000 16'0000000010000001
  transition: 8'01000000 26'-10101------00----1-0-1--- -> 8'00100000 16'0000000001000001
  transition: 8'01000000 26'-10101------00----1-1-1--- -> 8'01000000 16'0000000010000001
  transition: 8'01000000 26'-10101------10--------1--- -> 8'01000000 16'0000000010000001
  transition: 8'01000000 26'-10101-------1--------1--- -> 8'01000000 16'0000000010000001
  transition: 8'01000000 26'-10111----------------0--- -> 8'01000000 16'0000000010000001
  transition: 8'01000000 26'-10111------00----0---1--- -> 8'01000000 16'0000000010000001
  transition: 8'01000000 26'-10111------00----1-0-1--- -> 8'00100000 16'0000000001000001
  transition: 8'01000000 26'-10111------00----1-1-1--- -> 8'01000000 16'0000000010000001
  transition: 8'01000000 26'-10111------10--------1--- -> 8'01000000 16'0000000010000001
  transition: 8'01000000 26'-10111-------1--------1--- -> 8'01000000 16'0000000010000001
  transition: 8'01000000 26'-11101----------------0--- -> 8'01000000 16'0000000010000001
  transition: 8'01000000 26'-11101------00----0---1--- -> 8'01000000 16'0000000010000001
  transition: 8'01000000 26'-11101------00----1-0-1--- -> 8'00100000 16'0000000001000001
  transition: 8'01000000 26'-11101------00----1-1-1--- -> 8'01000000 16'0000000010000001
  transition: 8'01000000 26'-11101------10--------1--- -> 8'01000000 16'0000000010000001
  transition: 8'01000000 26'-11101-------1--------1--- -> 8'01000000 16'0000000010000001
  transition: 8'01000000 26'-11111----------------0--- -> 8'01000000 16'0000000010000001
  transition: 8'01000000 26'-11111------00----0---1--- -> 8'01000000 16'0000000010000001
  transition: 8'01000000 26'-11111------00----1-0-1--- -> 8'00100000 16'0000000001000001
  transition: 8'01000000 26'-11111------00----1-1-1--- -> 8'01000000 16'0000000010000001
  transition: 8'01000000 26'-11111------10--------1--- -> 8'01000000 16'0000000010000001
  transition: 8'01000000 26'-11111-------1--------1--- -> 8'01000000 16'0000000010000001
  transition: 8'00100000 26'-0---0----------------0--- -> 8'01000000 16'0100000010000000
  transition: 8'00100000 26'-0---0---0-----000-0--100- -> 8'00001000 16'0100000000010000
  transition: 8'00100000 26'-0---0---0------10----100- -> 8'00000010 16'0100000000000100
  transition: 8'00100000 26'-0---0---0-----1-0----100- -> 8'00000100 16'0100000000001000
  transition: 8'00100000 26'00---0-----0-------1--1--- -> 8'00100000 16'0100000001000000
  transition: 8'00100000 26'00---0----01-------1--1--- -> 8'10000000 16'0100000100000000
  transition: 8'00100000 26'00---0----11-------1--1--- -> 8'01000000 16'0100000010000000
  transition: 8'00100000 26'10---0-------------1--1--- -> 8'01000000 16'0100000010000000
  transition: 8'00100000 26'-0---0----------------1-1- -> 8'01000000 16'0100000010000000
  transition: 8'00100000 26'-0---0---1------------1--- -> 8'00000001 16'0100000000000010
  transition: 8'00100000 26'-0---0-----------1----1--- -> 8'00000100 16'0100000000001000
  transition: 8'00100000 26'-0---0----------------11-- -> 8'00001000 16'0100000000010000
  transition: 8'00100000 26'-00-01----------------0--- -> 8'01000000 16'0100000010000000
  transition: 8'00100000 26'-00-01---0-----000-0--100- -> 8'00001000 16'0100000000010000
  transition: 8'00100000 26'-00-01---0------10----100- -> 8'00000010 16'0100000000000100
  transition: 8'00100000 26'-00-01---0-----1-0----100- -> 8'00000100 16'0100000000001000
  transition: 8'00100000 26'000-01-----0-------1--1--- -> 8'00100000 16'0100000001000000
  transition: 8'00100000 26'000-01----01-------1--1--- -> 8'10000000 16'0100000100000000
  transition: 8'00100000 26'000-01----11-------1--1--- -> 8'01000000 16'0100000010000000
  transition: 8'00100000 26'100-01-------------1--1--- -> 8'01000000 16'0100000010000000
  transition: 8'00100000 26'-00-01----------------1-1- -> 8'01000000 16'0100000010000000
  transition: 8'00100000 26'-00-01---1------------1--- -> 8'00000001 16'0100000000000010
  transition: 8'00100000 26'-00-01-----------1----1--- -> 8'00000100 16'0100000000001000
  transition: 8'00100000 26'-00-01----------------11-- -> 8'00001000 16'0100000000010000
  transition: 8'00100000 26'-00011-------------------- -> 8'10000000 16'0100000100000000
  transition: 8'00100000 26'-00111----------------0--- -> 8'01000000 16'0100000010000000
  transition: 8'00100000 26'-00111---0-----000-0--100- -> 8'00001000 16'0100000000010000
  transition: 8'00100000 26'-00111---0------10----100- -> 8'00000010 16'0100000000000100
  transition: 8'00100000 26'-00111---0-----1-0----100- -> 8'00000100 16'0100000000001000
  transition: 8'00100000 26'000111-----0-------1--1--- -> 8'00100000 16'0100000001000000
  transition: 8'00100000 26'000111----01-------1--1--- -> 8'10000000 16'0100000100000000
  transition: 8'00100000 26'000111----11-------1--1--- -> 8'01000000 16'0100000010000000
  transition: 8'00100000 26'100111-------------1--1--- -> 8'01000000 16'0100000010000000
  transition: 8'00100000 26'-00111----------------1-1- -> 8'01000000 16'0100000010000000
  transition: 8'00100000 26'-00111---1------------1--- -> 8'00000001 16'0100000000000010
  transition: 8'00100000 26'-00111-----------1----1--- -> 8'00000100 16'0100000000001000
  transition: 8'00100000 26'-00111----------------11-- -> 8'00001000 16'0100000000010000
  transition: 8'00100000 26'-010-1-------------------- -> 8'10000000 16'0100000100000000
  transition: 8'00100000 26'-01101----------------0--- -> 8'01000000 16'0100000010000000
  transition: 8'00100000 26'-01101---0-----000-0--100- -> 8'00001000 16'0100000000010000
  transition: 8'00100000 26'-01101---0------10----100- -> 8'00000010 16'0100000000000100
  transition: 8'00100000 26'-01101---0-----1-0----100- -> 8'00000100 16'0100000000001000
  transition: 8'00100000 26'001101-----0-------1--1--- -> 8'00100000 16'0100000001000000
  transition: 8'00100000 26'001101----01-------1--1--- -> 8'10000000 16'0100000100000000
  transition: 8'00100000 26'001101----11-------1--1--- -> 8'01000000 16'0100000010000000
  transition: 8'00100000 26'101101-------------1--1--- -> 8'01000000 16'0100000010000000
  transition: 8'00100000 26'-01101----------------1-1- -> 8'01000000 16'0100000010000000
  transition: 8'00100000 26'-01101---1------------1--- -> 8'00000001 16'0100000000000010
  transition: 8'00100000 26'-01101-----------1----1--- -> 8'00000100 16'0100000000001000
  transition: 8'00100000 26'-01101----------------11-- -> 8'00001000 16'0100000000010000
  transition: 8'00100000 26'-01111----------------0--- -> 8'01000000 16'0100000010000000
  transition: 8'00100000 26'-01111---0-----000-0--100- -> 8'00001000 16'0100000000010000
  transition: 8'00100000 26'-01111---0------10----100- -> 8'00000010 16'0100000000000100
  transition: 8'00100000 26'-01111---0-----1-0----100- -> 8'00000100 16'0100000000001000
  transition: 8'00100000 26'001111-----0-------1--1--- -> 8'00100000 16'0100000001000000
  transition: 8'00100000 26'001111----01-------1--1--- -> 8'10000000 16'0100000100000000
  transition: 8'00100000 26'001111----11-------1--1--- -> 8'01000000 16'0100000010000000
  transition: 8'00100000 26'101111-------------1--1--- -> 8'01000000 16'0100000010000000
  transition: 8'00100000 26'-01111----------------1-1- -> 8'01000000 16'0100000010000000
  transition: 8'00100000 26'-01111---1------------1--- -> 8'00000001 16'0100000000000010
  transition: 8'00100000 26'-01111-----------1----1--- -> 8'00000100 16'0100000000001000
  transition: 8'00100000 26'-01111----------------11-- -> 8'00001000 16'0100000000010000
  transition: 8'00100000 26'-1-0---------------------- -> 8'10000000 16'0100000100000000
  transition: 8'00100000 26'-1-1-0----------------0--- -> 8'01000000 16'0100000010000000
  transition: 8'00100000 26'-1-1-0---0-----000-0--100- -> 8'00001000 16'0100000000010000
  transition: 8'00100000 26'-1-1-0---0------10----100- -> 8'00000010 16'0100000000000100
  transition: 8'00100000 26'-1-1-0---0-----1-0----100- -> 8'00000100 16'0100000000001000
  transition: 8'00100000 26'01-1-0-----0-------1--1--- -> 8'00100000 16'0100000001000000
  transition: 8'00100000 26'01-1-0----01-------1--1--- -> 8'10000000 16'0100000100000000
  transition: 8'00100000 26'01-1-0----11-------1--1--- -> 8'01000000 16'0100000010000000
  transition: 8'00100000 26'11-1-0-------------1--1--- -> 8'01000000 16'0100000010000000
  transition: 8'00100000 26'-1-1-0----------------1-1- -> 8'01000000 16'0100000010000000
  transition: 8'00100000 26'-1-1-0---1------------1--- -> 8'00000001 16'0100000000000010
  transition: 8'00100000 26'-1-1-0-----------1----1--- -> 8'00000100 16'0100000000001000
  transition: 8'00100000 26'-1-1-0----------------11-- -> 8'00001000 16'0100000000010000
  transition: 8'00100000 26'-10101----------------0--- -> 8'01000000 16'0100000010000000
  transition: 8'00100000 26'-10101---0-----000-0--100- -> 8'00001000 16'0100000000010000
  transition: 8'00100000 26'-10101---0------10----100- -> 8'00000010 16'0100000000000100
  transition: 8'00100000 26'-10101---0-----1-0----100- -> 8'00000100 16'0100000000001000
  transition: 8'00100000 26'010101-----0-------1--1--- -> 8'00100000 16'0100000001000000
  transition: 8'00100000 26'010101----01-------1--1--- -> 8'10000000 16'0100000100000000
  transition: 8'00100000 26'010101----11-------1--1--- -> 8'01000000 16'0100000010000000
  transition: 8'00100000 26'110101-------------1--1--- -> 8'01000000 16'0100000010000000
  transition: 8'00100000 26'-10101----------------1-1- -> 8'01000000 16'0100000010000000
  transition: 8'00100000 26'-10101---1------------1--- -> 8'00000001 16'0100000000000010
  transition: 8'00100000 26'-10101-----------1----1--- -> 8'00000100 16'0100000000001000
  transition: 8'00100000 26'-10101----------------11-- -> 8'00001000 16'0100000000010000
  transition: 8'00100000 26'-10111----------------0--- -> 8'01000000 16'0100000010000000
  transition: 8'00100000 26'-10111---0-----000-0--100- -> 8'00001000 16'0100000000010000
  transition: 8'00100000 26'-10111---0------10----100- -> 8'00000010 16'0100000000000100
  transition: 8'00100000 26'-10111---0-----1-0----100- -> 8'00000100 16'0100000000001000
  transition: 8'00100000 26'010111-----0-------1--1--- -> 8'00100000 16'0100000001000000
  transition: 8'00100000 26'010111----01-------1--1--- -> 8'10000000 16'0100000100000000
  transition: 8'00100000 26'010111----11-------1--1--- -> 8'01000000 16'0100000010000000
  transition: 8'00100000 26'110111-------------1--1--- -> 8'01000000 16'0100000010000000
  transition: 8'00100000 26'-10111----------------1-1- -> 8'01000000 16'0100000010000000
  transition: 8'00100000 26'-10111---1------------1--- -> 8'00000001 16'0100000000000010
  transition: 8'00100000 26'-10111-----------1----1--- -> 8'00000100 16'0100000000001000
  transition: 8'00100000 26'-10111----------------11-- -> 8'00001000 16'0100000000010000
  transition: 8'00100000 26'-11101----------------0--- -> 8'01000000 16'0100000010000000
  transition: 8'00100000 26'-11101---0-----000-0--100- -> 8'00001000 16'0100000000010000
  transition: 8'00100000 26'-11101---0------10----100- -> 8'00000010 16'0100000000000100
  transition: 8'00100000 26'-11101---0-----1-0----100- -> 8'00000100 16'0100000000001000
  transition: 8'00100000 26'011101-----0-------1--1--- -> 8'00100000 16'0100000001000000
  transition: 8'00100000 26'011101----01-------1--1--- -> 8'10000000 16'0100000100000000
  transition: 8'00100000 26'011101----11-------1--1--- -> 8'01000000 16'0100000010000000
  transition: 8'00100000 26'111101-------------1--1--- -> 8'01000000 16'0100000010000000
  transition: 8'00100000 26'-11101----------------1-1- -> 8'01000000 16'0100000010000000
  transition: 8'00100000 26'-11101---1------------1--- -> 8'00000001 16'0100000000000010
  transition: 8'00100000 26'-11101-----------1----1--- -> 8'00000100 16'0100000000001000
  transition: 8'00100000 26'-11101----------------11-- -> 8'00001000 16'0100000000010000
  transition: 8'00100000 26'-11111----------------0--- -> 8'01000000 16'0100000010000000
  transition: 8'00100000 26'-11111---0-----000-0--100- -> 8'00001000 16'0100000000010000
  transition: 8'00100000 26'-11111---0------10----100- -> 8'00000010 16'0100000000000100
  transition: 8'00100000 26'-11111---0-----1-0----100- -> 8'00000100 16'0100000000001000
  transition: 8'00100000 26'011111-----0-------1--1--- -> 8'00100000 16'0100000001000000
  transition: 8'00100000 26'011111----01-------1--1--- -> 8'10000000 16'0100000100000000
  transition: 8'00100000 26'011111----11-------1--1--- -> 8'01000000 16'0100000010000000
  transition: 8'00100000 26'111111-------------1--1--- -> 8'01000000 16'0100000010000000
  transition: 8'00100000 26'-11111----------------1-1- -> 8'01000000 16'0100000010000000
  transition: 8'00100000 26'-11111---1------------1--- -> 8'00000001 16'0100000000000010
  transition: 8'00100000 26'-11111-----------1----1--- -> 8'00000100 16'0100000000001000
  transition: 8'00100000 26'-11111----------------11-- -> 8'00001000 16'0100000000010000
  transition: 8'00001000 26'-0---0----------------0--- -> 8'01000000 16'0001000010000000
  transition: 8'00001000 26'-0---0--------0-------1--- -> 8'01000000 16'0001000010000000
  transition: 8'00001000 26'-0---0--------1------01--- -> 8'00001000 16'0001000000010000
  transition: 8'00001000 26'-0---0--------1------11--- -> 8'01000000 16'0001000010000000
  transition: 8'00001000 26'-00-01----------------0--- -> 8'01000000 16'0001000010000000
  transition: 8'00001000 26'-00-01--------0-------1--- -> 8'01000000 16'0001000010000000
  transition: 8'00001000 26'-00-01--------1------01--- -> 8'00001000 16'0001000000010000
  transition: 8'00001000 26'-00-01--------1------11--- -> 8'01000000 16'0001000010000000
  transition: 8'00001000 26'-00011-------------------- -> 8'10000000 16'0001000100000000
  transition: 8'00001000 26'-00111----------------0--- -> 8'01000000 16'0001000010000000
  transition: 8'00001000 26'-00111--------0-------1--- -> 8'01000000 16'0001000010000000
  transition: 8'00001000 26'-00111--------1------01--- -> 8'00001000 16'0001000000010000
  transition: 8'00001000 26'-00111--------1------11--- -> 8'01000000 16'0001000010000000
  transition: 8'00001000 26'-010-1-------------------- -> 8'10000000 16'0001000100000000
  transition: 8'00001000 26'-01101----------------0--- -> 8'01000000 16'0001000010000000
  transition: 8'00001000 26'-01101--------0-------1--- -> 8'01000000 16'0001000010000000
  transition: 8'00001000 26'-01101--------1------01--- -> 8'00001000 16'0001000000010000
  transition: 8'00001000 26'-01101--------1------11--- -> 8'01000000 16'0001000010000000
  transition: 8'00001000 26'-01111----------------0--- -> 8'01000000 16'0001000010000000
  transition: 8'00001000 26'-01111--------0-------1--- -> 8'01000000 16'0001000010000000
  transition: 8'00001000 26'-01111--------1------01--- -> 8'00001000 16'0001000000010000
  transition: 8'00001000 26'-01111--------1------11--- -> 8'01000000 16'0001000010000000
  transition: 8'00001000 26'-1-0---------------------- -> 8'10000000 16'0001000100000000
  transition: 8'00001000 26'-1-1-0----------------0--- -> 8'01000000 16'0001000010000000
  transition: 8'00001000 26'-1-1-0--------0-------1--- -> 8'01000000 16'0001000010000000
  transition: 8'00001000 26'-1-1-0--------1------01--- -> 8'00001000 16'0001000000010000
  transition: 8'00001000 26'-1-1-0--------1------11--- -> 8'01000000 16'0001000010000000
  transition: 8'00001000 26'-10101----------------0--- -> 8'01000000 16'0001000010000000
  transition: 8'00001000 26'-10101--------0-------1--- -> 8'01000000 16'0001000010000000
  transition: 8'00001000 26'-10101--------1------01--- -> 8'00001000 16'0001000000010000
  transition: 8'00001000 26'-10101--------1------11--- -> 8'01000000 16'0001000010000000
  transition: 8'00001000 26'-10111----------------0--- -> 8'01000000 16'0001000010000000
  transition: 8'00001000 26'-10111--------0-------1--- -> 8'01000000 16'0001000010000000
  transition: 8'00001000 26'-10111--------1------01--- -> 8'00001000 16'0001000000010000
  transition: 8'00001000 26'-10111--------1------11--- -> 8'01000000 16'0001000010000000
  transition: 8'00001000 26'-11101----------------0--- -> 8'01000000 16'0001000010000000
  transition: 8'00001000 26'-11101--------0-------1--- -> 8'01000000 16'0001000010000000
  transition: 8'00001000 26'-11101--------1------01--- -> 8'00001000 16'0001000000010000
  transition: 8'00001000 26'-11101--------1------11--- -> 8'01000000 16'0001000010000000
  transition: 8'00001000 26'-11111----------------0--- -> 8'01000000 16'0001000010000000
  transition: 8'00001000 26'-11111--------0-------1--- -> 8'01000000 16'0001000010000000
  transition: 8'00001000 26'-11111--------1------01--- -> 8'00001000 16'0001000000010000
  transition: 8'00001000 26'-11111--------1------11--- -> 8'01000000 16'0001000010000000
  transition: 8'00000100 26'-0---0----------------0--- -> 8'01000000 16'0000100010000000
  transition: 8'00000100 26'-0---0--0-------------1--- -> 8'00000100 16'0000100000001000
  transition: 8'00000100 26'-0---0--1-------------1--- -> 8'01000000 16'0000100010000000
  transition: 8'00000100 26'-00-01----------------0--- -> 8'01000000 16'0000100010000000
  transition: 8'00000100 26'-00-01--0-------------1--- -> 8'00000100 16'0000100000001000
  transition: 8'00000100 26'-00-01--1-------------1--- -> 8'01000000 16'0000100010000000
  transition: 8'00000100 26'-00011-------------------- -> 8'10000000 16'0000100100000000
  transition: 8'00000100 26'-00111----------------0--- -> 8'01000000 16'0000100010000000
  transition: 8'00000100 26'-00111--0-------------1--- -> 8'00000100 16'0000100000001000
  transition: 8'00000100 26'-00111--1-------------1--- -> 8'01000000 16'0000100010000000
  transition: 8'00000100 26'-010-1-------------------- -> 8'10000000 16'0000100100000000
  transition: 8'00000100 26'-01101----------------0--- -> 8'01000000 16'0000100010000000
  transition: 8'00000100 26'-01101--0-------------1--- -> 8'00000100 16'0000100000001000
  transition: 8'00000100 26'-01101--1-------------1--- -> 8'01000000 16'0000100010000000
  transition: 8'00000100 26'-01111----------------0--- -> 8'01000000 16'0000100010000000
  transition: 8'00000100 26'-01111--0-------------1--- -> 8'00000100 16'0000100000001000
  transition: 8'00000100 26'-01111--1-------------1--- -> 8'01000000 16'0000100010000000
  transition: 8'00000100 26'-1-0---------------------- -> 8'10000000 16'0000100100000000
  transition: 8'00000100 26'-1-1-0----------------0--- -> 8'01000000 16'0000100010000000
  transition: 8'00000100 26'-1-1-0--0-------------1--- -> 8'00000100 16'0000100000001000
  transition: 8'00000100 26'-1-1-0--1-------------1--- -> 8'01000000 16'0000100010000000
  transition: 8'00000100 26'-10101----------------0--- -> 8'01000000 16'0000100010000000
  transition: 8'00000100 26'-10101--0-------------1--- -> 8'00000100 16'0000100000001000
  transition: 8'00000100 26'-10101--1-------------1--- -> 8'01000000 16'0000100010000000
  transition: 8'00000100 26'-10111----------------0--- -> 8'01000000 16'0000100010000000
  transition: 8'00000100 26'-10111--0-------------1--- -> 8'00000100 16'0000100000001000
  transition: 8'00000100 26'-10111--1-------------1--- -> 8'01000000 16'0000100010000000
  transition: 8'00000100 26'-11101----------------0--- -> 8'01000000 16'0000100010000000
  transition: 8'00000100 26'-11101--0-------------1--- -> 8'00000100 16'0000100000001000
  transition: 8'00000100 26'-11101--1-------------1--- -> 8'01000000 16'0000100010000000
  transition: 8'00000100 26'-11111----------------0--- -> 8'01000000 16'0000100010000000
  transition: 8'00000100 26'-11111--0-------------1--- -> 8'00000100 16'0000100000001000
  transition: 8'00000100 26'-11111--1-------------1--- -> 8'01000000 16'0000100010000000
  transition: 8'00000010 26'-0---0----------------0--- -> 8'01000000 16'0000010010000000
  transition: 8'00000010 26'-0---0-0--------------1--- -> 8'00000010 16'0000010000000100
  transition: 8'00000010 26'-0---001--------------1--- -> 8'00000010 16'0000010000000100
  transition: 8'00000010 26'-0---011--------------1--- -> 8'01000000 16'0000010010000000
  transition: 8'00000010 26'-00-01----------------0--- -> 8'01000000 16'0000010010000000
  transition: 8'00000010 26'-00-01-0--------------1--- -> 8'00000010 16'0000010000000100
  transition: 8'00000010 26'-00-0101--------------1--- -> 8'00000010 16'0000010000000100
  transition: 8'00000010 26'-00-0111--------------1--- -> 8'01000000 16'0000010010000000
  transition: 8'00000010 26'-00011-------------------- -> 8'10000000 16'0000010100000000
  transition: 8'00000010 26'-00111----------------0--- -> 8'01000000 16'0000010010000000
  transition: 8'00000010 26'-00111-0--------------1--- -> 8'00000010 16'0000010000000100
  transition: 8'00000010 26'-0011101--------------1--- -> 8'00000010 16'0000010000000100
  transition: 8'00000010 26'-0011111--------------1--- -> 8'01000000 16'0000010010000000
  transition: 8'00000010 26'-010-1-------------------- -> 8'10000000 16'0000010100000000
  transition: 8'00000010 26'-01101----------------0--- -> 8'01000000 16'0000010010000000
  transition: 8'00000010 26'-01101-0--------------1--- -> 8'00000010 16'0000010000000100
  transition: 8'00000010 26'-0110101--------------1--- -> 8'00000010 16'0000010000000100
  transition: 8'00000010 26'-0110111--------------1--- -> 8'01000000 16'0000010010000000
  transition: 8'00000010 26'-01111----------------0--- -> 8'01000000 16'0000010010000000
  transition: 8'00000010 26'-01111-0--------------1--- -> 8'00000010 16'0000010000000100
  transition: 8'00000010 26'-0111101--------------1--- -> 8'00000010 16'0000010000000100
  transition: 8'00000010 26'-0111111--------------1--- -> 8'01000000 16'0000010010000000
  transition: 8'00000010 26'-1-0---------------------- -> 8'10000000 16'0000010100000000
  transition: 8'00000010 26'-1-1-0----------------0--- -> 8'01000000 16'0000010010000000
  transition: 8'00000010 26'-1-1-0-0--------------1--- -> 8'00000010 16'0000010000000100
  transition: 8'00000010 26'-1-1-001--------------1--- -> 8'00000010 16'0000010000000100
  transition: 8'00000010 26'-1-1-011--------------1--- -> 8'01000000 16'0000010010000000
  transition: 8'00000010 26'-10101----------------0--- -> 8'01000000 16'0000010010000000
  transition: 8'00000010 26'-10101-0--------------1--- -> 8'00000010 16'0000010000000100
  transition: 8'00000010 26'-1010101--------------1--- -> 8'00000010 16'0000010000000100
  transition: 8'00000010 26'-1010111--------------1--- -> 8'01000000 16'0000010010000000
  transition: 8'00000010 26'-10111----------------0--- -> 8'01000000 16'0000010010000000
  transition: 8'00000010 26'-10111-0--------------1--- -> 8'00000010 16'0000010000000100
  transition: 8'00000010 26'-1011101--------------1--- -> 8'00000010 16'0000010000000100
  transition: 8'00000010 26'-1011111--------------1--- -> 8'01000000 16'0000010010000000
  transition: 8'00000010 26'-11101----------------0--- -> 8'01000000 16'0000010010000000
  transition: 8'00000010 26'-11101-0--------------1--- -> 8'00000010 16'0000010000000100
  transition: 8'00000010 26'-1110101--------------1--- -> 8'00000010 16'0000010000000100
  transition: 8'00000010 26'-1110111--------------1--- -> 8'01000000 16'0000010010000000
  transition: 8'00000010 26'-11111----------------0--- -> 8'01000000 16'0000010010000000
  transition: 8'00000010 26'-11111-0--------------1--- -> 8'00000010 16'0000010000000100
  transition: 8'00000010 26'-1111101--------------1--- -> 8'00000010 16'0000010000000100
  transition: 8'00000010 26'-1111111--------------1--- -> 8'01000000 16'0000010010000000
  transition: 8'00000001 26'-0---0----------------0--- -> 8'01000000 16'0000001010000000
  transition: 8'00000001 26'-0---0-0--------------1--- -> 8'00000001 16'0000001000000010
  transition: 8'00000001 26'-0---001--------------1--- -> 8'00000001 16'0000001000000010
  transition: 8'00000001 26'-0---011--------------1--- -> 8'01000000 16'0000001010000000
  transition: 8'00000001 26'-00-01----------------0--- -> 8'01000000 16'0000001010000000
  transition: 8'00000001 26'-00-01-0--------------1--- -> 8'00000001 16'0000001000000010
  transition: 8'00000001 26'-00-0101--------------1--- -> 8'00000001 16'0000001000000010
  transition: 8'00000001 26'-00-0111--------------1--- -> 8'01000000 16'0000001010000000
  transition: 8'00000001 26'-00011-------------------- -> 8'10000000 16'0000001100000000
  transition: 8'00000001 26'-00111----------------0--- -> 8'01000000 16'0000001010000000
  transition: 8'00000001 26'-00111-0--------------1--- -> 8'00000001 16'0000001000000010
  transition: 8'00000001 26'-0011101--------------1--- -> 8'00000001 16'0000001000000010
  transition: 8'00000001 26'-0011111--------------1--- -> 8'01000000 16'0000001010000000
  transition: 8'00000001 26'-010-1-------------------- -> 8'10000000 16'0000001100000000
  transition: 8'00000001 26'-01101----------------0--- -> 8'01000000 16'0000001010000000
  transition: 8'00000001 26'-01101-0--------------1--- -> 8'00000001 16'0000001000000010
  transition: 8'00000001 26'-0110101--------------1--- -> 8'00000001 16'0000001000000010
  transition: 8'00000001 26'-0110111--------------1--- -> 8'01000000 16'0000001010000000
  transition: 8'00000001 26'-01111----------------0--- -> 8'01000000 16'0000001010000000
  transition: 8'00000001 26'-01111-0--------------1--- -> 8'00000001 16'0000001000000010
  transition: 8'00000001 26'-0111101--------------1--- -> 8'00000001 16'0000001000000010
  transition: 8'00000001 26'-0111111--------------1--- -> 8'01000000 16'0000001010000000
  transition: 8'00000001 26'-1-0---------------------- -> 8'10000000 16'0000001100000000
  transition: 8'00000001 26'-1-1-0----------------0--- -> 8'01000000 16'0000001010000000
  transition: 8'00000001 26'-1-1-0-0--------------1--- -> 8'00000001 16'0000001000000010
  transition: 8'00000001 26'-1-1-001--------------1--- -> 8'00000001 16'0000001000000010
  transition: 8'00000001 26'-1-1-011--------------1--- -> 8'01000000 16'0000001010000000
  transition: 8'00000001 26'-10101----------------0--- -> 8'01000000 16'0000001010000000
  transition: 8'00000001 26'-10101-0--------------1--- -> 8'00000001 16'0000001000000010
  transition: 8'00000001 26'-1010101--------------1--- -> 8'00000001 16'0000001000000010
  transition: 8'00000001 26'-1010111--------------1--- -> 8'01000000 16'0000001010000000
  transition: 8'00000001 26'-10111----------------0--- -> 8'01000000 16'0000001010000000
  transition: 8'00000001 26'-10111-0--------------1--- -> 8'00000001 16'0000001000000010
  transition: 8'00000001 26'-1011101--------------1--- -> 8'00000001 16'0000001000000010
  transition: 8'00000001 26'-1011111--------------1--- -> 8'01000000 16'0000001010000000
  transition: 8'00000001 26'-11101----------------0--- -> 8'01000000 16'0000001010000000
  transition: 8'00000001 26'-11101-0--------------1--- -> 8'00000001 16'0000001000000010
  transition: 8'00000001 26'-1110101--------------1--- -> 8'00000001 16'0000001000000010
  transition: 8'00000001 26'-1110111--------------1--- -> 8'01000000 16'0000001010000000
  transition: 8'00000001 26'-11111----------------0--- -> 8'01000000 16'0000001010000000
  transition: 8'00000001 26'-11111-0--------------1--- -> 8'00000001 16'0000001000000010
  transition: 8'00000001 26'-1111101--------------1--- -> 8'00000001 16'0000001000000010
  transition: 8'00000001 26'-1111111--------------1--- -> 8'01000000 16'0000001010000000
Extracting FSM `\soc.spimemio.state' from module `\icebreaker'.
  found $dff cell for state register: $flatten\soc.\spimemio.$procdff$5666
  root of input selection tree: $flatten\soc.\spimemio.$0\state[3:0]
  found reset state: 4'0000 (guessed from mux tree)
  found ctrl input: $flatten\soc.\spimemio.$logic_or$spimemio.v:211$529_Y
  found ctrl input: \soc.spimemio.jump
  found ctrl input: $flatten\soc.\spimemio.$procmux$5011_CMP
  found ctrl input: $flatten\soc.\spimemio.$procmux$5014_CMP
  found ctrl input: $flatten\soc.\spimemio.$procmux$5017_CMP
  found ctrl input: $flatten\soc.\spimemio.$procmux$5020_CMP
  found ctrl input: $flatten\soc.\spimemio.$procmux$5023_CMP
  found ctrl input: $flatten\soc.\spimemio.$procmux$5026_CMP
  found ctrl input: $flatten\soc.\spimemio.$procmux$5029_CMP
  found ctrl input: $flatten\soc.\spimemio.$procmux$5034_CMP
  found ctrl input: $flatten\soc.\spimemio.$procmux$5037_CMP
  found ctrl input: $flatten\soc.\spimemio.$procmux$4997_CMP
  found ctrl input: $flatten\soc.\spimemio.$procmux$5043_CMP
  found ctrl input: $flatten\soc.\spimemio.$procmux$5000_CMP
  found ctrl input: $flatten\soc.\spimemio.$procmux$5049_CMP
  found ctrl input: $flatten\soc.\spimemio.$logic_or$spimemio.v:350$547_Y
  found ctrl input: \soc.spimemio.xfer.din_ready
  found state code: 4'1001
  found state code: 4'1100
  found state code: 4'1011
  found state code: 4'1010
  found ctrl input: $flatten\soc.\spimemio.$logic_or$spimemio.v:310$543_Y
  found state code: 4'1000
  found state code: 4'0111
  found ctrl input: $flatten\soc.\spimemio.$logic_and$spimemio.v:282$542_Y
  found state code: 4'0110
  found state code: 4'0101
  found ctrl input: \soc.spimemio.dout_valid
  found state code: 4'0100
  found state code: 4'0011
  found state code: 4'0010
  found state code: 4'0001
  found ctrl input: \soc.spimemio.config_cont
  found state code: 4'0000
  found ctrl output: $flatten\soc.\spimemio.$procmux$4997_CMP
  found ctrl output: $flatten\soc.\spimemio.$procmux$5000_CMP
  found ctrl output: $flatten\soc.\spimemio.$procmux$5011_CMP
  found ctrl output: $flatten\soc.\spimemio.$procmux$5014_CMP
  found ctrl output: $flatten\soc.\spimemio.$procmux$5020_CMP
  found ctrl output: $flatten\soc.\spimemio.$procmux$5017_CMP
  found ctrl output: $flatten\soc.\spimemio.$procmux$5023_CMP
  found ctrl output: $flatten\soc.\spimemio.$procmux$5026_CMP
  found ctrl output: $flatten\soc.\spimemio.$procmux$5029_CMP
  found ctrl output: $flatten\soc.\spimemio.$procmux$5034_CMP
  found ctrl output: $flatten\soc.\spimemio.$procmux$5037_CMP
  found ctrl output: $flatten\soc.\spimemio.$procmux$5043_CMP
  found ctrl output: $flatten\soc.\spimemio.$procmux$5049_CMP
  ctrl inputs: { \soc.spimemio.xfer.din_ready $flatten\soc.\spimemio.$logic_or$spimemio.v:350$547_Y $flatten\soc.\spimemio.$logic_or$spimemio.v:310$543_Y $flatten\soc.\spimemio.$logic_and$spimemio.v:282$542_Y $flatten\soc.\spimemio.$logic_or$spimemio.v:211$529_Y \soc.spimemio.config_cont \soc.spimemio.jump \soc.spimemio.dout_valid }
  ctrl outputs: { $flatten\soc.\spimemio.$procmux$5049_CMP $flatten\soc.\spimemio.$procmux$5043_CMP $flatten\soc.\spimemio.$procmux$5037_CMP $flatten\soc.\spimemio.$procmux$5034_CMP $flatten\soc.\spimemio.$procmux$5029_CMP $flatten\soc.\spimemio.$procmux$5026_CMP $flatten\soc.\spimemio.$procmux$5023_CMP $flatten\soc.\spimemio.$procmux$5020_CMP $flatten\soc.\spimemio.$procmux$5017_CMP $flatten\soc.\spimemio.$procmux$5014_CMP $flatten\soc.\spimemio.$procmux$5011_CMP $flatten\soc.\spimemio.$procmux$5000_CMP $flatten\soc.\spimemio.$procmux$4997_CMP $flatten\soc.\spimemio.$0\state[3:0] }
  transition:     4'0000 8'0---0-0- ->     4'0000 17'10000000000000000
  transition:     4'0000 8'1---0-0- ->     4'0001 17'10000000000000001
  transition:     4'0000 8'----001- ->     4'0100 17'10000000000000100
  transition:     4'0000 8'----011- ->     4'0101 17'10000000000000101
  transition:     4'0000 8'----1--- ->     4'0000 17'10000000000000000
  transition:     4'1000 8'0---0-0- ->     4'1000 17'00000010000001000
  transition:     4'1000 8'1---0-0- ->     4'1001 17'00000010000001001
  transition:     4'1000 8'----001- ->     4'0100 17'00000010000000100
  transition:     4'1000 8'----011- ->     4'0101 17'00000010000000101
  transition:     4'1000 8'----1--- ->     4'0000 17'00000010000000000
  transition:     4'0100 8'0---0-0- ->     4'0100 17'00100000000000100
  transition:     4'0100 8'1---0-0- ->     4'0101 17'00100000000000101
  transition:     4'0100 8'----001- ->     4'0100 17'00100000000000100
  transition:     4'0100 8'----011- ->     4'0101 17'00100000000000101
  transition:     4'0100 8'----1--- ->     4'0000 17'00100000000000000
  transition:     4'1100 8'-0--0-0- ->     4'1100 17'00000000001001100
  transition:     4'1100 8'01--0-0- ->     4'1100 17'00000000001001100
  transition:     4'1100 8'11--0-0- ->     4'1001 17'00000000001001001
  transition:     4'1100 8'----001- ->     4'0100 17'00000000001000100
  transition:     4'1100 8'----011- ->     4'0101 17'00000000001000101
  transition:     4'1100 8'----1--- ->     4'0000 17'00000000001000000
  transition:     4'0010 8'0---0-0- ->     4'0010 17'01000000000000010
  transition:     4'0010 8'1---0-0- ->     4'0011 17'01000000000000011
  transition:     4'0010 8'----001- ->     4'0100 17'01000000000000100
  transition:     4'0010 8'----011- ->     4'0101 17'01000000000000101
  transition:     4'0010 8'----1--- ->     4'0000 17'01000000000000000
  transition:     4'1010 8'0---0-0- ->     4'1010 17'00000000100001010
  transition:     4'1010 8'1---0-0- ->     4'1011 17'00000000100001011
  transition:     4'1010 8'----001- ->     4'0100 17'00000000100000100
  transition:     4'1010 8'----011- ->     4'0101 17'00000000100000101
  transition:     4'1010 8'----1--- ->     4'0000 17'00000000100000000
  transition:     4'0110 8'0---0-0- ->     4'0110 17'00001000000000110
  transition:     4'0110 8'1---0-0- ->     4'0111 17'00001000000000111
  transition:     4'0110 8'----001- ->     4'0100 17'00001000000000100
  transition:     4'0110 8'----011- ->     4'0101 17'00001000000000101
  transition:     4'0110 8'----1--- ->     4'0000 17'00001000000000000
  transition:     4'0001 8'----0-00 ->     4'0001 17'00000000000100001
  transition:     4'0001 8'----0-01 ->     4'0010 17'00000000000100010
  transition:     4'0001 8'----001- ->     4'0100 17'00000000000100100
  transition:     4'0001 8'----011- ->     4'0101 17'00000000000100101
  transition:     4'0001 8'----1--- ->     4'0000 17'00000000000100000
  transition:     4'1001 8'0---0-0- ->     4'1001 17'00000001000001001
  transition:     4'1001 8'1---0-0- ->     4'1010 17'00000001000001010
  transition:     4'1001 8'----001- ->     4'0100 17'00000001000000100
  transition:     4'1001 8'----011- ->     4'0101 17'00000001000000101
  transition:     4'1001 8'----1--- ->     4'0000 17'00000001000000000
  transition:     4'0101 8'---00-0- ->     4'0101 17'00010000000000101
  transition:     4'0101 8'0--10-0- ->     4'0101 17'00010000000000101
  transition:     4'0101 8'1--10-0- ->     4'0110 17'00010000000000110
  transition:     4'0101 8'----001- ->     4'0100 17'00010000000000100
  transition:     4'0101 8'----011- ->     4'0101 17'00010000000000101
  transition:     4'0101 8'----1--- ->     4'0000 17'00010000000000000
  transition:     4'0011 8'----0-00 ->     4'0011 17'00000000000010011
  transition:     4'0011 8'----0-01 ->     4'0100 17'00000000000010100
  transition:     4'0011 8'----001- ->     4'0100 17'00000000000010100
  transition:     4'0011 8'----011- ->     4'0101 17'00000000000010101
  transition:     4'0011 8'----1--- ->     4'0000 17'00000000000010000
  transition:     4'1011 8'0---0-0- ->     4'1011 17'00000000010001011
  transition:     4'1011 8'1---0-0- ->     4'1100 17'00000000010001100
  transition:     4'1011 8'----001- ->     4'0100 17'00000000010000100
  transition:     4'1011 8'----011- ->     4'0101 17'00000000010000101
  transition:     4'1011 8'----1--- ->     4'0000 17'00000000010000000
  transition:     4'0111 8'0---0-0- ->     4'0111 17'00000100000000111
  transition:     4'0111 8'1-0-0-0- ->     4'1001 17'00000100000001001
  transition:     4'0111 8'1-1-0-0- ->     4'1000 17'00000100000001000
  transition:     4'0111 8'----001- ->     4'0100 17'00000100000000100
  transition:     4'0111 8'----011- ->     4'0101 17'00000100000000101
  transition:     4'0111 8'----1--- ->     4'0000 17'00000100000000000

7.12.3. Executing FSM_OPT pass (simple optimizations of FSMs).
Optimizing FSM `$fsm$\soc.spimemio.state$5811' from module `\icebreaker'.
Optimizing FSM `$fsm$\soc.cpu.cpu_state$5801' from module `\icebreaker'.
  Merging pattern 26'-10101----------------1--- and 26'-10111----------------1--- from group (0 0 16'1000000100000000).
  Merging pattern 26'-01101----------------1--- and 26'-01111----------------1--- from group (0 0 16'1000000100000000).
  Merging pattern 26'-11101----------------1--- and 26'-11111----------------1--- from group (0 0 16'1000000100000000).
  Merging pattern 26'-10111----------------1--- and 26'-10101----------------1--- from group (0 0 16'1000000100000000).
  Merging pattern 26'-01111----------------1--- and 26'-01101----------------1--- from group (0 0 16'1000000100000000).
  Merging pattern 26'-11111----------------1--- and 26'-11101----------------1--- from group (0 0 16'1000000100000000).
  Merging pattern 26'-101-1----------------1--- and 26'-111-1----------------1--- from group (0 0 16'1000000100000000).
  Merging pattern 26'-111-1----------------1--- and 26'-101-1----------------1--- from group (0 0 16'1000000100000000).
  Merging pattern 26'-1-1-0----------------1--- and 26'-1-1-1----------------1--- from group (0 0 16'1000000100000000).
  Merging pattern 26'-1-1-1----------------1--- and 26'-1-1-0----------------1--- from group (0 0 16'1000000100000000).
  Merging pattern 26'-10101----------------0--- and 26'-10111----------------0--- from group (0 1 16'1000000010000000).
  Merging pattern 26'-01101----------------0--- and 26'-01111----------------0--- from group (0 1 16'1000000010000000).
  Merging pattern 26'-11101----------------0--- and 26'-11111----------------0--- from group (0 1 16'1000000010000000).
  Merging pattern 26'-10111----------------0--- and 26'-10101----------------0--- from group (0 1 16'1000000010000000).
  Merging pattern 26'-01111----------------0--- and 26'-01101----------------0--- from group (0 1 16'1000000010000000).
  Merging pattern 26'-11111----------------0--- and 26'-11101----------------0--- from group (0 1 16'1000000010000000).
  Merging pattern 26'-101-1----------------0--- and 26'-111-1----------------0--- from group (0 1 16'1000000010000000).
  Merging pattern 26'-111-1----------------0--- and 26'-101-1----------------0--- from group (0 1 16'1000000010000000).
  Merging pattern 26'-1-1-0----------------0--- and 26'-1-1-1----------------0--- from group (0 1 16'1000000010000000).
  Merging pattern 26'-1-1-1----------------0--- and 26'-1-1-0----------------0--- from group (0 1 16'1000000010000000).
  Merging pattern 26'-10101----------------0--- and 26'-10111----------------0--- from group (1 1 16'0000000010000001).
  Merging pattern 26'-01101----------------0--- and 26'-01111----------------0--- from group (1 1 16'0000000010000001).
  Merging pattern 26'-11101----------------0--- and 26'-11111----------------0--- from group (1 1 16'0000000010000001).
  Merging pattern 26'-10111----------------0--- and 26'-10101----------------0--- from group (1 1 16'0000000010000001).
  Merging pattern 26'-01111----------------0--- and 26'-01101----------------0--- from group (1 1 16'0000000010000001).
  Merging pattern 26'-11111----------------0--- and 26'-11101----------------0--- from group (1 1 16'0000000010000001).
  Merging pattern 26'-10101------00----1-1-1--- and 26'-10111------00----1-1-1--- from group (1 1 16'0000000010000001).
  Merging pattern 26'-01101------00----1-1-1--- and 26'-01111------00----1-1-1--- from group (1 1 16'0000000010000001).
  Merging pattern 26'-11101------00----1-1-1--- and 26'-11111------00----1-1-1--- from group (1 1 16'0000000010000001).
  Merging pattern 26'-10111------00----1-1-1--- and 26'-10101------00----1-1-1--- from group (1 1 16'0000000010000001).
  Merging pattern 26'-01111------00----1-1-1--- and 26'-01101------00----1-1-1--- from group (1 1 16'0000000010000001).
  Merging pattern 26'-11111------00----1-1-1--- and 26'-11101------00----1-1-1--- from group (1 1 16'0000000010000001).
  Merging pattern 26'-10101------00----0---1--- and 26'-10111------00----0---1--- from group (1 1 16'0000000010000001).
  Merging pattern 26'-01101------00----0---1--- and 26'-01111------00----0---1--- from group (1 1 16'0000000010000001).
  Merging pattern 26'-11101------00----0---1--- and 26'-11111------00----0---1--- from group (1 1 16'0000000010000001).
  Merging pattern 26'-10111------00----0---1--- and 26'-10101------00----0---1--- from group (1 1 16'0000000010000001).
  Merging pattern 26'-01111------00----0---1--- and 26'-01101------00----0---1--- from group (1 1 16'0000000010000001).
  Merging pattern 26'-11111------00----0---1--- and 26'-11101------00----0---1--- from group (1 1 16'0000000010000001).
  Merging pattern 26'-10101------10--------1--- and 26'-10111------10--------1--- from group (1 1 16'0000000010000001).
  Merging pattern 26'-01101------10--------1--- and 26'-01111------10--------1--- from group (1 1 16'0000000010000001).
  Merging pattern 26'-11101------10--------1--- and 26'-11111------10--------1--- from group (1 1 16'0000000010000001).
  Merging pattern 26'-10111------10--------1--- and 26'-10101------10--------1--- from group (1 1 16'0000000010000001).
  Merging pattern 26'-01111------10--------1--- and 26'-01101------10--------1--- from group (1 1 16'0000000010000001).
  Merging pattern 26'-11111------10--------1--- and 26'-11101------10--------1--- from group (1 1 16'0000000010000001).
  Merging pattern 26'-10101-------1--------1--- and 26'-10111-------1--------1--- from group (1 1 16'0000000010000001).
  Merging pattern 26'-01101-------1--------1--- and 26'-01111-------1--------1--- from group (1 1 16'0000000010000001).
  Merging pattern 26'-11101-------1--------1--- and 26'-11111-------1--------1--- from group (1 1 16'0000000010000001).
  Merging pattern 26'-10111-------1--------1--- and 26'-10101-------1--------1--- from group (1 1 16'0000000010000001).
  Merging pattern 26'-01111-------1--------1--- and 26'-01101-------1--------1--- from group (1 1 16'0000000010000001).
  Merging pattern 26'-11111-------1--------1--- and 26'-11101-------1--------1--- from group (1 1 16'0000000010000001).
  Merging pattern 26'-101-1----------------0--- and 26'-111-1----------------0--- from group (1 1 16'0000000010000001).
  Merging pattern 26'-111-1----------------0--- and 26'-101-1----------------0--- from group (1 1 16'0000000010000001).
  Merging pattern 26'-101-1------00----1-1-1--- and 26'-111-1------00----1-1-1--- from group (1 1 16'0000000010000001).
  Merging pattern 26'-111-1------00----1-1-1--- and 26'-101-1------00----1-1-1--- from group (1 1 16'0000000010000001).
  Merging pattern 26'-101-1------00----0---1--- and 26'-111-1------00----0---1--- from group (1 1 16'0000000010000001).
  Merging pattern 26'-111-1------00----0---1--- and 26'-101-1------00----0---1--- from group (1 1 16'0000000010000001).
  Merging pattern 26'-101-1------10--------1--- and 26'-111-1------10--------1--- from group (1 1 16'0000000010000001).
  Merging pattern 26'-111-1------10--------1--- and 26'-101-1------10--------1--- from group (1 1 16'0000000010000001).
  Merging pattern 26'-101-1-------1--------1--- and 26'-111-1-------1--------1--- from group (1 1 16'0000000010000001).
  Merging pattern 26'-111-1-------1--------1--- and 26'-101-1-------1--------1--- from group (1 1 16'0000000010000001).
  Merging pattern 26'-1-1-0----------------0--- and 26'-1-1-1----------------0--- from group (1 1 16'0000000010000001).
  Merging pattern 26'-1-1-1----------------0--- and 26'-1-1-0----------------0--- from group (1 1 16'0000000010000001).
  Merging pattern 26'-1-1-0------00----1-1-1--- and 26'-1-1-1------00----1-1-1--- from group (1 1 16'0000000010000001).
  Merging pattern 26'-1-1-1------00----1-1-1--- and 26'-1-1-0------00----1-1-1--- from group (1 1 16'0000000010000001).
  Merging pattern 26'-1-1-0------00----0---1--- and 26'-1-1-1------00----0---1--- from group (1 1 16'0000000010000001).
  Merging pattern 26'-1-1-1------00----0---1--- and 26'-1-1-0------00----0---1--- from group (1 1 16'0000000010000001).
  Merging pattern 26'-1-1-0------10--------1--- and 26'-1-1-1------10--------1--- from group (1 1 16'0000000010000001).
  Merging pattern 26'-1-1-1------10--------1--- and 26'-1-1-0------10--------1--- from group (1 1 16'0000000010000001).
  Merging pattern 26'-1-1-0-------1--------1--- and 26'-1-1-1-------1--------1--- from group (1 1 16'0000000010000001).
  Merging pattern 26'-1-1-1-------1--------1--- and 26'-1-1-0-------1--------1--- from group (1 1 16'0000000010000001).
  Merging pattern 26'-10101------00----1-0-1--- and 26'-10111------00----1-0-1--- from group (1 2 16'0000000001000001).
  Merging pattern 26'-01101------00----1-0-1--- and 26'-01111------00----1-0-1--- from group (1 2 16'0000000001000001).
  Merging pattern 26'-11101------00----1-0-1--- and 26'-11111------00----1-0-1--- from group (1 2 16'0000000001000001).
  Merging pattern 26'-10111------00----1-0-1--- and 26'-10101------00----1-0-1--- from group (1 2 16'0000000001000001).
  Merging pattern 26'-01111------00----1-0-1--- and 26'-01101------00----1-0-1--- from group (1 2 16'0000000001000001).
  Merging pattern 26'-11111------00----1-0-1--- and 26'-11101------00----1-0-1--- from group (1 2 16'0000000001000001).
  Merging pattern 26'-101-1------00----1-0-1--- and 26'-111-1------00----1-0-1--- from group (1 2 16'0000000001000001).
  Merging pattern 26'-111-1------00----1-0-1--- and 26'-101-1------00----1-0-1--- from group (1 2 16'0000000001000001).
  Merging pattern 26'-1-1-0------00----1-0-1--- and 26'-1-1-1------00----1-0-1--- from group (1 2 16'0000000001000001).
  Merging pattern 26'-1-1-1------00----1-0-1--- and 26'-1-1-0------00----1-0-1--- from group (1 2 16'0000000001000001).
  Merging pattern 26'010101----01-------1--1--- and 26'010111----01-------1--1--- from group (2 0 16'0100000100000000).
  Merging pattern 26'001101----01-------1--1--- and 26'001111----01-------1--1--- from group (2 0 16'0100000100000000).
  Merging pattern 26'011101----01-------1--1--- and 26'011111----01-------1--1--- from group (2 0 16'0100000100000000).
  Merging pattern 26'010111----01-------1--1--- and 26'010101----01-------1--1--- from group (2 0 16'0100000100000000).
  Merging pattern 26'001111----01-------1--1--- and 26'001101----01-------1--1--- from group (2 0 16'0100000100000000).
  Merging pattern 26'011111----01-------1--1--- and 26'011101----01-------1--1--- from group (2 0 16'0100000100000000).
  Merging pattern 26'0101-1----01-------1--1--- and 26'0111-1----01-------1--1--- from group (2 0 16'0100000100000000).
  Merging pattern 26'0111-1----01-------1--1--- and 26'0101-1----01-------1--1--- from group (2 0 16'0100000100000000).
  Merging pattern 26'01-1-0----01-------1--1--- and 26'01-1-1----01-------1--1--- from group (2 0 16'0100000100000000).
  Merging pattern 26'01-1-1----01-------1--1--- and 26'01-1-0----01-------1--1--- from group (2 0 16'0100000100000000).
  Merging pattern 26'-10101----------------1-1- and 26'-10111----------------1-1- from group (2 1 16'0100000010000000).
  Merging pattern 26'-01101----------------1-1- and 26'-01111----------------1-1- from group (2 1 16'0100000010000000).
  Merging pattern 26'-11101----------------1-1- and 26'-11111----------------1-1- from group (2 1 16'0100000010000000).
  Merging pattern 26'-10111----------------1-1- and 26'-10101----------------1-1- from group (2 1 16'0100000010000000).
  Merging pattern 26'-01111----------------1-1- and 26'-01101----------------1-1- from group (2 1 16'0100000010000000).
  Merging pattern 26'-11111----------------1-1- and 26'-11101----------------1-1- from group (2 1 16'0100000010000000).
  Merging pattern 26'-10101----------------0--- and 26'-10111----------------0--- from group (2 1 16'0100000010000000).
  Merging pattern 26'-01101----------------0--- and 26'-01111----------------0--- from group (2 1 16'0100000010000000).
  Merging pattern 26'-11101----------------0--- and 26'-11111----------------0--- from group (2 1 16'0100000010000000).
  Merging pattern 26'-10111----------------0--- and 26'-10101----------------0--- from group (2 1 16'0100000010000000).
  Merging pattern 26'-01111----------------0--- and 26'-01101----------------0--- from group (2 1 16'0100000010000000).
  Merging pattern 26'-11111----------------0--- and 26'-11101----------------0--- from group (2 1 16'0100000010000000).
  Merging pattern 26'010101----11-------1--1--- and 26'010111----11-------1--1--- from group (2 1 16'0100000010000000).
  Merging pattern 26'001101----11-------1--1--- and 26'001111----11-------1--1--- from group (2 1 16'0100000010000000).
  Merging pattern 26'011101----11-------1--1--- and 26'011111----11-------1--1--- from group (2 1 16'0100000010000000).
  Merging pattern 26'010111----11-------1--1--- and 26'010101----11-------1--1--- from group (2 1 16'0100000010000000).
  Merging pattern 26'001111----11-------1--1--- and 26'001101----11-------1--1--- from group (2 1 16'0100000010000000).
  Merging pattern 26'011111----11-------1--1--- and 26'011101----11-------1--1--- from group (2 1 16'0100000010000000).
  Merging pattern 26'110101-------------1--1--- and 26'110111-------------1--1--- from group (2 1 16'0100000010000000).
  Merging pattern 26'101101-------------1--1--- and 26'101111-------------1--1--- from group (2 1 16'0100000010000000).
  Merging pattern 26'111101-------------1--1--- and 26'111111-------------1--1--- from group (2 1 16'0100000010000000).
  Merging pattern 26'110111-------------1--1--- and 26'110101-------------1--1--- from group (2 1 16'0100000010000000).
  Merging pattern 26'101111-------------1--1--- and 26'101101-------------1--1--- from group (2 1 16'0100000010000000).
  Merging pattern 26'111111-------------1--1--- and 26'111101-------------1--1--- from group (2 1 16'0100000010000000).
  Merging pattern 26'-101-1----------------1-1- and 26'-111-1----------------1-1- from group (2 1 16'0100000010000000).
  Merging pattern 26'-111-1----------------1-1- and 26'-101-1----------------1-1- from group (2 1 16'0100000010000000).
  Merging pattern 26'-101-1----------------0--- and 26'-111-1----------------0--- from group (2 1 16'0100000010000000).
  Merging pattern 26'-111-1----------------0--- and 26'-101-1----------------0--- from group (2 1 16'0100000010000000).
  Merging pattern 26'0101-1----11-------1--1--- and 26'0111-1----11-------1--1--- from group (2 1 16'0100000010000000).
  Merging pattern 26'0111-1----11-------1--1--- and 26'0101-1----11-------1--1--- from group (2 1 16'0100000010000000).
  Merging pattern 26'1101-1-------------1--1--- and 26'1111-1-------------1--1--- from group (2 1 16'0100000010000000).
  Merging pattern 26'1111-1-------------1--1--- and 26'1101-1-------------1--1--- from group (2 1 16'0100000010000000).
  Merging pattern 26'-1-1-0----------------1-1- and 26'-1-1-1----------------1-1- from group (2 1 16'0100000010000000).
  Merging pattern 26'-1-1-1----------------1-1- and 26'-1-1-0----------------1-1- from group (2 1 16'0100000010000000).
  Merging pattern 26'-1-1-0----------------0--- and 26'-1-1-1----------------0--- from group (2 1 16'0100000010000000).
  Merging pattern 26'-1-1-1----------------0--- and 26'-1-1-0----------------0--- from group (2 1 16'0100000010000000).
  Merging pattern 26'01-1-0----11-------1--1--- and 26'01-1-1----11-------1--1--- from group (2 1 16'0100000010000000).
  Merging pattern 26'01-1-1----11-------1--1--- and 26'01-1-0----11-------1--1--- from group (2 1 16'0100000010000000).
  Merging pattern 26'11-1-0-------------1--1--- and 26'11-1-1-------------1--1--- from group (2 1 16'0100000010000000).
  Merging pattern 26'11-1-1-------------1--1--- and 26'11-1-0-------------1--1--- from group (2 1 16'0100000010000000).
  Merging pattern 26'010101-----0-------1--1--- and 26'010111-----0-------1--1--- from group (2 2 16'0100000001000000).
  Merging pattern 26'001101-----0-------1--1--- and 26'001111-----0-------1--1--- from group (2 2 16'0100000001000000).
  Merging pattern 26'011101-----0-------1--1--- and 26'011111-----0-------1--1--- from group (2 2 16'0100000001000000).
  Merging pattern 26'010111-----0-------1--1--- and 26'010101-----0-------1--1--- from group (2 2 16'0100000001000000).
  Merging pattern 26'001111-----0-------1--1--- and 26'001101-----0-------1--1--- from group (2 2 16'0100000001000000).
  Merging pattern 26'011111-----0-------1--1--- and 26'011101-----0-------1--1--- from group (2 2 16'0100000001000000).
  Merging pattern 26'0101-1-----0-------1--1--- and 26'0111-1-----0-------1--1--- from group (2 2 16'0100000001000000).
  Merging pattern 26'0111-1-----0-------1--1--- and 26'0101-1-----0-------1--1--- from group (2 2 16'0100000001000000).
  Merging pattern 26'01-1-0-----0-------1--1--- and 26'01-1-1-----0-------1--1--- from group (2 2 16'0100000001000000).
  Merging pattern 26'01-1-1-----0-------1--1--- and 26'01-1-0-----0-------1--1--- from group (2 2 16'0100000001000000).
  Merging pattern 26'-10101---0-----000-0--100- and 26'-10111---0-----000-0--100- from group (2 3 16'0100000000010000).
  Merging pattern 26'-01101---0-----000-0--100- and 26'-01111---0-----000-0--100- from group (2 3 16'0100000000010000).
  Merging pattern 26'-11101---0-----000-0--100- and 26'-11111---0-----000-0--100- from group (2 3 16'0100000000010000).
  Merging pattern 26'-10111---0-----000-0--100- and 26'-10101---0-----000-0--100- from group (2 3 16'0100000000010000).
  Merging pattern 26'-01111---0-----000-0--100- and 26'-01101---0-----000-0--100- from group (2 3 16'0100000000010000).
  Merging pattern 26'-11111---0-----000-0--100- and 26'-11101---0-----000-0--100- from group (2 3 16'0100000000010000).
  Merging pattern 26'-10101----------------11-- and 26'-10111----------------11-- from group (2 3 16'0100000000010000).
  Merging pattern 26'-01101----------------11-- and 26'-01111----------------11-- from group (2 3 16'0100000000010000).
  Merging pattern 26'-11101----------------11-- and 26'-11111----------------11-- from group (2 3 16'0100000000010000).
  Merging pattern 26'-10111----------------11-- and 26'-10101----------------11-- from group (2 3 16'0100000000010000).
  Merging pattern 26'-01111----------------11-- and 26'-01101----------------11-- from group (2 3 16'0100000000010000).
  Merging pattern 26'-11111----------------11-- and 26'-11101----------------11-- from group (2 3 16'0100000000010000).
  Merging pattern 26'-101-1---0-----000-0--100- and 26'-111-1---0-----000-0--100- from group (2 3 16'0100000000010000).
  Merging pattern 26'-111-1---0-----000-0--100- and 26'-101-1---0-----000-0--100- from group (2 3 16'0100000000010000).
  Merging pattern 26'-101-1----------------11-- and 26'-111-1----------------11-- from group (2 3 16'0100000000010000).
  Merging pattern 26'-111-1----------------11-- and 26'-101-1----------------11-- from group (2 3 16'0100000000010000).
  Merging pattern 26'-1-1-0---0-----000-0--100- and 26'-1-1-1---0-----000-0--100- from group (2 3 16'0100000000010000).
  Merging pattern 26'-1-1-1---0-----000-0--100- and 26'-1-1-0---0-----000-0--100- from group (2 3 16'0100000000010000).
  Merging pattern 26'-1-1-0----------------11-- and 26'-1-1-1----------------11-- from group (2 3 16'0100000000010000).
  Merging pattern 26'-1-1-1----------------11-- and 26'-1-1-0----------------11-- from group (2 3 16'0100000000010000).
  Merging pattern 26'-10101---0-----1-0----100- and 26'-10111---0-----1-0----100- from group (2 4 16'0100000000001000).
  Merging pattern 26'-01101---0-----1-0----100- and 26'-01111---0-----1-0----100- from group (2 4 16'0100000000001000).
  Merging pattern 26'-11101---0-----1-0----100- and 26'-11111---0-----1-0----100- from group (2 4 16'0100000000001000).
  Merging pattern 26'-10111---0-----1-0----100- and 26'-10101---0-----1-0----100- from group (2 4 16'0100000000001000).
  Merging pattern 26'-01111---0-----1-0----100- and 26'-01101---0-----1-0----100- from group (2 4 16'0100000000001000).
  Merging pattern 26'-11111---0-----1-0----100- and 26'-11101---0-----1-0----100- from group (2 4 16'0100000000001000).
  Merging pattern 26'-10101-----------1----1--- and 26'-10111-----------1----1--- from group (2 4 16'0100000000001000).
  Merging pattern 26'-01101-----------1----1--- and 26'-01111-----------1----1--- from group (2 4 16'0100000000001000).
  Merging pattern 26'-11101-----------1----1--- and 26'-11111-----------1----1--- from group (2 4 16'0100000000001000).
  Merging pattern 26'-10111-----------1----1--- and 26'-10101-----------1----1--- from group (2 4 16'0100000000001000).
  Merging pattern 26'-01111-----------1----1--- and 26'-01101-----------1----1--- from group (2 4 16'0100000000001000).
  Merging pattern 26'-11111-----------1----1--- and 26'-11101-----------1----1--- from group (2 4 16'0100000000001000).
  Merging pattern 26'-101-1---0-----1-0----100- and 26'-111-1---0-----1-0----100- from group (2 4 16'0100000000001000).
  Merging pattern 26'-111-1---0-----1-0----100- and 26'-101-1---0-----1-0----100- from group (2 4 16'0100000000001000).
  Merging pattern 26'-101-1-----------1----1--- and 26'-111-1-----------1----1--- from group (2 4 16'0100000000001000).
  Merging pattern 26'-111-1-----------1----1--- and 26'-101-1-----------1----1--- from group (2 4 16'0100000000001000).
  Merging pattern 26'-1-1-0---0-----1-0----100- and 26'-1-1-1---0-----1-0----100- from group (2 4 16'0100000000001000).
  Merging pattern 26'-1-1-1---0-----1-0----100- and 26'-1-1-0---0-----1-0----100- from group (2 4 16'0100000000001000).
  Merging pattern 26'-1-1-0-----------1----1--- and 26'-1-1-1-----------1----1--- from group (2 4 16'0100000000001000).
  Merging pattern 26'-1-1-1-----------1----1--- and 26'-1-1-0-----------1----1--- from group (2 4 16'0100000000001000).
  Merging pattern 26'-10101---0------10----100- and 26'-10111---0------10----100- from group (2 5 16'0100000000000100).
  Merging pattern 26'-01101---0------10----100- and 26'-01111---0------10----100- from group (2 5 16'0100000000000100).
  Merging pattern 26'-11101---0------10----100- and 26'-11111---0------10----100- from group (2 5 16'0100000000000100).
  Merging pattern 26'-10111---0------10----100- and 26'-10101---0------10----100- from group (2 5 16'0100000000000100).
  Merging pattern 26'-01111---0------10----100- and 26'-01101---0------10----100- from group (2 5 16'0100000000000100).
  Merging pattern 26'-11111---0------10----100- and 26'-11101---0------10----100- from group (2 5 16'0100000000000100).
  Merging pattern 26'-101-1---0------10----100- and 26'-111-1---0------10----100- from group (2 5 16'0100000000000100).
  Merging pattern 26'-111-1---0------10----100- and 26'-101-1---0------10----100- from group (2 5 16'0100000000000100).
  Merging pattern 26'-1-1-0---0------10----100- and 26'-1-1-1---0------10----100- from group (2 5 16'0100000000000100).
  Merging pattern 26'-1-1-1---0------10----100- and 26'-1-1-0---0------10----100- from group (2 5 16'0100000000000100).
  Merging pattern 26'-10101---1------------1--- and 26'-10111---1------------1--- from group (2 6 16'0100000000000010).
  Merging pattern 26'-01101---1------------1--- and 26'-01111---1------------1--- from group (2 6 16'0100000000000010).
  Merging pattern 26'-11101---1------------1--- and 26'-11111---1------------1--- from group (2 6 16'0100000000000010).
  Merging pattern 26'-10111---1------------1--- and 26'-10101---1------------1--- from group (2 6 16'0100000000000010).
  Merging pattern 26'-01111---1------------1--- and 26'-01101---1------------1--- from group (2 6 16'0100000000000010).
  Merging pattern 26'-11111---1------------1--- and 26'-11101---1------------1--- from group (2 6 16'0100000000000010).
  Merging pattern 26'-101-1---1------------1--- and 26'-111-1---1------------1--- from group (2 6 16'0100000000000010).
  Merging pattern 26'-111-1---1------------1--- and 26'-101-1---1------------1--- from group (2 6 16'0100000000000010).
  Merging pattern 26'-1-1-0---1------------1--- and 26'-1-1-1---1------------1--- from group (2 6 16'0100000000000010).
  Merging pattern 26'-1-1-1---1------------1--- and 26'-1-1-0---1------------1--- from group (2 6 16'0100000000000010).
  Merging pattern 26'-10101----------------0--- and 26'-10111----------------0--- from group (3 1 16'0001000010000000).
  Merging pattern 26'-01101----------------0--- and 26'-01111----------------0--- from group (3 1 16'0001000010000000).
  Merging pattern 26'-11101----------------0--- and 26'-11111----------------0--- from group (3 1 16'0001000010000000).
  Merging pattern 26'-10111----------------0--- and 26'-10101----------------0--- from group (3 1 16'0001000010000000).
  Merging pattern 26'-01111----------------0--- and 26'-01101----------------0--- from group (3 1 16'0001000010000000).
  Merging pattern 26'-11111----------------0--- and 26'-11101----------------0--- from group (3 1 16'0001000010000000).
  Merging pattern 26'-10101--------1------11--- and 26'-10111--------1------11--- from group (3 1 16'0001000010000000).
  Merging pattern 26'-01101--------1------11--- and 26'-01111--------1------11--- from group (3 1 16'0001000010000000).
  Merging pattern 26'-11101--------1------11--- and 26'-11111--------1------11--- from group (3 1 16'0001000010000000).
  Merging pattern 26'-10111--------1------11--- and 26'-10101--------1------11--- from group (3 1 16'0001000010000000).
  Merging pattern 26'-01111--------1------11--- and 26'-01101--------1------11--- from group (3 1 16'0001000010000000).
  Merging pattern 26'-11111--------1------11--- and 26'-11101--------1------11--- from group (3 1 16'0001000010000000).
  Merging pattern 26'-10101--------0-------1--- and 26'-10111--------0-------1--- from group (3 1 16'0001000010000000).
  Merging pattern 26'-01101--------0-------1--- and 26'-01111--------0-------1--- from group (3 1 16'0001000010000000).
  Merging pattern 26'-11101--------0-------1--- and 26'-11111--------0-------1--- from group (3 1 16'0001000010000000).
  Merging pattern 26'-10111--------0-------1--- and 26'-10101--------0-------1--- from group (3 1 16'0001000010000000).
  Merging pattern 26'-01111--------0-------1--- and 26'-01101--------0-------1--- from group (3 1 16'0001000010000000).
  Merging pattern 26'-11111--------0-------1--- and 26'-11101--------0-------1--- from group (3 1 16'0001000010000000).
  Merging pattern 26'-101-1----------------0--- and 26'-111-1----------------0--- from group (3 1 16'0001000010000000).
  Merging pattern 26'-111-1----------------0--- and 26'-101-1----------------0--- from group (3 1 16'0001000010000000).
  Merging pattern 26'-101-1--------1------11--- and 26'-111-1--------1------11--- from group (3 1 16'0001000010000000).
  Merging pattern 26'-111-1--------1------11--- and 26'-101-1--------1------11--- from group (3 1 16'0001000010000000).
  Merging pattern 26'-101-1--------0-------1--- and 26'-111-1--------0-------1--- from group (3 1 16'0001000010000000).
  Merging pattern 26'-111-1--------0-------1--- and 26'-101-1--------0-------1--- from group (3 1 16'0001000010000000).
  Merging pattern 26'-1-1-0----------------0--- and 26'-1-1-1----------------0--- from group (3 1 16'0001000010000000).
  Merging pattern 26'-1-1-1----------------0--- and 26'-1-1-0----------------0--- from group (3 1 16'0001000010000000).
  Merging pattern 26'-1-1-0--------1------11--- and 26'-1-1-1--------1------11--- from group (3 1 16'0001000010000000).
  Merging pattern 26'-1-1-1--------1------11--- and 26'-1-1-0--------1------11--- from group (3 1 16'0001000010000000).
  Merging pattern 26'-1-1-0--------0-------1--- and 26'-1-1-1--------0-------1--- from group (3 1 16'0001000010000000).
  Merging pattern 26'-1-1-1--------0-------1--- and 26'-1-1-0--------0-------1--- from group (3 1 16'0001000010000000).
  Merging pattern 26'-10101--------1------01--- and 26'-10111--------1------01--- from group (3 3 16'0001000000010000).
  Merging pattern 26'-01101--------1------01--- and 26'-01111--------1------01--- from group (3 3 16'0001000000010000).
  Merging pattern 26'-11101--------1------01--- and 26'-11111--------1------01--- from group (3 3 16'0001000000010000).
  Merging pattern 26'-10111--------1------01--- and 26'-10101--------1------01--- from group (3 3 16'0001000000010000).
  Merging pattern 26'-01111--------1------01--- and 26'-01101--------1------01--- from group (3 3 16'0001000000010000).
  Merging pattern 26'-11111--------1------01--- and 26'-11101--------1------01--- from group (3 3 16'0001000000010000).
  Merging pattern 26'-101-1--------1------01--- and 26'-111-1--------1------01--- from group (3 3 16'0001000000010000).
  Merging pattern 26'-111-1--------1------01--- and 26'-101-1--------1------01--- from group (3 3 16'0001000000010000).
  Merging pattern 26'-1-1-0--------1------01--- and 26'-1-1-1--------1------01--- from group (3 3 16'0001000000010000).
  Merging pattern 26'-1-1-1--------1------01--- and 26'-1-1-0--------1------01--- from group (3 3 16'0001000000010000).
  Merging pattern 26'-10101----------------0--- and 26'-10111----------------0--- from group (4 1 16'0000100010000000).
  Merging pattern 26'-01101----------------0--- and 26'-01111----------------0--- from group (4 1 16'0000100010000000).
  Merging pattern 26'-11101----------------0--- and 26'-11111----------------0--- from group (4 1 16'0000100010000000).
  Merging pattern 26'-10111----------------0--- and 26'-10101----------------0--- from group (4 1 16'0000100010000000).
  Merging pattern 26'-01111----------------0--- and 26'-01101----------------0--- from group (4 1 16'0000100010000000).
  Merging pattern 26'-11111----------------0--- and 26'-11101----------------0--- from group (4 1 16'0000100010000000).
  Merging pattern 26'-10101--1-------------1--- and 26'-10111--1-------------1--- from group (4 1 16'0000100010000000).
  Merging pattern 26'-01101--1-------------1--- and 26'-01111--1-------------1--- from group (4 1 16'0000100010000000).
  Merging pattern 26'-11101--1-------------1--- and 26'-11111--1-------------1--- from group (4 1 16'0000100010000000).
  Merging pattern 26'-10111--1-------------1--- and 26'-10101--1-------------1--- from group (4 1 16'0000100010000000).
  Merging pattern 26'-01111--1-------------1--- and 26'-01101--1-------------1--- from group (4 1 16'0000100010000000).
  Merging pattern 26'-11111--1-------------1--- and 26'-11101--1-------------1--- from group (4 1 16'0000100010000000).
  Merging pattern 26'-101-1----------------0--- and 26'-111-1----------------0--- from group (4 1 16'0000100010000000).
  Merging pattern 26'-111-1----------------0--- and 26'-101-1----------------0--- from group (4 1 16'0000100010000000).
  Merging pattern 26'-101-1--1-------------1--- and 26'-111-1--1-------------1--- from group (4 1 16'0000100010000000).
  Merging pattern 26'-111-1--1-------------1--- and 26'-101-1--1-------------1--- from group (4 1 16'0000100010000000).
  Merging pattern 26'-1-1-0----------------0--- and 26'-1-1-1----------------0--- from group (4 1 16'0000100010000000).
  Merging pattern 26'-1-1-1----------------0--- and 26'-1-1-0----------------0--- from group (4 1 16'0000100010000000).
  Merging pattern 26'-1-1-0--1-------------1--- and 26'-1-1-1--1-------------1--- from group (4 1 16'0000100010000000).
  Merging pattern 26'-1-1-1--1-------------1--- and 26'-1-1-0--1-------------1--- from group (4 1 16'0000100010000000).
  Merging pattern 26'-10101--0-------------1--- and 26'-10111--0-------------1--- from group (4 4 16'0000100000001000).
  Merging pattern 26'-01101--0-------------1--- and 26'-01111--0-------------1--- from group (4 4 16'0000100000001000).
  Merging pattern 26'-11101--0-------------1--- and 26'-11111--0-------------1--- from group (4 4 16'0000100000001000).
  Merging pattern 26'-10111--0-------------1--- and 26'-10101--0-------------1--- from group (4 4 16'0000100000001000).
  Merging pattern 26'-01111--0-------------1--- and 26'-01101--0-------------1--- from group (4 4 16'0000100000001000).
  Merging pattern 26'-11111--0-------------1--- and 26'-11101--0-------------1--- from group (4 4 16'0000100000001000).
  Merging pattern 26'-101-1--0-------------1--- and 26'-111-1--0-------------1--- from group (4 4 16'0000100000001000).
  Merging pattern 26'-111-1--0-------------1--- and 26'-101-1--0-------------1--- from group (4 4 16'0000100000001000).
  Merging pattern 26'-1-1-0--0-------------1--- and 26'-1-1-1--0-------------1--- from group (4 4 16'0000100000001000).
  Merging pattern 26'-1-1-1--0-------------1--- and 26'-1-1-0--0-------------1--- from group (4 4 16'0000100000001000).
  Merging pattern 26'-10101----------------0--- and 26'-10111----------------0--- from group (5 1 16'0000010010000000).
  Merging pattern 26'-01101----------------0--- and 26'-01111----------------0--- from group (5 1 16'0000010010000000).
  Merging pattern 26'-11101----------------0--- and 26'-11111----------------0--- from group (5 1 16'0000010010000000).
  Merging pattern 26'-10111----------------0--- and 26'-10101----------------0--- from group (5 1 16'0000010010000000).
  Merging pattern 26'-01111----------------0--- and 26'-01101----------------0--- from group (5 1 16'0000010010000000).
  Merging pattern 26'-11111----------------0--- and 26'-11101----------------0--- from group (5 1 16'0000010010000000).
  Merging pattern 26'-1010111--------------1--- and 26'-1011111--------------1--- from group (5 1 16'0000010010000000).
  Merging pattern 26'-0110111--------------1--- and 26'-0111111--------------1--- from group (5 1 16'0000010010000000).
  Merging pattern 26'-1110111--------------1--- and 26'-1111111--------------1--- from group (5 1 16'0000010010000000).
  Merging pattern 26'-1011111--------------1--- and 26'-1010111--------------1--- from group (5 1 16'0000010010000000).
  Merging pattern 26'-0111111--------------1--- and 26'-0110111--------------1--- from group (5 1 16'0000010010000000).
  Merging pattern 26'-1111111--------------1--- and 26'-1110111--------------1--- from group (5 1 16'0000010010000000).
  Merging pattern 26'-101-1----------------0--- and 26'-111-1----------------0--- from group (5 1 16'0000010010000000).
  Merging pattern 26'-111-1----------------0--- and 26'-101-1----------------0--- from group (5 1 16'0000010010000000).
  Merging pattern 26'-101-111--------------1--- and 26'-111-111--------------1--- from group (5 1 16'0000010010000000).
  Merging pattern 26'-111-111--------------1--- and 26'-101-111--------------1--- from group (5 1 16'0000010010000000).
  Merging pattern 26'-1-1-0----------------0--- and 26'-1-1-1----------------0--- from group (5 1 16'0000010010000000).
  Merging pattern 26'-1-1-1----------------0--- and 26'-1-1-0----------------0--- from group (5 1 16'0000010010000000).
  Merging pattern 26'-1-1-011--------------1--- and 26'-1-1-111--------------1--- from group (5 1 16'0000010010000000).
  Merging pattern 26'-1-1-111--------------1--- and 26'-1-1-011--------------1--- from group (5 1 16'0000010010000000).
  Merging pattern 26'-10101-0--------------1--- and 26'-10111-0--------------1--- from group (5 5 16'0000010000000100).
  Merging pattern 26'-01101-0--------------1--- and 26'-01111-0--------------1--- from group (5 5 16'0000010000000100).
  Merging pattern 26'-11101-0--------------1--- and 26'-11111-0--------------1--- from group (5 5 16'0000010000000100).
  Merging pattern 26'-10111-0--------------1--- and 26'-10101-0--------------1--- from group (5 5 16'0000010000000100).
  Merging pattern 26'-01111-0--------------1--- and 26'-01101-0--------------1--- from group (5 5 16'0000010000000100).
  Merging pattern 26'-11111-0--------------1--- and 26'-11101-0--------------1--- from group (5 5 16'0000010000000100).
  Merging pattern 26'-1010101--------------1--- and 26'-1011101--------------1--- from group (5 5 16'0000010000000100).
  Merging pattern 26'-0110101--------------1--- and 26'-0111101--------------1--- from group (5 5 16'0000010000000100).
  Merging pattern 26'-1110101--------------1--- and 26'-1111101--------------1--- from group (5 5 16'0000010000000100).
  Merging pattern 26'-1011101--------------1--- and 26'-1010101--------------1--- from group (5 5 16'0000010000000100).
  Merging pattern 26'-0111101--------------1--- and 26'-0110101--------------1--- from group (5 5 16'0000010000000100).
  Merging pattern 26'-1111101--------------1--- and 26'-1110101--------------1--- from group (5 5 16'0000010000000100).
  Merging pattern 26'-101-1-0--------------1--- and 26'-111-1-0--------------1--- from group (5 5 16'0000010000000100).
  Merging pattern 26'-111-1-0--------------1--- and 26'-101-1-0--------------1--- from group (5 5 16'0000010000000100).
  Merging pattern 26'-101-101--------------1--- and 26'-111-101--------------1--- from group (5 5 16'0000010000000100).
  Merging pattern 26'-111-101--------------1--- and 26'-101-101--------------1--- from group (5 5 16'0000010000000100).
  Merging pattern 26'-1-1-0-0--------------1--- and 26'-1-1-1-0--------------1--- from group (5 5 16'0000010000000100).
  Merging pattern 26'-1-1-1-0--------------1--- and 26'-1-1-0-0--------------1--- from group (5 5 16'0000010000000100).
  Merging pattern 26'-1-1-001--------------1--- and 26'-1-1-101--------------1--- from group (5 5 16'0000010000000100).
  Merging pattern 26'-1-1-101--------------1--- and 26'-1-1-001--------------1--- from group (5 5 16'0000010000000100).
  Merging pattern 26'-10101----------------0--- and 26'-10111----------------0--- from group (6 1 16'0000001010000000).
  Merging pattern 26'-01101----------------0--- and 26'-01111----------------0--- from group (6 1 16'0000001010000000).
  Merging pattern 26'-11101----------------0--- and 26'-11111----------------0--- from group (6 1 16'0000001010000000).
  Merging pattern 26'-10111----------------0--- and 26'-10101----------------0--- from group (6 1 16'0000001010000000).
  Merging pattern 26'-01111----------------0--- and 26'-01101----------------0--- from group (6 1 16'0000001010000000).
  Merging pattern 26'-11111----------------0--- and 26'-11101----------------0--- from group (6 1 16'0000001010000000).
  Merging pattern 26'-1010111--------------1--- and 26'-1011111--------------1--- from group (6 1 16'0000001010000000).
  Merging pattern 26'-0110111--------------1--- and 26'-0111111--------------1--- from group (6 1 16'0000001010000000).
  Merging pattern 26'-1110111--------------1--- and 26'-1111111--------------1--- from group (6 1 16'0000001010000000).
  Merging pattern 26'-1011111--------------1--- and 26'-1010111--------------1--- from group (6 1 16'0000001010000000).
  Merging pattern 26'-0111111--------------1--- and 26'-0110111--------------1--- from group (6 1 16'0000001010000000).
  Merging pattern 26'-1111111--------------1--- and 26'-1110111--------------1--- from group (6 1 16'0000001010000000).
  Merging pattern 26'-101-1----------------0--- and 26'-111-1----------------0--- from group (6 1 16'0000001010000000).
  Merging pattern 26'-111-1----------------0--- and 26'-101-1----------------0--- from group (6 1 16'0000001010000000).
  Merging pattern 26'-101-111--------------1--- and 26'-111-111--------------1--- from group (6 1 16'0000001010000000).
  Merging pattern 26'-111-111--------------1--- and 26'-101-111--------------1--- from group (6 1 16'0000001010000000).
  Merging pattern 26'-1-1-0----------------0--- and 26'-1-1-1----------------0--- from group (6 1 16'0000001010000000).
  Merging pattern 26'-1-1-1----------------0--- and 26'-1-1-0----------------0--- from group (6 1 16'0000001010000000).
  Merging pattern 26'-1-1-011--------------1--- and 26'-1-1-111--------------1--- from group (6 1 16'0000001010000000).
  Merging pattern 26'-1-1-111--------------1--- and 26'-1-1-011--------------1--- from group (6 1 16'0000001010000000).
  Merging pattern 26'-10101-0--------------1--- and 26'-10111-0--------------1--- from group (6 6 16'0000001000000010).
  Merging pattern 26'-01101-0--------------1--- and 26'-01111-0--------------1--- from group (6 6 16'0000001000000010).
  Merging pattern 26'-11101-0--------------1--- and 26'-11111-0--------------1--- from group (6 6 16'0000001000000010).
  Merging pattern 26'-10111-0--------------1--- and 26'-10101-0--------------1--- from group (6 6 16'0000001000000010).
  Merging pattern 26'-01111-0--------------1--- and 26'-01101-0--------------1--- from group (6 6 16'0000001000000010).
  Merging pattern 26'-11111-0--------------1--- and 26'-11101-0--------------1--- from group (6 6 16'0000001000000010).
  Merging pattern 26'-1010101--------------1--- and 26'-1011101--------------1--- from group (6 6 16'0000001000000010).
  Merging pattern 26'-0110101--------------1--- and 26'-0111101--------------1--- from group (6 6 16'0000001000000010).
  Merging pattern 26'-1110101--------------1--- and 26'-1111101--------------1--- from group (6 6 16'0000001000000010).
  Merging pattern 26'-1011101--------------1--- and 26'-1010101--------------1--- from group (6 6 16'0000001000000010).
  Merging pattern 26'-0111101--------------1--- and 26'-0110101--------------1--- from group (6 6 16'0000001000000010).
  Merging pattern 26'-1111101--------------1--- and 26'-1110101--------------1--- from group (6 6 16'0000001000000010).
  Merging pattern 26'-101-1-0--------------1--- and 26'-111-1-0--------------1--- from group (6 6 16'0000001000000010).
  Merging pattern 26'-111-1-0--------------1--- and 26'-101-1-0--------------1--- from group (6 6 16'0000001000000010).
  Merging pattern 26'-101-101--------------1--- and 26'-111-101--------------1--- from group (6 6 16'0000001000000010).
  Merging pattern 26'-111-101--------------1--- and 26'-101-101--------------1--- from group (6 6 16'0000001000000010).
  Merging pattern 26'-1-1-0-0--------------1--- and 26'-1-1-1-0--------------1--- from group (6 6 16'0000001000000010).
  Merging pattern 26'-1-1-1-0--------------1--- and 26'-1-1-0-0--------------1--- from group (6 6 16'0000001000000010).
  Merging pattern 26'-1-1-001--------------1--- and 26'-1-1-101--------------1--- from group (6 6 16'0000001000000010).
  Merging pattern 26'-1-1-101--------------1--- and 26'-1-1-001--------------1--- from group (6 6 16'0000001000000010).
  Removing unused input signal $auto$opt_reduce.cc:137:opt_pmux$5787.
Optimizing FSM `$fsm$\soc.cpu.mem_wordsize$5796' from module `\icebreaker'.

7.12.4. Executing OPT_CLEAN pass (remove unused cells and wires).
Finding unused cells or wires in module \icebreaker..
Removed 78 unused cells and 78 unused wires.
<suppressed ~79 debug messages>

7.12.5. Executing FSM_OPT pass (simple optimizations of FSMs).
Optimizing FSM `$fsm$\soc.cpu.mem_wordsize$5796' from module `\icebreaker'.
  Removing unused output signal $flatten\soc.\cpu.$0\mem_wordsize[1:0] [0].
  Removing unused output signal $flatten\soc.\cpu.$0\mem_wordsize[1:0] [1].
Optimizing FSM `$fsm$\soc.cpu.cpu_state$5801' from module `\icebreaker'.
  Removing unused output signal $flatten\soc.\cpu.$0\cpu_state[7:0] [0].
  Removing unused output signal $flatten\soc.\cpu.$0\cpu_state[7:0] [1].
  Removing unused output signal $flatten\soc.\cpu.$0\cpu_state[7:0] [2].
  Removing unused output signal $flatten\soc.\cpu.$0\cpu_state[7:0] [3].
  Removing unused output signal $flatten\soc.\cpu.$0\cpu_state[7:0] [4].
  Removing unused output signal $flatten\soc.\cpu.$0\cpu_state[7:0] [5].
  Removing unused output signal $flatten\soc.\cpu.$0\cpu_state[7:0] [6].
  Removing unused output signal $flatten\soc.\cpu.$0\cpu_state[7:0] [7].
Optimizing FSM `$fsm$\soc.spimemio.state$5811' from module `\icebreaker'.
  Removing unused output signal $flatten\soc.\spimemio.$0\state[3:0] [0].
  Removing unused output signal $flatten\soc.\spimemio.$0\state[3:0] [1].
  Removing unused output signal $flatten\soc.\spimemio.$0\state[3:0] [2].
  Removing unused output signal $flatten\soc.\spimemio.$0\state[3:0] [3].

7.12.6. Executing FSM_RECODE pass (re-assigning FSM state encoding).
Recoding FSM `$fsm$\soc.cpu.mem_wordsize$5796' from module `\icebreaker' using `auto' encoding:
  mapping auto encoding to `one-hot` for this FSM.
  00 -> --1
  10 -> -1-
  01 -> 1--
Recoding FSM `$fsm$\soc.cpu.cpu_state$5801' from module `\icebreaker' using `auto' encoding:
  mapping auto encoding to `one-hot` for this FSM.
  10000000 -> ------1
  01000000 -> -----1-
  00100000 -> ----1--
  00001000 -> ---1---
  00000100 -> --1----
  00000010 -> -1-----
  00000001 -> 1------
Recoding FSM `$fsm$\soc.spimemio.state$5811' from module `\icebreaker' using `auto' encoding:
  mapping auto encoding to `one-hot` for this FSM.
  0000 -> ------------1
  1000 -> -----------1-
  0100 -> ----------1--
  1100 -> ---------1---
  0010 -> --------1----
  1010 -> -------1-----
  0110 -> ------1------
  0001 -> -----1-------
  1001 -> ----1--------
  0101 -> ---1---------
  0011 -> --1----------
  1011 -> -1-----------
  0111 -> 1------------

7.12.7. Executing FSM_INFO pass (dumping all available information on FSM cells).

FSM `$fsm$\soc.cpu.mem_wordsize$5796' from module `icebreaker':
-------------------------------------

  Information on FSM $fsm$\soc.cpu.mem_wordsize$5796 (\soc.cpu.mem_wordsize):

  Number of input signals:   13
  Number of output signals:   3
  Number of state bits:       3

  Input signals:
    0: \resetn
    1: \soc.cpu.mem_do_rdata
    2: \soc.cpu.mem_do_wdata
    3: \soc.cpu.instr_lw
    4: \soc.cpu.instr_sb
    5: \soc.cpu.instr_sh
    6: \soc.cpu.instr_sw
    7: $flatten\soc.\cpu.$eq$../picorv32.v:1313$1098_Y
    8: $flatten\soc.\cpu.$logic_or$../picorv32.v:1857$1257_Y
    9: $flatten\soc.\cpu.$logic_or$../picorv32.v:1886$1265_Y
   10: $flatten\soc.\cpu.$logic_or$../picorv32.v:1887$1266_Y
   11: $flatten\soc.\cpu.$procmux$1879_CMP
   12: $flatten\soc.\cpu.$procmux$1880_CMP

  Output signals:
    0: $flatten\soc.\cpu.$eq$../picorv32.v:1923$1277_Y
    1: $flatten\soc.\cpu.$eq$../picorv32.v:1930$1284_Y
    2: $flatten\soc.\cpu.$procmux$4638_CMP

  State encoding:
    0:      3'--1
    1:      3'-1-
    2:      3'1--

  Transition Table (state_in, ctrl_in, state_out, ctrl_out):
      0:     0 13'------------0   ->     0 3'001
      1:     0 13'-1001----0-01   ->     0 3'001
      2:     0 13'-1--1----1-01   ->     0 3'001
      3:     0 13'-1--1------11   ->     0 3'001
      4:     0 13'1---1-000-0-1   ->     0 3'001
      5:     0 13'1---1-1---0-1   ->     0 3'001
      6:     0 13'1---1-----1-1   ->     0 3'001
      7:     0 13'00---0------1   ->     0 3'001
      8:     0 13'-----1------1   ->     0 3'001
      9:     0 13'-1--0-------1   ->     0 3'001
     10:     0 13'1---0-------1   ->     0 3'001
     11:     0 13'-1-11------01   ->     1 3'001
     12:     0 13'1---1---1-0-1   ->     1 3'001
     13:     0 13'-11-1------01   ->     2 3'001
     14:     0 13'1---1--1--0-1   ->     2 3'001
     15:     1 13'-1--1----1-01   ->     0 3'100
     16:     1 13'1---1-1---0-1   ->     0 3'100
     17:     1 13'-----1------1   ->     0 3'100
     18:     1 13'------------0   ->     1 3'100
     19:     1 13'-1001----0-01   ->     1 3'100
     20:     1 13'-1-11------01   ->     1 3'100
     21:     1 13'-1--1------11   ->     1 3'100
     22:     1 13'1---1-000-0-1   ->     1 3'100
     23:     1 13'1---1---1-0-1   ->     1 3'100
     24:     1 13'1---1-----1-1   ->     1 3'100
     25:     1 13'00---0------1   ->     1 3'100
     26:     1 13'-1--0-------1   ->     1 3'100
     27:     1 13'1---0-------1   ->     1 3'100
     28:     1 13'-11-1------01   ->     2 3'100
     29:     1 13'1---1--1--0-1   ->     2 3'100
     30:     2 13'-1--1----1-01   ->     0 3'010
     31:     2 13'1---1-1---0-1   ->     0 3'010
     32:     2 13'-----1------1   ->     0 3'010
     33:     2 13'-1-11------01   ->     1 3'010
     34:     2 13'1---1---1-0-1   ->     1 3'010
     35:     2 13'------------0   ->     2 3'010
     36:     2 13'-1001----0-01   ->     2 3'010
     37:     2 13'-11-1------01   ->     2 3'010
     38:     2 13'-1--1------11   ->     2 3'010
     39:     2 13'1---1-000-0-1   ->     2 3'010
     40:     2 13'1---1--1--0-1   ->     2 3'010
     41:     2 13'1---1-----1-1   ->     2 3'010
     42:     2 13'00---0------1   ->     2 3'010
     43:     2 13'-1--0-------1   ->     2 3'010
     44:     2 13'1---0-------1   ->     2 3'010

-------------------------------------

FSM `$fsm$\soc.cpu.cpu_state$5801' from module `icebreaker':
-------------------------------------

  Information on FSM $fsm$\soc.cpu.cpu_state$5801 (\soc.cpu.cpu_state):

  Number of input signals:   25
  Number of output signals:   8
  Number of state bits:       7

  Input signals:
    0: $auto$opt_reduce.cc:137:opt_pmux$5737
    1: $auto$opt_reduce.cc:137:opt_pmux$5725
    2: \resetn
    3: \soc.cpu.mem_done
    4: \soc.cpu.instr_jal
    5: \soc.cpu.instr_trap
    6: \soc.cpu.decoder_trigger
    7: \soc.cpu.is_slli_srli_srai
    8: \soc.cpu.is_sb_sh_sw
    9: \soc.cpu.is_sll_srl_sra
   10: \soc.cpu.is_beq_bne_blt_bge_bltu_bgeu
   11: $flatten\soc.\cpu.$logic_and$../picorv32.v:1538$1172_Y
   12: $flatten\soc.\cpu.$logic_and$../picorv32.v:1548$1180_Y
   13: $flatten\soc.\cpu.$logic_and$../picorv32.v:1605$1193_Y
   14: $flatten\soc.\cpu.$logic_and$../picorv32.v:1608$1197_Y
   15: $flatten\soc.\cpu.$logic_and$../picorv32.v:1696$1211_Y
   16: $flatten\soc.\cpu.$eq$../picorv32.v:1831$1239_Y
   17: $flatten\soc.\cpu.$logic_or$../picorv32.v:1857$1257_Y
   18: $flatten\soc.\cpu.$logic_and$../picorv32.v:1872$1261_Y
   19: $flatten\soc.\cpu.$logic_and$../picorv32.v:1922$1276_Y
   20: $flatten\soc.\cpu.$logic_and$../picorv32.v:1923$1279_Y
   21: $flatten\soc.\cpu.$logic_and$../picorv32.v:1925$1283_Y
   22: $flatten\soc.\cpu.$logic_and$../picorv32.v:1930$1286_Y
   23: $flatten\soc.\cpu.$logic_and$../picorv32.v:1938$1294_Y
   24: \soc.cpu.genblk1.pcpi_mul.active [1]

  Output signals:
    0: $flatten\soc.\cpu.$eq$../picorv32.v:1313$1098_Y
    1: $flatten\soc.\cpu.$procmux$1879_CMP
    2: $flatten\soc.\cpu.$procmux$1880_CMP
    3: $flatten\soc.\cpu.$procmux$1881_CMP
    4: $flatten\soc.\cpu.$procmux$1882_CMP
    5: $flatten\soc.\cpu.$procmux$1883_CMP
    6: $flatten\soc.\cpu.$procmux$1884_CMP
    7: $flatten\soc.\cpu.$procmux$1886_CMP

  State encoding:
    0:  7'------1
    1:  7'-----1-
    2:  7'----1--
    3:  7'---1---
    4:  7'--1----
    5:  7'-1-----
    6:  7'1------

  Transition Table (state_in, ctrl_in, state_out, ctrl_out):
      0:     0 25'-0---0----------------1--   ->     0 8'10000000
      1:     0 25'-00-01----------------1--   ->     0 8'10000000
      2:     0 25'-00111----------------1--   ->     0 8'10000000
      3:     0 25'-011-1----------------1--   ->     0 8'10000000
      4:     0 25'-1-1------------------1--   ->     0 8'10000000
      5:     0 25'-00011-------------------   ->     0 8'10000000
      6:     0 25'-010-1-------------------   ->     0 8'10000000
      7:     0 25'-1-0---------------------   ->     0 8'10000000
      8:     0 25'-0---0----------------0--   ->     1 8'10000000
      9:     0 25'-00-01----------------0--   ->     1 8'10000000
     10:     0 25'-00111----------------0--   ->     1 8'10000000
     11:     0 25'-011-1----------------0--   ->     1 8'10000000
     12:     0 25'-1-1------------------0--   ->     1 8'10000000
     13:     1 25'-00011-------------------   ->     0 8'00000001
     14:     1 25'-010-1-------------------   ->     0 8'00000001
     15:     1 25'-1-0---------------------   ->     0 8'00000001
     16:     1 25'-0---0----------------0--   ->     1 8'00000001
     17:     1 25'-00-01----------------0--   ->     1 8'00000001
     18:     1 25'-00111----------------0--   ->     1 8'00000001
     19:     1 25'-011-1----------------0--   ->     1 8'00000001
     20:     1 25'-1-1------------------0--   ->     1 8'00000001
     21:     1 25'-0---0------00----1-1-1--   ->     1 8'00000001
     22:     1 25'-00-01------00----1-1-1--   ->     1 8'00000001
     23:     1 25'-00111------00----1-1-1--   ->     1 8'00000001
     24:     1 25'-011-1------00----1-1-1--   ->     1 8'00000001
     25:     1 25'-1-1--------00----1-1-1--   ->     1 8'00000001
     26:     1 25'-0---0------00----0---1--   ->     1 8'00000001
     27:     1 25'-00-01------00----0---1--   ->     1 8'00000001
     28:     1 25'-00111------00----0---1--   ->     1 8'00000001
     29:     1 25'-011-1------00----0---1--   ->     1 8'00000001
     30:     1 25'-1-1--------00----0---1--   ->     1 8'00000001
     31:     1 25'-0---0------10--------1--   ->     1 8'00000001
     32:     1 25'-00-01------10--------1--   ->     1 8'00000001
     33:     1 25'-00111------10--------1--   ->     1 8'00000001
     34:     1 25'-011-1------10--------1--   ->     1 8'00000001
     35:     1 25'-1-1--------10--------1--   ->     1 8'00000001
     36:     1 25'-0---0-------1--------1--   ->     1 8'00000001
     37:     1 25'-00-01-------1--------1--   ->     1 8'00000001
     38:     1 25'-00111-------1--------1--   ->     1 8'00000001
     39:     1 25'-011-1-------1--------1--   ->     1 8'00000001
     40:     1 25'-1-1---------1--------1--   ->     1 8'00000001
     41:     1 25'-0---0------00----1-0-1--   ->     2 8'00000001
     42:     1 25'-00-01------00----1-0-1--   ->     2 8'00000001
     43:     1 25'-00111------00----1-0-1--   ->     2 8'00000001
     44:     1 25'-011-1------00----1-0-1--   ->     2 8'00000001
     45:     1 25'-1-1--------00----1-0-1--   ->     2 8'00000001
     46:     2 25'00---0----01-------1--1--   ->     0 8'01000000
     47:     2 25'000-01----01-------1--1--   ->     0 8'01000000
     48:     2 25'000111----01-------1--1--   ->     0 8'01000000
     49:     2 25'0011-1----01-------1--1--   ->     0 8'01000000
     50:     2 25'01-1------01-------1--1--   ->     0 8'01000000
     51:     2 25'-00011-------------------   ->     0 8'01000000
     52:     2 25'-010-1-------------------   ->     0 8'01000000
     53:     2 25'-1-0---------------------   ->     0 8'01000000
     54:     2 25'-0---0----------------1-1   ->     1 8'01000000
     55:     2 25'-00-01----------------1-1   ->     1 8'01000000
     56:     2 25'-00111----------------1-1   ->     1 8'01000000
     57:     2 25'-011-1----------------1-1   ->     1 8'01000000
     58:     2 25'-1-1------------------1-1   ->     1 8'01000000
     59:     2 25'-0---0----------------0--   ->     1 8'01000000
     60:     2 25'-00-01----------------0--   ->     1 8'01000000
     61:     2 25'-00111----------------0--   ->     1 8'01000000
     62:     2 25'-011-1----------------0--   ->     1 8'01000000
     63:     2 25'-1-1------------------0--   ->     1 8'01000000
     64:     2 25'00---0----11-------1--1--   ->     1 8'01000000
     65:     2 25'000-01----11-------1--1--   ->     1 8'01000000
     66:     2 25'000111----11-------1--1--   ->     1 8'01000000
     67:     2 25'0011-1----11-------1--1--   ->     1 8'01000000
     68:     2 25'01-1------11-------1--1--   ->     1 8'01000000
     69:     2 25'10---0-------------1--1--   ->     1 8'01000000
     70:     2 25'100-01-------------1--1--   ->     1 8'01000000
     71:     2 25'100111-------------1--1--   ->     1 8'01000000
     72:     2 25'1011-1-------------1--1--   ->     1 8'01000000
     73:     2 25'11-1---------------1--1--   ->     1 8'01000000
     74:     2 25'00---0-----0-------1--1--   ->     2 8'01000000
     75:     2 25'000-01-----0-------1--1--   ->     2 8'01000000
     76:     2 25'000111-----0-------1--1--   ->     2 8'01000000
     77:     2 25'0011-1-----0-------1--1--   ->     2 8'01000000
     78:     2 25'01-1-------0-------1--1--   ->     2 8'01000000
     79:     2 25'-0---0---0-----000-0--100   ->     3 8'01000000
     80:     2 25'-00-01---0-----000-0--100   ->     3 8'01000000
     81:     2 25'-00111---0-----000-0--100   ->     3 8'01000000
     82:     2 25'-011-1---0-----000-0--100   ->     3 8'01000000
     83:     2 25'-1-1-----0-----000-0--100   ->     3 8'01000000
     84:     2 25'-0---0----------------11-   ->     3 8'01000000
     85:     2 25'-00-01----------------11-   ->     3 8'01000000
     86:     2 25'-00111----------------11-   ->     3 8'01000000
     87:     2 25'-011-1----------------11-   ->     3 8'01000000
     88:     2 25'-1-1------------------11-   ->     3 8'01000000
     89:     2 25'-0---0---0-----1-0----100   ->     4 8'01000000
     90:     2 25'-00-01---0-----1-0----100   ->     4 8'01000000
     91:     2 25'-00111---0-----1-0----100   ->     4 8'01000000
     92:     2 25'-011-1---0-----1-0----100   ->     4 8'01000000
     93:     2 25'-1-1-----0-----1-0----100   ->     4 8'01000000
     94:     2 25'-0---0-----------1----1--   ->     4 8'01000000
     95:     2 25'-00-01-----------1----1--   ->     4 8'01000000
     96:     2 25'-00111-----------1----1--   ->     4 8'01000000
     97:     2 25'-011-1-----------1----1--   ->     4 8'01000000
     98:     2 25'-1-1-------------1----1--   ->     4 8'01000000
     99:     2 25'-0---0---0------10----100   ->     5 8'01000000
    100:     2 25'-00-01---0------10----100   ->     5 8'01000000
    101:     2 25'-00111---0------10----100   ->     5 8'01000000
    102:     2 25'-011-1---0------10----100   ->     5 8'01000000
    103:     2 25'-1-1-----0------10----100   ->     5 8'01000000
    104:     2 25'-0---0---1------------1--   ->     6 8'01000000
    105:     2 25'-00-01---1------------1--   ->     6 8'01000000
    106:     2 25'-00111---1------------1--   ->     6 8'01000000
    107:     2 25'-011-1---1------------1--   ->     6 8'01000000
    108:     2 25'-1-1-----1------------1--   ->     6 8'01000000
    109:     3 25'-00011-------------------   ->     0 8'00010000
    110:     3 25'-010-1-------------------   ->     0 8'00010000
    111:     3 25'-1-0---------------------   ->     0 8'00010000
    112:     3 25'-0---0----------------0--   ->     1 8'00010000
    113:     3 25'-00-01----------------0--   ->     1 8'00010000
    114:     3 25'-00111----------------0--   ->     1 8'00010000
    115:     3 25'-011-1----------------0--   ->     1 8'00010000
    116:     3 25'-1-1------------------0--   ->     1 8'00010000
    117:     3 25'-0---0--------1------11--   ->     1 8'00010000
    118:     3 25'-00-01--------1------11--   ->     1 8'00010000
    119:     3 25'-00111--------1------11--   ->     1 8'00010000
    120:     3 25'-011-1--------1------11--   ->     1 8'00010000
    121:     3 25'-1-1----------1------11--   ->     1 8'00010000
    122:     3 25'-0---0--------0-------1--   ->     1 8'00010000
    123:     3 25'-00-01--------0-------1--   ->     1 8'00010000
    124:     3 25'-00111--------0-------1--   ->     1 8'00010000
    125:     3 25'-011-1--------0-------1--   ->     1 8'00010000
    126:     3 25'-1-1----------0-------1--   ->     1 8'00010000
    127:     3 25'-0---0--------1------01--   ->     3 8'00010000
    128:     3 25'-00-01--------1------01--   ->     3 8'00010000
    129:     3 25'-00111--------1------01--   ->     3 8'00010000
    130:     3 25'-011-1--------1------01--   ->     3 8'00010000
    131:     3 25'-1-1----------1------01--   ->     3 8'00010000
    132:     4 25'-00011-------------------   ->     0 8'00001000
    133:     4 25'-010-1-------------------   ->     0 8'00001000
    134:     4 25'-1-0---------------------   ->     0 8'00001000
    135:     4 25'-0---0----------------0--   ->     1 8'00001000
    136:     4 25'-00-01----------------0--   ->     1 8'00001000
    137:     4 25'-00111----------------0--   ->     1 8'00001000
    138:     4 25'-011-1----------------0--   ->     1 8'00001000
    139:     4 25'-1-1------------------0--   ->     1 8'00001000
    140:     4 25'-0---0--1-------------1--   ->     1 8'00001000
    141:     4 25'-00-01--1-------------1--   ->     1 8'00001000
    142:     4 25'-00111--1-------------1--   ->     1 8'00001000
    143:     4 25'-011-1--1-------------1--   ->     1 8'00001000
    144:     4 25'-1-1----1-------------1--   ->     1 8'00001000
    145:     4 25'-0---0--0-------------1--   ->     4 8'00001000
    146:     4 25'-00-01--0-------------1--   ->     4 8'00001000
    147:     4 25'-00111--0-------------1--   ->     4 8'00001000
    148:     4 25'-011-1--0-------------1--   ->     4 8'00001000
    149:     4 25'-1-1----0-------------1--   ->     4 8'00001000
    150:     5 25'-00011-------------------   ->     0 8'00000100
    151:     5 25'-010-1-------------------   ->     0 8'00000100
    152:     5 25'-1-0---------------------   ->     0 8'00000100
    153:     5 25'-0---0----------------0--   ->     1 8'00000100
    154:     5 25'-00-01----------------0--   ->     1 8'00000100
    155:     5 25'-00111----------------0--   ->     1 8'00000100
    156:     5 25'-011-1----------------0--   ->     1 8'00000100
    157:     5 25'-1-1------------------0--   ->     1 8'00000100
    158:     5 25'-0---011--------------1--   ->     1 8'00000100
    159:     5 25'-00-0111--------------1--   ->     1 8'00000100
    160:     5 25'-0011111--------------1--   ->     1 8'00000100
    161:     5 25'-011-111--------------1--   ->     1 8'00000100
    162:     5 25'-1-1--11--------------1--   ->     1 8'00000100
    163:     5 25'-0---0-0--------------1--   ->     5 8'00000100
    164:     5 25'-00-01-0--------------1--   ->     5 8'00000100
    165:     5 25'-00111-0--------------1--   ->     5 8'00000100
    166:     5 25'-011-1-0--------------1--   ->     5 8'00000100
    167:     5 25'-1-1---0--------------1--   ->     5 8'00000100
    168:     5 25'-0---001--------------1--   ->     5 8'00000100
    169:     5 25'-00-0101--------------1--   ->     5 8'00000100
    170:     5 25'-0011101--------------1--   ->     5 8'00000100
    171:     5 25'-011-101--------------1--   ->     5 8'00000100
    172:     5 25'-1-1--01--------------1--   ->     5 8'00000100
    173:     6 25'-00011-------------------   ->     0 8'00000010
    174:     6 25'-010-1-------------------   ->     0 8'00000010
    175:     6 25'-1-0---------------------   ->     0 8'00000010
    176:     6 25'-0---0----------------0--   ->     1 8'00000010
    177:     6 25'-00-01----------------0--   ->     1 8'00000010
    178:     6 25'-00111----------------0--   ->     1 8'00000010
    179:     6 25'-011-1----------------0--   ->     1 8'00000010
    180:     6 25'-1-1------------------0--   ->     1 8'00000010
    181:     6 25'-0---011--------------1--   ->     1 8'00000010
    182:     6 25'-00-0111--------------1--   ->     1 8'00000010
    183:     6 25'-0011111--------------1--   ->     1 8'00000010
    184:     6 25'-011-111--------------1--   ->     1 8'00000010
    185:     6 25'-1-1--11--------------1--   ->     1 8'00000010
    186:     6 25'-0---0-0--------------1--   ->     6 8'00000010
    187:     6 25'-00-01-0--------------1--   ->     6 8'00000010
    188:     6 25'-00111-0--------------1--   ->     6 8'00000010
    189:     6 25'-011-1-0--------------1--   ->     6 8'00000010
    190:     6 25'-1-1---0--------------1--   ->     6 8'00000010
    191:     6 25'-0---001--------------1--   ->     6 8'00000010
    192:     6 25'-00-0101--------------1--   ->     6 8'00000010
    193:     6 25'-0011101--------------1--   ->     6 8'00000010
    194:     6 25'-011-101--------------1--   ->     6 8'00000010
    195:     6 25'-1-1--01--------------1--   ->     6 8'00000010

-------------------------------------

FSM `$fsm$\soc.spimemio.state$5811' from module `icebreaker':
-------------------------------------

  Information on FSM $fsm$\soc.spimemio.state$5811 (\soc.spimemio.state):

  Number of input signals:    8
  Number of output signals:  13
  Number of state bits:      13

  Input signals:
    0: \soc.spimemio.dout_valid
    1: \soc.spimemio.jump
    2: \soc.spimemio.config_cont
    3: $flatten\soc.\spimemio.$logic_or$spimemio.v:211$529_Y
    4: $flatten\soc.\spimemio.$logic_and$spimemio.v:282$542_Y
    5: $flatten\soc.\spimemio.$logic_or$spimemio.v:310$543_Y
    6: $flatten\soc.\spimemio.$logic_or$spimemio.v:350$547_Y
    7: \soc.spimemio.xfer.din_ready

  Output signals:
    0: $flatten\soc.\spimemio.$procmux$4997_CMP
    1: $flatten\soc.\spimemio.$procmux$5000_CMP
    2: $flatten\soc.\spimemio.$procmux$5011_CMP
    3: $flatten\soc.\spimemio.$procmux$5014_CMP
    4: $flatten\soc.\spimemio.$procmux$5017_CMP
    5: $flatten\soc.\spimemio.$procmux$5020_CMP
    6: $flatten\soc.\spimemio.$procmux$5023_CMP
    7: $flatten\soc.\spimemio.$procmux$5026_CMP
    8: $flatten\soc.\spimemio.$procmux$5029_CMP
    9: $flatten\soc.\spimemio.$procmux$5034_CMP
   10: $flatten\soc.\spimemio.$procmux$5037_CMP
   11: $flatten\soc.\spimemio.$procmux$5043_CMP
   12: $flatten\soc.\spimemio.$procmux$5049_CMP

  State encoding:
    0: 13'------------1  <RESET STATE>
    1: 13'-----------1-
    2: 13'----------1--
    3: 13'---------1---
    4: 13'--------1----
    5: 13'-------1-----
    6: 13'------1------
    7: 13'-----1-------
    8: 13'----1--------
    9: 13'---1---------
   10: 13'--1----------
   11: 13'-1-----------
   12: 13'1------------

  Transition Table (state_in, ctrl_in, state_out, ctrl_out):
      0:     0 8'0---0-0-   ->     0 13'1000000000000
      1:     0 8'----1---   ->     0 13'1000000000000
      2:     0 8'----001-   ->     2 13'1000000000000
      3:     0 8'1---0-0-   ->     7 13'1000000000000
      4:     0 8'----011-   ->     9 13'1000000000000
      5:     1 8'----1---   ->     0 13'0000001000000
      6:     1 8'0---0-0-   ->     1 13'0000001000000
      7:     1 8'----001-   ->     2 13'0000001000000
      8:     1 8'1---0-0-   ->     8 13'0000001000000
      9:     1 8'----011-   ->     9 13'0000001000000
     10:     2 8'----1---   ->     0 13'0010000000000
     11:     2 8'0---0-0-   ->     2 13'0010000000000
     12:     2 8'----001-   ->     2 13'0010000000000
     13:     2 8'1---0-0-   ->     9 13'0010000000000
     14:     2 8'----011-   ->     9 13'0010000000000
     15:     3 8'----1---   ->     0 13'0000000000100
     16:     3 8'----001-   ->     2 13'0000000000100
     17:     3 8'-0--0-0-   ->     3 13'0000000000100
     18:     3 8'01--0-0-   ->     3 13'0000000000100
     19:     3 8'11--0-0-   ->     8 13'0000000000100
     20:     3 8'----011-   ->     9 13'0000000000100
     21:     4 8'----1---   ->     0 13'0100000000000
     22:     4 8'----001-   ->     2 13'0100000000000
     23:     4 8'0---0-0-   ->     4 13'0100000000000
     24:     4 8'----011-   ->     9 13'0100000000000
     25:     4 8'1---0-0-   ->    10 13'0100000000000
     26:     5 8'----1---   ->     0 13'0000000010000
     27:     5 8'----001-   ->     2 13'0000000010000
     28:     5 8'0---0-0-   ->     5 13'0000000010000
     29:     5 8'----011-   ->     9 13'0000000010000
     30:     5 8'1---0-0-   ->    11 13'0000000010000
     31:     6 8'----1---   ->     0 13'0000100000000
     32:     6 8'----001-   ->     2 13'0000100000000
     33:     6 8'0---0-0-   ->     6 13'0000100000000
     34:     6 8'----011-   ->     9 13'0000100000000
     35:     6 8'1---0-0-   ->    12 13'0000100000000
     36:     7 8'----1---   ->     0 13'0000000000010
     37:     7 8'----001-   ->     2 13'0000000000010
     38:     7 8'----0-01   ->     4 13'0000000000010
     39:     7 8'----0-00   ->     7 13'0000000000010
     40:     7 8'----011-   ->     9 13'0000000000010
     41:     8 8'----1---   ->     0 13'0000000100000
     42:     8 8'----001-   ->     2 13'0000000100000
     43:     8 8'1---0-0-   ->     5 13'0000000100000
     44:     8 8'0---0-0-   ->     8 13'0000000100000
     45:     8 8'----011-   ->     9 13'0000000100000
     46:     9 8'----1---   ->     0 13'0001000000000
     47:     9 8'----001-   ->     2 13'0001000000000
     48:     9 8'1--10-0-   ->     6 13'0001000000000
     49:     9 8'---00-0-   ->     9 13'0001000000000
     50:     9 8'0--10-0-   ->     9 13'0001000000000
     51:     9 8'----011-   ->     9 13'0001000000000
     52:    10 8'----1---   ->     0 13'0000000000001
     53:    10 8'----0-01   ->     2 13'0000000000001
     54:    10 8'----001-   ->     2 13'0000000000001
     55:    10 8'----011-   ->     9 13'0000000000001
     56:    10 8'----0-00   ->    10 13'0000000000001
     57:    11 8'----1---   ->     0 13'0000000001000
     58:    11 8'----001-   ->     2 13'0000000001000
     59:    11 8'1---0-0-   ->     3 13'0000000001000
     60:    11 8'----011-   ->     9 13'0000000001000
     61:    11 8'0---0-0-   ->    11 13'0000000001000
     62:    12 8'----1---   ->     0 13'0000010000000
     63:    12 8'1-1-0-0-   ->     1 13'0000010000000
     64:    12 8'----001-   ->     2 13'0000010000000
     65:    12 8'1-0-0-0-   ->     8 13'0000010000000
     66:    12 8'----011-   ->     9 13'0000010000000
     67:    12 8'0---0-0-   ->    12 13'0000010000000

-------------------------------------

7.12.8. Executing FSM_MAP pass (mapping FSMs to basic logic).
Mapping FSM `$fsm$\soc.cpu.mem_wordsize$5796' from module `\icebreaker'.
Mapping FSM `$fsm$\soc.cpu.cpu_state$5801' from module `\icebreaker'.
Mapping FSM `$fsm$\soc.spimemio.state$5811' from module `\icebreaker'.

7.13. Executing OPT pass (performing simple optimizations).

7.13.1. Executing OPT_EXPR pass (perform const folding).
Optimizing module icebreaker.
<suppressed ~19 debug messages>

7.13.2. Executing OPT_MERGE pass (detect identical cells).
Finding identical cells in module `\icebreaker'.
Computing hashes of 1688 cells of `\icebreaker'.
Finding duplicate cells in `\icebreaker'.
Computing hashes of 1640 cells of `\icebreaker'.
Finding duplicate cells in `\icebreaker'.
<suppressed ~144 debug messages>
Removed a total of 48 cells.

7.13.3. Executing OPT_MUXTREE pass (detect dead branches in mux trees).
Running muxtree optimizer on module \icebreaker..
  Creating internal representation of mux trees.
  Evaluating internal representation of mux trees.
  Analyzing evaluation results.
    dead port 1/2 on $mux $flatten\soc.\cpu.$procmux$2802.
    dead port 2/2 on $mux $flatten\soc.\cpu.$procmux$2802.
    dead port 2/4 on $pmux $flatten\soc.\cpu.$procmux$2598.
    dead port 1/2 on $mux $flatten\soc.\cpu.$procmux$2551.
    dead port 2/2 on $mux $flatten\soc.\cpu.$procmux$2551.
    dead port 4/7 on $pmux $flatten\soc.\cpu.$procmux$2538.
    dead port 1/4 on $pmux $flatten\soc.\cpu.$procmux$3080.
    dead port 2/4 on $pmux $flatten\soc.\cpu.$procmux$3080.
    dead port 3/4 on $pmux $flatten\soc.\cpu.$procmux$3080.
    dead port 4/4 on $pmux $flatten\soc.\cpu.$procmux$3080.
    dead port 2/5 on $pmux $flatten\soc.\cpu.$procmux$3070.
    dead port 1/3 on $pmux $flatten\soc.\cpu.$procmux$3279.
    dead port 3/6 on $pmux $flatten\soc.\cpu.$procmux$2786.
Removed 13 multiplexer ports.
<suppressed ~1298 debug messages>

7.13.4. Executing OPT_REDUCE pass (consolidate $*mux and $reduce_* inputs).
  Optimizing cells in module \icebreaker.
    New input vector for $reduce_or cell $auto$opt_reduce.cc:131:opt_pmux$5772: { \soc.cpu.cpu_state [6:4] \soc.cpu.cpu_state [2:0] }
    New input vector for $reduce_or cell $auto$opt_reduce.cc:131:opt_pmux$5774: \soc.cpu.cpu_state [5:0]
    New input vector for $reduce_or cell $auto$opt_reduce.cc:131:opt_pmux$5748: { \soc.cpu.cpu_state [6:2] \soc.cpu.cpu_state [0] }
    New input vector for $reduce_or cell $auto$opt_reduce.cc:131:opt_pmux$5778: { \soc.cpu.cpu_state [6] \soc.cpu.cpu_state [4:0] }
  Optimizing cells in module \icebreaker.
Performed a total of 4 changes.

7.13.5. Executing OPT_MERGE pass (detect identical cells).
Finding identical cells in module `\icebreaker'.
Computing hashes of 1637 cells of `\icebreaker'.
Finding duplicate cells in `\icebreaker'.
Removed a total of 0 cells.

7.13.6. Executing OPT_DFF pass (perform DFF optimizations).
Adding EN signal on $procdff$5696 ($dff) from module icebreaker (D = $procmux$5447_Y, Q = \iomem_ready).
Adding EN signal on $procdff$5697 ($dff) from module icebreaker (D = \gpio, Q = \iomem_rdata).
Adding SRST signal on $procdff$5698 ($dff) from module icebreaker (D = { $procmux$5416_Y $procmux$5423_Y $procmux$5430_Y $procmux$5437_Y }, Q = \gpio, rval = 0).
Adding EN signal on $auto$ff.cc:337:slice$6663 ($sdff) from module icebreaker (D = \soc.cpu.mem_wdata [7:0], Q = \gpio [7:0]).
Adding EN signal on $auto$ff.cc:337:slice$6663 ($sdff) from module icebreaker (D = \soc.cpu.mem_wdata [15:8], Q = \gpio [15:8]).
Adding EN signal on $auto$ff.cc:337:slice$6663 ($sdff) from module icebreaker (D = \soc.cpu.mem_wdata [23:16], Q = \gpio [23:16]).
Adding EN signal on $auto$ff.cc:337:slice$6663 ($sdff) from module icebreaker (D = \soc.cpu.mem_wdata [31:24], Q = \gpio [31:24]).
Adding EN signal on $flatten\seven_segment_ctrl.$procdff$5691 ($dff) from module icebreaker (D = { $flatten\seven_segment_ctrl.$procmux$5405_Y $flatten\seven_segment_ctrl.$procmux$5410_Y }, Q = \seven_segment_ctrl.dout).
Adding SRST signal on $flatten\soc.\cpu.$procdff$5524 ($dff) from module icebreaker (D = $flatten\soc.\cpu.$procmux$2646_Y, Q = \soc.cpu.latched_rd, rval = 5'00010).
Adding EN signal on $auto$ff.cc:337:slice$6677 ($sdff) from module icebreaker (D = $flatten\soc.\cpu.$procmux$2646_Y, Q = \soc.cpu.latched_rd).
Adding SRST signal on $flatten\soc.\simpleuart.$procdff$5681 ($dff) from module icebreaker (D = $flatten\soc.\simpleuart.$procmux$5319_Y [8:0], Q = \soc.simpleuart.send_pattern [8:0], rval = 9'111111111).
Adding SRST signal on $flatten\soc.\simpleuart.$procdff$5681 ($dff) from module icebreaker (D = $flatten\soc.\simpleuart.$procmux$5316_Y [9], Q = \soc.simpleuart.send_pattern [9], rval = 1'1).
Adding EN signal on $auto$ff.cc:337:slice$6690 ($sdff) from module icebreaker (D = 1'1, Q = \soc.simpleuart.send_pattern [9]).
Adding EN signal on $auto$ff.cc:337:slice$6685 ($sdff) from module icebreaker (D = $flatten\soc.\simpleuart.$procmux$5319_Y [8:0], Q = \soc.simpleuart.send_pattern [8:0]).
Adding SRST signal on $flatten\soc.\simpleuart.$procdff$5682 ($dff) from module icebreaker (D = $flatten\soc.\simpleuart.$procmux$5311_Y, Q = \soc.simpleuart.send_bitcnt, rval = 4'0000).
Adding EN signal on $auto$ff.cc:337:slice$6699 ($sdff) from module icebreaker (D = $flatten\soc.\simpleuart.$procmux$5311_Y, Q = \soc.simpleuart.send_bitcnt).
Adding SRST signal on $flatten\soc.\simpleuart.$procdff$5683 ($dff) from module icebreaker (D = $flatten\soc.\simpleuart.$add$simpleuart.v:112$487_Y, Q = \soc.simpleuart.send_divcnt, rval = 0).
Adding SRST signal on $flatten\soc.\simpleuart.$procdff$5684 ($dff) from module icebreaker (D = $flatten\soc.\simpleuart.$procmux$5300_Y, Q = \soc.simpleuart.send_dummy, rval = 1'1).
Adding EN signal on $auto$ff.cc:337:slice$6708 ($sdff) from module icebreaker (D = $flatten\soc.\simpleuart.$procmux$5300_Y, Q = \soc.simpleuart.send_dummy).
Adding SRST signal on $flatten\soc.\simpleuart.$procdff$5685 ($dff) from module icebreaker (D = $flatten\soc.\simpleuart.$procmux$5372_Y, Q = \soc.simpleuart.recv_state, rval = 4'0000).
Adding EN signal on $auto$ff.cc:337:slice$6712 ($sdff) from module icebreaker (D = $flatten\soc.\simpleuart.$procmux$5372_Y, Q = \soc.simpleuart.recv_state).
Adding SRST signal on $flatten\soc.\simpleuart.$procdff$5686 ($dff) from module icebreaker (D = $flatten\soc.\simpleuart.$procmux$5330_Y, Q = \soc.simpleuart.recv_divcnt, rval = 0).
Adding SRST signal on $flatten\soc.\simpleuart.$procdff$5687 ($dff) from module icebreaker (D = $flatten\soc.\simpleuart.$procmux$5360_Y, Q = \soc.simpleuart.recv_pattern, rval = 8'00000000).
Adding EN signal on $auto$ff.cc:337:slice$6725 ($sdff) from module icebreaker (D = { \ser_rx \soc.simpleuart.recv_pattern [7:1] }, Q = \soc.simpleuart.recv_pattern).
Adding SRST signal on $flatten\soc.\simpleuart.$procdff$5688 ($dff) from module icebreaker (D = $flatten\soc.\simpleuart.$procmux$5352_Y, Q = \soc.simpleuart.recv_buf_data, rval = 8'00000000).
Adding EN signal on $auto$ff.cc:337:slice$6731 ($sdff) from module icebreaker (D = \soc.simpleuart.recv_pattern, Q = \soc.simpleuart.recv_buf_data).
Adding SRST signal on $flatten\soc.\simpleuart.$procdff$5689 ($dff) from module icebreaker (D = $flatten\soc.\simpleuart.$procmux$5344_Y, Q = \soc.simpleuart.recv_buf_valid, rval = 1'0).
Adding SRST signal on $flatten\soc.\simpleuart.$procdff$5690 ($dff) from module icebreaker (D = { $flatten\soc.\simpleuart.$procmux$5383_Y $flatten\soc.\simpleuart.$procmux$5388_Y $flatten\soc.\simpleuart.$procmux$5393_Y $flatten\soc.\simpleuart.$procmux$5398_Y }, Q = \soc.simpleuart.cfg_divider, rval = 1).
Adding EN signal on $auto$ff.cc:337:slice$6736 ($sdff) from module icebreaker (D = \soc.cpu.mem_wdata [7:0], Q = \soc.simpleuart.cfg_divider [7:0]).
Adding EN signal on $auto$ff.cc:337:slice$6736 ($sdff) from module icebreaker (D = \soc.cpu.mem_wdata [15:8], Q = \soc.simpleuart.cfg_divider [15:8]).
Adding EN signal on $auto$ff.cc:337:slice$6736 ($sdff) from module icebreaker (D = \soc.cpu.mem_wdata [23:16], Q = \soc.simpleuart.cfg_divider [23:16]).
Adding EN signal on $auto$ff.cc:337:slice$6736 ($sdff) from module icebreaker (D = \soc.cpu.mem_wdata [31:24], Q = \soc.simpleuart.cfg_divider [31:24]).
Adding EN signal on $flatten\soc.\cpu.$procdff$5489 ($dff) from module icebreaker (D = $flatten\soc.\cpu.$procmux$3304_Y [31], Q = \soc.cpu.reg_op1 [31]).
Adding EN signal on $flatten\soc.\cpu.$procdff$5489 ($dff) from module icebreaker (D = $flatten\soc.\cpu.$procmux$3304_Y [30:0], Q = \soc.cpu.reg_op1 [30:0]).
Adding SRST signal on $flatten\soc.\cpu.$procdff$5491 ($dff) from module icebreaker (D = $flatten\soc.\cpu.$procmux$2538_Y, Q = \soc.cpu.reg_out, rval = 131072).
Adding SRST signal on $flatten\soc.\cpu.$procdff$5497 ($dff) from module icebreaker (D = $flatten\soc.\cpu.$procmux$3207_Y, Q = \soc.cpu.timer, rval = 0).
Adding SRST signal on $flatten\soc.\cpu.$procdff$5499 ($dff) from module icebreaker (D = $flatten\soc.\cpu.$procmux$3159_Y, Q = \soc.cpu.mem_do_prefetch, rval = 1'0).
Adding EN signal on $auto$ff.cc:337:slice$6779 ($sdff) from module icebreaker (D = $flatten\soc.\cpu.$logic_and$../picorv32.v:1573$1190_Y, Q = \soc.cpu.mem_do_prefetch).
Adding SRST signal on $flatten\soc.\cpu.$procdff$5521 ($dff) from module icebreaker (D = $flatten\soc.\cpu.$procmux$2698_Y, Q = \soc.cpu.latched_is_lu, rval = 1'0).
Adding EN signal on $auto$ff.cc:337:slice$6789 ($sdff) from module icebreaker (D = $flatten\soc.\cpu.$procmux$2698_Y, Q = \soc.cpu.latched_is_lu).
Adding SRST signal on $flatten\soc.\cpu.$procdff$5500 ($dff) from module icebreaker (D = $flatten\soc.\cpu.$procmux$3134_Y, Q = \soc.cpu.mem_do_rinst, rval = 1'1).
Adding EN signal on $auto$ff.cc:337:slice$6799 ($sdff) from module icebreaker (D = $flatten\soc.\cpu.$procmux$3134_Y, Q = \soc.cpu.mem_do_rinst).
Adding SRST signal on $flatten\soc.\cpu.$procdff$5501 ($dff) from module icebreaker (D = $flatten\soc.\cpu.$procmux$3060_Y, Q = \soc.cpu.mem_do_rdata, rval = 1'1).
Adding EN signal on $auto$ff.cc:337:slice$6815 ($sdff) from module icebreaker (D = 1'0, Q = \soc.cpu.mem_do_rdata).
Adding SRST signal on $flatten\soc.\cpu.$procdff$5481 ($dff) from module icebreaker (D = $flatten\soc.\cpu.$procmux$3443_Y, Q = \soc.cpu.pcpi_valid, rval = 1'0).
Adding EN signal on $auto$ff.cc:337:slice$6817 ($sdff) from module icebreaker (D = $flatten\soc.\cpu.$procmux$3439_Y, Q = \soc.cpu.pcpi_valid).
Adding SRST signal on $flatten\soc.\cpu.$procdff$5480 ($dff) from module icebreaker (D = $flatten\soc.\cpu.$procmux$2625_Y, Q = \soc.cpu.trap, rval = 1'0).
Adding SRST signal on $flatten\soc.\cpu.$procdff$5512 ($dff) from module icebreaker (D = $flatten\soc.\cpu.$procmux$2844_Y, Q = \soc.cpu.irq_state, rval = 2'00).
Adding EN signal on $auto$ff.cc:337:slice$6822 ($sdff) from module icebreaker (D = $flatten\soc.\cpu.$ternary$../picorv32.v:1540$1176_Y, Q = \soc.cpu.irq_state).
Adding SRST signal on $flatten\soc.\cpu.$procdff$5502 ($dff) from module icebreaker (D = $flatten\soc.\cpu.$procmux$3056_Y, Q = \soc.cpu.mem_do_wdata, rval = 1'1).
Adding EN signal on $auto$ff.cc:337:slice$6826 ($sdff) from module icebreaker (D = 1'0, Q = \soc.cpu.mem_do_wdata).
Adding SRST signal on $flatten\soc.\cpu.$procdff$5516 ($dff) from module icebreaker (D = $flatten\soc.\cpu.$procmux$2786_Y, Q = \soc.cpu.latched_store, rval = 1'1).
Adding EN signal on $auto$ff.cc:337:slice$6828 ($sdff) from module icebreaker (D = $flatten\soc.\cpu.$procmux$2786_Y, Q = \soc.cpu.latched_store).
Adding SRST signal on $flatten\soc.\cpu.$procdff$5505 ($dff) from module icebreaker (D = $flatten\soc.\cpu.$procmux$2404_Y, Q = \soc.cpu.decoder_pseudo_trigger, rval = 1'0).
Adding EN signal on $flatten\soc.\spimemio.$procdff$5652 ($dff) from module icebreaker (D = { \soc.spimemio.xfer.ibuffer \soc.spimemio.buffer }, Q = \soc.spimemio.rdata).
Adding SRST signal on $flatten\soc.\spimemio.$procdff$5653 ($dff) from module icebreaker (D = $flatten\soc.\spimemio.$procmux$4996_Y, Q = \soc.spimemio.xfer_resetn, rval = 1'0).
Adding SRST signal on $flatten\soc.\spimemio.$procdff$5654 ($dff) from module icebreaker (D = $flatten\soc.\spimemio.$procmux$5098_Y, Q = \soc.spimemio.din_valid, rval = 1'0).
Adding EN signal on $flatten\soc.\spimemio.$procdff$5655 ($dff) from module icebreaker (D = $flatten\soc.\spimemio.$procmux$5210_Y, Q = \soc.spimemio.din_data).
Adding SRST signal on $flatten\soc.\spimemio.$procdff$5656 ($dff) from module icebreaker (D = $flatten\soc.\spimemio.$procmux$5191_Y, Q = \soc.spimemio.din_tag, rval = 4'0000).
Adding EN signal on $auto$ff.cc:337:slice$6859 ($sdff) from module icebreaker (D = $flatten\soc.\spimemio.$procmux$5191_Y, Q = \soc.spimemio.din_tag).
Adding SRST signal on $flatten\soc.\spimemio.$procdff$5658 ($dff) from module icebreaker (D = $flatten\soc.\spimemio.$procmux$5181_Y, Q = \soc.spimemio.din_qspi, rval = 1'0).
Adding SRST signal on $flatten\soc.\spimemio.$procdff$5659 ($dff) from module icebreaker (D = $flatten\soc.\spimemio.$procmux$5162_Y, Q = \soc.spimemio.din_ddr, rval = 1'0).
Adding SRST signal on $flatten\soc.\spimemio.$procdff$5660 ($dff) from module icebreaker (D = $flatten\soc.\spimemio.$procmux$5141_Y, Q = \soc.spimemio.din_rd, rval = 1'0).
Adding EN signal on $auto$ff.cc:337:slice$6871 ($sdff) from module icebreaker (D = 1'1, Q = \soc.spimemio.din_rd).
Adding EN signal on $flatten\soc.\spimemio.$procdff$5661 ($dff) from module icebreaker (D = \soc.spimemio.xfer.ibuffer, Q = \soc.spimemio.buffer [7:0]).
Adding EN signal on $flatten\soc.\spimemio.$procdff$5661 ($dff) from module icebreaker (D = \soc.spimemio.xfer.ibuffer, Q = \soc.spimemio.buffer [15:8]).
Adding EN signal on $flatten\soc.\spimemio.$procdff$5661 ($dff) from module icebreaker (D = \soc.spimemio.xfer.ibuffer, Q = \soc.spimemio.buffer [23:16]).
Adding EN signal on $flatten\soc.\spimemio.$procdff$5662 ($dff) from module icebreaker (D = $flatten\soc.\spimemio.$ternary$spimemio.v:226$540_Y [23:0], Q = \soc.spimemio.rd_addr).
Adding SRST signal on $flatten\soc.\spimemio.$procdff$5663 ($dff) from module icebreaker (D = $flatten\soc.\spimemio.$procmux$5082_Y, Q = \soc.spimemio.rd_valid, rval = 1'0).
Adding EN signal on $auto$ff.cc:337:slice$6897 ($sdff) from module icebreaker (D = 1'1, Q = \soc.spimemio.rd_valid).
Adding EN signal on $flatten\soc.\spimemio.$procdff$5664 ($dff) from module icebreaker (D = $flatten\soc.\spimemio.$procmux$5077_Y, Q = \soc.spimemio.rd_wait).
Adding SRST signal on $auto$ff.cc:337:slice$6901 ($dffe) from module icebreaker (D = $flatten\soc.\spimemio.$procmux$5075_Y, Q = \soc.spimemio.rd_wait, rval = 1'0).
Adding EN signal on $flatten\soc.\spimemio.$procdff$5665 ($dff) from module icebreaker (D = $flatten\soc.\spimemio.$procmux$5070_Y, Q = \soc.spimemio.rd_inc).
Adding SRST signal on $auto$ff.cc:337:slice$6909 ($dffe) from module icebreaker (D = $flatten\soc.\spimemio.$procmux$5058_Y, Q = \soc.spimemio.rd_inc, rval = 1'0).
Adding SRST signal on $flatten\soc.\spimemio.$procdff$5671 ($dff) from module icebreaker (D = $flatten\soc.\spimemio.$logic_or$spimemio.v:100$507_Y, Q = \soc.spimemio.softreset, rval = 1'1).
Adding SRST signal on $flatten\soc.\spimemio.$procdff$5672 ($dff) from module icebreaker (D = $flatten\soc.\spimemio.$procmux$5281_Y, Q = \soc.spimemio.config_en, rval = 1'1).
Adding EN signal on $auto$ff.cc:337:slice$6920 ($sdff) from module icebreaker (D = \soc.cpu.mem_wdata [31], Q = \soc.spimemio.config_en).
Adding SRST signal on $flatten\soc.\spimemio.$procdff$5673 ($dff) from module icebreaker (D = $flatten\soc.\spimemio.$procmux$5276_Y, Q = \soc.spimemio.config_ddr, rval = 1'0).
Adding EN signal on $auto$ff.cc:337:slice$6922 ($sdff) from module icebreaker (D = \soc.cpu.mem_wdata [22], Q = \soc.spimemio.config_ddr).
Adding SRST signal on $flatten\soc.\spimemio.$procdff$5674 ($dff) from module icebreaker (D = $flatten\soc.\spimemio.$procmux$5271_Y, Q = \soc.spimemio.config_qspi, rval = 1'0).
Adding EN signal on $auto$ff.cc:337:slice$6924 ($sdff) from module icebreaker (D = \soc.cpu.mem_wdata [21], Q = \soc.spimemio.config_qspi).
Adding SRST signal on $flatten\soc.\spimemio.$procdff$5675 ($dff) from module icebreaker (D = $flatten\soc.\spimemio.$procmux$5266_Y, Q = \soc.spimemio.config_cont, rval = 1'0).
Adding EN signal on $auto$ff.cc:337:slice$6926 ($sdff) from module icebreaker (D = \soc.cpu.mem_wdata [20], Q = \soc.spimemio.config_cont).
Adding SRST signal on $flatten\soc.\spimemio.$procdff$5676 ($dff) from module icebreaker (D = $flatten\soc.\spimemio.$procmux$5261_Y, Q = \soc.spimemio.config_dummy, rval = 4'1000).
Adding EN signal on $auto$ff.cc:337:slice$6928 ($sdff) from module icebreaker (D = \soc.cpu.mem_wdata [19:16], Q = \soc.spimemio.config_dummy).
Adding SRST signal on $flatten\soc.\spimemio.$procdff$5677 ($dff) from module icebreaker (D = $flatten\soc.\spimemio.$procmux$5256_Y, Q = \soc.spimemio.config_oe, rval = 4'0000).
Adding EN signal on $auto$ff.cc:337:slice$6930 ($sdff) from module icebreaker (D = \soc.cpu.mem_wdata [11:8], Q = \soc.spimemio.config_oe).
Adding SRST signal on $flatten\soc.\spimemio.$procdff$5678 ($dff) from module icebreaker (D = $flatten\soc.\spimemio.$procmux$5251_Y, Q = \soc.spimemio.config_csb, rval = 1'0).
Adding EN signal on $auto$ff.cc:337:slice$6932 ($sdff) from module icebreaker (D = \soc.cpu.mem_wdata [5], Q = \soc.spimemio.config_csb).
Adding SRST signal on $flatten\soc.\spimemio.$procdff$5679 ($dff) from module icebreaker (D = $flatten\soc.\spimemio.$procmux$5246_Y, Q = \soc.spimemio.config_clk, rval = 1'0).
Adding EN signal on $auto$ff.cc:337:slice$6934 ($sdff) from module icebreaker (D = \soc.cpu.mem_wdata [4], Q = \soc.spimemio.config_clk).
Adding SRST signal on $flatten\soc.\spimemio.$procdff$5680 ($dff) from module icebreaker (D = $flatten\soc.\spimemio.$procmux$5241_Y, Q = \soc.spimemio.config_do, rval = 4'0000).
Adding EN signal on $auto$ff.cc:337:slice$6936 ($sdff) from module icebreaker (D = \soc.cpu.mem_wdata [3:0], Q = \soc.spimemio.config_do).
Adding SRST signal on $flatten\soc.\spimemio.\xfer.$procdff$5477 ($dff) from module icebreaker (D = \soc.spimemio.xfer.fetch, Q = \soc.spimemio.xfer.last_fetch, rval = 1'1).
Adding SRST signal on $flatten\soc.\spimemio.\xfer.$procdff$5476 ($dff) from module icebreaker (D = \soc.spimemio.xfer.next_fetch, Q = \soc.spimemio.xfer.fetch, rval = 1'1).
Adding SRST signal on $flatten\soc.\spimemio.\xfer.$procdff$5475 ($dff) from module icebreaker (D = $flatten\soc.\spimemio.\xfer.$procmux$1485_Y, Q = \soc.spimemio.xfer.xfer_tag, rval = 4'0000).
Adding EN signal on $auto$ff.cc:337:slice$6942 ($sdff) from module icebreaker (D = \soc.spimemio.din_tag, Q = \soc.spimemio.xfer.xfer_tag).
Adding SRST signal on $flatten\soc.\spimemio.\xfer.$procdff$5474 ($dff) from module icebreaker (D = $flatten\soc.\spimemio.\xfer.$procmux$1490_Y, Q = \soc.spimemio.xfer.xfer_rd, rval = 1'0).
Adding EN signal on $auto$ff.cc:337:slice$6944 ($sdff) from module icebreaker (D = \soc.spimemio.din_rd, Q = \soc.spimemio.xfer.xfer_rd).
Adding SRST signal on $flatten\soc.\spimemio.\xfer.$procdff$5473 ($dff) from module icebreaker (D = $flatten\soc.\spimemio.\xfer.$procmux$1495_Y, Q = \soc.spimemio.xfer.xfer_qspi, rval = 1'0).
Adding EN signal on $auto$ff.cc:337:slice$6946 ($sdff) from module icebreaker (D = \soc.spimemio.din_qspi, Q = \soc.spimemio.xfer.xfer_qspi).
Adding SRST signal on $flatten\soc.\spimemio.\xfer.$procdff$5471 ($dff) from module icebreaker (D = $flatten\soc.\spimemio.\xfer.$procmux$1508_Y, Q = \soc.spimemio.xfer.dummy_count, rval = 4'0000).
Adding EN signal on $auto$ff.cc:337:slice$6948 ($sdff) from module icebreaker (D = $flatten\soc.\spimemio.\xfer.$procmux$1508_Y, Q = \soc.spimemio.xfer.dummy_count).
Adding SRST signal on $flatten\soc.\spimemio.\xfer.$procdff$5470 ($dff) from module icebreaker (D = $flatten\soc.\spimemio.\xfer.$procmux$1518_Y [3], Q = \soc.spimemio.xfer.count [3], rval = 1'0).
Adding SRST signal on $flatten\soc.\spimemio.\xfer.$procdff$5470 ($dff) from module icebreaker (D = $flatten\soc.\spimemio.\xfer.$procmux$1516_Y [2:0], Q = \soc.spimemio.xfer.count [2:0], rval = 3'000).
Adding EN signal on $auto$ff.cc:337:slice$6953 ($sdff) from module icebreaker (D = $flatten\soc.\spimemio.\xfer.$2\next_count[3:0] [2:0], Q = \soc.spimemio.xfer.count [2:0]).
Adding EN signal on $auto$ff.cc:337:slice$6952 ($sdff) from module icebreaker (D = $flatten\soc.\spimemio.\xfer.$procmux$1518_Y [3], Q = \soc.spimemio.xfer.count [3]).
Adding EN signal on $flatten\soc.\spimemio.\xfer.$procdff$5469 ($dff) from module icebreaker (D = $flatten\soc.\spimemio.\xfer.$2\next_ibuffer[7:0], Q = \soc.spimemio.xfer.ibuffer).
Adding EN signal on $flatten\soc.\spimemio.\xfer.$procdff$5468 ($dff) from module icebreaker (D = $flatten\soc.\spimemio.\xfer.$procmux$1536_Y, Q = \soc.spimemio.xfer.obuffer).
Adding SRST signal on $flatten\soc.\spimemio.\xfer.$procdff$5467 ($dff) from module icebreaker (D = $flatten\soc.\spimemio.\xfer.$procmux$1541_Y, Q = \soc.spimemio.xfer.xfer_ddr, rval = 1'0).
Adding EN signal on $auto$ff.cc:337:slice$7006 ($sdff) from module icebreaker (D = \soc.spimemio.xfer.din_ddr, Q = \soc.spimemio.xfer.xfer_ddr).
Adding SRST signal on $flatten\soc.\spimemio.\xfer.$procdff$5466 ($dff) from module icebreaker (D = $flatten\soc.\spimemio.\xfer.$procmux$1546_Y, Q = \soc.spimemio.xfer.xfer_dspi, rval = 1'0).
Adding EN signal on $auto$ff.cc:337:slice$7008 ($sdff) from module icebreaker (D = \soc.spimemio.xfer.din_dspi, Q = \soc.spimemio.xfer.xfer_dspi).
Adding SRST signal on $flatten\soc.\spimemio.\xfer.$procdff$5465 ($dff) from module icebreaker (D = $flatten\soc.\spimemio.\xfer.$procmux$1554_Y, Q = \soc.spimemio.xfer.flash_clk, rval = 1'0).
Adding EN signal on $auto$ff.cc:337:slice$7010 ($sdff) from module icebreaker (D = $flatten\soc.\spimemio.\xfer.$procmux$1554_Y, Q = \soc.spimemio.xfer.flash_clk).
Adding SRST signal on $flatten\soc.\spimemio.\xfer.$procdff$5464 ($dff) from module icebreaker (D = $flatten\soc.\spimemio.\xfer.$procmux$1561_Y, Q = \soc.spimemio.xfer.flash_csb, rval = 1'1).
Adding EN signal on $auto$ff.cc:337:slice$7018 ($sdff) from module icebreaker (D = 1'0, Q = \soc.spimemio.xfer.flash_csb).
Adding SRST signal on $flatten\soc.\cpu.$procdff$5495 ($dff) from module icebreaker (D = $flatten\soc.\cpu.$procmux$3225_Y, Q = \soc.cpu.irq_mask, rval = 32'11111111111111111111111111111111).
Adding EN signal on $auto$ff.cc:337:slice$7020 ($sdff) from module icebreaker (D = \soc.cpu.cpuregs_rs1, Q = \soc.cpu.irq_mask).
Adding SRST signal on $flatten\soc.\cpu.$procdff$5523 ($dff) from module icebreaker (D = $flatten\soc.\cpu.$procmux$2672_Y, Q = \soc.cpu.latched_is_lb, rval = 1'0).
Adding EN signal on $auto$ff.cc:337:slice$7024 ($sdff) from module icebreaker (D = $flatten\soc.\cpu.$procmux$2672_Y, Q = \soc.cpu.latched_is_lb).
Adding SRST signal on $flatten\soc.\cpu.$procdff$5522 ($dff) from module icebreaker (D = $flatten\soc.\cpu.$procmux$2685_Y, Q = \soc.cpu.latched_is_lh, rval = 1'0).
Adding EN signal on $auto$ff.cc:337:slice$7034 ($sdff) from module icebreaker (D = $flatten\soc.\cpu.$procmux$2685_Y, Q = \soc.cpu.latched_is_lh).
Adding SRST signal on $flatten\soc.\cpu.$procdff$5496 ($dff) from module icebreaker (D = { $flatten\soc.\cpu.$2\next_irq_pending[31:0] [31:3] $flatten\soc.\cpu.$2\next_irq_pending[31:0] [1] }, Q = { \soc.cpu.irq_pending [31:3] \soc.cpu.irq_pending [1] }, rval = 30'000000000000000000000000000000).
Adding EN signal on $auto$ff.cc:337:slice$7044 ($sdff) from module icebreaker (D = $flatten\soc.\cpu.$2\next_irq_pending[31:0] [1], Q = \soc.cpu.irq_pending [1]).
Adding EN signal on $auto$ff.cc:337:slice$7044 ($sdff) from module icebreaker (D = $flatten\soc.\cpu.$2\next_irq_pending[31:0] [31:3], Q = \soc.cpu.irq_pending [31:3]).
Adding SRST signal on $flatten\soc.\cpu.$procdff$5486 ($dff) from module icebreaker (D = $flatten\soc.\cpu.$procmux$3399_Y, Q = \soc.cpu.count_instr, rval = 64'0000000000000000000000000000000000000000000000000000000000000000).
Adding EN signal on $auto$ff.cc:337:slice$7068 ($sdff) from module icebreaker (D = $flatten\soc.\cpu.$add$../picorv32.v:1564$1186_Y, Q = \soc.cpu.count_instr).
Adding SRST signal on $flatten\soc.\cpu.$procdff$5517 ($dff) from module icebreaker (D = $flatten\soc.\cpu.$procmux$2779_Y, Q = \soc.cpu.latched_stalu, rval = 1'0).
Adding EN signal on $auto$ff.cc:337:slice$7076 ($sdff) from module icebreaker (D = $flatten\soc.\cpu.$procmux$2779_Y, Q = \soc.cpu.latched_stalu).
Adding EN signal on $flatten\soc.\cpu.$procdff$5490 ($dff) from module icebreaker (D = $flatten\soc.\cpu.$procmux$3282_Y, Q = \soc.cpu.reg_op2).
Adding SRST signal on $flatten\soc.\cpu.$procdff$5526 ($dff) from module icebreaker (D = $flatten\soc.\cpu.$procmux$2631_Y, Q = \soc.cpu.pcpi_timeout_counter, rval = 4'1111).
Adding EN signal on $auto$ff.cc:337:slice$7087 ($sdff) from module icebreaker (D = $flatten\soc.\cpu.$sub$../picorv32.v:1426$1130_Y [3:0], Q = \soc.cpu.pcpi_timeout_counter).
Adding SRST signal on $flatten\soc.\cpu.$procdff$5527 ($dff) from module icebreaker (D = $flatten\soc.\cpu.$logic_not$../picorv32.v:1429$1131_Y, Q = \soc.cpu.pcpi_timeout, rval = 1'0).
Adding SRST signal on $flatten\soc.\cpu.$procdff$5529 ($dff) from module icebreaker (D = $flatten\soc.\cpu.$procmux$2390_Y, Q = \soc.cpu.do_waitirq, rval = 1'0).
Adding SRST signal on $flatten\soc.\cpu.$procdff$5485 ($dff) from module icebreaker (D = $flatten\soc.\cpu.$add$../picorv32.v:1433$1132_Y, Q = \soc.cpu.count_cycle, rval = 64'0000000000000000000000000000000000000000000000000000000000000000).
Adding SRST signal on $flatten\soc.\cpu.$procdff$5488 ($dff) from module icebreaker (D = $flatten\soc.\cpu.$procmux$3367_Y, Q = \soc.cpu.reg_next_pc, rval = 1048576).
Adding EN signal on $auto$ff.cc:337:slice$7100 ($sdff) from module icebreaker (D = $flatten\soc.\cpu.$procmux$3365_Y, Q = \soc.cpu.reg_next_pc).
Adding SRST signal on $flatten\soc.\cpu.$procdff$5493 ($dff) from module icebreaker (D = $flatten\soc.\cpu.$procmux$3269_Y, Q = \soc.cpu.irq_delay, rval = 1'0).
Adding EN signal on $auto$ff.cc:337:slice$7102 ($sdff) from module icebreaker (D = \soc.cpu.irq_active, Q = \soc.cpu.irq_delay).
Adding SRST signal on $flatten\soc.\spimem_cache.$procdff$5634 ($dff) from module icebreaker (D = $flatten\soc.\spimem_cache.$procmux$4965_Y, Q = \soc.spimem_cache.hit_count, rval = 0).
Adding SRST signal on $flatten\soc.\spimem_cache.$procdff$5635 ($dff) from module icebreaker (D = $flatten\soc.\spimem_cache.$procmux$4954_Y, Q = \soc.spimem_cache.miss_count, rval = 0).
Adding EN signal on $flatten\soc.\cpu.$procdff$5630 ($dff) from module icebreaker (D = \soc.cpu.mem_rdata, Q = \soc.cpu.mem_rdata_q).
Adding EN signal on $flatten\soc.\cpu.$procdff$5625 ($dff) from module icebreaker (D = $flatten\soc.\cpu.$0\mem_state[1:0], Q = \soc.cpu.mem_state).
Adding EN signal on $flatten\soc.\cpu.$procdff$5624 ($dff) from module icebreaker (D = $flatten\soc.\cpu.$procmux$4366_Y, Q = \soc.cpu.mem_wstrb).
Adding EN signal on $flatten\soc.\cpu.$procdff$5623 ($dff) from module icebreaker (D = \soc.cpu.mem_la_wdata, Q = \soc.cpu.mem_wdata).
Adding EN signal on $flatten\soc.\cpu.$procdff$5622 ($dff) from module icebreaker (D = \soc.cpu.mem_la_addr, Q = \soc.cpu.mem_addr).
Adding EN signal on $flatten\soc.\cpu.$procdff$5552 ($dff) from module icebreaker (D = $flatten\soc.\cpu.$logic_and$../picorv32.v:1054$899_Y, Q = \soc.cpu.instr_sh).
Adding EN signal on $flatten\soc.\cpu.$procdff$5602 ($dff) from module icebreaker (D = $flatten\soc.\cpu.$eq$../picorv32.v:877$819_Y, Q = \soc.cpu.is_alu_reg_imm).
Adding SRST signal on $flatten\soc.\cpu.$procdff$5600 ($dff) from module icebreaker (D = $flatten\soc.\cpu.$procmux$3740_Y, Q = \soc.cpu.is_beq_bne_blt_bge_bltu_bgeu, rval = 1'0).
Adding EN signal on $auto$ff.cc:337:slice$7141 ($sdff) from module icebreaker (D = $flatten\soc.\cpu.$eq$../picorv32.v:874$816_Y, Q = \soc.cpu.is_beq_bne_blt_bge_bltu_bgeu).
Adding SRST signal on $flatten\soc.\cpu.$procdff$5597 ($dff) from module icebreaker (D = $flatten\soc.\cpu.$reduce_or$../picorv32.v:860$796_Y, Q = \soc.cpu.is_lui_auipc_jal_jalr_addi_add_sub, rval = 1'0).
Adding EN signal on $flatten\soc.\cpu.$procdff$5596 ($dff) from module icebreaker (D = $flatten\soc.\cpu.$logic_and$../picorv32.v:1110$1052_Y, Q = \soc.cpu.is_sll_srl_sra).
Adding EN signal on $flatten\soc.\cpu.$procdff$5595 ($dff) from module icebreaker (D = $flatten\soc.\cpu.$eq$../picorv32.v:876$818_Y, Q = \soc.cpu.is_sb_sh_sw).
Adding EN signal on $flatten\soc.\cpu.$procdff$5594 ($dff) from module icebreaker (D = $flatten\soc.\cpu.$logic_or$../picorv32.v:1101$1041_Y, Q = \soc.cpu.is_jalr_addi_slti_sltiu_xori_ori_andi).
Adding SRST signal on $flatten\soc.\cpu.$procdff$5604 ($dff) from module icebreaker (D = $flatten\soc.\cpu.$reduce_or$../picorv32.v:864$800_Y, Q = \soc.cpu.is_compare, rval = 1'0).
Adding EN signal on $flatten\soc.\cpu.$procdff$5603 ($dff) from module icebreaker (D = $flatten\soc.\cpu.$eq$../picorv32.v:878$820_Y, Q = \soc.cpu.is_alu_reg_reg).
Adding EN signal on $flatten\soc.\cpu.$procdff$5551 ($dff) from module icebreaker (D = $flatten\soc.\cpu.$logic_and$../picorv32.v:1053$897_Y, Q = \soc.cpu.instr_sb).
Adding EN signal on $flatten\soc.\cpu.$procdff$5593 ($dff) from module icebreaker (D = $flatten\soc.\cpu.$logic_and$../picorv32.v:1095$1032_Y, Q = \soc.cpu.is_slli_srli_srai).
Adding EN signal on $flatten\soc.\cpu.$procdff$5592 ($dff) from module icebreaker (D = $flatten\soc.\cpu.$eq$../picorv32.v:875$817_Y, Q = \soc.cpu.is_lb_lh_lw_lbu_lhu).
Adding EN signal on $flatten\soc.\cpu.\genblk1.pcpi_mul.$procdff$5458 ($dff) from module icebreaker (D = $flatten\soc.\cpu.\genblk1.pcpi_mul.$procmux$1419_Y, Q = \soc.cpu.genblk1.pcpi_mul.rs2).
Adding SRST signal on $auto$ff.cc:337:slice$7156 ($dffe) from module icebreaker (D = \soc.cpu.reg_op2 [31], Q = \soc.cpu.genblk1.pcpi_mul.rs2 [32], rval = 1'0).
Adding EN signal on $flatten\soc.\cpu.\genblk1.pcpi_mul.$procdff$5457 ($dff) from module icebreaker (D = $flatten\soc.\cpu.\genblk1.pcpi_mul.$procmux$1425_Y, Q = \soc.cpu.genblk1.pcpi_mul.rs1).
Adding SRST signal on $auto$ff.cc:337:slice$7159 ($dffe) from module icebreaker (D = \soc.cpu.reg_op1 [31], Q = \soc.cpu.genblk1.pcpi_mul.rs1 [32], rval = 1'0).
Adding SRST signal on $flatten\soc.\cpu.\genblk1.pcpi_mul.$procdff$5456 ($dff) from module icebreaker (D = { \soc.cpu.genblk1.pcpi_mul.active [2:0] $flatten\soc.\cpu.\genblk1.pcpi_mul.$procmux$1413_Y }, Q = \soc.cpu.genblk1.pcpi_mul.active, rval = 4'0000).
Adding EN signal on $flatten\soc.\cpu.$procdff$5590 ($dff) from module icebreaker (D = 1'0, Q = \soc.cpu.compressed_instr).
Adding SRST signal on $flatten\soc.\cpu.$procdff$5487 ($dff) from module icebreaker (D = $flatten\soc.\cpu.$procmux$3379_Y, Q = \soc.cpu.reg_pc, rval = 1048576).
Adding EN signal on $auto$ff.cc:337:slice$7164 ($sdff) from module icebreaker (D = $flatten\soc.\cpu.$3\current_pc[31:0], Q = \soc.cpu.reg_pc).
Adding EN signal on $flatten\soc.\cpu.$procdff$5589 ($dff) from module icebreaker (D = { \soc.cpu.mem_rdata_latched [31] \soc.cpu.mem_rdata_latched [31] \soc.cpu.mem_rdata_latched [31] \soc.cpu.mem_rdata_latched [31] \soc.cpu.mem_rdata_latched [31] \soc.cpu.mem_rdata_latched [31] \soc.cpu.mem_rdata_latched [31] \soc.cpu.mem_rdata_latched [31] \soc.cpu.mem_rdata_latched [31] \soc.cpu.mem_rdata_latched [31] \soc.cpu.mem_rdata_latched [31] \soc.cpu.mem_rdata_latched [31] \soc.cpu.mem_rdata_latched [19:12] \soc.cpu.mem_rdata_latched [20] \soc.cpu.mem_rdata_latched [30:21] 1'0 }, Q = \soc.cpu.decoded_imm_j).
Adding EN signal on $flatten\soc.\cpu.$procdff$5550 ($dff) from module icebreaker (D = $flatten\soc.\cpu.$logic_and$../picorv32.v:1051$895_Y, Q = \soc.cpu.instr_lhu).
Adding EN signal on $flatten\soc.\cpu.$procdff$5588 ($dff) from module icebreaker (D = $flatten\soc.\cpu.$procmux$3786_Y, Q = \soc.cpu.decoded_imm).
Adding EN signal on $flatten\soc.\cpu.$procdff$5587 ($dff) from module icebreaker (D = \soc.cpu.mem_rdata_latched [24:20], Q = \soc.cpu.decoded_rs2).
Adding EN signal on $flatten\soc.\cpu.$procdff$5549 ($dff) from module icebreaker (D = $flatten\soc.\cpu.$logic_and$../picorv32.v:1050$893_Y, Q = \soc.cpu.instr_lbu).
Adding EN signal on $flatten\soc.\cpu.$procdff$5586 ($dff) from module icebreaker (D = { $flatten\soc.\cpu.$procmux$3541_Y $flatten\soc.\cpu.$procmux$3625_Y }, Q = \soc.cpu.decoded_rs1).
Adding SRST signal on $auto$ff.cc:337:slice$7171 ($dffe) from module icebreaker (D = \soc.cpu.mem_rdata_latched [19:15], Q = \soc.cpu.decoded_rs1, rval = 5'00011).
Adding EN signal on $flatten\soc.\cpu.$procdff$5585 ($dff) from module icebreaker (D = \soc.cpu.mem_rdata_latched [11:7], Q = \soc.cpu.decoded_rd).
Adding SRST signal on $flatten\soc.\cpu.$procdff$5494 ($dff) from module icebreaker (D = $flatten\soc.\cpu.$procmux$3244_Y, Q = \soc.cpu.irq_active, rval = 1'0).
Adding EN signal on $auto$ff.cc:337:slice$7174 ($sdff) from module icebreaker (D = $flatten\soc.\cpu.$procmux$3244_Y, Q = \soc.cpu.irq_active).
Adding EN signal on $flatten\soc.\cpu.$procdff$5584 ($dff) from module icebreaker (D = $flatten\soc.\cpu.$logic_and$../picorv32.v:1093$1019_Y, Q = \soc.cpu.instr_timer).
Adding EN signal on $flatten\soc.\cpu.$procdff$5583 ($dff) from module icebreaker (D = $flatten\soc.\cpu.$logic_and$../picorv32.v:872$814_Y, Q = \soc.cpu.instr_waitirq).
Adding EN signal on $flatten\soc.\cpu.$procdff$5582 ($dff) from module icebreaker (D = $flatten\soc.\cpu.$logic_and$../picorv32.v:1092$1015_Y, Q = \soc.cpu.instr_maskirq).
Adding EN signal on $flatten\soc.\cpu.$procdff$5581 ($dff) from module icebreaker (D = $flatten\soc.\cpu.$logic_and$../picorv32.v:871$810_Y, Q = \soc.cpu.instr_retirq).
Adding EN signal on $flatten\soc.\cpu.$procdff$5580 ($dff) from module icebreaker (D = 1'0, Q = \soc.cpu.instr_setq).
Adding EN signal on $flatten\soc.\cpu.$procdff$5579 ($dff) from module icebreaker (D = 1'0, Q = \soc.cpu.instr_getq).
Adding SRST signal on $flatten\soc.\cpu.$procdff$5578 ($dff) from module icebreaker (D = $flatten\soc.\cpu.$procmux$3886_Y, Q = \soc.cpu.instr_fence, rval = 1'0).
Adding EN signal on $auto$ff.cc:337:slice$7190 ($sdff) from module icebreaker (D = $flatten\soc.\cpu.$logic_and$../picorv32.v:1088$1002_Y, Q = \soc.cpu.instr_fence).
Adding EN signal on $flatten\soc.\cpu.$procdff$5577 ($dff) from module icebreaker (D = $flatten\soc.\cpu.$logic_and$../picorv32.v:1086$996_Y, Q = \soc.cpu.instr_ecall_ebreak).
Adding SRST signal on $flatten\soc.\cpu.$procdff$5518 ($dff) from module icebreaker (D = $flatten\soc.\cpu.$procmux$2743_Y, Q = \soc.cpu.latched_branch, rval = 1'0).
Adding EN signal on $auto$ff.cc:337:slice$7193 ($sdff) from module icebreaker (D = $flatten\soc.\cpu.$procmux$2743_Y, Q = \soc.cpu.latched_branch).
Adding EN signal on $flatten\soc.\cpu.$procdff$5519 ($dff) from module icebreaker (D = \soc.cpu.compressed_instr, Q = \soc.cpu.latched_compr).
Adding EN signal on $flatten\soc.\cpu.$procdff$5576 ($dff) from module icebreaker (D = $flatten\soc.\cpu.$logic_and$../picorv32.v:1084$989_Y, Q = \soc.cpu.instr_rdinstrh).
Adding EN signal on $flatten\soc.\cpu.$procdff$5575 ($dff) from module icebreaker (D = $flatten\soc.\cpu.$logic_and$../picorv32.v:1083$985_Y, Q = \soc.cpu.instr_rdinstr).
Adding EN signal on $flatten\soc.\cpu.$procdff$5574 ($dff) from module icebreaker (D = $flatten\soc.\cpu.$logic_and$../picorv32.v:1081$981_Y, Q = \soc.cpu.instr_rdcycleh).
Adding EN signal on $flatten\soc.\cpu.$procdff$5573 ($dff) from module icebreaker (D = $flatten\soc.\cpu.$logic_and$../picorv32.v:1079$973_Y, Q = \soc.cpu.instr_rdcycle).
Adding SRST signal on $flatten\soc.\cpu.$procdff$5572 ($dff) from module icebreaker (D = $flatten\soc.\cpu.$procmux$3900_Y, Q = \soc.cpu.instr_and, rval = 1'0).
Adding EN signal on $auto$ff.cc:337:slice$7210 ($sdff) from module icebreaker (D = $flatten\soc.\cpu.$logic_and$../picorv32.v:1077$965_Y, Q = \soc.cpu.instr_and).
Adding SRST signal on $flatten\soc.\cpu.$procdff$5571 ($dff) from module icebreaker (D = $flatten\soc.\cpu.$procmux$3904_Y, Q = \soc.cpu.instr_or, rval = 1'0).
Adding EN signal on $auto$ff.cc:337:slice$7212 ($sdff) from module icebreaker (D = $flatten\soc.\cpu.$logic_and$../picorv32.v:1076$961_Y, Q = \soc.cpu.instr_or).
Adding SRST signal on $flatten\soc.\cpu.$procdff$5570 ($dff) from module icebreaker (D = $flatten\soc.\cpu.$procmux$3908_Y, Q = \soc.cpu.instr_sra, rval = 1'0).
Adding EN signal on $auto$ff.cc:337:slice$7214 ($sdff) from module icebreaker (D = $flatten\soc.\cpu.$logic_and$../picorv32.v:1075$957_Y, Q = \soc.cpu.instr_sra).
Adding SRST signal on $flatten\soc.\cpu.$procdff$5569 ($dff) from module icebreaker (D = $flatten\soc.\cpu.$procmux$3912_Y, Q = \soc.cpu.instr_srl, rval = 1'0).
Adding EN signal on $auto$ff.cc:337:slice$7216 ($sdff) from module icebreaker (D = $flatten\soc.\cpu.$logic_and$../picorv32.v:1074$953_Y, Q = \soc.cpu.instr_srl).
Adding SRST signal on $flatten\soc.\cpu.$procdff$5568 ($dff) from module icebreaker (D = $flatten\soc.\cpu.$procmux$3916_Y, Q = \soc.cpu.instr_xor, rval = 1'0).
Adding EN signal on $auto$ff.cc:337:slice$7218 ($sdff) from module icebreaker (D = $flatten\soc.\cpu.$logic_and$../picorv32.v:1073$949_Y, Q = \soc.cpu.instr_xor).
Adding SRST signal on $flatten\soc.\cpu.$procdff$5567 ($dff) from module icebreaker (D = $flatten\soc.\cpu.$procmux$3920_Y, Q = \soc.cpu.instr_sltu, rval = 1'0).
Adding EN signal on $auto$ff.cc:337:slice$7220 ($sdff) from module icebreaker (D = $flatten\soc.\cpu.$logic_and$../picorv32.v:1072$945_Y, Q = \soc.cpu.instr_sltu).
Adding SRST signal on $flatten\soc.\cpu.$procdff$5566 ($dff) from module icebreaker (D = $flatten\soc.\cpu.$procmux$3924_Y, Q = \soc.cpu.instr_slt, rval = 1'0).
Adding EN signal on $auto$ff.cc:337:slice$7222 ($sdff) from module icebreaker (D = $flatten\soc.\cpu.$logic_and$../picorv32.v:1071$941_Y, Q = \soc.cpu.instr_slt).
Adding SRST signal on $flatten\soc.\cpu.$procdff$5565 ($dff) from module icebreaker (D = $flatten\soc.\cpu.$procmux$3928_Y, Q = \soc.cpu.instr_sll, rval = 1'0).
Adding EN signal on $auto$ff.cc:337:slice$7224 ($sdff) from module icebreaker (D = $flatten\soc.\cpu.$logic_and$../picorv32.v:1070$937_Y, Q = \soc.cpu.instr_sll).
Adding SRST signal on $flatten\soc.\cpu.$procdff$5564 ($dff) from module icebreaker (D = $flatten\soc.\cpu.$procmux$3932_Y, Q = \soc.cpu.instr_sub, rval = 1'0).
Adding EN signal on $auto$ff.cc:337:slice$7226 ($sdff) from module icebreaker (D = $flatten\soc.\cpu.$logic_and$../picorv32.v:1069$933_Y, Q = \soc.cpu.instr_sub).
Adding SRST signal on $flatten\soc.\cpu.$procdff$5563 ($dff) from module icebreaker (D = $flatten\soc.\cpu.$procmux$3936_Y, Q = \soc.cpu.instr_add, rval = 1'0).
Adding EN signal on $auto$ff.cc:337:slice$7228 ($sdff) from module icebreaker (D = $flatten\soc.\cpu.$logic_and$../picorv32.v:1068$929_Y, Q = \soc.cpu.instr_add).
Adding EN signal on $flatten\soc.\cpu.$procdff$5562 ($dff) from module icebreaker (D = $flatten\soc.\cpu.$logic_and$../picorv32.v:1066$925_Y, Q = \soc.cpu.instr_srai).
Adding EN signal on $flatten\soc.\cpu.$procdff$5539 ($dff) from module icebreaker (D = $flatten\soc.\cpu.$logic_and$../picorv32.v:870$807_Y, Q = \soc.cpu.instr_jalr).
Adding EN signal on $flatten\soc.\cpu.$procdff$5561 ($dff) from module icebreaker (D = $flatten\soc.\cpu.$logic_and$../picorv32.v:1065$921_Y, Q = \soc.cpu.instr_srli).
Adding EN signal on $flatten\soc.\cpu.$procdff$5620 ($dff) from module icebreaker (D = $flatten\soc.\cpu.$0\mem_valid[0:0], Q = \soc.cpu.mem_valid).
Adding EN signal on $flatten\soc.\cpu.$procdff$5560 ($dff) from module icebreaker (D = $flatten\soc.\cpu.$logic_and$../picorv32.v:1064$917_Y, Q = \soc.cpu.instr_slli).
Adding SRST signal on $flatten\soc.\cpu.$procdff$5559 ($dff) from module icebreaker (D = $flatten\soc.\cpu.$procmux$3946_Y, Q = \soc.cpu.instr_andi, rval = 1'0).
Adding EN signal on $auto$ff.cc:337:slice$7245 ($sdff) from module icebreaker (D = $flatten\soc.\cpu.$logic_and$../picorv32.v:1062$913_Y, Q = \soc.cpu.instr_andi).
Adding SRST signal on $flatten\soc.\cpu.$procdff$5558 ($dff) from module icebreaker (D = $flatten\soc.\cpu.$procmux$3950_Y, Q = \soc.cpu.instr_ori, rval = 1'0).
Adding EN signal on $auto$ff.cc:337:slice$7247 ($sdff) from module icebreaker (D = $flatten\soc.\cpu.$logic_and$../picorv32.v:1061$911_Y, Q = \soc.cpu.instr_ori).
Adding SRST signal on $flatten\soc.\cpu.$procdff$5557 ($dff) from module icebreaker (D = $flatten\soc.\cpu.$procmux$3954_Y, Q = \soc.cpu.instr_xori, rval = 1'0).
Adding EN signal on $auto$ff.cc:337:slice$7249 ($sdff) from module icebreaker (D = $flatten\soc.\cpu.$logic_and$../picorv32.v:1060$909_Y, Q = \soc.cpu.instr_xori).
Adding SRST signal on $flatten\soc.\cpu.$procdff$5556 ($dff) from module icebreaker (D = $flatten\soc.\cpu.$procmux$3958_Y, Q = \soc.cpu.instr_sltiu, rval = 1'0).
Adding EN signal on $auto$ff.cc:337:slice$7251 ($sdff) from module icebreaker (D = $flatten\soc.\cpu.$logic_and$../picorv32.v:1059$907_Y, Q = \soc.cpu.instr_sltiu).
Adding SRST signal on $flatten\soc.\cpu.$procdff$5555 ($dff) from module icebreaker (D = $flatten\soc.\cpu.$procmux$3962_Y, Q = \soc.cpu.instr_slti, rval = 1'0).
Adding EN signal on $auto$ff.cc:337:slice$7253 ($sdff) from module icebreaker (D = $flatten\soc.\cpu.$logic_and$../picorv32.v:1058$905_Y, Q = \soc.cpu.instr_slti).
Adding SRST signal on $flatten\soc.\cpu.$procdff$5554 ($dff) from module icebreaker (D = $flatten\soc.\cpu.$procmux$3966_Y, Q = \soc.cpu.instr_addi, rval = 1'0).
Adding EN signal on $auto$ff.cc:337:slice$7255 ($sdff) from module icebreaker (D = $flatten\soc.\cpu.$logic_and$../picorv32.v:1057$903_Y, Q = \soc.cpu.instr_addi).
Adding EN signal on $flatten\soc.\cpu.$procdff$5553 ($dff) from module icebreaker (D = $flatten\soc.\cpu.$logic_and$../picorv32.v:1055$901_Y, Q = \soc.cpu.instr_sw).
Adding EN signal on $flatten\soc.\cpu.$procdff$5538 ($dff) from module icebreaker (D = $flatten\soc.\cpu.$eq$../picorv32.v:869$804_Y, Q = \soc.cpu.instr_jal).
Adding EN signal on $flatten\soc.\cpu.$procdff$5548 ($dff) from module icebreaker (D = $flatten\soc.\cpu.$logic_and$../picorv32.v:1049$891_Y, Q = \soc.cpu.instr_lw).
Adding EN signal on $flatten\soc.\cpu.$procdff$5547 ($dff) from module icebreaker (D = $flatten\soc.\cpu.$logic_and$../picorv32.v:1048$889_Y, Q = \soc.cpu.instr_lh).
Adding EN signal on $flatten\soc.\cpu.$procdff$5546 ($dff) from module icebreaker (D = $flatten\soc.\cpu.$logic_and$../picorv32.v:1047$887_Y, Q = \soc.cpu.instr_lb).
Adding SRST signal on $flatten\soc.\cpu.$procdff$5545 ($dff) from module icebreaker (D = $flatten\soc.\cpu.$procmux$3986_Y, Q = \soc.cpu.instr_bgeu, rval = 1'0).
Adding EN signal on $auto$ff.cc:337:slice$7262 ($sdff) from module icebreaker (D = $flatten\soc.\cpu.$logic_and$../picorv32.v:1045$885_Y, Q = \soc.cpu.instr_bgeu).
Adding SRST signal on $flatten\soc.\cpu.$procdff$5544 ($dff) from module icebreaker (D = $flatten\soc.\cpu.$procmux$3990_Y, Q = \soc.cpu.instr_bltu, rval = 1'0).
Adding EN signal on $auto$ff.cc:337:slice$7264 ($sdff) from module icebreaker (D = $flatten\soc.\cpu.$logic_and$../picorv32.v:1044$883_Y, Q = \soc.cpu.instr_bltu).
Adding SRST signal on $flatten\soc.\cpu.$procdff$5543 ($dff) from module icebreaker (D = $flatten\soc.\cpu.$procmux$3994_Y, Q = \soc.cpu.instr_bge, rval = 1'0).
Adding EN signal on $auto$ff.cc:337:slice$7266 ($sdff) from module icebreaker (D = $flatten\soc.\cpu.$logic_and$../picorv32.v:1043$881_Y, Q = \soc.cpu.instr_bge).
Adding SRST signal on $flatten\soc.\cpu.$procdff$5542 ($dff) from module icebreaker (D = $flatten\soc.\cpu.$procmux$3998_Y, Q = \soc.cpu.instr_blt, rval = 1'0).
Adding EN signal on $auto$ff.cc:337:slice$7268 ($sdff) from module icebreaker (D = $flatten\soc.\cpu.$logic_and$../picorv32.v:1042$879_Y, Q = \soc.cpu.instr_blt).
Adding SRST signal on $flatten\soc.\cpu.$procdff$5541 ($dff) from module icebreaker (D = $flatten\soc.\cpu.$procmux$4002_Y, Q = \soc.cpu.instr_bne, rval = 1'0).
Adding EN signal on $auto$ff.cc:337:slice$7270 ($sdff) from module icebreaker (D = $flatten\soc.\cpu.$logic_and$../picorv32.v:1041$877_Y, Q = \soc.cpu.instr_bne).
Adding SRST signal on $flatten\soc.\cpu.$procdff$5540 ($dff) from module icebreaker (D = $flatten\soc.\cpu.$procmux$4006_Y, Q = \soc.cpu.instr_beq, rval = 1'0).
Adding EN signal on $auto$ff.cc:337:slice$7272 ($sdff) from module icebreaker (D = $flatten\soc.\cpu.$logic_and$../picorv32.v:1040$875_Y, Q = \soc.cpu.instr_beq).
Adding EN signal on $flatten\soc.\cpu.$procdff$5537 ($dff) from module icebreaker (D = $flatten\soc.\cpu.$eq$../picorv32.v:868$803_Y, Q = \soc.cpu.instr_auipc).
Adding EN signal on $flatten\soc.\cpu.$procdff$5536 ($dff) from module icebreaker (D = $flatten\soc.\cpu.$eq$../picorv32.v:867$802_Y, Q = \soc.cpu.instr_lui).
Adding EN signal on $flatten\soc.\cpu.$procdff$5535 ($dff) from module icebreaker (D = \soc.cpu.mem_rdata_q, Q = \soc.cpu.pcpi_insn).
Setting constant 0-bit at position 0 on $auto$ff.cc:337:slice$7189 ($dffe) from module icebreaker.
Setting constant 0-bit at position 0 on $auto$ff.cc:337:slice$7188 ($dffe) from module icebreaker.
Setting constant 0-bit at position 0 on $auto$ff.cc:337:slice$7166 ($dffe) from module icebreaker.
Setting constant 0-bit at position 0 on $auto$ff.cc:337:slice$7163 ($dffe) from module icebreaker.
Setting constant 1-bit at position 0 on $auto$ff.cc:337:slice$6695 ($sdffe) from module icebreaker.

7.13.7. Executing OPT_CLEAN pass (remove unused cells and wires).
Finding unused cells or wires in module \icebreaker..
Removed 302 unused cells and 360 unused wires.
<suppressed ~304 debug messages>

7.13.8. Executing OPT_EXPR pass (perform const folding).
Optimizing module icebreaker.
<suppressed ~36 debug messages>

7.13.9. Rerunning OPT passes. (Maybe there is more to do..)

7.13.10. Executing OPT_MUXTREE pass (detect dead branches in mux trees).
Running muxtree optimizer on module \icebreaker..
  Creating internal representation of mux trees.
  Evaluating internal representation of mux trees.
  Analyzing evaluation results.
Removed 0 multiplexer ports.
<suppressed ~575 debug messages>

7.13.11. Executing OPT_REDUCE pass (consolidate $*mux and $reduce_* inputs).
  Optimizing cells in module \icebreaker.
    New input vector for $reduce_and cell $auto$opt_dff.cc:252:make_patterns_logic$7086: { \soc.cpu.cpu_state [2] \reset_cnt }
    New input vector for $reduce_and cell $auto$opt_dff.cc:252:make_patterns_logic$6776: { \reset_cnt $auto$opt_dff.cc:234:make_patterns_logic$6761 $auto$opt_dff.cc:234:make_patterns_logic$6763 $auto$opt_dff.cc:234:make_patterns_logic$6765 $auto$opt_dff.cc:234:make_patterns_logic$6767 $auto$opt_dff.cc:234:make_patterns_logic$6769 $auto$opt_dff.cc:234:make_patterns_logic$6771 $auto$opt_dff.cc:234:make_patterns_logic$6773 }
    New input vector for $reduce_and cell $auto$opt_dff.cc:278:combine_resets$6840: { $flatten\soc.\cpu.$logic_or$../picorv32.v:1857$1257_Y \reset_cnt $auto$fsm_map.cc:102:implement_pattern_cache$6206 }
    New input vector for $reduce_and cell $auto$opt_dff.cc:252:make_patterns_logic$6788: { \soc.cpu.cpu_state [1] \soc.cpu.decoder_trigger \reset_cnt $auto$rtlil.cc:3197:Not$6782 $auto$rtlil.cc:3197:Not$6784 $auto$rtlil.cc:3197:Not$6786 }
    New input vector for $reduce_and cell $auto$opt_dff.cc:252:make_patterns_logic$7205: { \soc.cpu.cpu_state [1] \reset_cnt $auto$rtlil.cc:3197:Not$7203 }
    New input vector for $reduce_and cell $auto$opt_dff.cc:252:make_patterns_logic$6759: { \reset_cnt $auto$opt_dff.cc:234:make_patterns_logic$6742 $auto$opt_dff.cc:234:make_patterns_logic$6744 $auto$opt_dff.cc:234:make_patterns_logic$6746 $auto$opt_dff.cc:234:make_patterns_logic$6748 $auto$opt_dff.cc:234:make_patterns_logic$6750 $auto$opt_dff.cc:234:make_patterns_logic$6752 $auto$opt_dff.cc:234:make_patterns_logic$6754 $auto$opt_dff.cc:234:make_patterns_logic$6756 }
    New input vector for $reduce_and cell $auto$opt_dff.cc:252:make_patterns_logic$6662: { $logic_and$icebreaker.v:113$395_Y \reset_cnt }
    New ctrl vector for $pmux cell $flatten\soc.\cpu.$procmux$1900: { \soc.cpu.cpu_state [1] \soc.cpu.cpu_state [2] }
  Optimizing cells in module \icebreaker.
Performed a total of 8 changes.

7.13.12. Executing OPT_MERGE pass (detect identical cells).
Finding identical cells in module `\icebreaker'.
Computing hashes of 1527 cells of `\icebreaker'.
Finding duplicate cells in `\icebreaker'.
Computing hashes of 1480 cells of `\icebreaker'.
Finding duplicate cells in `\icebreaker'.
Computing hashes of 1475 cells of `\icebreaker'.
Finding duplicate cells in `\icebreaker'.
<suppressed ~156 debug messages>
Removed a total of 52 cells.

7.13.13. Executing OPT_DFF pass (perform DFF optimizations).
Setting constant 0-bit at position 0 on $auto$ff.cc:337:slice$7201 ($dffe) from module icebreaker.

7.13.14. Executing OPT_CLEAN pass (remove unused cells and wires).
Finding unused cells or wires in module \icebreaker..
Removed 1 unused cells and 54 unused wires.
<suppressed ~2 debug messages>

7.13.15. Executing OPT_EXPR pass (perform const folding).
Optimizing module icebreaker.
<suppressed ~2 debug messages>

7.13.16. Rerunning OPT passes. (Maybe there is more to do..)

7.13.17. Executing OPT_MUXTREE pass (detect dead branches in mux trees).
Running muxtree optimizer on module \icebreaker..
  Creating internal representation of mux trees.
  Evaluating internal representation of mux trees.
  Analyzing evaluation results.
Removed 0 multiplexer ports.
<suppressed ~575 debug messages>

7.13.18. Executing OPT_REDUCE pass (consolidate $*mux and $reduce_* inputs).
  Optimizing cells in module \icebreaker.
Performed a total of 0 changes.

7.13.19. Executing OPT_MERGE pass (detect identical cells).
Finding identical cells in module `\icebreaker'.
Computing hashes of 1471 cells of `\icebreaker'.
Finding duplicate cells in `\icebreaker'.
Removed a total of 0 cells.

7.13.20. Executing OPT_DFF pass (perform DFF optimizations).

7.13.21. Executing OPT_CLEAN pass (remove unused cells and wires).
Finding unused cells or wires in module \icebreaker..
Removed 0 unused cells and 2 unused wires.
<suppressed ~1 debug messages>

7.13.22. Executing OPT_EXPR pass (perform const folding).
Optimizing module icebreaker.

7.13.23. Rerunning OPT passes. (Maybe there is more to do..)

7.13.24. Executing OPT_MUXTREE pass (detect dead branches in mux trees).
Running muxtree optimizer on module \icebreaker..
  Creating internal representation of mux trees.
  Evaluating internal representation of mux trees.
  Analyzing evaluation results.
Removed 0 multiplexer ports.
<suppressed ~575 debug messages>

7.13.25. Executing OPT_REDUCE pass (consolidate $*mux and $reduce_* inputs).
  Optimizing cells in module \icebreaker.
Performed a total of 0 changes.

7.13.26. Executing OPT_MERGE pass (detect identical cells).
Finding identical cells in module `\icebreaker'.
Computing hashes of 1471 cells of `\icebreaker'.
Finding duplicate cells in `\icebreaker'.
Removed a total of 0 cells.

7.13.27. Executing OPT_DFF pass (perform DFF optimizations).

7.13.28. Executing OPT_CLEAN pass (remove unused cells and wires).
Finding unused cells or wires in module \icebreaker..

7.13.29. Executing OPT_EXPR pass (perform const folding).
Optimizing module icebreaker.

7.13.30. Finished fast OPT passes. (There is nothing left to do.)

7.14. Executing WREDUCE pass (reducing word size of cells).
Removed top 29 address bits (of 32) from memory init port icebreaker.$flatten\soc.\spimem_cache.$auto$proc_memwr.cc:45:proc_memwr$5708 (soc.spimem_cache.cache_valid).
Removed top 29 address bits (of 32) from memory init port icebreaker.$flatten\soc.\spimem_cache.$auto$proc_memwr.cc:45:proc_memwr$5707 (soc.spimem_cache.cache_valid).
Removed top 29 address bits (of 32) from memory init port icebreaker.$flatten\soc.\spimem_cache.$auto$proc_memwr.cc:45:proc_memwr$5706 (soc.spimem_cache.cache_valid).
Removed top 29 address bits (of 32) from memory init port icebreaker.$flatten\soc.\spimem_cache.$auto$proc_memwr.cc:45:proc_memwr$5705 (soc.spimem_cache.cache_valid).
Removed top 29 address bits (of 32) from memory init port icebreaker.$flatten\soc.\spimem_cache.$auto$proc_memwr.cc:45:proc_memwr$5704 (soc.spimem_cache.cache_valid).
Removed top 29 address bits (of 32) from memory init port icebreaker.$flatten\soc.\spimem_cache.$auto$proc_memwr.cc:45:proc_memwr$5703 (soc.spimem_cache.cache_valid).
Removed top 29 address bits (of 32) from memory init port icebreaker.$flatten\soc.\spimem_cache.$auto$proc_memwr.cc:45:proc_memwr$5702 (soc.spimem_cache.cache_valid).
Removed top 29 address bits (of 32) from memory init port icebreaker.$flatten\soc.\spimem_cache.$auto$proc_memwr.cc:45:proc_memwr$5701 (soc.spimem_cache.cache_valid).
Removed top 28 address bits (of 32) from memory init port icebreaker.$flatten\seven_segment_ctrl.\msb_nibble.$auto$mem.cc:351:emit$1400 ($flatten\seven_segment_ctrl.\msb_nibble.$auto$proc_rom.cc:155:do_switch$1398).
Removed top 28 address bits (of 32) from memory init port icebreaker.$flatten\seven_segment_ctrl.\lsb_nibble.$auto$mem.cc:351:emit$1400 ($flatten\seven_segment_ctrl.\lsb_nibble.$auto$proc_rom.cc:155:do_switch$1398).
Removed top 11 bits (of 31) from FF cell icebreaker.$auto$ff.cc:337:slice$7277 ($dffe).
Removed top 1 bits (of 2) from port B of cell icebreaker.$auto$opt_dff.cc:235:make_patterns_logic$7241 ($ne).
Removed top 2 bits (of 4) from port B of cell icebreaker.$auto$opt_dff.cc:235:make_patterns_logic$7239 ($ne).
Removed top 2 bits (of 3) from port B of cell icebreaker.$auto$opt_dff.cc:235:make_patterns_logic$7237 ($ne).
Removed top 1 bits (of 2) from port B of cell icebreaker.$auto$opt_dff.cc:235:make_patterns_logic$7181 ($ne).
Removed top 1 bits (of 4) from FF cell icebreaker.$auto$ff.cc:337:slice$7162 ($sdff).
Removed top 1 bits (of 2) from port B of cell icebreaker.$auto$opt_dff.cc:235:make_patterns_logic$7056 ($ne).
Removed top 1 bits (of 2) from port B of cell icebreaker.$auto$opt_dff.cc:235:make_patterns_logic$7054 ($ne).
Removed top 1 bits (of 2) from port B of cell icebreaker.$auto$opt_dff.cc:235:make_patterns_logic$7052 ($ne).
Removed top 2 bits (of 3) from port B of cell icebreaker.$auto$opt_dff.cc:235:make_patterns_logic$6995 ($ne).
Removed top 2 bits (of 3) from port B of cell icebreaker.$auto$opt_dff.cc:235:make_patterns_logic$6993 ($ne).
Removed top 1 bits (of 2) from port B of cell icebreaker.$auto$opt_dff.cc:235:make_patterns_logic$6971 ($ne).
Removed top 1 bits (of 2) from port B of cell icebreaker.$auto$opt_dff.cc:235:make_patterns_logic$6864 ($ne).
Removed top 1 bits (of 2) from port B of cell icebreaker.$auto$opt_dff.cc:235:make_patterns_logic$6854 ($ne).
Removed top 1 bits (of 3) from port B of cell icebreaker.$auto$opt_dff.cc:235:make_patterns_logic$6835 ($ne).
Removed top 2 bits (of 3) from port B of cell icebreaker.$auto$opt_dff.cc:235:make_patterns_logic$6812 ($ne).
Removed top 2 bits (of 4) from port B of cell icebreaker.$auto$opt_dff.cc:235:make_patterns_logic$6808 ($ne).
Removed top 2 bits (of 6) from port B of cell icebreaker.$auto$opt_dff.cc:235:make_patterns_logic$6804 ($ne).
Removed top 1 bits (of 3) from port B of cell icebreaker.$auto$opt_dff.cc:235:make_patterns_logic$6802 ($ne).
Removed top 3 bits (of 4) from port B of cell icebreaker.$auto$opt_dff.cc:235:make_patterns_logic$6770 ($ne).
Removed top 1 bits (of 2) from port B of cell icebreaker.$auto$opt_dff.cc:235:make_patterns_logic$6757 ($ne).
Removed top 1 bits (of 2) from port B of cell icebreaker.$auto$opt_dff.cc:235:make_patterns_logic$6755 ($ne).
Removed top 2 bits (of 3) from port B of cell icebreaker.$auto$opt_dff.cc:235:make_patterns_logic$6751 ($ne).
Removed top 1 bits (of 3) from port B of cell icebreaker.$auto$fsm_map.cc:77:implement_pattern_cache$6630 ($eq).
Removed top 1 bits (of 4) from port B of cell icebreaker.$auto$fsm_map.cc:77:implement_pattern_cache$6622 ($eq).
Removed top 2 bits (of 3) from port B of cell icebreaker.$auto$fsm_map.cc:77:implement_pattern_cache$6565 ($eq).
Removed top 1 bits (of 4) from port B of cell icebreaker.$auto$fsm_map.cc:77:implement_pattern_cache$6556 ($eq).
Removed top 2 bits (of 3) from port B of cell icebreaker.$auto$fsm_map.cc:77:implement_pattern_cache$6549 ($eq).
Removed top 1 bits (of 7) from port B of cell icebreaker.$auto$fsm_map.cc:77:implement_pattern_cache$6512 ($eq).
Removed top 2 bits (of 8) from port B of cell icebreaker.$auto$fsm_map.cc:77:implement_pattern_cache$6508 ($eq).
Removed top 3 bits (of 7) from port B of cell icebreaker.$auto$fsm_map.cc:77:implement_pattern_cache$6504 ($eq).
Removed top 3 bits (of 5) from port B of cell icebreaker.$auto$fsm_map.cc:77:implement_pattern_cache$6500 ($eq).
Removed top 1 bits (of 6) from port B of cell icebreaker.$auto$fsm_map.cc:77:implement_pattern_cache$6492 ($eq).
Removed top 2 bits (of 7) from port B of cell icebreaker.$auto$fsm_map.cc:77:implement_pattern_cache$6488 ($eq).
Removed top 3 bits (of 6) from port B of cell icebreaker.$auto$fsm_map.cc:77:implement_pattern_cache$6484 ($eq).
Removed top 3 bits (of 4) from port B of cell icebreaker.$auto$fsm_map.cc:77:implement_pattern_cache$6480 ($eq).
Removed top 1 bits (of 6) from port B of cell icebreaker.$auto$fsm_map.cc:77:implement_pattern_cache$6472 ($eq).
Removed top 2 bits (of 7) from port B of cell icebreaker.$auto$fsm_map.cc:77:implement_pattern_cache$6468 ($eq).
Removed top 3 bits (of 6) from port B of cell icebreaker.$auto$fsm_map.cc:77:implement_pattern_cache$6464 ($eq).
Removed top 2 bits (of 4) from port B of cell icebreaker.$auto$fsm_map.cc:77:implement_pattern_cache$6460 ($eq).
Removed top 1 bits (of 10) from port B of cell icebreaker.$auto$fsm_map.cc:77:implement_pattern_cache$6411 ($eq).
Removed top 2 bits (of 11) from port B of cell icebreaker.$auto$fsm_map.cc:77:implement_pattern_cache$6407 ($eq).
Removed top 3 bits (of 10) from port B of cell icebreaker.$auto$fsm_map.cc:77:implement_pattern_cache$6403 ($eq).
Removed top 3 bits (of 8) from port B of cell icebreaker.$auto$fsm_map.cc:77:implement_pattern_cache$6399 ($eq).
Removed top 1 bits (of 6) from port B of cell icebreaker.$auto$fsm_map.cc:77:implement_pattern_cache$6390 ($eq).
Removed top 2 bits (of 7) from port B of cell icebreaker.$auto$fsm_map.cc:77:implement_pattern_cache$6386 ($eq).
Removed top 3 bits (of 6) from port B of cell icebreaker.$auto$fsm_map.cc:77:implement_pattern_cache$6382 ($eq).
Removed top 3 bits (of 4) from port B of cell icebreaker.$auto$fsm_map.cc:77:implement_pattern_cache$6378 ($eq).
Removed top 1 bits (of 6) from port B of cell icebreaker.$auto$fsm_map.cc:77:implement_pattern_cache$6370 ($eq).
Removed top 2 bits (of 7) from port B of cell icebreaker.$auto$fsm_map.cc:77:implement_pattern_cache$6366 ($eq).
Removed top 3 bits (of 6) from port B of cell icebreaker.$auto$fsm_map.cc:77:implement_pattern_cache$6362 ($eq).
Removed top 2 bits (of 4) from port B of cell icebreaker.$auto$fsm_map.cc:77:implement_pattern_cache$6358 ($eq).
Removed top 1 bits (of 10) from port B of cell icebreaker.$auto$fsm_map.cc:77:implement_pattern_cache$6350 ($eq).
Removed top 2 bits (of 11) from port B of cell icebreaker.$auto$fsm_map.cc:77:implement_pattern_cache$6346 ($eq).
Removed top 3 bits (of 10) from port B of cell icebreaker.$auto$fsm_map.cc:77:implement_pattern_cache$6342 ($eq).
Removed top 3 bits (of 8) from port B of cell icebreaker.$auto$fsm_map.cc:77:implement_pattern_cache$6338 ($eq).
Removed top 1 bits (of 7) from port B of cell icebreaker.$auto$fsm_map.cc:77:implement_pattern_cache$6329 ($eq).
Removed top 2 bits (of 8) from port B of cell icebreaker.$auto$fsm_map.cc:77:implement_pattern_cache$6325 ($eq).
Removed top 3 bits (of 7) from port B of cell icebreaker.$auto$fsm_map.cc:77:implement_pattern_cache$6321 ($eq).
Removed top 2 bits (of 5) from port B of cell icebreaker.$auto$fsm_map.cc:77:implement_pattern_cache$6317 ($eq).
Removed top 1 bits (of 6) from port B of cell icebreaker.$auto$fsm_map.cc:77:implement_pattern_cache$6309 ($eq).
Removed top 2 bits (of 7) from port B of cell icebreaker.$auto$fsm_map.cc:77:implement_pattern_cache$6305 ($eq).
Removed top 3 bits (of 6) from port B of cell icebreaker.$auto$fsm_map.cc:77:implement_pattern_cache$6301 ($eq).
Removed top 2 bits (of 4) from port B of cell icebreaker.$auto$fsm_map.cc:77:implement_pattern_cache$6297 ($eq).
Removed top 1 bits (of 12) from port B of cell icebreaker.$auto$fsm_map.cc:77:implement_pattern_cache$6289 ($eq).
Removed top 2 bits (of 13) from port B of cell icebreaker.$auto$fsm_map.cc:77:implement_pattern_cache$6285 ($eq).
Removed top 3 bits (of 12) from port B of cell icebreaker.$auto$fsm_map.cc:77:implement_pattern_cache$6281 ($eq).
Removed top 7 bits (of 10) from port B of cell icebreaker.$auto$fsm_map.cc:77:implement_pattern_cache$6277 ($eq).
Removed top 1 bits (of 6) from port B of cell icebreaker.$auto$fsm_map.cc:77:implement_pattern_cache$6272 ($eq).
Removed top 2 bits (of 8) from port B of cell icebreaker.$auto$fsm_map.cc:77:implement_pattern_cache$6268 ($eq).
Removed top 3 bits (of 9) from port B of cell icebreaker.$auto$fsm_map.cc:77:implement_pattern_cache$6264 ($eq).
Removed top 4 bits (of 8) from port B of cell icebreaker.$auto$fsm_map.cc:77:implement_pattern_cache$6260 ($eq).
Removed top 4 bits (of 6) from port B of cell icebreaker.$auto$fsm_map.cc:77:implement_pattern_cache$6256 ($eq).
Removed top 1 bits (of 9) from port B of cell icebreaker.$auto$fsm_map.cc:77:implement_pattern_cache$6248 ($eq).
Removed top 2 bits (of 10) from port B of cell icebreaker.$auto$fsm_map.cc:77:implement_pattern_cache$6244 ($eq).
Removed top 3 bits (of 9) from port B of cell icebreaker.$auto$fsm_map.cc:77:implement_pattern_cache$6240 ($eq).
Removed top 4 bits (of 7) from port B of cell icebreaker.$auto$fsm_map.cc:77:implement_pattern_cache$6236 ($eq).
Removed top 1 bits (of 7) from port B of cell icebreaker.$auto$fsm_map.cc:77:implement_pattern_cache$6223 ($eq).
Removed top 2 bits (of 8) from port B of cell icebreaker.$auto$fsm_map.cc:77:implement_pattern_cache$6217 ($eq).
Removed top 3 bits (of 7) from port B of cell icebreaker.$auto$fsm_map.cc:77:implement_pattern_cache$6211 ($eq).
Removed top 2 bits (of 5) from port B of cell icebreaker.$auto$fsm_map.cc:77:implement_pattern_cache$6205 ($eq).
Removed top 1 bits (of 6) from port B of cell icebreaker.$auto$fsm_map.cc:77:implement_pattern_cache$6197 ($eq).
Removed top 2 bits (of 7) from port B of cell icebreaker.$auto$fsm_map.cc:77:implement_pattern_cache$6193 ($eq).
Removed top 3 bits (of 6) from port B of cell icebreaker.$auto$fsm_map.cc:77:implement_pattern_cache$6189 ($eq).
Removed top 2 bits (of 4) from port B of cell icebreaker.$auto$fsm_map.cc:77:implement_pattern_cache$6185 ($eq).
Removed top 1 bits (of 6) from port B of cell icebreaker.$auto$fsm_map.cc:77:implement_pattern_cache$6177 ($eq).
Removed top 2 bits (of 7) from port B of cell icebreaker.$auto$fsm_map.cc:77:implement_pattern_cache$6173 ($eq).
Removed top 3 bits (of 6) from port B of cell icebreaker.$auto$fsm_map.cc:77:implement_pattern_cache$6169 ($eq).
Removed top 2 bits (of 4) from port B of cell icebreaker.$auto$fsm_map.cc:77:implement_pattern_cache$6165 ($eq).
Removed top 1 bits (of 7) from port B of cell icebreaker.$auto$fsm_map.cc:77:implement_pattern_cache$6157 ($eq).
Removed top 2 bits (of 8) from port B of cell icebreaker.$auto$fsm_map.cc:77:implement_pattern_cache$6153 ($eq).
Removed top 3 bits (of 7) from port B of cell icebreaker.$auto$fsm_map.cc:77:implement_pattern_cache$6149 ($eq).
Removed top 2 bits (of 5) from port B of cell icebreaker.$auto$fsm_map.cc:77:implement_pattern_cache$6145 ($eq).
Removed top 1 bits (of 6) from port B of cell icebreaker.$auto$fsm_map.cc:77:implement_pattern_cache$6137 ($eq).
Removed top 2 bits (of 7) from port B of cell icebreaker.$auto$fsm_map.cc:77:implement_pattern_cache$6133 ($eq).
Removed top 3 bits (of 6) from port B of cell icebreaker.$auto$fsm_map.cc:77:implement_pattern_cache$6129 ($eq).
Removed top 3 bits (of 4) from port B of cell icebreaker.$auto$fsm_map.cc:77:implement_pattern_cache$6125 ($eq).
Removed top 1 bits (of 8) from port B of cell icebreaker.$auto$fsm_map.cc:77:implement_pattern_cache$6117 ($eq).
Removed top 2 bits (of 9) from port B of cell icebreaker.$auto$fsm_map.cc:77:implement_pattern_cache$6113 ($eq).
Removed top 3 bits (of 8) from port B of cell icebreaker.$auto$fsm_map.cc:77:implement_pattern_cache$6109 ($eq).
Removed top 5 bits (of 6) from port B of cell icebreaker.$auto$fsm_map.cc:77:implement_pattern_cache$6105 ($eq).
Removed top 1 bits (of 7) from port B of cell icebreaker.$auto$fsm_map.cc:77:implement_pattern_cache$6081 ($eq).
Removed top 2 bits (of 9) from port B of cell icebreaker.$auto$fsm_map.cc:77:implement_pattern_cache$6077 ($eq).
Removed top 3 bits (of 10) from port B of cell icebreaker.$auto$fsm_map.cc:77:implement_pattern_cache$6073 ($eq).
Removed top 4 bits (of 9) from port B of cell icebreaker.$auto$fsm_map.cc:77:implement_pattern_cache$6069 ($eq).
Removed top 3 bits (of 7) from port B of cell icebreaker.$auto$fsm_map.cc:77:implement_pattern_cache$6065 ($eq).
Removed top 1 bits (of 9) from port B of cell icebreaker.$auto$fsm_map.cc:77:implement_pattern_cache$6057 ($eq).
Removed top 2 bits (of 10) from port B of cell icebreaker.$auto$fsm_map.cc:77:implement_pattern_cache$6053 ($eq).
Removed top 3 bits (of 9) from port B of cell icebreaker.$auto$fsm_map.cc:77:implement_pattern_cache$6049 ($eq).
Removed top 4 bits (of 7) from port B of cell icebreaker.$auto$fsm_map.cc:77:implement_pattern_cache$6045 ($eq).
Removed top 1 bits (of 7) from port B of cell icebreaker.$auto$fsm_map.cc:77:implement_pattern_cache$6037 ($eq).
Removed top 2 bits (of 8) from port B of cell icebreaker.$auto$fsm_map.cc:77:implement_pattern_cache$6033 ($eq).
Removed top 3 bits (of 7) from port B of cell icebreaker.$auto$fsm_map.cc:77:implement_pattern_cache$6029 ($eq).
Removed top 2 bits (of 5) from port B of cell icebreaker.$auto$fsm_map.cc:77:implement_pattern_cache$6025 ($eq).
Removed top 1 bits (of 5) from port B of cell icebreaker.$auto$fsm_map.cc:77:implement_pattern_cache$6021 ($eq).
Removed top 2 bits (of 6) from port B of cell icebreaker.$auto$fsm_map.cc:77:implement_pattern_cache$6019 ($eq).
Removed top 3 bits (of 5) from port B of cell icebreaker.$auto$fsm_map.cc:77:implement_pattern_cache$6017 ($eq).
Removed top 1 bits (of 6) from port B of cell icebreaker.$auto$fsm_map.cc:77:implement_pattern_cache$6007 ($eq).
Removed top 2 bits (of 7) from port B of cell icebreaker.$auto$fsm_map.cc:77:implement_pattern_cache$6003 ($eq).
Removed top 3 bits (of 6) from port B of cell icebreaker.$auto$fsm_map.cc:77:implement_pattern_cache$5999 ($eq).
Removed top 2 bits (of 4) from port B of cell icebreaker.$auto$fsm_map.cc:77:implement_pattern_cache$5995 ($eq).
Removed top 1 bits (of 4) from port B of cell icebreaker.$auto$fsm_map.cc:77:implement_pattern_cache$5990 ($eq).
Removed top 3 bits (of 5) from port B of cell icebreaker.$auto$fsm_map.cc:77:implement_pattern_cache$5988 ($eq).
Removed top 1 bits (of 5) from port B of cell icebreaker.$auto$fsm_map.cc:77:implement_pattern_cache$5980 ($eq).
Removed top 2 bits (of 6) from port B of cell icebreaker.$auto$fsm_map.cc:77:implement_pattern_cache$5976 ($eq).
Removed top 3 bits (of 5) from port B of cell icebreaker.$auto$fsm_map.cc:77:implement_pattern_cache$5972 ($eq).
Removed top 2 bits (of 3) from port B of cell icebreaker.$auto$fsm_map.cc:77:implement_pattern_cache$5968 ($eq).
Removed top 1 bits (of 7) from port B of cell icebreaker.$auto$fsm_map.cc:77:implement_pattern_cache$5964 ($eq).
Removed top 2 bits (of 9) from port B of cell icebreaker.$auto$fsm_map.cc:77:implement_pattern_cache$5960 ($eq).
Removed top 3 bits (of 10) from port B of cell icebreaker.$auto$fsm_map.cc:77:implement_pattern_cache$5956 ($eq).
Removed top 4 bits (of 9) from port B of cell icebreaker.$auto$fsm_map.cc:77:implement_pattern_cache$5952 ($eq).
Removed top 4 bits (of 7) from port B of cell icebreaker.$auto$fsm_map.cc:77:implement_pattern_cache$5948 ($eq).
Removed top 3 bits (of 4) from port B of cell icebreaker.$auto$fsm_map.cc:77:implement_pattern_cache$5931 ($eq).
Removed top 5 bits (of 6) from port B of cell icebreaker.$add$icebreaker.v:56$387 ($add).
Removed top 6 bits (of 8) from port B of cell icebreaker.$eq$icebreaker.v:113$394 ($eq).
Removed top 31 bits (of 32) from port B of cell icebreaker.$flatten\seven_segment_ctrl.$add$icebreaker.v:197$455 ($add).
Removed top 22 bits (of 32) from port Y of cell icebreaker.$flatten\seven_segment_ctrl.$add$icebreaker.v:197$455 ($add).
Removed top 31 bits (of 32) from port B of cell icebreaker.$flatten\soc.\simpleuart.$add$simpleuart.v:74$478 ($add).
Removed top 31 bits (of 32) from port B of cell icebreaker.$flatten\soc.\simpleuart.$add$simpleuart.v:99$484 ($add).
Removed top 28 bits (of 32) from port Y of cell icebreaker.$flatten\soc.\simpleuart.$add$simpleuart.v:99$484 ($add).
Removed top 31 bits (of 32) from port B of cell icebreaker.$flatten\soc.\simpleuart.$add$simpleuart.v:112$487 ($add).
Removed top 31 bits (of 32) from port B of cell icebreaker.$flatten\soc.\simpleuart.$sub$simpleuart.v:132$495 ($sub).
Removed top 28 bits (of 32) from port Y of cell icebreaker.$flatten\soc.\simpleuart.$sub$simpleuart.v:132$495 ($sub).
Removed top 1 bits (of 10) from mux cell icebreaker.$flatten\soc.\simpleuart.$procmux$5316 ($mux).
Removed top 1 bits (of 10) from mux cell icebreaker.$flatten\soc.\simpleuart.$procmux$5319 ($mux).
Removed top 3 bits (of 4) from port B of cell icebreaker.$flatten\soc.\simpleuart.$procmux$5376_CMP0 ($eq).
Removed top 3 bits (of 4) from port B of cell icebreaker.$flatten\soc.\spimemio.$eq$spimemio.v:221$530 ($eq).
Removed top 2 bits (of 4) from port B of cell icebreaker.$flatten\soc.\spimemio.$eq$spimemio.v:222$532 ($eq).
Removed top 2 bits (of 4) from port B of cell icebreaker.$flatten\soc.\spimemio.$eq$spimemio.v:223$534 ($eq).
Removed top 1 bits (of 4) from port B of cell icebreaker.$flatten\soc.\spimemio.$eq$spimemio.v:224$536 ($eq).
Removed top 29 bits (of 32) from port B of cell icebreaker.$flatten\soc.\spimemio.$add$spimemio.v:226$538 ($add).
Removed top 7 bits (of 32) from port Y of cell icebreaker.$flatten\soc.\spimemio.$add$spimemio.v:226$538 ($add).
Removed top 8 bits (of 32) from mux cell icebreaker.$flatten\soc.\spimemio.$ternary$spimemio.v:226$540 ($mux).
Removed top 1 bits (of 8) from mux cell icebreaker.$flatten\soc.\spimemio.$ternary$spimemio.v:316$545 ($mux).
Removed top 1 bits (of 2) from port B of cell icebreaker.$flatten\soc.\spimemio.$procmux$5225_CMP0 ($eq).
Removed top 1 bits (of 2) from port B of cell icebreaker.$flatten\soc.\spimemio.\xfer.$procmux$1575_CMP0 ($eq).
Removed top 28 bits (of 32) from mux cell icebreaker.$flatten\soc.\spimemio.\xfer.$ternary$spimemio.v:567$1365 ($mux).
Removed top 2 bits (of 4) from port B of cell icebreaker.$flatten\soc.\spimemio.\xfer.$sub$spimemio.v:524$1348 ($sub).
Removed top 1 bits (of 4) from port B of cell icebreaker.$flatten\soc.\spimemio.\xfer.$sub$spimemio.v:491$1336 ($sub).
Removed top 3 bits (of 4) from port B of cell icebreaker.$flatten\soc.\spimemio.\xfer.$sub$spimemio.v:471$1329 ($sub).
Removed top 31 bits (of 32) from port B of cell icebreaker.$flatten\soc.\spimem_cache.$add$picosoc.v:381$620 ($add).
Removed top 31 bits (of 32) from port B of cell icebreaker.$flatten\soc.\spimem_cache.$add$picosoc.v:388$629 ($add).
Removed top 3 bits (of 4) from port A of cell icebreaker.$flatten\soc.\cpu.$shl$../picorv32.v:419$724 ($shl).
Removed top 30 bits (of 32) from mux cell icebreaker.$flatten\soc.\cpu.$ternary$../picorv32.v:617$783 ($mux).
Removed top 1 bits (of 7) from port B of cell icebreaker.$flatten\soc.\cpu.$eq$../picorv32.v:867$802 ($eq).
Removed top 2 bits (of 7) from port B of cell icebreaker.$flatten\soc.\cpu.$eq$../picorv32.v:868$803 ($eq).
Removed top 4 bits (of 7) from port B of cell icebreaker.$flatten\soc.\cpu.$eq$../picorv32.v:872$813 ($eq).
Removed top 5 bits (of 7) from port B of cell icebreaker.$flatten\soc.\cpu.$eq$../picorv32.v:875$817 ($eq).
Removed top 1 bits (of 7) from port B of cell icebreaker.$flatten\soc.\cpu.$eq$../picorv32.v:876$818 ($eq).
Removed top 2 bits (of 7) from port B of cell icebreaker.$flatten\soc.\cpu.$eq$../picorv32.v:877$819 ($eq).
Removed top 1 bits (of 7) from port B of cell icebreaker.$flatten\soc.\cpu.$eq$../picorv32.v:878$820 ($eq).
Removed top 3 bits (of 7) from port B of cell icebreaker.$flatten\soc.\cpu.$eq$../picorv32.v:889$826 ($eq).
Removed top 5 bits (of 7) from port B of cell icebreaker.$flatten\soc.\cpu.$eq$../picorv32.v:889$827 ($eq).
Removed top 3 bits (of 7) from port B of cell icebreaker.$flatten\soc.\cpu.$eq$../picorv32.v:1088$1000 ($eq).
Removed top 5 bits (of 7) from port B of cell icebreaker.$flatten\soc.\cpu.$eq$../picorv32.v:1092$1014 ($eq).
Removed top 3 bits (of 7) from port B of cell icebreaker.$flatten\soc.\cpu.$eq$../picorv32.v:1093$1017 ($eq).
Removed top 4 bits (of 7) from port B of cell icebreaker.$flatten\soc.\cpu.$eq$../picorv32.v:1093$1018 ($eq).
Removed top 1 bits (of 3) from port B of cell icebreaker.$flatten\soc.\cpu.$eq$../picorv32.v:1104$1036 ($eq).
Removed top 1 bits (of 3) from port B of cell icebreaker.$flatten\soc.\cpu.$eq$../picorv32.v:1103$1037 ($eq).
Removed top 1 bits (of 7) from port B of cell icebreaker.$flatten\soc.\cpu.$eq$../picorv32.v:1113$1043 ($eq).
Removed top 2 bits (of 3) from port B of cell icebreaker.$flatten\soc.\cpu.$eq$../picorv32.v:1111$1048 ($eq).
Removed top 29 bits (of 32) from port B of cell icebreaker.$flatten\soc.\cpu.$add$../picorv32.v:1317$1100 ($add).
Removed top 31 bits (of 32) from port B of cell icebreaker.$flatten\soc.\cpu.$sub$../picorv32.v:1426$1130 ($sub).
Removed top 28 bits (of 32) from port Y of cell icebreaker.$flatten\soc.\cpu.$sub$../picorv32.v:1426$1130 ($sub).
Removed top 31 bits (of 32) from port B of cell icebreaker.$flatten\soc.\cpu.$add$../picorv32.v:1433$1132 ($add).
Removed top 1 bits (of 2) from port B of cell icebreaker.$flatten\soc.\cpu.$eq$../picorv32.v:1541$1174 ($eq).
Removed top 29 bits (of 32) from mux cell icebreaker.$flatten\soc.\cpu.$ternary$../picorv32.v:1546$1177 ($mux).
Removed top 29 bits (of 32) from port B of cell icebreaker.$flatten\soc.\cpu.$add$../picorv32.v:1560$1185 ($add).
Removed top 31 bits (of 32) from port B of cell icebreaker.$flatten\soc.\cpu.$add$../picorv32.v:1564$1186 ($add).
Removed top 29 bits (of 32) from port B of cell icebreaker.$flatten\soc.\cpu.$ge$../picorv32.v:1835$1240 ($ge).
Removed top 29 bits (of 32) from port B of cell icebreaker.$flatten\soc.\cpu.$sub$../picorv32.v:1842$1248 ($sub).
Removed top 27 bits (of 32) from port Y of cell icebreaker.$flatten\soc.\cpu.$sub$../picorv32.v:1842$1248 ($sub).
Removed top 31 bits (of 32) from port B of cell icebreaker.$flatten\soc.\cpu.$sub$../picorv32.v:1850$1255 ($sub).
Removed top 27 bits (of 32) from port Y of cell icebreaker.$flatten\soc.\cpu.$sub$../picorv32.v:1850$1255 ($sub).
Removed top 31 bits (of 32) from port B of cell icebreaker.$flatten\soc.\cpu.$sub$../picorv32.v:1918$1272 ($sub).
Removed top 29 bits (of 32) from mux cell icebreaker.$flatten\soc.\cpu.$procmux$2330 ($mux).
Removed top 1 bits (of 2) from port B of cell icebreaker.$flatten\soc.\cpu.$procmux$4635_CMP0 ($eq).
Removed top 1 bits (of 2) from port B of cell icebreaker.$flatten\soc.\cpu.$procmux$4403_CMP0 ($eq).
Removed top 2 bits (of 3) from port B of cell icebreaker.$flatten\soc.\cpu.\genblk1.pcpi_mul.$procmux$1464_CMP0 ($eq).
Removed top 1 bits (of 3) from port B of cell icebreaker.$flatten\soc.\cpu.\genblk1.pcpi_mul.$procmux$1456_CMP0 ($eq).
Removed top 1 bits (of 3) from port B of cell icebreaker.$flatten\soc.\cpu.\genblk1.pcpi_mul.$procmux$1449_CMP0 ($eq).
Removed cell icebreaker.$flatten\soc.\cpu.\genblk1.pcpi_mul.$procmux$1425 ($mux).
Removed cell icebreaker.$flatten\soc.\cpu.\genblk1.pcpi_mul.$procmux$1419 ($mux).
Removed top 32 bits (of 64) from mux cell icebreaker.$flatten\soc.\cpu.\genblk1.pcpi_mul.$ternary$../picorv32.v:2411$1386 ($mux).
Converting cell icebreaker.$flatten\soc.\cpu.\genblk1.pcpi_mul.$mul$../picorv32.v:2371$1379 ($mul) from unsigned to signed.
Removed top 31 bits (of 64) from port A of cell icebreaker.$flatten\soc.\cpu.\genblk1.pcpi_mul.$mul$../picorv32.v:2371$1379 ($mul).
Removed top 31 bits (of 64) from port B of cell icebreaker.$flatten\soc.\cpu.\genblk1.pcpi_mul.$mul$../picorv32.v:2371$1379 ($mul).
Removed top 6 bits (of 7) from port B of cell icebreaker.$flatten\soc.\cpu.\genblk1.pcpi_mul.$eq$../picorv32.v:2345$1372 ($eq).
Removed top 1 bits (of 7) from port B of cell icebreaker.$flatten\soc.\cpu.\genblk1.pcpi_mul.$eq$../picorv32.v:2345$1370 ($eq).
Removed top 14 bits (of 32) from port B of cell icebreaker.$flatten\soc.$lt$picosoc.v:262$451 ($lt).
Removed top 6 bits (of 32) from port B of cell icebreaker.$flatten\soc.$lt$picosoc.v:189$437 ($lt).
Removed top 14 bits (of 32) from port B of cell icebreaker.$flatten\soc.$ge$picosoc.v:189$435 ($ge).
Removed top 6 bits (of 32) from port B of cell icebreaker.$flatten\soc.$eq$picosoc.v:145$412 ($eq).
Removed top 6 bits (of 32) from port B of cell icebreaker.$flatten\soc.$eq$picosoc.v:142$410 ($eq).
Removed top 6 bits (of 32) from port B of cell icebreaker.$flatten\soc.$eq$picosoc.v:139$408 ($eq).
Removed top 7 bits (of 8) from port B of cell icebreaker.$flatten\soc.$gt$picosoc.v:134$406 ($gt).
Removed top 6 bits (of 32) from port B of cell icebreaker.$flatten\soc.$eq$picosoc.v:125$400 ($eq).
Removed top 6 bits (of 32) from port B of cell icebreaker.$flatten\soc.$eq$picosoc.v:124$398 ($eq).
Removed top 1 bits (of 3) from FF cell icebreaker.$auto$ff.cc:337:slice$7162 ($sdff).
Removed top 7 bits (of 32) from port B of cell icebreaker.$flatten\soc.\spimemio.$ne$spimemio.v:72$502 ($ne).
Removed top 29 bits (of 32) from wire icebreaker.$flatten\soc.\cpu.$14\next_irq_pending[31:0].
Removed top 29 bits (of 32) from wire icebreaker.$flatten\soc.\cpu.$ternary$../picorv32.v:1546$1177_Y.
Removed top 29 bits (of 32) from wire icebreaker.$flatten\soc.\cpu.$1\next_irq_pending[31:0].
Removed top 28 bits (of 32) from wire icebreaker.$flatten\soc.\cpu.$sub$../picorv32.v:1426$1130_Y.
Removed top 29 bits (of 32) from wire icebreaker.$flatten\soc.\cpu.$0\irq_pending[31:0].
Removed top 27 bits (of 32) from wire icebreaker.$flatten\soc.\cpu.$sub$../picorv32.v:1850$1255_Y.
Removed top 3 bits (of 4) from wire icebreaker.$flatten\soc.\spimemio.\xfer.$reduce_or$spimemio.v:471$1328_Y.
Removed top 27 bits (of 32) from wire icebreaker.$flatten\soc.\cpu.$sub$../picorv32.v:1842$1248_Y.
Removed top 28 bits (of 32) from wire icebreaker.$flatten\soc.\spimemio.\xfer.$ternary$spimemio.v:567$1365_Y.
Removed top 1 bits (of 8) from wire icebreaker.$flatten\soc.\spimemio.$ternary$spimemio.v:316$545_Y.
Removed top 8 bits (of 32) from wire icebreaker.$flatten\soc.\spimemio.$ternary$spimemio.v:226$540_Y.
Removed top 7 bits (of 32) from wire icebreaker.$flatten\soc.\spimemio.$add$spimemio.v:226$538_Y.
Removed top 1 bits (of 10) from wire icebreaker.$flatten\soc.\simpleuart.$procmux$5319_Y.
Removed top 1 bits (of 10) from wire icebreaker.$flatten\soc.\simpleuart.$procmux$5316_Y.
Removed top 28 bits (of 32) from wire icebreaker.$flatten\soc.\simpleuart.$sub$simpleuart.v:132$495_Y.
Removed top 28 bits (of 32) from wire icebreaker.$flatten\soc.\simpleuart.$add$simpleuart.v:99$484_Y.
Removed top 5 bits (of 6) from wire icebreaker.$logic_not$icebreaker.v:56$386_Y.

7.15. Executing PEEPOPT pass (run peephole optimizers).

7.16. Executing OPT_CLEAN pass (remove unused cells and wires).
Finding unused cells or wires in module \icebreaker..
Removed 0 unused cells and 22 unused wires.
<suppressed ~1 debug messages>

7.17. Executing SHARE pass (SAT-based resource sharing).
Found 5 cells in module icebreaker that may be considered for resource sharing.
  Analyzing resource sharing options for $flatten\seven_segment_ctrl.\msb_nibble.$auto$mem.cc:305:emit$1399 ($memrd_v2):
    Found 1 activation_patterns using ctrl signal \seven_segment_ctrl.msb_not_lsb.
    No candidates found.
  Analyzing resource sharing options for $flatten\seven_segment_ctrl.\lsb_nibble.$auto$mem.cc:305:emit$1399 ($memrd_v2):
    Found 1 activation_patterns using ctrl signal \seven_segment_ctrl.msb_not_lsb.
    No candidates found.
  Analyzing resource sharing options for $flatten\soc.\spimem_cache.$memrd$\cache_data$picosoc.v:356$566 ($memrd):
    Found 1 activation_patterns using ctrl signal { \soc.spimem_cache_ready $flatten\soc.$logic_and$picosoc.v:149$414_Y \soc.spimem_cache.cache_hit }.
    No candidates found.
  Analyzing resource sharing options for $flatten\soc.\cpu.\cpuregs.$memrd$\regs$picosoc.v:415$1396 ($memrd):
    Found 2 activation_patterns using ctrl signal { $flatten\soc.\cpu.$reduce_bool$../picorv32.v:1391$1114_Y \soc.cpu.cpu_state [2] \soc.cpu.is_slli_srli_srai \resetn $auto$opt_reduce.cc:137:opt_pmux$5725 $auto$opt_reduce.cc:137:opt_pmux$5729 $auto$opt_reduce.cc:137:opt_pmux$5733 }.
    Found 1 candidates: $flatten\soc.\cpu.\cpuregs.$memrd$\regs$picosoc.v:414$1395
    Analyzing resource sharing with $flatten\soc.\cpu.\cpuregs.$memrd$\regs$picosoc.v:414$1395 ($memrd):
      Found 1 activation_patterns using ctrl signal $flatten\soc.\cpu.$reduce_bool$../picorv32.v:1390$1112_Y.
      Activation pattern for cell $flatten\soc.\cpu.\cpuregs.$memrd$\regs$picosoc.v:415$1396: { $flatten\soc.\cpu.$reduce_bool$../picorv32.v:1391$1114_Y $auto$opt_reduce.cc:137:opt_pmux$5725 $auto$opt_reduce.cc:137:opt_pmux$5733 } = 3'100
      Activation pattern for cell $flatten\soc.\cpu.\cpuregs.$memrd$\regs$picosoc.v:415$1396: { $flatten\soc.\cpu.$reduce_bool$../picorv32.v:1391$1114_Y \soc.cpu.cpu_state [2] \soc.cpu.is_slli_srli_srai \resetn $auto$opt_reduce.cc:137:opt_pmux$5729 } = 5'11010
      Activation pattern for cell $flatten\soc.\cpu.\cpuregs.$memrd$\regs$picosoc.v:414$1395: $flatten\soc.\cpu.$reduce_bool$../picorv32.v:1390$1112_Y = 1'1
      Size of SAT problem: 9 cells, 146 variables, 314 clauses
      According to the SAT solver this pair of cells can not be shared.
      Model from SAT solver: { $flatten\soc.\cpu.$reduce_bool$../picorv32.v:1391$1114_Y $flatten\soc.\cpu.$reduce_bool$../picorv32.v:1390$1112_Y \soc.cpu.cpu_state [2] \soc.cpu.is_slli_srli_srai \resetn $auto$opt_reduce.cc:137:opt_pmux$5725 $auto$opt_reduce.cc:137:opt_pmux$5729 $auto$opt_reduce.cc:137:opt_pmux$5733 } = 8'11000000
  Analyzing resource sharing options for $flatten\soc.\cpu.\cpuregs.$memrd$\regs$picosoc.v:414$1395 ($memrd):
    Found 1 activation_patterns using ctrl signal $flatten\soc.\cpu.$reduce_bool$../picorv32.v:1390$1112_Y.
    No candidates found.

7.18. Executing TECHMAP pass (map to technology primitives).

7.18.1. Executing Verilog-2005 frontend: /homes/cl2033/oss-cad-suite/lib/../share/yosys/cmp2lut.v
Parsing Verilog input from `/homes/cl2033/oss-cad-suite/lib/../share/yosys/cmp2lut.v' to AST representation.
Generating RTLIL representation for module `\_90_lut_cmp_'.
Successfully finished Verilog frontend.

7.18.2. Continuing TECHMAP pass.
No more expansions possible.
<suppressed ~244 debug messages>

7.19. Executing OPT_EXPR pass (perform const folding).
Optimizing module icebreaker.

7.20. Executing OPT_CLEAN pass (remove unused cells and wires).
Finding unused cells or wires in module \icebreaker..

7.21. Executing MEMORY_DFF pass (merging $dff cells to $memrd).
Checking read port `\soc.cpu.cpuregs.regs'[0] in module `\icebreaker': no output FF found.
Checking read port `\soc.cpu.cpuregs.regs'[1] in module `\icebreaker': no output FF found.
Checking read port `\soc.spimem_cache.cache_valid'[0] in module `\icebreaker': no output FF found.
Checking read port `\soc.spimem_cache.cache_data'[0] in module `\icebreaker': no output FF found.
Checking read port `\soc.spimem_cache.cache_addr'[0] in module `\icebreaker': no output FF found.
Checking read port `$flatten\seven_segment_ctrl.\msb_nibble.$auto$proc_rom.cc:155:do_switch$1398'[0] in module `\icebreaker': no output FF found.
Checking read port `$flatten\seven_segment_ctrl.\lsb_nibble.$auto$proc_rom.cc:155:do_switch$1398'[0] in module `\icebreaker': no output FF found.
Checking read port address `\soc.cpu.cpuregs.regs'[0] in module `\icebreaker': merged address FF to cell.
Checking read port address `\soc.cpu.cpuregs.regs'[1] in module `\icebreaker': merged address FF to cell.
Checking read port address `\soc.spimem_cache.cache_valid'[0] in module `\icebreaker': merged address FF to cell.
Checking read port address `\soc.spimem_cache.cache_data'[0] in module `\icebreaker': merged address FF to cell.
Checking read port address `\soc.spimem_cache.cache_addr'[0] in module `\icebreaker': merged address FF to cell.
Checking read port address `$flatten\seven_segment_ctrl.\msb_nibble.$auto$proc_rom.cc:155:do_switch$1398'[0] in module `\icebreaker': merged address FF to cell.
Checking read port address `$flatten\seven_segment_ctrl.\lsb_nibble.$auto$proc_rom.cc:155:do_switch$1398'[0] in module `\icebreaker': merged address FF to cell.

7.22. Executing WREDUCE pass (reducing word size of cells).

7.23. Executing TECHMAP pass (map to technology primitives).

7.23.1. Executing Verilog-2005 frontend: /homes/cl2033/oss-cad-suite/lib/../share/yosys/mul2dsp.v
Parsing Verilog input from `/homes/cl2033/oss-cad-suite/lib/../share/yosys/mul2dsp.v' to AST representation.
Generating RTLIL representation for module `\_80_mul'.
Generating RTLIL representation for module `\_90_soft_mul'.
Successfully finished Verilog frontend.

7.23.2. Executing Verilog-2005 frontend: /homes/cl2033/oss-cad-suite/lib/../share/yosys/ice40/dsp_map.v
Parsing Verilog input from `/homes/cl2033/oss-cad-suite/lib/../share/yosys/ice40/dsp_map.v' to AST representation.
Generating RTLIL representation for module `$__MUL16X16'.
Successfully finished Verilog frontend.

7.23.3. Continuing TECHMAP pass.
Using template $paramod$5efeea90693f84d3d630c641baa632b310460194\_80_mul for cells of type $mul.
Using template $paramod$fe3f08c82dc5cecd4a24543ed8a4e62df626c9e1\_80_mul for cells of type $__mul.
Using template $paramod$2ffd9f5c4d2342f026c1383579123954dafb052e\_90_soft_mul for cells of type $__mul.
Using template $paramod$92398c55cd62669b28876c227b4269e3610ebe7b\_80_mul for cells of type $__mul.
Using template $paramod$04102eddbb25e3003f2ea9d39f38ce53d47fc2f5\_90_soft_mul for cells of type $__mul.
Using template $paramod$c33ca6cc290ce647b4a8312d13907f93404a692e$__MUL16X16 for cells of type $__MUL16X16.
No more expansions possible.
<suppressed ~376 debug messages>

7.24. Executing OPT_EXPR pass (perform const folding).
Optimizing module icebreaker.
<suppressed ~6 debug messages>

7.25. Executing WREDUCE pass (reducing word size of cells).
Removed top 1 bits (of 17) from port Y of cell icebreaker.$techmap$flatten\soc.\cpu.\genblk1.pcpi_mul.$mul$../picorv32.v:2371$1379.genblk1.genblk1.genblk1.genblk1.genblk1.genblk1.sliceA[1].mul.$add$/homes/cl2033/oss-cad-suite/lib/../share/yosys/mul2dsp.v:230$7343 ($add).
Removed top 1 bits (of 17) from port A of cell icebreaker.$techmap$flatten\soc.\cpu.\genblk1.pcpi_mul.$mul$../picorv32.v:2371$1379.genblk1.genblk1.genblk1.genblk1.genblk1.genblk1.sliceA[1].mul.$add$/homes/cl2033/oss-cad-suite/lib/../share/yosys/mul2dsp.v:230$7343 ($add).
Removed top 1 bits (of 17) from port B of cell icebreaker.$techmap$flatten\soc.\cpu.\genblk1.pcpi_mul.$mul$../picorv32.v:2371$1379.genblk1.genblk1.genblk1.genblk1.genblk1.genblk1.sliceA[1].mul.$add$/homes/cl2033/oss-cad-suite/lib/../share/yosys/mul2dsp.v:230$7343 ($add).
Removed top 1 bits (of 33) from port A of cell icebreaker.$techmap$flatten\soc.\cpu.\genblk1.pcpi_mul.$mul$../picorv32.v:2371$1379.genblk1.genblk1.genblk1.genblk1.genblk1.genblk1.sliceA[1].mul.$add$/homes/cl2033/oss-cad-suite/lib/../share/yosys/mul2dsp.v:216$7340 ($add).
Removed top 17 bits (of 33) from port B of cell icebreaker.$techmap$flatten\soc.\cpu.\genblk1.pcpi_mul.$mul$../picorv32.v:2371$1379.genblk1.genblk1.genblk1.genblk1.genblk1.genblk1.sliceA[1].mul.$add$/homes/cl2033/oss-cad-suite/lib/../share/yosys/mul2dsp.v:216$7340 ($add).
Removed top 1 bits (of 33) from port Y of cell icebreaker.$techmap$flatten\soc.\cpu.\genblk1.pcpi_mul.$mul$../picorv32.v:2371$1379.genblk1.genblk1.genblk1.genblk1.genblk1.genblk1.sliceA[1].mul.$add$/homes/cl2033/oss-cad-suite/lib/../share/yosys/mul2dsp.v:216$7340 ($add).
Removed top 1 bits (of 33) from port A of cell icebreaker.$techmap$flatten\soc.\cpu.\genblk1.pcpi_mul.$mul$../picorv32.v:2371$1379.genblk1.genblk1.genblk1.genblk1.genblk1.genblk1.sliceA[0].mul.$add$/homes/cl2033/oss-cad-suite/lib/../share/yosys/mul2dsp.v:216$7340 ($add).
Removed top 17 bits (of 33) from port B of cell icebreaker.$techmap$flatten\soc.\cpu.\genblk1.pcpi_mul.$mul$../picorv32.v:2371$1379.genblk1.genblk1.genblk1.genblk1.genblk1.genblk1.sliceA[0].mul.$add$/homes/cl2033/oss-cad-suite/lib/../share/yosys/mul2dsp.v:216$7340 ($add).
Removed top 15 bits (of 48) from port B of cell icebreaker.$techmap$flatten\soc.\cpu.\genblk1.pcpi_mul.$mul$../picorv32.v:2371$1379.$add$/homes/cl2033/oss-cad-suite/lib/../share/yosys/mul2dsp.v:159$7333 ($add).

7.26. Executing ICE40_DSP pass (map multipliers).
Checking icebreaker.$flatten\soc.\cpu.\genblk1.pcpi_mul.$mul$../picorv32.v:2371$1379.genblk1.genblk1.genblk1.genblk1.genblk1.genblk1.sliceA[0].mul.genblk1.genblk1.genblk1.genblk1.genblk1.genblk1.genblk1.sliceB[1].mul for iCE40 DSP inference.
  clock: \clk (posedge) ffA:$auto$ff.cc:337:slice$7161 ffB:$auto$ff.cc:337:slice$7158
  adder $techmap$flatten\soc.\cpu.\genblk1.pcpi_mul.$mul$../picorv32.v:2371$1379.genblk1.genblk1.genblk1.genblk1.genblk1.genblk1.sliceA[0].mul.$add$/homes/cl2033/oss-cad-suite/lib/../share/yosys/mul2dsp.v:216$7340 ($add)
Checking icebreaker.$flatten\soc.\cpu.\genblk1.pcpi_mul.$mul$../picorv32.v:2371$1379.genblk1.genblk1.genblk1.genblk1.genblk1.genblk1.sliceA[1].mul.genblk1.genblk1.genblk1.genblk1.genblk1.genblk1.genblk1.sliceB[0].mul for iCE40 DSP inference.
  clock: \clk (posedge) ffA:$auto$ff.cc:337:slice$7161 ffB:$auto$ff.cc:337:slice$7158
Checking icebreaker.$flatten\soc.\cpu.\genblk1.pcpi_mul.$mul$../picorv32.v:2371$1379.genblk1.genblk1.genblk1.genblk1.genblk1.genblk1.sliceA[1].mul.genblk1.genblk1.genblk1.genblk1.genblk1.genblk1.genblk1.sliceB[1].mul for iCE40 DSP inference.
  clock: \clk (posedge) ffA:$auto$ff.cc:337:slice$7161 ffB:$auto$ff.cc:337:slice$7158
  adder $techmap$flatten\soc.\cpu.\genblk1.pcpi_mul.$mul$../picorv32.v:2371$1379.genblk1.genblk1.genblk1.genblk1.genblk1.genblk1.sliceA[1].mul.$add$/homes/cl2033/oss-cad-suite/lib/../share/yosys/mul2dsp.v:216$7340 ($add)
Checking icebreaker.$flatten\soc.\cpu.\genblk1.pcpi_mul.$mul$../picorv32.v:2371$1379.genblk1.genblk1.genblk1.genblk1.genblk1.genblk1.sliceA[0].mul.genblk1.genblk1.genblk1.genblk1.genblk1.genblk1.genblk1.sliceB[0].mul for iCE40 DSP inference.
  clock: \clk (posedge) ffA:$auto$ff.cc:337:slice$7161 ffB:$auto$ff.cc:337:slice$7158 ffO:$flatten\soc.\cpu.\genblk1.pcpi_mul.$procdff$5461
<suppressed ~40 debug messages>

7.27. Executing ALUMACC pass (create $alu and $macc cells).
Extracting $alu and $macc cells in module icebreaker:
  creating $macc model for $techmap$flatten\soc.\cpu.\genblk1.pcpi_mul.$mul$../picorv32.v:2371$1379.genblk1.genblk1.genblk1.genblk1.genblk1.genblk1.sliceA[1].mul.$add$/homes/cl2033/oss-cad-suite/lib/../share/yosys/mul2dsp.v:230$7343 ($add).
  creating $macc model for $techmap$flatten\soc.\cpu.\genblk1.pcpi_mul.$mul$../picorv32.v:2371$1379.genblk1.genblk1.genblk1.genblk1.genblk1.genblk1.sliceA[0].mul.$add$/homes/cl2033/oss-cad-suite/lib/../share/yosys/mul2dsp.v:230$7343 ($add).
  creating $macc model for $flatten\soc.\cpu.\genblk1.pcpi_mul.$mul$../picorv32.v:2371$1379.genblk1.genblk1.genblk1.genblk1.genblk1.genblk1.sliceA.last ($mul).
  creating $macc model for $flatten\soc.\cpu.\genblk1.pcpi_mul.$mul$../picorv32.v:2371$1379.genblk1.genblk1.genblk1.genblk1.genblk1.genblk1.sliceA[0].mul.genblk1.genblk1.genblk1.genblk1.genblk1.genblk1.genblk1.mul_sliceB_last ($mul).
  creating $macc model for $techmap$flatten\soc.\cpu.\genblk1.pcpi_mul.$mul$../picorv32.v:2371$1379.$add$/homes/cl2033/oss-cad-suite/lib/../share/yosys/mul2dsp.v:173$7336 ($add).
  creating $macc model for $techmap$flatten\soc.\cpu.\genblk1.pcpi_mul.$mul$../picorv32.v:2371$1379.$add$/homes/cl2033/oss-cad-suite/lib/../share/yosys/mul2dsp.v:159$7333 ($add).
  creating $macc model for $flatten\soc.\cpu.$add$../picorv32.v:1564$1186 ($add).
  creating $macc model for $flatten\soc.\cpu.$add$../picorv32.v:1433$1132 ($add).
  creating $macc model for $flatten\soc.\cpu.$sub$../picorv32.v:1426$1130 ($sub).
  creating $macc model for $flatten\soc.\cpu.$add$../picorv32.v:1317$1100 ($add).
  creating $macc model for $flatten\soc.\cpu.$add$../picorv32.v:1560$1185 ($add).
  creating $macc model for $flatten\soc.\cpu.$add$../picorv32.v:1897$1267 ($add).
  creating $macc model for $flatten\soc.\cpu.\genblk1.pcpi_mul.$mul$../picorv32.v:2371$1379.genblk1.genblk1.genblk1.genblk1.genblk1.genblk1.sliceA[1].mul.genblk1.genblk1.genblk1.genblk1.genblk1.genblk1.genblk1.mul_sliceB_last ($mul).
  creating $macc model for $flatten\soc.\spimem_cache.$add$picosoc.v:388$629 ($add).
  creating $macc model for $flatten\soc.\spimem_cache.$add$picosoc.v:381$620 ($add).
  creating $macc model for $flatten\soc.\spimemio.\xfer.$sub$spimemio.v:471$1329 ($sub).
  creating $macc model for $flatten\soc.\spimemio.\xfer.$sub$spimemio.v:491$1336 ($sub).
  creating $macc model for $flatten\soc.\spimemio.\xfer.$sub$spimemio.v:524$1348 ($sub).
  creating $macc model for $flatten\soc.\spimemio.\xfer.$sub$spimemio.v:554$1358 ($sub).
  creating $macc model for $flatten\soc.\cpu.$sub$../picorv32.v:1850$1255 ($sub).
  creating $macc model for $flatten\soc.\cpu.$sub$../picorv32.v:1918$1272 ($sub).
  creating $macc model for $flatten\soc.\cpu.$add$../picorv32.v:1240$1308 ($add).
  creating $macc model for $flatten\soc.\cpu.$sub$../picorv32.v:1240$1307 ($sub).
  creating $macc model for $flatten\soc.\cpu.$add$../picorv32.v:1806$1234 ($add).
  creating $macc model for $flatten\soc.\cpu.$sub$../picorv32.v:1842$1248 ($sub).
  creating $macc model for $flatten\soc.\cpu.$add$../picorv32.v:1569$1187 ($add).
  creating $macc model for $flatten\soc.\spimemio.$add$spimemio.v:226$538 ($add).
  creating $macc model for $flatten\soc.\simpleuart.$sub$simpleuart.v:132$495 ($sub).
  creating $macc model for $flatten\soc.\simpleuart.$add$simpleuart.v:112$487 ($add).
  creating $macc model for $flatten\soc.\simpleuart.$add$simpleuart.v:99$484 ($add).
  creating $macc model for $flatten\soc.\simpleuart.$add$simpleuart.v:74$478 ($add).
  creating $macc model for $flatten\seven_segment_ctrl.$add$icebreaker.v:197$455 ($add).
  creating $macc model for $add$icebreaker.v:56$387 ($add).
  merging $macc model for $flatten\soc.\cpu.\genblk1.pcpi_mul.$mul$../picorv32.v:2371$1379.genblk1.genblk1.genblk1.genblk1.genblk1.genblk1.sliceA[0].mul.genblk1.genblk1.genblk1.genblk1.genblk1.genblk1.genblk1.mul_sliceB_last into $techmap$flatten\soc.\cpu.\genblk1.pcpi_mul.$mul$../picorv32.v:2371$1379.genblk1.genblk1.genblk1.genblk1.genblk1.genblk1.sliceA[0].mul.$add$/homes/cl2033/oss-cad-suite/lib/../share/yosys/mul2dsp.v:230$7343.
  creating $alu model for $macc $flatten\seven_segment_ctrl.$add$icebreaker.v:197$455.
  creating $alu model for $macc $flatten\soc.\simpleuart.$add$simpleuart.v:74$478.
  creating $alu model for $macc $flatten\soc.\simpleuart.$add$simpleuart.v:99$484.
  creating $alu model for $macc $flatten\soc.\simpleuart.$add$simpleuart.v:112$487.
  creating $alu model for $macc $flatten\soc.\simpleuart.$sub$simpleuart.v:132$495.
  creating $alu model for $macc $flatten\soc.\spimemio.$add$spimemio.v:226$538.
  creating $alu model for $macc $flatten\soc.\cpu.$add$../picorv32.v:1569$1187.
  creating $alu model for $macc $flatten\soc.\cpu.$sub$../picorv32.v:1842$1248.
  creating $alu model for $macc $flatten\soc.\cpu.$add$../picorv32.v:1806$1234.
  creating $alu model for $macc $flatten\soc.\cpu.$sub$../picorv32.v:1240$1307.
  creating $alu model for $macc $flatten\soc.\cpu.$add$../picorv32.v:1240$1308.
  creating $alu model for $macc $flatten\soc.\cpu.$sub$../picorv32.v:1918$1272.
  creating $alu model for $macc $flatten\soc.\cpu.$sub$../picorv32.v:1850$1255.
  creating $alu model for $macc $flatten\soc.\spimemio.\xfer.$sub$spimemio.v:554$1358.
  creating $alu model for $macc $flatten\soc.\spimemio.\xfer.$sub$spimemio.v:524$1348.
  creating $alu model for $macc $flatten\soc.\spimemio.\xfer.$sub$spimemio.v:491$1336.
  creating $alu model for $macc $flatten\soc.\spimemio.\xfer.$sub$spimemio.v:471$1329.
  creating $alu model for $macc $flatten\soc.\spimem_cache.$add$picosoc.v:381$620.
  creating $alu model for $macc $flatten\soc.\spimem_cache.$add$picosoc.v:388$629.
  creating $alu model for $macc $flatten\soc.\cpu.$add$../picorv32.v:1897$1267.
  creating $alu model for $macc $flatten\soc.\cpu.$add$../picorv32.v:1560$1185.
  creating $alu model for $macc $flatten\soc.\cpu.$add$../picorv32.v:1317$1100.
  creating $alu model for $macc $flatten\soc.\cpu.$sub$../picorv32.v:1426$1130.
  creating $alu model for $macc $flatten\soc.\cpu.$add$../picorv32.v:1433$1132.
  creating $alu model for $macc $flatten\soc.\cpu.$add$../picorv32.v:1564$1186.
  creating $alu model for $macc $techmap$flatten\soc.\cpu.\genblk1.pcpi_mul.$mul$../picorv32.v:2371$1379.$add$/homes/cl2033/oss-cad-suite/lib/../share/yosys/mul2dsp.v:159$7333.
  creating $alu model for $macc $techmap$flatten\soc.\cpu.\genblk1.pcpi_mul.$mul$../picorv32.v:2371$1379.$add$/homes/cl2033/oss-cad-suite/lib/../share/yosys/mul2dsp.v:173$7336.
  creating $alu model for $macc $add$icebreaker.v:56$387.
  creating $alu model for $macc $techmap$flatten\soc.\cpu.\genblk1.pcpi_mul.$mul$../picorv32.v:2371$1379.genblk1.genblk1.genblk1.genblk1.genblk1.genblk1.sliceA[1].mul.$add$/homes/cl2033/oss-cad-suite/lib/../share/yosys/mul2dsp.v:230$7343.
  creating $macc cell for $flatten\soc.\cpu.\genblk1.pcpi_mul.$mul$../picorv32.v:2371$1379.genblk1.genblk1.genblk1.genblk1.genblk1.genblk1.sliceA.last: $auto$alumacc.cc:382:replace_macc$7383
  creating $macc cell for $techmap$flatten\soc.\cpu.\genblk1.pcpi_mul.$mul$../picorv32.v:2371$1379.genblk1.genblk1.genblk1.genblk1.genblk1.genblk1.sliceA[0].mul.$add$/homes/cl2033/oss-cad-suite/lib/../share/yosys/mul2dsp.v:230$7343: $auto$alumacc.cc:382:replace_macc$7384
  creating $macc cell for $flatten\soc.\cpu.\genblk1.pcpi_mul.$mul$../picorv32.v:2371$1379.genblk1.genblk1.genblk1.genblk1.genblk1.genblk1.sliceA[1].mul.genblk1.genblk1.genblk1.genblk1.genblk1.genblk1.genblk1.mul_sliceB_last: $auto$alumacc.cc:382:replace_macc$7385
  creating $alu model for $flatten\soc.$lt$picosoc.v:262$451 ($lt): new $alu
  creating $alu model for $flatten\soc.$lt$picosoc.v:189$437 ($lt): new $alu
  creating $alu model for $flatten\soc.$ge$picosoc.v:189$435 ($ge): merged with $flatten\soc.$lt$picosoc.v:262$451.
  creating $alu model for $flatten\soc.\cpu.$lt$../picorv32.v:1243$1312 ($lt): merged with $flatten\soc.\cpu.$sub$../picorv32.v:1240$1307.
  creating $alu model for $flatten\soc.\cpu.$lt$../picorv32.v:1242$1311 ($lt): merged with $flatten\soc.\cpu.$sub$../picorv32.v:1240$1307.
  creating $alu model for $flatten\soc.\cpu.$ge$../picorv32.v:1835$1240 ($ge): merged with $flatten\soc.\cpu.$sub$../picorv32.v:1842$1248.
  creating $alu model for $flatten\soc.$gt$picosoc.v:134$406 ($gt): new $alu
  creating $alu model for $flatten\soc.\simpleuart.$gt$simpleuart.v:130$493 ($gt): new $alu
  creating $alu model for $flatten\soc.\simpleuart.$gt$simpleuart.v:97$483 ($gt): new $alu
  creating $alu model for $flatten\soc.\simpleuart.$gt$simpleuart.v:84$481 ($gt): new $alu
  creating $alu model for $flatten\soc.\cpu.$eq$../picorv32.v:1241$1310 ($eq): merged with $flatten\soc.\cpu.$sub$../picorv32.v:1240$1307.
  creating $alu model for $flatten\soc.$eq$picosoc.v:139$408 ($eq): merged with $flatten\soc.$lt$picosoc.v:189$437.
  creating $alu cell for $flatten\soc.\simpleuart.$gt$simpleuart.v:84$481: $auto$alumacc.cc:512:replace_alu$7392
  creating $alu cell for $flatten\soc.\simpleuart.$gt$simpleuart.v:97$483: $auto$alumacc.cc:512:replace_alu$7403
  creating $alu cell for $flatten\soc.\simpleuart.$gt$simpleuart.v:130$493: $auto$alumacc.cc:512:replace_alu$7414
  creating $alu cell for $flatten\soc.$gt$picosoc.v:134$406: $auto$alumacc.cc:512:replace_alu$7425
  creating $alu cell for $flatten\soc.$lt$picosoc.v:189$437, $flatten\soc.$eq$picosoc.v:139$408: $auto$alumacc.cc:512:replace_alu$7436
  creating $alu cell for $flatten\soc.$lt$picosoc.v:262$451, $flatten\soc.$ge$picosoc.v:189$435: $auto$alumacc.cc:512:replace_alu$7443
  creating $alu cell for $techmap$flatten\soc.\cpu.\genblk1.pcpi_mul.$mul$../picorv32.v:2371$1379.genblk1.genblk1.genblk1.genblk1.genblk1.genblk1.sliceA[1].mul.$add$/homes/cl2033/oss-cad-suite/lib/../share/yosys/mul2dsp.v:230$7343: $auto$alumacc.cc:512:replace_alu$7456
  creating $alu cell for $add$icebreaker.v:56$387: $auto$alumacc.cc:512:replace_alu$7459
  creating $alu cell for $techmap$flatten\soc.\cpu.\genblk1.pcpi_mul.$mul$../picorv32.v:2371$1379.$add$/homes/cl2033/oss-cad-suite/lib/../share/yosys/mul2dsp.v:173$7336: $auto$alumacc.cc:512:replace_alu$7462
  creating $alu cell for $techmap$flatten\soc.\cpu.\genblk1.pcpi_mul.$mul$../picorv32.v:2371$1379.$add$/homes/cl2033/oss-cad-suite/lib/../share/yosys/mul2dsp.v:159$7333: $auto$alumacc.cc:512:replace_alu$7465
  creating $alu cell for $flatten\soc.\cpu.$add$../picorv32.v:1564$1186: $auto$alumacc.cc:512:replace_alu$7468
  creating $alu cell for $flatten\soc.\cpu.$add$../picorv32.v:1433$1132: $auto$alumacc.cc:512:replace_alu$7471
  creating $alu cell for $flatten\soc.\cpu.$sub$../picorv32.v:1426$1130: $auto$alumacc.cc:512:replace_alu$7474
  creating $alu cell for $flatten\soc.\cpu.$add$../picorv32.v:1317$1100: $auto$alumacc.cc:512:replace_alu$7477
  creating $alu cell for $flatten\soc.\cpu.$add$../picorv32.v:1560$1185: $auto$alumacc.cc:512:replace_alu$7480
  creating $alu cell for $flatten\soc.\cpu.$add$../picorv32.v:1897$1267: $auto$alumacc.cc:512:replace_alu$7483
  creating $alu cell for $flatten\soc.\spimem_cache.$add$picosoc.v:388$629: $auto$alumacc.cc:512:replace_alu$7486
  creating $alu cell for $flatten\soc.\spimem_cache.$add$picosoc.v:381$620: $auto$alumacc.cc:512:replace_alu$7489
  creating $alu cell for $flatten\soc.\spimemio.\xfer.$sub$spimemio.v:471$1329: $auto$alumacc.cc:512:replace_alu$7492
  creating $alu cell for $flatten\soc.\spimemio.\xfer.$sub$spimemio.v:491$1336: $auto$alumacc.cc:512:replace_alu$7495
  creating $alu cell for $flatten\soc.\spimemio.\xfer.$sub$spimemio.v:524$1348: $auto$alumacc.cc:512:replace_alu$7498
  creating $alu cell for $flatten\soc.\spimemio.\xfer.$sub$spimemio.v:554$1358: $auto$alumacc.cc:512:replace_alu$7501
  creating $alu cell for $flatten\soc.\cpu.$sub$../picorv32.v:1850$1255: $auto$alumacc.cc:512:replace_alu$7504
  creating $alu cell for $flatten\soc.\cpu.$sub$../picorv32.v:1918$1272: $auto$alumacc.cc:512:replace_alu$7507
  creating $alu cell for $flatten\soc.\cpu.$add$../picorv32.v:1240$1308: $auto$alumacc.cc:512:replace_alu$7510
  creating $alu cell for $flatten\soc.\cpu.$sub$../picorv32.v:1240$1307, $flatten\soc.\cpu.$lt$../picorv32.v:1243$1312, $flatten\soc.\cpu.$lt$../picorv32.v:1242$1311, $flatten\soc.\cpu.$eq$../picorv32.v:1241$1310: $auto$alumacc.cc:512:replace_alu$7513
  creating $alu cell for $flatten\soc.\cpu.$add$../picorv32.v:1806$1234: $auto$alumacc.cc:512:replace_alu$7524
  creating $alu cell for $flatten\soc.\cpu.$sub$../picorv32.v:1842$1248, $flatten\soc.\cpu.$ge$../picorv32.v:1835$1240: $auto$alumacc.cc:512:replace_alu$7527
  creating $alu cell for $flatten\soc.\cpu.$add$../picorv32.v:1569$1187: $auto$alumacc.cc:512:replace_alu$7540
  creating $alu cell for $flatten\soc.\spimemio.$add$spimemio.v:226$538: $auto$alumacc.cc:512:replace_alu$7543
  creating $alu cell for $flatten\soc.\simpleuart.$sub$simpleuart.v:132$495: $auto$alumacc.cc:512:replace_alu$7546
  creating $alu cell for $flatten\soc.\simpleuart.$add$simpleuart.v:112$487: $auto$alumacc.cc:512:replace_alu$7549
  creating $alu cell for $flatten\soc.\simpleuart.$add$simpleuart.v:99$484: $auto$alumacc.cc:512:replace_alu$7552
  creating $alu cell for $flatten\soc.\simpleuart.$add$simpleuart.v:74$478: $auto$alumacc.cc:512:replace_alu$7555
  creating $alu cell for $flatten\seven_segment_ctrl.$add$icebreaker.v:197$455: $auto$alumacc.cc:512:replace_alu$7558
  created 35 $alu and 3 $macc cells.

7.28. Executing OPT pass (performing simple optimizations).

7.28.1. Executing OPT_EXPR pass (perform const folding).
Optimizing module icebreaker.
<suppressed ~7 debug messages>

7.28.2. Executing OPT_MERGE pass (detect identical cells).
Finding identical cells in module `\icebreaker'.
Computing hashes of 1522 cells of `\icebreaker'.
Finding duplicate cells in `\icebreaker'.
Computing hashes of 1513 cells of `\icebreaker'.
Finding duplicate cells in `\icebreaker'.
<suppressed ~27 debug messages>
Removed a total of 9 cells.

7.28.3. Executing OPT_MUXTREE pass (detect dead branches in mux trees).
Running muxtree optimizer on module \icebreaker..
  Creating internal representation of mux trees.
  Evaluating internal representation of mux trees.
  Analyzing evaluation results.
Removed 0 multiplexer ports.
<suppressed ~588 debug messages>

7.28.4. Executing OPT_REDUCE pass (consolidate $*mux and $reduce_* inputs).
  Optimizing cells in module \icebreaker.
Performed a total of 0 changes.

7.28.5. Executing OPT_MERGE pass (detect identical cells).
Finding identical cells in module `\icebreaker'.
Computing hashes of 1513 cells of `\icebreaker'.
Finding duplicate cells in `\icebreaker'.
Computing hashes of 1511 cells of `\icebreaker'.
Finding duplicate cells in `\icebreaker'.
<suppressed ~6 debug messages>
Removed a total of 2 cells.

7.28.6. Executing OPT_DFF pass (perform DFF optimizations).

7.28.7. Executing OPT_CLEAN pass (remove unused cells and wires).
Finding unused cells or wires in module \icebreaker..
Removed 1 unused cells and 90 unused wires.
<suppressed ~2 debug messages>

7.28.8. Executing OPT_EXPR pass (perform const folding).
Optimizing module icebreaker.

7.28.9. Rerunning OPT passes. (Maybe there is more to do..)

7.28.10. Executing OPT_MUXTREE pass (detect dead branches in mux trees).
Running muxtree optimizer on module \icebreaker..
  Creating internal representation of mux trees.
  Evaluating internal representation of mux trees.
  Analyzing evaluation results.
Removed 0 multiplexer ports.
<suppressed ~584 debug messages>

7.28.11. Executing OPT_REDUCE pass (consolidate $*mux and $reduce_* inputs).
  Optimizing cells in module \icebreaker.
Performed a total of 0 changes.

7.28.12. Executing OPT_MERGE pass (detect identical cells).
Finding identical cells in module `\icebreaker'.
Computing hashes of 1510 cells of `\icebreaker'.
Finding duplicate cells in `\icebreaker'.
Removed a total of 0 cells.

7.28.13. Executing OPT_DFF pass (perform DFF optimizations).

7.28.14. Executing OPT_CLEAN pass (remove unused cells and wires).
Finding unused cells or wires in module \icebreaker..

7.28.15. Executing OPT_EXPR pass (perform const folding).
Optimizing module icebreaker.

7.28.16. Finished fast OPT passes. (There is nothing left to do.)

7.29. Executing MEMORY pass.

7.29.1. Executing OPT_MEM pass (optimize memories).
Performed a total of 0 transformations.

7.29.2. Executing OPT_MEM_PRIORITY pass (removing unnecessary memory write priority relations).
Performed a total of 28 transformations.

7.29.3. Executing OPT_MEM_FEEDBACK pass (finding memory read-to-write feedback paths).

7.29.4. Executing MEMORY_BMUX2ROM pass (converting muxes to ROMs).

7.29.5. Executing MEMORY_DFF pass (merging $dff cells to $memrd).

7.29.6. Executing OPT_CLEAN pass (remove unused cells and wires).
Finding unused cells or wires in module \icebreaker..

7.29.7. Executing MEMORY_SHARE pass (consolidating $memrd/$memwr cells).
Consolidating read ports of memory icebreaker.soc.cpu.cpuregs.regs by address:
Consolidating write ports of memory icebreaker.soc.spimem_cache.cache_valid by address:
  Merging ports 0, 1 (address 3'000).
  Merging ports 0, 2 (address 3'000).
  Merging ports 0, 3 (address 3'000).
  Merging ports 0, 4 (address 3'000).
  Merging ports 6, 7 (address 3'110).
Consolidating write ports of memory icebreaker.soc.spimem_cache.cache_valid by address:
  Merging ports 1, 2 (address 3'101).
Consolidating write ports of memory icebreaker.soc.spimem_cache.cache_valid by address:
Consolidating write ports of memory icebreaker.soc.spimem_cache.cache_valid using sat-based resource sharing:

7.29.8. Executing OPT_MEM_WIDEN pass (optimize memories where all ports are wide).
Performed a total of 0 transformations.

7.29.9. Executing OPT_CLEAN pass (remove unused cells and wires).
Finding unused cells or wires in module \icebreaker..

7.29.10. Executing MEMORY_COLLECT pass (generating $mem cells).

7.30. Executing OPT_CLEAN pass (remove unused cells and wires).
Finding unused cells or wires in module \icebreaker..

7.31. Executing MEMORY_LIBMAP pass (mapping memories to cells).
mapping memory icebreaker.soc.cpu.cpuregs.regs via $__ICE40_RAM4K_
using FF mapping for memory icebreaker.soc.spimem_cache.cache_valid
mapping memory icebreaker.soc.spimem_cache.cache_data via $__ICE40_RAM4K_
mapping memory icebreaker.soc.spimem_cache.cache_addr via $__ICE40_RAM4K_
using FF mapping for memory icebreaker.$flatten\seven_segment_ctrl.\lsb_nibble.$auto$proc_rom.cc:155:do_switch$1398
using FF mapping for memory icebreaker.$flatten\seven_segment_ctrl.\msb_nibble.$auto$proc_rom.cc:155:do_switch$1398
<suppressed ~331 debug messages>

7.32. Executing TECHMAP pass (map to technology primitives).

7.32.1. Executing Verilog-2005 frontend: /homes/cl2033/oss-cad-suite/lib/../share/yosys/ice40/brams_map.v
Parsing Verilog input from `/homes/cl2033/oss-cad-suite/lib/../share/yosys/ice40/brams_map.v' to AST representation.
Generating RTLIL representation for module `$__ICE40_RAM4K_'.
Successfully finished Verilog frontend.

7.32.2. Executing Verilog-2005 frontend: /homes/cl2033/oss-cad-suite/lib/../share/yosys/ice40/spram_map.v
Parsing Verilog input from `/homes/cl2033/oss-cad-suite/lib/../share/yosys/ice40/spram_map.v' to AST representation.
Generating RTLIL representation for module `$__ICE40_SPRAM_'.
Successfully finished Verilog frontend.

7.32.3. Continuing TECHMAP pass.
Using template $paramod$a1f6b5309207cf102bfb625dccbd224ad06df61d$__ICE40_RAM4K_ for cells of type $__ICE40_RAM4K_.
No more expansions possible.
<suppressed ~35 debug messages>

7.33. Executing ICE40_BRAMINIT pass.

7.34. Executing OPT pass (performing simple optimizations).

7.34.1. Executing OPT_EXPR pass (perform const folding).
Optimizing module icebreaker.
<suppressed ~211 debug messages>

7.34.2. Executing OPT_MERGE pass (detect identical cells).
Finding identical cells in module `\icebreaker'.
Computing hashes of 1468 cells of `\icebreaker'.
Finding duplicate cells in `\icebreaker'.
Computing hashes of 1442 cells of `\icebreaker'.
Finding duplicate cells in `\icebreaker'.
Computing hashes of 1441 cells of `\icebreaker'.
Finding duplicate cells in `\icebreaker'.
Computing hashes of 1440 cells of `\icebreaker'.
Finding duplicate cells in `\icebreaker'.
<suppressed ~84 debug messages>
Removed a total of 28 cells.

7.34.3. Executing OPT_DFF pass (perform DFF optimizations).
Adding EN signal on $auto$ff.cc:337:slice$6892 ($dffe) from module icebreaker (D = $auto$wreduce.cc:514:run$7288 [1:0], Q = \soc.spimemio.rd_addr [1:0]).
Removing always-active EN on $auto$mem.cc:1169:emulate_transparency$7594 ($dffe) from module icebreaker.
Removing always-active EN on $auto$mem.cc:1169:emulate_transparency$7610 ($dffe) from module icebreaker.
Adding SRST signal on $auto$ff.cc:337:slice$7113 ($dffe) from module icebreaker (D = $flatten\soc.\cpu.$procmux$4338_Y, Q = \soc.cpu.mem_state, rval = 2'00).
Removing always-active EN on $auto$mem.cc:1169:emulate_transparency$7572 ($dffe) from module icebreaker.
Adding SRST signal on $auto$ff.cc:337:slice$7233 ($dffe) from module icebreaker (D = $flatten\soc.\cpu.$procmux$4396_Y, Q = \soc.cpu.mem_valid, rval = 1'0).

7.34.4. Executing OPT_CLEAN pass (remove unused cells and wires).
Finding unused cells or wires in module \icebreaker..
Removed 17 unused cells and 315 unused wires.
<suppressed ~21 debug messages>

7.34.5. Rerunning OPT passes. (Removed registers in this run.)

7.34.6. Executing OPT_EXPR pass (perform const folding).
Optimizing module icebreaker.
<suppressed ~2 debug messages>

7.34.7. Executing OPT_MERGE pass (detect identical cells).
Finding identical cells in module `\icebreaker'.
Computing hashes of 1425 cells of `\icebreaker'.
Finding duplicate cells in `\icebreaker'.
Removed a total of 0 cells.

7.34.8. Executing OPT_DFF pass (perform DFF optimizations).
Adding EN signal on $flatten\soc.\cpu.$procdff$5492 ($dff) from module icebreaker (D = $flatten\soc.\cpu.$0\reg_sh[4:0] [1:0], Q = \soc.cpu.reg_sh [1:0]).
Setting constant 1-bit at position 0 on $flatten\soc.\cpu.\genblk1.pcpi_mul.$procdff$5461 ($dff) from module icebreaker.
Setting constant 1-bit at position 1 on $flatten\soc.\cpu.\genblk1.pcpi_mul.$procdff$5461 ($dff) from module icebreaker.
Setting constant 1-bit at position 2 on $flatten\soc.\cpu.\genblk1.pcpi_mul.$procdff$5461 ($dff) from module icebreaker.
Setting constant 1-bit at position 3 on $flatten\soc.\cpu.\genblk1.pcpi_mul.$procdff$5461 ($dff) from module icebreaker.
Setting constant 1-bit at position 4 on $flatten\soc.\cpu.\genblk1.pcpi_mul.$procdff$5461 ($dff) from module icebreaker.
Setting constant 1-bit at position 5 on $flatten\soc.\cpu.\genblk1.pcpi_mul.$procdff$5461 ($dff) from module icebreaker.
Setting constant 1-bit at position 6 on $flatten\soc.\cpu.\genblk1.pcpi_mul.$procdff$5461 ($dff) from module icebreaker.
Setting constant 1-bit at position 7 on $flatten\soc.\cpu.\genblk1.pcpi_mul.$procdff$5461 ($dff) from module icebreaker.
Setting constant 1-bit at position 8 on $flatten\soc.\cpu.\genblk1.pcpi_mul.$procdff$5461 ($dff) from module icebreaker.
Setting constant 1-bit at position 9 on $flatten\soc.\cpu.\genblk1.pcpi_mul.$procdff$5461 ($dff) from module icebreaker.
Setting constant 1-bit at position 10 on $flatten\soc.\cpu.\genblk1.pcpi_mul.$procdff$5461 ($dff) from module icebreaker.
Setting constant 1-bit at position 11 on $flatten\soc.\cpu.\genblk1.pcpi_mul.$procdff$5461 ($dff) from module icebreaker.
Setting constant 1-bit at position 12 on $flatten\soc.\cpu.\genblk1.pcpi_mul.$procdff$5461 ($dff) from module icebreaker.
Setting constant 1-bit at position 13 on $flatten\soc.\cpu.\genblk1.pcpi_mul.$procdff$5461 ($dff) from module icebreaker.
Setting constant 1-bit at position 14 on $flatten\soc.\cpu.\genblk1.pcpi_mul.$procdff$5461 ($dff) from module icebreaker.
Setting constant 1-bit at position 15 on $flatten\soc.\cpu.\genblk1.pcpi_mul.$procdff$5461 ($dff) from module icebreaker.

7.34.9. Executing OPT_CLEAN pass (remove unused cells and wires).
Finding unused cells or wires in module \icebreaker..
Removed 0 unused cells and 2 unused wires.
<suppressed ~1 debug messages>

7.34.10. Rerunning OPT passes. (Removed registers in this run.)

7.34.11. Executing OPT_EXPR pass (perform const folding).
Optimizing module icebreaker.

7.34.12. Executing OPT_MERGE pass (detect identical cells).
Finding identical cells in module `\icebreaker'.
Computing hashes of 1427 cells of `\icebreaker'.
Finding duplicate cells in `\icebreaker'.
Removed a total of 0 cells.

7.34.13. Executing OPT_DFF pass (perform DFF optimizations).

7.34.14. Executing OPT_CLEAN pass (remove unused cells and wires).
Finding unused cells or wires in module \icebreaker..

7.34.15. Finished fast OPT passes.

7.35. Executing MEMORY_MAP pass (converting memories to logic and flip-flops).
Mapping memory \soc.spimem_cache.cache_valid in module \icebreaker:
  created 8 $dff cells and 0 static cells of width 1.
Extracted addr FF from read port 0 of icebreaker.soc.spimem_cache.cache_valid: $\soc.spimem_cache.cache_valid$rdreg[0]
  read interface: 1 $dff and 7 $mux cells.
  write interface: 24 write mux blocks.
Mapping memory $flatten\seven_segment_ctrl.\lsb_nibble.$auto$proc_rom.cc:155:do_switch$1398 in module \icebreaker:
  created 16 $dff cells and 0 static cells of width 7.
Extracted data FF from read port 0 of icebreaker.$flatten\seven_segment_ctrl.\lsb_nibble.$auto$proc_rom.cc:155:do_switch$1398: $$flatten\seven_segment_ctrl.\lsb_nibble.$auto$proc_rom.cc:155:do_switch$1398$rdreg[0]
  read interface: 1 $dff and 15 $mux cells.
  write interface: 0 write mux blocks.
Mapping memory $flatten\seven_segment_ctrl.\msb_nibble.$auto$proc_rom.cc:155:do_switch$1398 in module \icebreaker:
  created 16 $dff cells and 0 static cells of width 7.
Extracted data FF from read port 0 of icebreaker.$flatten\seven_segment_ctrl.\msb_nibble.$auto$proc_rom.cc:155:do_switch$1398: $$flatten\seven_segment_ctrl.\msb_nibble.$auto$proc_rom.cc:155:do_switch$1398$rdreg[0]
  read interface: 1 $dff and 15 $mux cells.
  write interface: 0 write mux blocks.

7.36. Executing OPT pass (performing simple optimizations).

7.36.1. Executing OPT_EXPR pass (perform const folding).
Optimizing module icebreaker.
<suppressed ~41 debug messages>

7.36.2. Executing OPT_MERGE pass (detect identical cells).
Finding identical cells in module `\icebreaker'.
Computing hashes of 1511 cells of `\icebreaker'.
Finding duplicate cells in `\icebreaker'.
Computing hashes of 1508 cells of `\icebreaker'.
Finding duplicate cells in `\icebreaker'.
<suppressed ~9 debug messages>
Removed a total of 3 cells.

7.36.3. Executing OPT_MUXTREE pass (detect dead branches in mux trees).
Running muxtree optimizer on module \icebreaker..
  Creating internal representation of mux trees.
  Evaluating internal representation of mux trees.
  Analyzing evaluation results.
    dead port 1/2 on $mux $flatten\soc.\spimem_cache.$procmux$4919.
    dead port 2/2 on $mux $flatten\soc.\spimem_cache.$procmux$4919.
Removed 2 multiplexer ports.
<suppressed ~522 debug messages>

7.36.4. Executing OPT_REDUCE pass (consolidate $*mux and $reduce_* inputs).
  Optimizing cells in module \icebreaker.
    New input vector for $reduce_and cell $auto$opt_dff.cc:252:make_patterns_logic$7788: { $flatten\soc.\spimemio.$logic_and$spimemio.v:224$537_Y $auto$rtlil.cc:3197:Not$6843 $auto$opt_dff.cc:234:make_patterns_logic$7785 }
    Consolidated identical input bits for $mux cell $memory$flatten\seven_segment_ctrl.\msb_nibble.$auto$proc_rom.cc:155:do_switch$1398$rdmux[0][3][6]$8056:
      Old ports: A=7'0111001, B=7'1011110, Y=$memory$flatten\seven_segment_ctrl.\msb_nibble.$auto$proc_rom.cc:155:do_switch$1398$rdmux[0][2][3]$a$8036
      New ports: A=2'01, B=2'10, Y=$memory$flatten\seven_segment_ctrl.\msb_nibble.$auto$proc_rom.cc:155:do_switch$1398$rdmux[0][2][3]$a$8036 [1:0]
      New connections: $memory$flatten\seven_segment_ctrl.\msb_nibble.$auto$proc_rom.cc:155:do_switch$1398$rdmux[0][2][3]$a$8036 [6:2] = { $memory$flatten\seven_segment_ctrl.\msb_nibble.$auto$proc_rom.cc:155:do_switch$1398$rdmux[0][2][3]$a$8036 [1:0] 2'11 $memory$flatten\seven_segment_ctrl.\msb_nibble.$auto$proc_rom.cc:155:do_switch$1398$rdmux[0][2][3]$a$8036 [1] }
    Consolidated identical input bits for $mux cell $memory$flatten\seven_segment_ctrl.\lsb_nibble.$auto$proc_rom.cc:155:do_switch$1398$rdmux[0][3][4]$8005:
      Old ports: A=7'1111111, B=7'1101111, Y=$memory$flatten\seven_segment_ctrl.\lsb_nibble.$auto$proc_rom.cc:155:do_switch$1398$rdmux[0][2][2]$a$7988
      New ports: A=1'1, B=1'0, Y=$memory$flatten\seven_segment_ctrl.\lsb_nibble.$auto$proc_rom.cc:155:do_switch$1398$rdmux[0][2][2]$a$7988 [4]
      New connections: { $memory$flatten\seven_segment_ctrl.\lsb_nibble.$auto$proc_rom.cc:155:do_switch$1398$rdmux[0][2][2]$a$7988 [6:5] $memory$flatten\seven_segment_ctrl.\lsb_nibble.$auto$proc_rom.cc:155:do_switch$1398$rdmux[0][2][2]$a$7988 [3:0] } = 6'111111
    Consolidated identical input bits for $mux cell $memory$flatten\seven_segment_ctrl.\lsb_nibble.$auto$proc_rom.cc:155:do_switch$1398$rdmux[0][3][6]$8011:
      Old ports: A=7'0111001, B=7'1011110, Y=$memory$flatten\seven_segment_ctrl.\lsb_nibble.$auto$proc_rom.cc:155:do_switch$1398$rdmux[0][2][3]$a$7991
      New ports: A=2'01, B=2'10, Y=$memory$flatten\seven_segment_ctrl.\lsb_nibble.$auto$proc_rom.cc:155:do_switch$1398$rdmux[0][2][3]$a$7991 [1:0]
      New connections: $memory$flatten\seven_segment_ctrl.\lsb_nibble.$auto$proc_rom.cc:155:do_switch$1398$rdmux[0][2][3]$a$7991 [6:2] = { $memory$flatten\seven_segment_ctrl.\lsb_nibble.$auto$proc_rom.cc:155:do_switch$1398$rdmux[0][2][3]$a$7991 [1:0] 2'11 $memory$flatten\seven_segment_ctrl.\lsb_nibble.$auto$proc_rom.cc:155:do_switch$1398$rdmux[0][2][3]$a$7991 [1] }
    Consolidated identical input bits for $mux cell $memory$flatten\seven_segment_ctrl.\msb_nibble.$auto$proc_rom.cc:155:do_switch$1398$rdmux[0][3][3]$8047:
      Old ports: A=7'1111101, B=7'0000111, Y=$memory$flatten\seven_segment_ctrl.\msb_nibble.$auto$proc_rom.cc:155:do_switch$1398$rdmux[0][2][1]$b$8031
      New ports: A=2'10, B=2'01, Y={ $memory$flatten\seven_segment_ctrl.\msb_nibble.$auto$proc_rom.cc:155:do_switch$1398$rdmux[0][2][1]$b$8031 [3] $memory$flatten\seven_segment_ctrl.\msb_nibble.$auto$proc_rom.cc:155:do_switch$1398$rdmux[0][2][1]$b$8031 [1] }
      New connections: { $memory$flatten\seven_segment_ctrl.\msb_nibble.$auto$proc_rom.cc:155:do_switch$1398$rdmux[0][2][1]$b$8031 [6:4] $memory$flatten\seven_segment_ctrl.\msb_nibble.$auto$proc_rom.cc:155:do_switch$1398$rdmux[0][2][1]$b$8031 [2] $memory$flatten\seven_segment_ctrl.\msb_nibble.$auto$proc_rom.cc:155:do_switch$1398$rdmux[0][2][1]$b$8031 [0] } = { $memory$flatten\seven_segment_ctrl.\msb_nibble.$auto$proc_rom.cc:155:do_switch$1398$rdmux[0][2][1]$b$8031 [3] $memory$flatten\seven_segment_ctrl.\msb_nibble.$auto$proc_rom.cc:155:do_switch$1398$rdmux[0][2][1]$b$8031 [3] $memory$flatten\seven_segment_ctrl.\msb_nibble.$auto$proc_rom.cc:155:do_switch$1398$rdmux[0][2][1]$b$8031 [3] 2'11 }
    Consolidated identical input bits for $mux cell $memory$flatten\seven_segment_ctrl.\lsb_nibble.$auto$proc_rom.cc:155:do_switch$1398$rdmux[0][3][5]$8008:
      Old ports: A=7'1110111, B=7'1111100, Y=$memory$flatten\seven_segment_ctrl.\lsb_nibble.$auto$proc_rom.cc:155:do_switch$1398$rdmux[0][2][2]$b$7989
      New ports: A=2'01, B=2'10, Y={ $memory$flatten\seven_segment_ctrl.\lsb_nibble.$auto$proc_rom.cc:155:do_switch$1398$rdmux[0][2][2]$b$7989 [3] $memory$flatten\seven_segment_ctrl.\lsb_nibble.$auto$proc_rom.cc:155:do_switch$1398$rdmux[0][2][2]$b$7989 [0] }
      New connections: { $memory$flatten\seven_segment_ctrl.\lsb_nibble.$auto$proc_rom.cc:155:do_switch$1398$rdmux[0][2][2]$b$7989 [6:4] $memory$flatten\seven_segment_ctrl.\lsb_nibble.$auto$proc_rom.cc:155:do_switch$1398$rdmux[0][2][2]$b$7989 [2:1] } = { 4'1111 $memory$flatten\seven_segment_ctrl.\lsb_nibble.$auto$proc_rom.cc:155:do_switch$1398$rdmux[0][2][2]$b$7989 [0] }
    Consolidated identical input bits for $mux cell $memory$flatten\seven_segment_ctrl.\lsb_nibble.$auto$proc_rom.cc:155:do_switch$1398$rdmux[0][3][1]$7996:
      Old ports: A=7'1011011, B=7'1001111, Y=$memory$flatten\seven_segment_ctrl.\lsb_nibble.$auto$proc_rom.cc:155:do_switch$1398$rdmux[0][2][0]$b$7983
      New ports: A=2'10, B=2'01, Y={ $memory$flatten\seven_segment_ctrl.\lsb_nibble.$auto$proc_rom.cc:155:do_switch$1398$rdmux[0][2][0]$b$7983 [4] $memory$flatten\seven_segment_ctrl.\lsb_nibble.$auto$proc_rom.cc:155:do_switch$1398$rdmux[0][2][0]$b$7983 [2] }
      New connections: { $memory$flatten\seven_segment_ctrl.\lsb_nibble.$auto$proc_rom.cc:155:do_switch$1398$rdmux[0][2][0]$b$7983 [6:5] $memory$flatten\seven_segment_ctrl.\lsb_nibble.$auto$proc_rom.cc:155:do_switch$1398$rdmux[0][2][0]$b$7983 [3] $memory$flatten\seven_segment_ctrl.\lsb_nibble.$auto$proc_rom.cc:155:do_switch$1398$rdmux[0][2][0]$b$7983 [1:0] } = 5'10111
    Consolidated identical input bits for $mux cell $memory$flatten\seven_segment_ctrl.\lsb_nibble.$auto$proc_rom.cc:155:do_switch$1398$rdmux[0][3][3]$8002:
      Old ports: A=7'1111101, B=7'0000111, Y=$memory$flatten\seven_segment_ctrl.\lsb_nibble.$auto$proc_rom.cc:155:do_switch$1398$rdmux[0][2][1]$b$7986
      New ports: A=2'10, B=2'01, Y={ $memory$flatten\seven_segment_ctrl.\lsb_nibble.$auto$proc_rom.cc:155:do_switch$1398$rdmux[0][2][1]$b$7986 [3] $memory$flatten\seven_segment_ctrl.\lsb_nibble.$auto$proc_rom.cc:155:do_switch$1398$rdmux[0][2][1]$b$7986 [1] }
      New connections: { $memory$flatten\seven_segment_ctrl.\lsb_nibble.$auto$proc_rom.cc:155:do_switch$1398$rdmux[0][2][1]$b$7986 [6:4] $memory$flatten\seven_segment_ctrl.\lsb_nibble.$auto$proc_rom.cc:155:do_switch$1398$rdmux[0][2][1]$b$7986 [2] $memory$flatten\seven_segment_ctrl.\lsb_nibble.$auto$proc_rom.cc:155:do_switch$1398$rdmux[0][2][1]$b$7986 [0] } = { $memory$flatten\seven_segment_ctrl.\lsb_nibble.$auto$proc_rom.cc:155:do_switch$1398$rdmux[0][2][1]$b$7986 [3] $memory$flatten\seven_segment_ctrl.\lsb_nibble.$auto$proc_rom.cc:155:do_switch$1398$rdmux[0][2][1]$b$7986 [3] $memory$flatten\seven_segment_ctrl.\lsb_nibble.$auto$proc_rom.cc:155:do_switch$1398$rdmux[0][2][1]$b$7986 [3] 2'11 }
    Consolidated identical input bits for $mux cell $memory$flatten\seven_segment_ctrl.\lsb_nibble.$auto$proc_rom.cc:155:do_switch$1398$rdmux[0][3][2]$7999:
      Old ports: A=7'1100110, B=7'1101101, Y=$memory$flatten\seven_segment_ctrl.\lsb_nibble.$auto$proc_rom.cc:155:do_switch$1398$rdmux[0][2][1]$a$7985
      New ports: A=2'10, B=2'01, Y=$memory$flatten\seven_segment_ctrl.\lsb_nibble.$auto$proc_rom.cc:155:do_switch$1398$rdmux[0][2][1]$a$7985 [1:0]
      New connections: $memory$flatten\seven_segment_ctrl.\lsb_nibble.$auto$proc_rom.cc:155:do_switch$1398$rdmux[0][2][1]$a$7985 [6:2] = { 3'110 $memory$flatten\seven_segment_ctrl.\lsb_nibble.$auto$proc_rom.cc:155:do_switch$1398$rdmux[0][2][1]$a$7985 [0] 1'1 }
    Consolidated identical input bits for $mux cell $memory$flatten\seven_segment_ctrl.\msb_nibble.$auto$proc_rom.cc:155:do_switch$1398$rdmux[0][3][5]$8053:
      Old ports: A=7'1110111, B=7'1111100, Y=$memory$flatten\seven_segment_ctrl.\msb_nibble.$auto$proc_rom.cc:155:do_switch$1398$rdmux[0][2][2]$b$8034
      New ports: A=2'01, B=2'10, Y={ $memory$flatten\seven_segment_ctrl.\msb_nibble.$auto$proc_rom.cc:155:do_switch$1398$rdmux[0][2][2]$b$8034 [3] $memory$flatten\seven_segment_ctrl.\msb_nibble.$auto$proc_rom.cc:155:do_switch$1398$rdmux[0][2][2]$b$8034 [0] }
      New connections: { $memory$flatten\seven_segment_ctrl.\msb_nibble.$auto$proc_rom.cc:155:do_switch$1398$rdmux[0][2][2]$b$8034 [6:4] $memory$flatten\seven_segment_ctrl.\msb_nibble.$auto$proc_rom.cc:155:do_switch$1398$rdmux[0][2][2]$b$8034 [2:1] } = { 4'1111 $memory$flatten\seven_segment_ctrl.\msb_nibble.$auto$proc_rom.cc:155:do_switch$1398$rdmux[0][2][2]$b$8034 [0] }
    Consolidated identical input bits for $mux cell $memory$flatten\seven_segment_ctrl.\lsb_nibble.$auto$proc_rom.cc:155:do_switch$1398$rdmux[0][3][0]$7993:
      Old ports: A=7'0111111, B=7'0000110, Y=$memory$flatten\seven_segment_ctrl.\lsb_nibble.$auto$proc_rom.cc:155:do_switch$1398$rdmux[0][2][0]$a$7982
      New ports: A=1'1, B=1'0, Y=$memory$flatten\seven_segment_ctrl.\lsb_nibble.$auto$proc_rom.cc:155:do_switch$1398$rdmux[0][2][0]$a$7982 [0]
      New connections: $memory$flatten\seven_segment_ctrl.\lsb_nibble.$auto$proc_rom.cc:155:do_switch$1398$rdmux[0][2][0]$a$7982 [6:1] = { 1'0 $memory$flatten\seven_segment_ctrl.\lsb_nibble.$auto$proc_rom.cc:155:do_switch$1398$rdmux[0][2][0]$a$7982 [0] $memory$flatten\seven_segment_ctrl.\lsb_nibble.$auto$proc_rom.cc:155:do_switch$1398$rdmux[0][2][0]$a$7982 [0] $memory$flatten\seven_segment_ctrl.\lsb_nibble.$auto$proc_rom.cc:155:do_switch$1398$rdmux[0][2][0]$a$7982 [0] 2'11 }
    Consolidated identical input bits for $mux cell $memory$flatten\seven_segment_ctrl.\msb_nibble.$auto$proc_rom.cc:155:do_switch$1398$rdmux[0][3][4]$8050:
      Old ports: A=7'1111111, B=7'1101111, Y=$memory$flatten\seven_segment_ctrl.\msb_nibble.$auto$proc_rom.cc:155:do_switch$1398$rdmux[0][2][2]$a$8033
      New ports: A=1'1, B=1'0, Y=$memory$flatten\seven_segment_ctrl.\msb_nibble.$auto$proc_rom.cc:155:do_switch$1398$rdmux[0][2][2]$a$8033 [4]
      New connections: { $memory$flatten\seven_segment_ctrl.\msb_nibble.$auto$proc_rom.cc:155:do_switch$1398$rdmux[0][2][2]$a$8033 [6:5] $memory$flatten\seven_segment_ctrl.\msb_nibble.$auto$proc_rom.cc:155:do_switch$1398$rdmux[0][2][2]$a$8033 [3:0] } = 6'111111
    Consolidated identical input bits for $mux cell $memory$flatten\seven_segment_ctrl.\msb_nibble.$auto$proc_rom.cc:155:do_switch$1398$rdmux[0][3][2]$8044:
      Old ports: A=7'1100110, B=7'1101101, Y=$memory$flatten\seven_segment_ctrl.\msb_nibble.$auto$proc_rom.cc:155:do_switch$1398$rdmux[0][2][1]$a$8030
      New ports: A=2'10, B=2'01, Y=$memory$flatten\seven_segment_ctrl.\msb_nibble.$auto$proc_rom.cc:155:do_switch$1398$rdmux[0][2][1]$a$8030 [1:0]
      New connections: $memory$flatten\seven_segment_ctrl.\msb_nibble.$auto$proc_rom.cc:155:do_switch$1398$rdmux[0][2][1]$a$8030 [6:2] = { 3'110 $memory$flatten\seven_segment_ctrl.\msb_nibble.$auto$proc_rom.cc:155:do_switch$1398$rdmux[0][2][1]$a$8030 [0] 1'1 }
    Consolidated identical input bits for $mux cell $memory$flatten\seven_segment_ctrl.\msb_nibble.$auto$proc_rom.cc:155:do_switch$1398$rdmux[0][3][1]$8041:
      Old ports: A=7'1011011, B=7'1001111, Y=$memory$flatten\seven_segment_ctrl.\msb_nibble.$auto$proc_rom.cc:155:do_switch$1398$rdmux[0][2][0]$b$8028
      New ports: A=2'10, B=2'01, Y={ $memory$flatten\seven_segment_ctrl.\msb_nibble.$auto$proc_rom.cc:155:do_switch$1398$rdmux[0][2][0]$b$8028 [4] $memory$flatten\seven_segment_ctrl.\msb_nibble.$auto$proc_rom.cc:155:do_switch$1398$rdmux[0][2][0]$b$8028 [2] }
      New connections: { $memory$flatten\seven_segment_ctrl.\msb_nibble.$auto$proc_rom.cc:155:do_switch$1398$rdmux[0][2][0]$b$8028 [6:5] $memory$flatten\seven_segment_ctrl.\msb_nibble.$auto$proc_rom.cc:155:do_switch$1398$rdmux[0][2][0]$b$8028 [3] $memory$flatten\seven_segment_ctrl.\msb_nibble.$auto$proc_rom.cc:155:do_switch$1398$rdmux[0][2][0]$b$8028 [1:0] } = 5'10111
    Consolidated identical input bits for $mux cell $flatten\soc.\cpu.$ternary$../picorv32.v:1546$1177:
      Old ports: A=3'011, B=3'100, Y=$auto$wreduce.cc:514:run$7279 [2:0]
      New ports: A=2'01, B=2'10, Y={ $auto$wreduce.cc:514:run$7279 [2] $auto$wreduce.cc:514:run$7279 [0] }
      New connections: $auto$wreduce.cc:514:run$7279 [1] = $auto$wreduce.cc:514:run$7279 [0]
    Consolidated identical input bits for $mux cell $flatten\soc.\cpu.$ternary$../picorv32.v:1541$1175:
      Old ports: A=2'00, B=2'10, Y=$flatten\soc.\cpu.$ternary$../picorv32.v:1541$1175_Y
      New ports: A=1'0, B=1'1, Y=$flatten\soc.\cpu.$ternary$../picorv32.v:1541$1175_Y [1]
      New connections: $flatten\soc.\cpu.$ternary$../picorv32.v:1541$1175_Y [0] = 1'0
    New ctrl vector for $pmux cell $flatten\soc.\cpu.$procmux$3096: { $auto$opt_reduce.cc:137:opt_pmux$8063 $auto$opt_reduce.cc:137:opt_pmux$5725 }
    Consolidated identical input bits for $pmux cell $flatten\soc.\cpu.$procmux$2530:
      Old ports: A=\soc.cpu.mem_rdata_word, B={ \soc.cpu.mem_rdata_word [15] \soc.cpu.mem_rdata_word [15] \soc.cpu.mem_rdata_word [15] \soc.cpu.mem_rdata_word [15] \soc.cpu.mem_rdata_word [15] \soc.cpu.mem_rdata_word [15] \soc.cpu.mem_rdata_word [15] \soc.cpu.mem_rdata_word [15] \soc.cpu.mem_rdata_word [15] \soc.cpu.mem_rdata_word [15] \soc.cpu.mem_rdata_word [15] \soc.cpu.mem_rdata_word [15] \soc.cpu.mem_rdata_word [15] \soc.cpu.mem_rdata_word [15] \soc.cpu.mem_rdata_word [15] \soc.cpu.mem_rdata_word [15] \soc.cpu.mem_rdata_word [15:0] \soc.cpu.mem_rdata_word [7] \soc.cpu.mem_rdata_word [7] \soc.cpu.mem_rdata_word [7] \soc.cpu.mem_rdata_word [7] \soc.cpu.mem_rdata_word [7] \soc.cpu.mem_rdata_word [7] \soc.cpu.mem_rdata_word [7] \soc.cpu.mem_rdata_word [7] \soc.cpu.mem_rdata_word [7] \soc.cpu.mem_rdata_word [7] \soc.cpu.mem_rdata_word [7] \soc.cpu.mem_rdata_word [7] \soc.cpu.mem_rdata_word [7] \soc.cpu.mem_rdata_word [7] \soc.cpu.mem_rdata_word [7] \soc.cpu.mem_rdata_word [7] \soc.cpu.mem_rdata_word [7] \soc.cpu.mem_rdata_word [7] \soc.cpu.mem_rdata_word [7] \soc.cpu.mem_rdata_word [7] \soc.cpu.mem_rdata_word [7] \soc.cpu.mem_rdata_word [7] \soc.cpu.mem_rdata_word [7] \soc.cpu.mem_rdata_word [7] \soc.cpu.mem_rdata_word [7:0] }, Y=$flatten\soc.\cpu.$procmux$2530_Y
      New ports: A=\soc.cpu.mem_rdata_word [31:8], B={ \soc.cpu.mem_rdata_word [15] \soc.cpu.mem_rdata_word [15] \soc.cpu.mem_rdata_word [15] \soc.cpu.mem_rdata_word [15] \soc.cpu.mem_rdata_word [15] \soc.cpu.mem_rdata_word [15] \soc.cpu.mem_rdata_word [15] \soc.cpu.mem_rdata_word [15] \soc.cpu.mem_rdata_word [15] \soc.cpu.mem_rdata_word [15] \soc.cpu.mem_rdata_word [15] \soc.cpu.mem_rdata_word [15] \soc.cpu.mem_rdata_word [15] \soc.cpu.mem_rdata_word [15] \soc.cpu.mem_rdata_word [15] \soc.cpu.mem_rdata_word [15] \soc.cpu.mem_rdata_word [15:7] \soc.cpu.mem_rdata_word [7] \soc.cpu.mem_rdata_word [7] \soc.cpu.mem_rdata_word [7] \soc.cpu.mem_rdata_word [7] \soc.cpu.mem_rdata_word [7] \soc.cpu.mem_rdata_word [7] \soc.cpu.mem_rdata_word [7] \soc.cpu.mem_rdata_word [7] \soc.cpu.mem_rdata_word [7] \soc.cpu.mem_rdata_word [7] \soc.cpu.mem_rdata_word [7] \soc.cpu.mem_rdata_word [7] \soc.cpu.mem_rdata_word [7] \soc.cpu.mem_rdata_word [7] \soc.cpu.mem_rdata_word [7] \soc.cpu.mem_rdata_word [7] \soc.cpu.mem_rdata_word [7] \soc.cpu.mem_rdata_word [7] \soc.cpu.mem_rdata_word [7] \soc.cpu.mem_rdata_word [7] \soc.cpu.mem_rdata_word [7] \soc.cpu.mem_rdata_word [7] \soc.cpu.mem_rdata_word [7] }, Y=$flatten\soc.\cpu.$procmux$2530_Y [31:8]
      New connections: $flatten\soc.\cpu.$procmux$2530_Y [7:0] = \soc.cpu.mem_rdata_word [7:0]
    Consolidated identical input bits for $mux cell $flatten\soc.\cpu.$procmux$3360:
      Old ports: A={ $flatten\soc.\cpu.$3\current_pc[31:0] [31:2] $auto$alumacc.cc:528:replace_alu$7481 [1:0] }, B={ $flatten\soc.\cpu.$add$../picorv32.v:1552$1183_Y [31:2] $auto$alumacc.cc:528:replace_alu$7481 [1:0] }, Y=$flatten\soc.\cpu.$procmux$3360_Y
      New ports: A=$flatten\soc.\cpu.$3\current_pc[31:0] [31:2], B=$flatten\soc.\cpu.$add$../picorv32.v:1552$1183_Y [31:2], Y=$flatten\soc.\cpu.$procmux$3360_Y [31:2]
      New connections: $flatten\soc.\cpu.$procmux$3360_Y [1:0] = $auto$alumacc.cc:528:replace_alu$7481 [1:0]
    Consolidated identical input bits for $mux cell $flatten\soc.\cpu.$procmux$3354:
      Old ports: A={ $flatten\soc.\cpu.$add$../picorv32.v:1552$1183_Y [31:2] $auto$alumacc.cc:528:replace_alu$7481 [1:0] }, B={ $flatten\soc.\cpu.$add$../picorv32.v:1569$1187_Y [31:1] $auto$alumacc.cc:528:replace_alu$7481 [0] }, Y=$flatten\soc.\cpu.$procmux$3354_Y
      New ports: A={ $flatten\soc.\cpu.$add$../picorv32.v:1552$1183_Y [31:2] $auto$alumacc.cc:528:replace_alu$7481 [1] }, B=$flatten\soc.\cpu.$add$../picorv32.v:1569$1187_Y [31:1], Y=$flatten\soc.\cpu.$procmux$3354_Y [31:1]
      New connections: $flatten\soc.\cpu.$procmux$3354_Y [0] = $auto$alumacc.cc:528:replace_alu$7481 [0]
    Consolidated identical input bits for $mux cell $flatten\soc.\cpu.$ternary$../picorv32.v:617$783:
      Old ports: A=2'11, B=2'00, Y=$flatten\soc.\cpu.$procmux$4344_Y
      New ports: A=1'1, B=1'0, Y=$flatten\soc.\cpu.$procmux$4344_Y [0]
      New connections: $flatten\soc.\cpu.$procmux$4344_Y [1] = $flatten\soc.\cpu.$procmux$4344_Y [0]
    Consolidated identical input bits for $mux cell $flatten\soc.\cpu.$ternary$../picorv32.v:411$723:
      Old ports: A=4'0011, B=4'1100, Y=$flatten\soc.\cpu.$ternary$../picorv32.v:411$723_Y
      New ports: A=2'01, B=2'10, Y={ $flatten\soc.\cpu.$ternary$../picorv32.v:411$723_Y [2] $flatten\soc.\cpu.$ternary$../picorv32.v:411$723_Y [0] }
      New connections: { $flatten\soc.\cpu.$ternary$../picorv32.v:411$723_Y [3] $flatten\soc.\cpu.$ternary$../picorv32.v:411$723_Y [1] } = { $flatten\soc.\cpu.$ternary$../picorv32.v:411$723_Y [2] $flatten\soc.\cpu.$ternary$../picorv32.v:411$723_Y [0] }
    Consolidated identical input bits for $mux cell $flatten\soc.\cpu.$ternary$../picorv32.v:382$708:
      Old ports: A={ \soc.cpu.reg_op1 [31:2] 2'00 }, B={ \soc.cpu.next_pc [31:2] 2'00 }, Y=\soc.cpu.mem_la_addr
      New ports: A=\soc.cpu.reg_op1 [31:2], B=\soc.cpu.next_pc [31:2], Y=\soc.cpu.mem_la_addr [31:2]
      New connections: \soc.cpu.mem_la_addr [1:0] = 2'00
    Consolidated identical input bits for $mux cell $memory$flatten\seven_segment_ctrl.\msb_nibble.$auto$proc_rom.cc:155:do_switch$1398$rdmux[0][3][0]$8038:
      Old ports: A=7'0111111, B=7'0000110, Y=$memory$flatten\seven_segment_ctrl.\msb_nibble.$auto$proc_rom.cc:155:do_switch$1398$rdmux[0][2][0]$a$8027
      New ports: A=1'1, B=1'0, Y=$memory$flatten\seven_segment_ctrl.\msb_nibble.$auto$proc_rom.cc:155:do_switch$1398$rdmux[0][2][0]$a$8027 [0]
      New connections: $memory$flatten\seven_segment_ctrl.\msb_nibble.$auto$proc_rom.cc:155:do_switch$1398$rdmux[0][2][0]$a$8027 [6:1] = { 1'0 $memory$flatten\seven_segment_ctrl.\msb_nibble.$auto$proc_rom.cc:155:do_switch$1398$rdmux[0][2][0]$a$8027 [0] $memory$flatten\seven_segment_ctrl.\msb_nibble.$auto$proc_rom.cc:155:do_switch$1398$rdmux[0][2][0]$a$8027 [0] $memory$flatten\seven_segment_ctrl.\msb_nibble.$auto$proc_rom.cc:155:do_switch$1398$rdmux[0][2][0]$a$8027 [0] 2'11 }
    Consolidated identical input bits for $pmux cell $flatten\soc.\cpu.$procmux$4657:
      Old ports: A=\soc.cpu.reg_op2, B={ \soc.cpu.reg_op2 [15:0] \soc.cpu.reg_op2 [15:0] \soc.cpu.reg_op2 [7:0] \soc.cpu.reg_op2 [7:0] \soc.cpu.reg_op2 [7:0] \soc.cpu.reg_op2 [7:0] }, Y=\soc.cpu.mem_la_wdata
      New ports: A=\soc.cpu.reg_op2 [31:8], B={ \soc.cpu.reg_op2 [15:0] \soc.cpu.reg_op2 [15:0] \soc.cpu.reg_op2 [7:0] \soc.cpu.reg_op2 [7:0] }, Y=\soc.cpu.mem_la_wdata [31:8]
      New connections: \soc.cpu.mem_la_wdata [7:0] = \soc.cpu.reg_op2 [7:0]
    Consolidated identical input bits for $mux cell $flatten\soc.\spimemio.\xfer.$procmux$1569:
      Old ports: A=\soc.spimemio.xfer.count, B={ $flatten\soc.\spimemio.\xfer.$sub$spimemio.v:524$1348_Y [3:1] \soc.spimemio.xfer.count [0] }, Y=$flatten\soc.\spimemio.\xfer.$5\next_count[3:0]
      New ports: A=\soc.spimemio.xfer.count [3:1], B=$flatten\soc.\spimemio.\xfer.$sub$spimemio.v:524$1348_Y [3:1], Y=$flatten\soc.\spimemio.\xfer.$5\next_count[3:0] [3:1]
      New connections: $flatten\soc.\spimemio.\xfer.$5\next_count[3:0] [0] = \soc.spimemio.xfer.count [0]
    Consolidated identical input bits for $pmux cell $flatten\soc.\cpu.$procmux$4632:
      Old ports: A={ 24'000000000000000000000000 \soc.cpu.mem_rdata [7:0] }, B={ 24'000000000000000000000000 \soc.cpu.mem_rdata [15:8] 24'000000000000000000000000 \soc.cpu.mem_rdata [23:16] 24'000000000000000000000000 \soc.cpu.mem_rdata [31:24] }, Y=$flatten\soc.\cpu.$3\mem_rdata_word[31:0]
      New ports: A=\soc.cpu.mem_rdata [7:0], B={ \soc.cpu.mem_rdata [15:8] \soc.cpu.mem_rdata [23:16] \soc.cpu.mem_rdata [31:24] }, Y=$flatten\soc.\cpu.$3\mem_rdata_word[31:0] [7:0]
      New connections: $flatten\soc.\cpu.$3\mem_rdata_word[31:0] [31:8] = 24'000000000000000000000000
    New ctrl vector for $pmux cell $flatten\soc.\cpu.$procmux$4338: { $flatten\soc.\cpu.$procmux$4348_CMP $auto$opt_reduce.cc:137:opt_pmux$8065 }
    Consolidated identical input bits for $mux cell $flatten\soc.\spimemio.\xfer.$procmux$1610:
      Old ports: A=\soc.spimemio.xfer.count, B={ $flatten\soc.\spimemio.\xfer.$sub$spimemio.v:491$1336_Y [3:2] \soc.spimemio.xfer.count [1:0] }, Y=$flatten\soc.\spimemio.\xfer.$4\next_count[3:0]
      New ports: A=\soc.spimemio.xfer.count [3:2], B=$flatten\soc.\spimemio.\xfer.$sub$spimemio.v:491$1336_Y [3:2], Y=$flatten\soc.\spimemio.\xfer.$4\next_count[3:0] [3:2]
      New connections: $flatten\soc.\spimemio.\xfer.$4\next_count[3:0] [1:0] = \soc.spimemio.xfer.count [1:0]
    New ctrl vector for $pmux cell $flatten\soc.\cpu.$procmux$2786: { \soc.cpu.cpu_state [3] $auto$opt_reduce.cc:137:opt_pmux$8067 }
    Consolidated identical input bits for $mux cell $flatten\soc.\cpu.$procmux$4641:
      Old ports: A={ 16'0000000000000000 \soc.cpu.mem_rdata [15:0] }, B={ 16'0000000000000000 \soc.cpu.mem_rdata [31:16] }, Y=$flatten\soc.\cpu.$2\mem_rdata_word[31:0]
      New ports: A=\soc.cpu.mem_rdata [15:0], B=\soc.cpu.mem_rdata [31:16], Y=$flatten\soc.\cpu.$2\mem_rdata_word[31:0] [15:0]
      New connections: $flatten\soc.\cpu.$2\mem_rdata_word[31:0] [31:16] = 16'0000000000000000
    New ctrl vector for $pmux cell $flatten\soc.\spimemio.\xfer.$procmux$1698: { $flatten\soc.\spimemio.\xfer.$procmux$1576_CMP $auto$opt_reduce.cc:137:opt_pmux$8069 }
    Consolidated identical input bits for $pmux cell $flatten\soc.\spimemio.\xfer.$procmux$1708:
      Old ports: A={ \soc.spimemio.xfer.obuffer [5:0] 2'00 }, B={ \soc.spimemio.xfer.obuffer [6:0] 1'0 \soc.spimemio.xfer.obuffer [3:0] 4'0000 \soc.spimemio.xfer.obuffer [3:0] 4'0000 }, Y=\soc.spimemio.xfer.next_obuffer
      New ports: A={ \soc.spimemio.xfer.obuffer [5:0] 1'0 }, B={ \soc.spimemio.xfer.obuffer [6:0] \soc.spimemio.xfer.obuffer [3:0] 3'000 \soc.spimemio.xfer.obuffer [3:0] 3'000 }, Y=\soc.spimemio.xfer.next_obuffer [7:1]
      New connections: \soc.spimemio.xfer.next_obuffer [0] = 1'0
    New ctrl vector for $pmux cell $flatten\soc.\spimemio.\xfer.$procmux$1708: { $flatten\soc.\spimemio.\xfer.$procmux$1576_CMP $auto$opt_reduce.cc:137:opt_pmux$8071 }
    Consolidated identical input bits for $pmux cell $flatten\soc.\spimemio.$procmux$5222:
      Old ports: A=8'11101101, B=24'111010111011101100000011, Y=$flatten\soc.\spimemio.$procmux$5222_Y
      New ports: A=5'10110, B=15'101010110100001, Y={ $flatten\soc.\spimemio.$procmux$5222_Y [6] $flatten\soc.\spimemio.$procmux$5222_Y [4:1] }
      New connections: { $flatten\soc.\spimemio.$procmux$5222_Y [7] $flatten\soc.\spimemio.$procmux$5222_Y [5] $flatten\soc.\spimemio.$procmux$5222_Y [0] } = { $flatten\soc.\spimemio.$procmux$5222_Y [3] $flatten\soc.\spimemio.$procmux$5222_Y [3] 1'1 }
    Consolidated identical input bits for $pmux cell $flatten\soc.\spimemio.$procmux$5191:
      Old ports: A=4'0000, B=20'00000001001000110100, Y=$flatten\soc.\spimemio.$procmux$5191_Y
      New ports: A=3'000, B=15'000001010011100, Y=$flatten\soc.\spimemio.$procmux$5191_Y [2:0]
      New connections: $flatten\soc.\spimemio.$procmux$5191_Y [3] = 1'0
    New ctrl vector for $pmux cell $flatten\soc.\spimemio.$procmux$5191: { \soc.spimemio.state [8] \soc.spimemio.state [5] \soc.spimemio.state [11] \soc.spimemio.state [3] }
    New ctrl vector for $pmux cell $flatten\soc.\cpu.$procmux$3304: { \soc.cpu.cpu_state [4] $auto$opt_reduce.cc:137:opt_pmux$8073 }
    Consolidated identical input bits for $mux cell $flatten\soc.\spimemio.$ternary$spimemio.v:316$545:
      Old ports: A=7'1111111, B=7'0100101, Y=$auto$wreduce.cc:514:run$7287 [6:0]
      New ports: A=1'1, B=1'0, Y=$auto$wreduce.cc:514:run$7287 [1]
      New connections: { $auto$wreduce.cc:514:run$7287 [6:2] $auto$wreduce.cc:514:run$7287 [0] } = { $auto$wreduce.cc:514:run$7287 [1] 1'1 $auto$wreduce.cc:514:run$7287 [1] $auto$wreduce.cc:514:run$7287 [1] 2'11 }
    Consolidated identical input bits for $mux cell $flatten\soc.\simpleuart.$ternary$simpleuart.v:53$473:
      Old ports: A=32'11111111111111111111111111111111, B={ 24'000000000000000000000000 \soc.simpleuart.recv_buf_data }, Y=\soc.simpleuart_reg_dat_do
      New ports: A=9'111111111, B={ 1'0 \soc.simpleuart.recv_buf_data }, Y=\soc.simpleuart_reg_dat_do [8:0]
      New connections: \soc.simpleuart_reg_dat_do [31:9] = { \soc.simpleuart_reg_dat_do [8] \soc.simpleuart_reg_dat_do [8] \soc.simpleuart_reg_dat_do [8] \soc.simpleuart_reg_dat_do [8] \soc.simpleuart_reg_dat_do [8] \soc.simpleuart_reg_dat_do [8] \soc.simpleuart_reg_dat_do [8] \soc.simpleuart_reg_dat_do [8] \soc.simpleuart_reg_dat_do [8] \soc.simpleuart_reg_dat_do [8] \soc.simpleuart_reg_dat_do [8] \soc.simpleuart_reg_dat_do [8] \soc.simpleuart_reg_dat_do [8] \soc.simpleuart_reg_dat_do [8] \soc.simpleuart_reg_dat_do [8] \soc.simpleuart_reg_dat_do [8] \soc.simpleuart_reg_dat_do [8] \soc.simpleuart_reg_dat_do [8] \soc.simpleuart_reg_dat_do [8] \soc.simpleuart_reg_dat_do [8] \soc.simpleuart_reg_dat_do [8] \soc.simpleuart_reg_dat_do [8] \soc.simpleuart_reg_dat_do [8] }
    Consolidated identical input bits for $mux cell $memory$flatten\seven_segment_ctrl.\lsb_nibble.$auto$proc_rom.cc:155:do_switch$1398$rdmux[0][3][7]$8014:
      Old ports: A=7'1111001, B=7'1110001, Y=$memory$flatten\seven_segment_ctrl.\lsb_nibble.$auto$proc_rom.cc:155:do_switch$1398$rdmux[0][2][3]$b$7992
      New ports: A=1'1, B=1'0, Y=$memory$flatten\seven_segment_ctrl.\lsb_nibble.$auto$proc_rom.cc:155:do_switch$1398$rdmux[0][2][3]$b$7992 [3]
      New connections: { $memory$flatten\seven_segment_ctrl.\lsb_nibble.$auto$proc_rom.cc:155:do_switch$1398$rdmux[0][2][3]$b$7992 [6:4] $memory$flatten\seven_segment_ctrl.\lsb_nibble.$auto$proc_rom.cc:155:do_switch$1398$rdmux[0][2][3]$b$7992 [2:0] } = 6'111001
    Consolidated identical input bits for $mux cell $memory$flatten\seven_segment_ctrl.\msb_nibble.$auto$proc_rom.cc:155:do_switch$1398$rdmux[0][3][7]$8059:
      Old ports: A=7'1111001, B=7'1110001, Y=$memory$flatten\seven_segment_ctrl.\msb_nibble.$auto$proc_rom.cc:155:do_switch$1398$rdmux[0][2][3]$b$8037
      New ports: A=1'1, B=1'0, Y=$memory$flatten\seven_segment_ctrl.\msb_nibble.$auto$proc_rom.cc:155:do_switch$1398$rdmux[0][2][3]$b$8037 [3]
      New connections: { $memory$flatten\seven_segment_ctrl.\msb_nibble.$auto$proc_rom.cc:155:do_switch$1398$rdmux[0][2][3]$b$8037 [6:4] $memory$flatten\seven_segment_ctrl.\msb_nibble.$auto$proc_rom.cc:155:do_switch$1398$rdmux[0][2][3]$b$8037 [2:0] } = 6'111001
    New input vector for $reduce_or cell $auto$opt_reduce.cc:131:opt_pmux$8066: { \soc.cpu.cpu_state [6] \soc.cpu.cpu_state [4] \soc.cpu.cpu_state [2] }
  Optimizing cells in module \icebreaker.
    Consolidated identical input bits for $mux cell $memory$flatten\seven_segment_ctrl.\msb_nibble.$auto$proc_rom.cc:155:do_switch$1398$rdmux[0][2][2]$8032:
      Old ports: A=$memory$flatten\seven_segment_ctrl.\msb_nibble.$auto$proc_rom.cc:155:do_switch$1398$rdmux[0][2][2]$a$8033, B=$memory$flatten\seven_segment_ctrl.\msb_nibble.$auto$proc_rom.cc:155:do_switch$1398$rdmux[0][2][2]$b$8034, Y=$memory$flatten\seven_segment_ctrl.\msb_nibble.$auto$proc_rom.cc:155:do_switch$1398$rdmux[0][1][1]$a$8024
      New ports: A={ $memory$flatten\seven_segment_ctrl.\msb_nibble.$auto$proc_rom.cc:155:do_switch$1398$rdmux[0][2][2]$a$8033 [4] 2'11 }, B={ 1'1 $memory$flatten\seven_segment_ctrl.\msb_nibble.$auto$proc_rom.cc:155:do_switch$1398$rdmux[0][2][2]$b$8034 [3] $memory$flatten\seven_segment_ctrl.\msb_nibble.$auto$proc_rom.cc:155:do_switch$1398$rdmux[0][2][2]$b$8034 [0] }, Y={ $memory$flatten\seven_segment_ctrl.\msb_nibble.$auto$proc_rom.cc:155:do_switch$1398$rdmux[0][1][1]$a$8024 [4:3] $memory$flatten\seven_segment_ctrl.\msb_nibble.$auto$proc_rom.cc:155:do_switch$1398$rdmux[0][1][1]$a$8024 [0] }
      New connections: { $memory$flatten\seven_segment_ctrl.\msb_nibble.$auto$proc_rom.cc:155:do_switch$1398$rdmux[0][1][1]$a$8024 [6:5] $memory$flatten\seven_segment_ctrl.\msb_nibble.$auto$proc_rom.cc:155:do_switch$1398$rdmux[0][1][1]$a$8024 [2:1] } = { 3'111 $memory$flatten\seven_segment_ctrl.\msb_nibble.$auto$proc_rom.cc:155:do_switch$1398$rdmux[0][1][1]$a$8024 [0] }
    Consolidated identical input bits for $mux cell $memory$flatten\seven_segment_ctrl.\msb_nibble.$auto$proc_rom.cc:155:do_switch$1398$rdmux[0][2][3]$8035:
      Old ports: A=$memory$flatten\seven_segment_ctrl.\msb_nibble.$auto$proc_rom.cc:155:do_switch$1398$rdmux[0][2][3]$a$8036, B=$memory$flatten\seven_segment_ctrl.\msb_nibble.$auto$proc_rom.cc:155:do_switch$1398$rdmux[0][2][3]$b$8037, Y=$memory$flatten\seven_segment_ctrl.\msb_nibble.$auto$proc_rom.cc:155:do_switch$1398$rdmux[0][1][1]$b$8025
      New ports: A={ $memory$flatten\seven_segment_ctrl.\msb_nibble.$auto$proc_rom.cc:155:do_switch$1398$rdmux[0][2][3]$a$8036 [1] 1'1 $memory$flatten\seven_segment_ctrl.\msb_nibble.$auto$proc_rom.cc:155:do_switch$1398$rdmux[0][2][3]$a$8036 [1:0] }, B={ 1'1 $memory$flatten\seven_segment_ctrl.\msb_nibble.$auto$proc_rom.cc:155:do_switch$1398$rdmux[0][2][3]$b$8037 [3] 2'01 }, Y={ $memory$flatten\seven_segment_ctrl.\msb_nibble.$auto$proc_rom.cc:155:do_switch$1398$rdmux[0][1][1]$b$8025 [6] $memory$flatten\seven_segment_ctrl.\msb_nibble.$auto$proc_rom.cc:155:do_switch$1398$rdmux[0][1][1]$b$8025 [3] $memory$flatten\seven_segment_ctrl.\msb_nibble.$auto$proc_rom.cc:155:do_switch$1398$rdmux[0][1][1]$b$8025 [1:0] }
      New connections: { $memory$flatten\seven_segment_ctrl.\msb_nibble.$auto$proc_rom.cc:155:do_switch$1398$rdmux[0][1][1]$b$8025 [5:4] $memory$flatten\seven_segment_ctrl.\msb_nibble.$auto$proc_rom.cc:155:do_switch$1398$rdmux[0][1][1]$b$8025 [2] } = { $memory$flatten\seven_segment_ctrl.\msb_nibble.$auto$proc_rom.cc:155:do_switch$1398$rdmux[0][1][1]$b$8025 [0] 1'1 $memory$flatten\seven_segment_ctrl.\msb_nibble.$auto$proc_rom.cc:155:do_switch$1398$rdmux[0][1][1]$b$8025 [1] }
    Consolidated identical input bits for $mux cell $memory$flatten\seven_segment_ctrl.\msb_nibble.$auto$proc_rom.cc:155:do_switch$1398$rdmux[0][2][1]$8029:
      Old ports: A=$memory$flatten\seven_segment_ctrl.\msb_nibble.$auto$proc_rom.cc:155:do_switch$1398$rdmux[0][2][1]$a$8030, B=$memory$flatten\seven_segment_ctrl.\msb_nibble.$auto$proc_rom.cc:155:do_switch$1398$rdmux[0][2][1]$b$8031, Y=$memory$flatten\seven_segment_ctrl.\msb_nibble.$auto$proc_rom.cc:155:do_switch$1398$rdmux[0][1][0]$b$8022
      New ports: A={ 2'10 $memory$flatten\seven_segment_ctrl.\msb_nibble.$auto$proc_rom.cc:155:do_switch$1398$rdmux[0][2][1]$a$8030 [0] $memory$flatten\seven_segment_ctrl.\msb_nibble.$auto$proc_rom.cc:155:do_switch$1398$rdmux[0][2][1]$a$8030 [1:0] }, B={ $memory$flatten\seven_segment_ctrl.\msb_nibble.$auto$proc_rom.cc:155:do_switch$1398$rdmux[0][2][1]$b$8031 [3] $memory$flatten\seven_segment_ctrl.\msb_nibble.$auto$proc_rom.cc:155:do_switch$1398$rdmux[0][2][1]$b$8031 [3] $memory$flatten\seven_segment_ctrl.\msb_nibble.$auto$proc_rom.cc:155:do_switch$1398$rdmux[0][2][1]$b$8031 [3] $memory$flatten\seven_segment_ctrl.\msb_nibble.$auto$proc_rom.cc:155:do_switch$1398$rdmux[0][2][1]$b$8031 [1] 1'1 }, Y={ $memory$flatten\seven_segment_ctrl.\msb_nibble.$auto$proc_rom.cc:155:do_switch$1398$rdmux[0][1][0]$b$8022 [5:3] $memory$flatten\seven_segment_ctrl.\msb_nibble.$auto$proc_rom.cc:155:do_switch$1398$rdmux[0][1][0]$b$8022 [1:0] }
      New connections: { $memory$flatten\seven_segment_ctrl.\msb_nibble.$auto$proc_rom.cc:155:do_switch$1398$rdmux[0][1][0]$b$8022 [6] $memory$flatten\seven_segment_ctrl.\msb_nibble.$auto$proc_rom.cc:155:do_switch$1398$rdmux[0][1][0]$b$8022 [2] } = { $memory$flatten\seven_segment_ctrl.\msb_nibble.$auto$proc_rom.cc:155:do_switch$1398$rdmux[0][1][0]$b$8022 [5] 1'1 }
    Consolidated identical input bits for $mux cell $memory$flatten\seven_segment_ctrl.\msb_nibble.$auto$proc_rom.cc:155:do_switch$1398$rdmux[0][2][0]$8026:
      Old ports: A=$memory$flatten\seven_segment_ctrl.\msb_nibble.$auto$proc_rom.cc:155:do_switch$1398$rdmux[0][2][0]$a$8027, B=$memory$flatten\seven_segment_ctrl.\msb_nibble.$auto$proc_rom.cc:155:do_switch$1398$rdmux[0][2][0]$b$8028, Y=$memory$flatten\seven_segment_ctrl.\msb_nibble.$auto$proc_rom.cc:155:do_switch$1398$rdmux[0][1][0]$a$8021
      New ports: A={ 1'0 $memory$flatten\seven_segment_ctrl.\msb_nibble.$auto$proc_rom.cc:155:do_switch$1398$rdmux[0][2][0]$a$8027 [0] $memory$flatten\seven_segment_ctrl.\msb_nibble.$auto$proc_rom.cc:155:do_switch$1398$rdmux[0][2][0]$a$8027 [0] 1'1 $memory$flatten\seven_segment_ctrl.\msb_nibble.$auto$proc_rom.cc:155:do_switch$1398$rdmux[0][2][0]$a$8027 [0] }, B={ 2'10 $memory$flatten\seven_segment_ctrl.\msb_nibble.$auto$proc_rom.cc:155:do_switch$1398$rdmux[0][2][0]$b$8028 [4] $memory$flatten\seven_segment_ctrl.\msb_nibble.$auto$proc_rom.cc:155:do_switch$1398$rdmux[0][2][0]$b$8028 [2] 1'1 }, Y={ $memory$flatten\seven_segment_ctrl.\msb_nibble.$auto$proc_rom.cc:155:do_switch$1398$rdmux[0][1][0]$a$8021 [6:4] $memory$flatten\seven_segment_ctrl.\msb_nibble.$auto$proc_rom.cc:155:do_switch$1398$rdmux[0][1][0]$a$8021 [2] $memory$flatten\seven_segment_ctrl.\msb_nibble.$auto$proc_rom.cc:155:do_switch$1398$rdmux[0][1][0]$a$8021 [0] }
      New connections: { $memory$flatten\seven_segment_ctrl.\msb_nibble.$auto$proc_rom.cc:155:do_switch$1398$rdmux[0][1][0]$a$8021 [3] $memory$flatten\seven_segment_ctrl.\msb_nibble.$auto$proc_rom.cc:155:do_switch$1398$rdmux[0][1][0]$a$8021 [1] } = { $memory$flatten\seven_segment_ctrl.\msb_nibble.$auto$proc_rom.cc:155:do_switch$1398$rdmux[0][1][0]$a$8021 [0] 1'1 }
    Consolidated identical input bits for $mux cell $memory$flatten\seven_segment_ctrl.\lsb_nibble.$auto$proc_rom.cc:155:do_switch$1398$rdmux[0][2][2]$7987:
      Old ports: A=$memory$flatten\seven_segment_ctrl.\lsb_nibble.$auto$proc_rom.cc:155:do_switch$1398$rdmux[0][2][2]$a$7988, B=$memory$flatten\seven_segment_ctrl.\lsb_nibble.$auto$proc_rom.cc:155:do_switch$1398$rdmux[0][2][2]$b$7989, Y=$memory$flatten\seven_segment_ctrl.\lsb_nibble.$auto$proc_rom.cc:155:do_switch$1398$rdmux[0][1][1]$a$7979
      New ports: A={ $memory$flatten\seven_segment_ctrl.\lsb_nibble.$auto$proc_rom.cc:155:do_switch$1398$rdmux[0][2][2]$a$7988 [4] 2'11 }, B={ 1'1 $memory$flatten\seven_segment_ctrl.\lsb_nibble.$auto$proc_rom.cc:155:do_switch$1398$rdmux[0][2][2]$b$7989 [3] $memory$flatten\seven_segment_ctrl.\lsb_nibble.$auto$proc_rom.cc:155:do_switch$1398$rdmux[0][2][2]$b$7989 [0] }, Y={ $memory$flatten\seven_segment_ctrl.\lsb_nibble.$auto$proc_rom.cc:155:do_switch$1398$rdmux[0][1][1]$a$7979 [4:3] $memory$flatten\seven_segment_ctrl.\lsb_nibble.$auto$proc_rom.cc:155:do_switch$1398$rdmux[0][1][1]$a$7979 [0] }
      New connections: { $memory$flatten\seven_segment_ctrl.\lsb_nibble.$auto$proc_rom.cc:155:do_switch$1398$rdmux[0][1][1]$a$7979 [6:5] $memory$flatten\seven_segment_ctrl.\lsb_nibble.$auto$proc_rom.cc:155:do_switch$1398$rdmux[0][1][1]$a$7979 [2:1] } = { 3'111 $memory$flatten\seven_segment_ctrl.\lsb_nibble.$auto$proc_rom.cc:155:do_switch$1398$rdmux[0][1][1]$a$7979 [0] }
    Consolidated identical input bits for $mux cell $memory$flatten\seven_segment_ctrl.\lsb_nibble.$auto$proc_rom.cc:155:do_switch$1398$rdmux[0][2][3]$7990:
      Old ports: A=$memory$flatten\seven_segment_ctrl.\lsb_nibble.$auto$proc_rom.cc:155:do_switch$1398$rdmux[0][2][3]$a$7991, B=$memory$flatten\seven_segment_ctrl.\lsb_nibble.$auto$proc_rom.cc:155:do_switch$1398$rdmux[0][2][3]$b$7992, Y=$memory$flatten\seven_segment_ctrl.\lsb_nibble.$auto$proc_rom.cc:155:do_switch$1398$rdmux[0][1][1]$b$7980
      New ports: A={ $memory$flatten\seven_segment_ctrl.\lsb_nibble.$auto$proc_rom.cc:155:do_switch$1398$rdmux[0][2][3]$a$7991 [1] 1'1 $memory$flatten\seven_segment_ctrl.\lsb_nibble.$auto$proc_rom.cc:155:do_switch$1398$rdmux[0][2][3]$a$7991 [1:0] }, B={ 1'1 $memory$flatten\seven_segment_ctrl.\lsb_nibble.$auto$proc_rom.cc:155:do_switch$1398$rdmux[0][2][3]$b$7992 [3] 2'01 }, Y={ $memory$flatten\seven_segment_ctrl.\lsb_nibble.$auto$proc_rom.cc:155:do_switch$1398$rdmux[0][1][1]$b$7980 [6] $memory$flatten\seven_segment_ctrl.\lsb_nibble.$auto$proc_rom.cc:155:do_switch$1398$rdmux[0][1][1]$b$7980 [3] $memory$flatten\seven_segment_ctrl.\lsb_nibble.$auto$proc_rom.cc:155:do_switch$1398$rdmux[0][1][1]$b$7980 [1:0] }
      New connections: { $memory$flatten\seven_segment_ctrl.\lsb_nibble.$auto$proc_rom.cc:155:do_switch$1398$rdmux[0][1][1]$b$7980 [5:4] $memory$flatten\seven_segment_ctrl.\lsb_nibble.$auto$proc_rom.cc:155:do_switch$1398$rdmux[0][1][1]$b$7980 [2] } = { $memory$flatten\seven_segment_ctrl.\lsb_nibble.$auto$proc_rom.cc:155:do_switch$1398$rdmux[0][1][1]$b$7980 [0] 1'1 $memory$flatten\seven_segment_ctrl.\lsb_nibble.$auto$proc_rom.cc:155:do_switch$1398$rdmux[0][1][1]$b$7980 [1] }
    Consolidated identical input bits for $mux cell $memory$flatten\seven_segment_ctrl.\lsb_nibble.$auto$proc_rom.cc:155:do_switch$1398$rdmux[0][2][1]$7984:
      Old ports: A=$memory$flatten\seven_segment_ctrl.\lsb_nibble.$auto$proc_rom.cc:155:do_switch$1398$rdmux[0][2][1]$a$7985, B=$memory$flatten\seven_segment_ctrl.\lsb_nibble.$auto$proc_rom.cc:155:do_switch$1398$rdmux[0][2][1]$b$7986, Y=$memory$flatten\seven_segment_ctrl.\lsb_nibble.$auto$proc_rom.cc:155:do_switch$1398$rdmux[0][1][0]$b$7977
      New ports: A={ 2'10 $memory$flatten\seven_segment_ctrl.\lsb_nibble.$auto$proc_rom.cc:155:do_switch$1398$rdmux[0][2][1]$a$7985 [0] $memory$flatten\seven_segment_ctrl.\lsb_nibble.$auto$proc_rom.cc:155:do_switch$1398$rdmux[0][2][1]$a$7985 [1:0] }, B={ $memory$flatten\seven_segment_ctrl.\lsb_nibble.$auto$proc_rom.cc:155:do_switch$1398$rdmux[0][2][1]$b$7986 [3] $memory$flatten\seven_segment_ctrl.\lsb_nibble.$auto$proc_rom.cc:155:do_switch$1398$rdmux[0][2][1]$b$7986 [3] $memory$flatten\seven_segment_ctrl.\lsb_nibble.$auto$proc_rom.cc:155:do_switch$1398$rdmux[0][2][1]$b$7986 [3] $memory$flatten\seven_segment_ctrl.\lsb_nibble.$auto$proc_rom.cc:155:do_switch$1398$rdmux[0][2][1]$b$7986 [1] 1'1 }, Y={ $memory$flatten\seven_segment_ctrl.\lsb_nibble.$auto$proc_rom.cc:155:do_switch$1398$rdmux[0][1][0]$b$7977 [5:3] $memory$flatten\seven_segment_ctrl.\lsb_nibble.$auto$proc_rom.cc:155:do_switch$1398$rdmux[0][1][0]$b$7977 [1:0] }
      New connections: { $memory$flatten\seven_segment_ctrl.\lsb_nibble.$auto$proc_rom.cc:155:do_switch$1398$rdmux[0][1][0]$b$7977 [6] $memory$flatten\seven_segment_ctrl.\lsb_nibble.$auto$proc_rom.cc:155:do_switch$1398$rdmux[0][1][0]$b$7977 [2] } = { $memory$flatten\seven_segment_ctrl.\lsb_nibble.$auto$proc_rom.cc:155:do_switch$1398$rdmux[0][1][0]$b$7977 [5] 1'1 }
    Consolidated identical input bits for $mux cell $memory$flatten\seven_segment_ctrl.\lsb_nibble.$auto$proc_rom.cc:155:do_switch$1398$rdmux[0][2][0]$7981:
      Old ports: A=$memory$flatten\seven_segment_ctrl.\lsb_nibble.$auto$proc_rom.cc:155:do_switch$1398$rdmux[0][2][0]$a$7982, B=$memory$flatten\seven_segment_ctrl.\lsb_nibble.$auto$proc_rom.cc:155:do_switch$1398$rdmux[0][2][0]$b$7983, Y=$memory$flatten\seven_segment_ctrl.\lsb_nibble.$auto$proc_rom.cc:155:do_switch$1398$rdmux[0][1][0]$a$7976
      New ports: A={ 1'0 $memory$flatten\seven_segment_ctrl.\lsb_nibble.$auto$proc_rom.cc:155:do_switch$1398$rdmux[0][2][0]$a$7982 [0] $memory$flatten\seven_segment_ctrl.\lsb_nibble.$auto$proc_rom.cc:155:do_switch$1398$rdmux[0][2][0]$a$7982 [0] 1'1 $memory$flatten\seven_segment_ctrl.\lsb_nibble.$auto$proc_rom.cc:155:do_switch$1398$rdmux[0][2][0]$a$7982 [0] }, B={ 2'10 $memory$flatten\seven_segment_ctrl.\lsb_nibble.$auto$proc_rom.cc:155:do_switch$1398$rdmux[0][2][0]$b$7983 [4] $memory$flatten\seven_segment_ctrl.\lsb_nibble.$auto$proc_rom.cc:155:do_switch$1398$rdmux[0][2][0]$b$7983 [2] 1'1 }, Y={ $memory$flatten\seven_segment_ctrl.\lsb_nibble.$auto$proc_rom.cc:155:do_switch$1398$rdmux[0][1][0]$a$7976 [6:4] $memory$flatten\seven_segment_ctrl.\lsb_nibble.$auto$proc_rom.cc:155:do_switch$1398$rdmux[0][1][0]$a$7976 [2] $memory$flatten\seven_segment_ctrl.\lsb_nibble.$auto$proc_rom.cc:155:do_switch$1398$rdmux[0][1][0]$a$7976 [0] }
      New connections: { $memory$flatten\seven_segment_ctrl.\lsb_nibble.$auto$proc_rom.cc:155:do_switch$1398$rdmux[0][1][0]$a$7976 [3] $memory$flatten\seven_segment_ctrl.\lsb_nibble.$auto$proc_rom.cc:155:do_switch$1398$rdmux[0][1][0]$a$7976 [1] } = { $memory$flatten\seven_segment_ctrl.\lsb_nibble.$auto$proc_rom.cc:155:do_switch$1398$rdmux[0][1][0]$a$7976 [0] 1'1 }
    Consolidated identical input bits for $mux cell $flatten\soc.\cpu.$procmux$3356:
      Old ports: A={ $flatten\soc.\cpu.$3\current_pc[31:0] [31:2] $auto$alumacc.cc:528:replace_alu$7481 [1:0] }, B=$flatten\soc.\cpu.$procmux$3354_Y, Y=$flatten\soc.\cpu.$procmux$3356_Y
      New ports: A={ $flatten\soc.\cpu.$3\current_pc[31:0] [31:2] $auto$alumacc.cc:528:replace_alu$7481 [1] }, B=$flatten\soc.\cpu.$procmux$3354_Y [31:1], Y=$flatten\soc.\cpu.$procmux$3356_Y [31:1]
      New connections: $flatten\soc.\cpu.$procmux$3356_Y [0] = $auto$alumacc.cc:528:replace_alu$7481 [0]
    Consolidated identical input bits for $mux cell $flatten\soc.\spimemio.$procmux$5212:
      Old ports: A={ 1'1 $auto$wreduce.cc:514:run$7287 [6:0] }, B={ 4'0000 \soc.spimemio.config_dummy }, Y=$flatten\soc.\spimemio.$procmux$5212_Y
      New ports: A={ 1'1 $auto$wreduce.cc:514:run$7287 [1] $auto$wreduce.cc:514:run$7287 [1] 1'1 $auto$wreduce.cc:514:run$7287 [1] 1'1 }, B={ 2'00 \soc.spimemio.config_dummy }, Y=$flatten\soc.\spimemio.$procmux$5212_Y [5:0]
      New connections: $flatten\soc.\spimemio.$procmux$5212_Y [7:6] = $flatten\soc.\spimemio.$procmux$5212_Y [5:4]
  Optimizing cells in module \icebreaker.
    Consolidated identical input bits for $mux cell $flatten\soc.\cpu.$procmux$3362:
      Old ports: A=$flatten\soc.\cpu.$procmux$3356_Y, B=$flatten\soc.\cpu.$procmux$3360_Y, Y=$flatten\soc.\cpu.$procmux$3362_Y
      New ports: A=$flatten\soc.\cpu.$procmux$3356_Y [31:1], B={ $flatten\soc.\cpu.$procmux$3360_Y [31:2] $auto$alumacc.cc:528:replace_alu$7481 [1] }, Y=$flatten\soc.\cpu.$procmux$3362_Y [31:1]
      New connections: $flatten\soc.\cpu.$procmux$3362_Y [0] = $auto$alumacc.cc:528:replace_alu$7481 [0]
  Optimizing cells in module \icebreaker.
    Consolidated identical input bits for $mux cell $flatten\soc.\cpu.$procmux$3365:
      Old ports: A=$flatten\soc.\cpu.$procmux$3362_Y, B={ $flatten\soc.\cpu.$3\current_pc[31:0] [31:2] $auto$alumacc.cc:528:replace_alu$7481 [1:0] }, Y=$flatten\soc.\cpu.$procmux$3365_Y
      New ports: A=$flatten\soc.\cpu.$procmux$3362_Y [31:1], B={ $flatten\soc.\cpu.$3\current_pc[31:0] [31:2] $auto$alumacc.cc:528:replace_alu$7481 [1] }, Y=$flatten\soc.\cpu.$procmux$3365_Y [31:1]
      New connections: $flatten\soc.\cpu.$procmux$3365_Y [0] = $auto$alumacc.cc:528:replace_alu$7481 [0]
  Optimizing cells in module \icebreaker.
Performed a total of 55 changes.

7.36.5. Executing OPT_MERGE pass (detect identical cells).
Finding identical cells in module `\icebreaker'.
Computing hashes of 1513 cells of `\icebreaker'.
Finding duplicate cells in `\icebreaker'.
Computing hashes of 1500 cells of `\icebreaker'.
Finding duplicate cells in `\icebreaker'.
<suppressed ~39 debug messages>
Removed a total of 13 cells.

7.36.6. Executing OPT_DFF pass (perform DFF optimizations).

7.36.7. Executing OPT_CLEAN pass (remove unused cells and wires).
Finding unused cells or wires in module \icebreaker..
Removed 0 unused cells and 95 unused wires.
<suppressed ~1 debug messages>

7.36.8. Executing OPT_EXPR pass (perform const folding).
Optimizing module icebreaker.

7.36.9. Rerunning OPT passes. (Maybe there is more to do..)

7.36.10. Executing OPT_MUXTREE pass (detect dead branches in mux trees).
Running muxtree optimizer on module \icebreaker..
  Creating internal representation of mux trees.
  Evaluating internal representation of mux trees.
  Analyzing evaluation results.
Removed 0 multiplexer ports.
<suppressed ~532 debug messages>

7.36.11. Executing OPT_REDUCE pass (consolidate $*mux and $reduce_* inputs).
  Optimizing cells in module \icebreaker.
Performed a total of 0 changes.

7.36.12. Executing OPT_MERGE pass (detect identical cells).
Finding identical cells in module `\icebreaker'.
Computing hashes of 1500 cells of `\icebreaker'.
Finding duplicate cells in `\icebreaker'.
Removed a total of 0 cells.

7.36.13. Executing OPT_DFF pass (perform DFF optimizations).
Adding SRST signal on $auto$ff.cc:337:slice$6989 ($dffe) from module icebreaker (D = \soc.spimemio.din_data [0], Q = \soc.spimemio.xfer.obuffer [0], rval = 1'0).
Adding SRST signal on $memory\soc.spimem_cache.cache_valid[0]$7797 ($dff) from module icebreaker (D = $memory\soc.spimem_cache.cache_valid$wrmux[0][0][0]$y$7839, Q = \soc.spimem_cache.cache_valid[0], rval = 1'1).
Adding EN signal on $auto$ff.cc:337:slice$8076 ($sdff) from module icebreaker (D = 1'0, Q = \soc.spimem_cache.cache_valid[0]).
Adding SRST signal on $memory\soc.spimem_cache.cache_valid[1]$7799 ($dff) from module icebreaker (D = $memory\soc.spimem_cache.cache_valid$wrmux[1][0][0]$y$7863, Q = \soc.spimem_cache.cache_valid[1], rval = 1'1).
Adding EN signal on $auto$ff.cc:337:slice$8078 ($sdff) from module icebreaker (D = 1'0, Q = \soc.spimem_cache.cache_valid[1]).
Adding SRST signal on $memory\soc.spimem_cache.cache_valid[2]$7801 ($dff) from module icebreaker (D = $memory\soc.spimem_cache.cache_valid$wrmux[2][0][0]$y$7879, Q = \soc.spimem_cache.cache_valid[2], rval = 1'1).
Adding EN signal on $auto$ff.cc:337:slice$8080 ($sdff) from module icebreaker (D = 1'0, Q = \soc.spimem_cache.cache_valid[2]).
Adding SRST signal on $memory\soc.spimem_cache.cache_valid[3]$7803 ($dff) from module icebreaker (D = $memory\soc.spimem_cache.cache_valid$wrmux[3][0][0]$y$7897, Q = \soc.spimem_cache.cache_valid[3], rval = 1'1).
Adding EN signal on $auto$ff.cc:337:slice$8082 ($sdff) from module icebreaker (D = 1'0, Q = \soc.spimem_cache.cache_valid[3]).
Adding SRST signal on $memory\soc.spimem_cache.cache_valid[4]$7805 ($dff) from module icebreaker (D = $memory\soc.spimem_cache.cache_valid$wrmux[4][0][0]$y$7911, Q = \soc.spimem_cache.cache_valid[4], rval = 1'1).
Adding EN signal on $auto$ff.cc:337:slice$8084 ($sdff) from module icebreaker (D = 1'0, Q = \soc.spimem_cache.cache_valid[4]).
Adding SRST signal on $memory\soc.spimem_cache.cache_valid[5]$7807 ($dff) from module icebreaker (D = $memory\soc.spimem_cache.cache_valid$wrmux[5][1][0]$y$7935, Q = \soc.spimem_cache.cache_valid[5], rval = 1'1).
Adding EN signal on $auto$ff.cc:337:slice$8086 ($sdff) from module icebreaker (D = 1'0, Q = \soc.spimem_cache.cache_valid[5]).
Adding SRST signal on $memory\soc.spimem_cache.cache_valid[6]$7809 ($dff) from module icebreaker (D = $memory\soc.spimem_cache.cache_valid$wrmux[6][1][0]$y$7949, Q = \soc.spimem_cache.cache_valid[6], rval = 1'1).
Adding EN signal on $auto$ff.cc:337:slice$8088 ($sdff) from module icebreaker (D = 1'0, Q = \soc.spimem_cache.cache_valid[6]).
Adding SRST signal on $memory\soc.spimem_cache.cache_valid[7]$7811 ($dff) from module icebreaker (D = $memory\soc.spimem_cache.cache_valid$wrmux[7][1][0]$y$7965, Q = \soc.spimem_cache.cache_valid[7], rval = 1'1).
Adding EN signal on $auto$ff.cc:337:slice$8090 ($sdff) from module icebreaker (D = 1'0, Q = \soc.spimem_cache.cache_valid[7]).
Setting constant 0-bit at position 0 on $auto$ff.cc:337:slice$7134 ($dffe) from module icebreaker.
Setting constant 0-bit at position 1 on $auto$ff.cc:337:slice$7134 ($dffe) from module icebreaker.
Setting constant 0-bit at position 3 on $auto$ff.cc:337:slice$6860 ($sdffe) from module icebreaker.

7.36.14. Executing OPT_CLEAN pass (remove unused cells and wires).
Finding unused cells or wires in module \icebreaker..
Removed 16 unused cells and 16 unused wires.
<suppressed ~17 debug messages>

7.36.15. Executing OPT_EXPR pass (perform const folding).
Optimizing module icebreaker.
<suppressed ~4 debug messages>

7.36.16. Rerunning OPT passes. (Maybe there is more to do..)

7.36.17. Executing OPT_MUXTREE pass (detect dead branches in mux trees).
Running muxtree optimizer on module \icebreaker..
  Creating internal representation of mux trees.
  Evaluating internal representation of mux trees.
  Analyzing evaluation results.
Removed 0 multiplexer ports.
<suppressed ~508 debug messages>

7.36.18. Executing OPT_REDUCE pass (consolidate $*mux and $reduce_* inputs).
  Optimizing cells in module \icebreaker.
    Consolidated identical input bits for $mux cell $flatten\soc.\spimemio.$procmux$5215:
      Old ports: A={ \soc.cpu.mem_addr [7:2] 2'00 }, B=8'00000000, Y=$flatten\soc.\spimemio.$procmux$5215_Y
      New ports: A=\soc.cpu.mem_addr [7:2], B=6'000000, Y=$flatten\soc.\spimemio.$procmux$5215_Y [7:2]
      New connections: $flatten\soc.\spimemio.$procmux$5215_Y [1:0] = 2'00
    Consolidated identical input bits for $mux cell $flatten\soc.\spimemio.$ternary$spimemio.v:226$540:
      Old ports: A={ \soc.cpu.mem_addr [23:2] 2'00 }, B={ $auto$wreduce.cc:514:run$7289 [23:2] 2'x }, Y=$auto$wreduce.cc:514:run$7288 [23:0]
      New ports: A={ \soc.cpu.mem_addr [23:2] 1'0 }, B={ $auto$wreduce.cc:514:run$7289 [23:2] 1'x }, Y={ $auto$wreduce.cc:514:run$7288 [23:2] $auto$wreduce.cc:514:run$7288 [0] }
      New connections: $auto$wreduce.cc:514:run$7288 [1] = $auto$wreduce.cc:514:run$7288 [0]
  Optimizing cells in module \icebreaker.
Performed a total of 2 changes.

7.36.19. Executing OPT_MERGE pass (detect identical cells).
Finding identical cells in module `\icebreaker'.
Computing hashes of 1483 cells of `\icebreaker'.
Finding duplicate cells in `\icebreaker'.
Removed a total of 0 cells.

7.36.20. Executing OPT_DFF pass (perform DFF optimizations).
Setting constant 0-bit at position 0 on $auto$mem.cc:1169:emulate_transparency$7610 ($dff) from module icebreaker.
Setting constant 0-bit at position 1 on $auto$mem.cc:1169:emulate_transparency$7610 ($dff) from module icebreaker.
Setting constant 0-bit at position 3 on $auto$ff.cc:337:slice$6943 ($sdffe) from module icebreaker.

7.36.21. Executing OPT_CLEAN pass (remove unused cells and wires).
Finding unused cells or wires in module \icebreaker..

7.36.22. Executing OPT_EXPR pass (perform const folding).
Optimizing module icebreaker.

7.36.23. Rerunning OPT passes. (Maybe there is more to do..)

7.36.24. Executing OPT_MUXTREE pass (detect dead branches in mux trees).
Running muxtree optimizer on module \icebreaker..
  Creating internal representation of mux trees.
  Evaluating internal representation of mux trees.
  Analyzing evaluation results.
Removed 0 multiplexer ports.
<suppressed ~508 debug messages>

7.36.25. Executing OPT_REDUCE pass (consolidate $*mux and $reduce_* inputs).
  Optimizing cells in module \icebreaker.
Performed a total of 0 changes.

7.36.26. Executing OPT_MERGE pass (detect identical cells).
Finding identical cells in module `\icebreaker'.
Computing hashes of 1483 cells of `\icebreaker'.
Finding duplicate cells in `\icebreaker'.
Removed a total of 0 cells.

7.36.27. Executing OPT_DFF pass (perform DFF optimizations).
Setting constant 0-bit at position 3 on $flatten\soc.\spimemio.\xfer.$procdff$5479 ($dff) from module icebreaker.

7.36.28. Executing OPT_CLEAN pass (remove unused cells and wires).
Finding unused cells or wires in module \icebreaker..

7.36.29. Executing OPT_EXPR pass (perform const folding).
Optimizing module icebreaker.

7.36.30. Rerunning OPT passes. (Maybe there is more to do..)

7.36.31. Executing OPT_MUXTREE pass (detect dead branches in mux trees).
Running muxtree optimizer on module \icebreaker..
  Creating internal representation of mux trees.
  Evaluating internal representation of mux trees.
  Analyzing evaluation results.
Removed 0 multiplexer ports.
<suppressed ~508 debug messages>

7.36.32. Executing OPT_REDUCE pass (consolidate $*mux and $reduce_* inputs).
  Optimizing cells in module \icebreaker.
Performed a total of 0 changes.

7.36.33. Executing OPT_MERGE pass (detect identical cells).
Finding identical cells in module `\icebreaker'.
Computing hashes of 1483 cells of `\icebreaker'.
Finding duplicate cells in `\icebreaker'.
Removed a total of 0 cells.

7.36.34. Executing OPT_DFF pass (perform DFF optimizations).

7.36.35. Executing OPT_CLEAN pass (remove unused cells and wires).
Finding unused cells or wires in module \icebreaker..

7.36.36. Executing OPT_EXPR pass (perform const folding).
Optimizing module icebreaker.

7.36.37. Finished fast OPT passes. (There is nothing left to do.)

7.37. Executing ICE40_WRAPCARRY pass (wrap carries).

7.38. Executing TECHMAP pass (map to technology primitives).

7.38.1. Executing Verilog-2005 frontend: /homes/cl2033/oss-cad-suite/lib/../share/yosys/techmap.v
Parsing Verilog input from `/homes/cl2033/oss-cad-suite/lib/../share/yosys/techmap.v' to AST representation.
Generating RTLIL representation for module `\_90_simplemap_bool_ops'.
Generating RTLIL representation for module `\_90_simplemap_reduce_ops'.
Generating RTLIL representation for module `\_90_simplemap_logic_ops'.
Generating RTLIL representation for module `\_90_simplemap_compare_ops'.
Generating RTLIL representation for module `\_90_simplemap_various'.
Generating RTLIL representation for module `\_90_simplemap_registers'.
Generating RTLIL representation for module `\_90_shift_ops_shr_shl_sshl_sshr'.
Generating RTLIL representation for module `\_90_shift_shiftx'.
Generating RTLIL representation for module `\_90_fa'.
Generating RTLIL representation for module `\_90_lcu_brent_kung'.
Generating RTLIL representation for module `\_90_alu'.
Generating RTLIL representation for module `\_90_macc'.
Generating RTLIL representation for module `\_90_alumacc'.
Generating RTLIL representation for module `$__div_mod_u'.
Generating RTLIL representation for module `$__div_mod_trunc'.
Generating RTLIL representation for module `\_90_div'.
Generating RTLIL representation for module `\_90_mod'.
Generating RTLIL representation for module `$__div_mod_floor'.
Generating RTLIL representation for module `\_90_divfloor'.
Generating RTLIL representation for module `\_90_modfloor'.
Generating RTLIL representation for module `\_90_pow'.
Generating RTLIL representation for module `\_90_pmux'.
Generating RTLIL representation for module `\_90_demux'.
Generating RTLIL representation for module `\_90_lut'.
Generating RTLIL representation for module `$connect'.
Generating RTLIL representation for module `$input_port'.
Successfully finished Verilog frontend.

7.38.2. Executing Verilog-2005 frontend: /homes/cl2033/oss-cad-suite/lib/../share/yosys/ice40/arith_map.v
Parsing Verilog input from `/homes/cl2033/oss-cad-suite/lib/../share/yosys/ice40/arith_map.v' to AST representation.
Generating RTLIL representation for module `\_80_ice40_alu'.
Successfully finished Verilog frontend.

7.38.3. Continuing TECHMAP pass.
Using extmapper simplemap for cells of type $dff.
Using extmapper simplemap for cells of type $sdffe.
Using extmapper simplemap for cells of type $dffe.
Using extmapper simplemap for cells of type $sdffce.
Using extmapper simplemap for cells of type $reduce_or.
Using extmapper simplemap for cells of type $and.
Using extmapper simplemap for cells of type $not.
Using extmapper simplemap for cells of type $ne.
Using extmapper simplemap for cells of type $reduce_and.
Using extmapper simplemap for cells of type $mux.
Using extmapper simplemap for cells of type $eq.
Using template $paramod$754650b284649a026620fc6856e5b6886cbfe794\_80_ice40_alu for cells of type $alu.
Using template $paramod$6a42b6fefed750f8a1c58eab59479d960557103c\_80_ice40_alu for cells of type $alu.
Using template $paramod$32a7b7b86c07519b7537abc18e96f0331f97914d\_80_ice40_alu for cells of type $alu.
Using template $paramod$8742280fdebca84e1c87f2a86ed84f62d558f4cc\_80_ice40_alu for cells of type $alu.
Using template $paramod$16349e5f556ea87a576d7d9941c668f31b6ef10b\_80_ice40_alu for cells of type $alu.
Using template $paramod$8fabc56b80a569262acfc42757a02ca0b8e91278\_90_pmux for cells of type $pmux.
Using template $paramod$ebf89ea36a793f0f77858f212141d47c833068ad\_80_ice40_alu for cells of type $alu.
Using extmapper simplemap for cells of type $or.
Using template $paramod$b8c0a997bce700f23568a5ada79cc6781d1f5ca0\_80_ice40_alu for cells of type $alu.
Using template $paramod$fbc7873bff55778c0b3173955b7e4bce1d9d6834\_80_ice40_alu for cells of type $alu.
Using extmapper simplemap for cells of type $xor.
Using template $paramod$c04af8dbf0e5d1d69bbccb2c7bd8a93fc9ef54dc\_80_ice40_alu for cells of type $alu.
Using template $paramod$dc04b7d98e503a7bab16fce2df70e6e2c5ca34d6\_80_ice40_alu for cells of type $alu.
Using template $paramod$ba698a254f9a5947e85cbe7beae6b161eefc5386\_90_alu for cells of type $alu.
Using template $paramod$44a13d10af618e7fbe7b9aad2f6151ffcee1e2fa\_80_ice40_alu for cells of type $alu.
Using template $paramod$cc80a4e89b0341cb117f5d28b0e7244620640141\_80_ice40_alu for cells of type $alu.
Using template $paramod$6df0329addda9228fcc2546de2aaf14ad26c98e1\_80_ice40_alu for cells of type $alu.
Using template $paramod$f2669549f09b95f02f9cc0de2d22c189491fb0c0\_80_ice40_alu for cells of type $alu.
Using template $paramod$2653f68ddb8eab7b1907b4a20767b72a824a7a36\_80_ice40_alu for cells of type $alu.
Using template $paramod$32efbfac1c4dc57230cf86180788fdfd12e3b511\_80_ice40_alu for cells of type $alu.
Using template $paramod$675ee3ed071b156aa661bdfa838b7e469d095ac0\_80_ice40_alu for cells of type $alu.
Using template $paramod$10ed987432f06055e5279101f9ec60a49861b43c\_80_ice40_alu for cells of type $alu.
Using template $paramod$403a3c2fa431a154c52a6a5429d7a6260b5d144f\_80_ice40_alu for cells of type $alu.
Using extmapper maccmap for cells of type $macc_v2.
  add { 1'0 \soc.cpu.genblk1.pcpi_mul.rs1 [31:16] } * \soc.cpu.genblk1.pcpi_mul.rs2 [32] (17x1 bits, signed)
  add { 1'0 \soc.cpu.genblk1.pcpi_mul.rs1 [15:0] } * \soc.cpu.genblk1.pcpi_mul.rs2 [32] (17x1 bits, signed)
  add $flatten\soc.\cpu.\genblk1.pcpi_mul.$mul$../picorv32.v:2371$1379.genblk1.genblk1.genblk1.genblk1.genblk1.genblk1.sliceA[0].mul.genblk1.genblk1.genblk1.genblk1.genblk1.genblk1.genblk1.blk.partial_sum[1] [48:32] (17 bits, unsigned)
  packed 1 (1) bits / 1 words into adder tree
  add \soc.cpu.genblk1.pcpi_mul.rs2 * \soc.cpu.genblk1.pcpi_mul.rs1 [32] (33x1 bits, signed)
Using extmapper simplemap for cells of type $reduce_bool.
Using extmapper simplemap for cells of type $sdff.
Using extmapper simplemap for cells of type $logic_not.
Using extmapper simplemap for cells of type $logic_and.
Using template $paramod$54d740639e1393b22262823179ff783ea9f17a35\_90_pmux for cells of type $pmux.
Using template $paramod$c2e415ef15bc3ccd2723772353a6b450d3d76206\_90_pmux for cells of type $pmux.
Using extmapper simplemap for cells of type $logic_or.
Using template $paramod$d629d85c8826a74239b9178d1930215a43b0ceb0\_90_pmux for cells of type $pmux.
Using template $paramod$d31bf4d7d72e59528d18fbd4f322e9d608532043\_90_pmux for cells of type $pmux.
Using template $paramod$fedb90247e1daaa8b0af86a595f377181f141d27\_90_pmux for cells of type $pmux.
Using template $paramod$d7387fdb214042e5ef2d69a3f74948694b4bb65e\_90_pmux for cells of type $pmux.
Using template $paramod$c5c783b17ab1d780abfad8cfe6563a0a7b47a3b0\_90_pmux for cells of type $pmux.
Using template $paramod$b756e651b7db7aeb455331d9a2df073db93fcc2e\_90_pmux for cells of type $pmux.
Using template $paramod$fc16b9f758000d363d24f130038bd99b46b4fa1b\_90_pmux for cells of type $pmux.
Using template $paramod$constmap:574a95964644c704a7e64c257267b27c2c48aa52$paramod$77562a466236eb4a6d905351a0995599b75075cb\_90_shift_ops_shr_shl_sshl_sshr for cells of type $shl.
Using template $paramod$bf2533632d512eac76dd186c0da49367e29b8e98\_90_pmux for cells of type $pmux.
Using template $paramod$645fe0cc96ae5edb83bff90cc2c78f4a20ca3e3c\_90_pmux for cells of type $pmux.
Using template $paramod$521ce43182eecb9f60c72393a788160d2c356bf5\_90_pmux for cells of type $pmux.
Using template $paramod$cc1e387d9d5ac1d3f6e6bed180038d9c0ac48d0c\_90_pmux for cells of type $pmux.
Using template $paramod$b098bc6f249c0ac91c4d6e19d54b23c285914115\_90_pmux for cells of type $pmux.
Using template $paramod$2407ada40cc3dda6c6015be2b49b748cddb5a800\_90_pmux for cells of type $pmux.
Using template $paramod$59b03ae2620a41577de8da5f5c97b2919e82362b\_90_pmux for cells of type $pmux.
Using template $paramod$dbef6e48cd28208af1b77a9bd7dfc80580f16131\_80_ice40_alu for cells of type $alu.
Using template $paramod$3bb72ad0665cdca279bbc49ed6a39f403f16497f\_80_ice40_alu for cells of type $alu.
Using extmapper simplemap for cells of type $pos.
Using template $paramod\_90_fa\WIDTH=32'00000000000000000000000000000010 for cells of type $fa.
Using template $paramod\_90_lcu_brent_kung\WIDTH=32'00000000000000000000000000000010 for cells of type $lcu.
No more expansions possible.
<suppressed ~3309 debug messages>

7.39. Executing OPT pass (performing simple optimizations).

7.39.1. Executing OPT_EXPR pass (perform const folding).
Optimizing module icebreaker.
<suppressed ~3545 debug messages>

7.39.2. Executing OPT_MERGE pass (detect identical cells).
Finding identical cells in module `\icebreaker'.
Computing hashes of 12143 cells of `\icebreaker'.
Finding duplicate cells in `\icebreaker'.
Computing hashes of 10784 cells of `\icebreaker'.
Finding duplicate cells in `\icebreaker'.
Computing hashes of 10330 cells of `\icebreaker'.
Finding duplicate cells in `\icebreaker'.
Computing hashes of 10217 cells of `\icebreaker'.
Finding duplicate cells in `\icebreaker'.
Computing hashes of 10204 cells of `\icebreaker'.
Finding duplicate cells in `\icebreaker'.
Computing hashes of 10201 cells of `\icebreaker'.
Finding duplicate cells in `\icebreaker'.
<suppressed ~5826 debug messages>
Removed a total of 1942 cells.

7.39.3. Executing OPT_DFF pass (perform DFF optimizations).
Adding SRST signal on $auto$ff.cc:337:slice$8369 ($_DFFE_PP_) from module icebreaker (D = 1'x, Q = \soc.spimemio.rd_addr [0], rval = 1'0).
Setting constant 0-bit at position 0 on $auto$ff.cc:337:slice$27380 ($_SDFFCE_PN0P_) from module icebreaker.

7.39.4. Executing OPT_CLEAN pass (remove unused cells and wires).
Finding unused cells or wires in module \icebreaker..
Removed 796 unused cells and 4156 unused wires.
<suppressed ~797 debug messages>

7.39.5. Rerunning OPT passes. (Removed registers in this run.)

7.39.6. Executing OPT_EXPR pass (perform const folding).
Optimizing module icebreaker.
<suppressed ~6 debug messages>

7.39.7. Executing OPT_MERGE pass (detect identical cells).
Finding identical cells in module `\icebreaker'.
Computing hashes of 9398 cells of `\icebreaker'.
Finding duplicate cells in `\icebreaker'.
Removed a total of 0 cells.

7.39.8. Executing OPT_DFF pass (perform DFF optimizations).
Adding SRST signal on $auto$ff.cc:337:slice$10159 ($_SDFF_PP0_) from module icebreaker (D = $flatten\soc.\spimemio.$procmux$5098.Y_B, Q = \soc.spimemio.din_valid, rval = 1'0).
Adding SRST signal on $auto$ff.cc:337:slice$10158 ($_DFFE_PP_) from module icebreaker (D = $flatten\soc.\spimemio.$procmux$5210.Y_B [7], Q = \soc.spimemio.din_data [7], rval = 1'1).
Adding SRST signal on $auto$ff.cc:337:slice$9255 ($_DFFE_PP_) from module icebreaker (D = $flatten\soc.\cpu.$procmux$3786.Y_B [31], Q = \soc.cpu.decoded_imm [31], rval = 1'0).
Adding SRST signal on $auto$ff.cc:337:slice$9225 ($_DFFE_PP_) from module icebreaker (D = $flatten\soc.\cpu.$procmux$3786.Y_B [1], Q = \soc.cpu.decoded_imm [1], rval = 1'0).
Adding SRST signal on $auto$ff.cc:337:slice$9226 ($_DFFE_PP_) from module icebreaker (D = $flatten\soc.\cpu.$procmux$3786.Y_B [2], Q = \soc.cpu.decoded_imm [2], rval = 1'0).
Adding SRST signal on $auto$ff.cc:337:slice$9227 ($_DFFE_PP_) from module icebreaker (D = $flatten\soc.\cpu.$procmux$3786.Y_B [3], Q = \soc.cpu.decoded_imm [3], rval = 1'0).
Adding SRST signal on $auto$ff.cc:337:slice$9228 ($_DFFE_PP_) from module icebreaker (D = $flatten\soc.\cpu.$procmux$3786.Y_B [4], Q = \soc.cpu.decoded_imm [4], rval = 1'0).
Adding SRST signal on $auto$ff.cc:337:slice$9229 ($_DFFE_PP_) from module icebreaker (D = $flatten\soc.\cpu.$procmux$3786.Y_B [5], Q = \soc.cpu.decoded_imm [5], rval = 1'0).
Adding SRST signal on $auto$ff.cc:337:slice$9230 ($_DFFE_PP_) from module icebreaker (D = $flatten\soc.\cpu.$procmux$3786.Y_B [6], Q = \soc.cpu.decoded_imm [6], rval = 1'0).
Adding SRST signal on $auto$ff.cc:337:slice$9231 ($_DFFE_PP_) from module icebreaker (D = $flatten\soc.\cpu.$procmux$3786.Y_B [7], Q = \soc.cpu.decoded_imm [7], rval = 1'0).
Adding SRST signal on $auto$ff.cc:337:slice$9232 ($_DFFE_PP_) from module icebreaker (D = $flatten\soc.\cpu.$procmux$3786.Y_B [8], Q = \soc.cpu.decoded_imm [8], rval = 1'0).
Adding SRST signal on $auto$ff.cc:337:slice$9233 ($_DFFE_PP_) from module icebreaker (D = $flatten\soc.\cpu.$procmux$3786.Y_B [9], Q = \soc.cpu.decoded_imm [9], rval = 1'0).
Adding SRST signal on $auto$ff.cc:337:slice$9234 ($_DFFE_PP_) from module icebreaker (D = $flatten\soc.\cpu.$procmux$3786.Y_B [10], Q = \soc.cpu.decoded_imm [10], rval = 1'0).
Adding SRST signal on $auto$ff.cc:337:slice$9235 ($_DFFE_PP_) from module icebreaker (D = $flatten\soc.\cpu.$procmux$3786.Y_B [11], Q = \soc.cpu.decoded_imm [11], rval = 1'0).
Adding SRST signal on $auto$ff.cc:337:slice$9236 ($_DFFE_PP_) from module icebreaker (D = $flatten\soc.\cpu.$procmux$3786.Y_B [12], Q = \soc.cpu.decoded_imm [12], rval = 1'0).
Adding SRST signal on $auto$ff.cc:337:slice$9237 ($_DFFE_PP_) from module icebreaker (D = $flatten\soc.\cpu.$procmux$3786.Y_B [13], Q = \soc.cpu.decoded_imm [13], rval = 1'0).
Adding SRST signal on $auto$ff.cc:337:slice$9238 ($_DFFE_PP_) from module icebreaker (D = $flatten\soc.\cpu.$procmux$3786.Y_B [14], Q = \soc.cpu.decoded_imm [14], rval = 1'0).
Adding SRST signal on $auto$ff.cc:337:slice$9239 ($_DFFE_PP_) from module icebreaker (D = $flatten\soc.\cpu.$procmux$3786.Y_B [15], Q = \soc.cpu.decoded_imm [15], rval = 1'0).
Adding SRST signal on $auto$ff.cc:337:slice$9240 ($_DFFE_PP_) from module icebreaker (D = $flatten\soc.\cpu.$procmux$3786.Y_B [16], Q = \soc.cpu.decoded_imm [16], rval = 1'0).
Adding SRST signal on $auto$ff.cc:337:slice$9241 ($_DFFE_PP_) from module icebreaker (D = $flatten\soc.\cpu.$procmux$3786.Y_B [17], Q = \soc.cpu.decoded_imm [17], rval = 1'0).
Adding SRST signal on $auto$ff.cc:337:slice$9242 ($_DFFE_PP_) from module icebreaker (D = $flatten\soc.\cpu.$procmux$3786.Y_B [18], Q = \soc.cpu.decoded_imm [18], rval = 1'0).
Adding SRST signal on $auto$ff.cc:337:slice$9243 ($_DFFE_PP_) from module icebreaker (D = $flatten\soc.\cpu.$procmux$3786.Y_B [19], Q = \soc.cpu.decoded_imm [19], rval = 1'0).
Adding SRST signal on $auto$ff.cc:337:slice$9244 ($_DFFE_PP_) from module icebreaker (D = $flatten\soc.\cpu.$procmux$3786.Y_B [20], Q = \soc.cpu.decoded_imm [20], rval = 1'0).
Adding SRST signal on $auto$ff.cc:337:slice$9245 ($_DFFE_PP_) from module icebreaker (D = $flatten\soc.\cpu.$procmux$3786.Y_B [21], Q = \soc.cpu.decoded_imm [21], rval = 1'0).
Adding SRST signal on $auto$ff.cc:337:slice$9246 ($_DFFE_PP_) from module icebreaker (D = $flatten\soc.\cpu.$procmux$3786.Y_B [22], Q = \soc.cpu.decoded_imm [22], rval = 1'0).
Adding SRST signal on $auto$ff.cc:337:slice$9247 ($_DFFE_PP_) from module icebreaker (D = $flatten\soc.\cpu.$procmux$3786.Y_B [23], Q = \soc.cpu.decoded_imm [23], rval = 1'0).
Adding SRST signal on $auto$ff.cc:337:slice$9248 ($_DFFE_PP_) from module icebreaker (D = $flatten\soc.\cpu.$procmux$3786.Y_B [24], Q = \soc.cpu.decoded_imm [24], rval = 1'0).
Adding SRST signal on $auto$ff.cc:337:slice$9249 ($_DFFE_PP_) from module icebreaker (D = $flatten\soc.\cpu.$procmux$3786.Y_B [25], Q = \soc.cpu.decoded_imm [25], rval = 1'0).
Adding SRST signal on $auto$ff.cc:337:slice$9250 ($_DFFE_PP_) from module icebreaker (D = $flatten\soc.\cpu.$procmux$3786.Y_B [26], Q = \soc.cpu.decoded_imm [26], rval = 1'0).
Adding SRST signal on $auto$ff.cc:337:slice$9251 ($_DFFE_PP_) from module icebreaker (D = $flatten\soc.\cpu.$procmux$3786.Y_B [27], Q = \soc.cpu.decoded_imm [27], rval = 1'0).
Adding SRST signal on $auto$ff.cc:337:slice$9252 ($_DFFE_PP_) from module icebreaker (D = $flatten\soc.\cpu.$procmux$3786.Y_B [28], Q = \soc.cpu.decoded_imm [28], rval = 1'0).
Adding SRST signal on $auto$ff.cc:337:slice$9253 ($_DFFE_PP_) from module icebreaker (D = $flatten\soc.\cpu.$procmux$3786.Y_B [29], Q = \soc.cpu.decoded_imm [29], rval = 1'0).
Adding SRST signal on $auto$ff.cc:337:slice$9254 ($_DFFE_PP_) from module icebreaker (D = $flatten\soc.\cpu.$procmux$3786.Y_B [30], Q = \soc.cpu.decoded_imm [30], rval = 1'0).
Adding EN signal on $auto$ff.cc:337:slice$9560 ($_SDFFE_PN0P_) from module icebreaker (D = $flatten\soc.\cpu.$procmux$2269.B_AND_S [32], Q = \soc.cpu.reg_next_pc [0]).
Adding EN signal on $auto$ff.cc:337:slice$10021 ($_SDFFE_PP0P_) from module icebreaker (D = $flatten\soc.\spimemio.\xfer.$procmux$1688.Y_B [0], Q = \soc.spimemio.xfer.count [0]).
Adding SRST signal on $auto$ff.cc:337:slice$10151 ($_DFFE_PP_) from module icebreaker (D = $flatten\soc.\spimemio.$procmux$5210.Y_B [0], Q = \soc.spimemio.din_data [0], rval = 1'1).
Adding SRST signal on $auto$ff.cc:337:slice$10152 ($_DFFE_PP_) from module icebreaker (D = $flatten\soc.\spimemio.$procmux$5210.Y_B [1], Q = \soc.spimemio.din_data [1], rval = 1'1).
Adding SRST signal on $auto$ff.cc:337:slice$10153 ($_DFFE_PP_) from module icebreaker (D = $flatten\soc.\spimemio.$procmux$5210.Y_B [2], Q = \soc.spimemio.din_data [2], rval = 1'1).
Adding SRST signal on $auto$ff.cc:337:slice$10154 ($_DFFE_PP_) from module icebreaker (D = $flatten\soc.\spimemio.$procmux$5210.Y_B [3], Q = \soc.spimemio.din_data [3], rval = 1'1).
Adding SRST signal on $auto$ff.cc:337:slice$10155 ($_DFFE_PP_) from module icebreaker (D = $flatten\soc.\spimemio.$procmux$5210.Y_B [4], Q = \soc.spimemio.din_data [4], rval = 1'1).
Adding SRST signal on $auto$ff.cc:337:slice$10156 ($_DFFE_PP_) from module icebreaker (D = $flatten\soc.\spimemio.$procmux$5210.Y_B [5], Q = \soc.spimemio.din_data [5], rval = 1'1).
Adding SRST signal on $auto$ff.cc:337:slice$10157 ($_DFFE_PP_) from module icebreaker (D = $flatten\soc.\spimemio.$procmux$5210.Y_B [6], Q = \soc.spimemio.din_data [6], rval = 1'1).

7.39.9. Executing OPT_CLEAN pass (remove unused cells and wires).
Finding unused cells or wires in module \icebreaker..
Removed 42 unused cells and 8 unused wires.
<suppressed ~43 debug messages>

7.39.10. Rerunning OPT passes. (Removed registers in this run.)

7.39.11. Executing OPT_EXPR pass (perform const folding).
Optimizing module icebreaker.

7.39.12. Executing OPT_MERGE pass (detect identical cells).
Finding identical cells in module `\icebreaker'.
Computing hashes of 9360 cells of `\icebreaker'.
Finding duplicate cells in `\icebreaker'.
Removed a total of 0 cells.

7.39.13. Executing OPT_DFF pass (perform DFF optimizations).

7.39.14. Executing OPT_CLEAN pass (remove unused cells and wires).
Finding unused cells or wires in module \icebreaker..

7.39.15. Finished fast OPT passes.

7.40. Executing ICE40_OPT pass (performing simple optimizations).

7.40.1. Running ICE40 specific optimizations.
Optimized $__ICE40_CARRY_WRAPPER cell back to logic (without SB_CARRY) icebreaker.$auto$alumacc.cc:512:replace_alu$7392.slice[0].carry: CO=$auto$alumacc.cc:512:replace_alu$7392.BB [0]
Optimized $__ICE40_CARRY_WRAPPER cell back to logic (without SB_CARRY) icebreaker.$auto$alumacc.cc:512:replace_alu$7425.slice[0].carry: CO=\soc.cpu.mem_addr [24]
Optimized $__ICE40_CARRY_WRAPPER cell back to logic (without SB_CARRY) icebreaker.$auto$alumacc.cc:512:replace_alu$7436.slice[0].carry: CO=\soc.cpu.mem_addr [25]
Optimized $__ICE40_CARRY_WRAPPER cell back to logic (without SB_CARRY) icebreaker.$auto$alumacc.cc:512:replace_alu$7443.slice[0].carry: CO=\soc.cpu.mem_addr [17]
Optimized $__ICE40_CARRY_WRAPPER cell back to logic (without SB_CARRY) icebreaker.$auto$alumacc.cc:512:replace_alu$7468.slice[0].carry: CO=\soc.cpu.count_instr [0]
Optimized $__ICE40_CARRY_WRAPPER cell back to logic (without SB_CARRY) icebreaker.$auto$alumacc.cc:512:replace_alu$7471.slice[0].carry: CO=\soc.cpu.count_cycle [0]
Optimized $__ICE40_CARRY_WRAPPER cell back to logic (without SB_CARRY) icebreaker.$auto$alumacc.cc:512:replace_alu$7474.slice[0].carry: CO=\soc.cpu.pcpi_timeout_counter [0]
Optimized $__ICE40_CARRY_WRAPPER cell back to logic (without SB_CARRY) icebreaker.$auto$alumacc.cc:512:replace_alu$7477.slice[0].carry: CO=\soc.cpu.reg_pc [2]
Optimized $__ICE40_CARRY_WRAPPER cell back to logic (without SB_CARRY) icebreaker.$auto$alumacc.cc:512:replace_alu$7480.slice[0].carry: CO=$auto$alumacc.cc:512:replace_alu$7480.B [0]
Optimized $__ICE40_CARRY_WRAPPER cell back to logic (without SB_CARRY) icebreaker.$auto$alumacc.cc:512:replace_alu$7486.slice[0].carry: CO=\soc.spimem_cache.miss_count [0]
Optimized $__ICE40_CARRY_WRAPPER cell back to logic (without SB_CARRY) icebreaker.$auto$alumacc.cc:512:replace_alu$7489.slice[0].carry: CO=\soc.spimem_cache.hit_count [0]
Optimized $__ICE40_CARRY_WRAPPER cell back to logic (without SB_CARRY) icebreaker.$auto$alumacc.cc:512:replace_alu$7504.slice[0].carry: CO=\soc.cpu.reg_sh [0]
Optimized $__ICE40_CARRY_WRAPPER cell back to logic (without SB_CARRY) icebreaker.$auto$alumacc.cc:512:replace_alu$7507.slice[0].carry: CO=\soc.cpu.timer [0]
Optimized $__ICE40_CARRY_WRAPPER cell back to logic (without SB_CARRY) icebreaker.$auto$alumacc.cc:512:replace_alu$7527.slice[0].carry: CO=\soc.cpu.reg_sh [2]
Optimized $__ICE40_CARRY_WRAPPER cell back to logic (without SB_CARRY) icebreaker.$auto$alumacc.cc:512:replace_alu$7543.slice[0].carry: CO=\soc.spimemio.rd_addr [2]
Optimized $__ICE40_CARRY_WRAPPER cell back to logic (without SB_CARRY) icebreaker.$auto$alumacc.cc:512:replace_alu$7543.slice[22].carry: CO=1'0
Optimized $__ICE40_CARRY_WRAPPER cell back to logic (without SB_CARRY) icebreaker.$auto$alumacc.cc:512:replace_alu$7546.slice[0].carry: CO=\soc.simpleuart.send_bitcnt [0]
Optimized $__ICE40_CARRY_WRAPPER cell back to logic (without SB_CARRY) icebreaker.$auto$alumacc.cc:512:replace_alu$7549.slice[0].carry: CO=\soc.simpleuart.send_divcnt [0]
Optimized $__ICE40_CARRY_WRAPPER cell back to logic (without SB_CARRY) icebreaker.$auto$alumacc.cc:512:replace_alu$7552.slice[0].carry: CO=\soc.simpleuart.recv_state [0]
Optimized $__ICE40_CARRY_WRAPPER cell back to logic (without SB_CARRY) icebreaker.$auto$alumacc.cc:512:replace_alu$7555.slice[0].carry: CO=\soc.simpleuart.recv_divcnt [0]
Optimized $__ICE40_CARRY_WRAPPER cell back to logic (without SB_CARRY) icebreaker.$auto$alumacc.cc:512:replace_alu$7558.slice[0].carry: CO=\seven_segment_ctrl.clkdiv [0]

7.40.2. Executing OPT_EXPR pass (perform const folding).
Optimizing module icebreaker.
<suppressed ~85 debug messages>

7.40.3. Executing OPT_MERGE pass (detect identical cells).
Finding identical cells in module `\icebreaker'.
Computing hashes of 9295 cells of `\icebreaker'.
Finding duplicate cells in `\icebreaker'.
Removed a total of 0 cells.

7.40.4. Executing OPT_DFF pass (perform DFF optimizations).

7.40.5. Executing OPT_CLEAN pass (remove unused cells and wires).
Finding unused cells or wires in module \icebreaker..
Removed 4 unused cells and 3 unused wires.
<suppressed ~5 debug messages>

7.40.6. Rerunning OPT passes. (Removed registers in this run.)

7.40.7. Running ICE40 specific optimizations.

7.40.8. Executing OPT_EXPR pass (perform const folding).
Optimizing module icebreaker.

7.40.9. Executing OPT_MERGE pass (detect identical cells).
Finding identical cells in module `\icebreaker'.
Computing hashes of 9291 cells of `\icebreaker'.
Finding duplicate cells in `\icebreaker'.
Removed a total of 0 cells.

7.40.10. Executing OPT_DFF pass (perform DFF optimizations).

7.40.11. Executing OPT_CLEAN pass (remove unused cells and wires).
Finding unused cells or wires in module \icebreaker..

7.40.12. Finished OPT passes. (There is nothing left to do.)

7.41. Executing DFFLEGALIZE pass (convert FFs to types supported by the target).

7.42. Executing TECHMAP pass (map to technology primitives).

7.42.1. Executing Verilog-2005 frontend: /homes/cl2033/oss-cad-suite/lib/../share/yosys/ice40/ff_map.v
Parsing Verilog input from `/homes/cl2033/oss-cad-suite/lib/../share/yosys/ice40/ff_map.v' to AST representation.
Generating RTLIL representation for module `$_DFF_N_'.
Generating RTLIL representation for module `$_DFF_P_'.
Generating RTLIL representation for module `$_DFFE_NP_'.
Generating RTLIL representation for module `$_DFFE_PP_'.
Generating RTLIL representation for module `$_DFF_NP0_'.
Generating RTLIL representation for module `$_DFF_NP1_'.
Generating RTLIL representation for module `$_DFF_PP0_'.
Generating RTLIL representation for module `$_DFF_PP1_'.
Generating RTLIL representation for module `$_DFFE_NP0P_'.
Generating RTLIL representation for module `$_DFFE_NP1P_'.
Generating RTLIL representation for module `$_DFFE_PP0P_'.
Generating RTLIL representation for module `$_DFFE_PP1P_'.
Generating RTLIL representation for module `$_SDFF_NP0_'.
Generating RTLIL representation for module `$_SDFF_NP1_'.
Generating RTLIL representation for module `$_SDFF_PP0_'.
Generating RTLIL representation for module `$_SDFF_PP1_'.
Generating RTLIL representation for module `$_SDFFCE_NP0P_'.
Generating RTLIL representation for module `$_SDFFCE_NP1P_'.
Generating RTLIL representation for module `$_SDFFCE_PP0P_'.
Generating RTLIL representation for module `$_SDFFCE_PP1P_'.
Successfully finished Verilog frontend.

7.42.2. Continuing TECHMAP pass.
Using template $_SDFFCE_PP1P_ for cells of type $_SDFFCE_PP1P_.
Using template $_SDFFCE_PP0P_ for cells of type $_SDFFCE_PP0P_.
Using template $_SDFF_PP0_ for cells of type $_SDFF_PP0_.
Using template $_DFF_P_ for cells of type $_DFF_P_.
Using template $_DFF_N_ for cells of type $_DFF_N_.
Using template $_DFFE_PP_ for cells of type $_DFFE_PP_.
Using template $_SDFF_PP1_ for cells of type $_SDFF_PP1_.
No more expansions possible.
<suppressed ~1409 debug messages>

7.43. Executing OPT_EXPR pass (perform const folding).
Optimizing module icebreaker.

7.44. Executing SIMPLEMAP pass (map simple cells to gate primitives).
Mapping icebreaker.$auto$alumacc.cc:512:replace_alu$7468.slice[0].carry ($lut).
Mapping icebreaker.$auto$alumacc.cc:512:replace_alu$7471.slice[0].carry ($lut).
Mapping icebreaker.$auto$alumacc.cc:512:replace_alu$7474.slice[0].carry ($lut).
Mapping icebreaker.$auto$alumacc.cc:512:replace_alu$7477.slice[0].carry ($lut).
Mapping icebreaker.$auto$alumacc.cc:512:replace_alu$7480.slice[0].carry ($lut).
Mapping icebreaker.$auto$alumacc.cc:512:replace_alu$7486.slice[0].carry ($lut).
Mapping icebreaker.$auto$alumacc.cc:512:replace_alu$7489.slice[0].carry ($lut).
Mapping icebreaker.$auto$alumacc.cc:512:replace_alu$7504.slice[0].carry ($lut).
Mapping icebreaker.$auto$alumacc.cc:512:replace_alu$7507.slice[0].carry ($lut).
Mapping icebreaker.$auto$alumacc.cc:512:replace_alu$7527.slice[0].carry ($lut).
Mapping icebreaker.$auto$alumacc.cc:512:replace_alu$7543.slice[0].carry ($lut).
Mapping icebreaker.$auto$alumacc.cc:512:replace_alu$7543.slice[22].carry ($lut).
Mapping icebreaker.$auto$alumacc.cc:512:replace_alu$7546.slice[0].carry ($lut).
Mapping icebreaker.$auto$alumacc.cc:512:replace_alu$7549.slice[0].carry ($lut).
Mapping icebreaker.$auto$alumacc.cc:512:replace_alu$7552.slice[0].carry ($lut).
Mapping icebreaker.$auto$alumacc.cc:512:replace_alu$7555.slice[0].carry ($lut).
Mapping icebreaker.$auto$alumacc.cc:512:replace_alu$7558.slice[0].carry ($lut).

7.45. Executing ICE40_OPT pass (performing simple optimizations).

7.45.1. Running ICE40 specific optimizations.

7.45.2. Executing OPT_EXPR pass (perform const folding).
Optimizing module icebreaker.
<suppressed ~492 debug messages>

7.45.3. Executing OPT_MERGE pass (detect identical cells).
Finding identical cells in module `\icebreaker'.
Computing hashes of 10315 cells of `\icebreaker'.
Finding duplicate cells in `\icebreaker'.
Computing hashes of 9357 cells of `\icebreaker'.
Finding duplicate cells in `\icebreaker'.
<suppressed ~2874 debug messages>
Removed a total of 958 cells.

7.45.4. Executing OPT_DFF pass (perform DFF optimizations).

7.45.5. Executing OPT_CLEAN pass (remove unused cells and wires).
Finding unused cells or wires in module \icebreaker..
Removed 0 unused cells and 8143 unused wires.
<suppressed ~1 debug messages>

7.45.6. Rerunning OPT passes. (Removed registers in this run.)

7.45.7. Running ICE40 specific optimizations.

7.45.8. Executing OPT_EXPR pass (perform const folding).
Optimizing module icebreaker.

7.45.9. Executing OPT_MERGE pass (detect identical cells).
Finding identical cells in module `\icebreaker'.
Computing hashes of 9357 cells of `\icebreaker'.
Finding duplicate cells in `\icebreaker'.
Removed a total of 0 cells.

7.45.10. Executing OPT_DFF pass (perform DFF optimizations).

7.45.11. Executing OPT_CLEAN pass (remove unused cells and wires).
Finding unused cells or wires in module \icebreaker..

7.45.12. Finished OPT passes. (There is nothing left to do.)

7.46. Executing TECHMAP pass (map to technology primitives).

7.46.1. Executing Verilog-2005 frontend: /homes/cl2033/oss-cad-suite/lib/../share/yosys/ice40/latches_map.v
Parsing Verilog input from `/homes/cl2033/oss-cad-suite/lib/../share/yosys/ice40/latches_map.v' to AST representation.
Generating RTLIL representation for module `$_DLATCH_N_'.
Generating RTLIL representation for module `$_DLATCH_P_'.
Successfully finished Verilog frontend.

7.46.2. Continuing TECHMAP pass.
No more expansions possible.
<suppressed ~4 debug messages>

7.47. Executing Verilog-2005 frontend: /homes/cl2033/oss-cad-suite/lib/../share/yosys/ice40/abc9_model.v
Parsing Verilog input from `/homes/cl2033/oss-cad-suite/lib/../share/yosys/ice40/abc9_model.v' to AST representation.
Generating RTLIL representation for module `$__ICE40_CARRY_WRAPPER'.
Successfully finished Verilog frontend.

7.48. Executing ABC9 pass.

7.48.1. Executing ABC9_OPS pass (helper functions for ABC9).

7.48.2. Executing ABC9_OPS pass (helper functions for ABC9).

7.48.3. Executing SCC pass (detecting logic loops).
Found 0 SCCs in module icebreaker.
Found 0 SCCs.

7.48.4. Executing ABC9_OPS pass (helper functions for ABC9).

7.48.5. Executing TECHMAP pass (map to technology primitives).

7.48.5.1. Executing Verilog-2005 frontend: /homes/cl2033/oss-cad-suite/lib/../share/yosys/techmap.v
Parsing Verilog input from `/homes/cl2033/oss-cad-suite/lib/../share/yosys/techmap.v' to AST representation.
Generating RTLIL representation for module `\_90_simplemap_bool_ops'.
Generating RTLIL representation for module `\_90_simplemap_reduce_ops'.
Generating RTLIL representation for module `\_90_simplemap_logic_ops'.
Generating RTLIL representation for module `\_90_simplemap_compare_ops'.
Generating RTLIL representation for module `\_90_simplemap_various'.
Generating RTLIL representation for module `\_90_simplemap_registers'.
Generating RTLIL representation for module `\_90_shift_ops_shr_shl_sshl_sshr'.
Generating RTLIL representation for module `\_90_shift_shiftx'.
Generating RTLIL representation for module `\_90_fa'.
Generating RTLIL representation for module `\_90_lcu_brent_kung'.
Generating RTLIL representation for module `\_90_alu'.
Generating RTLIL representation for module `\_90_macc'.
Generating RTLIL representation for module `\_90_alumacc'.
Generating RTLIL representation for module `$__div_mod_u'.
Generating RTLIL representation for module `$__div_mod_trunc'.
Generating RTLIL representation for module `\_90_div'.
Generating RTLIL representation for module `\_90_mod'.
Generating RTLIL representation for module `$__div_mod_floor'.
Generating RTLIL representation for module `\_90_divfloor'.
Generating RTLIL representation for module `\_90_modfloor'.
Generating RTLIL representation for module `\_90_pow'.
Generating RTLIL representation for module `\_90_pmux'.
Generating RTLIL representation for module `\_90_demux'.
Generating RTLIL representation for module `\_90_lut'.
Generating RTLIL representation for module `$connect'.
Generating RTLIL representation for module `$input_port'.
Successfully finished Verilog frontend.

7.48.5.2. Continuing TECHMAP pass.
No more expansions possible.
<suppressed ~131 debug messages>

7.48.6. Executing OPT pass (performing simple optimizations).

7.48.6.1. Executing OPT_EXPR pass (perform const folding).

7.48.6.2. Executing OPT_MERGE pass (detect identical cells).
Removed a total of 0 cells.

7.48.6.3. Executing OPT_MUXTREE pass (detect dead branches in mux trees).
Removed 0 multiplexer ports.

7.48.6.4. Executing OPT_REDUCE pass (consolidate $*mux and $reduce_* inputs).
Performed a total of 0 changes.

7.48.6.5. Executing OPT_MERGE pass (detect identical cells).
Removed a total of 0 cells.

7.48.6.6. Executing OPT_DFF pass (perform DFF optimizations).

7.48.6.7. Executing OPT_CLEAN pass (remove unused cells and wires).

7.48.6.8. Executing OPT_EXPR pass (perform const folding).

7.48.6.9. Finished fast OPT passes. (There is nothing left to do.)

7.48.7. Executing TECHMAP pass (map to technology primitives).

7.48.7.1. Executing Verilog-2005 frontend: /homes/cl2033/oss-cad-suite/lib/../share/yosys/abc9_map.v
Parsing Verilog input from `/homes/cl2033/oss-cad-suite/lib/../share/yosys/abc9_map.v' to AST representation.
Successfully finished Verilog frontend.

7.48.7.2. Continuing TECHMAP pass.
No more expansions possible.
<suppressed ~2 debug messages>

7.48.8. Executing Verilog-2005 frontend: /homes/cl2033/oss-cad-suite/lib/../share/yosys/abc9_model.v
Parsing Verilog input from `/homes/cl2033/oss-cad-suite/lib/../share/yosys/abc9_model.v' to AST representation.
Generating RTLIL representation for module `$__ABC9_DELAY'.
Generating RTLIL representation for module `$__ABC9_SCC_BREAKER'.
Generating RTLIL representation for module `$__DFF_N__$abc9_flop'.
Generating RTLIL representation for module `$__DFF_P__$abc9_flop'.
Successfully finished Verilog frontend.

7.48.9. Executing ABC9_OPS pass (helper functions for ABC9).
<suppressed ~2558 debug messages>

7.48.10. Executing ABC9_OPS pass (helper functions for ABC9).

7.48.11. Executing ABC9_OPS pass (helper functions for ABC9).
<suppressed ~2 debug messages>

7.48.12. Executing TECHMAP pass (map to technology primitives).

7.48.12.1. Executing Verilog-2005 frontend: /homes/cl2033/oss-cad-suite/lib/../share/yosys/techmap.v
Parsing Verilog input from `/homes/cl2033/oss-cad-suite/lib/../share/yosys/techmap.v' to AST representation.
Generating RTLIL representation for module `\_90_simplemap_bool_ops'.
Generating RTLIL representation for module `\_90_simplemap_reduce_ops'.
Generating RTLIL representation for module `\_90_simplemap_logic_ops'.
Generating RTLIL representation for module `\_90_simplemap_compare_ops'.
Generating RTLIL representation for module `\_90_simplemap_various'.
Generating RTLIL representation for module `\_90_simplemap_registers'.
Generating RTLIL representation for module `\_90_shift_ops_shr_shl_sshl_sshr'.
Generating RTLIL representation for module `\_90_shift_shiftx'.
Generating RTLIL representation for module `\_90_fa'.
Generating RTLIL representation for module `\_90_lcu_brent_kung'.
Generating RTLIL representation for module `\_90_alu'.
Generating RTLIL representation for module `\_90_macc'.
Generating RTLIL representation for module `\_90_alumacc'.
Generating RTLIL representation for module `$__div_mod_u'.
Generating RTLIL representation for module `$__div_mod_trunc'.
Generating RTLIL representation for module `\_90_div'.
Generating RTLIL representation for module `\_90_mod'.
Generating RTLIL representation for module `$__div_mod_floor'.
Generating RTLIL representation for module `\_90_divfloor'.
Generating RTLIL representation for module `\_90_modfloor'.
Generating RTLIL representation for module `\_90_pow'.
Generating RTLIL representation for module `\_90_pmux'.
Generating RTLIL representation for module `\_90_demux'.
Generating RTLIL representation for module `\_90_lut'.
Generating RTLIL representation for module `$connect'.
Generating RTLIL representation for module `$input_port'.
Successfully finished Verilog frontend.

7.48.12.2. Continuing TECHMAP pass.
Using template $paramod$__ICE40_CARRY_WRAPPER\LUT=16'0110100110010110\I3_IS_CI=1'1 for cells of type $paramod$__ICE40_CARRY_WRAPPER\LUT=16'0110100110010110\I3_IS_CI=1'1.
Using template SB_CARRY for cells of type SB_CARRY.
Using template $paramod\SB_LUT4\LUT_INIT=16'0110100110010110 for cells of type SB_LUT4.
Using extmapper simplemap for cells of type $mux.
Using extmapper simplemap for cells of type $logic_or.
Using extmapper simplemap for cells of type $logic_and.
No more expansions possible.
<suppressed ~158 debug messages>

7.48.13. Executing OPT pass (performing simple optimizations).

7.48.13.1. Executing OPT_EXPR pass (perform const folding).
Optimizing module icebreaker.
<suppressed ~4 debug messages>

7.48.13.2. Executing OPT_MERGE pass (detect identical cells).
Finding identical cells in module `\icebreaker'.
Computing hashes of 30 cells of `\icebreaker'.
Finding duplicate cells in `\icebreaker'.
Computing hashes of 20 cells of `\icebreaker'.
Finding duplicate cells in `\icebreaker'.
Computing hashes of 18 cells of `\icebreaker'.
Finding duplicate cells in `\icebreaker'.
<suppressed ~29 debug messages>
Removed a total of 12 cells.

7.48.13.3. Executing OPT_MUXTREE pass (detect dead branches in mux trees).
Running muxtree optimizer on module \icebreaker..
  Creating internal representation of mux trees.
  No muxes found in this module.
Removed 0 multiplexer ports.

7.48.13.4. Executing OPT_REDUCE pass (consolidate $*mux and $reduce_* inputs).
  Optimizing cells in module \icebreaker.
Performed a total of 0 changes.

7.48.13.5. Executing OPT_MERGE pass (detect identical cells).
Finding identical cells in module `\icebreaker'.
Computing hashes of 18 cells of `\icebreaker'.
Finding duplicate cells in `\icebreaker'.
Removed a total of 0 cells.

7.48.13.6. Executing OPT_DFF pass (perform DFF optimizations).

7.48.13.7. Executing OPT_CLEAN pass (remove unused cells and wires).
Finding unused cells or wires in module \icebreaker..
Removed 0 unused cells and 24 unused wires.
<suppressed ~1 debug messages>

7.48.13.8. Executing OPT_EXPR pass (perform const folding).
Optimizing module icebreaker.

7.48.13.9. Rerunning OPT passes. (Maybe there is more to do..)

7.48.13.10. Executing OPT_MUXTREE pass (detect dead branches in mux trees).
Running muxtree optimizer on module \icebreaker..
  Creating internal representation of mux trees.
  No muxes found in this module.
Removed 0 multiplexer ports.

7.48.13.11. Executing OPT_REDUCE pass (consolidate $*mux and $reduce_* inputs).
  Optimizing cells in module \icebreaker.
Performed a total of 0 changes.

7.48.13.12. Executing OPT_MERGE pass (detect identical cells).
Finding identical cells in module `\icebreaker'.
Computing hashes of 18 cells of `\icebreaker'.
Finding duplicate cells in `\icebreaker'.
Removed a total of 0 cells.

7.48.13.13. Executing OPT_DFF pass (perform DFF optimizations).

7.48.13.14. Executing OPT_CLEAN pass (remove unused cells and wires).
Finding unused cells or wires in module \icebreaker..

7.48.13.15. Executing OPT_EXPR pass (perform const folding).
Optimizing module icebreaker.

7.48.13.16. Finished fast OPT passes. (There is nothing left to do.)

7.48.14. Executing AIGMAP pass (map logic to AIG).
Module icebreaker: replaced 7 cells with 43 new cells, skipped 11 cells.
  replaced 2 cell types:
       5 $_MUX_
       2 $_OR_
  not replaced 3 cell types:
       2 $_AND_
       1 $_NOT_
       8 $specify2

7.48.15. Executing AIGMAP pass (map logic to AIG).
Module icebreaker: replaced 4361 cells with 23955 new cells, skipped 7552 cells.
  replaced 5 cell types:
       8 $_ANDNOT_
    1945 $_MUX_
      37 $_ORNOT_
    2128 $_OR_
     243 $_XOR_
  not replaced 23 cell types:
    2088 $_AND_
     643 $_NOT_
      12 $scopeinfo
       4 SB_MAC16
       4 SB_IO
     242 SB_DFF
     436 SB_DFFE
     267 SB_DFFSR
       4 SB_DFFSS
     359 SB_DFFESR
      75 SB_DFFESS
       4 SB_DFFN
       4 SB_SPRAM256KA
       8 $paramod$__ABC9_DELAY\DELAY=32'00000000000000000000000010000101
     128 $paramod$__ABC9_DELAY\DELAY=32'00000000000000000000000010100001
       8 $paramod$65b9e5893759870fd62e6b87dc6ba151fdc97e95\SB_RAM40_4K
      88 $paramod$__ABC9_DELAY\DELAY=32'00000000000000000000000011100000
       8 $paramod$__ABC9_DELAY\DELAY=32'00000000000000000000000001100010
      16 $paramod$__ABC9_DELAY\DELAY=32'00000000000000000000000100001011
     128 $paramod$__ABC9_DELAY\DELAY=32'00000000000000000000000100010010
    1387 $paramod$__ABC9_DELAY\DELAY=32'00000000000000000000000000010101
     793 $paramod$__ABC9_DELAY\DELAY=32'00000000000000000000000011001011
     846 $paramod$__ICE40_CARRY_WRAPPER\LUT=16'0110100110010110\I3_IS_CI=1'1

7.48.15.1. Executing ABC9_OPS pass (helper functions for ABC9).

7.48.15.2. Executing ABC9_OPS pass (helper functions for ABC9).

7.48.15.3. Executing XAIGER backend.
<suppressed ~1526 debug messages>
Extracted 10825 AND gates and 33388 wires from module `icebreaker' to a netlist network with 1710 inputs and 2818 outputs.

7.48.15.4. Executing ABC9_EXE pass (technology mapping using ABC9).

7.48.15.5. Executing ABC9.
Running ABC command: "<yosys-exe-dir>/yosys-abc" -s -f <abc-temp-dir>/abc.script 2>&1
ABC: ======== ABC command line "source <abc-temp-dir>/abc.script"
ABC: + read_lut <abc-temp-dir>/input.lut 
ABC: + read_box <abc-temp-dir>/input.box 
ABC: + &read <abc-temp-dir>/input.xaig 
ABC: + &ps 
ABC: <abc-temp-dir>/input : i/o =   1710/   2818  and =   10178  lev =   39 (1.73)  mem = 0.36 MB  box = 3402  bb = 2556
ABC: Warning: AIG with boxes has internal fanout in 0 complex flops and 1 carries.
ABC: + &scorr 
ABC: Warning: The network is combinational.
ABC: + &sweep 
ABC: + &dc2 
ABC: + &dch -f -r 
ABC: + &ps 
ABC: <abc-temp-dir>/input : i/o =   1710/   2818  and =   12931  lev =   46 (1.34)  mem = 0.39 MB  ch = 1869  box = 3389  bb = 2556
ABC: cst =       0  cls =   1504  lit =    1869  unused =   15490  proof =     0
ABC: Warning: AIG with boxes has internal fanout in 0 complex flops and 1 carries.
ABC: + &if -W 250 -v 
ABC: K = 4. Memory (bytes): Truth =    0. Cut =   52. Obj =  136. Set =  564. CutMin = no
ABC: Node =   12931.  Ch =  1504.  Total mem =    4.12 MB. Peak cut mem =    0.18 MB.
ABC: P:  Del = 9421.00.  Ar =    3882.0.  Edge =    13396.  Cut =    70107.  T =     0.01 sec
ABC: P:  Del = 9421.00.  Ar =    3616.0.  Edge =    12986.  Cut =    66804.  T =     0.01 sec
ABC: P:  Del = 9421.00.  Ar =    3242.0.  Edge =    11002.  Cut =    73269.  T =     0.01 sec
ABC: F:  Del = 9421.00.  Ar =    2989.0.  Edge =    10433.  Cut =    70295.  T =     0.01 sec
ABC: A:  Del = 9421.00.  Ar =    2892.0.  Edge =     9785.  Cut =    70814.  T =     0.02 sec
ABC: A:  Del = 9421.00.  Ar =    2885.0.  Edge =     9774.  Cut =    70978.  T =     0.02 sec
ABC: Total time =     0.08 sec
ABC: + &write -n <abc-temp-dir>/output.aig 
ABC: + &mfs 
ABC: + &ps -l 
ABC: <abc-temp-dir>/input : i/o =   1710/   2818  and =    7976  lev =   32 (1.53)  mem = 0.33 MB  box = 3389  bb = 2556
ABC: Mapping (K=4)  :  lut =   2786  edge =    9385  lev =   15 (0.92)  levB =   64  mem = 0.15 MB
ABC: LUT = 2786 : 2=493 17.7 %  3=773 27.7 %  4=1520 54.6 %  Ave = 3.37
ABC: Warning: AIG with boxes has internal fanout in 0 complex flops and 1 carries.
ABC: + &write -n <abc-temp-dir>/output.aig 
ABC: + &verify 
ABC: Networks are equivalent.  Time =     0.31 sec
ABC: + time 
ABC: elapse: 2.07 seconds, total: 2.07 seconds

7.48.15.6. Executing AIGER frontend.
<suppressed ~9080 debug messages>
Removed 11071 unused cells and 26801 unused wires.

7.48.15.7. Executing ABC9_OPS pass (helper functions for ABC9).
ABC RESULTS:              $lut cells:     2862
ABC RESULTS:   $paramod$__ICE40_CARRY_WRAPPER\LUT=16'0110100110010110\I3_IS_CI=1'1 cells:      833
ABC RESULTS:           input signals:      203
ABC RESULTS:          output signals:     2679
Removing temp directory.

7.48.16. Executing TECHMAP pass (map to technology primitives).

7.48.16.1. Executing Verilog-2005 frontend: /homes/cl2033/oss-cad-suite/lib/../share/yosys/abc9_unmap.v
Parsing Verilog input from `/homes/cl2033/oss-cad-suite/lib/../share/yosys/abc9_unmap.v' to AST representation.
Generating RTLIL representation for module `$__DFF_x__$abc9_flop'.
Generating RTLIL representation for module `$__ABC9_SCC_BREAKER'.
Successfully finished Verilog frontend.

7.48.16.2. Continuing TECHMAP pass.
Using template $paramod$__ICE40_CARRY_WRAPPER\LUT=16'0110100110010110\I3_IS_CI=1'1 for cells of type $paramod$__ICE40_CARRY_WRAPPER\LUT=16'0110100110010110\I3_IS_CI=1'1.
Using template $paramod$65b9e5893759870fd62e6b87dc6ba151fdc97e95\SB_RAM40_4K for cells of type $paramod$65b9e5893759870fd62e6b87dc6ba151fdc97e95\SB_RAM40_4K.
No more expansions possible.
<suppressed ~848 debug messages>

7.49. Executing ICE40_WRAPCARRY pass (wrap carries).

7.50. Executing TECHMAP pass (map to technology primitives).

7.50.1. Executing Verilog-2005 frontend: /homes/cl2033/oss-cad-suite/lib/../share/yosys/ice40/ff_map.v
Parsing Verilog input from `/homes/cl2033/oss-cad-suite/lib/../share/yosys/ice40/ff_map.v' to AST representation.
Generating RTLIL representation for module `$_DFF_N_'.
Generating RTLIL representation for module `$_DFF_P_'.
Generating RTLIL representation for module `$_DFFE_NP_'.
Generating RTLIL representation for module `$_DFFE_PP_'.
Generating RTLIL representation for module `$_DFF_NP0_'.
Generating RTLIL representation for module `$_DFF_NP1_'.
Generating RTLIL representation for module `$_DFF_PP0_'.
Generating RTLIL representation for module `$_DFF_PP1_'.
Generating RTLIL representation for module `$_DFFE_NP0P_'.
Generating RTLIL representation for module `$_DFFE_NP1P_'.
Generating RTLIL representation for module `$_DFFE_PP0P_'.
Generating RTLIL representation for module `$_DFFE_PP1P_'.
Generating RTLIL representation for module `$_SDFF_NP0_'.
Generating RTLIL representation for module `$_SDFF_NP1_'.
Generating RTLIL representation for module `$_SDFF_PP0_'.
Generating RTLIL representation for module `$_SDFF_PP1_'.
Generating RTLIL representation for module `$_SDFFCE_NP0P_'.
Generating RTLIL representation for module `$_SDFFCE_NP1P_'.
Generating RTLIL representation for module `$_SDFFCE_PP0P_'.
Generating RTLIL representation for module `$_SDFFCE_PP1P_'.
Successfully finished Verilog frontend.

7.50.2. Continuing TECHMAP pass.
No more expansions possible.
<suppressed ~22 debug messages>
Removed 677 unused cells and 39716 unused wires.

7.51. Executing OPT_LUT pass (optimize LUTs).
Discovering LUTs.
Number of LUTs:     3584
  1-LUT               76
  2-LUT              519
  3-LUT             1469
  4-LUT             1520
  with \SB_CARRY    (#0)  684
  with \SB_CARRY    (#1)  689

Eliminating LUTs.
Number of LUTs:     3584
  1-LUT               76
  2-LUT              519
  3-LUT             1469
  4-LUT             1520
  with \SB_CARRY    (#0)  684
  with \SB_CARRY    (#1)  689

Combining LUTs.
Number of LUTs:     3544
  1-LUT               76
  2-LUT              476
  3-LUT             1440
  4-LUT             1552
  with \SB_CARRY    (#0)  684
  with \SB_CARRY    (#1)  689

Eliminated 0 LUTs.
Combined 40 LUTs.
<suppressed ~23634 debug messages>

7.52. Executing TECHMAP pass (map to technology primitives).

7.52.1. Executing Verilog-2005 frontend: /homes/cl2033/oss-cad-suite/lib/../share/yosys/ice40/cells_map.v
Parsing Verilog input from `/homes/cl2033/oss-cad-suite/lib/../share/yosys/ice40/cells_map.v' to AST representation.
Generating RTLIL representation for module `$lut'.
Successfully finished Verilog frontend.

7.52.2. Continuing TECHMAP pass.
Using template $paramod$1241d759e3df4cac11dc7c99c36b0d1b07f7a673$lut for cells of type $lut.
Using template $paramod$234fd643079033ba0cbc98ff572df9b7b7a0dc86$lut for cells of type $lut.
Using template $paramod$lut\WIDTH=32'00000000000000000000000000000011\LUT=8'10010000 for cells of type $lut.
Using template $paramod$df196ed0a1da5c4a58c5e08a1dac304fd3fccaab$lut for cells of type $lut.
Using template $paramod$7d35f3eb4056e6484203c99fe42cfcf1dfaba704$lut for cells of type $lut.
Using template $paramod$lut\WIDTH=32'00000000000000000000000000000011\LUT=8'10000000 for cells of type $lut.
Using template $paramod$5c7d886f3b88971ac55fed4bca034a87bf180f7d$lut for cells of type $lut.
Using template $paramod$8d7a8d6e3356de09670738ba85f2c6b874f6b06d$lut for cells of type $lut.
Using template $paramod$lut\WIDTH=32'00000000000000000000000000000010\LUT=4'0110 for cells of type $lut.
Using template $paramod$lut\WIDTH=32'00000000000000000000000000000010\LUT=4'0010 for cells of type $lut.
Using template $paramod$571404c0889eaf57f492cb5e37f8acb5df5852f9$lut for cells of type $lut.
Using template $paramod$lut\WIDTH=32'00000000000000000000000000000011\LUT=8'00000001 for cells of type $lut.
Using template $paramod$253532b742d151c01e8e51f153c24d934b8f6185$lut for cells of type $lut.
Using template $paramod$lut\WIDTH=32'00000000000000000000000000000001\LUT=2'01 for cells of type $lut.
Using template $paramod$fd904e9e35cfd343a9df248824bd3f1408724879$lut for cells of type $lut.
Using template $paramod$d6ca727e39f31d51d29072e0f33aa09c65e37336$lut for cells of type $lut.
Using template $paramod$lut\WIDTH=32'00000000000000000000000000000010\LUT=4'0100 for cells of type $lut.
Using template $paramod$lut\WIDTH=32'00000000000000000000000000000011\LUT=8'00010000 for cells of type $lut.
Using template $paramod$332a399730bfc61adea04021a76b1c4e4030f37d$lut for cells of type $lut.
Using template $paramod$lut\WIDTH=32'00000000000000000000000000000010\LUT=4'0001 for cells of type $lut.
Using template $paramod$f9813472aa48e533b3838c6f2316dc2e78c66111$lut for cells of type $lut.
Using template $paramod$a59507d273cd827eb6c46c37820d50a1b717efdf$lut for cells of type $lut.
Using template $paramod$658b9ed803f0d3d335616d3858b53e0a2522f1e8$lut for cells of type $lut.
Using template $paramod$6ce6c9ed24092f88d858965e9e9a15c5bec9d6d7$lut for cells of type $lut.
Using template $paramod$lut\WIDTH=32'00000000000000000000000000000011\LUT=8'00011011 for cells of type $lut.
Using template $paramod$lut\WIDTH=32'00000000000000000000000000000010\LUT=4'1000 for cells of type $lut.
Using template $paramod$e49f6e3576ef1a6d2f58c54414dbb786af8cc869$lut for cells of type $lut.
Using template $paramod$lut\WIDTH=32'00000000000000000000000000000011\LUT=8'11111000 for cells of type $lut.
Using template $paramod$15e09ab8f7df8d225706de985558fe8eca7cc41f$lut for cells of type $lut.
Using template $paramod$9d707d218adbd63b6f9a0c79d7ee037306fb6296$lut for cells of type $lut.
Using template $paramod$a5516fc31d1e552de2435200bb732b4d4ad63a9c$lut for cells of type $lut.
Using template $paramod$272652f6c6fbe9a75eff76e45cc7e2788835518b$lut for cells of type $lut.
Using template $paramod$lut\WIDTH=32'00000000000000000000000000000011\LUT=8'01000111 for cells of type $lut.
Using template $paramod$05ac1639ab7543654a2476d11c1711de01f760e6$lut for cells of type $lut.
Using template $paramod$4045162732ff1ef3063f7c74bcf446c45645f6c6$lut for cells of type $lut.
Using template $paramod$07620d52cb536ce2865a3d1bba2ad2f7a88140f9$lut for cells of type $lut.
Using template $paramod$c6bcc46fa3ab3e93fb9e1dd465343adac18fec92$lut for cells of type $lut.
Using template $paramod$d204630841d4b2793bc7d88db78fa2d9975da1ca$lut for cells of type $lut.
Using template $paramod$2f7deae5fb594b0c70bb82efd4d3682a7baaa352$lut for cells of type $lut.
Using template $paramod$lut\WIDTH=32'00000000000000000000000000000011\LUT=8'01010100 for cells of type $lut.
Using template $paramod$lut\WIDTH=32'00000000000000000000000000000011\LUT=8'11100100 for cells of type $lut.
Using template $paramod$c7754eeb17b54dfe53ea4a973db3714d78ced2f9$lut for cells of type $lut.
Using template $paramod$22dec7e8c4f4b1c3e62879fa2207e0c39047bbd3$lut for cells of type $lut.
Using template $paramod$9e394303e290a474880b56f98766417009256d93$lut for cells of type $lut.
Using template $paramod$101238f3d8d49ab12a9b49a2f01cd503b26e9c61$lut for cells of type $lut.
Using template $paramod$lut\WIDTH=32'00000000000000000000000000000010\LUT=4'1001 for cells of type $lut.
Using template $paramod$364c9ffbffac467d60dfec81bba4e18476c15602$lut for cells of type $lut.
Using template $paramod$41326ad8644342a66dfb051d050f2b6fbf15015b$lut for cells of type $lut.
Using template $paramod$lut\WIDTH=32'00000000000000000000000000000011\LUT=8'00001101 for cells of type $lut.
Using template $paramod$lut\WIDTH=32'00000000000000000000000000000011\LUT=8'00001011 for cells of type $lut.
Using template $paramod$19e5b38cca183d8b6b3a15d20dc995c09cd71893$lut for cells of type $lut.
Using template $paramod$lut\WIDTH=32'00000000000000000000000000000011\LUT=8'00001001 for cells of type $lut.
Using template $paramod$lut\WIDTH=32'00000000000000000000000000000011\LUT=8'11010000 for cells of type $lut.
Using template $paramod$6d6beead1425af15cf78b27fd9b11b41b5d4bce8$lut for cells of type $lut.
Using template $paramod$b4f85a6321a00b090afc4e21d68e7b99eb94d149$lut for cells of type $lut.
Using template $paramod$30305e55a780880b9c824fe3509a4d981acb0f2b$lut for cells of type $lut.
Using template $paramod$54a853cac0e65b945d96d7dd0e9cca8bb9f3a21e$lut for cells of type $lut.
Using template $paramod$2b187743e9a5d701dd1d8451ad4fa986c1aea139$lut for cells of type $lut.
Using template $paramod$lut\WIDTH=32'00000000000000000000000000000011\LUT=8'01111111 for cells of type $lut.
Using template $paramod$e8b805c60b05d29dea83383ec9e8df8657d8e0fa$lut for cells of type $lut.
Using template $paramod$c1a19a87ccbbb03d43a72335db63f692ddf82cc1$lut for cells of type $lut.
Using template $paramod$0d3ac82cf5b8a192d5ff4c23e3143360366ae882$lut for cells of type $lut.
Using template $paramod$ce57c8604805f80ab07a0434d106bb987e82ae6c$lut for cells of type $lut.
Using template $paramod$d50c45f171f91e8a1ab05cfc9389403110a01e5a$lut for cells of type $lut.
Using template $paramod$873c285bdccf0ac2b60d2304ea5cd14bf211d2a6$lut for cells of type $lut.
Using template $paramod$ed7c2114137350227a95d36eacb018e373765cc2$lut for cells of type $lut.
Using template $paramod$lut\WIDTH=32'00000000000000000000000000000011\LUT=8'01000000 for cells of type $lut.
Using template $paramod$11ec7271d8e6e5aeaace08c13e4c601f10e31038$lut for cells of type $lut.
Using template $paramod$lut\WIDTH=32'00000000000000000000000000000011\LUT=8'10110011 for cells of type $lut.
Using template $paramod$lut\WIDTH=32'00000000000000000000000000000011\LUT=8'00100011 for cells of type $lut.
Using template $paramod$lut\WIDTH=32'00000000000000000000000000000011\LUT=8'01110000 for cells of type $lut.
Using template $paramod$f8f63b209b7230e81958663ff24fef1613156af7$lut for cells of type $lut.
Using template $paramod$efc60783c939ae41b2f3555af407b17c007b27f8$lut for cells of type $lut.
Using template $paramod$20235ca863361fbc253329cfc7eeea38c77404dc$lut for cells of type $lut.
Using template $paramod$lut\WIDTH=32'00000000000000000000000000000011\LUT=8'01010001 for cells of type $lut.
Using template $paramod$lut\WIDTH=32'00000000000000000000000000000011\LUT=8'10111000 for cells of type $lut.
Using template $paramod$lut\WIDTH=32'00000000000000000000000000000011\LUT=8'11001010 for cells of type $lut.
Using template $paramod$27190b166827ead7a5b229ee873e4b91ee0faf61$lut for cells of type $lut.
Using template $paramod$8b24407096beec47292ddeb1567a058197a320b9$lut for cells of type $lut.
Using template $paramod$lut\WIDTH=32'00000000000000000000000000000011\LUT=8'00010101 for cells of type $lut.
Using template $paramod$lut\WIDTH=32'00000000000000000000000000000011\LUT=8'00110101 for cells of type $lut.
Using template $paramod$lut\WIDTH=32'00000000000000000000000000000011\LUT=8'10001011 for cells of type $lut.
Using template $paramod$47a8214374025465e226fa66bee690ff33268a25$lut for cells of type $lut.
Using template $paramod$fa68a6535d072dce67062e4cc423427f95998bcf$lut for cells of type $lut.
Using template $paramod$lut\WIDTH=32'00000000000000000000000000000010\LUT=4'1011 for cells of type $lut.
Using template $paramod$bba54c1ef87367812b4c15f4aed5ac70773df775$lut for cells of type $lut.
Using template $paramod$018d71a0fe325d6362687fe53ac13dd6340e400d$lut for cells of type $lut.
Using template $paramod$lut\WIDTH=32'00000000000000000000000000000011\LUT=8'00001110 for cells of type $lut.
Using template $paramod$58bd588a49a6a3b9d057d75f907cb4932e1635f6$lut for cells of type $lut.
Using template $paramod$d9f23974f72a3ab437d1a63d2f34fd3483a6f58d$lut for cells of type $lut.
Using template $paramod$6e238df02989b317f10820a22773676e71120644$lut for cells of type $lut.
Using template $paramod$608f40069c27841a5b3bdf03643a34bdc8974072$lut for cells of type $lut.
Using template $paramod$097592bb16245531f0716c5ddb18d7090f9c7d9d$lut for cells of type $lut.
Using template $paramod$82ed25b11a6a11eb861f4dd3d46f5fc9aa1eebaf$lut for cells of type $lut.
Using template $paramod$4541c098116f7292d10d7d30a0922be20fa68a41$lut for cells of type $lut.
Using template $paramod$b4f15f202f50520dbc381cd0880ac94f830f05a8$lut for cells of type $lut.
Using template $paramod$1be3a10aca64bc8b3d140a9dcfb9bac7a6744be9$lut for cells of type $lut.
Using template $paramod$5495d70047b7afdebfe10269789918e4e76d66aa$lut for cells of type $lut.
Using template $paramod$323dbb47a6d14615772fecb6fe7c4bec277e6c6b$lut for cells of type $lut.
Using template $paramod$e5e9da8fed769f971686eed8c5eea50e61f73aaa$lut for cells of type $lut.
Using template $paramod$f5c118b1371bfc24986fe89a9f3e936c05edfbc3$lut for cells of type $lut.
Using template $paramod$lut\WIDTH=32'00000000000000000000000000000011\LUT=8'10111010 for cells of type $lut.
Using template $paramod$f32f5870e077b282d01cea7008da51b9ce3bfb87$lut for cells of type $lut.
Using template $paramod$e0286d7bdebdb6346cb367bb1962e01892ba2e32$lut for cells of type $lut.
Using template $paramod$58685d136f916910674b7cdb559b8c116c3484e1$lut for cells of type $lut.
Using template $paramod$af01034afe1bdbc87587d263805971d96e724ed7$lut for cells of type $lut.
Using template $paramod$lut\WIDTH=32'00000000000000000000000000000011\LUT=8'10100010 for cells of type $lut.
Using template $paramod$179512a187da069f3b79ef6612a41e494e7d54b6$lut for cells of type $lut.
Using template $paramod$lut\WIDTH=32'00000000000000000000000000000011\LUT=8'11110100 for cells of type $lut.
Using template $paramod$c35492cebda5b908d10e5976bd14d50fda8ce5fd$lut for cells of type $lut.
Using template $paramod$6b0849254d6c87461fb93e37cc18f089f61eb912$lut for cells of type $lut.
Using template $paramod$18df3812bc12364e5ebcb6c3ed05c0294e4c26fc$lut for cells of type $lut.
Using template $paramod$lut\WIDTH=32'00000000000000000000000000000011\LUT=8'01001100 for cells of type $lut.
Using template $paramod$lut\WIDTH=32'00000000000000000000000000000011\LUT=8'11000100 for cells of type $lut.
Using template $paramod$b18f60dfd13c21d3e472b89652353f3f5342b450$lut for cells of type $lut.
Using template $paramod$e46703b423a661cd7d311c41833ea655969702cc$lut for cells of type $lut.
Using template $paramod$8f8f3ed0dfbd822273417c0b66ef033f29ee6b95$lut for cells of type $lut.
Using template $paramod$b04f0510561c4bbb703d2e39c6eca682b920366b$lut for cells of type $lut.
Using template $paramod$ab9e2dbf312b614b00e2956932705316bd566a24$lut for cells of type $lut.
Using template $paramod$66658cbed86a8310f9b7ba1190d35eff90ee749b$lut for cells of type $lut.
Using template $paramod$1816ab9d89d34338423e92baed3cee854d70815a$lut for cells of type $lut.
Using template $paramod$daac9b1e7bb2ac018f7132a3fbe0026ddd7b1a71$lut for cells of type $lut.
Using template $paramod$lut\WIDTH=32'00000000000000000000000000000011\LUT=8'00000010 for cells of type $lut.
Using template $paramod$fda6887b37f599177ed9cb69271d882b63df7e66$lut for cells of type $lut.
Using template $paramod$lut\WIDTH=32'00000000000000000000000000000011\LUT=8'00000111 for cells of type $lut.
Using template $paramod$048d747237dc7c0c9b3ac38b28fd102440b9c369$lut for cells of type $lut.
Using template $paramod$3ae9f1cda205b669870c653a21d45eee50078e98$lut for cells of type $lut.
Using template $paramod$lut\WIDTH=32'00000000000000000000000000000011\LUT=8'10101100 for cells of type $lut.
Using template $paramod$lut\WIDTH=32'00000000000000000000000000000011\LUT=8'11110111 for cells of type $lut.
Using template $paramod$933f4f3e373a784da64d137def3625bdd36d1695$lut for cells of type $lut.
Using template $paramod$lut\WIDTH=32'00000000000000000000000000000011\LUT=8'11000101 for cells of type $lut.
Using template $paramod$lut\WIDTH=32'00000000000000000000000000000011\LUT=8'10001010 for cells of type $lut.
Using template $paramod$f5c23b297b0a8ca096118d63d2c74ddd6cbea134$lut for cells of type $lut.
Using template $paramod$a1d323730045824cfc84bb9f4ee8031f1c4dcc9e$lut for cells of type $lut.
Using template $paramod$lut\WIDTH=32'00000000000000000000000000000011\LUT=8'11011000 for cells of type $lut.
Using template $paramod$lut\WIDTH=32'00000000000000000000000000000011\LUT=8'10001101 for cells of type $lut.
Using template $paramod$bdb7f9ed72fd4f5c7ad81c376f2d8a5c72a0098d$lut for cells of type $lut.
Using template $paramod$lut\WIDTH=32'00000000000000000000000000000011\LUT=8'00111010 for cells of type $lut.
Using template $paramod$b68f9800cc1bf69afcfbc0567a25e43ebb01456c$lut for cells of type $lut.
Using template $paramod$26e862e6918c1caa0916e8dba224f80a9e1c845f$lut for cells of type $lut.
Using template $paramod$5dc745bb48e2cf535179547ba13f0fe5364d6d54$lut for cells of type $lut.
Using template $paramod$31114d87be01f977936de4d238d2be8c5bca7194$lut for cells of type $lut.
Using template $paramod$86d1a43c2f1d620ff2cef866448dd1258c868fad$lut for cells of type $lut.
Using template $paramod$58df2c605746858c7e53492c8f57d6f1fafa12d2$lut for cells of type $lut.
Using template $paramod$992bdc10cff2c6edd722994f0e1044bc863f79f7$lut for cells of type $lut.
Using template $paramod$lut\WIDTH=32'00000000000000000000000000000011\LUT=8'11101100 for cells of type $lut.
Using template $paramod$e85b6eba0dacefc5f73f8748159b8b9599212afc$lut for cells of type $lut.
Using template $paramod$lut\WIDTH=32'00000000000000000000000000000011\LUT=8'00101111 for cells of type $lut.
Using template $paramod$38f9bf4dd2329347b8471f0a98443dd323386889$lut for cells of type $lut.
Using template $paramod$feac1814a13647ff95d85e23385825c648d6c2ee$lut for cells of type $lut.
Using template $paramod$b287726797d0722f64e731f1134f7c05af8f1578$lut for cells of type $lut.
Using template $paramod$4658fedcd7ebe2858c93f54b88221dcf68c6bb6c$lut for cells of type $lut.
Using template $paramod$a03ef989f8f4e1878ce2f5c4e0e3d2dfb54307ef$lut for cells of type $lut.
Using template $paramod$lut\WIDTH=32'00000000000000000000000000000011\LUT=8'00111011 for cells of type $lut.
Using template $paramod$3cd7ba4e37ac845a21f7d679f20c35087949289b$lut for cells of type $lut.
Using template $paramod$9a269ffb0efb6ad342cb106a4e0636e23fdfd547$lut for cells of type $lut.
Using template $paramod$bea08a495d16293f8cc454a45845d26cde0762b6$lut for cells of type $lut.
Using template $paramod$1780bd352ec1af971e2f8a4e64b861091a94595b$lut for cells of type $lut.
Using template $paramod$lut\WIDTH=32'00000000000000000000000000000011\LUT=8'00010011 for cells of type $lut.
Using template $paramod$1632c1c0242796acfc963a05742c4acd2f475c4e$lut for cells of type $lut.
Using template $paramod$b009a26b33c3ca109c016cf968a774c0d66687bb$lut for cells of type $lut.
Using template $paramod$8512f4fb47fa9596f76cdbe5b407a5b54df368e7$lut for cells of type $lut.
Using template $paramod$480273aedff341609bb0d70e79d3d629c4101764$lut for cells of type $lut.
Using template $paramod$ba7c22fadfbf9ee7abcb895a21403114111dd201$lut for cells of type $lut.
Using template $paramod$e134ec2a47a2462a591072e65d34fb15b81c90e0$lut for cells of type $lut.
Using template $paramod$66cfa457f3bf0a90e11a4f3cf9336b993db8c18a$lut for cells of type $lut.
Using template $paramod$lut\WIDTH=32'00000000000000000000000000000010\LUT=4'1110 for cells of type $lut.
Using template $paramod$lut\WIDTH=32'00000000000000000000000000000011\LUT=8'01110101 for cells of type $lut.
Using template $paramod$cae45ff85b946d8cfe295bf4feda7db55ee71cea$lut for cells of type $lut.
Using template $paramod$lut\WIDTH=32'00000000000000000000000000000011\LUT=8'01111000 for cells of type $lut.
Using template $paramod$77268019239d7d46332da9cb6aa01cbf3ba29ee3$lut for cells of type $lut.
Using template $paramod$c28a8b7ce0535d090c4cfb52e9c74affd52b110c$lut for cells of type $lut.
Using template $paramod$e51a8a571bee774247b38f52d6e85fd62ae52cea$lut for cells of type $lut.
Using template $paramod$153c6cdaaddbc43e6ef3facd06aa851de33910ae$lut for cells of type $lut.
Using template $paramod$f5ec4e660b100c5c9d09917c60fbef52f2dcb1a7$lut for cells of type $lut.
Using template $paramod$2e7a95e82db1d690ae9ba5d10f68b175fa2cb467$lut for cells of type $lut.
Using template $paramod$lut\WIDTH=32'00000000000000000000000000000010\LUT=4'0111 for cells of type $lut.
Using template $paramod$c8f16510db975553c8b0be1064e8f5234175f8a8$lut for cells of type $lut.
Using template $paramod$ff315d5084ed3c80e34901fe05add0db5feb0b93$lut for cells of type $lut.
Using template $paramod$75d5c453cca75cc7a7ca320c4fb7be0932b6aaa7$lut for cells of type $lut.
Using template $paramod$359fe4e746656bf9c72aecaff84fc7bdea9f55a5$lut for cells of type $lut.
Using template $paramod$lut\WIDTH=32'00000000000000000000000000000011\LUT=8'01101001 for cells of type $lut.
Using template $paramod$2d07c1a6c53c7b878509360922c4fa5ebedc3011$lut for cells of type $lut.
Using template $paramod$891d17c049ef97ffbed57a5d4edf3f9e83d4f776$lut for cells of type $lut.
Using template $paramod$43779580bfffd5d5a9f321249a174febf1dac288$lut for cells of type $lut.
Using template $paramod$lut\WIDTH=32'00000000000000000000000000000011\LUT=8'10101000 for cells of type $lut.
Using template $paramod$9e559a80758d8b47da6bb5b469e853be80516629$lut for cells of type $lut.
Using template $paramod$79432275bae6ba3c8cd1f392a278d15c8c6d8c77$lut for cells of type $lut.
Using template $paramod$lut\WIDTH=32'00000000000000000000000000000011\LUT=8'11111110 for cells of type $lut.
Using template $paramod$b33d93970f22483a5f9c7de8e357c06241c9728e$lut for cells of type $lut.
Using template $paramod$lut\WIDTH=32'00000000000000000000000000000011\LUT=8'00100000 for cells of type $lut.
Using template $paramod$4c062300547baeb0db28d20d7e66bbb462805fa5$lut for cells of type $lut.
Using template $paramod$6375ab94b303a3f3c8d7ca6946328cb3c0b443a7$lut for cells of type $lut.
Using template $paramod$6cf3af45e53e3262a3cbe3667dbe8957fd5e9d12$lut for cells of type $lut.
Using template $paramod$lut\WIDTH=32'00000000000000000000000000000010\LUT=4'1101 for cells of type $lut.
Using template $paramod$5e9374f44a27c3f8a1c38af244ec43ceb4fb8d4f$lut for cells of type $lut.
Using template $paramod$lut\WIDTH=32'00000000000000000000000000000011\LUT=8'11001110 for cells of type $lut.
Using template $paramod$lut\WIDTH=32'00000000000000000000000000000011\LUT=8'10001111 for cells of type $lut.
Using template $paramod$lut\WIDTH=32'00000000000000000000000000000011\LUT=8'00011111 for cells of type $lut.
Using template $paramod$46d981b5eabc08c1691f743d7a017e4435316de4$lut for cells of type $lut.
Using template $paramod$lut\WIDTH=32'00000000000000000000000000000011\LUT=8'00110111 for cells of type $lut.
Using template $paramod$a2fbe7162371720a9cacb366ff4e9708d3a1f291$lut for cells of type $lut.
Using template $paramod$1843b3c15f2447d117e2d5de9b00f791ef5f9fa3$lut for cells of type $lut.
Using template $paramod$b12c06dcea4e94212d81ae51560e40391ac83400$lut for cells of type $lut.
Using template $paramod$lut\WIDTH=32'00000000000000000000000000000011\LUT=8'11101010 for cells of type $lut.
Using template $paramod$lut\WIDTH=32'00000000000000000000000000000011\LUT=8'11011100 for cells of type $lut.
Using template $paramod$9e354de8d358bf081aa0c089488ea3bc5b7c2fd9$lut for cells of type $lut.
Using template $paramod$lut\WIDTH=32'00000000000000000000000000000011\LUT=8'10101110 for cells of type $lut.
Using template $paramod$e84e4a245515000cd6930e0f4535753ed485f71e$lut for cells of type $lut.
Using template $paramod$c9374e4aadca7f30556fc688a64b8e22d24fd5a5$lut for cells of type $lut.
Using template $paramod$4d5682dd6afedfd6df0816b3bca3365bbde91748$lut for cells of type $lut.
Using template $paramod$f58e0d90afc57a738914697b6a4a7319b30d7e7e$lut for cells of type $lut.
Using template $paramod$lut\WIDTH=32'00000000000000000000000000000011\LUT=8'11100010 for cells of type $lut.
Using template $paramod$dc2c6712e2363e0ec4d02acb1b3c7aca5011dab3$lut for cells of type $lut.
Using template $paramod$d76edc10344198fdbbc083cbc9765a888a1f48f2$lut for cells of type $lut.
Using template $paramod$0c5a54c406cdb1ed108583f5d43071050a5e4d5c$lut for cells of type $lut.
Using template $paramod$lut\WIDTH=32'00000000000000000000000000000011\LUT=8'11110010 for cells of type $lut.
Using template $paramod$23da582b86241546eace0c8bedadb42614eea4c1$lut for cells of type $lut.
Using template $paramod$8e44661def013b6bf9fe6f8b049ef2c838d749f9$lut for cells of type $lut.
Using template $paramod$8d6488bf3eded5ffc8423c5b07a7c26381708325$lut for cells of type $lut.
Using template $paramod$e5e0b3ddfad741c9efef28018ea9d09c68de87c3$lut for cells of type $lut.
Using template $paramod$ec6c71d259df49ae0842190ffaff1179e43a8db4$lut for cells of type $lut.
Using template $paramod$lut\WIDTH=32'00000000000000000000000000000011\LUT=8'11001000 for cells of type $lut.
Using template $paramod$f5f41ee5d60dede31a2b59f58ec46b167939d713$lut for cells of type $lut.
Using template $paramod$9264cd5418c36d754331aa206e64072e8dbf89db$lut for cells of type $lut.
Using template $paramod$70a934594406e8042bf2854c778fef542ef3ea5f$lut for cells of type $lut.
Using template $paramod$292bcc9fbb09931f31d28f3f2a496969096984cb$lut for cells of type $lut.
Using template $paramod$e6b62369302e1a57b32042fd2a7836dbed452325$lut for cells of type $lut.
Using template $paramod$f41ad5097d9f0f76cacde91c023873087e38be33$lut for cells of type $lut.
Using template $paramod$53d1295e92eea38a512b9ce693445c7190afdb5d$lut for cells of type $lut.
Using template $paramod$4cab3b31c601551ff65536bf4f533afa0b2094ee$lut for cells of type $lut.
Using template $paramod$lut\WIDTH=32'00000000000000000000000000000011\LUT=8'01010010 for cells of type $lut.
Using template $paramod$e4f8d81c24db5be4d13730546a4ee5ffc8be826a$lut for cells of type $lut.
Using template $paramod$d21d214a5aa271f2d9da3f90f22432c0ecee130f$lut for cells of type $lut.
Using template $paramod$c471af5667a682bd131a5b479e58e470d1b2b7cd$lut for cells of type $lut.
Using template $paramod$lut\WIDTH=32'00000000000000000000000000000011\LUT=8'11100000 for cells of type $lut.
Using template $paramod$lut\WIDTH=32'00000000000000000000000000000011\LUT=8'10111111 for cells of type $lut.
Using template $paramod$498daa9936ffa1c0b12d774cacc95a35d14b818e$lut for cells of type $lut.
Using template $paramod$e0cf532d3d0f888b696f053ed709f92544222805$lut for cells of type $lut.
Using template $paramod$46654478f15cf9dcb3f92426e419e9c9f11a784e$lut for cells of type $lut.
Using template $paramod$4e79aa6839e287ee36e65fa83c13a532a028e9cd$lut for cells of type $lut.
Using template $paramod$f65af1b660a013aeaba9a5dc41e6bdede642e3c3$lut for cells of type $lut.
Using template $paramod$c5f3c57a6d466a2f42208bafb8985b96ce884440$lut for cells of type $lut.
Using template $paramod$32abbd1d449a67fb913b4733374e345d4c17175b$lut for cells of type $lut.
Using template $paramod$1bf62ab10e48d71d6497bccacf5c70420c470fe9$lut for cells of type $lut.
Using template $paramod$a1cfe99817bd6d57a83efd5e1c3fc26a743b692f$lut for cells of type $lut.
Using template $paramod$5321e04f7ce32c091123c3570ab562efb1c81402$lut for cells of type $lut.
Using template $paramod$c217e185eb8e6463ca272982ba8c5940fa90d81f$lut for cells of type $lut.
Using template $paramod$6d23198eb2b8f79a41c7626605a61009695893b1$lut for cells of type $lut.
Using template $paramod$bff60da521de773f8caf46fbc0845c3d7d3e2310$lut for cells of type $lut.
Using template $paramod$70f68cc10fbeada9b6fa90c3bb75475e348ca467$lut for cells of type $lut.
Using template $paramod$lut\WIDTH=32'00000000000000000000000000000011\LUT=8'00001000 for cells of type $lut.
Using template $paramod$8829675bb8c52553aed9f101ec0d5ef0c865e5c7$lut for cells of type $lut.
Using template $paramod$e098d38d00670bf1f66f3fff32b3e8f0f799bc39$lut for cells of type $lut.
Using template $paramod$1bf3509a544426de1daa8b6919ee1df60c7165ec$lut for cells of type $lut.
Using template $paramod$9d1915f40715c7f715525567f7dfd63744c26c4a$lut for cells of type $lut.
Using template $paramod$c11ee6bbb8d9fd9cf391261624c378fb45e86b84$lut for cells of type $lut.
Using template $paramod$0aae27145afd1348566af63c85046495acb0e0d8$lut for cells of type $lut.
Using template $paramod$7f8dcbbcc0931c3398304053d9bb53ce1acb1b1f$lut for cells of type $lut.
Using template $paramod$b80e608920ce9cfa1f5c7d21df7a72954e9b0a70$lut for cells of type $lut.
Using template $paramod$lut\WIDTH=32'00000000000000000000000000000011\LUT=8'11011111 for cells of type $lut.
Using template $paramod$lut\WIDTH=32'00000000000000000000000000000011\LUT=8'00000100 for cells of type $lut.
Using template $paramod$722bfd9af0ae56ca9d1d12a221cb5ede16461f26$lut for cells of type $lut.
Using template $paramod$81d8a60fd95b1a9f9ef71c12a774ae6988cb9fd5$lut for cells of type $lut.
Using template $paramod$b419810ab1d51da1962917a1949cecc5f27935eb$lut for cells of type $lut.
Using template $paramod$05f19d9c2311a3d1ab38ece311a1bb9f96c62043$lut for cells of type $lut.
Using template $paramod$lut\WIDTH=32'00000000000000000000000000000011\LUT=8'00110010 for cells of type $lut.
Using template $paramod$bb4fff1cc3b827238aa40993cafede1c5beecbe3$lut for cells of type $lut.
Using template $paramod$c24ed72ebb67e9ead6029e42e909ef7fc0abbb11$lut for cells of type $lut.
Using template $paramod$66e741791413519a466d4f44240bc83d3a191818$lut for cells of type $lut.
Using template $paramod$lut\WIDTH=32'00000000000000000000000000000011\LUT=8'00110001 for cells of type $lut.
Using template $paramod$77c2a0573790d304ab2299da6d598e8d2e184867$lut for cells of type $lut.
Using template $paramod$b297295e19b03521716155b85537bbe86d6a9ae6$lut for cells of type $lut.
Using template $paramod$lut\WIDTH=32'00000000000000000000000000000011\LUT=8'01000101 for cells of type $lut.
Using template $paramod$18455d4fd1270af2266bf4bb1c44971b2eb6b37a$lut for cells of type $lut.
Using template $paramod$93f74d366819d1f86e5e8b91d159aa6b1cd7e9fb$lut for cells of type $lut.
Using template $paramod$0f52647588235a7349ddd3f3432c9ac1e33ad9e1$lut for cells of type $lut.
Using template $paramod$9ea238b3c4036add2bd96e5aaac8768e1ad77c5a$lut for cells of type $lut.
Using template $paramod$d1032742ec04a96120907f1309e2e941c94de9db$lut for cells of type $lut.
Using template $paramod$lut\WIDTH=32'00000000000000000000000000000011\LUT=8'00000110 for cells of type $lut.
Using template $paramod$lut\WIDTH=32'00000000000000000000000000000011\LUT=8'11111011 for cells of type $lut.
Using template $paramod$bc9180cdfcd49ad6f178d338e90551ccba0f90ae$lut for cells of type $lut.
Using template $paramod$7d3cbfc289ec00e0691f33de08826f2254fca668$lut for cells of type $lut.
Using template $paramod$432f26b811c14bf54c5e87c8670ec65cbcaf38ac$lut for cells of type $lut.
Using template $paramod$d546db88fc169832512e499a9cdf9a41b89ab74e$lut for cells of type $lut.
Using template $paramod$a50be0e6fa3a01511bb234559cb74fb8bd3e2061$lut for cells of type $lut.
Using template $paramod$f3b603d1450c2c61ce732232fcb5fe1f2884aa83$lut for cells of type $lut.
Using template $paramod$b431bfd938e35871dd0b7668e1503c7e8b9d491c$lut for cells of type $lut.
Using template $paramod$176a6ceafa512d807921d7dfc76320dfbbfb5fe4$lut for cells of type $lut.
Using template $paramod$5d16e795d6c582b27c818459b159f81a7f4525c4$lut for cells of type $lut.
Using template $paramod$23c406d3302544ed79a645df17e697e360ff2a8d$lut for cells of type $lut.
Using template $paramod$lut\WIDTH=32'00000000000000000000000000000011\LUT=8'11101111 for cells of type $lut.
Using template $paramod$lut\WIDTH=32'00000000000000000000000000000011\LUT=8'00100111 for cells of type $lut.
Using template $paramod$3eb8805ccd6f91bad96dcbf190c2fb4f72f4634f$lut for cells of type $lut.
Using template $paramod$965f8f2fa1a796a6c51222eabb50fbd26e97d98b$lut for cells of type $lut.
Using template $paramod$2902eb8ec3ca272968b5d8a7010e48f85069ed0f$lut for cells of type $lut.
Using template $paramod$5552b23a89809fed2b1588e8f91bb3893be2e6ce$lut for cells of type $lut.
Using template $paramod$lut\WIDTH=32'00000000000000000000000000000011\LUT=8'10001100 for cells of type $lut.
Using template $paramod$lut\WIDTH=32'00000000000000000000000000000011\LUT=8'01001111 for cells of type $lut.
Using template $paramod$e484b1e0bd351ba5af34f5fd66a8e850cc5b8335$lut for cells of type $lut.
Using template $paramod$e2f682077d75dd018226341dd2d7343aa220f0c8$lut for cells of type $lut.
Using template $paramod$8384e66d408d22ab39dfb451efb7879731befeb8$lut for cells of type $lut.
Using template $paramod$lut\WIDTH=32'00000000000000000000000000000011\LUT=8'10110000 for cells of type $lut.
Using template $paramod$9a79c3432028e5f1d7c480c0b9d7b4837eb2bc95$lut for cells of type $lut.
Using template $paramod$92c3899764cd8074859d6a5a5b733cffe8a391b3$lut for cells of type $lut.
Using template $paramod$ba7b4568c306470a7f204c239212739869e234a1$lut for cells of type $lut.
Using template $paramod$2d52a1d6cf603c98ba7b908cd4e344a0536dbeca$lut for cells of type $lut.
Using template $paramod$9dd298ae76fb41ac94779a83c068607fbc09ce4f$lut for cells of type $lut.
Using template $paramod$7aa8140c7d6de3160b21e7ff84e0f93f69f7fcc6$lut for cells of type $lut.
Using template $paramod$aa87f4b44361d4073f55a64babebb83974861eee$lut for cells of type $lut.
Using template $paramod$2ea69c779d6c1b79ac5a87b0d1523c67d5628dba$lut for cells of type $lut.
Using template $paramod$54e89055655d38747956575ce9272fcf82ea7df3$lut for cells of type $lut.
Using template $paramod$7798ae5999ac09d10a035fef0208a8c02aa8e843$lut for cells of type $lut.
Using template $paramod$ff449a2edf0f2191204ad4ea2ec69b2ed1cf80d7$lut for cells of type $lut.
Using template $paramod$86a2012952f04cefa72e370aab0057e92dde5981$lut for cells of type $lut.
Using template $paramod$755dd8c6b516dae2c0a5f17dc582057c265a4793$lut for cells of type $lut.
Using template $paramod$2f57315134b6f779e7694c56dbd550e8a01a83b3$lut for cells of type $lut.
Using template $paramod$6d914a6a8dc54f49b4a7dcfda1d0ca3ca27f308e$lut for cells of type $lut.
Using template $paramod$675de7bc26f5fd6e313b49472a6d2b01e32ece41$lut for cells of type $lut.
Using template $paramod$386cf08f680cb3ab0ba2805866085278828ff264$lut for cells of type $lut.
Using template $paramod$4b4b0d164889d1f0429c06b8785349a50e11c667$lut for cells of type $lut.
Using template $paramod$326c2fc283a7360e9e01c763660cc5ca90f79ca6$lut for cells of type $lut.
Using template $paramod$960b4271c8042b88f5852a4a391568b02eee5e34$lut for cells of type $lut.
Using template $paramod$b2a3e83d3d676c54f393090154e32935aea147d1$lut for cells of type $lut.
Using template $paramod$ca909b188bb85718c979e1dc126edd8092b431b1$lut for cells of type $lut.
Using template $paramod$9f1c552f96b6e6f007b69c5b267b2c79c16f4e58$lut for cells of type $lut.
Using template $paramod$6b7c9c56fc2a32a479d463d5f3b0d3f4673b67f1$lut for cells of type $lut.
Using template $paramod$211e8382dad75ccbcbc33c4234d03a77d9ed74f1$lut for cells of type $lut.
Using template $paramod$cd6c4b4da6d8737b72fd2dc8f5d83d8967445809$lut for cells of type $lut.
Using template $paramod$f258f431a7c2fc52205873e71cd6683fdc689824$lut for cells of type $lut.
Using template $paramod$94ac66a11090dca84889e55fcf03297912a5b7ec$lut for cells of type $lut.
Using template $paramod$lut\WIDTH=32'00000000000000000000000000000011\LUT=8'01101100 for cells of type $lut.
Using template $paramod$lut\WIDTH=32'00000000000000000000000000000011\LUT=8'01100000 for cells of type $lut.
Using template $paramod$dc8eb389b2fc3ec6a78d93ff9b548b7fd27b6950$lut for cells of type $lut.
Using template $paramod$f5c5b56521a6811444a94cf8aec11258bf0a108d$lut for cells of type $lut.
Using template $paramod$119af179f96b7067b572b52aeabad7e5df7062b8$lut for cells of type $lut.
Using template $paramod$64669a7e87c28e39425dffff48145545533b4971$lut for cells of type $lut.
Using template $paramod$ab8bb87959c5d7cfa27886cee1355b38e054a61a$lut for cells of type $lut.
Using template $paramod$b93d1ea7a612a32c185108f67a153d44ffb9aac2$lut for cells of type $lut.
Using template $paramod$5c32c59025c0b98f20e63f249d83e7ebb4b085e3$lut for cells of type $lut.
Using template $paramod$82b4a585d1edcb5c6e755dc9bd3392228a1c1304$lut for cells of type $lut.
Using template $paramod$3702268f692b8bf258e428f65d3bca4e1f76d98b$lut for cells of type $lut.
Using template $paramod$39b0d201a18bed5573a88835da3f39d40814d360$lut for cells of type $lut.
Using template $paramod$1b53a9695a0f80de7517b50863b438fd2b7f56da$lut for cells of type $lut.
Using template $paramod$aab54572d5ffecd31253b36e73e9cb718d05be34$lut for cells of type $lut.
Using template $paramod$59f2a3e232df3029c8bc36978b9bbe72a71dfb5a$lut for cells of type $lut.
Using template $paramod$lut\WIDTH=32'00000000000000000000000000000011\LUT=8'00101110 for cells of type $lut.
Using template $paramod$f610396a8c1614f373f4d73e3d1e988bc93e396c$lut for cells of type $lut.
Using template $paramod$2955ab75367a3dc9d6f50d3655eebcd4f615031f$lut for cells of type $lut.
Using template $paramod$lut\WIDTH=32'00000000000000000000000000000011\LUT=8'01010011 for cells of type $lut.
Using template $paramod$779a912c2e61b008e2ba6da235f91f694eb7e6d7$lut for cells of type $lut.
Using template $paramod$6ffaa13445c33f3193b27ae6b9f5de8e6953d01b$lut for cells of type $lut.
Using template $paramod$3f6d9d99ea7ef3b700f056470f3d63fc0240b099$lut for cells of type $lut.
Using template $paramod$6c51c1ba6c39f0c09b896d52432b366f116bd3c1$lut for cells of type $lut.
Using template $paramod$800ad51c173ef1531dc8c2197ac409be85e8cb0a$lut for cells of type $lut.
Using template $paramod$9493214fe8bc3f1878c04531dcecabb93d5e0ce9$lut for cells of type $lut.
Using template $paramod$8421d67b4592f5973a204c164f3f3f4895f656d7$lut for cells of type $lut.
Using template $paramod$0331e023d83b8009e60defb446ce9fa640b122c7$lut for cells of type $lut.
Using template $paramod$4445c741ca5d68a4a8086ae73dcb887b64ba6fd6$lut for cells of type $lut.
Using template $paramod$c50bf79556f7c35c37bbd3d892f752a0609f21ca$lut for cells of type $lut.
Using template $paramod$lut\WIDTH=32'00000000000000000000000000000011\LUT=8'00101010 for cells of type $lut.
No more expansions possible.
<suppressed ~8240 debug messages>
Removed 0 unused cells and 7982 unused wires.

7.53. Executing AUTONAME pass.
Renamed 9246 objects in module icebreaker (1130 iterations).
<suppressed ~9246 debug messages>

7.54. Executing HIERARCHY pass (managing design hierarchy).
Attribute `top' found on module `icebreaker'. Setting top module to icebreaker.

7.54.1. Analyzing design hierarchy..
Top module:  \icebreaker

7.54.2. Analyzing design hierarchy..
Top module:  \icebreaker
Removed 0 unused modules.

7.55. Printing statistics.

=== icebreaker ===

        +----------Local Count, excluding submodules.
        | 
     3885 wires
    10914 wire bits
     3885 public wires
    10914 public wire bits
       24 ports
       24 port bits
       32 cells
       12   $scopeinfo
        4   SB_IO
        4   SB_MAC16
        8   SB_RAM40_4K
        4   SB_SPRAM256KA
     5736 submodules
      805   SB_CARRY
      242   SB_DFF
      436   SB_DFFE
      359   SB_DFFESR
       75   SB_DFFESS
        4   SB_DFFN
      267   SB_DFFSR
        4   SB_DFFSS
     3544   SB_LUT4

=== design hierarchy ===

        +----------Count including submodules.
        | 
       32 icebreaker

        +----------Count including submodules.
        | 
     3885 wires
    10914 wire bits
     3885 public wires
    10914 public wire bits
       24 ports
       24 port bits
        - memories
        - memory bits
        - processes
       32 cells
       12   $scopeinfo
        4   SB_IO
        4   SB_MAC16
        8   SB_RAM40_4K
        4   SB_SPRAM256KA
     5736 submodules
      805   SB_CARRY
      242   SB_DFF
      436   SB_DFFE
      359   SB_DFFESR
       75   SB_DFFESS
        4   SB_DFFN
      267   SB_DFFSR
        4   SB_DFFSS
     3544   SB_LUT4

7.56. Executing CHECK pass (checking for obvious problems).
Checking module icebreaker...
Found and reported 0 problems.

7.57. Executing JSON backend.

End of script. Logfile hash: affeef1762, CPU: user 7.58s system 0.10s, MEM: 383.36 MB peak
Yosys 0.63+97 (git sha1 1111a401f, clang++ 18.1.8 -fPIC -O3)
Time spent: 26% 1x autoname (2 sec), 21% 1x abc9_exe (2 sec), ...
