
 /----------------------------------------------------------------------------\
 |  yosys -- Yosys Open SYnthesis Suite                                       |
 |  Copyright (C) 2012 - 2026  Claire Xenia Wolf <claire@yosyshq.com>         |
 |  Distributed under an ISC-like license, type "license" to see terms        |
 \----------------------------------------------------------------------------/
 Yosys 0.63+97 (git sha1 1111a401f, clang++ 18.1.8 -fPIC -O3)

-- Parsing `icebreaker.v' using frontend ` -vlog2k' --

1. Executing Verilog-2005 frontend: icebreaker.v
Parsing Verilog input from `icebreaker.v' to AST representation.
Storing AST representation for module `$abstract\icebreaker'.
Storing AST representation for module `$abstract\seven_seg_ctrl'.
Storing AST representation for module `$abstract\seven_seg_hex'.
Successfully finished Verilog frontend.

-- Parsing `ice40up5k_spram.v' using frontend ` -vlog2k' --

2. Executing Verilog-2005 frontend: ice40up5k_spram.v
Parsing Verilog input from `ice40up5k_spram.v' to AST representation.
Storing AST representation for module `$abstract\ice40up5k_spram'.
Successfully finished Verilog frontend.

-- Parsing `spimemio.v' using frontend ` -vlog2k' --

3. Executing Verilog-2005 frontend: spimemio.v
Parsing Verilog input from `spimemio.v' to AST representation.
Storing AST representation for module `$abstract\spimemio'.
Storing AST representation for module `$abstract\spimemio_xfer'.
Successfully finished Verilog frontend.

-- Parsing `simpleuart.v' using frontend ` -vlog2k' --

4. Executing Verilog-2005 frontend: simpleuart.v
Parsing Verilog input from `simpleuart.v' to AST representation.
Storing AST representation for module `$abstract\simpleuart'.
Successfully finished Verilog frontend.

-- Parsing `picosoc.v' using frontend ` -vlog2k' --

5. Executing Verilog-2005 frontend: picosoc.v
Parsing Verilog input from `picosoc.v' to AST representation.
Storing AST representation for module `$abstract\picosoc'.
Storing AST representation for module `$abstract\spimem_cache_forward'.
Storing AST representation for module `$abstract\spimem_cache_direct_mapped'.
Storing AST representation for module `$abstract\picosoc_regs'.
Storing AST representation for module `$abstract\picosoc_mem'.
Successfully finished Verilog frontend.

-- Parsing `../picorv32.v' using frontend ` -vlog2k' --

6. Executing Verilog-2005 frontend: ../picorv32.v
Parsing Verilog input from `../picorv32.v' to AST representation.
Storing AST representation for module `$abstract\picorv32'.
Storing AST representation for module `$abstract\picorv32_regs'.
Storing AST representation for module `$abstract\picorv32_pcpi_mul'.
Storing AST representation for module `$abstract\picorv32_pcpi_fast_mul'.
Storing AST representation for module `$abstract\picorv32_pcpi_div'.
Storing AST representation for module `$abstract\picorv32_axi'.
Storing AST representation for module `$abstract\picorv32_axi_adapter'.
Storing AST representation for module `$abstract\picorv32_wb'.
Successfully finished Verilog frontend.

-- Running command `synth_ice40 -dsp -top icebreaker -json icebreaker.json' --

7. Executing SYNTH_ICE40 pass.

7.1. Executing Verilog-2005 frontend: /homes/cl2033/oss-cad-suite/lib/../share/yosys/ice40/cells_sim.v
Parsing Verilog input from `/homes/cl2033/oss-cad-suite/lib/../share/yosys/ice40/cells_sim.v' to AST representation.
Generating RTLIL representation for module `\SB_IO'.
Generating RTLIL representation for module `\SB_GB_IO'.
Generating RTLIL representation for module `\SB_GB'.
Generating RTLIL representation for module `\SB_LUT4'.
Generating RTLIL representation for module `\SB_CARRY'.
Generating RTLIL representation for module `\SB_DFF'.
Generating RTLIL representation for module `\SB_DFFE'.
Generating RTLIL representation for module `\SB_DFFSR'.
Generating RTLIL representation for module `\SB_DFFR'.
Generating RTLIL representation for module `\SB_DFFSS'.
Generating RTLIL representation for module `\SB_DFFS'.
Generating RTLIL representation for module `\SB_DFFESR'.
Generating RTLIL representation for module `\SB_DFFER'.
Generating RTLIL representation for module `\SB_DFFESS'.
Generating RTLIL representation for module `\SB_DFFES'.
Generating RTLIL representation for module `\SB_DFFN'.
Generating RTLIL representation for module `\SB_DFFNE'.
Generating RTLIL representation for module `\SB_DFFNSR'.
Generating RTLIL representation for module `\SB_DFFNR'.
Generating RTLIL representation for module `\SB_DFFNSS'.
Generating RTLIL representation for module `\SB_DFFNS'.
Generating RTLIL representation for module `\SB_DFFNESR'.
Generating RTLIL representation for module `\SB_DFFNER'.
Generating RTLIL representation for module `\SB_DFFNESS'.
Generating RTLIL representation for module `\SB_DFFNES'.
Generating RTLIL representation for module `\SB_RAM40_4K'.
Generating RTLIL representation for module `\SB_RAM40_4KNR'.
Generating RTLIL representation for module `\SB_RAM40_4KNW'.
Generating RTLIL representation for module `\SB_RAM40_4KNRNW'.
Generating RTLIL representation for module `\ICESTORM_LC'.
Generating RTLIL representation for module `\SB_PLL40_CORE'.
Generating RTLIL representation for module `\SB_PLL40_PAD'.
Generating RTLIL representation for module `\SB_PLL40_2_PAD'.
Generating RTLIL representation for module `\SB_PLL40_2F_CORE'.
Generating RTLIL representation for module `\SB_PLL40_2F_PAD'.
Generating RTLIL representation for module `\SB_WARMBOOT'.
Generating RTLIL representation for module `\SB_SPRAM256KA'.
Generating RTLIL representation for module `\SB_HFOSC'.
Generating RTLIL representation for module `\SB_LFOSC'.
Generating RTLIL representation for module `\SB_RGBA_DRV'.
Generating RTLIL representation for module `\SB_LED_DRV_CUR'.
Generating RTLIL representation for module `\SB_RGB_DRV'.
Generating RTLIL representation for module `\SB_I2C'.
Generating RTLIL representation for module `\SB_SPI'.
Generating RTLIL representation for module `\SB_LEDDA_IP'.
Generating RTLIL representation for module `\SB_FILTER_50NS'.
Generating RTLIL representation for module `\SB_IO_I3C'.
Generating RTLIL representation for module `\SB_IO_OD'.
Generating RTLIL representation for module `\SB_MAC16'.
Generating RTLIL representation for module `\ICESTORM_RAM'.
Successfully finished Verilog frontend.

7.2. Executing HIERARCHY pass (managing design hierarchy).

7.3. Executing AST frontend in derive mode using pre-parsed AST for module `\icebreaker'.
Generating RTLIL representation for module `\icebreaker'.

7.3.1. Analyzing design hierarchy..
Top module:  \icebreaker
Parameter \BARREL_SHIFTER = 0
Parameter \ENABLE_MUL = 0
Parameter \ENABLE_DIV = 0
Parameter \ENABLE_FAST_MUL = 1
Parameter \MEM_WORDS = 32768

7.3.2. Executing AST frontend in derive mode using pre-parsed AST for module `\picosoc'.
Parameter \BARREL_SHIFTER = 0
Parameter \ENABLE_MUL = 0
Parameter \ENABLE_DIV = 0
Parameter \ENABLE_FAST_MUL = 1
Parameter \MEM_WORDS = 32768
Generating RTLIL representation for module `$paramod$f03d4e23a3a44173f9a2edec4a46578428035902\picosoc'.

7.3.3. Executing AST frontend in derive mode using pre-parsed AST for module `\seven_seg_ctrl'.
Generating RTLIL representation for module `\seven_seg_ctrl'.

7.3.4. Analyzing design hierarchy..
Top module:  \icebreaker
Used module:     $paramod$f03d4e23a3a44173f9a2edec4a46578428035902\picosoc
Used module:     \seven_seg_ctrl

7.3.5. Executing AST frontend in derive mode using pre-parsed AST for module `\seven_seg_hex'.
Generating RTLIL representation for module `\seven_seg_hex'.
Parameter \WORDS = 32768

7.3.6. Executing AST frontend in derive mode using pre-parsed AST for module `\ice40up5k_spram'.
Parameter \WORDS = 32768
Generating RTLIL representation for module `$paramod\ice40up5k_spram\WORDS=s32'00000000000000001000000000000000'.

7.3.7. Executing AST frontend in derive mode using pre-parsed AST for module `\simpleuart'.
Generating RTLIL representation for module `\simpleuart'.

7.3.8. Executing AST frontend in derive mode using pre-parsed AST for module `\spimemio'.
Generating RTLIL representation for module `\spimemio'.

7.3.9. Executing AST frontend in derive mode using pre-parsed AST for module `\spimem_cache_direct_mapped'.
Generating RTLIL representation for module `\spimem_cache_direct_mapped'.
Parameter \ENABLE_COUNTERS = 1'1
Parameter \BARREL_SHIFTER = 1'0
Parameter \COMPRESSED_ISA = 1'0
Parameter \ENABLE_MUL = 1'0
Parameter \ENABLE_FAST_MUL = 1'1
Parameter \ENABLE_DIV = 1'0
Parameter \ENABLE_IRQ = 1
Parameter \ENABLE_IRQ_QREGS = 1'0
Parameter \PROGADDR_RESET = 1048576
Parameter \PROGADDR_IRQ = 0
Parameter \STACKADDR = 131072

7.3.10. Executing AST frontend in derive mode using pre-parsed AST for module `\picorv32'.
Parameter \ENABLE_COUNTERS = 1'1
Parameter \BARREL_SHIFTER = 1'0
Parameter \COMPRESSED_ISA = 1'0
Parameter \ENABLE_MUL = 1'0
Parameter \ENABLE_FAST_MUL = 1'1
Parameter \ENABLE_DIV = 1'0
Parameter \ENABLE_IRQ = 1
Parameter \ENABLE_IRQ_QREGS = 1'0
Parameter \PROGADDR_RESET = 1048576
Parameter \PROGADDR_IRQ = 0
Parameter \STACKADDR = 131072
Generating RTLIL representation for module `$paramod$d10354c6a96dde45072006c7ddf03c042761ad93\picorv32'.

7.3.11. Analyzing design hierarchy..
Top module:  \icebreaker
Used module:     $paramod$f03d4e23a3a44173f9a2edec4a46578428035902\picosoc
Used module:         $paramod\ice40up5k_spram\WORDS=s32'00000000000000001000000000000000
Used module:         \simpleuart
Used module:         \spimemio
Used module:         \spimem_cache_direct_mapped
Used module:         $paramod$d10354c6a96dde45072006c7ddf03c042761ad93\picorv32
Used module:     \seven_seg_ctrl
Used module:         \seven_seg_hex

7.3.12. Executing AST frontend in derive mode using pre-parsed AST for module `\spimemio_xfer'.
Generating RTLIL representation for module `\spimemio_xfer'.

7.3.13. Executing AST frontend in derive mode using pre-parsed AST for module `\picorv32_pcpi_fast_mul'.
Generating RTLIL representation for module `\picorv32_pcpi_fast_mul'.

7.3.14. Executing AST frontend in derive mode using pre-parsed AST for module `\picosoc_regs'.
Generating RTLIL representation for module `\picosoc_regs'.

7.3.15. Analyzing design hierarchy..
Top module:  \icebreaker
Used module:     $paramod$f03d4e23a3a44173f9a2edec4a46578428035902\picosoc
Used module:         $paramod\ice40up5k_spram\WORDS=s32'00000000000000001000000000000000
Used module:         \simpleuart
Used module:         \spimemio
Used module:             \spimemio_xfer
Used module:         \spimem_cache_direct_mapped
Used module:         $paramod$d10354c6a96dde45072006c7ddf03c042761ad93\picorv32
Used module:             \picorv32_pcpi_fast_mul
Used module:             \picosoc_regs
Used module:     \seven_seg_ctrl
Used module:         \seven_seg_hex

7.3.16. Analyzing design hierarchy..
Top module:  \icebreaker
Used module:     $paramod$f03d4e23a3a44173f9a2edec4a46578428035902\picosoc
Used module:         $paramod\ice40up5k_spram\WORDS=s32'00000000000000001000000000000000
Used module:         \simpleuart
Used module:         \spimemio
Used module:             \spimemio_xfer
Used module:         \spimem_cache_direct_mapped
Used module:         $paramod$d10354c6a96dde45072006c7ddf03c042761ad93\picorv32
Used module:             \picorv32_pcpi_fast_mul
Used module:             \picosoc_regs
Used module:     \seven_seg_ctrl
Used module:         \seven_seg_hex
Removing unused module `$abstract\picorv32_wb'.
Removing unused module `$abstract\picorv32_axi_adapter'.
Removing unused module `$abstract\picorv32_axi'.
Removing unused module `$abstract\picorv32_pcpi_div'.
Removing unused module `$abstract\picorv32_pcpi_fast_mul'.
Removing unused module `$abstract\picorv32_pcpi_mul'.
Removing unused module `$abstract\picorv32_regs'.
Removing unused module `$abstract\picorv32'.
Removing unused module `$abstract\picosoc_mem'.
Removing unused module `$abstract\picosoc_regs'.
Removing unused module `$abstract\spimem_cache_direct_mapped'.
Removing unused module `$abstract\spimem_cache_forward'.
Removing unused module `$abstract\picosoc'.
Removing unused module `$abstract\simpleuart'.
Removing unused module `$abstract\spimemio_xfer'.
Removing unused module `$abstract\spimemio'.
Removing unused module `$abstract\ice40up5k_spram'.
Removing unused module `$abstract\seven_seg_hex'.
Removing unused module `$abstract\seven_seg_ctrl'.
Removing unused module `$abstract\icebreaker'.
Removed 20 unused modules.

7.4. Executing PROC pass (convert processes to netlists).

7.4.1. Executing PROC_CLEAN pass (remove empty switches from decision trees).
Found and cleaned up 16 empty switches in `$paramod$d10354c6a96dde45072006c7ddf03c042761ad93\picorv32.$proc$../picorv32.v:1402$1485'.
Found and cleaned up 1 empty switch in `$paramod$d10354c6a96dde45072006c7ddf03c042761ad93\picorv32.$proc$../picorv32.v:1387$1471'.
Found and cleaned up 6 empty switches in `$paramod$d10354c6a96dde45072006c7ddf03c042761ad93\picorv32.$proc$../picorv32.v:546$1114'.
Removing empty process `$paramod$d10354c6a96dde45072006c7ddf03c042761ad93\picorv32.$proc$../picorv32.v:546$1114'.
Cleaned up 23 empty switches.

7.4.2. Executing PROC_RMDEAD pass (remove dead branches from decision trees).
Marked 1 switch rules as full_case in process $proc$picosoc.v:411$1748 in module picosoc_regs.
Marked 3 switch rules as full_case in process $proc$../picorv32.v:2378$1741 in module picorv32_pcpi_fast_mul.
Marked 2 switch rules as full_case in process $proc$../picorv32.v:2348$1734 in module picorv32_pcpi_fast_mul.
Marked 2 switch rules as full_case in process $proc$spimemio.v:535$1710 in module spimemio_xfer.
Marked 5 switch rules as full_case in process $proc$spimemio.v:447$1686 in module spimemio_xfer.
Marked 41 switch rules as full_case in process $proc$../picorv32.v:1402$1485 in module $paramod$d10354c6a96dde45072006c7ddf03c042761ad93\picorv32.
Marked 2 switch rules as full_case in process $proc$../picorv32.v:1309$1457 in module $paramod$d10354c6a96dde45072006c7ddf03c042761ad93\picorv32.
Marked 2 switch rules as full_case in process $proc$../picorv32.v:1295$1452 in module $paramod$d10354c6a96dde45072006c7ddf03c042761ad93\picorv32.
Marked 8 switch rules as full_case in process $proc$../picorv32.v:1186$1417 in module $paramod$d10354c6a96dde45072006c7ddf03c042761ad93\picorv32.
Marked 3 switch rules as full_case in process $proc$../picorv32.v:858$1154 in module $paramod$d10354c6a96dde45072006c7ddf03c042761ad93\picorv32.
Marked 3 switch rules as full_case in process $proc$../picorv32.v:809$1152 in module $paramod$d10354c6a96dde45072006c7ddf03c042761ad93\picorv32.
Marked 2 switch rules as full_case in process $proc$../picorv32.v:778$1148 in module $paramod$d10354c6a96dde45072006c7ddf03c042761ad93\picorv32.
Marked 48 switch rules as full_case in process $proc$../picorv32.v:701$1147 in module $paramod$d10354c6a96dde45072006c7ddf03c042761ad93\picorv32.
Marked 4 switch rules as full_case in process $proc$../picorv32.v:565$1123 in module $paramod$d10354c6a96dde45072006c7ddf03c042761ad93\picorv32.
Marked 1 switch rules as full_case in process $proc$../picorv32.v:430$1085 in module $paramod$d10354c6a96dde45072006c7ddf03c042761ad93\picorv32.
Removed 2 dead cases from process $proc$../picorv32.v:401$1082 in module $paramod$d10354c6a96dde45072006c7ddf03c042761ad93\picorv32.
Marked 2 switch rules as full_case in process $proc$../picorv32.v:401$1082 in module $paramod$d10354c6a96dde45072006c7ddf03c042761ad93\picorv32.
Marked 1 switch rules as full_case in process $proc$../picorv32.v:390$1077 in module $paramod$d10354c6a96dde45072006c7ddf03c042761ad93\picorv32.
Marked 1 switch rules as full_case in process $proc$../picorv32.v:325$1003 in module $paramod$d10354c6a96dde45072006c7ddf03c042761ad93\picorv32.
Marked 4 switch rules as full_case in process $proc$picosoc.v:362$690 in module spimem_cache_direct_mapped.
Marked 3 switch rules as full_case in process $proc$spimemio.v:207$527 in module spimemio.
Marked 1 switch rules as full_case in process $proc$spimemio.v:99$505 in module spimemio.
Marked 3 switch rules as full_case in process $proc$simpleuart.v:109$485 in module simpleuart.
Marked 2 switch rules as full_case in process $proc$simpleuart.v:66$476 in module simpleuart.
Marked 1 switch rules as full_case in process $proc$simpleuart.v:55$474 in module simpleuart.
Removed 1 dead cases from process $proc$icebreaker.v:218$463 in module seven_seg_hex.
Marked 1 switch rules as full_case in process $proc$icebreaker.v:218$463 in module seven_seg_hex.
Marked 1 switch rules as full_case in process $proc$icebreaker.v:196$454 in module seven_seg_ctrl.
Marked 1 switch rules as full_case in process $proc$icebreaker.v:108$390 in module icebreaker.
Removed a total of 3 dead cases.

7.4.3. Executing PROC_PRUNE pass (remove redundant assignments in processes).
Removed 9 redundant assignments.
Promoted 238 assignments to connections.

7.4.4. Executing PROC_INIT pass (extract init attributes).
Found init rule in `\seven_seg_ctrl.$proc$icebreaker.v:194$462'.
  Set init value: \msb_not_lsb = 1'0
Found init rule in `\seven_seg_ctrl.$proc$icebreaker.v:193$461'.
  Set init value: \clkdiv_pulse = 1'0
Found init rule in `\seven_seg_ctrl.$proc$icebreaker.v:192$460'.
  Set init value: \clkdiv = 10'0000000000
Found init rule in `\icebreaker.$proc$icebreaker.v:52$396'.
  Set init value: \reset_cnt = 6'000000

7.4.5. Executing PROC_ARST pass (detect async resets in processes).

7.4.6. Executing PROC_ROM pass (convert switches to ROMs).
Converted 1 switch.
<suppressed ~274 debug messages>

7.4.7. Executing PROC_MUX pass (convert decision trees to multiplexers).
Creating decoders for process `\picosoc_regs.$proc$picosoc.v:411$1748'.
     1/3: $1$memwr$\regs$picosoc.v:412$1747_EN[31:0]$1754
     2/3: $1$memwr$\regs$picosoc.v:412$1747_DATA[31:0]$1753
     3/3: $1$memwr$\regs$picosoc.v:412$1747_ADDR[4:0]$1752
Creating decoders for process `\picorv32_pcpi_fast_mul.$proc$../picorv32.v:2378$1741'.
     1/4: $0\active[3:0] [3:1]
     2/4: $0\active[3:0] [0]
     3/4: $0\rs2[32:0]
     4/4: $0\rs1[32:0]
Creating decoders for process `\picorv32_pcpi_fast_mul.$proc$../picorv32.v:2364$1736'.
     1/4: $0\rd_q[63:0]
     2/4: $0\rd[63:0]
     3/4: $0\rs2_q[32:0]
     4/4: $0\rs1_q[32:0]
Creating decoders for process `\picorv32_pcpi_fast_mul.$proc$../picorv32.v:2348$1734'.
     1/8: $2\instr_mul[0:0]
     2/8: $2\instr_mulhu[0:0]
     3/8: $2\instr_mulhsu[0:0]
     4/8: $2\instr_mulh[0:0]
     5/8: $1\instr_mulhu[0:0]
     6/8: $1\instr_mulhsu[0:0]
     7/8: $1\instr_mulh[0:0]
     8/8: $1\instr_mul[0:0]
Creating decoders for process `\spimemio_xfer.$proc$spimemio.v:535$1710'.
     1/14: $0\last_fetch[0:0]
     2/14: $0\fetch[0:0]
     3/14: $0\xfer_tag[3:0]
     4/14: $0\xfer_rd[0:0]
     5/14: $0\xfer_qspi[0:0]
     6/14: $0\xfer_cont[0:0]
     7/14: $0\dummy_count[3:0]
     8/14: $0\count[3:0]
     9/14: $0\ibuffer[7:0]
    10/14: $0\obuffer[7:0]
    11/14: $0\xfer_ddr[0:0]
    12/14: $0\xfer_dspi[0:0]
    13/14: $0\flash_clk[0:0]
    14/14: $0\flash_csb[0:0]
Creating decoders for process `\spimemio_xfer.$proc$spimemio.v:447$1686'.
     1/33: $5\next_count[3:0]
     2/33: $5\next_obuffer[7:0]
     3/33: $5\next_ibuffer[7:0]
     4/33: $4\next_count[3:0]
     5/33: $4\next_obuffer[7:0]
     6/33: $4\next_ibuffer[7:0]
     7/33: $3\next_count[3:0]
     8/33: $3\next_obuffer[7:0]
     9/33: $3\next_ibuffer[7:0]
    10/33: $2\next_fetch[0:0]
    11/33: $2\next_count[3:0]
    12/33: $2\next_ibuffer[7:0]
    13/33: $2\next_obuffer[7:0]
    14/33: $2\flash_io0_do[0:0]
    15/33: $2\flash_io0_oe[0:0]
    16/33: $2\flash_io3_do[0:0]
    17/33: $2\flash_io3_oe[0:0]
    18/33: $2\flash_io2_do[0:0]
    19/33: $2\flash_io2_oe[0:0]
    20/33: $2\flash_io1_do[0:0]
    21/33: $2\flash_io1_oe[0:0]
    22/33: $1\next_fetch[0:0]
    23/33: $1\next_count[3:0]
    24/33: $1\next_ibuffer[7:0]
    25/33: $1\next_obuffer[7:0]
    26/33: $1\flash_io3_do[0:0]
    27/33: $1\flash_io3_oe[0:0]
    28/33: $1\flash_io2_do[0:0]
    29/33: $1\flash_io2_oe[0:0]
    30/33: $1\flash_io1_do[0:0]
    31/33: $1\flash_io1_oe[0:0]
    32/33: $1\flash_io0_do[0:0]
    33/33: $1\flash_io0_oe[0:0]
Creating decoders for process `\spimemio_xfer.$proc$spimemio.v:436$1677'.
Creating decoders for process `$paramod$d10354c6a96dde45072006c7ddf03c042761ad93\picorv32.$proc$../picorv32.v:1402$1485'.
     1/86: $23\next_irq_pending[2:2]
     2/86: $22\next_irq_pending[2:2]
     3/86: $21\next_irq_pending[2:2]
     4/86: $20\next_irq_pending[2:2]
     5/86: $19\next_irq_pending[2:2]
     6/86: $18\next_irq_pending[2:2]
     7/86: $17\next_irq_pending[2:2]
     8/86: $16\next_irq_pending[0:0]
     9/86: $15\next_irq_pending[0:0]
    10/86: $14\next_irq_pending[31:0] [0]
    11/86: $14\next_irq_pending[31:0] [31:1]
    12/86: $2\next_irq_pending[31:0] [31:2]
    13/86: $3\set_mem_do_rdata[0:0]
    14/86: $2\next_irq_pending[31:0] [1]
    15/86: $3\set_mem_do_wdata[0:0]
    16/86: $2\next_irq_pending[31:0] [0]
    17/86: $4\set_mem_do_rinst[0:0]
    18/86: $3\set_mem_do_rinst[0:0]
    19/86: $4\set_mem_do_wdata[0:0]
    20/86: $12\next_irq_pending[1:1]
    21/86: $11\next_irq_pending[1:1]
    22/86: $10\next_irq_pending[1:1]
    23/86: $4\set_mem_do_rdata[0:0]
    24/86: $8\next_irq_pending[1:1]
    25/86: $7\next_irq_pending[1:1]
    26/86: $6\next_irq_pending[1:1]
    27/86: $5\next_irq_pending[1:1]
    28/86: $4\next_irq_pending[1:1]
    29/86: $13\next_irq_pending[1:1]
    30/86: $5\set_mem_do_rinst[0:0]
    31/86: $9\next_irq_pending[1:1]
    32/86: $3\next_irq_pending[31:0]
    33/86: $3\current_pc[31:0]
    34/86: $2\current_pc[31:0]
    35/86: $2\set_mem_do_wdata[0:0]
    36/86: $2\set_mem_do_rdata[0:0]
    37/86: $2\set_mem_do_rinst[0:0]
    38/86: $1\next_irq_pending[31:0]
    39/86: $1\current_pc[31:0]
    40/86: $1\set_mem_do_wdata[0:0]
    41/86: $1\set_mem_do_rdata[0:0]
    42/86: $1\set_mem_do_rinst[0:0]
    43/86: $0\trace_data[35:0]
    44/86: $0\count_cycle[63:0]
    45/86: $0\pcpi_timeout[0:0]
    46/86: $0\trace_valid[0:0]
    47/86: $0\do_waitirq[0:0]
    48/86: $0\decoder_pseudo_trigger[0:0]
    49/86: $0\decoder_trigger[0:0]
    50/86: $0\alu_wait_2[0:0]
    51/86: $0\alu_wait[0:0]
    52/86: $0\reg_out[31:0]
    53/86: $0\reg_sh[4:0]
    54/86: $0\trap[0:0]
    55/86: $0\pcpi_timeout_counter[3:0]
    56/86: $0\latched_rd[4:0]
    57/86: $0\latched_is_lb[0:0]
    58/86: $0\latched_is_lh[0:0]
    59/86: $0\latched_is_lu[0:0]
    60/86: $0\latched_trace[0:0]
    61/86: $0\latched_compr[0:0]
    62/86: $0\latched_branch[0:0]
    63/86: $0\latched_stalu[0:0]
    64/86: $0\latched_store[0:0]
    65/86: $0\irq_state[1:0]
    66/86: $0\cpu_state[7:0]
    67/86: $0\dbg_rs2val_valid[0:0]
    68/86: $0\dbg_rs1val_valid[0:0]
    69/86: $0\dbg_rs2val[31:0]
    70/86: $0\dbg_rs1val[31:0]
    71/86: $0\mem_do_wdata[0:0]
    72/86: $0\mem_do_rdata[0:0]
    73/86: $0\mem_do_rinst[0:0]
    74/86: $0\mem_do_prefetch[0:0]
    75/86: $0\mem_wordsize[1:0]
    76/86: $0\timer[31:0]
    77/86: $0\irq_mask[31:0]
    78/86: $0\irq_active[0:0]
    79/86: $0\irq_delay[0:0]
    80/86: $0\reg_op2[31:0]
    81/86: $0\reg_op1[31:0]
    82/86: $0\reg_next_pc[31:0]
    83/86: $0\reg_pc[31:0]
    84/86: $0\count_instr[63:0]
    85/86: $0\eoi[31:0]
    86/86: $0\pcpi_valid[0:0]
Creating decoders for process `$paramod$d10354c6a96dde45072006c7ddf03c042761ad93\picorv32.$proc$../picorv32.v:1387$1471'.
Creating decoders for process `$paramod$d10354c6a96dde45072006c7ddf03c042761ad93\picorv32.$proc$../picorv32.v:1309$1457'.
     1/4: $2\cpuregs_write[0:0]
     2/4: $2\cpuregs_wrdata[31:0]
     3/4: $1\cpuregs_wrdata[31:0]
     4/4: $1\cpuregs_write[0:0]
Creating decoders for process `$paramod$d10354c6a96dde45072006c7ddf03c042761ad93\picorv32.$proc$../picorv32.v:1295$1452'.
     1/2: $2\clear_prefetched_high_word[0:0]
     2/2: $1\clear_prefetched_high_word[0:0]
Creating decoders for process `$paramod$d10354c6a96dde45072006c7ddf03c042761ad93\picorv32.$proc$../picorv32.v:1293$1451'.
Creating decoders for process `$paramod$d10354c6a96dde45072006c7ddf03c042761ad93\picorv32.$proc$../picorv32.v:1249$1429'.
     1/2: $1\alu_out[31:0]
     2/2: $1\alu_out_0[0:0]
Creating decoders for process `$paramod$d10354c6a96dde45072006c7ddf03c042761ad93\picorv32.$proc$../picorv32.v:1186$1417'.
     1/8: $8\dbg_ascii_state[127:0]
     2/8: $7\dbg_ascii_state[127:0]
     3/8: $6\dbg_ascii_state[127:0]
     4/8: $5\dbg_ascii_state[127:0]
     5/8: $4\dbg_ascii_state[127:0]
     6/8: $3\dbg_ascii_state[127:0]
     7/8: $2\dbg_ascii_state[127:0]
     8/8: $1\dbg_ascii_state[127:0]
Creating decoders for process `$paramod$d10354c6a96dde45072006c7ddf03c042761ad93\picorv32.$proc$../picorv32.v:858$1154'.
     1/77: $0\decoded_rs1[4:0] [4]
     2/77: $0\decoded_imm_j[31:0] [10]
     3/77: $0\decoded_imm_j[31:0] [7]
     4/77: $0\decoded_imm_j[31:0] [6]
     5/77: $0\decoded_imm_j[31:0] [3:1]
     6/77: $0\decoded_imm_j[31:0] [5]
     7/77: $0\decoded_imm_j[31:0] [9:8]
     8/77: $0\decoded_imm_j[31:0] [31:20]
     9/77: $0\decoded_imm_j[31:0] [4]
    10/77: $0\decoded_imm_j[31:0] [11]
    11/77: $0\decoded_imm_j[31:0] [0]
    12/77: $0\decoded_rs1[4:0] [3:0]
    13/77: $0\is_lui_auipc_jal_jalr_addi_add_sub[0:0]
    14/77: $0\is_alu_reg_reg[0:0]
    15/77: $0\is_alu_reg_imm[0:0]
    16/77: $0\is_beq_bne_blt_bge_bltu_bgeu[0:0]
    17/77: $0\is_sll_srl_sra[0:0]
    18/77: $0\is_sb_sh_sw[0:0]
    19/77: $0\is_jalr_addi_slti_sltiu_xori_ori_andi[0:0]
    20/77: $0\is_slli_srli_srai[0:0]
    21/77: $0\is_lb_lh_lw_lbu_lhu[0:0]
    22/77: $0\compressed_instr[0:0]
    23/77: $0\is_compare[0:0]
    24/77: $0\decoded_imm[31:0]
    25/77: $0\decoded_rs2[4:0]
    26/77: $0\decoded_imm_j[31:0] [19:12]
    27/77: $0\decoded_rd[4:0]
    28/77: $0\instr_timer[0:0]
    29/77: $0\instr_waitirq[0:0]
    30/77: $0\instr_maskirq[0:0]
    31/77: $0\instr_retirq[0:0]
    32/77: $0\instr_setq[0:0]
    33/77: $0\instr_getq[0:0]
    34/77: $0\instr_fence[0:0]
    35/77: $0\instr_ecall_ebreak[0:0]
    36/77: $0\instr_rdinstrh[0:0]
    37/77: $0\instr_rdinstr[0:0]
    38/77: $0\instr_rdcycleh[0:0]
    39/77: $0\instr_rdcycle[0:0]
    40/77: $0\instr_and[0:0]
    41/77: $0\instr_or[0:0]
    42/77: $0\instr_sra[0:0]
    43/77: $0\instr_srl[0:0]
    44/77: $0\instr_xor[0:0]
    45/77: $0\instr_sltu[0:0]
    46/77: $0\instr_slt[0:0]
    47/77: $0\instr_sll[0:0]
    48/77: $0\instr_sub[0:0]
    49/77: $0\instr_add[0:0]
    50/77: $0\instr_srai[0:0]
    51/77: $0\instr_srli[0:0]
    52/77: $0\instr_slli[0:0]
    53/77: $0\instr_andi[0:0]
    54/77: $0\instr_ori[0:0]
    55/77: $0\instr_xori[0:0]
    56/77: $0\instr_sltiu[0:0]
    57/77: $0\instr_slti[0:0]
    58/77: $0\instr_addi[0:0]
    59/77: $0\instr_sw[0:0]
    60/77: $0\instr_sh[0:0]
    61/77: $0\instr_sb[0:0]
    62/77: $0\instr_lhu[0:0]
    63/77: $0\instr_lbu[0:0]
    64/77: $0\instr_lw[0:0]
    65/77: $0\instr_lh[0:0]
    66/77: $0\instr_lb[0:0]
    67/77: $0\instr_bgeu[0:0]
    68/77: $0\instr_bltu[0:0]
    69/77: $0\instr_bge[0:0]
    70/77: $0\instr_blt[0:0]
    71/77: $0\instr_bne[0:0]
    72/77: $0\instr_beq[0:0]
    73/77: $0\instr_jalr[0:0]
    74/77: $0\instr_jal[0:0]
    75/77: $0\instr_auipc[0:0]
    76/77: $0\instr_lui[0:0]
    77/77: $0\pcpi_insn[31:0]
Creating decoders for process `$paramod$d10354c6a96dde45072006c7ddf03c042761ad93\picorv32.$proc$../picorv32.v:809$1152'.
     1/13: $3\dbg_insn_opcode[31:0]
     2/13: $2\dbg_insn_rd[4:0]
     3/13: $2\dbg_insn_rs2[4:0]
     4/13: $2\dbg_insn_rs1[4:0]
     5/13: $2\dbg_insn_opcode[31:0]
     6/13: $2\dbg_insn_imm[31:0]
     7/13: $2\dbg_ascii_instr[63:0]
     8/13: $1\dbg_insn_rd[4:0]
     9/13: $1\dbg_insn_rs2[4:0]
    10/13: $1\dbg_insn_rs1[4:0]
    11/13: $1\dbg_insn_imm[31:0]
    12/13: $1\dbg_ascii_instr[63:0]
    13/13: $1\dbg_insn_opcode[31:0]
Creating decoders for process `$paramod$d10354c6a96dde45072006c7ddf03c042761ad93\picorv32.$proc$../picorv32.v:778$1148'.
     1/8: $0\cached_insn_rd[4:0]
     2/8: $0\cached_insn_rs2[4:0]
     3/8: $0\cached_insn_rs1[4:0]
     4/8: $0\cached_insn_opcode[31:0]
     5/8: $0\cached_insn_imm[31:0]
     6/8: $0\cached_ascii_instr[63:0]
     7/8: $0\dbg_valid_insn[0:0]
     8/8: $0\dbg_insn_addr[31:0]
Creating decoders for process `$paramod$d10354c6a96dde45072006c7ddf03c042761ad93\picorv32.$proc$../picorv32.v:701$1147'.
     1/48: $48\new_ascii_instr[63:0]
     2/48: $47\new_ascii_instr[63:0]
     3/48: $46\new_ascii_instr[63:0]
     4/48: $45\new_ascii_instr[63:0]
     5/48: $44\new_ascii_instr[63:0]
     6/48: $43\new_ascii_instr[63:0]
     7/48: $42\new_ascii_instr[63:0]
     8/48: $41\new_ascii_instr[63:0]
     9/48: $40\new_ascii_instr[63:0]
    10/48: $39\new_ascii_instr[63:0]
    11/48: $38\new_ascii_instr[63:0]
    12/48: $37\new_ascii_instr[63:0]
    13/48: $36\new_ascii_instr[63:0]
    14/48: $35\new_ascii_instr[63:0]
    15/48: $34\new_ascii_instr[63:0]
    16/48: $33\new_ascii_instr[63:0]
    17/48: $32\new_ascii_instr[63:0]
    18/48: $31\new_ascii_instr[63:0]
    19/48: $30\new_ascii_instr[63:0]
    20/48: $29\new_ascii_instr[63:0]
    21/48: $28\new_ascii_instr[63:0]
    22/48: $27\new_ascii_instr[63:0]
    23/48: $26\new_ascii_instr[63:0]
    24/48: $25\new_ascii_instr[63:0]
    25/48: $24\new_ascii_instr[63:0]
    26/48: $23\new_ascii_instr[63:0]
    27/48: $22\new_ascii_instr[63:0]
    28/48: $21\new_ascii_instr[63:0]
    29/48: $20\new_ascii_instr[63:0]
    30/48: $19\new_ascii_instr[63:0]
    31/48: $18\new_ascii_instr[63:0]
    32/48: $17\new_ascii_instr[63:0]
    33/48: $16\new_ascii_instr[63:0]
    34/48: $15\new_ascii_instr[63:0]
    35/48: $14\new_ascii_instr[63:0]
    36/48: $13\new_ascii_instr[63:0]
    37/48: $12\new_ascii_instr[63:0]
    38/48: $11\new_ascii_instr[63:0]
    39/48: $10\new_ascii_instr[63:0]
    40/48: $9\new_ascii_instr[63:0]
    41/48: $8\new_ascii_instr[63:0]
    42/48: $7\new_ascii_instr[63:0]
    43/48: $6\new_ascii_instr[63:0]
    44/48: $5\new_ascii_instr[63:0]
    45/48: $4\new_ascii_instr[63:0]
    46/48: $3\new_ascii_instr[63:0]
    47/48: $2\new_ascii_instr[63:0]
    48/48: $1\new_ascii_instr[63:0]
Creating decoders for process `$paramod$d10354c6a96dde45072006c7ddf03c042761ad93\picorv32.$proc$../picorv32.v:565$1123'.
     1/9: $0\mem_16bit_buffer[15:0]
     2/9: $0\prefetched_high_word[0:0]
     3/9: $0\mem_la_secondword[0:0]
     4/9: $0\mem_state[1:0]
     5/9: $0\mem_wstrb[3:0]
     6/9: $0\mem_wdata[31:0]
     7/9: $0\mem_addr[31:0]
     8/9: $0\mem_instr[0:0]
     9/9: $0\mem_valid[0:0]
Creating decoders for process `$paramod$d10354c6a96dde45072006c7ddf03c042761ad93\picorv32.$proc$../picorv32.v:1239$1666'.
Creating decoders for process `$paramod$d10354c6a96dde45072006c7ddf03c042761ad93\picorv32.$proc$../picorv32.v:430$1085'.
     1/9: $0\mem_rdata_q[31:0] [31]
     2/9: $0\mem_rdata_q[31:0] [7]
     3/9: $0\mem_rdata_q[31:0] [24:20]
     4/9: $0\mem_rdata_q[31:0] [19:15]
     5/9: $0\mem_rdata_q[31:0] [6:0]
     6/9: $0\mem_rdata_q[31:0] [14:12]
     7/9: $0\mem_rdata_q[31:0] [11:8]
     8/9: $0\mem_rdata_q[31:0] [30:25]
     9/9: $0\next_insn_opcode[31:0]
Creating decoders for process `$paramod$d10354c6a96dde45072006c7ddf03c042761ad93\picorv32.$proc$../picorv32.v:401$1082'.
     1/5: $3\mem_rdata_word[31:0]
     2/5: $2\mem_rdata_word[31:0]
     3/5: $1\mem_rdata_word[31:0]
     4/5: $1\mem_la_wstrb[3:0]
     5/5: $1\mem_la_wdata[31:0]
Creating decoders for process `$paramod$d10354c6a96dde45072006c7ddf03c042761ad93\picorv32.$proc$../picorv32.v:390$1077'.
     1/2: $0\last_mem_valid[0:0]
     2/2: $0\mem_la_firstword_reg[0:0]
Creating decoders for process `$paramod$d10354c6a96dde45072006c7ddf03c042761ad93\picorv32.$proc$../picorv32.v:325$1003'.
     1/2: $1\pcpi_int_rd[31:0]
     2/2: $1\pcpi_int_wr[0:0]
Creating decoders for process `\spimem_cache_direct_mapped.$proc$picosoc.v:362$690'.
     1/163: $4$memwr$\cache_valid$picosoc.v:387$678_EN[0:0]$988
     2/163: $4$memwr$\cache_valid$picosoc.v:387$678_ADDR[6:0]$987
     3/163: $4$memwr$\cache_data$picosoc.v:386$677_EN[31:0]$986
     4/163: $4$memwr$\cache_data$picosoc.v:386$677_DATA[31:0]$985
     5/163: $4$memwr$\cache_data$picosoc.v:386$677_ADDR[6:0]$984
     6/163: $4$memwr$\cache_addr$picosoc.v:385$676_EN[23:0]$983
     7/163: $4$memwr$\cache_addr$picosoc.v:385$676_DATA[23:0]$982
     8/163: $4$memwr$\cache_addr$picosoc.v:385$676_ADDR[6:0]$981
     9/163: $3$memwr$\cache_valid$picosoc.v:387$678_EN[0:0]$979
    10/163: $3$memwr$\cache_valid$picosoc.v:387$678_ADDR[6:0]$978
    11/163: $3$memwr$\cache_data$picosoc.v:386$677_EN[31:0]$977
    12/163: $3$memwr$\cache_data$picosoc.v:386$677_DATA[31:0]$976
    13/163: $3$memwr$\cache_data$picosoc.v:386$677_ADDR[6:0]$975
    14/163: $3$memwr$\cache_addr$picosoc.v:385$676_EN[23:0]$974
    15/163: $3$memwr$\cache_addr$picosoc.v:385$676_DATA[23:0]$973
    16/163: $3$memwr$\cache_addr$picosoc.v:385$676_ADDR[6:0]$972
    17/163: $2$memwr$\cache_valid$picosoc.v:387$678_EN[0:0]$971
    18/163: $2$memwr$\cache_valid$picosoc.v:387$678_ADDR[6:0]$970
    19/163: $2$memwr$\cache_data$picosoc.v:386$677_EN[31:0]$969
    20/163: $2$memwr$\cache_data$picosoc.v:386$677_DATA[31:0]$968
    21/163: $2$memwr$\cache_data$picosoc.v:386$677_ADDR[6:0]$967
    22/163: $2$memwr$\cache_addr$picosoc.v:385$676_EN[23:0]$966
    23/163: $2$memwr$\cache_addr$picosoc.v:385$676_DATA[23:0]$965
    24/163: $2$memwr$\cache_addr$picosoc.v:385$676_ADDR[6:0]$964
    25/163: $1\i[31:0]
    26/163: $1$memwr$\cache_valid$picosoc.v:366$675_EN[0:0]$955
    27/163: $1$memwr$\cache_valid$picosoc.v:366$674_EN[0:0]$954
    28/163: $1$memwr$\cache_valid$picosoc.v:366$673_EN[0:0]$953
    29/163: $1$memwr$\cache_valid$picosoc.v:366$672_EN[0:0]$952
    30/163: $1$memwr$\cache_valid$picosoc.v:366$671_EN[0:0]$951
    31/163: $1$memwr$\cache_valid$picosoc.v:366$670_EN[0:0]$950
    32/163: $1$memwr$\cache_valid$picosoc.v:366$669_EN[0:0]$949
    33/163: $1$memwr$\cache_valid$picosoc.v:366$668_EN[0:0]$948
    34/163: $1$memwr$\cache_valid$picosoc.v:366$667_EN[0:0]$947
    35/163: $1$memwr$\cache_valid$picosoc.v:366$666_EN[0:0]$946
    36/163: $1$memwr$\cache_valid$picosoc.v:366$665_EN[0:0]$945
    37/163: $1$memwr$\cache_valid$picosoc.v:366$664_EN[0:0]$944
    38/163: $1$memwr$\cache_valid$picosoc.v:366$663_EN[0:0]$943
    39/163: $1$memwr$\cache_valid$picosoc.v:366$662_EN[0:0]$942
    40/163: $1$memwr$\cache_valid$picosoc.v:366$661_EN[0:0]$941
    41/163: $1$memwr$\cache_valid$picosoc.v:366$660_EN[0:0]$940
    42/163: $1$memwr$\cache_valid$picosoc.v:366$659_EN[0:0]$939
    43/163: $1$memwr$\cache_valid$picosoc.v:366$658_EN[0:0]$938
    44/163: $1$memwr$\cache_valid$picosoc.v:366$657_EN[0:0]$937
    45/163: $1$memwr$\cache_valid$picosoc.v:366$656_EN[0:0]$936
    46/163: $1$memwr$\cache_valid$picosoc.v:366$655_EN[0:0]$935
    47/163: $1$memwr$\cache_valid$picosoc.v:366$654_EN[0:0]$934
    48/163: $1$memwr$\cache_valid$picosoc.v:366$653_EN[0:0]$933
    49/163: $1$memwr$\cache_valid$picosoc.v:366$652_EN[0:0]$932
    50/163: $1$memwr$\cache_valid$picosoc.v:366$651_EN[0:0]$931
    51/163: $1$memwr$\cache_valid$picosoc.v:366$650_EN[0:0]$930
    52/163: $1$memwr$\cache_valid$picosoc.v:366$649_EN[0:0]$929
    53/163: $1$memwr$\cache_valid$picosoc.v:366$648_EN[0:0]$928
    54/163: $1$memwr$\cache_valid$picosoc.v:366$647_EN[0:0]$927
    55/163: $1$memwr$\cache_valid$picosoc.v:366$646_EN[0:0]$926
    56/163: $1$memwr$\cache_valid$picosoc.v:366$645_EN[0:0]$925
    57/163: $1$memwr$\cache_valid$picosoc.v:366$644_EN[0:0]$924
    58/163: $1$memwr$\cache_valid$picosoc.v:366$643_EN[0:0]$923
    59/163: $1$memwr$\cache_valid$picosoc.v:366$642_EN[0:0]$922
    60/163: $1$memwr$\cache_valid$picosoc.v:366$641_EN[0:0]$921
    61/163: $1$memwr$\cache_valid$picosoc.v:366$640_EN[0:0]$920
    62/163: $1$memwr$\cache_valid$picosoc.v:366$639_EN[0:0]$919
    63/163: $1$memwr$\cache_valid$picosoc.v:366$638_EN[0:0]$918
    64/163: $1$memwr$\cache_valid$picosoc.v:366$637_EN[0:0]$917
    65/163: $1$memwr$\cache_valid$picosoc.v:366$636_EN[0:0]$916
    66/163: $1$memwr$\cache_valid$picosoc.v:366$635_EN[0:0]$915
    67/163: $1$memwr$\cache_valid$picosoc.v:366$634_EN[0:0]$914
    68/163: $1$memwr$\cache_valid$picosoc.v:366$633_EN[0:0]$913
    69/163: $1$memwr$\cache_valid$picosoc.v:366$632_EN[0:0]$912
    70/163: $1$memwr$\cache_valid$picosoc.v:366$631_EN[0:0]$911
    71/163: $1$memwr$\cache_valid$picosoc.v:366$630_EN[0:0]$910
    72/163: $1$memwr$\cache_valid$picosoc.v:366$629_EN[0:0]$909
    73/163: $1$memwr$\cache_valid$picosoc.v:366$628_EN[0:0]$908
    74/163: $1$memwr$\cache_valid$picosoc.v:366$627_EN[0:0]$907
    75/163: $1$memwr$\cache_valid$picosoc.v:366$626_EN[0:0]$906
    76/163: $1$memwr$\cache_valid$picosoc.v:366$625_EN[0:0]$905
    77/163: $1$memwr$\cache_valid$picosoc.v:366$624_EN[0:0]$904
    78/163: $1$memwr$\cache_valid$picosoc.v:366$623_EN[0:0]$903
    79/163: $1$memwr$\cache_valid$picosoc.v:366$622_EN[0:0]$902
    80/163: $1$memwr$\cache_valid$picosoc.v:366$621_EN[0:0]$901
    81/163: $1$memwr$\cache_valid$picosoc.v:366$620_EN[0:0]$900
    82/163: $1$memwr$\cache_valid$picosoc.v:366$619_EN[0:0]$899
    83/163: $1$memwr$\cache_valid$picosoc.v:366$618_EN[0:0]$898
    84/163: $1$memwr$\cache_valid$picosoc.v:366$617_EN[0:0]$897
    85/163: $1$memwr$\cache_valid$picosoc.v:366$616_EN[0:0]$896
    86/163: $1$memwr$\cache_valid$picosoc.v:366$615_EN[0:0]$895
    87/163: $1$memwr$\cache_valid$picosoc.v:366$614_EN[0:0]$894
    88/163: $1$memwr$\cache_valid$picosoc.v:366$613_EN[0:0]$893
    89/163: $1$memwr$\cache_valid$picosoc.v:366$612_EN[0:0]$892
    90/163: $1$memwr$\cache_valid$picosoc.v:366$611_EN[0:0]$891
    91/163: $1$memwr$\cache_valid$picosoc.v:366$610_EN[0:0]$890
    92/163: $1$memwr$\cache_valid$picosoc.v:366$609_EN[0:0]$889
    93/163: $1$memwr$\cache_valid$picosoc.v:366$608_EN[0:0]$888
    94/163: $1$memwr$\cache_valid$picosoc.v:366$607_EN[0:0]$887
    95/163: $1$memwr$\cache_valid$picosoc.v:366$606_EN[0:0]$886
    96/163: $1$memwr$\cache_valid$picosoc.v:366$605_EN[0:0]$885
    97/163: $1$memwr$\cache_valid$picosoc.v:366$604_EN[0:0]$884
    98/163: $1$memwr$\cache_valid$picosoc.v:366$603_EN[0:0]$883
    99/163: $1$memwr$\cache_valid$picosoc.v:366$602_EN[0:0]$882
   100/163: $1$memwr$\cache_valid$picosoc.v:366$601_EN[0:0]$881
   101/163: $1$memwr$\cache_valid$picosoc.v:366$600_EN[0:0]$880
   102/163: $1$memwr$\cache_valid$picosoc.v:366$599_EN[0:0]$879
   103/163: $1$memwr$\cache_valid$picosoc.v:366$598_EN[0:0]$878
   104/163: $1$memwr$\cache_valid$picosoc.v:366$597_EN[0:0]$877
   105/163: $1$memwr$\cache_valid$picosoc.v:366$596_EN[0:0]$876
   106/163: $1$memwr$\cache_valid$picosoc.v:366$595_EN[0:0]$875
   107/163: $1$memwr$\cache_valid$picosoc.v:366$594_EN[0:0]$874
   108/163: $1$memwr$\cache_valid$picosoc.v:366$593_EN[0:0]$873
   109/163: $1$memwr$\cache_valid$picosoc.v:366$592_EN[0:0]$872
   110/163: $1$memwr$\cache_valid$picosoc.v:366$591_EN[0:0]$871
   111/163: $1$memwr$\cache_valid$picosoc.v:366$590_EN[0:0]$870
   112/163: $1$memwr$\cache_valid$picosoc.v:366$589_EN[0:0]$869
   113/163: $1$memwr$\cache_valid$picosoc.v:366$588_EN[0:0]$868
   114/163: $1$memwr$\cache_valid$picosoc.v:366$587_EN[0:0]$867
   115/163: $1$memwr$\cache_valid$picosoc.v:366$586_EN[0:0]$866
   116/163: $1$memwr$\cache_valid$picosoc.v:366$585_EN[0:0]$865
   117/163: $1$memwr$\cache_valid$picosoc.v:366$584_EN[0:0]$864
   118/163: $1$memwr$\cache_valid$picosoc.v:366$583_EN[0:0]$863
   119/163: $1$memwr$\cache_valid$picosoc.v:366$582_EN[0:0]$862
   120/163: $1$memwr$\cache_valid$picosoc.v:366$581_EN[0:0]$861
   121/163: $1$memwr$\cache_valid$picosoc.v:366$580_EN[0:0]$860
   122/163: $1$memwr$\cache_valid$picosoc.v:366$579_EN[0:0]$859
   123/163: $1$memwr$\cache_valid$picosoc.v:366$578_EN[0:0]$858
   124/163: $1$memwr$\cache_valid$picosoc.v:366$577_EN[0:0]$857
   125/163: $1$memwr$\cache_valid$picosoc.v:366$576_EN[0:0]$856
   126/163: $1$memwr$\cache_valid$picosoc.v:366$575_EN[0:0]$855
   127/163: $1$memwr$\cache_valid$picosoc.v:366$574_EN[0:0]$854
   128/163: $1$memwr$\cache_valid$picosoc.v:366$573_EN[0:0]$853
   129/163: $1$memwr$\cache_valid$picosoc.v:366$572_EN[0:0]$852
   130/163: $1$memwr$\cache_valid$picosoc.v:366$571_EN[0:0]$851
   131/163: $1$memwr$\cache_valid$picosoc.v:366$570_EN[0:0]$850
   132/163: $1$memwr$\cache_valid$picosoc.v:366$569_EN[0:0]$849
   133/163: $1$memwr$\cache_valid$picosoc.v:366$568_EN[0:0]$848
   134/163: $1$memwr$\cache_valid$picosoc.v:366$567_EN[0:0]$847
   135/163: $1$memwr$\cache_valid$picosoc.v:366$566_EN[0:0]$846
   136/163: $1$memwr$\cache_valid$picosoc.v:366$565_EN[0:0]$845
   137/163: $1$memwr$\cache_valid$picosoc.v:366$564_EN[0:0]$844
   138/163: $1$memwr$\cache_valid$picosoc.v:366$563_EN[0:0]$843
   139/163: $1$memwr$\cache_valid$picosoc.v:366$562_EN[0:0]$842
   140/163: $1$memwr$\cache_valid$picosoc.v:366$561_EN[0:0]$841
   141/163: $1$memwr$\cache_valid$picosoc.v:366$560_EN[0:0]$840
   142/163: $1$memwr$\cache_valid$picosoc.v:366$559_EN[0:0]$839
   143/163: $1$memwr$\cache_valid$picosoc.v:366$558_EN[0:0]$838
   144/163: $1$memwr$\cache_valid$picosoc.v:366$557_EN[0:0]$837
   145/163: $1$memwr$\cache_valid$picosoc.v:366$556_EN[0:0]$836
   146/163: $1$memwr$\cache_valid$picosoc.v:366$555_EN[0:0]$835
   147/163: $1$memwr$\cache_valid$picosoc.v:366$554_EN[0:0]$834
   148/163: $1$memwr$\cache_valid$picosoc.v:366$553_EN[0:0]$833
   149/163: $1$memwr$\cache_valid$picosoc.v:366$552_EN[0:0]$832
   150/163: $1$memwr$\cache_valid$picosoc.v:366$551_EN[0:0]$831
   151/163: $1$memwr$\cache_valid$picosoc.v:366$550_EN[0:0]$830
   152/163: $1$memwr$\cache_valid$picosoc.v:366$549_EN[0:0]$829
   153/163: $1$memwr$\cache_valid$picosoc.v:366$548_EN[0:0]$828
   154/163: $1$memwr$\cache_valid$picosoc.v:387$678_EN[0:0]$963
   155/163: $1$memwr$\cache_valid$picosoc.v:387$678_ADDR[6:0]$962
   156/163: $1$memwr$\cache_data$picosoc.v:386$677_EN[31:0]$961
   157/163: $1$memwr$\cache_data$picosoc.v:386$677_DATA[31:0]$960
   158/163: $1$memwr$\cache_data$picosoc.v:386$677_ADDR[6:0]$959
   159/163: $1$memwr$\cache_addr$picosoc.v:385$676_EN[23:0]$958
   160/163: $1$memwr$\cache_addr$picosoc.v:385$676_DATA[23:0]$957
   161/163: $1$memwr$\cache_addr$picosoc.v:385$676_ADDR[6:0]$956
   162/163: $0\miss_count[31:0]
   163/163: $0\hit_count[31:0]
Creating decoders for process `\spimem_cache_direct_mapped.$proc$picosoc.v:354$683'.
Creating decoders for process `\spimemio.$proc$spimemio.v:207$527'.
     1/17: $0\buffer[23:0] [23:16]
     2/17: $0\buffer[23:0] [15:8]
     3/17: $0\buffer[23:0] [7:0]
     4/17: $0\xfer_resetn[0:0]
     5/17: $0\state[3:0]
     6/17: $0\rd_inc[0:0]
     7/17: $0\rd_wait[0:0]
     8/17: $0\rd_valid[0:0]
     9/17: $0\rd_addr[23:0]
    10/17: $0\din_valid[0:0]
    11/17: $0\din_rd[0:0]
    12/17: $0\din_ddr[0:0]
    13/17: $0\din_qspi[0:0]
    14/17: $0\din_cont[0:0]
    15/17: $0\din_tag[3:0]
    16/17: $0\din_data[7:0]
    17/17: $0\rdata[31:0]
Creating decoders for process `\spimemio.$proc$spimemio.v:151$509'.
Creating decoders for process `\spimemio.$proc$spimemio.v:99$505'.
     1/10: $0\softreset[0:0]
     2/10: $0\config_do[3:0]
     3/10: $0\config_clk[0:0]
     4/10: $0\config_csb[0:0]
     5/10: $0\config_oe[3:0]
     6/10: $0\config_dummy[3:0]
     7/10: $0\config_cont[0:0]
     8/10: $0\config_qspi[0:0]
     9/10: $0\config_ddr[0:0]
    10/10: $0\config_en[0:0]
Creating decoders for process `\simpleuart.$proc$simpleuart.v:109$485'.
     1/4: $0\send_divcnt[31:0]
     2/4: $0\send_dummy[0:0]
     3/4: $0\send_bitcnt[3:0]
     4/4: $0\send_pattern[9:0]
Creating decoders for process `\simpleuart.$proc$simpleuart.v:66$476'.
     1/5: $0\recv_divcnt[31:0]
     2/5: $0\recv_buf_valid[0:0]
     3/5: $0\recv_buf_data[7:0]
     4/5: $0\recv_pattern[7:0]
     5/5: $0\recv_state[3:0]
Creating decoders for process `\simpleuart.$proc$simpleuart.v:55$474'.
     1/4: $0\cfg_divider[31:0] [31:24]
     2/4: $0\cfg_divider[31:0] [23:16]
     3/4: $0\cfg_divider[31:0] [15:8]
     4/4: $0\cfg_divider[31:0] [7:0]
Creating decoders for process `\seven_seg_hex.$proc$icebreaker.v:218$463'.
     1/1: $1\dout[6:0]
Creating decoders for process `\seven_seg_ctrl.$proc$icebreaker.v:194$462'.
Creating decoders for process `\seven_seg_ctrl.$proc$icebreaker.v:193$461'.
Creating decoders for process `\seven_seg_ctrl.$proc$icebreaker.v:192$460'.
Creating decoders for process `\seven_seg_ctrl.$proc$icebreaker.v:196$454'.
     1/2: $0\dout[7:0] [7]
     2/2: $0\dout[7:0] [6:0]
Creating decoders for process `$paramod$f03d4e23a3a44173f9a2edec4a46578428035902\picosoc.$proc$picosoc.v:255$444'.
Creating decoders for process `$paramod$f03d4e23a3a44173f9a2edec4a46578428035902\picosoc.$proc$picosoc.v:93$397'.
Creating decoders for process `\icebreaker.$proc$icebreaker.v:52$396'.
Creating decoders for process `\icebreaker.$proc$icebreaker.v:108$390'.
     1/6: $0\gpio[31:0] [31:24]
     2/6: $0\gpio[31:0] [23:16]
     3/6: $0\gpio[31:0] [15:8]
     4/6: $0\gpio[31:0] [7:0]
     5/6: $0\iomem_rdata[31:0]
     6/6: $0\iomem_ready[0:0]
Creating decoders for process `\icebreaker.$proc$icebreaker.v:55$385'.

7.4.8. Executing PROC_DLATCH pass (convert process syncs to latches).
No latch inferred for signal `\picorv32_pcpi_fast_mul.\instr_mul' from process `\picorv32_pcpi_fast_mul.$proc$../picorv32.v:2348$1734'.
No latch inferred for signal `\picorv32_pcpi_fast_mul.\instr_mulh' from process `\picorv32_pcpi_fast_mul.$proc$../picorv32.v:2348$1734'.
No latch inferred for signal `\picorv32_pcpi_fast_mul.\instr_mulhsu' from process `\picorv32_pcpi_fast_mul.$proc$../picorv32.v:2348$1734'.
No latch inferred for signal `\picorv32_pcpi_fast_mul.\instr_mulhu' from process `\picorv32_pcpi_fast_mul.$proc$../picorv32.v:2348$1734'.
No latch inferred for signal `\spimemio_xfer.\flash_io0_oe' from process `\spimemio_xfer.$proc$spimemio.v:447$1686'.
No latch inferred for signal `\spimemio_xfer.\flash_io0_do' from process `\spimemio_xfer.$proc$spimemio.v:447$1686'.
No latch inferred for signal `\spimemio_xfer.\flash_io1_oe' from process `\spimemio_xfer.$proc$spimemio.v:447$1686'.
No latch inferred for signal `\spimemio_xfer.\flash_io1_do' from process `\spimemio_xfer.$proc$spimemio.v:447$1686'.
No latch inferred for signal `\spimemio_xfer.\flash_io2_oe' from process `\spimemio_xfer.$proc$spimemio.v:447$1686'.
No latch inferred for signal `\spimemio_xfer.\flash_io2_do' from process `\spimemio_xfer.$proc$spimemio.v:447$1686'.
No latch inferred for signal `\spimemio_xfer.\flash_io3_oe' from process `\spimemio_xfer.$proc$spimemio.v:447$1686'.
No latch inferred for signal `\spimemio_xfer.\flash_io3_do' from process `\spimemio_xfer.$proc$spimemio.v:447$1686'.
No latch inferred for signal `\spimemio_xfer.\next_obuffer' from process `\spimemio_xfer.$proc$spimemio.v:447$1686'.
No latch inferred for signal `\spimemio_xfer.\next_ibuffer' from process `\spimemio_xfer.$proc$spimemio.v:447$1686'.
No latch inferred for signal `\spimemio_xfer.\next_count' from process `\spimemio_xfer.$proc$spimemio.v:447$1686'.
No latch inferred for signal `\spimemio_xfer.\next_fetch' from process `\spimemio_xfer.$proc$spimemio.v:447$1686'.
No latch inferred for signal `$paramod$d10354c6a96dde45072006c7ddf03c042761ad93\picorv32.\cpuregs_rs1' from process `$paramod$d10354c6a96dde45072006c7ddf03c042761ad93\picorv32.$proc$../picorv32.v:1387$1471'.
No latch inferred for signal `$paramod$d10354c6a96dde45072006c7ddf03c042761ad93\picorv32.\cpuregs_rs2' from process `$paramod$d10354c6a96dde45072006c7ddf03c042761ad93\picorv32.$proc$../picorv32.v:1387$1471'.
No latch inferred for signal `$paramod$d10354c6a96dde45072006c7ddf03c042761ad93\picorv32.\decoded_rs' from process `$paramod$d10354c6a96dde45072006c7ddf03c042761ad93\picorv32.$proc$../picorv32.v:1387$1471'.
No latch inferred for signal `$paramod$d10354c6a96dde45072006c7ddf03c042761ad93\picorv32.\cpuregs_write' from process `$paramod$d10354c6a96dde45072006c7ddf03c042761ad93\picorv32.$proc$../picorv32.v:1309$1457'.
No latch inferred for signal `$paramod$d10354c6a96dde45072006c7ddf03c042761ad93\picorv32.\cpuregs_wrdata' from process `$paramod$d10354c6a96dde45072006c7ddf03c042761ad93\picorv32.$proc$../picorv32.v:1309$1457'.
No latch inferred for signal `$paramod$d10354c6a96dde45072006c7ddf03c042761ad93\picorv32.\clear_prefetched_high_word' from process `$paramod$d10354c6a96dde45072006c7ddf03c042761ad93\picorv32.$proc$../picorv32.v:1295$1452'.
No latch inferred for signal `$paramod$d10354c6a96dde45072006c7ddf03c042761ad93\picorv32.\alu_out' from process `$paramod$d10354c6a96dde45072006c7ddf03c042761ad93\picorv32.$proc$../picorv32.v:1249$1429'.
No latch inferred for signal `$paramod$d10354c6a96dde45072006c7ddf03c042761ad93\picorv32.\alu_out_0' from process `$paramod$d10354c6a96dde45072006c7ddf03c042761ad93\picorv32.$proc$../picorv32.v:1249$1429'.
No latch inferred for signal `$paramod$d10354c6a96dde45072006c7ddf03c042761ad93\picorv32.\dbg_ascii_state' from process `$paramod$d10354c6a96dde45072006c7ddf03c042761ad93\picorv32.$proc$../picorv32.v:1186$1417'.
No latch inferred for signal `$paramod$d10354c6a96dde45072006c7ddf03c042761ad93\picorv32.\dbg_insn_opcode' from process `$paramod$d10354c6a96dde45072006c7ddf03c042761ad93\picorv32.$proc$../picorv32.v:809$1152'.
No latch inferred for signal `$paramod$d10354c6a96dde45072006c7ddf03c042761ad93\picorv32.\dbg_ascii_instr' from process `$paramod$d10354c6a96dde45072006c7ddf03c042761ad93\picorv32.$proc$../picorv32.v:809$1152'.
No latch inferred for signal `$paramod$d10354c6a96dde45072006c7ddf03c042761ad93\picorv32.\dbg_insn_imm' from process `$paramod$d10354c6a96dde45072006c7ddf03c042761ad93\picorv32.$proc$../picorv32.v:809$1152'.
No latch inferred for signal `$paramod$d10354c6a96dde45072006c7ddf03c042761ad93\picorv32.\dbg_insn_rs1' from process `$paramod$d10354c6a96dde45072006c7ddf03c042761ad93\picorv32.$proc$../picorv32.v:809$1152'.
No latch inferred for signal `$paramod$d10354c6a96dde45072006c7ddf03c042761ad93\picorv32.\dbg_insn_rs2' from process `$paramod$d10354c6a96dde45072006c7ddf03c042761ad93\picorv32.$proc$../picorv32.v:809$1152'.
No latch inferred for signal `$paramod$d10354c6a96dde45072006c7ddf03c042761ad93\picorv32.\dbg_insn_rd' from process `$paramod$d10354c6a96dde45072006c7ddf03c042761ad93\picorv32.$proc$../picorv32.v:809$1152'.
No latch inferred for signal `$paramod$d10354c6a96dde45072006c7ddf03c042761ad93\picorv32.\new_ascii_instr' from process `$paramod$d10354c6a96dde45072006c7ddf03c042761ad93\picorv32.$proc$../picorv32.v:701$1147'.
No latch inferred for signal `$paramod$d10354c6a96dde45072006c7ddf03c042761ad93\picorv32.\alu_add_sub' from process `$paramod$d10354c6a96dde45072006c7ddf03c042761ad93\picorv32.$proc$../picorv32.v:1239$1666'.
No latch inferred for signal `$paramod$d10354c6a96dde45072006c7ddf03c042761ad93\picorv32.\alu_shl' from process `$paramod$d10354c6a96dde45072006c7ddf03c042761ad93\picorv32.$proc$../picorv32.v:1239$1666'.
No latch inferred for signal `$paramod$d10354c6a96dde45072006c7ddf03c042761ad93\picorv32.\alu_shr' from process `$paramod$d10354c6a96dde45072006c7ddf03c042761ad93\picorv32.$proc$../picorv32.v:1239$1666'.
No latch inferred for signal `$paramod$d10354c6a96dde45072006c7ddf03c042761ad93\picorv32.\alu_eq' from process `$paramod$d10354c6a96dde45072006c7ddf03c042761ad93\picorv32.$proc$../picorv32.v:1239$1666'.
No latch inferred for signal `$paramod$d10354c6a96dde45072006c7ddf03c042761ad93\picorv32.\alu_ltu' from process `$paramod$d10354c6a96dde45072006c7ddf03c042761ad93\picorv32.$proc$../picorv32.v:1239$1666'.
No latch inferred for signal `$paramod$d10354c6a96dde45072006c7ddf03c042761ad93\picorv32.\alu_lts' from process `$paramod$d10354c6a96dde45072006c7ddf03c042761ad93\picorv32.$proc$../picorv32.v:1239$1666'.
No latch inferred for signal `$paramod$d10354c6a96dde45072006c7ddf03c042761ad93\picorv32.\mem_la_wdata' from process `$paramod$d10354c6a96dde45072006c7ddf03c042761ad93\picorv32.$proc$../picorv32.v:401$1082'.
No latch inferred for signal `$paramod$d10354c6a96dde45072006c7ddf03c042761ad93\picorv32.\mem_la_wstrb' from process `$paramod$d10354c6a96dde45072006c7ddf03c042761ad93\picorv32.$proc$../picorv32.v:401$1082'.
No latch inferred for signal `$paramod$d10354c6a96dde45072006c7ddf03c042761ad93\picorv32.\mem_rdata_word' from process `$paramod$d10354c6a96dde45072006c7ddf03c042761ad93\picorv32.$proc$../picorv32.v:401$1082'.
No latch inferred for signal `$paramod$d10354c6a96dde45072006c7ddf03c042761ad93\picorv32.\pcpi_int_wr' from process `$paramod$d10354c6a96dde45072006c7ddf03c042761ad93\picorv32.$proc$../picorv32.v:325$1003'.
No latch inferred for signal `$paramod$d10354c6a96dde45072006c7ddf03c042761ad93\picorv32.\pcpi_int_rd' from process `$paramod$d10354c6a96dde45072006c7ddf03c042761ad93\picorv32.$proc$../picorv32.v:325$1003'.
No latch inferred for signal `$paramod$d10354c6a96dde45072006c7ddf03c042761ad93\picorv32.\pcpi_int_wait' from process `$paramod$d10354c6a96dde45072006c7ddf03c042761ad93\picorv32.$proc$../picorv32.v:325$1003'.
No latch inferred for signal `$paramod$d10354c6a96dde45072006c7ddf03c042761ad93\picorv32.\pcpi_int_ready' from process `$paramod$d10354c6a96dde45072006c7ddf03c042761ad93\picorv32.$proc$../picorv32.v:325$1003'.
No latch inferred for signal `\spimem_cache_direct_mapped.\cpu_ready' from process `\spimem_cache_direct_mapped.$proc$picosoc.v:354$683'.
No latch inferred for signal `\spimem_cache_direct_mapped.\cpu_rdata' from process `\spimem_cache_direct_mapped.$proc$picosoc.v:354$683'.
No latch inferred for signal `\spimem_cache_direct_mapped.\spimem_valid' from process `\spimem_cache_direct_mapped.$proc$picosoc.v:354$683'.
No latch inferred for signal `\spimem_cache_direct_mapped.\spimem_addr' from process `\spimem_cache_direct_mapped.$proc$picosoc.v:354$683'.
No latch inferred for signal `\seven_seg_hex.\dout' from process `\seven_seg_hex.$proc$icebreaker.v:218$463'.
No latch inferred for signal `$paramod$f03d4e23a3a44173f9a2edec4a46578428035902\picosoc.\irq' from process `$paramod$f03d4e23a3a44173f9a2edec4a46578428035902\picosoc.$proc$picosoc.v:93$397'.

7.4.9. Executing PROC_DFF pass (convert process syncs to FFs).
Creating register for signal `\picosoc_regs.$memwr$\regs$picosoc.v:412$1747_ADDR' using process `\picosoc_regs.$proc$picosoc.v:411$1748'.
  created $dff cell `$procdff$6172' with positive edge clock.
Creating register for signal `\picosoc_regs.$memwr$\regs$picosoc.v:412$1747_DATA' using process `\picosoc_regs.$proc$picosoc.v:411$1748'.
  created $dff cell `$procdff$6173' with positive edge clock.
Creating register for signal `\picosoc_regs.$memwr$\regs$picosoc.v:412$1747_EN' using process `\picosoc_regs.$proc$picosoc.v:411$1748'.
  created $dff cell `$procdff$6174' with positive edge clock.
Creating register for signal `\picorv32_pcpi_fast_mul.\shift_out' using process `\picorv32_pcpi_fast_mul.$proc$../picorv32.v:2378$1741'.
  created $dff cell `$procdff$6175' with positive edge clock.
Creating register for signal `\picorv32_pcpi_fast_mul.\active' using process `\picorv32_pcpi_fast_mul.$proc$../picorv32.v:2378$1741'.
  created $dff cell `$procdff$6176' with positive edge clock.
Creating register for signal `\picorv32_pcpi_fast_mul.\rs1' using process `\picorv32_pcpi_fast_mul.$proc$../picorv32.v:2378$1741'.
  created $dff cell `$procdff$6177' with positive edge clock.
Creating register for signal `\picorv32_pcpi_fast_mul.\rs2' using process `\picorv32_pcpi_fast_mul.$proc$../picorv32.v:2378$1741'.
  created $dff cell `$procdff$6178' with positive edge clock.
Creating register for signal `\picorv32_pcpi_fast_mul.\rs1_q' using process `\picorv32_pcpi_fast_mul.$proc$../picorv32.v:2364$1736'.
  created $dff cell `$procdff$6179' with positive edge clock.
Creating register for signal `\picorv32_pcpi_fast_mul.\rs2_q' using process `\picorv32_pcpi_fast_mul.$proc$../picorv32.v:2364$1736'.
  created $dff cell `$procdff$6180' with positive edge clock.
Creating register for signal `\picorv32_pcpi_fast_mul.\rd' using process `\picorv32_pcpi_fast_mul.$proc$../picorv32.v:2364$1736'.
  created $dff cell `$procdff$6181' with positive edge clock.
Creating register for signal `\picorv32_pcpi_fast_mul.\rd_q' using process `\picorv32_pcpi_fast_mul.$proc$../picorv32.v:2364$1736'.
  created $dff cell `$procdff$6182' with positive edge clock.
Creating register for signal `\picorv32_pcpi_fast_mul.\pcpi_insn_valid_q' using process `\picorv32_pcpi_fast_mul.$proc$../picorv32.v:2364$1736'.
  created $dff cell `$procdff$6183' with positive edge clock.
Creating register for signal `\spimemio_xfer.\flash_csb' using process `\spimemio_xfer.$proc$spimemio.v:535$1710'.
  created $dff cell `$procdff$6184' with positive edge clock.
Creating register for signal `\spimemio_xfer.\flash_clk' using process `\spimemio_xfer.$proc$spimemio.v:535$1710'.
  created $dff cell `$procdff$6185' with positive edge clock.
Creating register for signal `\spimemio_xfer.\xfer_dspi' using process `\spimemio_xfer.$proc$spimemio.v:535$1710'.
  created $dff cell `$procdff$6186' with positive edge clock.
Creating register for signal `\spimemio_xfer.\xfer_ddr' using process `\spimemio_xfer.$proc$spimemio.v:535$1710'.
  created $dff cell `$procdff$6187' with positive edge clock.
Creating register for signal `\spimemio_xfer.\obuffer' using process `\spimemio_xfer.$proc$spimemio.v:535$1710'.
  created $dff cell `$procdff$6188' with positive edge clock.
Creating register for signal `\spimemio_xfer.\ibuffer' using process `\spimemio_xfer.$proc$spimemio.v:535$1710'.
  created $dff cell `$procdff$6189' with positive edge clock.
Creating register for signal `\spimemio_xfer.\count' using process `\spimemio_xfer.$proc$spimemio.v:535$1710'.
  created $dff cell `$procdff$6190' with positive edge clock.
Creating register for signal `\spimemio_xfer.\dummy_count' using process `\spimemio_xfer.$proc$spimemio.v:535$1710'.
  created $dff cell `$procdff$6191' with positive edge clock.
Creating register for signal `\spimemio_xfer.\xfer_cont' using process `\spimemio_xfer.$proc$spimemio.v:535$1710'.
  created $dff cell `$procdff$6192' with positive edge clock.
Creating register for signal `\spimemio_xfer.\xfer_qspi' using process `\spimemio_xfer.$proc$spimemio.v:535$1710'.
  created $dff cell `$procdff$6193' with positive edge clock.
Creating register for signal `\spimemio_xfer.\xfer_rd' using process `\spimemio_xfer.$proc$spimemio.v:535$1710'.
  created $dff cell `$procdff$6194' with positive edge clock.
Creating register for signal `\spimemio_xfer.\xfer_tag' using process `\spimemio_xfer.$proc$spimemio.v:535$1710'.
  created $dff cell `$procdff$6195' with positive edge clock.
Creating register for signal `\spimemio_xfer.\fetch' using process `\spimemio_xfer.$proc$spimemio.v:535$1710'.
  created $dff cell `$procdff$6196' with positive edge clock.
Creating register for signal `\spimemio_xfer.\last_fetch' using process `\spimemio_xfer.$proc$spimemio.v:535$1710'.
  created $dff cell `$procdff$6197' with positive edge clock.
Creating register for signal `\spimemio_xfer.\xfer_ddr_q' using process `\spimemio_xfer.$proc$spimemio.v:436$1677'.
  created $dff cell `$procdff$6198' with positive edge clock.
Creating register for signal `\spimemio_xfer.\xfer_tag_q' using process `\spimemio_xfer.$proc$spimemio.v:436$1677'.
  created $dff cell `$procdff$6199' with positive edge clock.
Creating register for signal `$paramod$d10354c6a96dde45072006c7ddf03c042761ad93\picorv32.\trap' using process `$paramod$d10354c6a96dde45072006c7ddf03c042761ad93\picorv32.$proc$../picorv32.v:1402$1485'.
  created $dff cell `$procdff$6200' with positive edge clock.
Creating register for signal `$paramod$d10354c6a96dde45072006c7ddf03c042761ad93\picorv32.\pcpi_valid' using process `$paramod$d10354c6a96dde45072006c7ddf03c042761ad93\picorv32.$proc$../picorv32.v:1402$1485'.
  created $dff cell `$procdff$6201' with positive edge clock.
Creating register for signal `$paramod$d10354c6a96dde45072006c7ddf03c042761ad93\picorv32.\eoi' using process `$paramod$d10354c6a96dde45072006c7ddf03c042761ad93\picorv32.$proc$../picorv32.v:1402$1485'.
  created $dff cell `$procdff$6202' with positive edge clock.
Creating register for signal `$paramod$d10354c6a96dde45072006c7ddf03c042761ad93\picorv32.\trace_valid' using process `$paramod$d10354c6a96dde45072006c7ddf03c042761ad93\picorv32.$proc$../picorv32.v:1402$1485'.
  created $dff cell `$procdff$6203' with positive edge clock.
Creating register for signal `$paramod$d10354c6a96dde45072006c7ddf03c042761ad93\picorv32.\trace_data' using process `$paramod$d10354c6a96dde45072006c7ddf03c042761ad93\picorv32.$proc$../picorv32.v:1402$1485'.
  created $dff cell `$procdff$6204' with positive edge clock.
Creating register for signal `$paramod$d10354c6a96dde45072006c7ddf03c042761ad93\picorv32.\count_cycle' using process `$paramod$d10354c6a96dde45072006c7ddf03c042761ad93\picorv32.$proc$../picorv32.v:1402$1485'.
  created $dff cell `$procdff$6205' with positive edge clock.
Creating register for signal `$paramod$d10354c6a96dde45072006c7ddf03c042761ad93\picorv32.\count_instr' using process `$paramod$d10354c6a96dde45072006c7ddf03c042761ad93\picorv32.$proc$../picorv32.v:1402$1485'.
  created $dff cell `$procdff$6206' with positive edge clock.
Creating register for signal `$paramod$d10354c6a96dde45072006c7ddf03c042761ad93\picorv32.\reg_pc' using process `$paramod$d10354c6a96dde45072006c7ddf03c042761ad93\picorv32.$proc$../picorv32.v:1402$1485'.
  created $dff cell `$procdff$6207' with positive edge clock.
Creating register for signal `$paramod$d10354c6a96dde45072006c7ddf03c042761ad93\picorv32.\reg_next_pc' using process `$paramod$d10354c6a96dde45072006c7ddf03c042761ad93\picorv32.$proc$../picorv32.v:1402$1485'.
  created $dff cell `$procdff$6208' with positive edge clock.
Creating register for signal `$paramod$d10354c6a96dde45072006c7ddf03c042761ad93\picorv32.\reg_op1' using process `$paramod$d10354c6a96dde45072006c7ddf03c042761ad93\picorv32.$proc$../picorv32.v:1402$1485'.
  created $dff cell `$procdff$6209' with positive edge clock.
Creating register for signal `$paramod$d10354c6a96dde45072006c7ddf03c042761ad93\picorv32.\reg_op2' using process `$paramod$d10354c6a96dde45072006c7ddf03c042761ad93\picorv32.$proc$../picorv32.v:1402$1485'.
  created $dff cell `$procdff$6210' with positive edge clock.
Creating register for signal `$paramod$d10354c6a96dde45072006c7ddf03c042761ad93\picorv32.\reg_out' using process `$paramod$d10354c6a96dde45072006c7ddf03c042761ad93\picorv32.$proc$../picorv32.v:1402$1485'.
  created $dff cell `$procdff$6211' with positive edge clock.
Creating register for signal `$paramod$d10354c6a96dde45072006c7ddf03c042761ad93\picorv32.\reg_sh' using process `$paramod$d10354c6a96dde45072006c7ddf03c042761ad93\picorv32.$proc$../picorv32.v:1402$1485'.
  created $dff cell `$procdff$6212' with positive edge clock.
Creating register for signal `$paramod$d10354c6a96dde45072006c7ddf03c042761ad93\picorv32.\irq_delay' using process `$paramod$d10354c6a96dde45072006c7ddf03c042761ad93\picorv32.$proc$../picorv32.v:1402$1485'.
  created $dff cell `$procdff$6213' with positive edge clock.
Creating register for signal `$paramod$d10354c6a96dde45072006c7ddf03c042761ad93\picorv32.\irq_active' using process `$paramod$d10354c6a96dde45072006c7ddf03c042761ad93\picorv32.$proc$../picorv32.v:1402$1485'.
  created $dff cell `$procdff$6214' with positive edge clock.
Creating register for signal `$paramod$d10354c6a96dde45072006c7ddf03c042761ad93\picorv32.\irq_mask' using process `$paramod$d10354c6a96dde45072006c7ddf03c042761ad93\picorv32.$proc$../picorv32.v:1402$1485'.
  created $dff cell `$procdff$6215' with positive edge clock.
Creating register for signal `$paramod$d10354c6a96dde45072006c7ddf03c042761ad93\picorv32.\irq_pending' using process `$paramod$d10354c6a96dde45072006c7ddf03c042761ad93\picorv32.$proc$../picorv32.v:1402$1485'.
  created $dff cell `$procdff$6216' with positive edge clock.
Creating register for signal `$paramod$d10354c6a96dde45072006c7ddf03c042761ad93\picorv32.\timer' using process `$paramod$d10354c6a96dde45072006c7ddf03c042761ad93\picorv32.$proc$../picorv32.v:1402$1485'.
  created $dff cell `$procdff$6217' with positive edge clock.
Creating register for signal `$paramod$d10354c6a96dde45072006c7ddf03c042761ad93\picorv32.\mem_wordsize' using process `$paramod$d10354c6a96dde45072006c7ddf03c042761ad93\picorv32.$proc$../picorv32.v:1402$1485'.
  created $dff cell `$procdff$6218' with positive edge clock.
Creating register for signal `$paramod$d10354c6a96dde45072006c7ddf03c042761ad93\picorv32.\mem_do_prefetch' using process `$paramod$d10354c6a96dde45072006c7ddf03c042761ad93\picorv32.$proc$../picorv32.v:1402$1485'.
  created $dff cell `$procdff$6219' with positive edge clock.
Creating register for signal `$paramod$d10354c6a96dde45072006c7ddf03c042761ad93\picorv32.\mem_do_rinst' using process `$paramod$d10354c6a96dde45072006c7ddf03c042761ad93\picorv32.$proc$../picorv32.v:1402$1485'.
  created $dff cell `$procdff$6220' with positive edge clock.
Creating register for signal `$paramod$d10354c6a96dde45072006c7ddf03c042761ad93\picorv32.\mem_do_rdata' using process `$paramod$d10354c6a96dde45072006c7ddf03c042761ad93\picorv32.$proc$../picorv32.v:1402$1485'.
  created $dff cell `$procdff$6221' with positive edge clock.
Creating register for signal `$paramod$d10354c6a96dde45072006c7ddf03c042761ad93\picorv32.\mem_do_wdata' using process `$paramod$d10354c6a96dde45072006c7ddf03c042761ad93\picorv32.$proc$../picorv32.v:1402$1485'.
  created $dff cell `$procdff$6222' with positive edge clock.
Creating register for signal `$paramod$d10354c6a96dde45072006c7ddf03c042761ad93\picorv32.\decoder_trigger' using process `$paramod$d10354c6a96dde45072006c7ddf03c042761ad93\picorv32.$proc$../picorv32.v:1402$1485'.
  created $dff cell `$procdff$6223' with positive edge clock.
Creating register for signal `$paramod$d10354c6a96dde45072006c7ddf03c042761ad93\picorv32.\decoder_trigger_q' using process `$paramod$d10354c6a96dde45072006c7ddf03c042761ad93\picorv32.$proc$../picorv32.v:1402$1485'.
  created $dff cell `$procdff$6224' with positive edge clock.
Creating register for signal `$paramod$d10354c6a96dde45072006c7ddf03c042761ad93\picorv32.\decoder_pseudo_trigger' using process `$paramod$d10354c6a96dde45072006c7ddf03c042761ad93\picorv32.$proc$../picorv32.v:1402$1485'.
  created $dff cell `$procdff$6225' with positive edge clock.
Creating register for signal `$paramod$d10354c6a96dde45072006c7ddf03c042761ad93\picorv32.\decoder_pseudo_trigger_q' using process `$paramod$d10354c6a96dde45072006c7ddf03c042761ad93\picorv32.$proc$../picorv32.v:1402$1485'.
  created $dff cell `$procdff$6226' with positive edge clock.
Creating register for signal `$paramod$d10354c6a96dde45072006c7ddf03c042761ad93\picorv32.\dbg_rs1val' using process `$paramod$d10354c6a96dde45072006c7ddf03c042761ad93\picorv32.$proc$../picorv32.v:1402$1485'.
  created $dff cell `$procdff$6227' with positive edge clock.
Creating register for signal `$paramod$d10354c6a96dde45072006c7ddf03c042761ad93\picorv32.\dbg_rs2val' using process `$paramod$d10354c6a96dde45072006c7ddf03c042761ad93\picorv32.$proc$../picorv32.v:1402$1485'.
  created $dff cell `$procdff$6228' with positive edge clock.
Creating register for signal `$paramod$d10354c6a96dde45072006c7ddf03c042761ad93\picorv32.\dbg_rs1val_valid' using process `$paramod$d10354c6a96dde45072006c7ddf03c042761ad93\picorv32.$proc$../picorv32.v:1402$1485'.
  created $dff cell `$procdff$6229' with positive edge clock.
Creating register for signal `$paramod$d10354c6a96dde45072006c7ddf03c042761ad93\picorv32.\dbg_rs2val_valid' using process `$paramod$d10354c6a96dde45072006c7ddf03c042761ad93\picorv32.$proc$../picorv32.v:1402$1485'.
  created $dff cell `$procdff$6230' with positive edge clock.
Creating register for signal `$paramod$d10354c6a96dde45072006c7ddf03c042761ad93\picorv32.\cpu_state' using process `$paramod$d10354c6a96dde45072006c7ddf03c042761ad93\picorv32.$proc$../picorv32.v:1402$1485'.
  created $dff cell `$procdff$6231' with positive edge clock.
Creating register for signal `$paramod$d10354c6a96dde45072006c7ddf03c042761ad93\picorv32.\irq_state' using process `$paramod$d10354c6a96dde45072006c7ddf03c042761ad93\picorv32.$proc$../picorv32.v:1402$1485'.
  created $dff cell `$procdff$6232' with positive edge clock.
Creating register for signal `$paramod$d10354c6a96dde45072006c7ddf03c042761ad93\picorv32.\set_mem_do_rinst' using process `$paramod$d10354c6a96dde45072006c7ddf03c042761ad93\picorv32.$proc$../picorv32.v:1402$1485'.
  created $dff cell `$procdff$6233' with positive edge clock.
Creating register for signal `$paramod$d10354c6a96dde45072006c7ddf03c042761ad93\picorv32.\set_mem_do_rdata' using process `$paramod$d10354c6a96dde45072006c7ddf03c042761ad93\picorv32.$proc$../picorv32.v:1402$1485'.
  created $dff cell `$procdff$6234' with positive edge clock.
Creating register for signal `$paramod$d10354c6a96dde45072006c7ddf03c042761ad93\picorv32.\set_mem_do_wdata' using process `$paramod$d10354c6a96dde45072006c7ddf03c042761ad93\picorv32.$proc$../picorv32.v:1402$1485'.
  created $dff cell `$procdff$6235' with positive edge clock.
Creating register for signal `$paramod$d10354c6a96dde45072006c7ddf03c042761ad93\picorv32.\latched_store' using process `$paramod$d10354c6a96dde45072006c7ddf03c042761ad93\picorv32.$proc$../picorv32.v:1402$1485'.
  created $dff cell `$procdff$6236' with positive edge clock.
Creating register for signal `$paramod$d10354c6a96dde45072006c7ddf03c042761ad93\picorv32.\latched_stalu' using process `$paramod$d10354c6a96dde45072006c7ddf03c042761ad93\picorv32.$proc$../picorv32.v:1402$1485'.
  created $dff cell `$procdff$6237' with positive edge clock.
Creating register for signal `$paramod$d10354c6a96dde45072006c7ddf03c042761ad93\picorv32.\latched_branch' using process `$paramod$d10354c6a96dde45072006c7ddf03c042761ad93\picorv32.$proc$../picorv32.v:1402$1485'.
  created $dff cell `$procdff$6238' with positive edge clock.
Creating register for signal `$paramod$d10354c6a96dde45072006c7ddf03c042761ad93\picorv32.\latched_compr' using process `$paramod$d10354c6a96dde45072006c7ddf03c042761ad93\picorv32.$proc$../picorv32.v:1402$1485'.
  created $dff cell `$procdff$6239' with positive edge clock.
Creating register for signal `$paramod$d10354c6a96dde45072006c7ddf03c042761ad93\picorv32.\latched_trace' using process `$paramod$d10354c6a96dde45072006c7ddf03c042761ad93\picorv32.$proc$../picorv32.v:1402$1485'.
  created $dff cell `$procdff$6240' with positive edge clock.
Creating register for signal `$paramod$d10354c6a96dde45072006c7ddf03c042761ad93\picorv32.\latched_is_lu' using process `$paramod$d10354c6a96dde45072006c7ddf03c042761ad93\picorv32.$proc$../picorv32.v:1402$1485'.
  created $dff cell `$procdff$6241' with positive edge clock.
Creating register for signal `$paramod$d10354c6a96dde45072006c7ddf03c042761ad93\picorv32.\latched_is_lh' using process `$paramod$d10354c6a96dde45072006c7ddf03c042761ad93\picorv32.$proc$../picorv32.v:1402$1485'.
  created $dff cell `$procdff$6242' with positive edge clock.
Creating register for signal `$paramod$d10354c6a96dde45072006c7ddf03c042761ad93\picorv32.\latched_is_lb' using process `$paramod$d10354c6a96dde45072006c7ddf03c042761ad93\picorv32.$proc$../picorv32.v:1402$1485'.
  created $dff cell `$procdff$6243' with positive edge clock.
Creating register for signal `$paramod$d10354c6a96dde45072006c7ddf03c042761ad93\picorv32.\latched_rd' using process `$paramod$d10354c6a96dde45072006c7ddf03c042761ad93\picorv32.$proc$../picorv32.v:1402$1485'.
  created $dff cell `$procdff$6244' with positive edge clock.
Creating register for signal `$paramod$d10354c6a96dde45072006c7ddf03c042761ad93\picorv32.\current_pc' using process `$paramod$d10354c6a96dde45072006c7ddf03c042761ad93\picorv32.$proc$../picorv32.v:1402$1485'.
  created $dff cell `$procdff$6245' with positive edge clock.
Creating register for signal `$paramod$d10354c6a96dde45072006c7ddf03c042761ad93\picorv32.\pcpi_timeout_counter' using process `$paramod$d10354c6a96dde45072006c7ddf03c042761ad93\picorv32.$proc$../picorv32.v:1402$1485'.
  created $dff cell `$procdff$6246' with positive edge clock.
Creating register for signal `$paramod$d10354c6a96dde45072006c7ddf03c042761ad93\picorv32.\pcpi_timeout' using process `$paramod$d10354c6a96dde45072006c7ddf03c042761ad93\picorv32.$proc$../picorv32.v:1402$1485'.
  created $dff cell `$procdff$6247' with positive edge clock.
Creating register for signal `$paramod$d10354c6a96dde45072006c7ddf03c042761ad93\picorv32.\next_irq_pending' using process `$paramod$d10354c6a96dde45072006c7ddf03c042761ad93\picorv32.$proc$../picorv32.v:1402$1485'.
  created $dff cell `$procdff$6248' with positive edge clock.
Creating register for signal `$paramod$d10354c6a96dde45072006c7ddf03c042761ad93\picorv32.\do_waitirq' using process `$paramod$d10354c6a96dde45072006c7ddf03c042761ad93\picorv32.$proc$../picorv32.v:1402$1485'.
  created $dff cell `$procdff$6249' with positive edge clock.
Creating register for signal `$paramod$d10354c6a96dde45072006c7ddf03c042761ad93\picorv32.\alu_out_q' using process `$paramod$d10354c6a96dde45072006c7ddf03c042761ad93\picorv32.$proc$../picorv32.v:1402$1485'.
  created $dff cell `$procdff$6250' with positive edge clock.
Creating register for signal `$paramod$d10354c6a96dde45072006c7ddf03c042761ad93\picorv32.\alu_out_0_q' using process `$paramod$d10354c6a96dde45072006c7ddf03c042761ad93\picorv32.$proc$../picorv32.v:1402$1485'.
  created $dff cell `$procdff$6251' with positive edge clock.
Creating register for signal `$paramod$d10354c6a96dde45072006c7ddf03c042761ad93\picorv32.\alu_wait' using process `$paramod$d10354c6a96dde45072006c7ddf03c042761ad93\picorv32.$proc$../picorv32.v:1402$1485'.
  created $dff cell `$procdff$6252' with positive edge clock.
Creating register for signal `$paramod$d10354c6a96dde45072006c7ddf03c042761ad93\picorv32.\alu_wait_2' using process `$paramod$d10354c6a96dde45072006c7ddf03c042761ad93\picorv32.$proc$../picorv32.v:1402$1485'.
  created $dff cell `$procdff$6253' with positive edge clock.
Creating register for signal `$paramod$d10354c6a96dde45072006c7ddf03c042761ad93\picorv32.\clear_prefetched_high_word_q' using process `$paramod$d10354c6a96dde45072006c7ddf03c042761ad93\picorv32.$proc$../picorv32.v:1293$1451'.
  created $dff cell `$procdff$6254' with positive edge clock.
Creating register for signal `$paramod$d10354c6a96dde45072006c7ddf03c042761ad93\picorv32.\pcpi_insn' using process `$paramod$d10354c6a96dde45072006c7ddf03c042761ad93\picorv32.$proc$../picorv32.v:858$1154'.
  created $dff cell `$procdff$6255' with positive edge clock.
Creating register for signal `$paramod$d10354c6a96dde45072006c7ddf03c042761ad93\picorv32.\instr_lui' using process `$paramod$d10354c6a96dde45072006c7ddf03c042761ad93\picorv32.$proc$../picorv32.v:858$1154'.
  created $dff cell `$procdff$6256' with positive edge clock.
Creating register for signal `$paramod$d10354c6a96dde45072006c7ddf03c042761ad93\picorv32.\instr_auipc' using process `$paramod$d10354c6a96dde45072006c7ddf03c042761ad93\picorv32.$proc$../picorv32.v:858$1154'.
  created $dff cell `$procdff$6257' with positive edge clock.
Creating register for signal `$paramod$d10354c6a96dde45072006c7ddf03c042761ad93\picorv32.\instr_jal' using process `$paramod$d10354c6a96dde45072006c7ddf03c042761ad93\picorv32.$proc$../picorv32.v:858$1154'.
  created $dff cell `$procdff$6258' with positive edge clock.
Creating register for signal `$paramod$d10354c6a96dde45072006c7ddf03c042761ad93\picorv32.\instr_jalr' using process `$paramod$d10354c6a96dde45072006c7ddf03c042761ad93\picorv32.$proc$../picorv32.v:858$1154'.
  created $dff cell `$procdff$6259' with positive edge clock.
Creating register for signal `$paramod$d10354c6a96dde45072006c7ddf03c042761ad93\picorv32.\instr_beq' using process `$paramod$d10354c6a96dde45072006c7ddf03c042761ad93\picorv32.$proc$../picorv32.v:858$1154'.
  created $dff cell `$procdff$6260' with positive edge clock.
Creating register for signal `$paramod$d10354c6a96dde45072006c7ddf03c042761ad93\picorv32.\instr_bne' using process `$paramod$d10354c6a96dde45072006c7ddf03c042761ad93\picorv32.$proc$../picorv32.v:858$1154'.
  created $dff cell `$procdff$6261' with positive edge clock.
Creating register for signal `$paramod$d10354c6a96dde45072006c7ddf03c042761ad93\picorv32.\instr_blt' using process `$paramod$d10354c6a96dde45072006c7ddf03c042761ad93\picorv32.$proc$../picorv32.v:858$1154'.
  created $dff cell `$procdff$6262' with positive edge clock.
Creating register for signal `$paramod$d10354c6a96dde45072006c7ddf03c042761ad93\picorv32.\instr_bge' using process `$paramod$d10354c6a96dde45072006c7ddf03c042761ad93\picorv32.$proc$../picorv32.v:858$1154'.
  created $dff cell `$procdff$6263' with positive edge clock.
Creating register for signal `$paramod$d10354c6a96dde45072006c7ddf03c042761ad93\picorv32.\instr_bltu' using process `$paramod$d10354c6a96dde45072006c7ddf03c042761ad93\picorv32.$proc$../picorv32.v:858$1154'.
  created $dff cell `$procdff$6264' with positive edge clock.
Creating register for signal `$paramod$d10354c6a96dde45072006c7ddf03c042761ad93\picorv32.\instr_bgeu' using process `$paramod$d10354c6a96dde45072006c7ddf03c042761ad93\picorv32.$proc$../picorv32.v:858$1154'.
  created $dff cell `$procdff$6265' with positive edge clock.
Creating register for signal `$paramod$d10354c6a96dde45072006c7ddf03c042761ad93\picorv32.\instr_lb' using process `$paramod$d10354c6a96dde45072006c7ddf03c042761ad93\picorv32.$proc$../picorv32.v:858$1154'.
  created $dff cell `$procdff$6266' with positive edge clock.
Creating register for signal `$paramod$d10354c6a96dde45072006c7ddf03c042761ad93\picorv32.\instr_lh' using process `$paramod$d10354c6a96dde45072006c7ddf03c042761ad93\picorv32.$proc$../picorv32.v:858$1154'.
  created $dff cell `$procdff$6267' with positive edge clock.
Creating register for signal `$paramod$d10354c6a96dde45072006c7ddf03c042761ad93\picorv32.\instr_lw' using process `$paramod$d10354c6a96dde45072006c7ddf03c042761ad93\picorv32.$proc$../picorv32.v:858$1154'.
  created $dff cell `$procdff$6268' with positive edge clock.
Creating register for signal `$paramod$d10354c6a96dde45072006c7ddf03c042761ad93\picorv32.\instr_lbu' using process `$paramod$d10354c6a96dde45072006c7ddf03c042761ad93\picorv32.$proc$../picorv32.v:858$1154'.
  created $dff cell `$procdff$6269' with positive edge clock.
Creating register for signal `$paramod$d10354c6a96dde45072006c7ddf03c042761ad93\picorv32.\instr_lhu' using process `$paramod$d10354c6a96dde45072006c7ddf03c042761ad93\picorv32.$proc$../picorv32.v:858$1154'.
  created $dff cell `$procdff$6270' with positive edge clock.
Creating register for signal `$paramod$d10354c6a96dde45072006c7ddf03c042761ad93\picorv32.\instr_sb' using process `$paramod$d10354c6a96dde45072006c7ddf03c042761ad93\picorv32.$proc$../picorv32.v:858$1154'.
  created $dff cell `$procdff$6271' with positive edge clock.
Creating register for signal `$paramod$d10354c6a96dde45072006c7ddf03c042761ad93\picorv32.\instr_sh' using process `$paramod$d10354c6a96dde45072006c7ddf03c042761ad93\picorv32.$proc$../picorv32.v:858$1154'.
  created $dff cell `$procdff$6272' with positive edge clock.
Creating register for signal `$paramod$d10354c6a96dde45072006c7ddf03c042761ad93\picorv32.\instr_sw' using process `$paramod$d10354c6a96dde45072006c7ddf03c042761ad93\picorv32.$proc$../picorv32.v:858$1154'.
  created $dff cell `$procdff$6273' with positive edge clock.
Creating register for signal `$paramod$d10354c6a96dde45072006c7ddf03c042761ad93\picorv32.\instr_addi' using process `$paramod$d10354c6a96dde45072006c7ddf03c042761ad93\picorv32.$proc$../picorv32.v:858$1154'.
  created $dff cell `$procdff$6274' with positive edge clock.
Creating register for signal `$paramod$d10354c6a96dde45072006c7ddf03c042761ad93\picorv32.\instr_slti' using process `$paramod$d10354c6a96dde45072006c7ddf03c042761ad93\picorv32.$proc$../picorv32.v:858$1154'.
  created $dff cell `$procdff$6275' with positive edge clock.
Creating register for signal `$paramod$d10354c6a96dde45072006c7ddf03c042761ad93\picorv32.\instr_sltiu' using process `$paramod$d10354c6a96dde45072006c7ddf03c042761ad93\picorv32.$proc$../picorv32.v:858$1154'.
  created $dff cell `$procdff$6276' with positive edge clock.
Creating register for signal `$paramod$d10354c6a96dde45072006c7ddf03c042761ad93\picorv32.\instr_xori' using process `$paramod$d10354c6a96dde45072006c7ddf03c042761ad93\picorv32.$proc$../picorv32.v:858$1154'.
  created $dff cell `$procdff$6277' with positive edge clock.
Creating register for signal `$paramod$d10354c6a96dde45072006c7ddf03c042761ad93\picorv32.\instr_ori' using process `$paramod$d10354c6a96dde45072006c7ddf03c042761ad93\picorv32.$proc$../picorv32.v:858$1154'.
  created $dff cell `$procdff$6278' with positive edge clock.
Creating register for signal `$paramod$d10354c6a96dde45072006c7ddf03c042761ad93\picorv32.\instr_andi' using process `$paramod$d10354c6a96dde45072006c7ddf03c042761ad93\picorv32.$proc$../picorv32.v:858$1154'.
  created $dff cell `$procdff$6279' with positive edge clock.
Creating register for signal `$paramod$d10354c6a96dde45072006c7ddf03c042761ad93\picorv32.\instr_slli' using process `$paramod$d10354c6a96dde45072006c7ddf03c042761ad93\picorv32.$proc$../picorv32.v:858$1154'.
  created $dff cell `$procdff$6280' with positive edge clock.
Creating register for signal `$paramod$d10354c6a96dde45072006c7ddf03c042761ad93\picorv32.\instr_srli' using process `$paramod$d10354c6a96dde45072006c7ddf03c042761ad93\picorv32.$proc$../picorv32.v:858$1154'.
  created $dff cell `$procdff$6281' with positive edge clock.
Creating register for signal `$paramod$d10354c6a96dde45072006c7ddf03c042761ad93\picorv32.\instr_srai' using process `$paramod$d10354c6a96dde45072006c7ddf03c042761ad93\picorv32.$proc$../picorv32.v:858$1154'.
  created $dff cell `$procdff$6282' with positive edge clock.
Creating register for signal `$paramod$d10354c6a96dde45072006c7ddf03c042761ad93\picorv32.\instr_add' using process `$paramod$d10354c6a96dde45072006c7ddf03c042761ad93\picorv32.$proc$../picorv32.v:858$1154'.
  created $dff cell `$procdff$6283' with positive edge clock.
Creating register for signal `$paramod$d10354c6a96dde45072006c7ddf03c042761ad93\picorv32.\instr_sub' using process `$paramod$d10354c6a96dde45072006c7ddf03c042761ad93\picorv32.$proc$../picorv32.v:858$1154'.
  created $dff cell `$procdff$6284' with positive edge clock.
Creating register for signal `$paramod$d10354c6a96dde45072006c7ddf03c042761ad93\picorv32.\instr_sll' using process `$paramod$d10354c6a96dde45072006c7ddf03c042761ad93\picorv32.$proc$../picorv32.v:858$1154'.
  created $dff cell `$procdff$6285' with positive edge clock.
Creating register for signal `$paramod$d10354c6a96dde45072006c7ddf03c042761ad93\picorv32.\instr_slt' using process `$paramod$d10354c6a96dde45072006c7ddf03c042761ad93\picorv32.$proc$../picorv32.v:858$1154'.
  created $dff cell `$procdff$6286' with positive edge clock.
Creating register for signal `$paramod$d10354c6a96dde45072006c7ddf03c042761ad93\picorv32.\instr_sltu' using process `$paramod$d10354c6a96dde45072006c7ddf03c042761ad93\picorv32.$proc$../picorv32.v:858$1154'.
  created $dff cell `$procdff$6287' with positive edge clock.
Creating register for signal `$paramod$d10354c6a96dde45072006c7ddf03c042761ad93\picorv32.\instr_xor' using process `$paramod$d10354c6a96dde45072006c7ddf03c042761ad93\picorv32.$proc$../picorv32.v:858$1154'.
  created $dff cell `$procdff$6288' with positive edge clock.
Creating register for signal `$paramod$d10354c6a96dde45072006c7ddf03c042761ad93\picorv32.\instr_srl' using process `$paramod$d10354c6a96dde45072006c7ddf03c042761ad93\picorv32.$proc$../picorv32.v:858$1154'.
  created $dff cell `$procdff$6289' with positive edge clock.
Creating register for signal `$paramod$d10354c6a96dde45072006c7ddf03c042761ad93\picorv32.\instr_sra' using process `$paramod$d10354c6a96dde45072006c7ddf03c042761ad93\picorv32.$proc$../picorv32.v:858$1154'.
  created $dff cell `$procdff$6290' with positive edge clock.
Creating register for signal `$paramod$d10354c6a96dde45072006c7ddf03c042761ad93\picorv32.\instr_or' using process `$paramod$d10354c6a96dde45072006c7ddf03c042761ad93\picorv32.$proc$../picorv32.v:858$1154'.
  created $dff cell `$procdff$6291' with positive edge clock.
Creating register for signal `$paramod$d10354c6a96dde45072006c7ddf03c042761ad93\picorv32.\instr_and' using process `$paramod$d10354c6a96dde45072006c7ddf03c042761ad93\picorv32.$proc$../picorv32.v:858$1154'.
  created $dff cell `$procdff$6292' with positive edge clock.
Creating register for signal `$paramod$d10354c6a96dde45072006c7ddf03c042761ad93\picorv32.\instr_rdcycle' using process `$paramod$d10354c6a96dde45072006c7ddf03c042761ad93\picorv32.$proc$../picorv32.v:858$1154'.
  created $dff cell `$procdff$6293' with positive edge clock.
Creating register for signal `$paramod$d10354c6a96dde45072006c7ddf03c042761ad93\picorv32.\instr_rdcycleh' using process `$paramod$d10354c6a96dde45072006c7ddf03c042761ad93\picorv32.$proc$../picorv32.v:858$1154'.
  created $dff cell `$procdff$6294' with positive edge clock.
Creating register for signal `$paramod$d10354c6a96dde45072006c7ddf03c042761ad93\picorv32.\instr_rdinstr' using process `$paramod$d10354c6a96dde45072006c7ddf03c042761ad93\picorv32.$proc$../picorv32.v:858$1154'.
  created $dff cell `$procdff$6295' with positive edge clock.
Creating register for signal `$paramod$d10354c6a96dde45072006c7ddf03c042761ad93\picorv32.\instr_rdinstrh' using process `$paramod$d10354c6a96dde45072006c7ddf03c042761ad93\picorv32.$proc$../picorv32.v:858$1154'.
  created $dff cell `$procdff$6296' with positive edge clock.
Creating register for signal `$paramod$d10354c6a96dde45072006c7ddf03c042761ad93\picorv32.\instr_ecall_ebreak' using process `$paramod$d10354c6a96dde45072006c7ddf03c042761ad93\picorv32.$proc$../picorv32.v:858$1154'.
  created $dff cell `$procdff$6297' with positive edge clock.
Creating register for signal `$paramod$d10354c6a96dde45072006c7ddf03c042761ad93\picorv32.\instr_fence' using process `$paramod$d10354c6a96dde45072006c7ddf03c042761ad93\picorv32.$proc$../picorv32.v:858$1154'.
  created $dff cell `$procdff$6298' with positive edge clock.
Creating register for signal `$paramod$d10354c6a96dde45072006c7ddf03c042761ad93\picorv32.\instr_getq' using process `$paramod$d10354c6a96dde45072006c7ddf03c042761ad93\picorv32.$proc$../picorv32.v:858$1154'.
  created $dff cell `$procdff$6299' with positive edge clock.
Creating register for signal `$paramod$d10354c6a96dde45072006c7ddf03c042761ad93\picorv32.\instr_setq' using process `$paramod$d10354c6a96dde45072006c7ddf03c042761ad93\picorv32.$proc$../picorv32.v:858$1154'.
  created $dff cell `$procdff$6300' with positive edge clock.
Creating register for signal `$paramod$d10354c6a96dde45072006c7ddf03c042761ad93\picorv32.\instr_retirq' using process `$paramod$d10354c6a96dde45072006c7ddf03c042761ad93\picorv32.$proc$../picorv32.v:858$1154'.
  created $dff cell `$procdff$6301' with positive edge clock.
Creating register for signal `$paramod$d10354c6a96dde45072006c7ddf03c042761ad93\picorv32.\instr_maskirq' using process `$paramod$d10354c6a96dde45072006c7ddf03c042761ad93\picorv32.$proc$../picorv32.v:858$1154'.
  created $dff cell `$procdff$6302' with positive edge clock.
Creating register for signal `$paramod$d10354c6a96dde45072006c7ddf03c042761ad93\picorv32.\instr_waitirq' using process `$paramod$d10354c6a96dde45072006c7ddf03c042761ad93\picorv32.$proc$../picorv32.v:858$1154'.
  created $dff cell `$procdff$6303' with positive edge clock.
Creating register for signal `$paramod$d10354c6a96dde45072006c7ddf03c042761ad93\picorv32.\instr_timer' using process `$paramod$d10354c6a96dde45072006c7ddf03c042761ad93\picorv32.$proc$../picorv32.v:858$1154'.
  created $dff cell `$procdff$6304' with positive edge clock.
Creating register for signal `$paramod$d10354c6a96dde45072006c7ddf03c042761ad93\picorv32.\decoded_rd' using process `$paramod$d10354c6a96dde45072006c7ddf03c042761ad93\picorv32.$proc$../picorv32.v:858$1154'.
  created $dff cell `$procdff$6305' with positive edge clock.
Creating register for signal `$paramod$d10354c6a96dde45072006c7ddf03c042761ad93\picorv32.\decoded_rs1' using process `$paramod$d10354c6a96dde45072006c7ddf03c042761ad93\picorv32.$proc$../picorv32.v:858$1154'.
  created $dff cell `$procdff$6306' with positive edge clock.
Creating register for signal `$paramod$d10354c6a96dde45072006c7ddf03c042761ad93\picorv32.\decoded_rs2' using process `$paramod$d10354c6a96dde45072006c7ddf03c042761ad93\picorv32.$proc$../picorv32.v:858$1154'.
  created $dff cell `$procdff$6307' with positive edge clock.
Creating register for signal `$paramod$d10354c6a96dde45072006c7ddf03c042761ad93\picorv32.\decoded_imm' using process `$paramod$d10354c6a96dde45072006c7ddf03c042761ad93\picorv32.$proc$../picorv32.v:858$1154'.
  created $dff cell `$procdff$6308' with positive edge clock.
Creating register for signal `$paramod$d10354c6a96dde45072006c7ddf03c042761ad93\picorv32.\decoded_imm_j' using process `$paramod$d10354c6a96dde45072006c7ddf03c042761ad93\picorv32.$proc$../picorv32.v:858$1154'.
  created $dff cell `$procdff$6309' with positive edge clock.
Creating register for signal `$paramod$d10354c6a96dde45072006c7ddf03c042761ad93\picorv32.\compressed_instr' using process `$paramod$d10354c6a96dde45072006c7ddf03c042761ad93\picorv32.$proc$../picorv32.v:858$1154'.
  created $dff cell `$procdff$6310' with positive edge clock.
Creating register for signal `$paramod$d10354c6a96dde45072006c7ddf03c042761ad93\picorv32.\is_lui_auipc_jal' using process `$paramod$d10354c6a96dde45072006c7ddf03c042761ad93\picorv32.$proc$../picorv32.v:858$1154'.
  created $dff cell `$procdff$6311' with positive edge clock.
Creating register for signal `$paramod$d10354c6a96dde45072006c7ddf03c042761ad93\picorv32.\is_lb_lh_lw_lbu_lhu' using process `$paramod$d10354c6a96dde45072006c7ddf03c042761ad93\picorv32.$proc$../picorv32.v:858$1154'.
  created $dff cell `$procdff$6312' with positive edge clock.
Creating register for signal `$paramod$d10354c6a96dde45072006c7ddf03c042761ad93\picorv32.\is_slli_srli_srai' using process `$paramod$d10354c6a96dde45072006c7ddf03c042761ad93\picorv32.$proc$../picorv32.v:858$1154'.
  created $dff cell `$procdff$6313' with positive edge clock.
Creating register for signal `$paramod$d10354c6a96dde45072006c7ddf03c042761ad93\picorv32.\is_jalr_addi_slti_sltiu_xori_ori_andi' using process `$paramod$d10354c6a96dde45072006c7ddf03c042761ad93\picorv32.$proc$../picorv32.v:858$1154'.
  created $dff cell `$procdff$6314' with positive edge clock.
Creating register for signal `$paramod$d10354c6a96dde45072006c7ddf03c042761ad93\picorv32.\is_sb_sh_sw' using process `$paramod$d10354c6a96dde45072006c7ddf03c042761ad93\picorv32.$proc$../picorv32.v:858$1154'.
  created $dff cell `$procdff$6315' with positive edge clock.
Creating register for signal `$paramod$d10354c6a96dde45072006c7ddf03c042761ad93\picorv32.\is_sll_srl_sra' using process `$paramod$d10354c6a96dde45072006c7ddf03c042761ad93\picorv32.$proc$../picorv32.v:858$1154'.
  created $dff cell `$procdff$6316' with positive edge clock.
Creating register for signal `$paramod$d10354c6a96dde45072006c7ddf03c042761ad93\picorv32.\is_lui_auipc_jal_jalr_addi_add_sub' using process `$paramod$d10354c6a96dde45072006c7ddf03c042761ad93\picorv32.$proc$../picorv32.v:858$1154'.
  created $dff cell `$procdff$6317' with positive edge clock.
Creating register for signal `$paramod$d10354c6a96dde45072006c7ddf03c042761ad93\picorv32.\is_slti_blt_slt' using process `$paramod$d10354c6a96dde45072006c7ddf03c042761ad93\picorv32.$proc$../picorv32.v:858$1154'.
  created $dff cell `$procdff$6318' with positive edge clock.
Creating register for signal `$paramod$d10354c6a96dde45072006c7ddf03c042761ad93\picorv32.\is_sltiu_bltu_sltu' using process `$paramod$d10354c6a96dde45072006c7ddf03c042761ad93\picorv32.$proc$../picorv32.v:858$1154'.
  created $dff cell `$procdff$6319' with positive edge clock.
Creating register for signal `$paramod$d10354c6a96dde45072006c7ddf03c042761ad93\picorv32.\is_beq_bne_blt_bge_bltu_bgeu' using process `$paramod$d10354c6a96dde45072006c7ddf03c042761ad93\picorv32.$proc$../picorv32.v:858$1154'.
  created $dff cell `$procdff$6320' with positive edge clock.
Creating register for signal `$paramod$d10354c6a96dde45072006c7ddf03c042761ad93\picorv32.\is_lbu_lhu_lw' using process `$paramod$d10354c6a96dde45072006c7ddf03c042761ad93\picorv32.$proc$../picorv32.v:858$1154'.
  created $dff cell `$procdff$6321' with positive edge clock.
Creating register for signal `$paramod$d10354c6a96dde45072006c7ddf03c042761ad93\picorv32.\is_alu_reg_imm' using process `$paramod$d10354c6a96dde45072006c7ddf03c042761ad93\picorv32.$proc$../picorv32.v:858$1154'.
  created $dff cell `$procdff$6322' with positive edge clock.
Creating register for signal `$paramod$d10354c6a96dde45072006c7ddf03c042761ad93\picorv32.\is_alu_reg_reg' using process `$paramod$d10354c6a96dde45072006c7ddf03c042761ad93\picorv32.$proc$../picorv32.v:858$1154'.
  created $dff cell `$procdff$6323' with positive edge clock.
Creating register for signal `$paramod$d10354c6a96dde45072006c7ddf03c042761ad93\picorv32.\is_compare' using process `$paramod$d10354c6a96dde45072006c7ddf03c042761ad93\picorv32.$proc$../picorv32.v:858$1154'.
  created $dff cell `$procdff$6324' with positive edge clock.
Creating register for signal `$paramod$d10354c6a96dde45072006c7ddf03c042761ad93\picorv32.\dbg_insn_addr' using process `$paramod$d10354c6a96dde45072006c7ddf03c042761ad93\picorv32.$proc$../picorv32.v:778$1148'.
  created $dff cell `$procdff$6325' with positive edge clock.
Creating register for signal `$paramod$d10354c6a96dde45072006c7ddf03c042761ad93\picorv32.\q_ascii_instr' using process `$paramod$d10354c6a96dde45072006c7ddf03c042761ad93\picorv32.$proc$../picorv32.v:778$1148'.
  created $dff cell `$procdff$6326' with positive edge clock.
Creating register for signal `$paramod$d10354c6a96dde45072006c7ddf03c042761ad93\picorv32.\q_insn_imm' using process `$paramod$d10354c6a96dde45072006c7ddf03c042761ad93\picorv32.$proc$../picorv32.v:778$1148'.
  created $dff cell `$procdff$6327' with positive edge clock.
Creating register for signal `$paramod$d10354c6a96dde45072006c7ddf03c042761ad93\picorv32.\q_insn_opcode' using process `$paramod$d10354c6a96dde45072006c7ddf03c042761ad93\picorv32.$proc$../picorv32.v:778$1148'.
  created $dff cell `$procdff$6328' with positive edge clock.
Creating register for signal `$paramod$d10354c6a96dde45072006c7ddf03c042761ad93\picorv32.\q_insn_rs1' using process `$paramod$d10354c6a96dde45072006c7ddf03c042761ad93\picorv32.$proc$../picorv32.v:778$1148'.
  created $dff cell `$procdff$6329' with positive edge clock.
Creating register for signal `$paramod$d10354c6a96dde45072006c7ddf03c042761ad93\picorv32.\q_insn_rs2' using process `$paramod$d10354c6a96dde45072006c7ddf03c042761ad93\picorv32.$proc$../picorv32.v:778$1148'.
  created $dff cell `$procdff$6330' with positive edge clock.
Creating register for signal `$paramod$d10354c6a96dde45072006c7ddf03c042761ad93\picorv32.\q_insn_rd' using process `$paramod$d10354c6a96dde45072006c7ddf03c042761ad93\picorv32.$proc$../picorv32.v:778$1148'.
  created $dff cell `$procdff$6331' with positive edge clock.
Creating register for signal `$paramod$d10354c6a96dde45072006c7ddf03c042761ad93\picorv32.\dbg_next' using process `$paramod$d10354c6a96dde45072006c7ddf03c042761ad93\picorv32.$proc$../picorv32.v:778$1148'.
  created $dff cell `$procdff$6332' with positive edge clock.
Creating register for signal `$paramod$d10354c6a96dde45072006c7ddf03c042761ad93\picorv32.\dbg_valid_insn' using process `$paramod$d10354c6a96dde45072006c7ddf03c042761ad93\picorv32.$proc$../picorv32.v:778$1148'.
  created $dff cell `$procdff$6333' with positive edge clock.
Creating register for signal `$paramod$d10354c6a96dde45072006c7ddf03c042761ad93\picorv32.\cached_ascii_instr' using process `$paramod$d10354c6a96dde45072006c7ddf03c042761ad93\picorv32.$proc$../picorv32.v:778$1148'.
  created $dff cell `$procdff$6334' with positive edge clock.
Creating register for signal `$paramod$d10354c6a96dde45072006c7ddf03c042761ad93\picorv32.\cached_insn_imm' using process `$paramod$d10354c6a96dde45072006c7ddf03c042761ad93\picorv32.$proc$../picorv32.v:778$1148'.
  created $dff cell `$procdff$6335' with positive edge clock.
Creating register for signal `$paramod$d10354c6a96dde45072006c7ddf03c042761ad93\picorv32.\cached_insn_opcode' using process `$paramod$d10354c6a96dde45072006c7ddf03c042761ad93\picorv32.$proc$../picorv32.v:778$1148'.
  created $dff cell `$procdff$6336' with positive edge clock.
Creating register for signal `$paramod$d10354c6a96dde45072006c7ddf03c042761ad93\picorv32.\cached_insn_rs1' using process `$paramod$d10354c6a96dde45072006c7ddf03c042761ad93\picorv32.$proc$../picorv32.v:778$1148'.
  created $dff cell `$procdff$6337' with positive edge clock.
Creating register for signal `$paramod$d10354c6a96dde45072006c7ddf03c042761ad93\picorv32.\cached_insn_rs2' using process `$paramod$d10354c6a96dde45072006c7ddf03c042761ad93\picorv32.$proc$../picorv32.v:778$1148'.
  created $dff cell `$procdff$6338' with positive edge clock.
Creating register for signal `$paramod$d10354c6a96dde45072006c7ddf03c042761ad93\picorv32.\cached_insn_rd' using process `$paramod$d10354c6a96dde45072006c7ddf03c042761ad93\picorv32.$proc$../picorv32.v:778$1148'.
  created $dff cell `$procdff$6339' with positive edge clock.
Creating register for signal `$paramod$d10354c6a96dde45072006c7ddf03c042761ad93\picorv32.\mem_valid' using process `$paramod$d10354c6a96dde45072006c7ddf03c042761ad93\picorv32.$proc$../picorv32.v:565$1123'.
  created $dff cell `$procdff$6340' with positive edge clock.
Creating register for signal `$paramod$d10354c6a96dde45072006c7ddf03c042761ad93\picorv32.\mem_instr' using process `$paramod$d10354c6a96dde45072006c7ddf03c042761ad93\picorv32.$proc$../picorv32.v:565$1123'.
  created $dff cell `$procdff$6341' with positive edge clock.
Creating register for signal `$paramod$d10354c6a96dde45072006c7ddf03c042761ad93\picorv32.\mem_addr' using process `$paramod$d10354c6a96dde45072006c7ddf03c042761ad93\picorv32.$proc$../picorv32.v:565$1123'.
  created $dff cell `$procdff$6342' with positive edge clock.
Creating register for signal `$paramod$d10354c6a96dde45072006c7ddf03c042761ad93\picorv32.\mem_wdata' using process `$paramod$d10354c6a96dde45072006c7ddf03c042761ad93\picorv32.$proc$../picorv32.v:565$1123'.
  created $dff cell `$procdff$6343' with positive edge clock.
Creating register for signal `$paramod$d10354c6a96dde45072006c7ddf03c042761ad93\picorv32.\mem_wstrb' using process `$paramod$d10354c6a96dde45072006c7ddf03c042761ad93\picorv32.$proc$../picorv32.v:565$1123'.
  created $dff cell `$procdff$6344' with positive edge clock.
Creating register for signal `$paramod$d10354c6a96dde45072006c7ddf03c042761ad93\picorv32.\mem_state' using process `$paramod$d10354c6a96dde45072006c7ddf03c042761ad93\picorv32.$proc$../picorv32.v:565$1123'.
  created $dff cell `$procdff$6345' with positive edge clock.
Creating register for signal `$paramod$d10354c6a96dde45072006c7ddf03c042761ad93\picorv32.\mem_la_secondword' using process `$paramod$d10354c6a96dde45072006c7ddf03c042761ad93\picorv32.$proc$../picorv32.v:565$1123'.
  created $dff cell `$procdff$6346' with positive edge clock.
Creating register for signal `$paramod$d10354c6a96dde45072006c7ddf03c042761ad93\picorv32.\prefetched_high_word' using process `$paramod$d10354c6a96dde45072006c7ddf03c042761ad93\picorv32.$proc$../picorv32.v:565$1123'.
  created $dff cell `$procdff$6347' with positive edge clock.
Creating register for signal `$paramod$d10354c6a96dde45072006c7ddf03c042761ad93\picorv32.\mem_16bit_buffer' using process `$paramod$d10354c6a96dde45072006c7ddf03c042761ad93\picorv32.$proc$../picorv32.v:565$1123'.
  created $dff cell `$procdff$6348' with positive edge clock.
Creating register for signal `$paramod$d10354c6a96dde45072006c7ddf03c042761ad93\picorv32.\next_insn_opcode' using process `$paramod$d10354c6a96dde45072006c7ddf03c042761ad93\picorv32.$proc$../picorv32.v:430$1085'.
  created $dff cell `$procdff$6349' with positive edge clock.
Creating register for signal `$paramod$d10354c6a96dde45072006c7ddf03c042761ad93\picorv32.\mem_rdata_q' using process `$paramod$d10354c6a96dde45072006c7ddf03c042761ad93\picorv32.$proc$../picorv32.v:430$1085'.
  created $dff cell `$procdff$6350' with positive edge clock.
Creating register for signal `$paramod$d10354c6a96dde45072006c7ddf03c042761ad93\picorv32.\mem_la_firstword_reg' using process `$paramod$d10354c6a96dde45072006c7ddf03c042761ad93\picorv32.$proc$../picorv32.v:390$1077'.
  created $dff cell `$procdff$6351' with positive edge clock.
Creating register for signal `$paramod$d10354c6a96dde45072006c7ddf03c042761ad93\picorv32.\last_mem_valid' using process `$paramod$d10354c6a96dde45072006c7ddf03c042761ad93\picorv32.$proc$../picorv32.v:390$1077'.
  created $dff cell `$procdff$6352' with positive edge clock.
Creating register for signal `\spimem_cache_direct_mapped.\i' using process `\spimem_cache_direct_mapped.$proc$picosoc.v:362$690'.
  created $dff cell `$procdff$6353' with positive edge clock.
Creating register for signal `\spimem_cache_direct_mapped.\hit_count' using process `\spimem_cache_direct_mapped.$proc$picosoc.v:362$690'.
  created $dff cell `$procdff$6354' with positive edge clock.
Creating register for signal `\spimem_cache_direct_mapped.\miss_count' using process `\spimem_cache_direct_mapped.$proc$picosoc.v:362$690'.
  created $dff cell `$procdff$6355' with positive edge clock.
Creating register for signal `\spimem_cache_direct_mapped.$memwr$\cache_valid$picosoc.v:366$548_EN' using process `\spimem_cache_direct_mapped.$proc$picosoc.v:362$690'.
  created $dff cell `$procdff$6356' with positive edge clock.
Creating register for signal `\spimem_cache_direct_mapped.$memwr$\cache_valid$picosoc.v:366$549_EN' using process `\spimem_cache_direct_mapped.$proc$picosoc.v:362$690'.
  created $dff cell `$procdff$6357' with positive edge clock.
Creating register for signal `\spimem_cache_direct_mapped.$memwr$\cache_valid$picosoc.v:366$550_EN' using process `\spimem_cache_direct_mapped.$proc$picosoc.v:362$690'.
  created $dff cell `$procdff$6358' with positive edge clock.
Creating register for signal `\spimem_cache_direct_mapped.$memwr$\cache_valid$picosoc.v:366$551_EN' using process `\spimem_cache_direct_mapped.$proc$picosoc.v:362$690'.
  created $dff cell `$procdff$6359' with positive edge clock.
Creating register for signal `\spimem_cache_direct_mapped.$memwr$\cache_valid$picosoc.v:366$552_EN' using process `\spimem_cache_direct_mapped.$proc$picosoc.v:362$690'.
  created $dff cell `$procdff$6360' with positive edge clock.
Creating register for signal `\spimem_cache_direct_mapped.$memwr$\cache_valid$picosoc.v:366$553_EN' using process `\spimem_cache_direct_mapped.$proc$picosoc.v:362$690'.
  created $dff cell `$procdff$6361' with positive edge clock.
Creating register for signal `\spimem_cache_direct_mapped.$memwr$\cache_valid$picosoc.v:366$554_EN' using process `\spimem_cache_direct_mapped.$proc$picosoc.v:362$690'.
  created $dff cell `$procdff$6362' with positive edge clock.
Creating register for signal `\spimem_cache_direct_mapped.$memwr$\cache_valid$picosoc.v:366$555_EN' using process `\spimem_cache_direct_mapped.$proc$picosoc.v:362$690'.
  created $dff cell `$procdff$6363' with positive edge clock.
Creating register for signal `\spimem_cache_direct_mapped.$memwr$\cache_valid$picosoc.v:366$556_EN' using process `\spimem_cache_direct_mapped.$proc$picosoc.v:362$690'.
  created $dff cell `$procdff$6364' with positive edge clock.
Creating register for signal `\spimem_cache_direct_mapped.$memwr$\cache_valid$picosoc.v:366$557_EN' using process `\spimem_cache_direct_mapped.$proc$picosoc.v:362$690'.
  created $dff cell `$procdff$6365' with positive edge clock.
Creating register for signal `\spimem_cache_direct_mapped.$memwr$\cache_valid$picosoc.v:366$558_EN' using process `\spimem_cache_direct_mapped.$proc$picosoc.v:362$690'.
  created $dff cell `$procdff$6366' with positive edge clock.
Creating register for signal `\spimem_cache_direct_mapped.$memwr$\cache_valid$picosoc.v:366$559_EN' using process `\spimem_cache_direct_mapped.$proc$picosoc.v:362$690'.
  created $dff cell `$procdff$6367' with positive edge clock.
Creating register for signal `\spimem_cache_direct_mapped.$memwr$\cache_valid$picosoc.v:366$560_EN' using process `\spimem_cache_direct_mapped.$proc$picosoc.v:362$690'.
  created $dff cell `$procdff$6368' with positive edge clock.
Creating register for signal `\spimem_cache_direct_mapped.$memwr$\cache_valid$picosoc.v:366$561_EN' using process `\spimem_cache_direct_mapped.$proc$picosoc.v:362$690'.
  created $dff cell `$procdff$6369' with positive edge clock.
Creating register for signal `\spimem_cache_direct_mapped.$memwr$\cache_valid$picosoc.v:366$562_EN' using process `\spimem_cache_direct_mapped.$proc$picosoc.v:362$690'.
  created $dff cell `$procdff$6370' with positive edge clock.
Creating register for signal `\spimem_cache_direct_mapped.$memwr$\cache_valid$picosoc.v:366$563_EN' using process `\spimem_cache_direct_mapped.$proc$picosoc.v:362$690'.
  created $dff cell `$procdff$6371' with positive edge clock.
Creating register for signal `\spimem_cache_direct_mapped.$memwr$\cache_valid$picosoc.v:366$564_EN' using process `\spimem_cache_direct_mapped.$proc$picosoc.v:362$690'.
  created $dff cell `$procdff$6372' with positive edge clock.
Creating register for signal `\spimem_cache_direct_mapped.$memwr$\cache_valid$picosoc.v:366$565_EN' using process `\spimem_cache_direct_mapped.$proc$picosoc.v:362$690'.
  created $dff cell `$procdff$6373' with positive edge clock.
Creating register for signal `\spimem_cache_direct_mapped.$memwr$\cache_valid$picosoc.v:366$566_EN' using process `\spimem_cache_direct_mapped.$proc$picosoc.v:362$690'.
  created $dff cell `$procdff$6374' with positive edge clock.
Creating register for signal `\spimem_cache_direct_mapped.$memwr$\cache_valid$picosoc.v:366$567_EN' using process `\spimem_cache_direct_mapped.$proc$picosoc.v:362$690'.
  created $dff cell `$procdff$6375' with positive edge clock.
Creating register for signal `\spimem_cache_direct_mapped.$memwr$\cache_valid$picosoc.v:366$568_EN' using process `\spimem_cache_direct_mapped.$proc$picosoc.v:362$690'.
  created $dff cell `$procdff$6376' with positive edge clock.
Creating register for signal `\spimem_cache_direct_mapped.$memwr$\cache_valid$picosoc.v:366$569_EN' using process `\spimem_cache_direct_mapped.$proc$picosoc.v:362$690'.
  created $dff cell `$procdff$6377' with positive edge clock.
Creating register for signal `\spimem_cache_direct_mapped.$memwr$\cache_valid$picosoc.v:366$570_EN' using process `\spimem_cache_direct_mapped.$proc$picosoc.v:362$690'.
  created $dff cell `$procdff$6378' with positive edge clock.
Creating register for signal `\spimem_cache_direct_mapped.$memwr$\cache_valid$picosoc.v:366$571_EN' using process `\spimem_cache_direct_mapped.$proc$picosoc.v:362$690'.
  created $dff cell `$procdff$6379' with positive edge clock.
Creating register for signal `\spimem_cache_direct_mapped.$memwr$\cache_valid$picosoc.v:366$572_EN' using process `\spimem_cache_direct_mapped.$proc$picosoc.v:362$690'.
  created $dff cell `$procdff$6380' with positive edge clock.
Creating register for signal `\spimem_cache_direct_mapped.$memwr$\cache_valid$picosoc.v:366$573_EN' using process `\spimem_cache_direct_mapped.$proc$picosoc.v:362$690'.
  created $dff cell `$procdff$6381' with positive edge clock.
Creating register for signal `\spimem_cache_direct_mapped.$memwr$\cache_valid$picosoc.v:366$574_EN' using process `\spimem_cache_direct_mapped.$proc$picosoc.v:362$690'.
  created $dff cell `$procdff$6382' with positive edge clock.
Creating register for signal `\spimem_cache_direct_mapped.$memwr$\cache_valid$picosoc.v:366$575_EN' using process `\spimem_cache_direct_mapped.$proc$picosoc.v:362$690'.
  created $dff cell `$procdff$6383' with positive edge clock.
Creating register for signal `\spimem_cache_direct_mapped.$memwr$\cache_valid$picosoc.v:366$576_EN' using process `\spimem_cache_direct_mapped.$proc$picosoc.v:362$690'.
  created $dff cell `$procdff$6384' with positive edge clock.
Creating register for signal `\spimem_cache_direct_mapped.$memwr$\cache_valid$picosoc.v:366$577_EN' using process `\spimem_cache_direct_mapped.$proc$picosoc.v:362$690'.
  created $dff cell `$procdff$6385' with positive edge clock.
Creating register for signal `\spimem_cache_direct_mapped.$memwr$\cache_valid$picosoc.v:366$578_EN' using process `\spimem_cache_direct_mapped.$proc$picosoc.v:362$690'.
  created $dff cell `$procdff$6386' with positive edge clock.
Creating register for signal `\spimem_cache_direct_mapped.$memwr$\cache_valid$picosoc.v:366$579_EN' using process `\spimem_cache_direct_mapped.$proc$picosoc.v:362$690'.
  created $dff cell `$procdff$6387' with positive edge clock.
Creating register for signal `\spimem_cache_direct_mapped.$memwr$\cache_valid$picosoc.v:366$580_EN' using process `\spimem_cache_direct_mapped.$proc$picosoc.v:362$690'.
  created $dff cell `$procdff$6388' with positive edge clock.
Creating register for signal `\spimem_cache_direct_mapped.$memwr$\cache_valid$picosoc.v:366$581_EN' using process `\spimem_cache_direct_mapped.$proc$picosoc.v:362$690'.
  created $dff cell `$procdff$6389' with positive edge clock.
Creating register for signal `\spimem_cache_direct_mapped.$memwr$\cache_valid$picosoc.v:366$582_EN' using process `\spimem_cache_direct_mapped.$proc$picosoc.v:362$690'.
  created $dff cell `$procdff$6390' with positive edge clock.
Creating register for signal `\spimem_cache_direct_mapped.$memwr$\cache_valid$picosoc.v:366$583_EN' using process `\spimem_cache_direct_mapped.$proc$picosoc.v:362$690'.
  created $dff cell `$procdff$6391' with positive edge clock.
Creating register for signal `\spimem_cache_direct_mapped.$memwr$\cache_valid$picosoc.v:366$584_EN' using process `\spimem_cache_direct_mapped.$proc$picosoc.v:362$690'.
  created $dff cell `$procdff$6392' with positive edge clock.
Creating register for signal `\spimem_cache_direct_mapped.$memwr$\cache_valid$picosoc.v:366$585_EN' using process `\spimem_cache_direct_mapped.$proc$picosoc.v:362$690'.
  created $dff cell `$procdff$6393' with positive edge clock.
Creating register for signal `\spimem_cache_direct_mapped.$memwr$\cache_valid$picosoc.v:366$586_EN' using process `\spimem_cache_direct_mapped.$proc$picosoc.v:362$690'.
  created $dff cell `$procdff$6394' with positive edge clock.
Creating register for signal `\spimem_cache_direct_mapped.$memwr$\cache_valid$picosoc.v:366$587_EN' using process `\spimem_cache_direct_mapped.$proc$picosoc.v:362$690'.
  created $dff cell `$procdff$6395' with positive edge clock.
Creating register for signal `\spimem_cache_direct_mapped.$memwr$\cache_valid$picosoc.v:366$588_EN' using process `\spimem_cache_direct_mapped.$proc$picosoc.v:362$690'.
  created $dff cell `$procdff$6396' with positive edge clock.
Creating register for signal `\spimem_cache_direct_mapped.$memwr$\cache_valid$picosoc.v:366$589_EN' using process `\spimem_cache_direct_mapped.$proc$picosoc.v:362$690'.
  created $dff cell `$procdff$6397' with positive edge clock.
Creating register for signal `\spimem_cache_direct_mapped.$memwr$\cache_valid$picosoc.v:366$590_EN' using process `\spimem_cache_direct_mapped.$proc$picosoc.v:362$690'.
  created $dff cell `$procdff$6398' with positive edge clock.
Creating register for signal `\spimem_cache_direct_mapped.$memwr$\cache_valid$picosoc.v:366$591_EN' using process `\spimem_cache_direct_mapped.$proc$picosoc.v:362$690'.
  created $dff cell `$procdff$6399' with positive edge clock.
Creating register for signal `\spimem_cache_direct_mapped.$memwr$\cache_valid$picosoc.v:366$592_EN' using process `\spimem_cache_direct_mapped.$proc$picosoc.v:362$690'.
  created $dff cell `$procdff$6400' with positive edge clock.
Creating register for signal `\spimem_cache_direct_mapped.$memwr$\cache_valid$picosoc.v:366$593_EN' using process `\spimem_cache_direct_mapped.$proc$picosoc.v:362$690'.
  created $dff cell `$procdff$6401' with positive edge clock.
Creating register for signal `\spimem_cache_direct_mapped.$memwr$\cache_valid$picosoc.v:366$594_EN' using process `\spimem_cache_direct_mapped.$proc$picosoc.v:362$690'.
  created $dff cell `$procdff$6402' with positive edge clock.
Creating register for signal `\spimem_cache_direct_mapped.$memwr$\cache_valid$picosoc.v:366$595_EN' using process `\spimem_cache_direct_mapped.$proc$picosoc.v:362$690'.
  created $dff cell `$procdff$6403' with positive edge clock.
Creating register for signal `\spimem_cache_direct_mapped.$memwr$\cache_valid$picosoc.v:366$596_EN' using process `\spimem_cache_direct_mapped.$proc$picosoc.v:362$690'.
  created $dff cell `$procdff$6404' with positive edge clock.
Creating register for signal `\spimem_cache_direct_mapped.$memwr$\cache_valid$picosoc.v:366$597_EN' using process `\spimem_cache_direct_mapped.$proc$picosoc.v:362$690'.
  created $dff cell `$procdff$6405' with positive edge clock.
Creating register for signal `\spimem_cache_direct_mapped.$memwr$\cache_valid$picosoc.v:366$598_EN' using process `\spimem_cache_direct_mapped.$proc$picosoc.v:362$690'.
  created $dff cell `$procdff$6406' with positive edge clock.
Creating register for signal `\spimem_cache_direct_mapped.$memwr$\cache_valid$picosoc.v:366$599_EN' using process `\spimem_cache_direct_mapped.$proc$picosoc.v:362$690'.
  created $dff cell `$procdff$6407' with positive edge clock.
Creating register for signal `\spimem_cache_direct_mapped.$memwr$\cache_valid$picosoc.v:366$600_EN' using process `\spimem_cache_direct_mapped.$proc$picosoc.v:362$690'.
  created $dff cell `$procdff$6408' with positive edge clock.
Creating register for signal `\spimem_cache_direct_mapped.$memwr$\cache_valid$picosoc.v:366$601_EN' using process `\spimem_cache_direct_mapped.$proc$picosoc.v:362$690'.
  created $dff cell `$procdff$6409' with positive edge clock.
Creating register for signal `\spimem_cache_direct_mapped.$memwr$\cache_valid$picosoc.v:366$602_EN' using process `\spimem_cache_direct_mapped.$proc$picosoc.v:362$690'.
  created $dff cell `$procdff$6410' with positive edge clock.
Creating register for signal `\spimem_cache_direct_mapped.$memwr$\cache_valid$picosoc.v:366$603_EN' using process `\spimem_cache_direct_mapped.$proc$picosoc.v:362$690'.
  created $dff cell `$procdff$6411' with positive edge clock.
Creating register for signal `\spimem_cache_direct_mapped.$memwr$\cache_valid$picosoc.v:366$604_EN' using process `\spimem_cache_direct_mapped.$proc$picosoc.v:362$690'.
  created $dff cell `$procdff$6412' with positive edge clock.
Creating register for signal `\spimem_cache_direct_mapped.$memwr$\cache_valid$picosoc.v:366$605_EN' using process `\spimem_cache_direct_mapped.$proc$picosoc.v:362$690'.
  created $dff cell `$procdff$6413' with positive edge clock.
Creating register for signal `\spimem_cache_direct_mapped.$memwr$\cache_valid$picosoc.v:366$606_EN' using process `\spimem_cache_direct_mapped.$proc$picosoc.v:362$690'.
  created $dff cell `$procdff$6414' with positive edge clock.
Creating register for signal `\spimem_cache_direct_mapped.$memwr$\cache_valid$picosoc.v:366$607_EN' using process `\spimem_cache_direct_mapped.$proc$picosoc.v:362$690'.
  created $dff cell `$procdff$6415' with positive edge clock.
Creating register for signal `\spimem_cache_direct_mapped.$memwr$\cache_valid$picosoc.v:366$608_EN' using process `\spimem_cache_direct_mapped.$proc$picosoc.v:362$690'.
  created $dff cell `$procdff$6416' with positive edge clock.
Creating register for signal `\spimem_cache_direct_mapped.$memwr$\cache_valid$picosoc.v:366$609_EN' using process `\spimem_cache_direct_mapped.$proc$picosoc.v:362$690'.
  created $dff cell `$procdff$6417' with positive edge clock.
Creating register for signal `\spimem_cache_direct_mapped.$memwr$\cache_valid$picosoc.v:366$610_EN' using process `\spimem_cache_direct_mapped.$proc$picosoc.v:362$690'.
  created $dff cell `$procdff$6418' with positive edge clock.
Creating register for signal `\spimem_cache_direct_mapped.$memwr$\cache_valid$picosoc.v:366$611_EN' using process `\spimem_cache_direct_mapped.$proc$picosoc.v:362$690'.
  created $dff cell `$procdff$6419' with positive edge clock.
Creating register for signal `\spimem_cache_direct_mapped.$memwr$\cache_valid$picosoc.v:366$612_EN' using process `\spimem_cache_direct_mapped.$proc$picosoc.v:362$690'.
  created $dff cell `$procdff$6420' with positive edge clock.
Creating register for signal `\spimem_cache_direct_mapped.$memwr$\cache_valid$picosoc.v:366$613_EN' using process `\spimem_cache_direct_mapped.$proc$picosoc.v:362$690'.
  created $dff cell `$procdff$6421' with positive edge clock.
Creating register for signal `\spimem_cache_direct_mapped.$memwr$\cache_valid$picosoc.v:366$614_EN' using process `\spimem_cache_direct_mapped.$proc$picosoc.v:362$690'.
  created $dff cell `$procdff$6422' with positive edge clock.
Creating register for signal `\spimem_cache_direct_mapped.$memwr$\cache_valid$picosoc.v:366$615_EN' using process `\spimem_cache_direct_mapped.$proc$picosoc.v:362$690'.
  created $dff cell `$procdff$6423' with positive edge clock.
Creating register for signal `\spimem_cache_direct_mapped.$memwr$\cache_valid$picosoc.v:366$616_EN' using process `\spimem_cache_direct_mapped.$proc$picosoc.v:362$690'.
  created $dff cell `$procdff$6424' with positive edge clock.
Creating register for signal `\spimem_cache_direct_mapped.$memwr$\cache_valid$picosoc.v:366$617_EN' using process `\spimem_cache_direct_mapped.$proc$picosoc.v:362$690'.
  created $dff cell `$procdff$6425' with positive edge clock.
Creating register for signal `\spimem_cache_direct_mapped.$memwr$\cache_valid$picosoc.v:366$618_EN' using process `\spimem_cache_direct_mapped.$proc$picosoc.v:362$690'.
  created $dff cell `$procdff$6426' with positive edge clock.
Creating register for signal `\spimem_cache_direct_mapped.$memwr$\cache_valid$picosoc.v:366$619_EN' using process `\spimem_cache_direct_mapped.$proc$picosoc.v:362$690'.
  created $dff cell `$procdff$6427' with positive edge clock.
Creating register for signal `\spimem_cache_direct_mapped.$memwr$\cache_valid$picosoc.v:366$620_EN' using process `\spimem_cache_direct_mapped.$proc$picosoc.v:362$690'.
  created $dff cell `$procdff$6428' with positive edge clock.
Creating register for signal `\spimem_cache_direct_mapped.$memwr$\cache_valid$picosoc.v:366$621_EN' using process `\spimem_cache_direct_mapped.$proc$picosoc.v:362$690'.
  created $dff cell `$procdff$6429' with positive edge clock.
Creating register for signal `\spimem_cache_direct_mapped.$memwr$\cache_valid$picosoc.v:366$622_EN' using process `\spimem_cache_direct_mapped.$proc$picosoc.v:362$690'.
  created $dff cell `$procdff$6430' with positive edge clock.
Creating register for signal `\spimem_cache_direct_mapped.$memwr$\cache_valid$picosoc.v:366$623_EN' using process `\spimem_cache_direct_mapped.$proc$picosoc.v:362$690'.
  created $dff cell `$procdff$6431' with positive edge clock.
Creating register for signal `\spimem_cache_direct_mapped.$memwr$\cache_valid$picosoc.v:366$624_EN' using process `\spimem_cache_direct_mapped.$proc$picosoc.v:362$690'.
  created $dff cell `$procdff$6432' with positive edge clock.
Creating register for signal `\spimem_cache_direct_mapped.$memwr$\cache_valid$picosoc.v:366$625_EN' using process `\spimem_cache_direct_mapped.$proc$picosoc.v:362$690'.
  created $dff cell `$procdff$6433' with positive edge clock.
Creating register for signal `\spimem_cache_direct_mapped.$memwr$\cache_valid$picosoc.v:366$626_EN' using process `\spimem_cache_direct_mapped.$proc$picosoc.v:362$690'.
  created $dff cell `$procdff$6434' with positive edge clock.
Creating register for signal `\spimem_cache_direct_mapped.$memwr$\cache_valid$picosoc.v:366$627_EN' using process `\spimem_cache_direct_mapped.$proc$picosoc.v:362$690'.
  created $dff cell `$procdff$6435' with positive edge clock.
Creating register for signal `\spimem_cache_direct_mapped.$memwr$\cache_valid$picosoc.v:366$628_EN' using process `\spimem_cache_direct_mapped.$proc$picosoc.v:362$690'.
  created $dff cell `$procdff$6436' with positive edge clock.
Creating register for signal `\spimem_cache_direct_mapped.$memwr$\cache_valid$picosoc.v:366$629_EN' using process `\spimem_cache_direct_mapped.$proc$picosoc.v:362$690'.
  created $dff cell `$procdff$6437' with positive edge clock.
Creating register for signal `\spimem_cache_direct_mapped.$memwr$\cache_valid$picosoc.v:366$630_EN' using process `\spimem_cache_direct_mapped.$proc$picosoc.v:362$690'.
  created $dff cell `$procdff$6438' with positive edge clock.
Creating register for signal `\spimem_cache_direct_mapped.$memwr$\cache_valid$picosoc.v:366$631_EN' using process `\spimem_cache_direct_mapped.$proc$picosoc.v:362$690'.
  created $dff cell `$procdff$6439' with positive edge clock.
Creating register for signal `\spimem_cache_direct_mapped.$memwr$\cache_valid$picosoc.v:366$632_EN' using process `\spimem_cache_direct_mapped.$proc$picosoc.v:362$690'.
  created $dff cell `$procdff$6440' with positive edge clock.
Creating register for signal `\spimem_cache_direct_mapped.$memwr$\cache_valid$picosoc.v:366$633_EN' using process `\spimem_cache_direct_mapped.$proc$picosoc.v:362$690'.
  created $dff cell `$procdff$6441' with positive edge clock.
Creating register for signal `\spimem_cache_direct_mapped.$memwr$\cache_valid$picosoc.v:366$634_EN' using process `\spimem_cache_direct_mapped.$proc$picosoc.v:362$690'.
  created $dff cell `$procdff$6442' with positive edge clock.
Creating register for signal `\spimem_cache_direct_mapped.$memwr$\cache_valid$picosoc.v:366$635_EN' using process `\spimem_cache_direct_mapped.$proc$picosoc.v:362$690'.
  created $dff cell `$procdff$6443' with positive edge clock.
Creating register for signal `\spimem_cache_direct_mapped.$memwr$\cache_valid$picosoc.v:366$636_EN' using process `\spimem_cache_direct_mapped.$proc$picosoc.v:362$690'.
  created $dff cell `$procdff$6444' with positive edge clock.
Creating register for signal `\spimem_cache_direct_mapped.$memwr$\cache_valid$picosoc.v:366$637_EN' using process `\spimem_cache_direct_mapped.$proc$picosoc.v:362$690'.
  created $dff cell `$procdff$6445' with positive edge clock.
Creating register for signal `\spimem_cache_direct_mapped.$memwr$\cache_valid$picosoc.v:366$638_EN' using process `\spimem_cache_direct_mapped.$proc$picosoc.v:362$690'.
  created $dff cell `$procdff$6446' with positive edge clock.
Creating register for signal `\spimem_cache_direct_mapped.$memwr$\cache_valid$picosoc.v:366$639_EN' using process `\spimem_cache_direct_mapped.$proc$picosoc.v:362$690'.
  created $dff cell `$procdff$6447' with positive edge clock.
Creating register for signal `\spimem_cache_direct_mapped.$memwr$\cache_valid$picosoc.v:366$640_EN' using process `\spimem_cache_direct_mapped.$proc$picosoc.v:362$690'.
  created $dff cell `$procdff$6448' with positive edge clock.
Creating register for signal `\spimem_cache_direct_mapped.$memwr$\cache_valid$picosoc.v:366$641_EN' using process `\spimem_cache_direct_mapped.$proc$picosoc.v:362$690'.
  created $dff cell `$procdff$6449' with positive edge clock.
Creating register for signal `\spimem_cache_direct_mapped.$memwr$\cache_valid$picosoc.v:366$642_EN' using process `\spimem_cache_direct_mapped.$proc$picosoc.v:362$690'.
  created $dff cell `$procdff$6450' with positive edge clock.
Creating register for signal `\spimem_cache_direct_mapped.$memwr$\cache_valid$picosoc.v:366$643_EN' using process `\spimem_cache_direct_mapped.$proc$picosoc.v:362$690'.
  created $dff cell `$procdff$6451' with positive edge clock.
Creating register for signal `\spimem_cache_direct_mapped.$memwr$\cache_valid$picosoc.v:366$644_EN' using process `\spimem_cache_direct_mapped.$proc$picosoc.v:362$690'.
  created $dff cell `$procdff$6452' with positive edge clock.
Creating register for signal `\spimem_cache_direct_mapped.$memwr$\cache_valid$picosoc.v:366$645_EN' using process `\spimem_cache_direct_mapped.$proc$picosoc.v:362$690'.
  created $dff cell `$procdff$6453' with positive edge clock.
Creating register for signal `\spimem_cache_direct_mapped.$memwr$\cache_valid$picosoc.v:366$646_EN' using process `\spimem_cache_direct_mapped.$proc$picosoc.v:362$690'.
  created $dff cell `$procdff$6454' with positive edge clock.
Creating register for signal `\spimem_cache_direct_mapped.$memwr$\cache_valid$picosoc.v:366$647_EN' using process `\spimem_cache_direct_mapped.$proc$picosoc.v:362$690'.
  created $dff cell `$procdff$6455' with positive edge clock.
Creating register for signal `\spimem_cache_direct_mapped.$memwr$\cache_valid$picosoc.v:366$648_EN' using process `\spimem_cache_direct_mapped.$proc$picosoc.v:362$690'.
  created $dff cell `$procdff$6456' with positive edge clock.
Creating register for signal `\spimem_cache_direct_mapped.$memwr$\cache_valid$picosoc.v:366$649_EN' using process `\spimem_cache_direct_mapped.$proc$picosoc.v:362$690'.
  created $dff cell `$procdff$6457' with positive edge clock.
Creating register for signal `\spimem_cache_direct_mapped.$memwr$\cache_valid$picosoc.v:366$650_EN' using process `\spimem_cache_direct_mapped.$proc$picosoc.v:362$690'.
  created $dff cell `$procdff$6458' with positive edge clock.
Creating register for signal `\spimem_cache_direct_mapped.$memwr$\cache_valid$picosoc.v:366$651_EN' using process `\spimem_cache_direct_mapped.$proc$picosoc.v:362$690'.
  created $dff cell `$procdff$6459' with positive edge clock.
Creating register for signal `\spimem_cache_direct_mapped.$memwr$\cache_valid$picosoc.v:366$652_EN' using process `\spimem_cache_direct_mapped.$proc$picosoc.v:362$690'.
  created $dff cell `$procdff$6460' with positive edge clock.
Creating register for signal `\spimem_cache_direct_mapped.$memwr$\cache_valid$picosoc.v:366$653_EN' using process `\spimem_cache_direct_mapped.$proc$picosoc.v:362$690'.
  created $dff cell `$procdff$6461' with positive edge clock.
Creating register for signal `\spimem_cache_direct_mapped.$memwr$\cache_valid$picosoc.v:366$654_EN' using process `\spimem_cache_direct_mapped.$proc$picosoc.v:362$690'.
  created $dff cell `$procdff$6462' with positive edge clock.
Creating register for signal `\spimem_cache_direct_mapped.$memwr$\cache_valid$picosoc.v:366$655_EN' using process `\spimem_cache_direct_mapped.$proc$picosoc.v:362$690'.
  created $dff cell `$procdff$6463' with positive edge clock.
Creating register for signal `\spimem_cache_direct_mapped.$memwr$\cache_valid$picosoc.v:366$656_EN' using process `\spimem_cache_direct_mapped.$proc$picosoc.v:362$690'.
  created $dff cell `$procdff$6464' with positive edge clock.
Creating register for signal `\spimem_cache_direct_mapped.$memwr$\cache_valid$picosoc.v:366$657_EN' using process `\spimem_cache_direct_mapped.$proc$picosoc.v:362$690'.
  created $dff cell `$procdff$6465' with positive edge clock.
Creating register for signal `\spimem_cache_direct_mapped.$memwr$\cache_valid$picosoc.v:366$658_EN' using process `\spimem_cache_direct_mapped.$proc$picosoc.v:362$690'.
  created $dff cell `$procdff$6466' with positive edge clock.
Creating register for signal `\spimem_cache_direct_mapped.$memwr$\cache_valid$picosoc.v:366$659_EN' using process `\spimem_cache_direct_mapped.$proc$picosoc.v:362$690'.
  created $dff cell `$procdff$6467' with positive edge clock.
Creating register for signal `\spimem_cache_direct_mapped.$memwr$\cache_valid$picosoc.v:366$660_EN' using process `\spimem_cache_direct_mapped.$proc$picosoc.v:362$690'.
  created $dff cell `$procdff$6468' with positive edge clock.
Creating register for signal `\spimem_cache_direct_mapped.$memwr$\cache_valid$picosoc.v:366$661_EN' using process `\spimem_cache_direct_mapped.$proc$picosoc.v:362$690'.
  created $dff cell `$procdff$6469' with positive edge clock.
Creating register for signal `\spimem_cache_direct_mapped.$memwr$\cache_valid$picosoc.v:366$662_EN' using process `\spimem_cache_direct_mapped.$proc$picosoc.v:362$690'.
  created $dff cell `$procdff$6470' with positive edge clock.
Creating register for signal `\spimem_cache_direct_mapped.$memwr$\cache_valid$picosoc.v:366$663_EN' using process `\spimem_cache_direct_mapped.$proc$picosoc.v:362$690'.
  created $dff cell `$procdff$6471' with positive edge clock.
Creating register for signal `\spimem_cache_direct_mapped.$memwr$\cache_valid$picosoc.v:366$664_EN' using process `\spimem_cache_direct_mapped.$proc$picosoc.v:362$690'.
  created $dff cell `$procdff$6472' with positive edge clock.
Creating register for signal `\spimem_cache_direct_mapped.$memwr$\cache_valid$picosoc.v:366$665_EN' using process `\spimem_cache_direct_mapped.$proc$picosoc.v:362$690'.
  created $dff cell `$procdff$6473' with positive edge clock.
Creating register for signal `\spimem_cache_direct_mapped.$memwr$\cache_valid$picosoc.v:366$666_EN' using process `\spimem_cache_direct_mapped.$proc$picosoc.v:362$690'.
  created $dff cell `$procdff$6474' with positive edge clock.
Creating register for signal `\spimem_cache_direct_mapped.$memwr$\cache_valid$picosoc.v:366$667_EN' using process `\spimem_cache_direct_mapped.$proc$picosoc.v:362$690'.
  created $dff cell `$procdff$6475' with positive edge clock.
Creating register for signal `\spimem_cache_direct_mapped.$memwr$\cache_valid$picosoc.v:366$668_EN' using process `\spimem_cache_direct_mapped.$proc$picosoc.v:362$690'.
  created $dff cell `$procdff$6476' with positive edge clock.
Creating register for signal `\spimem_cache_direct_mapped.$memwr$\cache_valid$picosoc.v:366$669_EN' using process `\spimem_cache_direct_mapped.$proc$picosoc.v:362$690'.
  created $dff cell `$procdff$6477' with positive edge clock.
Creating register for signal `\spimem_cache_direct_mapped.$memwr$\cache_valid$picosoc.v:366$670_EN' using process `\spimem_cache_direct_mapped.$proc$picosoc.v:362$690'.
  created $dff cell `$procdff$6478' with positive edge clock.
Creating register for signal `\spimem_cache_direct_mapped.$memwr$\cache_valid$picosoc.v:366$671_EN' using process `\spimem_cache_direct_mapped.$proc$picosoc.v:362$690'.
  created $dff cell `$procdff$6479' with positive edge clock.
Creating register for signal `\spimem_cache_direct_mapped.$memwr$\cache_valid$picosoc.v:366$672_EN' using process `\spimem_cache_direct_mapped.$proc$picosoc.v:362$690'.
  created $dff cell `$procdff$6480' with positive edge clock.
Creating register for signal `\spimem_cache_direct_mapped.$memwr$\cache_valid$picosoc.v:366$673_EN' using process `\spimem_cache_direct_mapped.$proc$picosoc.v:362$690'.
  created $dff cell `$procdff$6481' with positive edge clock.
Creating register for signal `\spimem_cache_direct_mapped.$memwr$\cache_valid$picosoc.v:366$674_EN' using process `\spimem_cache_direct_mapped.$proc$picosoc.v:362$690'.
  created $dff cell `$procdff$6482' with positive edge clock.
Creating register for signal `\spimem_cache_direct_mapped.$memwr$\cache_valid$picosoc.v:366$675_EN' using process `\spimem_cache_direct_mapped.$proc$picosoc.v:362$690'.
  created $dff cell `$procdff$6483' with positive edge clock.
Creating register for signal `\spimem_cache_direct_mapped.$memwr$\cache_addr$picosoc.v:385$676_ADDR' using process `\spimem_cache_direct_mapped.$proc$picosoc.v:362$690'.
  created $dff cell `$procdff$6484' with positive edge clock.
Creating register for signal `\spimem_cache_direct_mapped.$memwr$\cache_addr$picosoc.v:385$676_DATA' using process `\spimem_cache_direct_mapped.$proc$picosoc.v:362$690'.
  created $dff cell `$procdff$6485' with positive edge clock.
Creating register for signal `\spimem_cache_direct_mapped.$memwr$\cache_addr$picosoc.v:385$676_EN' using process `\spimem_cache_direct_mapped.$proc$picosoc.v:362$690'.
  created $dff cell `$procdff$6486' with positive edge clock.
Creating register for signal `\spimem_cache_direct_mapped.$memwr$\cache_data$picosoc.v:386$677_ADDR' using process `\spimem_cache_direct_mapped.$proc$picosoc.v:362$690'.
  created $dff cell `$procdff$6487' with positive edge clock.
Creating register for signal `\spimem_cache_direct_mapped.$memwr$\cache_data$picosoc.v:386$677_DATA' using process `\spimem_cache_direct_mapped.$proc$picosoc.v:362$690'.
  created $dff cell `$procdff$6488' with positive edge clock.
Creating register for signal `\spimem_cache_direct_mapped.$memwr$\cache_data$picosoc.v:386$677_EN' using process `\spimem_cache_direct_mapped.$proc$picosoc.v:362$690'.
  created $dff cell `$procdff$6489' with positive edge clock.
Creating register for signal `\spimem_cache_direct_mapped.$memwr$\cache_valid$picosoc.v:387$678_ADDR' using process `\spimem_cache_direct_mapped.$proc$picosoc.v:362$690'.
  created $dff cell `$procdff$6490' with positive edge clock.
Creating register for signal `\spimem_cache_direct_mapped.$memwr$\cache_valid$picosoc.v:387$678_EN' using process `\spimem_cache_direct_mapped.$proc$picosoc.v:362$690'.
  created $dff cell `$procdff$6491' with positive edge clock.
Creating register for signal `\spimemio.\rdata' using process `\spimemio.$proc$spimemio.v:207$527'.
  created $dff cell `$procdff$6492' with positive edge clock.
Creating register for signal `\spimemio.\xfer_resetn' using process `\spimemio.$proc$spimemio.v:207$527'.
  created $dff cell `$procdff$6493' with positive edge clock.
Creating register for signal `\spimemio.\din_valid' using process `\spimemio.$proc$spimemio.v:207$527'.
  created $dff cell `$procdff$6494' with positive edge clock.
Creating register for signal `\spimemio.\din_data' using process `\spimemio.$proc$spimemio.v:207$527'.
  created $dff cell `$procdff$6495' with positive edge clock.
Creating register for signal `\spimemio.\din_tag' using process `\spimemio.$proc$spimemio.v:207$527'.
  created $dff cell `$procdff$6496' with positive edge clock.
Creating register for signal `\spimemio.\din_cont' using process `\spimemio.$proc$spimemio.v:207$527'.
  created $dff cell `$procdff$6497' with positive edge clock.
Creating register for signal `\spimemio.\din_qspi' using process `\spimemio.$proc$spimemio.v:207$527'.
  created $dff cell `$procdff$6498' with positive edge clock.
Creating register for signal `\spimemio.\din_ddr' using process `\spimemio.$proc$spimemio.v:207$527'.
  created $dff cell `$procdff$6499' with positive edge clock.
Creating register for signal `\spimemio.\din_rd' using process `\spimemio.$proc$spimemio.v:207$527'.
  created $dff cell `$procdff$6500' with positive edge clock.
Creating register for signal `\spimemio.\buffer' using process `\spimemio.$proc$spimemio.v:207$527'.
  created $dff cell `$procdff$6501' with positive edge clock.
Creating register for signal `\spimemio.\rd_addr' using process `\spimemio.$proc$spimemio.v:207$527'.
  created $dff cell `$procdff$6502' with positive edge clock.
Creating register for signal `\spimemio.\rd_valid' using process `\spimemio.$proc$spimemio.v:207$527'.
  created $dff cell `$procdff$6503' with positive edge clock.
Creating register for signal `\spimemio.\rd_wait' using process `\spimemio.$proc$spimemio.v:207$527'.
  created $dff cell `$procdff$6504' with positive edge clock.
Creating register for signal `\spimemio.\rd_inc' using process `\spimemio.$proc$spimemio.v:207$527'.
  created $dff cell `$procdff$6505' with positive edge clock.
Creating register for signal `\spimemio.\state' using process `\spimemio.$proc$spimemio.v:207$527'.
  created $dff cell `$procdff$6506' with positive edge clock.
Creating register for signal `\spimemio.\xfer_io0_90' using process `\spimemio.$proc$spimemio.v:151$509'.
  created $dff cell `$procdff$6507' with negative edge clock.
Creating register for signal `\spimemio.\xfer_io1_90' using process `\spimemio.$proc$spimemio.v:151$509'.
  created $dff cell `$procdff$6508' with negative edge clock.
Creating register for signal `\spimemio.\xfer_io2_90' using process `\spimemio.$proc$spimemio.v:151$509'.
  created $dff cell `$procdff$6509' with negative edge clock.
Creating register for signal `\spimemio.\xfer_io3_90' using process `\spimemio.$proc$spimemio.v:151$509'.
  created $dff cell `$procdff$6510' with negative edge clock.
Creating register for signal `\spimemio.\softreset' using process `\spimemio.$proc$spimemio.v:99$505'.
  created $dff cell `$procdff$6511' with positive edge clock.
Creating register for signal `\spimemio.\config_en' using process `\spimemio.$proc$spimemio.v:99$505'.
  created $dff cell `$procdff$6512' with positive edge clock.
Creating register for signal `\spimemio.\config_ddr' using process `\spimemio.$proc$spimemio.v:99$505'.
  created $dff cell `$procdff$6513' with positive edge clock.
Creating register for signal `\spimemio.\config_qspi' using process `\spimemio.$proc$spimemio.v:99$505'.
  created $dff cell `$procdff$6514' with positive edge clock.
Creating register for signal `\spimemio.\config_cont' using process `\spimemio.$proc$spimemio.v:99$505'.
  created $dff cell `$procdff$6515' with positive edge clock.
Creating register for signal `\spimemio.\config_dummy' using process `\spimemio.$proc$spimemio.v:99$505'.
  created $dff cell `$procdff$6516' with positive edge clock.
Creating register for signal `\spimemio.\config_oe' using process `\spimemio.$proc$spimemio.v:99$505'.
  created $dff cell `$procdff$6517' with positive edge clock.
Creating register for signal `\spimemio.\config_csb' using process `\spimemio.$proc$spimemio.v:99$505'.
  created $dff cell `$procdff$6518' with positive edge clock.
Creating register for signal `\spimemio.\config_clk' using process `\spimemio.$proc$spimemio.v:99$505'.
  created $dff cell `$procdff$6519' with positive edge clock.
Creating register for signal `\spimemio.\config_do' using process `\spimemio.$proc$spimemio.v:99$505'.
  created $dff cell `$procdff$6520' with positive edge clock.
Creating register for signal `\simpleuart.\send_pattern' using process `\simpleuart.$proc$simpleuart.v:109$485'.
  created $dff cell `$procdff$6521' with positive edge clock.
Creating register for signal `\simpleuart.\send_bitcnt' using process `\simpleuart.$proc$simpleuart.v:109$485'.
  created $dff cell `$procdff$6522' with positive edge clock.
Creating register for signal `\simpleuart.\send_divcnt' using process `\simpleuart.$proc$simpleuart.v:109$485'.
  created $dff cell `$procdff$6523' with positive edge clock.
Creating register for signal `\simpleuart.\send_dummy' using process `\simpleuart.$proc$simpleuart.v:109$485'.
  created $dff cell `$procdff$6524' with positive edge clock.
Creating register for signal `\simpleuart.\recv_state' using process `\simpleuart.$proc$simpleuart.v:66$476'.
  created $dff cell `$procdff$6525' with positive edge clock.
Creating register for signal `\simpleuart.\recv_divcnt' using process `\simpleuart.$proc$simpleuart.v:66$476'.
  created $dff cell `$procdff$6526' with positive edge clock.
Creating register for signal `\simpleuart.\recv_pattern' using process `\simpleuart.$proc$simpleuart.v:66$476'.
  created $dff cell `$procdff$6527' with positive edge clock.
Creating register for signal `\simpleuart.\recv_buf_data' using process `\simpleuart.$proc$simpleuart.v:66$476'.
  created $dff cell `$procdff$6528' with positive edge clock.
Creating register for signal `\simpleuart.\recv_buf_valid' using process `\simpleuart.$proc$simpleuart.v:66$476'.
  created $dff cell `$procdff$6529' with positive edge clock.
Creating register for signal `\simpleuart.\cfg_divider' using process `\simpleuart.$proc$simpleuart.v:55$474'.
  created $dff cell `$procdff$6530' with positive edge clock.
Creating register for signal `\seven_seg_ctrl.\dout' using process `\seven_seg_ctrl.$proc$icebreaker.v:196$454'.
  created $dff cell `$procdff$6531' with positive edge clock.
Creating register for signal `\seven_seg_ctrl.\clkdiv' using process `\seven_seg_ctrl.$proc$icebreaker.v:196$454'.
  created $dff cell `$procdff$6532' with positive edge clock.
Creating register for signal `\seven_seg_ctrl.\clkdiv_pulse' using process `\seven_seg_ctrl.$proc$icebreaker.v:196$454'.
  created $dff cell `$procdff$6533' with positive edge clock.
Creating register for signal `\seven_seg_ctrl.\msb_not_lsb' using process `\seven_seg_ctrl.$proc$icebreaker.v:196$454'.
  created $dff cell `$procdff$6534' with positive edge clock.
Creating register for signal `$paramod$f03d4e23a3a44173f9a2edec4a46578428035902\picosoc.\ram_ready' using process `$paramod$f03d4e23a3a44173f9a2edec4a46578428035902\picosoc.$proc$picosoc.v:255$444'.
  created $dff cell `$procdff$6535' with positive edge clock.
Creating register for signal `\icebreaker.\iomem_ready' using process `\icebreaker.$proc$icebreaker.v:108$390'.
  created $dff cell `$procdff$6536' with positive edge clock.
Creating register for signal `\icebreaker.\iomem_rdata' using process `\icebreaker.$proc$icebreaker.v:108$390'.
  created $dff cell `$procdff$6537' with positive edge clock.
Creating register for signal `\icebreaker.\gpio' using process `\icebreaker.$proc$icebreaker.v:108$390'.
  created $dff cell `$procdff$6538' with positive edge clock.
Creating register for signal `\icebreaker.\reset_cnt' using process `\icebreaker.$proc$icebreaker.v:55$385'.
  created $dff cell `$procdff$6539' with positive edge clock.

7.4.10. Executing PROC_MEMWR pass (convert process memory writes to cells).

7.4.11. Executing PROC_CLEAN pass (remove empty switches from decision trees).
Found and cleaned up 1 empty switch in `\picosoc_regs.$proc$picosoc.v:411$1748'.
Removing empty process `picosoc_regs.$proc$picosoc.v:411$1748'.
Found and cleaned up 4 empty switches in `\picorv32_pcpi_fast_mul.$proc$../picorv32.v:2378$1741'.
Removing empty process `picorv32_pcpi_fast_mul.$proc$../picorv32.v:2378$1741'.
Found and cleaned up 3 empty switches in `\picorv32_pcpi_fast_mul.$proc$../picorv32.v:2364$1736'.
Removing empty process `picorv32_pcpi_fast_mul.$proc$../picorv32.v:2364$1736'.
Found and cleaned up 2 empty switches in `\picorv32_pcpi_fast_mul.$proc$../picorv32.v:2348$1734'.
Removing empty process `picorv32_pcpi_fast_mul.$proc$../picorv32.v:2348$1734'.
Found and cleaned up 4 empty switches in `\spimemio_xfer.$proc$spimemio.v:535$1710'.
Removing empty process `spimemio_xfer.$proc$spimemio.v:535$1710'.
Found and cleaned up 5 empty switches in `\spimemio_xfer.$proc$spimemio.v:447$1686'.
Removing empty process `spimemio_xfer.$proc$spimemio.v:447$1686'.
Removing empty process `spimemio_xfer.$proc$spimemio.v:436$1677'.
Found and cleaned up 61 empty switches in `$paramod$d10354c6a96dde45072006c7ddf03c042761ad93\picorv32.$proc$../picorv32.v:1402$1485'.
Removing empty process `$paramod$d10354c6a96dde45072006c7ddf03c042761ad93\picorv32.$proc$../picorv32.v:1402$1485'.
Removing empty process `$paramod$d10354c6a96dde45072006c7ddf03c042761ad93\picorv32.$proc$../picorv32.v:1387$1471'.
Found and cleaned up 2 empty switches in `$paramod$d10354c6a96dde45072006c7ddf03c042761ad93\picorv32.$proc$../picorv32.v:1309$1457'.
Removing empty process `$paramod$d10354c6a96dde45072006c7ddf03c042761ad93\picorv32.$proc$../picorv32.v:1309$1457'.
Found and cleaned up 2 empty switches in `$paramod$d10354c6a96dde45072006c7ddf03c042761ad93\picorv32.$proc$../picorv32.v:1295$1452'.
Removing empty process `$paramod$d10354c6a96dde45072006c7ddf03c042761ad93\picorv32.$proc$../picorv32.v:1295$1452'.
Removing empty process `$paramod$d10354c6a96dde45072006c7ddf03c042761ad93\picorv32.$proc$../picorv32.v:1293$1451'.
Found and cleaned up 2 empty switches in `$paramod$d10354c6a96dde45072006c7ddf03c042761ad93\picorv32.$proc$../picorv32.v:1249$1429'.
Removing empty process `$paramod$d10354c6a96dde45072006c7ddf03c042761ad93\picorv32.$proc$../picorv32.v:1249$1429'.
Found and cleaned up 8 empty switches in `$paramod$d10354c6a96dde45072006c7ddf03c042761ad93\picorv32.$proc$../picorv32.v:1186$1417'.
Removing empty process `$paramod$d10354c6a96dde45072006c7ddf03c042761ad93\picorv32.$proc$../picorv32.v:1186$1417'.
Found and cleaned up 22 empty switches in `$paramod$d10354c6a96dde45072006c7ddf03c042761ad93\picorv32.$proc$../picorv32.v:858$1154'.
Removing empty process `$paramod$d10354c6a96dde45072006c7ddf03c042761ad93\picorv32.$proc$../picorv32.v:858$1154'.
Found and cleaned up 3 empty switches in `$paramod$d10354c6a96dde45072006c7ddf03c042761ad93\picorv32.$proc$../picorv32.v:809$1152'.
Removing empty process `$paramod$d10354c6a96dde45072006c7ddf03c042761ad93\picorv32.$proc$../picorv32.v:809$1152'.
Found and cleaned up 5 empty switches in `$paramod$d10354c6a96dde45072006c7ddf03c042761ad93\picorv32.$proc$../picorv32.v:778$1148'.
Removing empty process `$paramod$d10354c6a96dde45072006c7ddf03c042761ad93\picorv32.$proc$../picorv32.v:778$1148'.
Found and cleaned up 48 empty switches in `$paramod$d10354c6a96dde45072006c7ddf03c042761ad93\picorv32.$proc$../picorv32.v:701$1147'.
Removing empty process `$paramod$d10354c6a96dde45072006c7ddf03c042761ad93\picorv32.$proc$../picorv32.v:701$1147'.
Found and cleaned up 16 empty switches in `$paramod$d10354c6a96dde45072006c7ddf03c042761ad93\picorv32.$proc$../picorv32.v:565$1123'.
Removing empty process `$paramod$d10354c6a96dde45072006c7ddf03c042761ad93\picorv32.$proc$../picorv32.v:565$1123'.
Removing empty process `$paramod$d10354c6a96dde45072006c7ddf03c042761ad93\picorv32.$proc$../picorv32.v:1239$1666'.
Found and cleaned up 19 empty switches in `$paramod$d10354c6a96dde45072006c7ddf03c042761ad93\picorv32.$proc$../picorv32.v:430$1085'.
Removing empty process `$paramod$d10354c6a96dde45072006c7ddf03c042761ad93\picorv32.$proc$../picorv32.v:430$1085'.
Found and cleaned up 3 empty switches in `$paramod$d10354c6a96dde45072006c7ddf03c042761ad93\picorv32.$proc$../picorv32.v:401$1082'.
Removing empty process `$paramod$d10354c6a96dde45072006c7ddf03c042761ad93\picorv32.$proc$../picorv32.v:401$1082'.
Found and cleaned up 2 empty switches in `$paramod$d10354c6a96dde45072006c7ddf03c042761ad93\picorv32.$proc$../picorv32.v:390$1077'.
Removing empty process `$paramod$d10354c6a96dde45072006c7ddf03c042761ad93\picorv32.$proc$../picorv32.v:390$1077'.
Found and cleaned up 1 empty switch in `$paramod$d10354c6a96dde45072006c7ddf03c042761ad93\picorv32.$proc$../picorv32.v:325$1003'.
Removing empty process `$paramod$d10354c6a96dde45072006c7ddf03c042761ad93\picorv32.$proc$../picorv32.v:325$1003'.
Found and cleaned up 6 empty switches in `\spimem_cache_direct_mapped.$proc$picosoc.v:362$690'.
Removing empty process `spimem_cache_direct_mapped.$proc$picosoc.v:362$690'.
Removing empty process `spimem_cache_direct_mapped.$proc$picosoc.v:354$683'.
Found and cleaned up 25 empty switches in `\spimemio.$proc$spimemio.v:207$527'.
Removing empty process `spimemio.$proc$spimemio.v:207$527'.
Removing empty process `spimemio.$proc$spimemio.v:151$509'.
Found and cleaned up 5 empty switches in `\spimemio.$proc$spimemio.v:99$505'.
Removing empty process `spimemio.$proc$spimemio.v:99$505'.
Found and cleaned up 5 empty switches in `\simpleuart.$proc$simpleuart.v:109$485'.
Removing empty process `simpleuart.$proc$simpleuart.v:109$485'.
Found and cleaned up 7 empty switches in `\simpleuart.$proc$simpleuart.v:66$476'.
Removing empty process `simpleuart.$proc$simpleuart.v:66$476'.
Found and cleaned up 5 empty switches in `\simpleuart.$proc$simpleuart.v:55$474'.
Removing empty process `simpleuart.$proc$simpleuart.v:55$474'.
Found and cleaned up 1 empty switch in `\seven_seg_hex.$proc$icebreaker.v:218$463'.
Removing empty process `seven_seg_hex.$proc$icebreaker.v:218$463'.
Removing empty process `seven_seg_ctrl.$proc$icebreaker.v:194$462'.
Removing empty process `seven_seg_ctrl.$proc$icebreaker.v:193$461'.
Removing empty process `seven_seg_ctrl.$proc$icebreaker.v:192$460'.
Found and cleaned up 2 empty switches in `\seven_seg_ctrl.$proc$icebreaker.v:196$454'.
Removing empty process `seven_seg_ctrl.$proc$icebreaker.v:196$454'.
Removing empty process `$paramod$f03d4e23a3a44173f9a2edec4a46578428035902\picosoc.$proc$picosoc.v:255$444'.
Removing empty process `$paramod$f03d4e23a3a44173f9a2edec4a46578428035902\picosoc.$proc$picosoc.v:93$397'.
Removing empty process `icebreaker.$proc$icebreaker.v:52$396'.
Found and cleaned up 6 empty switches in `\icebreaker.$proc$icebreaker.v:108$390'.
Removing empty process `icebreaker.$proc$icebreaker.v:108$390'.
Removing empty process `icebreaker.$proc$icebreaker.v:55$385'.
Cleaned up 275 empty switches.

7.4.12. Executing OPT_EXPR pass (perform const folding).
Optimizing module picosoc_regs.
Optimizing module picorv32_pcpi_fast_mul.
<suppressed ~12 debug messages>
Optimizing module spimemio_xfer.
<suppressed ~33 debug messages>
Optimizing module $paramod$d10354c6a96dde45072006c7ddf03c042761ad93\picorv32.
<suppressed ~675 debug messages>
Optimizing module spimem_cache_direct_mapped.
<suppressed ~163 debug messages>
Optimizing module spimemio.
<suppressed ~15 debug messages>
Optimizing module simpleuart.
<suppressed ~17 debug messages>
Optimizing module $paramod\ice40up5k_spram\WORDS=s32'00000000000000001000000000000000.
Optimizing module seven_seg_hex.
Optimizing module seven_seg_ctrl.
Optimizing module $paramod$f03d4e23a3a44173f9a2edec4a46578428035902\picosoc.
Optimizing module icebreaker.
<suppressed ~6 debug messages>

7.5. Executing FLATTEN pass (flatten design).
Deleting now unused module picosoc_regs.
Deleting now unused module picorv32_pcpi_fast_mul.
Deleting now unused module spimemio_xfer.
Deleting now unused module $paramod$d10354c6a96dde45072006c7ddf03c042761ad93\picorv32.
Deleting now unused module spimem_cache_direct_mapped.
Deleting now unused module spimemio.
Deleting now unused module simpleuart.
Deleting now unused module $paramod\ice40up5k_spram\WORDS=s32'00000000000000001000000000000000.
Deleting now unused module seven_seg_hex.
Deleting now unused module seven_seg_ctrl.
Deleting now unused module $paramod$f03d4e23a3a44173f9a2edec4a46578428035902\picosoc.
<suppressed ~12 debug messages>

7.6. Executing TRIBUF pass.

7.7. Executing DEMINOUT pass (demote inout ports to input or output).

7.8. Executing OPT_EXPR pass (perform const folding).
Optimizing module icebreaker.
<suppressed ~6 debug messages>

7.9. Executing OPT_CLEAN pass (remove unused cells and wires).
Finding unused cells or wires in module \icebreaker..
Removed 818 unused cells and 3249 unused wires.
<suppressed ~892 debug messages>

7.10. Executing CHECK pass (checking for obvious problems).
Checking module icebreaker...
Found and reported 0 problems.

7.11. Executing OPT pass (performing simple optimizations).

7.11.1. Executing OPT_EXPR pass (perform const folding).
Optimizing module icebreaker.

7.11.2. Executing OPT_MERGE pass (detect identical cells).
Finding identical cells in module `\icebreaker'.
Computing hashes of 2148 cells of `\icebreaker'.
Finding duplicate cells in `\icebreaker'.
Computing hashes of 1798 cells of `\icebreaker'.
Finding duplicate cells in `\icebreaker'.
Computing hashes of 1780 cells of `\icebreaker'.
Finding duplicate cells in `\icebreaker'.
Computing hashes of 1778 cells of `\icebreaker'.
Finding duplicate cells in `\icebreaker'.
<suppressed ~1110 debug messages>
Removed a total of 370 cells.

7.11.3. Executing OPT_MUXTREE pass (detect dead branches in mux trees).
Running muxtree optimizer on module \icebreaker..
  Creating internal representation of mux trees.
  Evaluating internal representation of mux trees.
      Replacing known input bits on port B of cell $flatten\soc.\cpu.$procmux$5036: \soc.cpu.genblk1.pcpi_mul.active [1] -> 1'1
  Analyzing evaluation results.
    dead port 2/2 on $mux $flatten\soc.\cpu.$procmux$2219.
    dead port 2/2 on $mux $flatten\soc.\cpu.$procmux$2213.
    dead port 2/2 on $mux $flatten\soc.\cpu.$procmux$2211.
    dead port 2/2 on $mux $flatten\soc.\cpu.$procmux$2204.
    dead port 2/2 on $mux $flatten\soc.\cpu.$procmux$2198.
    dead port 2/2 on $mux $flatten\soc.\cpu.$procmux$2196.
    dead port 2/2 on $mux $flatten\soc.\cpu.$procmux$2186.
    dead port 2/3 on $pmux $flatten\soc.\cpu.$procmux$5031.
    dead port 3/3 on $pmux $flatten\soc.\cpu.$procmux$5031.
    dead port 2/2 on $mux $flatten\soc.\cpu.$procmux$5036.
    dead port 4/8 on $pmux $flatten\soc.\cpu.$procmux$3694.
    dead port 5/8 on $pmux $flatten\soc.\cpu.$procmux$3694.
    dead port 7/12 on $pmux $flatten\soc.\cpu.$procmux$3456.
    dead port 8/12 on $pmux $flatten\soc.\cpu.$procmux$3456.
    dead port 2/2 on $mux $flatten\soc.\cpu.$procmux$2257.
    dead port 2/2 on $mux $flatten\soc.\cpu.$procmux$3835.
    dead port 2/2 on $mux $flatten\soc.\cpu.$procmux$3844.
    dead port 2/2 on $mux $flatten\soc.\cpu.$procmux$2254.
    dead port 7/11 on $pmux $flatten\soc.\cpu.$procmux$3642.
    dead port 8/11 on $pmux $flatten\soc.\cpu.$procmux$3642.
    dead port 1/8 on $pmux $flatten\soc.\cpu.$procmux$3859.
    dead port 2/8 on $pmux $flatten\soc.\cpu.$procmux$3859.
    dead port 2/2 on $mux $flatten\soc.\cpu.$procmux$2248.
    dead port 2/2 on $mux $flatten\soc.\cpu.$procmux$4997.
    dead port 2/2 on $mux $flatten\soc.\cpu.$procmux$5004.
    dead port 2/2 on $mux $flatten\soc.\cpu.$procmux$2687.
    dead port 2/2 on $mux $flatten\soc.\cpu.$procmux$2674.
    dead port 7/12 on $pmux $flatten\soc.\cpu.$procmux$3256.
    dead port 8/12 on $pmux $flatten\soc.\cpu.$procmux$3256.
    dead port 2/2 on $mux $flatten\soc.\cpu.$procmux$2661.
    dead port 7/11 on $pmux $flatten\soc.\cpu.$procmux$2962.
    dead port 8/11 on $pmux $flatten\soc.\cpu.$procmux$2962.
    dead port 4/8 on $pmux $flatten\soc.\cpu.$procmux$3169.
    dead port 5/8 on $pmux $flatten\soc.\cpu.$procmux$3169.
    dead port 2/2 on $mux $flatten\soc.\cpu.\genblk1.pcpi_mul.$procmux$1825.
    dead port 2/2 on $mux $flatten\soc.\cpu.\genblk1.pcpi_mul.$procmux$1817.
    dead port 2/2 on $mux $flatten\soc.\cpu.\genblk1.pcpi_mul.$procmux$1810.
    dead port 2/2 on $mux $flatten\soc.\cpu.\genblk1.pcpi_mul.$procmux$1804.
    dead port 2/2 on $mux $flatten\soc.\cpu.$procmux$2228.
    dead port 2/2 on $mux $flatten\soc.\cpu.$procmux$2618.
    dead port 2/2 on $mux $flatten\soc.\cpu.$procmux$2615.
    dead port 2/2 on $mux $flatten\soc.\spimem_cache.$procmux$5252.
    dead port 2/2 on $mux $flatten\soc.\spimem_cache.$procmux$5246.
    dead port 2/2 on $mux $flatten\soc.\spimem_cache.$procmux$5240.
    dead port 2/2 on $mux $flatten\soc.\spimem_cache.$procmux$5234.
    dead port 2/2 on $mux $flatten\soc.\spimem_cache.$procmux$5228.
    dead port 2/2 on $mux $flatten\soc.\spimem_cache.$procmux$5222.
    dead port 2/2 on $mux $flatten\soc.\spimem_cache.$procmux$5216.
    dead port 2/2 on $mux $flatten\soc.\spimem_cache.$procmux$5210.
    dead port 2/2 on $mux $flatten\soc.\spimem_cache.$procmux$5204.
    dead port 2/2 on $mux $flatten\soc.\spimem_cache.$procmux$5201.
    dead port 2/2 on $mux $flatten\soc.\spimem_cache.$procmux$5195.
    dead port 2/2 on $mux $flatten\soc.\spimem_cache.$procmux$5192.
    dead port 2/2 on $mux $flatten\soc.\spimem_cache.$procmux$5186.
    dead port 2/2 on $mux $flatten\soc.\spimem_cache.$procmux$5183.
    dead port 2/2 on $mux $flatten\soc.\spimem_cache.$procmux$5177.
    dead port 2/2 on $mux $flatten\soc.\spimem_cache.$procmux$5174.
    dead port 2/2 on $mux $flatten\soc.\spimem_cache.$procmux$5168.
    dead port 2/2 on $mux $flatten\soc.\spimem_cache.$procmux$5165.
    dead port 2/2 on $mux $flatten\soc.\spimem_cache.$procmux$5159.
    dead port 2/2 on $mux $flatten\soc.\spimem_cache.$procmux$5156.
    dead port 2/2 on $mux $flatten\soc.\spimem_cache.$procmux$5150.
    dead port 2/2 on $mux $flatten\soc.\spimem_cache.$procmux$5147.
    dead port 2/2 on $mux $flatten\soc.\spimem_cache.$procmux$5141.
    dead port 2/2 on $mux $flatten\soc.\spimem_cache.$procmux$5138.
    dead port 2/2 on $mux $flatten\soc.\spimem_cache.$procmux$5132.
    dead port 2/2 on $mux $flatten\soc.\spimem_cache.$procmux$5129.
    dead port 1/2 on $mux $flatten\soc.\spimem_cache.$procmux$5127.
    dead port 2/2 on $mux $flatten\soc.\spimem_cache.$procmux$5120.
    dead port 2/2 on $mux $flatten\soc.\spimem_cache.$procmux$5117.
    dead port 1/2 on $mux $flatten\soc.\spimem_cache.$procmux$5115.
    dead port 2/2 on $mux $flatten\soc.\spimem_cache.$procmux$5108.
    dead port 2/2 on $mux $flatten\soc.\spimem_cache.$procmux$5105.
    dead port 1/2 on $mux $flatten\soc.\spimem_cache.$procmux$5103.
    dead port 2/2 on $mux $flatten\soc.\spimem_cache.$procmux$5096.
    dead port 2/2 on $mux $flatten\soc.\spimem_cache.$procmux$5093.
    dead port 1/2 on $mux $flatten\soc.\spimem_cache.$procmux$5091.
    dead port 2/2 on $mux $flatten\soc.\spimem_cache.$procmux$5084.
    dead port 2/2 on $mux $flatten\soc.\spimem_cache.$procmux$5081.
    dead port 1/2 on $mux $flatten\soc.\spimem_cache.$procmux$5079.
    dead port 2/2 on $mux $flatten\soc.\spimem_cache.$procmux$5072.
    dead port 2/2 on $mux $flatten\soc.\spimem_cache.$procmux$5069.
    dead port 1/2 on $mux $flatten\soc.\spimem_cache.$procmux$5067.
    dead port 2/2 on $mux $flatten\soc.\spimem_cache.$procmux$5060.
    dead port 2/2 on $mux $flatten\soc.\spimem_cache.$procmux$5057.
    dead port 1/2 on $mux $flatten\soc.\spimem_cache.$procmux$5055.
    dead port 2/2 on $mux $flatten\soc.\spimem_cache.$procmux$5048.
    dead port 2/2 on $mux $flatten\soc.\spimem_cache.$procmux$5045.
    dead port 1/2 on $mux $flatten\soc.\spimem_cache.$procmux$5043.
    dead port 2/2 on $mux $flatten\soc.\cpu.$procmux$2603.
    dead port 2/2 on $mux $flatten\soc.\cpu.$procmux$2600.
    dead port 2/2 on $mux $flatten\soc.\cpu.$procmux$2598.
    dead port 1/2 on $mux $flatten\soc.\cpu.$procmux$2596.
    dead port 2/2 on $mux $flatten\soc.\cpu.$procmux$2593.
    dead port 2/2 on $mux $flatten\soc.\cpu.$procmux$2570.
    dead port 2/2 on $mux $flatten\soc.\cpu.$procmux$2567.
    dead port 2/2 on $mux $flatten\soc.\spimemio.\xfer.$procmux$1944.
    dead port 1/4 on $pmux $flatten\soc.\spimemio.\xfer.$procmux$1946.
    dead port 2/4 on $pmux $flatten\soc.\spimemio.\xfer.$procmux$1946.
    dead port 3/4 on $pmux $flatten\soc.\spimemio.\xfer.$procmux$1946.
    dead port 2/2 on $mux $flatten\soc.\cpu.$procmux$2562.
    dead port 2/2 on $mux $flatten\soc.\spimemio.\xfer.$procmux$1950.
    dead port 2/2 on $mux $flatten\soc.\spimemio.\xfer.$procmux$1957.
    dead port 2/2 on $mux $flatten\soc.\cpu.$procmux$2552.
    dead port 1/4 on $pmux $flatten\soc.\spimemio.\xfer.$procmux$1959.
    dead port 2/4 on $pmux $flatten\soc.\spimemio.\xfer.$procmux$1959.
    dead port 3/4 on $pmux $flatten\soc.\spimemio.\xfer.$procmux$1959.
    dead port 2/2 on $mux $flatten\soc.\cpu.$procmux$2549.
    dead port 2/2 on $mux $flatten\soc.\spimemio.\xfer.$procmux$1963.
    dead port 2/2 on $mux $flatten\soc.\cpu.$procmux$2547.
    dead port 2/2 on $mux $flatten\soc.\spimemio.\xfer.$procmux$1983.
    dead port 2/2 on $mux $flatten\soc.\spimemio.\xfer.$procmux$1985.
    dead port 1/2 on $mux $flatten\soc.\cpu.$procmux$2545.
    dead port 2/2 on $mux $flatten\soc.\spimemio.\xfer.$procmux$1994.
    dead port 2/2 on $mux $flatten\soc.\spimemio.\xfer.$procmux$1996.
    dead port 2/2 on $mux $flatten\soc.\cpu.$procmux$2542.
    dead port 2/2 on $mux $flatten\soc.\spimemio.\xfer.$procmux$2018.
    dead port 2/2 on $mux $flatten\soc.\spimemio.\xfer.$procmux$2020.
    dead port 2/2 on $mux $flatten\soc.\cpu.$procmux$2528.
    dead port 2/2 on $mux $flatten\soc.\spimemio.\xfer.$procmux$2030.
    dead port 2/2 on $mux $flatten\soc.\spimemio.\xfer.$procmux$2032.
    dead port 2/2 on $mux $flatten\soc.\cpu.$procmux$2525.
    dead port 2/2 on $mux $flatten\soc.\spimemio.\xfer.$procmux$2042.
    dead port 2/2 on $mux $flatten\soc.\cpu.$procmux$2504.
    dead port 2/2 on $mux $flatten\soc.\cpu.$procmux$2501.
    dead port 2/2 on $mux $flatten\soc.\spimemio.\xfer.$procmux$2052.
    dead port 2/2 on $mux $flatten\soc.\cpu.$procmux$2499.
    dead port 2/2 on $mux $flatten\soc.\spimemio.\xfer.$procmux$2062.
    dead port 2/2 on $mux $flatten\soc.\cpu.$procmux$2480.
    dead port 2/2 on $mux $flatten\soc.\cpu.$procmux$2477.
    dead port 2/2 on $mux $flatten\soc.\spimemio.\xfer.$procmux$2072.
    dead port 2/2 on $mux $flatten\soc.\cpu.$procmux$2475.
    dead port 2/2 on $mux $flatten\soc.\cpu.$procmux$2456.
    dead port 2/2 on $mux $flatten\soc.\spimemio.\xfer.$procmux$2082.
    dead port 2/2 on $mux $flatten\soc.\cpu.$procmux$2453.
    dead port 2/2 on $mux $flatten\soc.\cpu.$procmux$2451.
    dead port 2/2 on $mux $flatten\soc.\spimemio.\xfer.$procmux$2092.
    dead port 2/2 on $mux $flatten\soc.\spimemio.\xfer.$procmux$2100.
    dead port 2/2 on $mux $flatten\soc.\cpu.$procmux$2429.
    dead port 2/2 on $mux $flatten\soc.\cpu.$procmux$2426.
    dead port 2/2 on $mux $flatten\soc.\spimemio.\xfer.$procmux$2108.
    dead port 2/2 on $mux $flatten\soc.\cpu.$procmux$2424.
    dead port 2/2 on $mux $flatten\soc.\spimemio.\xfer.$procmux$2116.
    dead port 1/2 on $mux $flatten\soc.\cpu.$procmux$2422.
    dead port 2/2 on $mux $flatten\soc.\spimemio.\xfer.$procmux$2124.
    dead port 2/2 on $mux $flatten\soc.\cpu.$procmux$2399.
    dead port 2/2 on $mux $flatten\soc.\cpu.$procmux$2396.
    dead port 2/2 on $mux $flatten\soc.\spimemio.\xfer.$procmux$2134.
    dead port 2/2 on $mux $flatten\soc.\cpu.$procmux$2394.
    dead port 2/2 on $mux $flatten\soc.\spimemio.\xfer.$procmux$2144.
    dead port 2/2 on $mux $flatten\soc.\cpu.$procmux$2387.
    dead port 2/2 on $mux $flatten\soc.\cpu.$procmux$2384.
    dead port 2/2 on $mux $flatten\soc.\cpu.$procmux$2372.
    dead port 2/2 on $mux $flatten\soc.\cpu.$procmux$2369.
    dead port 2/2 on $mux $flatten\soc.\cpu.$procmux$2367.
    dead port 2/2 on $mux $flatten\soc.\cpu.$procmux$2354.
    dead port 2/2 on $mux $flatten\soc.\cpu.$procmux$2351.
    dead port 2/2 on $mux $flatten\soc.\cpu.$procmux$2349.
    dead port 1/2 on $mux $flatten\soc.\cpu.$procmux$2347.
    dead port 2/2 on $mux $flatten\soc.\cpu.$procmux$2333.
    dead port 2/2 on $mux $flatten\soc.\cpu.$procmux$2330.
    dead port 2/2 on $mux $flatten\soc.\cpu.$procmux$2328.
    dead port 2/2 on $mux $flatten\soc.\cpu.$procmux$2320.
    dead port 2/2 on $mux $flatten\soc.\cpu.$procmux$2317.
    dead port 2/2 on $mux $flatten\soc.\cpu.$procmux$2308.
    dead port 2/2 on $mux $flatten\soc.\cpu.$procmux$2305.
    dead port 2/2 on $mux $flatten\soc.\cpu.$procmux$2293.
    dead port 4/8 on $pmux $flatten\soc.\cpu.$procmux$2918.
    dead port 5/8 on $pmux $flatten\soc.\cpu.$procmux$2918.
    dead port 2/2 on $mux $flatten\soc.\cpu.$procmux$2280.
    dead port 2/2 on $mux $flatten\soc.\cpu.$procmux$2277.
    dead port 2/2 on $mux $flatten\soc.\cpu.$procmux$2270.
Removed 172 multiplexer ports.
<suppressed ~2235 debug messages>

7.11.4. Executing OPT_REDUCE pass (consolidate $*mux and $reduce_* inputs).
  Optimizing cells in module \icebreaker.
    New ctrl vector for $pmux cell $flatten\soc.\cpu.$procmux$3642: { $auto$opt_reduce.cc:137:opt_pmux$6687 $auto$opt_reduce.cc:137:opt_pmux$6685 }
    New ctrl vector for $pmux cell $flatten\soc.\cpu.$procmux$3430: { $flatten\soc.\cpu.$procmux$3089_CMP $flatten\soc.\cpu.$procmux$3017_CMP $flatten\soc.\cpu.$procmux$2960_CMP $flatten\soc.\cpu.$procmux$2959_CMP }
    New ctrl vector for $pmux cell $flatten\soc.\cpu.$procmux$3006: { $flatten\soc.\cpu.$procmux$3089_CMP $flatten\soc.\cpu.$procmux$3007_CMP }
    New ctrl vector for $pmux cell $flatten\soc.\cpu.$procmux$2677: { $flatten\soc.\cpu.$procmux$3007_CMP $auto$opt_reduce.cc:137:opt_pmux$6689 }
    New ctrl vector for $pmux cell $flatten\soc.\cpu.$procmux$3256: { \soc.cpu.instr_trap $auto$opt_reduce.cc:137:opt_pmux$6693 $flatten\soc.\cpu.$logic_and$../picorv32.v:1696$1571_Y \soc.cpu.is_slli_srli_srai $auto$opt_reduce.cc:137:opt_pmux$6691 }
    New ctrl vector for $pmux cell $flatten\soc.\cpu.$procmux$2664: { $auto$opt_reduce.cc:137:opt_pmux$6695 $flatten\soc.\cpu.$procmux$3059_CMP }
    New ctrl vector for $pmux cell $flatten\soc.\cpu.$procmux$2962: { \soc.cpu.is_slli_srli_srai $auto$opt_reduce.cc:137:opt_pmux$6697 }
    New ctrl vector for $pmux cell $flatten\soc.\cpu.$procmux$2651: { $flatten\soc.\cpu.$procmux$2792_CMP $auto$opt_reduce.cc:137:opt_pmux$6699 }
    New ctrl vector for $pmux cell $flatten\soc.\cpu.$procmux$3169: { \soc.cpu.instr_trap $auto$opt_reduce.cc:137:opt_pmux$6701 }
    New ctrl vector for $pmux cell $flatten\soc.\cpu.$procmux$3146: { $flatten\soc.\cpu.$procmux$3089_CMP $flatten\soc.\cpu.$procmux$3017_CMP $flatten\soc.\cpu.$procmux$2960_CMP $flatten\soc.\cpu.$procmux$3007_CMP $auto$opt_reduce.cc:137:opt_pmux$6703 }
    Consolidated identical input bits for $mux cell $flatten\soc.\cpu.\cpuregs.$procmux$1762:
      Old ports: A=0, B=32'11111111111111111111111111111111, Y=$flatten\soc.\cpu.\cpuregs.$0$memwr$\regs$picosoc.v:412$1747_EN[31:0]$1751
      New ports: A=1'0, B=1'1, Y=$flatten\soc.\cpu.\cpuregs.$0$memwr$\regs$picosoc.v:412$1747_EN[31:0]$1751 [0]
      New connections: $flatten\soc.\cpu.\cpuregs.$0$memwr$\regs$picosoc.v:412$1747_EN[31:0]$1751 [31:1] = { $flatten\soc.\cpu.\cpuregs.$0$memwr$\regs$picosoc.v:412$1747_EN[31:0]$1751 [0] $flatten\soc.\cpu.\cpuregs.$0$memwr$\regs$picosoc.v:412$1747_EN[31:0]$1751 [0] $flatten\soc.\cpu.\cpuregs.$0$memwr$\regs$picosoc.v:412$1747_EN[31:0]$1751 [0] $flatten\soc.\cpu.\cpuregs.$0$memwr$\regs$picosoc.v:412$1747_EN[31:0]$1751 [0] $flatten\soc.\cpu.\cpuregs.$0$memwr$\regs$picosoc.v:412$1747_EN[31:0]$1751 [0] $flatten\soc.\cpu.\cpuregs.$0$memwr$\regs$picosoc.v:412$1747_EN[31:0]$1751 [0] $flatten\soc.\cpu.\cpuregs.$0$memwr$\regs$picosoc.v:412$1747_EN[31:0]$1751 [0] $flatten\soc.\cpu.\cpuregs.$0$memwr$\regs$picosoc.v:412$1747_EN[31:0]$1751 [0] $flatten\soc.\cpu.\cpuregs.$0$memwr$\regs$picosoc.v:412$1747_EN[31:0]$1751 [0] $flatten\soc.\cpu.\cpuregs.$0$memwr$\regs$picosoc.v:412$1747_EN[31:0]$1751 [0] $flatten\soc.\cpu.\cpuregs.$0$memwr$\regs$picosoc.v:412$1747_EN[31:0]$1751 [0] $flatten\soc.\cpu.\cpuregs.$0$memwr$\regs$picosoc.v:412$1747_EN[31:0]$1751 [0] $flatten\soc.\cpu.\cpuregs.$0$memwr$\regs$picosoc.v:412$1747_EN[31:0]$1751 [0] $flatten\soc.\cpu.\cpuregs.$0$memwr$\regs$picosoc.v:412$1747_EN[31:0]$1751 [0] $flatten\soc.\cpu.\cpuregs.$0$memwr$\regs$picosoc.v:412$1747_EN[31:0]$1751 [0] $flatten\soc.\cpu.\cpuregs.$0$memwr$\regs$picosoc.v:412$1747_EN[31:0]$1751 [0] $flatten\soc.\cpu.\cpuregs.$0$memwr$\regs$picosoc.v:412$1747_EN[31:0]$1751 [0] $flatten\soc.\cpu.\cpuregs.$0$memwr$\regs$picosoc.v:412$1747_EN[31:0]$1751 [0] $flatten\soc.\cpu.\cpuregs.$0$memwr$\regs$picosoc.v:412$1747_EN[31:0]$1751 [0] $flatten\soc.\cpu.\cpuregs.$0$memwr$\regs$picosoc.v:412$1747_EN[31:0]$1751 [0] $flatten\soc.\cpu.\cpuregs.$0$memwr$\regs$picosoc.v:412$1747_EN[31:0]$1751 [0] $flatten\soc.\cpu.\cpuregs.$0$memwr$\regs$picosoc.v:412$1747_EN[31:0]$1751 [0] $flatten\soc.\cpu.\cpuregs.$0$memwr$\regs$picosoc.v:412$1747_EN[31:0]$1751 [0] $flatten\soc.\cpu.\cpuregs.$0$memwr$\regs$picosoc.v:412$1747_EN[31:0]$1751 [0] $flatten\soc.\cpu.\cpuregs.$0$memwr$\regs$picosoc.v:412$1747_EN[31:0]$1751 [0] $flatten\soc.\cpu.\cpuregs.$0$memwr$\regs$picosoc.v:412$1747_EN[31:0]$1751 [0] $flatten\soc.\cpu.\cpuregs.$0$memwr$\regs$picosoc.v:412$1747_EN[31:0]$1751 [0] $flatten\soc.\cpu.\cpuregs.$0$memwr$\regs$picosoc.v:412$1747_EN[31:0]$1751 [0] $flatten\soc.\cpu.\cpuregs.$0$memwr$\regs$picosoc.v:412$1747_EN[31:0]$1751 [0] $flatten\soc.\cpu.\cpuregs.$0$memwr$\regs$picosoc.v:412$1747_EN[31:0]$1751 [0] $flatten\soc.\cpu.\cpuregs.$0$memwr$\regs$picosoc.v:412$1747_EN[31:0]$1751 [0] }
    New ctrl vector for $pmux cell $flatten\soc.\cpu.$procmux$3694: { \soc.cpu.is_lui_auipc_jal $auto$opt_reduce.cc:137:opt_pmux$6705 }
    Consolidated identical input bits for $mux cell $flatten\soc.\spimem_cache.$procmux$5100:
      Old ports: A=24'000000000000000000000000, B=24'111111111111111111111111, Y=$flatten\soc.\spimem_cache.$procmux$5100_Y
      New ports: A=1'0, B=1'1, Y=$flatten\soc.\spimem_cache.$procmux$5100_Y [0]
      New connections: $flatten\soc.\spimem_cache.$procmux$5100_Y [23:1] = { $flatten\soc.\spimem_cache.$procmux$5100_Y [0] $flatten\soc.\spimem_cache.$procmux$5100_Y [0] $flatten\soc.\spimem_cache.$procmux$5100_Y [0] $flatten\soc.\spimem_cache.$procmux$5100_Y [0] $flatten\soc.\spimem_cache.$procmux$5100_Y [0] $flatten\soc.\spimem_cache.$procmux$5100_Y [0] $flatten\soc.\spimem_cache.$procmux$5100_Y [0] $flatten\soc.\spimem_cache.$procmux$5100_Y [0] $flatten\soc.\spimem_cache.$procmux$5100_Y [0] $flatten\soc.\spimem_cache.$procmux$5100_Y [0] $flatten\soc.\spimem_cache.$procmux$5100_Y [0] $flatten\soc.\spimem_cache.$procmux$5100_Y [0] $flatten\soc.\spimem_cache.$procmux$5100_Y [0] $flatten\soc.\spimem_cache.$procmux$5100_Y [0] $flatten\soc.\spimem_cache.$procmux$5100_Y [0] $flatten\soc.\spimem_cache.$procmux$5100_Y [0] $flatten\soc.\spimem_cache.$procmux$5100_Y [0] $flatten\soc.\spimem_cache.$procmux$5100_Y [0] $flatten\soc.\spimem_cache.$procmux$5100_Y [0] $flatten\soc.\spimem_cache.$procmux$5100_Y [0] $flatten\soc.\spimem_cache.$procmux$5100_Y [0] $flatten\soc.\spimem_cache.$procmux$5100_Y [0] $flatten\soc.\spimem_cache.$procmux$5100_Y [0] }
    Consolidated identical input bits for $mux cell $flatten\soc.\spimem_cache.$procmux$5064:
      Old ports: A=0, B=32'11111111111111111111111111111111, Y=$flatten\soc.\spimem_cache.$procmux$5064_Y
      New ports: A=1'0, B=1'1, Y=$flatten\soc.\spimem_cache.$procmux$5064_Y [0]
      New connections: $flatten\soc.\spimem_cache.$procmux$5064_Y [31:1] = { $flatten\soc.\spimem_cache.$procmux$5064_Y [0] $flatten\soc.\spimem_cache.$procmux$5064_Y [0] $flatten\soc.\spimem_cache.$procmux$5064_Y [0] $flatten\soc.\spimem_cache.$procmux$5064_Y [0] $flatten\soc.\spimem_cache.$procmux$5064_Y [0] $flatten\soc.\spimem_cache.$procmux$5064_Y [0] $flatten\soc.\spimem_cache.$procmux$5064_Y [0] $flatten\soc.\spimem_cache.$procmux$5064_Y [0] $flatten\soc.\spimem_cache.$procmux$5064_Y [0] $flatten\soc.\spimem_cache.$procmux$5064_Y [0] $flatten\soc.\spimem_cache.$procmux$5064_Y [0] $flatten\soc.\spimem_cache.$procmux$5064_Y [0] $flatten\soc.\spimem_cache.$procmux$5064_Y [0] $flatten\soc.\spimem_cache.$procmux$5064_Y [0] $flatten\soc.\spimem_cache.$procmux$5064_Y [0] $flatten\soc.\spimem_cache.$procmux$5064_Y [0] $flatten\soc.\spimem_cache.$procmux$5064_Y [0] $flatten\soc.\spimem_cache.$procmux$5064_Y [0] $flatten\soc.\spimem_cache.$procmux$5064_Y [0] $flatten\soc.\spimem_cache.$procmux$5064_Y [0] $flatten\soc.\spimem_cache.$procmux$5064_Y [0] $flatten\soc.\spimem_cache.$procmux$5064_Y [0] $flatten\soc.\spimem_cache.$procmux$5064_Y [0] $flatten\soc.\spimem_cache.$procmux$5064_Y [0] $flatten\soc.\spimem_cache.$procmux$5064_Y [0] $flatten\soc.\spimem_cache.$procmux$5064_Y [0] $flatten\soc.\spimem_cache.$procmux$5064_Y [0] $flatten\soc.\spimem_cache.$procmux$5064_Y [0] $flatten\soc.\spimem_cache.$procmux$5064_Y [0] $flatten\soc.\spimem_cache.$procmux$5064_Y [0] $flatten\soc.\spimem_cache.$procmux$5064_Y [0] }
    New ctrl vector for $pmux cell $flatten\soc.\cpu.$procmux$2260: { $flatten\soc.\cpu.$procmux$3089_CMP $flatten\soc.\cpu.$procmux$3017_CMP $flatten\soc.\cpu.$procmux$2960_CMP $auto$opt_reduce.cc:137:opt_pmux$6707 }
    New ctrl vector for $pmux cell $flatten\soc.\cpu.$procmux$3456: { \soc.cpu.instr_trap $flatten\soc.\cpu.$logic_and$../picorv32.v:1696$1571_Y $auto$opt_reduce.cc:137:opt_pmux$6711 $auto$opt_reduce.cc:137:opt_pmux$6709 }
    New ctrl vector for $pmux cell $flatten\soc.\cpu.$procmux$2238: { $flatten\soc.\cpu.$procmux$3089_CMP $auto$opt_reduce.cc:137:opt_pmux$6713 }
    New ctrl vector for $pmux cell $flatten\soc.\spimemio.\xfer.$procmux$1933: $auto$opt_reduce.cc:137:opt_pmux$6715
    New ctrl vector for $pmux cell $flatten\soc.\spimemio.\xfer.$procmux$2078: { $flatten\soc.\spimemio.\xfer.$procmux$1936_CMP $auto$opt_reduce.cc:137:opt_pmux$6717 }
    New ctrl vector for $pmux cell $flatten\soc.\spimemio.\xfer.$procmux$2088: { $flatten\soc.\spimemio.\xfer.$procmux$1936_CMP $auto$opt_reduce.cc:137:opt_pmux$6719 }
    New ctrl vector for $pmux cell $flatten\soc.\spimemio.\xfer.$procmux$2097: $auto$opt_reduce.cc:137:opt_pmux$6721
    New ctrl vector for $pmux cell $flatten\soc.\spimemio.\xfer.$procmux$2105: $auto$opt_reduce.cc:137:opt_pmux$6723
    New ctrl vector for $pmux cell $flatten\soc.\spimemio.\xfer.$procmux$2113: $auto$opt_reduce.cc:137:opt_pmux$6725
    New ctrl vector for $pmux cell $flatten\soc.\spimemio.\xfer.$procmux$2121: $auto$opt_reduce.cc:137:opt_pmux$6727
    New ctrl vector for $pmux cell $flatten\soc.\spimemio.\xfer.$procmux$2130: { $flatten\soc.\spimemio.\xfer.$procmux$1936_CMP $auto$opt_reduce.cc:137:opt_pmux$6729 }
    New ctrl vector for $pmux cell $flatten\soc.\spimemio.\xfer.$procmux$2140: { $flatten\soc.\spimemio.\xfer.$procmux$1936_CMP $auto$opt_reduce.cc:137:opt_pmux$6731 }
    New ctrl vector for $pmux cell $flatten\soc.\spimemio.$procmux$5911: { $flatten\soc.\spimemio.$procmux$5941_CMP $auto$opt_reduce.cc:137:opt_pmux$6733 $flatten\soc.\spimemio.$procmux$5915_CMP $flatten\soc.\spimemio.$procmux$5931_CMP $flatten\soc.\spimemio.$procmux$5913_CMP $flatten\soc.\spimemio.$procmux$5912_CMP }
    New ctrl vector for $pmux cell $flatten\soc.\cpu.$procmux$3830: $auto$opt_reduce.cc:137:opt_pmux$6735
    New ctrl vector for $pmux cell $flatten\soc.\cpu.$procmux$2283: { $flatten\soc.\cpu.$procmux$3089_CMP $auto$opt_reduce.cc:137:opt_pmux$6737 }
    New ctrl vector for $pmux cell $flatten\soc.\simpleuart.$procmux$6080: $auto$opt_reduce.cc:137:opt_pmux$6739
    New input vector for $reduce_or cell $auto$opt_reduce.cc:131:opt_pmux$6686: { $flatten\soc.\cpu.$logic_and$../picorv32.v:1696$1571_Y \soc.cpu.is_slli_srli_srai \soc.cpu.instr_timer \soc.cpu.instr_maskirq \soc.cpu.instr_retirq \soc.cpu.instr_rdinstrh \soc.cpu.instr_rdinstr \soc.cpu.instr_rdcycleh \soc.cpu.instr_rdcycle }
    New input vector for $reduce_or cell $auto$opt_reduce.cc:131:opt_pmux$6692: { \soc.cpu.instr_timer \soc.cpu.instr_maskirq \soc.cpu.instr_retirq \soc.cpu.instr_rdinstrh \soc.cpu.instr_rdinstr \soc.cpu.instr_rdcycleh \soc.cpu.instr_rdcycle }
    New input vector for $reduce_or cell $auto$opt_reduce.cc:131:opt_pmux$6696: { $flatten\soc.\cpu.$logic_and$../picorv32.v:1696$1571_Y \soc.cpu.is_jalr_addi_slti_sltiu_xori_ori_andi \soc.cpu.is_lui_auipc_jal \soc.cpu.instr_timer \soc.cpu.instr_maskirq \soc.cpu.instr_retirq \soc.cpu.instr_rdinstrh \soc.cpu.instr_rdinstr \soc.cpu.instr_rdcycleh \soc.cpu.instr_rdcycle }
    New input vector for $reduce_or cell $auto$opt_reduce.cc:131:opt_pmux$6700: { \soc.cpu.instr_timer \soc.cpu.instr_maskirq \soc.cpu.instr_retirq \soc.cpu.instr_rdinstrh \soc.cpu.instr_rdinstr \soc.cpu.instr_rdcycleh \soc.cpu.instr_rdcycle }
    New input vector for $reduce_or cell $auto$opt_reduce.cc:131:opt_pmux$6704: { \soc.cpu.instr_timer \soc.cpu.instr_maskirq \soc.cpu.instr_retirq \soc.cpu.instr_rdinstrh \soc.cpu.instr_rdinstr \soc.cpu.instr_rdcycleh \soc.cpu.instr_rdcycle }
    New input vector for $reduce_or cell $auto$opt_reduce.cc:131:opt_pmux$6710: { \soc.cpu.is_slli_srli_srai \soc.cpu.instr_timer \soc.cpu.instr_maskirq \soc.cpu.instr_retirq \soc.cpu.instr_rdinstrh \soc.cpu.instr_rdinstr \soc.cpu.instr_rdcycleh \soc.cpu.instr_rdcycle }
  Optimizing cells in module \icebreaker.
    Consolidated identical input bits for $mux cell $flatten\soc.\spimem_cache.$procmux$5181:
      Old ports: A=$flatten\soc.\spimem_cache.$4$memwr$\cache_addr$picosoc.v:385$676_EN[23:0]$983, B=24'000000000000000000000000, Y=$flatten\soc.\spimem_cache.$procmux$5181_Y
      New ports: A=$flatten\soc.\spimem_cache.$procmux$5100_Y [0], B=1'0, Y=$flatten\soc.\spimem_cache.$procmux$5181_Y [0]
      New connections: $flatten\soc.\spimem_cache.$procmux$5181_Y [23:1] = { $flatten\soc.\spimem_cache.$procmux$5181_Y [0] $flatten\soc.\spimem_cache.$procmux$5181_Y [0] $flatten\soc.\spimem_cache.$procmux$5181_Y [0] $flatten\soc.\spimem_cache.$procmux$5181_Y [0] $flatten\soc.\spimem_cache.$procmux$5181_Y [0] $flatten\soc.\spimem_cache.$procmux$5181_Y [0] $flatten\soc.\spimem_cache.$procmux$5181_Y [0] $flatten\soc.\spimem_cache.$procmux$5181_Y [0] $flatten\soc.\spimem_cache.$procmux$5181_Y [0] $flatten\soc.\spimem_cache.$procmux$5181_Y [0] $flatten\soc.\spimem_cache.$procmux$5181_Y [0] $flatten\soc.\spimem_cache.$procmux$5181_Y [0] $flatten\soc.\spimem_cache.$procmux$5181_Y [0] $flatten\soc.\spimem_cache.$procmux$5181_Y [0] $flatten\soc.\spimem_cache.$procmux$5181_Y [0] $flatten\soc.\spimem_cache.$procmux$5181_Y [0] $flatten\soc.\spimem_cache.$procmux$5181_Y [0] $flatten\soc.\spimem_cache.$procmux$5181_Y [0] $flatten\soc.\spimem_cache.$procmux$5181_Y [0] $flatten\soc.\spimem_cache.$procmux$5181_Y [0] $flatten\soc.\spimem_cache.$procmux$5181_Y [0] $flatten\soc.\spimem_cache.$procmux$5181_Y [0] $flatten\soc.\spimem_cache.$procmux$5181_Y [0] }
    Consolidated identical input bits for $mux cell $flatten\soc.\spimem_cache.$procmux$5154:
      Old ports: A=$flatten\soc.\spimem_cache.$4$memwr$\cache_data$picosoc.v:386$677_EN[31:0]$986, B=0, Y=$flatten\soc.\spimem_cache.$procmux$5154_Y
      New ports: A=$flatten\soc.\spimem_cache.$procmux$5064_Y [0], B=1'0, Y=$flatten\soc.\spimem_cache.$procmux$5154_Y [0]
      New connections: $flatten\soc.\spimem_cache.$procmux$5154_Y [31:1] = { $flatten\soc.\spimem_cache.$procmux$5154_Y [0] $flatten\soc.\spimem_cache.$procmux$5154_Y [0] $flatten\soc.\spimem_cache.$procmux$5154_Y [0] $flatten\soc.\spimem_cache.$procmux$5154_Y [0] $flatten\soc.\spimem_cache.$procmux$5154_Y [0] $flatten\soc.\spimem_cache.$procmux$5154_Y [0] $flatten\soc.\spimem_cache.$procmux$5154_Y [0] $flatten\soc.\spimem_cache.$procmux$5154_Y [0] $flatten\soc.\spimem_cache.$procmux$5154_Y [0] $flatten\soc.\spimem_cache.$procmux$5154_Y [0] $flatten\soc.\spimem_cache.$procmux$5154_Y [0] $flatten\soc.\spimem_cache.$procmux$5154_Y [0] $flatten\soc.\spimem_cache.$procmux$5154_Y [0] $flatten\soc.\spimem_cache.$procmux$5154_Y [0] $flatten\soc.\spimem_cache.$procmux$5154_Y [0] $flatten\soc.\spimem_cache.$procmux$5154_Y [0] $flatten\soc.\spimem_cache.$procmux$5154_Y [0] $flatten\soc.\spimem_cache.$procmux$5154_Y [0] $flatten\soc.\spimem_cache.$procmux$5154_Y [0] $flatten\soc.\spimem_cache.$procmux$5154_Y [0] $flatten\soc.\spimem_cache.$procmux$5154_Y [0] $flatten\soc.\spimem_cache.$procmux$5154_Y [0] $flatten\soc.\spimem_cache.$procmux$5154_Y [0] $flatten\soc.\spimem_cache.$procmux$5154_Y [0] $flatten\soc.\spimem_cache.$procmux$5154_Y [0] $flatten\soc.\spimem_cache.$procmux$5154_Y [0] $flatten\soc.\spimem_cache.$procmux$5154_Y [0] $flatten\soc.\spimem_cache.$procmux$5154_Y [0] $flatten\soc.\spimem_cache.$procmux$5154_Y [0] $flatten\soc.\spimem_cache.$procmux$5154_Y [0] $flatten\soc.\spimem_cache.$procmux$5154_Y [0] }
  Optimizing cells in module \icebreaker.
    Consolidated identical input bits for $mux cell $flatten\soc.\spimem_cache.$procmux$5237:
      Old ports: A=24'000000000000000000000000, B=$flatten\soc.\spimem_cache.$3$memwr$\cache_addr$picosoc.v:385$676_EN[23:0]$974, Y=$flatten\soc.\spimem_cache.$procmux$5237_Y
      New ports: A=1'0, B=$flatten\soc.\spimem_cache.$procmux$5181_Y [0], Y=$flatten\soc.\spimem_cache.$procmux$5237_Y [0]
      New connections: $flatten\soc.\spimem_cache.$procmux$5237_Y [23:1] = { $flatten\soc.\spimem_cache.$procmux$5237_Y [0] $flatten\soc.\spimem_cache.$procmux$5237_Y [0] $flatten\soc.\spimem_cache.$procmux$5237_Y [0] $flatten\soc.\spimem_cache.$procmux$5237_Y [0] $flatten\soc.\spimem_cache.$procmux$5237_Y [0] $flatten\soc.\spimem_cache.$procmux$5237_Y [0] $flatten\soc.\spimem_cache.$procmux$5237_Y [0] $flatten\soc.\spimem_cache.$procmux$5237_Y [0] $flatten\soc.\spimem_cache.$procmux$5237_Y [0] $flatten\soc.\spimem_cache.$procmux$5237_Y [0] $flatten\soc.\spimem_cache.$procmux$5237_Y [0] $flatten\soc.\spimem_cache.$procmux$5237_Y [0] $flatten\soc.\spimem_cache.$procmux$5237_Y [0] $flatten\soc.\spimem_cache.$procmux$5237_Y [0] $flatten\soc.\spimem_cache.$procmux$5237_Y [0] $flatten\soc.\spimem_cache.$procmux$5237_Y [0] $flatten\soc.\spimem_cache.$procmux$5237_Y [0] $flatten\soc.\spimem_cache.$procmux$5237_Y [0] $flatten\soc.\spimem_cache.$procmux$5237_Y [0] $flatten\soc.\spimem_cache.$procmux$5237_Y [0] $flatten\soc.\spimem_cache.$procmux$5237_Y [0] $flatten\soc.\spimem_cache.$procmux$5237_Y [0] $flatten\soc.\spimem_cache.$procmux$5237_Y [0] }
    Consolidated identical input bits for $mux cell $flatten\soc.\spimem_cache.$procmux$5219:
      Old ports: A=0, B=$flatten\soc.\spimem_cache.$3$memwr$\cache_data$picosoc.v:386$677_EN[31:0]$977, Y=$flatten\soc.\spimem_cache.$procmux$5219_Y
      New ports: A=1'0, B=$flatten\soc.\spimem_cache.$procmux$5154_Y [0], Y=$flatten\soc.\spimem_cache.$procmux$5219_Y [0]
      New connections: $flatten\soc.\spimem_cache.$procmux$5219_Y [31:1] = { $flatten\soc.\spimem_cache.$procmux$5219_Y [0] $flatten\soc.\spimem_cache.$procmux$5219_Y [0] $flatten\soc.\spimem_cache.$procmux$5219_Y [0] $flatten\soc.\spimem_cache.$procmux$5219_Y [0] $flatten\soc.\spimem_cache.$procmux$5219_Y [0] $flatten\soc.\spimem_cache.$procmux$5219_Y [0] $flatten\soc.\spimem_cache.$procmux$5219_Y [0] $flatten\soc.\spimem_cache.$procmux$5219_Y [0] $flatten\soc.\spimem_cache.$procmux$5219_Y [0] $flatten\soc.\spimem_cache.$procmux$5219_Y [0] $flatten\soc.\spimem_cache.$procmux$5219_Y [0] $flatten\soc.\spimem_cache.$procmux$5219_Y [0] $flatten\soc.\spimem_cache.$procmux$5219_Y [0] $flatten\soc.\spimem_cache.$procmux$5219_Y [0] $flatten\soc.\spimem_cache.$procmux$5219_Y [0] $flatten\soc.\spimem_cache.$procmux$5219_Y [0] $flatten\soc.\spimem_cache.$procmux$5219_Y [0] $flatten\soc.\spimem_cache.$procmux$5219_Y [0] $flatten\soc.\spimem_cache.$procmux$5219_Y [0] $flatten\soc.\spimem_cache.$procmux$5219_Y [0] $flatten\soc.\spimem_cache.$procmux$5219_Y [0] $flatten\soc.\spimem_cache.$procmux$5219_Y [0] $flatten\soc.\spimem_cache.$procmux$5219_Y [0] $flatten\soc.\spimem_cache.$procmux$5219_Y [0] $flatten\soc.\spimem_cache.$procmux$5219_Y [0] $flatten\soc.\spimem_cache.$procmux$5219_Y [0] $flatten\soc.\spimem_cache.$procmux$5219_Y [0] $flatten\soc.\spimem_cache.$procmux$5219_Y [0] $flatten\soc.\spimem_cache.$procmux$5219_Y [0] $flatten\soc.\spimem_cache.$procmux$5219_Y [0] $flatten\soc.\spimem_cache.$procmux$5219_Y [0] }
  Optimizing cells in module \icebreaker.
    Consolidated identical input bits for $mux cell $flatten\soc.\spimem_cache.$procmux$5657:
      Old ports: A=24'000000000000000000000000, B=$flatten\soc.\spimem_cache.$2$memwr$\cache_addr$picosoc.v:385$676_EN[23:0]$966, Y=$flatten\soc.\spimem_cache.$0$memwr$\cache_addr$picosoc.v:385$676_EN[23:0]$821
      New ports: A=1'0, B=$flatten\soc.\spimem_cache.$procmux$5237_Y [0], Y=$flatten\soc.\spimem_cache.$0$memwr$\cache_addr$picosoc.v:385$676_EN[23:0]$821 [0]
      New connections: $flatten\soc.\spimem_cache.$0$memwr$\cache_addr$picosoc.v:385$676_EN[23:0]$821 [23:1] = { $flatten\soc.\spimem_cache.$0$memwr$\cache_addr$picosoc.v:385$676_EN[23:0]$821 [0] $flatten\soc.\spimem_cache.$0$memwr$\cache_addr$picosoc.v:385$676_EN[23:0]$821 [0] $flatten\soc.\spimem_cache.$0$memwr$\cache_addr$picosoc.v:385$676_EN[23:0]$821 [0] $flatten\soc.\spimem_cache.$0$memwr$\cache_addr$picosoc.v:385$676_EN[23:0]$821 [0] $flatten\soc.\spimem_cache.$0$memwr$\cache_addr$picosoc.v:385$676_EN[23:0]$821 [0] $flatten\soc.\spimem_cache.$0$memwr$\cache_addr$picosoc.v:385$676_EN[23:0]$821 [0] $flatten\soc.\spimem_cache.$0$memwr$\cache_addr$picosoc.v:385$676_EN[23:0]$821 [0] $flatten\soc.\spimem_cache.$0$memwr$\cache_addr$picosoc.v:385$676_EN[23:0]$821 [0] $flatten\soc.\spimem_cache.$0$memwr$\cache_addr$picosoc.v:385$676_EN[23:0]$821 [0] $flatten\soc.\spimem_cache.$0$memwr$\cache_addr$picosoc.v:385$676_EN[23:0]$821 [0] $flatten\soc.\spimem_cache.$0$memwr$\cache_addr$picosoc.v:385$676_EN[23:0]$821 [0] $flatten\soc.\spimem_cache.$0$memwr$\cache_addr$picosoc.v:385$676_EN[23:0]$821 [0] $flatten\soc.\spimem_cache.$0$memwr$\cache_addr$picosoc.v:385$676_EN[23:0]$821 [0] $flatten\soc.\spimem_cache.$0$memwr$\cache_addr$picosoc.v:385$676_EN[23:0]$821 [0] $flatten\soc.\spimem_cache.$0$memwr$\cache_addr$picosoc.v:385$676_EN[23:0]$821 [0] $flatten\soc.\spimem_cache.$0$memwr$\cache_addr$picosoc.v:385$676_EN[23:0]$821 [0] $flatten\soc.\spimem_cache.$0$memwr$\cache_addr$picosoc.v:385$676_EN[23:0]$821 [0] $flatten\soc.\spimem_cache.$0$memwr$\cache_addr$picosoc.v:385$676_EN[23:0]$821 [0] $flatten\soc.\spimem_cache.$0$memwr$\cache_addr$picosoc.v:385$676_EN[23:0]$821 [0] $flatten\soc.\spimem_cache.$0$memwr$\cache_addr$picosoc.v:385$676_EN[23:0]$821 [0] $flatten\soc.\spimem_cache.$0$memwr$\cache_addr$picosoc.v:385$676_EN[23:0]$821 [0] $flatten\soc.\spimem_cache.$0$memwr$\cache_addr$picosoc.v:385$676_EN[23:0]$821 [0] $flatten\soc.\spimem_cache.$0$memwr$\cache_addr$picosoc.v:385$676_EN[23:0]$821 [0] }
    Consolidated identical input bits for $mux cell $flatten\soc.\spimem_cache.$procmux$5648:
      Old ports: A=0, B=$flatten\soc.\spimem_cache.$2$memwr$\cache_data$picosoc.v:386$677_EN[31:0]$969, Y=$flatten\soc.\spimem_cache.$0$memwr$\cache_data$picosoc.v:386$677_EN[31:0]$824
      New ports: A=1'0, B=$flatten\soc.\spimem_cache.$procmux$5219_Y [0], Y=$flatten\soc.\spimem_cache.$0$memwr$\cache_data$picosoc.v:386$677_EN[31:0]$824 [0]
      New connections: $flatten\soc.\spimem_cache.$0$memwr$\cache_data$picosoc.v:386$677_EN[31:0]$824 [31:1] = { $flatten\soc.\spimem_cache.$0$memwr$\cache_data$picosoc.v:386$677_EN[31:0]$824 [0] $flatten\soc.\spimem_cache.$0$memwr$\cache_data$picosoc.v:386$677_EN[31:0]$824 [0] $flatten\soc.\spimem_cache.$0$memwr$\cache_data$picosoc.v:386$677_EN[31:0]$824 [0] $flatten\soc.\spimem_cache.$0$memwr$\cache_data$picosoc.v:386$677_EN[31:0]$824 [0] $flatten\soc.\spimem_cache.$0$memwr$\cache_data$picosoc.v:386$677_EN[31:0]$824 [0] $flatten\soc.\spimem_cache.$0$memwr$\cache_data$picosoc.v:386$677_EN[31:0]$824 [0] $flatten\soc.\spimem_cache.$0$memwr$\cache_data$picosoc.v:386$677_EN[31:0]$824 [0] $flatten\soc.\spimem_cache.$0$memwr$\cache_data$picosoc.v:386$677_EN[31:0]$824 [0] $flatten\soc.\spimem_cache.$0$memwr$\cache_data$picosoc.v:386$677_EN[31:0]$824 [0] $flatten\soc.\spimem_cache.$0$memwr$\cache_data$picosoc.v:386$677_EN[31:0]$824 [0] $flatten\soc.\spimem_cache.$0$memwr$\cache_data$picosoc.v:386$677_EN[31:0]$824 [0] $flatten\soc.\spimem_cache.$0$memwr$\cache_data$picosoc.v:386$677_EN[31:0]$824 [0] $flatten\soc.\spimem_cache.$0$memwr$\cache_data$picosoc.v:386$677_EN[31:0]$824 [0] $flatten\soc.\spimem_cache.$0$memwr$\cache_data$picosoc.v:386$677_EN[31:0]$824 [0] $flatten\soc.\spimem_cache.$0$memwr$\cache_data$picosoc.v:386$677_EN[31:0]$824 [0] $flatten\soc.\spimem_cache.$0$memwr$\cache_data$picosoc.v:386$677_EN[31:0]$824 [0] $flatten\soc.\spimem_cache.$0$memwr$\cache_data$picosoc.v:386$677_EN[31:0]$824 [0] $flatten\soc.\spimem_cache.$0$memwr$\cache_data$picosoc.v:386$677_EN[31:0]$824 [0] $flatten\soc.\spimem_cache.$0$memwr$\cache_data$picosoc.v:386$677_EN[31:0]$824 [0] $flatten\soc.\spimem_cache.$0$memwr$\cache_data$picosoc.v:386$677_EN[31:0]$824 [0] $flatten\soc.\spimem_cache.$0$memwr$\cache_data$picosoc.v:386$677_EN[31:0]$824 [0] $flatten\soc.\spimem_cache.$0$memwr$\cache_data$picosoc.v:386$677_EN[31:0]$824 [0] $flatten\soc.\spimem_cache.$0$memwr$\cache_data$picosoc.v:386$677_EN[31:0]$824 [0] $flatten\soc.\spimem_cache.$0$memwr$\cache_data$picosoc.v:386$677_EN[31:0]$824 [0] $flatten\soc.\spimem_cache.$0$memwr$\cache_data$picosoc.v:386$677_EN[31:0]$824 [0] $flatten\soc.\spimem_cache.$0$memwr$\cache_data$picosoc.v:386$677_EN[31:0]$824 [0] $flatten\soc.\spimem_cache.$0$memwr$\cache_data$picosoc.v:386$677_EN[31:0]$824 [0] $flatten\soc.\spimem_cache.$0$memwr$\cache_data$picosoc.v:386$677_EN[31:0]$824 [0] $flatten\soc.\spimem_cache.$0$memwr$\cache_data$picosoc.v:386$677_EN[31:0]$824 [0] $flatten\soc.\spimem_cache.$0$memwr$\cache_data$picosoc.v:386$677_EN[31:0]$824 [0] $flatten\soc.\spimem_cache.$0$memwr$\cache_data$picosoc.v:386$677_EN[31:0]$824 [0] }
  Optimizing cells in module \icebreaker.
Performed a total of 42 changes.

7.11.5. Executing OPT_MERGE pass (detect identical cells).
Finding identical cells in module `\icebreaker'.
Computing hashes of 1655 cells of `\icebreaker'.
Finding duplicate cells in `\icebreaker'.
Computing hashes of 1486 cells of `\icebreaker'.
Finding duplicate cells in `\icebreaker'.
Computing hashes of 1474 cells of `\icebreaker'.
Finding duplicate cells in `\icebreaker'.
Computing hashes of 1466 cells of `\icebreaker'.
Finding duplicate cells in `\icebreaker'.
Computing hashes of 1461 cells of `\icebreaker'.
Finding duplicate cells in `\icebreaker'.
<suppressed ~582 debug messages>
Removed a total of 194 cells.

7.11.6. Executing OPT_DFF pass (perform DFF optimizations).

7.11.7. Executing OPT_CLEAN pass (remove unused cells and wires).
Finding unused cells or wires in module \icebreaker..
Removed 3 unused cells and 716 unused wires.
<suppressed ~6 debug messages>

7.11.8. Executing OPT_EXPR pass (perform const folding).
Optimizing module icebreaker.

7.11.9. Rerunning OPT passes. (Maybe there is more to do..)

7.11.10. Executing OPT_MUXTREE pass (detect dead branches in mux trees).
Running muxtree optimizer on module \icebreaker..
  Creating internal representation of mux trees.
  Evaluating internal representation of mux trees.
  Analyzing evaluation results.
Removed 0 multiplexer ports.
<suppressed ~1734 debug messages>

7.11.11. Executing OPT_REDUCE pass (consolidate $*mux and $reduce_* inputs).
  Optimizing cells in module \icebreaker.
    New ctrl vector for $pmux cell $flatten\soc.\cpu.$procmux$2785: { $flatten\soc.\cpu.$procmux$2242_CMP $auto$opt_reduce.cc:137:opt_pmux$6741 }
    New ctrl vector for $pmux cell $flatten\soc.\cpu.$procmux$2768: $auto$opt_reduce.cc:137:opt_pmux$6743
    New ctrl vector for $pmux cell $flatten\soc.\cpu.$procmux$3215: { $flatten\soc.\cpu.$eq$../picorv32.v:1313$1458_Y $flatten\soc.\cpu.$procmux$2244_CMP $flatten\soc.\cpu.$procmux$2243_CMP $flatten\soc.\cpu.$procmux$2242_CMP $flatten\soc.\cpu.$procmux$2241_CMP $auto$opt_reduce.cc:137:opt_pmux$6745 }
    New ctrl vector for $pmux cell $flatten\soc.\cpu.$procmux$2260: { $flatten\soc.\cpu.$eq$../picorv32.v:1313$1458_Y $auto$opt_reduce.cc:137:opt_pmux$6747 $auto$opt_reduce.cc:137:opt_pmux$6707 }
    New ctrl vector for $pmux cell $flatten\soc.\cpu.$procmux$3803: $auto$opt_reduce.cc:137:opt_pmux$6749
    New ctrl vector for $pmux cell $flatten\soc.\spimemio.$procmux$5818: { $flatten\soc.\spimemio.$procmux$5754_CMP $auto$opt_reduce.cc:137:opt_pmux$6751 $flatten\soc.\spimemio.$procmux$5731_CMP }
    New ctrl vector for $pmux cell $flatten\soc.\cpu.$procmux$4756: { $flatten\soc.\cpu.$logic_and$../picorv32.v:380$1052_Y $auto$opt_reduce.cc:137:opt_pmux$6753 }
    New ctrl vector for $pmux cell $flatten\soc.\spimemio.$procmux$5716: $auto$opt_reduce.cc:137:opt_pmux$6755
  Optimizing cells in module \icebreaker.
Performed a total of 8 changes.

7.11.12. Executing OPT_MERGE pass (detect identical cells).
Finding identical cells in module `\icebreaker'.
Computing hashes of 1466 cells of `\icebreaker'.
Finding duplicate cells in `\icebreaker'.
Computing hashes of 1463 cells of `\icebreaker'.
Finding duplicate cells in `\icebreaker'.
<suppressed ~9 debug messages>
Removed a total of 3 cells.

7.11.13. Executing OPT_DFF pass (perform DFF optimizations).

7.11.14. Executing OPT_CLEAN pass (remove unused cells and wires).
Finding unused cells or wires in module \icebreaker..
Removed 0 unused cells and 3 unused wires.
<suppressed ~1 debug messages>

7.11.15. Executing OPT_EXPR pass (perform const folding).
Optimizing module icebreaker.

7.11.16. Rerunning OPT passes. (Maybe there is more to do..)

7.11.17. Executing OPT_MUXTREE pass (detect dead branches in mux trees).
Running muxtree optimizer on module \icebreaker..
  Creating internal representation of mux trees.
  Evaluating internal representation of mux trees.
  Analyzing evaluation results.
Removed 0 multiplexer ports.
<suppressed ~1677 debug messages>

7.11.18. Executing OPT_REDUCE pass (consolidate $*mux and $reduce_* inputs).
  Optimizing cells in module \icebreaker.
Performed a total of 0 changes.

7.11.19. Executing OPT_MERGE pass (detect identical cells).
Finding identical cells in module `\icebreaker'.
Computing hashes of 1463 cells of `\icebreaker'.
Finding duplicate cells in `\icebreaker'.
Removed a total of 0 cells.

7.11.20. Executing OPT_DFF pass (perform DFF optimizations).

7.11.21. Executing OPT_CLEAN pass (remove unused cells and wires).
Finding unused cells or wires in module \icebreaker..

7.11.22. Executing OPT_EXPR pass (perform const folding).
Optimizing module icebreaker.

7.11.23. Finished fast OPT passes. (There is nothing left to do.)

7.12. Executing FSM pass (extract and optimize FSM).

7.12.1. Executing FSM_DETECT pass (finding FSMs in design).
Not marking icebreaker.soc.cpu.mem_state as FSM state register:
    Users of register don't seem to benefit from recoding.
Found FSM state register icebreaker.soc.cpu.mem_wordsize.
Found FSM state register icebreaker.soc.spimemio.state.
Not marking icebreaker.soc.spimemio.din_tag as FSM state register:
    Users of register don't seem to benefit from recoding.
Not marking icebreaker.soc.cpu.irq_state as FSM state register:
    Users of register don't seem to benefit from recoding.
Found FSM state register icebreaker.soc.cpu.cpu_state.

7.12.2. Executing FSM_EXTRACT pass (extracting FSM from design).
Extracting FSM `\soc.cpu.mem_wordsize' from module `\icebreaker'.
  found $dff cell for state register: $flatten\soc.\cpu.$procdff$6218
  root of input selection tree: $flatten\soc.\cpu.$0\mem_wordsize[1:0]
  found ctrl input: \resetn
  found ctrl input: $flatten\soc.\cpu.$procmux$2239_CMP
  found ctrl input: $flatten\soc.\cpu.$procmux$2240_CMP
  found ctrl input: $flatten\soc.\cpu.$eq$../picorv32.v:1313$1458_Y
  found ctrl input: $flatten\soc.\cpu.$logic_or$../picorv32.v:1857$1617_Y
  found ctrl input: \soc.cpu.mem_do_rdata
  found ctrl input: \soc.cpu.instr_lw
  found ctrl input: $flatten\soc.\cpu.$logic_or$../picorv32.v:1887$1626_Y
  found ctrl input: $flatten\soc.\cpu.$logic_or$../picorv32.v:1886$1625_Y
  found state code: 2'00
  found state code: 2'01
  found state code: 2'10
  found ctrl input: \soc.cpu.mem_do_wdata
  found ctrl input: \soc.cpu.instr_sw
  found ctrl input: \soc.cpu.instr_sh
  found ctrl input: \soc.cpu.instr_sb
  found ctrl output: $flatten\soc.\cpu.$eq$../picorv32.v:1923$1637_Y
  found ctrl output: $flatten\soc.\cpu.$eq$../picorv32.v:1930$1644_Y
  found ctrl output: $flatten\soc.\cpu.$procmux$4998_CMP
  ctrl inputs: { $flatten\soc.\cpu.$procmux$2240_CMP $flatten\soc.\cpu.$procmux$2239_CMP $flatten\soc.\cpu.$logic_or$../picorv32.v:1887$1626_Y $flatten\soc.\cpu.$logic_or$../picorv32.v:1886$1625_Y $flatten\soc.\cpu.$logic_or$../picorv32.v:1857$1617_Y $flatten\soc.\cpu.$eq$../picorv32.v:1313$1458_Y \soc.cpu.instr_sw \soc.cpu.instr_sh \soc.cpu.instr_sb \soc.cpu.instr_lw \soc.cpu.mem_do_wdata \soc.cpu.mem_do_rdata \resetn }
  ctrl outputs: { $flatten\soc.\cpu.$procmux$4998_CMP $flatten\soc.\cpu.$eq$../picorv32.v:1930$1644_Y $flatten\soc.\cpu.$eq$../picorv32.v:1923$1637_Y $flatten\soc.\cpu.$0\mem_wordsize[1:0] }
  transition:       2'00 13'------------0 ->       2'00 5'00100
  transition:       2'00 13'00---0------1 ->       2'00 5'00100
  transition:       2'00 13'-----1------1 ->       2'00 5'00100
  transition:       2'00 13'1---0-------1 ->       2'00 5'00100
  transition:       2'00 13'1---1-000-0-1 ->       2'00 5'00100
  transition:       2'00 13'1---1---1-0-1 ->       2'10 5'00110
  transition:       2'00 13'1---1--1--0-1 ->       2'01 5'00101
  transition:       2'00 13'1---1-1---0-1 ->       2'00 5'00100
  transition:       2'00 13'1---1-----1-1 ->       2'00 5'00100
  transition:       2'00 13'-1--0-------1 ->       2'00 5'00100
  transition:       2'00 13'-1001----0-01 ->       2'00 5'00100
  transition:       2'00 13'-1-11------01 ->       2'10 5'00110
  transition:       2'00 13'-11-1------01 ->       2'01 5'00101
  transition:       2'00 13'-1--1----1-01 ->       2'00 5'00100
  transition:       2'00 13'-1--1------11 ->       2'00 5'00100
  transition:       2'10 13'------------0 ->       2'10 5'10010
  transition:       2'10 13'00---0------1 ->       2'10 5'10010
  transition:       2'10 13'-----1------1 ->       2'00 5'10000
  transition:       2'10 13'1---0-------1 ->       2'10 5'10010
  transition:       2'10 13'1---1-000-0-1 ->       2'10 5'10010
  transition:       2'10 13'1---1---1-0-1 ->       2'10 5'10010
  transition:       2'10 13'1---1--1--0-1 ->       2'01 5'10001
  transition:       2'10 13'1---1-1---0-1 ->       2'00 5'10000
  transition:       2'10 13'1---1-----1-1 ->       2'10 5'10010
  transition:       2'10 13'-1--0-------1 ->       2'10 5'10010
  transition:       2'10 13'-1001----0-01 ->       2'10 5'10010
  transition:       2'10 13'-1-11------01 ->       2'10 5'10010
  transition:       2'10 13'-11-1------01 ->       2'01 5'10001
  transition:       2'10 13'-1--1----1-01 ->       2'00 5'10000
  transition:       2'10 13'-1--1------11 ->       2'10 5'10010
  transition:       2'01 13'------------0 ->       2'01 5'01001
  transition:       2'01 13'00---0------1 ->       2'01 5'01001
  transition:       2'01 13'-----1------1 ->       2'00 5'01000
  transition:       2'01 13'1---0-------1 ->       2'01 5'01001
  transition:       2'01 13'1---1-000-0-1 ->       2'01 5'01001
  transition:       2'01 13'1---1---1-0-1 ->       2'10 5'01010
  transition:       2'01 13'1---1--1--0-1 ->       2'01 5'01001
  transition:       2'01 13'1---1-1---0-1 ->       2'00 5'01000
  transition:       2'01 13'1---1-----1-1 ->       2'01 5'01001
  transition:       2'01 13'-1--0-------1 ->       2'01 5'01001
  transition:       2'01 13'-1001----0-01 ->       2'01 5'01001
  transition:       2'01 13'-1-11------01 ->       2'10 5'01010
  transition:       2'01 13'-11-1------01 ->       2'01 5'01001
  transition:       2'01 13'-1--1----1-01 ->       2'00 5'01000
  transition:       2'01 13'-1--1------11 ->       2'01 5'01001
Extracting FSM `\soc.spimemio.state' from module `\icebreaker'.
  found $dff cell for state register: $flatten\soc.\spimemio.$procdff$6506
  root of input selection tree: $flatten\soc.\spimemio.$0\state[3:0]
  found reset state: 4'0000 (guessed from mux tree)
  found ctrl input: $flatten\soc.\spimemio.$logic_or$spimemio.v:211$529_Y
  found ctrl input: \soc.spimemio.jump
  found ctrl input: $flatten\soc.\spimemio.$procmux$5731_CMP
  found ctrl input: $flatten\soc.\spimemio.$procmux$5734_CMP
  found ctrl input: $flatten\soc.\spimemio.$procmux$5737_CMP
  found ctrl input: $flatten\soc.\spimemio.$procmux$5740_CMP
  found ctrl input: $flatten\soc.\spimemio.$procmux$5743_CMP
  found ctrl input: $flatten\soc.\spimemio.$procmux$5746_CMP
  found ctrl input: $flatten\soc.\spimemio.$procmux$5749_CMP
  found ctrl input: $flatten\soc.\spimemio.$procmux$5754_CMP
  found ctrl input: $flatten\soc.\spimemio.$procmux$5757_CMP
  found ctrl input: $flatten\soc.\spimemio.$procmux$5717_CMP
  found ctrl input: $flatten\soc.\spimemio.$procmux$5763_CMP
  found ctrl input: $flatten\soc.\spimemio.$procmux$5720_CMP
  found ctrl input: $flatten\soc.\spimemio.$procmux$5769_CMP
  found ctrl input: $flatten\soc.\spimemio.$logic_or$spimemio.v:350$547_Y
  found ctrl input: \soc.spimemio.xfer.din_ready
  found state code: 4'1001
  found state code: 4'1100
  found state code: 4'1011
  found state code: 4'1010
  found ctrl input: $flatten\soc.\spimemio.$logic_or$spimemio.v:310$543_Y
  found state code: 4'1000
  found state code: 4'0111
  found ctrl input: $flatten\soc.\spimemio.$logic_and$spimemio.v:282$542_Y
  found state code: 4'0110
  found state code: 4'0101
  found ctrl input: \soc.spimemio.dout_valid
  found state code: 4'0100
  found state code: 4'0011
  found state code: 4'0010
  found state code: 4'0001
  found ctrl input: \soc.spimemio.config_cont
  found state code: 4'0000
  found ctrl output: $flatten\soc.\spimemio.$procmux$5717_CMP
  found ctrl output: $flatten\soc.\spimemio.$procmux$5720_CMP
  found ctrl output: $flatten\soc.\spimemio.$procmux$5731_CMP
  found ctrl output: $flatten\soc.\spimemio.$procmux$5734_CMP
  found ctrl output: $flatten\soc.\spimemio.$procmux$5740_CMP
  found ctrl output: $flatten\soc.\spimemio.$procmux$5737_CMP
  found ctrl output: $flatten\soc.\spimemio.$procmux$5743_CMP
  found ctrl output: $flatten\soc.\spimemio.$procmux$5746_CMP
  found ctrl output: $flatten\soc.\spimemio.$procmux$5749_CMP
  found ctrl output: $flatten\soc.\spimemio.$procmux$5754_CMP
  found ctrl output: $flatten\soc.\spimemio.$procmux$5757_CMP
  found ctrl output: $flatten\soc.\spimemio.$procmux$5763_CMP
  found ctrl output: $flatten\soc.\spimemio.$procmux$5769_CMP
  ctrl inputs: { \soc.spimemio.xfer.din_ready $flatten\soc.\spimemio.$logic_or$spimemio.v:350$547_Y $flatten\soc.\spimemio.$logic_or$spimemio.v:310$543_Y $flatten\soc.\spimemio.$logic_and$spimemio.v:282$542_Y $flatten\soc.\spimemio.$logic_or$spimemio.v:211$529_Y \soc.spimemio.config_cont \soc.spimemio.jump \soc.spimemio.dout_valid }
  ctrl outputs: { $flatten\soc.\spimemio.$procmux$5769_CMP $flatten\soc.\spimemio.$procmux$5763_CMP $flatten\soc.\spimemio.$procmux$5757_CMP $flatten\soc.\spimemio.$procmux$5754_CMP $flatten\soc.\spimemio.$procmux$5749_CMP $flatten\soc.\spimemio.$procmux$5746_CMP $flatten\soc.\spimemio.$procmux$5743_CMP $flatten\soc.\spimemio.$procmux$5740_CMP $flatten\soc.\spimemio.$procmux$5737_CMP $flatten\soc.\spimemio.$procmux$5734_CMP $flatten\soc.\spimemio.$procmux$5731_CMP $flatten\soc.\spimemio.$procmux$5720_CMP $flatten\soc.\spimemio.$procmux$5717_CMP $flatten\soc.\spimemio.$0\state[3:0] }
  transition:     4'0000 8'0---0-0- ->     4'0000 17'10000000000000000
  transition:     4'0000 8'1---0-0- ->     4'0001 17'10000000000000001
  transition:     4'0000 8'----001- ->     4'0100 17'10000000000000100
  transition:     4'0000 8'----011- ->     4'0101 17'10000000000000101
  transition:     4'0000 8'----1--- ->     4'0000 17'10000000000000000
  transition:     4'1000 8'0---0-0- ->     4'1000 17'00000010000001000
  transition:     4'1000 8'1---0-0- ->     4'1001 17'00000010000001001
  transition:     4'1000 8'----001- ->     4'0100 17'00000010000000100
  transition:     4'1000 8'----011- ->     4'0101 17'00000010000000101
  transition:     4'1000 8'----1--- ->     4'0000 17'00000010000000000
  transition:     4'0100 8'0---0-0- ->     4'0100 17'00100000000000100
  transition:     4'0100 8'1---0-0- ->     4'0101 17'00100000000000101
  transition:     4'0100 8'----001- ->     4'0100 17'00100000000000100
  transition:     4'0100 8'----011- ->     4'0101 17'00100000000000101
  transition:     4'0100 8'----1--- ->     4'0000 17'00100000000000000
  transition:     4'1100 8'-0--0-0- ->     4'1100 17'00000000001001100
  transition:     4'1100 8'01--0-0- ->     4'1100 17'00000000001001100
  transition:     4'1100 8'11--0-0- ->     4'1001 17'00000000001001001
  transition:     4'1100 8'----001- ->     4'0100 17'00000000001000100
  transition:     4'1100 8'----011- ->     4'0101 17'00000000001000101
  transition:     4'1100 8'----1--- ->     4'0000 17'00000000001000000
  transition:     4'0010 8'0---0-0- ->     4'0010 17'01000000000000010
  transition:     4'0010 8'1---0-0- ->     4'0011 17'01000000000000011
  transition:     4'0010 8'----001- ->     4'0100 17'01000000000000100
  transition:     4'0010 8'----011- ->     4'0101 17'01000000000000101
  transition:     4'0010 8'----1--- ->     4'0000 17'01000000000000000
  transition:     4'1010 8'0---0-0- ->     4'1010 17'00000000100001010
  transition:     4'1010 8'1---0-0- ->     4'1011 17'00000000100001011
  transition:     4'1010 8'----001- ->     4'0100 17'00000000100000100
  transition:     4'1010 8'----011- ->     4'0101 17'00000000100000101
  transition:     4'1010 8'----1--- ->     4'0000 17'00000000100000000
  transition:     4'0110 8'0---0-0- ->     4'0110 17'00001000000000110
  transition:     4'0110 8'1---0-0- ->     4'0111 17'00001000000000111
  transition:     4'0110 8'----001- ->     4'0100 17'00001000000000100
  transition:     4'0110 8'----011- ->     4'0101 17'00001000000000101
  transition:     4'0110 8'----1--- ->     4'0000 17'00001000000000000
  transition:     4'0001 8'----0-00 ->     4'0001 17'00000000000100001
  transition:     4'0001 8'----0-01 ->     4'0010 17'00000000000100010
  transition:     4'0001 8'----001- ->     4'0100 17'00000000000100100
  transition:     4'0001 8'----011- ->     4'0101 17'00000000000100101
  transition:     4'0001 8'----1--- ->     4'0000 17'00000000000100000
  transition:     4'1001 8'0---0-0- ->     4'1001 17'00000001000001001
  transition:     4'1001 8'1---0-0- ->     4'1010 17'00000001000001010
  transition:     4'1001 8'----001- ->     4'0100 17'00000001000000100
  transition:     4'1001 8'----011- ->     4'0101 17'00000001000000101
  transition:     4'1001 8'----1--- ->     4'0000 17'00000001000000000
  transition:     4'0101 8'---00-0- ->     4'0101 17'00010000000000101
  transition:     4'0101 8'0--10-0- ->     4'0101 17'00010000000000101
  transition:     4'0101 8'1--10-0- ->     4'0110 17'00010000000000110
  transition:     4'0101 8'----001- ->     4'0100 17'00010000000000100
  transition:     4'0101 8'----011- ->     4'0101 17'00010000000000101
  transition:     4'0101 8'----1--- ->     4'0000 17'00010000000000000
  transition:     4'0011 8'----0-00 ->     4'0011 17'00000000000010011
  transition:     4'0011 8'----0-01 ->     4'0100 17'00000000000010100
  transition:     4'0011 8'----001- ->     4'0100 17'00000000000010100
  transition:     4'0011 8'----011- ->     4'0101 17'00000000000010101
  transition:     4'0011 8'----1--- ->     4'0000 17'00000000000010000
  transition:     4'1011 8'0---0-0- ->     4'1011 17'00000000010001011
  transition:     4'1011 8'1---0-0- ->     4'1100 17'00000000010001100
  transition:     4'1011 8'----001- ->     4'0100 17'00000000010000100
  transition:     4'1011 8'----011- ->     4'0101 17'00000000010000101
  transition:     4'1011 8'----1--- ->     4'0000 17'00000000010000000
  transition:     4'0111 8'0---0-0- ->     4'0111 17'00000100000000111
  transition:     4'0111 8'1-0-0-0- ->     4'1001 17'00000100000001001
  transition:     4'0111 8'1-1-0-0- ->     4'1000 17'00000100000001000
  transition:     4'0111 8'----001- ->     4'0100 17'00000100000000100
  transition:     4'0111 8'----011- ->     4'0101 17'00000100000000101
  transition:     4'0111 8'----1--- ->     4'0000 17'00000100000000000
Extracting FSM `\soc.cpu.cpu_state' from module `\icebreaker'.
  found $dff cell for state register: $flatten\soc.\cpu.$procdff$6231
  root of input selection tree: $flatten\soc.\cpu.$0\cpu_state[7:0]
  found ctrl input: $flatten\soc.\cpu.$logic_and$../picorv32.v:1938$1654_Y
  found ctrl input: $flatten\soc.\cpu.$logic_and$../picorv32.v:1922$1636_Y
  found ctrl input: \resetn
  found state code: 8'01000000
  found ctrl input: $auto$opt_reduce.cc:137:opt_pmux$6741
  found ctrl input: $flatten\soc.\cpu.$procmux$2241_CMP
  found ctrl input: $flatten\soc.\cpu.$procmux$2242_CMP
  found ctrl input: $flatten\soc.\cpu.$procmux$2243_CMP
  found ctrl input: $flatten\soc.\cpu.$procmux$2244_CMP
  found ctrl input: $flatten\soc.\cpu.$eq$../picorv32.v:1313$1458_Y
  found ctrl input: $flatten\soc.\cpu.$logic_or$../picorv32.v:1857$1617_Y
  found ctrl input: $flatten\soc.\cpu.$logic_and$../picorv32.v:1872$1621_Y
  found ctrl input: $flatten\soc.\cpu.$eq$../picorv32.v:1831$1599_Y
  found ctrl input: \soc.cpu.is_beq_bne_blt_bge_bltu_bgeu
  found ctrl input: \soc.cpu.mem_done
  found ctrl input: \soc.cpu.is_sll_srl_sra
  found ctrl input: \soc.cpu.is_sb_sh_sw
  found ctrl input: \soc.cpu.instr_trap
  found state code: 8'00001000
  found state code: 8'00000100
  found state code: 8'00000010
  found ctrl input: \soc.cpu.genblk1.pcpi_mul.active [1]
  found ctrl input: $flatten\soc.\cpu.$logic_and$../picorv32.v:1605$1553_Y
  found ctrl input: $flatten\soc.\cpu.$logic_and$../picorv32.v:1608$1557_Y
  found state code: 8'10000000
  found ctrl input: $auto$opt_reduce.cc:137:opt_pmux$6685
  found ctrl input: \soc.cpu.is_slli_srli_srai
  found ctrl input: $flatten\soc.\cpu.$logic_and$../picorv32.v:1696$1571_Y
  found ctrl input: $auto$opt_reduce.cc:137:opt_pmux$6693
  found state code: 8'00000001
  found ctrl input: $flatten\soc.\cpu.$logic_and$../picorv32.v:1538$1532_Y
  found ctrl input: $flatten\soc.\cpu.$logic_and$../picorv32.v:1548$1540_Y
  found ctrl input: \soc.cpu.decoder_trigger
  found ctrl input: \soc.cpu.instr_jal
  found state code: 8'00100000
  found ctrl input: $flatten\soc.\cpu.$logic_and$../picorv32.v:1930$1646_Y
  found ctrl input: $flatten\soc.\cpu.$logic_and$../picorv32.v:1923$1639_Y
  found ctrl input: $flatten\soc.\cpu.$logic_and$../picorv32.v:1925$1643_Y
  found ctrl output: $flatten\soc.\cpu.$procmux$2240_CMP
  found ctrl output: $flatten\soc.\cpu.$procmux$2241_CMP
  found ctrl output: $flatten\soc.\cpu.$procmux$2243_CMP
  found ctrl output: $flatten\soc.\cpu.$procmux$2246_CMP
  found ctrl output: $flatten\soc.\cpu.$procmux$2242_CMP
  found ctrl output: $flatten\soc.\cpu.$procmux$2244_CMP
  found ctrl output: $flatten\soc.\cpu.$procmux$2239_CMP
  found ctrl output: $flatten\soc.\cpu.$eq$../picorv32.v:1313$1458_Y
  ctrl inputs: { \soc.cpu.genblk1.pcpi_mul.active [1] $flatten\soc.\cpu.$logic_and$../picorv32.v:1938$1654_Y $flatten\soc.\cpu.$logic_and$../picorv32.v:1930$1646_Y $flatten\soc.\cpu.$logic_and$../picorv32.v:1925$1643_Y $flatten\soc.\cpu.$logic_and$../picorv32.v:1923$1639_Y $flatten\soc.\cpu.$logic_and$../picorv32.v:1922$1636_Y $flatten\soc.\cpu.$logic_and$../picorv32.v:1872$1621_Y $flatten\soc.\cpu.$logic_or$../picorv32.v:1857$1617_Y $flatten\soc.\cpu.$eq$../picorv32.v:1831$1599_Y $flatten\soc.\cpu.$logic_and$../picorv32.v:1696$1571_Y $flatten\soc.\cpu.$logic_and$../picorv32.v:1608$1557_Y $flatten\soc.\cpu.$logic_and$../picorv32.v:1605$1553_Y $flatten\soc.\cpu.$logic_and$../picorv32.v:1548$1540_Y $flatten\soc.\cpu.$logic_and$../picorv32.v:1538$1532_Y \soc.cpu.is_beq_bne_blt_bge_bltu_bgeu \soc.cpu.is_sll_srl_sra \soc.cpu.is_sb_sh_sw \soc.cpu.is_slli_srli_srai \soc.cpu.decoder_trigger \soc.cpu.instr_trap \soc.cpu.instr_jal \soc.cpu.mem_done \resetn $auto$opt_reduce.cc:137:opt_pmux$6685 $auto$opt_reduce.cc:137:opt_pmux$6693 $auto$opt_reduce.cc:137:opt_pmux$6741 }
  ctrl outputs: { $flatten\soc.\cpu.$procmux$2246_CMP $flatten\soc.\cpu.$procmux$2244_CMP $flatten\soc.\cpu.$procmux$2243_CMP $flatten\soc.\cpu.$procmux$2242_CMP $flatten\soc.\cpu.$procmux$2241_CMP $flatten\soc.\cpu.$procmux$2240_CMP $flatten\soc.\cpu.$procmux$2239_CMP $flatten\soc.\cpu.$0\cpu_state[7:0] $flatten\soc.\cpu.$eq$../picorv32.v:1313$1458_Y }
  transition: 8'10000000 26'-0---0----------------0--- -> 8'01000000 16'1000000010000000
  transition: 8'10000000 26'-0---0----------------1--- -> 8'10000000 16'1000000100000000
  transition: 8'10000000 26'-00-01----------------0--- -> 8'01000000 16'1000000010000000
  transition: 8'10000000 26'-00-01----------------1--- -> 8'10000000 16'1000000100000000
  transition: 8'10000000 26'-00011-------------------- -> 8'10000000 16'1000000100000000
  transition: 8'10000000 26'-00111----------------0--- -> 8'01000000 16'1000000010000000
  transition: 8'10000000 26'-00111----------------1--- -> 8'10000000 16'1000000100000000
  transition: 8'10000000 26'-010-1-------------------- -> 8'10000000 16'1000000100000000
  transition: 8'10000000 26'-01101----------------0--- -> 8'01000000 16'1000000010000000
  transition: 8'10000000 26'-01101----------------1--- -> 8'10000000 16'1000000100000000
  transition: 8'10000000 26'-01111----------------0--- -> 8'01000000 16'1000000010000000
  transition: 8'10000000 26'-01111----------------1--- -> 8'10000000 16'1000000100000000
  transition: 8'10000000 26'-1-0---------------------- -> 8'10000000 16'1000000100000000
  transition: 8'10000000 26'-1-1-0----------------0--- -> 8'01000000 16'1000000010000000
  transition: 8'10000000 26'-1-1-0----------------1--- -> 8'10000000 16'1000000100000000
  transition: 8'10000000 26'-10101----------------0--- -> 8'01000000 16'1000000010000000
  transition: 8'10000000 26'-10101----------------1--- -> 8'10000000 16'1000000100000000
  transition: 8'10000000 26'-10111----------------0--- -> 8'01000000 16'1000000010000000
  transition: 8'10000000 26'-10111----------------1--- -> 8'10000000 16'1000000100000000
  transition: 8'10000000 26'-11101----------------0--- -> 8'01000000 16'1000000010000000
  transition: 8'10000000 26'-11101----------------1--- -> 8'10000000 16'1000000100000000
  transition: 8'10000000 26'-11111----------------0--- -> 8'01000000 16'1000000010000000
  transition: 8'10000000 26'-11111----------------1--- -> 8'10000000 16'1000000100000000
  transition: 8'01000000 26'-0---0----------------0--- -> 8'01000000 16'0000000010000001
  transition: 8'01000000 26'-0---0------00----0---1--- -> 8'01000000 16'0000000010000001
  transition: 8'01000000 26'-0---0------00----1-0-1--- -> 8'00100000 16'0000000001000001
  transition: 8'01000000 26'-0---0------00----1-1-1--- -> 8'01000000 16'0000000010000001
  transition: 8'01000000 26'-0---0------10--------1--- -> 8'01000000 16'0000000010000001
  transition: 8'01000000 26'-0---0-------1--------1--- -> 8'01000000 16'0000000010000001
  transition: 8'01000000 26'-00-01----------------0--- -> 8'01000000 16'0000000010000001
  transition: 8'01000000 26'-00-01------00----0---1--- -> 8'01000000 16'0000000010000001
  transition: 8'01000000 26'-00-01------00----1-0-1--- -> 8'00100000 16'0000000001000001
  transition: 8'01000000 26'-00-01------00----1-1-1--- -> 8'01000000 16'0000000010000001
  transition: 8'01000000 26'-00-01------10--------1--- -> 8'01000000 16'0000000010000001
  transition: 8'01000000 26'-00-01-------1--------1--- -> 8'01000000 16'0000000010000001
  transition: 8'01000000 26'-00011-------------------- -> 8'10000000 16'0000000100000001
  transition: 8'01000000 26'-00111----------------0--- -> 8'01000000 16'0000000010000001
  transition: 8'01000000 26'-00111------00----0---1--- -> 8'01000000 16'0000000010000001
  transition: 8'01000000 26'-00111------00----1-0-1--- -> 8'00100000 16'0000000001000001
  transition: 8'01000000 26'-00111------00----1-1-1--- -> 8'01000000 16'0000000010000001
  transition: 8'01000000 26'-00111------10--------1--- -> 8'01000000 16'0000000010000001
  transition: 8'01000000 26'-00111-------1--------1--- -> 8'01000000 16'0000000010000001
  transition: 8'01000000 26'-010-1-------------------- -> 8'10000000 16'0000000100000001
  transition: 8'01000000 26'-01101----------------0--- -> 8'01000000 16'0000000010000001
  transition: 8'01000000 26'-01101------00----0---1--- -> 8'01000000 16'0000000010000001
  transition: 8'01000000 26'-01101------00----1-0-1--- -> 8'00100000 16'0000000001000001
  transition: 8'01000000 26'-01101------00----1-1-1--- -> 8'01000000 16'0000000010000001
  transition: 8'01000000 26'-01101------10--------1--- -> 8'01000000 16'0000000010000001
  transition: 8'01000000 26'-01101-------1--------1--- -> 8'01000000 16'0000000010000001
  transition: 8'01000000 26'-01111----------------0--- -> 8'01000000 16'0000000010000001
  transition: 8'01000000 26'-01111------00----0---1--- -> 8'01000000 16'0000000010000001
  transition: 8'01000000 26'-01111------00----1-0-1--- -> 8'00100000 16'0000000001000001
  transition: 8'01000000 26'-01111------00----1-1-1--- -> 8'01000000 16'0000000010000001
  transition: 8'01000000 26'-01111------10--------1--- -> 8'01000000 16'0000000010000001
  transition: 8'01000000 26'-01111-------1--------1--- -> 8'01000000 16'0000000010000001
  transition: 8'01000000 26'-1-0---------------------- -> 8'10000000 16'0000000100000001
  transition: 8'01000000 26'-1-1-0----------------0--- -> 8'01000000 16'0000000010000001
  transition: 8'01000000 26'-1-1-0------00----0---1--- -> 8'01000000 16'0000000010000001
  transition: 8'01000000 26'-1-1-0------00----1-0-1--- -> 8'00100000 16'0000000001000001
  transition: 8'01000000 26'-1-1-0------00----1-1-1--- -> 8'01000000 16'0000000010000001
  transition: 8'01000000 26'-1-1-0------10--------1--- -> 8'01000000 16'0000000010000001
  transition: 8'01000000 26'-1-1-0-------1--------1--- -> 8'01000000 16'0000000010000001
  transition: 8'01000000 26'-10101----------------0--- -> 8'01000000 16'0000000010000001
  transition: 8'01000000 26'-10101------00----0---1--- -> 8'01000000 16'0000000010000001
  transition: 8'01000000 26'-10101------00----1-0-1--- -> 8'00100000 16'0000000001000001
  transition: 8'01000000 26'-10101------00----1-1-1--- -> 8'01000000 16'0000000010000001
  transition: 8'01000000 26'-10101------10--------1--- -> 8'01000000 16'0000000010000001
  transition: 8'01000000 26'-10101-------1--------1--- -> 8'01000000 16'0000000010000001
  transition: 8'01000000 26'-10111----------------0--- -> 8'01000000 16'0000000010000001
  transition: 8'01000000 26'-10111------00----0---1--- -> 8'01000000 16'0000000010000001
  transition: 8'01000000 26'-10111------00----1-0-1--- -> 8'00100000 16'0000000001000001
  transition: 8'01000000 26'-10111------00----1-1-1--- -> 8'01000000 16'0000000010000001
  transition: 8'01000000 26'-10111------10--------1--- -> 8'01000000 16'0000000010000001
  transition: 8'01000000 26'-10111-------1--------1--- -> 8'01000000 16'0000000010000001
  transition: 8'01000000 26'-11101----------------0--- -> 8'01000000 16'0000000010000001
  transition: 8'01000000 26'-11101------00----0---1--- -> 8'01000000 16'0000000010000001
  transition: 8'01000000 26'-11101------00----1-0-1--- -> 8'00100000 16'0000000001000001
  transition: 8'01000000 26'-11101------00----1-1-1--- -> 8'01000000 16'0000000010000001
  transition: 8'01000000 26'-11101------10--------1--- -> 8'01000000 16'0000000010000001
  transition: 8'01000000 26'-11101-------1--------1--- -> 8'01000000 16'0000000010000001
  transition: 8'01000000 26'-11111----------------0--- -> 8'01000000 16'0000000010000001
  transition: 8'01000000 26'-11111------00----0---1--- -> 8'01000000 16'0000000010000001
  transition: 8'01000000 26'-11111------00----1-0-1--- -> 8'00100000 16'0000000001000001
  transition: 8'01000000 26'-11111------00----1-1-1--- -> 8'01000000 16'0000000010000001
  transition: 8'01000000 26'-11111------10--------1--- -> 8'01000000 16'0000000010000001
  transition: 8'01000000 26'-11111-------1--------1--- -> 8'01000000 16'0000000010000001
  transition: 8'00100000 26'-0---0----------------0--- -> 8'01000000 16'0100000010000000
  transition: 8'00100000 26'-0---0---0-----000-0--100- -> 8'00001000 16'0100000000010000
  transition: 8'00100000 26'-0---0---0------10----100- -> 8'00000010 16'0100000000000100
  transition: 8'00100000 26'-0---0---0-----1-0----100- -> 8'00000100 16'0100000000001000
  transition: 8'00100000 26'00---0-----0-------1--1--- -> 8'00100000 16'0100000001000000
  transition: 8'00100000 26'00---0----01-------1--1--- -> 8'10000000 16'0100000100000000
  transition: 8'00100000 26'00---0----11-------1--1--- -> 8'01000000 16'0100000010000000
  transition: 8'00100000 26'10---0-------------1--1--- -> 8'01000000 16'0100000010000000
  transition: 8'00100000 26'-0---0----------------1-1- -> 8'01000000 16'0100000010000000
  transition: 8'00100000 26'-0---0---1------------1--- -> 8'00000001 16'0100000000000010
  transition: 8'00100000 26'-0---0-----------1----1--- -> 8'00000100 16'0100000000001000
  transition: 8'00100000 26'-0---0----------------11-- -> 8'00001000 16'0100000000010000
  transition: 8'00100000 26'-00-01----------------0--- -> 8'01000000 16'0100000010000000
  transition: 8'00100000 26'-00-01---0-----000-0--100- -> 8'00001000 16'0100000000010000
  transition: 8'00100000 26'-00-01---0------10----100- -> 8'00000010 16'0100000000000100
  transition: 8'00100000 26'-00-01---0-----1-0----100- -> 8'00000100 16'0100000000001000
  transition: 8'00100000 26'000-01-----0-------1--1--- -> 8'00100000 16'0100000001000000
  transition: 8'00100000 26'000-01----01-------1--1--- -> 8'10000000 16'0100000100000000
  transition: 8'00100000 26'000-01----11-------1--1--- -> 8'01000000 16'0100000010000000
  transition: 8'00100000 26'100-01-------------1--1--- -> 8'01000000 16'0100000010000000
  transition: 8'00100000 26'-00-01----------------1-1- -> 8'01000000 16'0100000010000000
  transition: 8'00100000 26'-00-01---1------------1--- -> 8'00000001 16'0100000000000010
  transition: 8'00100000 26'-00-01-----------1----1--- -> 8'00000100 16'0100000000001000
  transition: 8'00100000 26'-00-01----------------11-- -> 8'00001000 16'0100000000010000
  transition: 8'00100000 26'-00011-------------------- -> 8'10000000 16'0100000100000000
  transition: 8'00100000 26'-00111----------------0--- -> 8'01000000 16'0100000010000000
  transition: 8'00100000 26'-00111---0-----000-0--100- -> 8'00001000 16'0100000000010000
  transition: 8'00100000 26'-00111---0------10----100- -> 8'00000010 16'0100000000000100
  transition: 8'00100000 26'-00111---0-----1-0----100- -> 8'00000100 16'0100000000001000
  transition: 8'00100000 26'000111-----0-------1--1--- -> 8'00100000 16'0100000001000000
  transition: 8'00100000 26'000111----01-------1--1--- -> 8'10000000 16'0100000100000000
  transition: 8'00100000 26'000111----11-------1--1--- -> 8'01000000 16'0100000010000000
  transition: 8'00100000 26'100111-------------1--1--- -> 8'01000000 16'0100000010000000
  transition: 8'00100000 26'-00111----------------1-1- -> 8'01000000 16'0100000010000000
  transition: 8'00100000 26'-00111---1------------1--- -> 8'00000001 16'0100000000000010
  transition: 8'00100000 26'-00111-----------1----1--- -> 8'00000100 16'0100000000001000
  transition: 8'00100000 26'-00111----------------11-- -> 8'00001000 16'0100000000010000
  transition: 8'00100000 26'-010-1-------------------- -> 8'10000000 16'0100000100000000
  transition: 8'00100000 26'-01101----------------0--- -> 8'01000000 16'0100000010000000
  transition: 8'00100000 26'-01101---0-----000-0--100- -> 8'00001000 16'0100000000010000
  transition: 8'00100000 26'-01101---0------10----100- -> 8'00000010 16'0100000000000100
  transition: 8'00100000 26'-01101---0-----1-0----100- -> 8'00000100 16'0100000000001000
  transition: 8'00100000 26'001101-----0-------1--1--- -> 8'00100000 16'0100000001000000
  transition: 8'00100000 26'001101----01-------1--1--- -> 8'10000000 16'0100000100000000
  transition: 8'00100000 26'001101----11-------1--1--- -> 8'01000000 16'0100000010000000
  transition: 8'00100000 26'101101-------------1--1--- -> 8'01000000 16'0100000010000000
  transition: 8'00100000 26'-01101----------------1-1- -> 8'01000000 16'0100000010000000
  transition: 8'00100000 26'-01101---1------------1--- -> 8'00000001 16'0100000000000010
  transition: 8'00100000 26'-01101-----------1----1--- -> 8'00000100 16'0100000000001000
  transition: 8'00100000 26'-01101----------------11-- -> 8'00001000 16'0100000000010000
  transition: 8'00100000 26'-01111----------------0--- -> 8'01000000 16'0100000010000000
  transition: 8'00100000 26'-01111---0-----000-0--100- -> 8'00001000 16'0100000000010000
  transition: 8'00100000 26'-01111---0------10----100- -> 8'00000010 16'0100000000000100
  transition: 8'00100000 26'-01111---0-----1-0----100- -> 8'00000100 16'0100000000001000
  transition: 8'00100000 26'001111-----0-------1--1--- -> 8'00100000 16'0100000001000000
  transition: 8'00100000 26'001111----01-------1--1--- -> 8'10000000 16'0100000100000000
  transition: 8'00100000 26'001111----11-------1--1--- -> 8'01000000 16'0100000010000000
  transition: 8'00100000 26'101111-------------1--1--- -> 8'01000000 16'0100000010000000
  transition: 8'00100000 26'-01111----------------1-1- -> 8'01000000 16'0100000010000000
  transition: 8'00100000 26'-01111---1------------1--- -> 8'00000001 16'0100000000000010
  transition: 8'00100000 26'-01111-----------1----1--- -> 8'00000100 16'0100000000001000
  transition: 8'00100000 26'-01111----------------11-- -> 8'00001000 16'0100000000010000
  transition: 8'00100000 26'-1-0---------------------- -> 8'10000000 16'0100000100000000
  transition: 8'00100000 26'-1-1-0----------------0--- -> 8'01000000 16'0100000010000000
  transition: 8'00100000 26'-1-1-0---0-----000-0--100- -> 8'00001000 16'0100000000010000
  transition: 8'00100000 26'-1-1-0---0------10----100- -> 8'00000010 16'0100000000000100
  transition: 8'00100000 26'-1-1-0---0-----1-0----100- -> 8'00000100 16'0100000000001000
  transition: 8'00100000 26'01-1-0-----0-------1--1--- -> 8'00100000 16'0100000001000000
  transition: 8'00100000 26'01-1-0----01-------1--1--- -> 8'10000000 16'0100000100000000
  transition: 8'00100000 26'01-1-0----11-------1--1--- -> 8'01000000 16'0100000010000000
  transition: 8'00100000 26'11-1-0-------------1--1--- -> 8'01000000 16'0100000010000000
  transition: 8'00100000 26'-1-1-0----------------1-1- -> 8'01000000 16'0100000010000000
  transition: 8'00100000 26'-1-1-0---1------------1--- -> 8'00000001 16'0100000000000010
  transition: 8'00100000 26'-1-1-0-----------1----1--- -> 8'00000100 16'0100000000001000
  transition: 8'00100000 26'-1-1-0----------------11-- -> 8'00001000 16'0100000000010000
  transition: 8'00100000 26'-10101----------------0--- -> 8'01000000 16'0100000010000000
  transition: 8'00100000 26'-10101---0-----000-0--100- -> 8'00001000 16'0100000000010000
  transition: 8'00100000 26'-10101---0------10----100- -> 8'00000010 16'0100000000000100
  transition: 8'00100000 26'-10101---0-----1-0----100- -> 8'00000100 16'0100000000001000
  transition: 8'00100000 26'010101-----0-------1--1--- -> 8'00100000 16'0100000001000000
  transition: 8'00100000 26'010101----01-------1--1--- -> 8'10000000 16'0100000100000000
  transition: 8'00100000 26'010101----11-------1--1--- -> 8'01000000 16'0100000010000000
  transition: 8'00100000 26'110101-------------1--1--- -> 8'01000000 16'0100000010000000
  transition: 8'00100000 26'-10101----------------1-1- -> 8'01000000 16'0100000010000000
  transition: 8'00100000 26'-10101---1------------1--- -> 8'00000001 16'0100000000000010
  transition: 8'00100000 26'-10101-----------1----1--- -> 8'00000100 16'0100000000001000
  transition: 8'00100000 26'-10101----------------11-- -> 8'00001000 16'0100000000010000
  transition: 8'00100000 26'-10111----------------0--- -> 8'01000000 16'0100000010000000
  transition: 8'00100000 26'-10111---0-----000-0--100- -> 8'00001000 16'0100000000010000
  transition: 8'00100000 26'-10111---0------10----100- -> 8'00000010 16'0100000000000100
  transition: 8'00100000 26'-10111---0-----1-0----100- -> 8'00000100 16'0100000000001000
  transition: 8'00100000 26'010111-----0-------1--1--- -> 8'00100000 16'0100000001000000
  transition: 8'00100000 26'010111----01-------1--1--- -> 8'10000000 16'0100000100000000
  transition: 8'00100000 26'010111----11-------1--1--- -> 8'01000000 16'0100000010000000
  transition: 8'00100000 26'110111-------------1--1--- -> 8'01000000 16'0100000010000000
  transition: 8'00100000 26'-10111----------------1-1- -> 8'01000000 16'0100000010000000
  transition: 8'00100000 26'-10111---1------------1--- -> 8'00000001 16'0100000000000010
  transition: 8'00100000 26'-10111-----------1----1--- -> 8'00000100 16'0100000000001000
  transition: 8'00100000 26'-10111----------------11-- -> 8'00001000 16'0100000000010000
  transition: 8'00100000 26'-11101----------------0--- -> 8'01000000 16'0100000010000000
  transition: 8'00100000 26'-11101---0-----000-0--100- -> 8'00001000 16'0100000000010000
  transition: 8'00100000 26'-11101---0------10----100- -> 8'00000010 16'0100000000000100
  transition: 8'00100000 26'-11101---0-----1-0----100- -> 8'00000100 16'0100000000001000
  transition: 8'00100000 26'011101-----0-------1--1--- -> 8'00100000 16'0100000001000000
  transition: 8'00100000 26'011101----01-------1--1--- -> 8'10000000 16'0100000100000000
  transition: 8'00100000 26'011101----11-------1--1--- -> 8'01000000 16'0100000010000000
  transition: 8'00100000 26'111101-------------1--1--- -> 8'01000000 16'0100000010000000
  transition: 8'00100000 26'-11101----------------1-1- -> 8'01000000 16'0100000010000000
  transition: 8'00100000 26'-11101---1------------1--- -> 8'00000001 16'0100000000000010
  transition: 8'00100000 26'-11101-----------1----1--- -> 8'00000100 16'0100000000001000
  transition: 8'00100000 26'-11101----------------11-- -> 8'00001000 16'0100000000010000
  transition: 8'00100000 26'-11111----------------0--- -> 8'01000000 16'0100000010000000
  transition: 8'00100000 26'-11111---0-----000-0--100- -> 8'00001000 16'0100000000010000
  transition: 8'00100000 26'-11111---0------10----100- -> 8'00000010 16'0100000000000100
  transition: 8'00100000 26'-11111---0-----1-0----100- -> 8'00000100 16'0100000000001000
  transition: 8'00100000 26'011111-----0-------1--1--- -> 8'00100000 16'0100000001000000
  transition: 8'00100000 26'011111----01-------1--1--- -> 8'10000000 16'0100000100000000
  transition: 8'00100000 26'011111----11-------1--1--- -> 8'01000000 16'0100000010000000
  transition: 8'00100000 26'111111-------------1--1--- -> 8'01000000 16'0100000010000000
  transition: 8'00100000 26'-11111----------------1-1- -> 8'01000000 16'0100000010000000
  transition: 8'00100000 26'-11111---1------------1--- -> 8'00000001 16'0100000000000010
  transition: 8'00100000 26'-11111-----------1----1--- -> 8'00000100 16'0100000000001000
  transition: 8'00100000 26'-11111----------------11-- -> 8'00001000 16'0100000000010000
  transition: 8'00001000 26'-0---0----------------0--- -> 8'01000000 16'0001000010000000
  transition: 8'00001000 26'-0---0--------0-------1--- -> 8'01000000 16'0001000010000000
  transition: 8'00001000 26'-0---0--------1------01--- -> 8'00001000 16'0001000000010000
  transition: 8'00001000 26'-0---0--------1------11--- -> 8'01000000 16'0001000010000000
  transition: 8'00001000 26'-00-01----------------0--- -> 8'01000000 16'0001000010000000
  transition: 8'00001000 26'-00-01--------0-------1--- -> 8'01000000 16'0001000010000000
  transition: 8'00001000 26'-00-01--------1------01--- -> 8'00001000 16'0001000000010000
  transition: 8'00001000 26'-00-01--------1------11--- -> 8'01000000 16'0001000010000000
  transition: 8'00001000 26'-00011-------------------- -> 8'10000000 16'0001000100000000
  transition: 8'00001000 26'-00111----------------0--- -> 8'01000000 16'0001000010000000
  transition: 8'00001000 26'-00111--------0-------1--- -> 8'01000000 16'0001000010000000
  transition: 8'00001000 26'-00111--------1------01--- -> 8'00001000 16'0001000000010000
  transition: 8'00001000 26'-00111--------1------11--- -> 8'01000000 16'0001000010000000
  transition: 8'00001000 26'-010-1-------------------- -> 8'10000000 16'0001000100000000
  transition: 8'00001000 26'-01101----------------0--- -> 8'01000000 16'0001000010000000
  transition: 8'00001000 26'-01101--------0-------1--- -> 8'01000000 16'0001000010000000
  transition: 8'00001000 26'-01101--------1------01--- -> 8'00001000 16'0001000000010000
  transition: 8'00001000 26'-01101--------1------11--- -> 8'01000000 16'0001000010000000
  transition: 8'00001000 26'-01111----------------0--- -> 8'01000000 16'0001000010000000
  transition: 8'00001000 26'-01111--------0-------1--- -> 8'01000000 16'0001000010000000
  transition: 8'00001000 26'-01111--------1------01--- -> 8'00001000 16'0001000000010000
  transition: 8'00001000 26'-01111--------1------11--- -> 8'01000000 16'0001000010000000
  transition: 8'00001000 26'-1-0---------------------- -> 8'10000000 16'0001000100000000
  transition: 8'00001000 26'-1-1-0----------------0--- -> 8'01000000 16'0001000010000000
  transition: 8'00001000 26'-1-1-0--------0-------1--- -> 8'01000000 16'0001000010000000
  transition: 8'00001000 26'-1-1-0--------1------01--- -> 8'00001000 16'0001000000010000
  transition: 8'00001000 26'-1-1-0--------1------11--- -> 8'01000000 16'0001000010000000
  transition: 8'00001000 26'-10101----------------0--- -> 8'01000000 16'0001000010000000
  transition: 8'00001000 26'-10101--------0-------1--- -> 8'01000000 16'0001000010000000
  transition: 8'00001000 26'-10101--------1------01--- -> 8'00001000 16'0001000000010000
  transition: 8'00001000 26'-10101--------1------11--- -> 8'01000000 16'0001000010000000
  transition: 8'00001000 26'-10111----------------0--- -> 8'01000000 16'0001000010000000
  transition: 8'00001000 26'-10111--------0-------1--- -> 8'01000000 16'0001000010000000
  transition: 8'00001000 26'-10111--------1------01--- -> 8'00001000 16'0001000000010000
  transition: 8'00001000 26'-10111--------1------11--- -> 8'01000000 16'0001000010000000
  transition: 8'00001000 26'-11101----------------0--- -> 8'01000000 16'0001000010000000
  transition: 8'00001000 26'-11101--------0-------1--- -> 8'01000000 16'0001000010000000
  transition: 8'00001000 26'-11101--------1------01--- -> 8'00001000 16'0001000000010000
  transition: 8'00001000 26'-11101--------1------11--- -> 8'01000000 16'0001000010000000
  transition: 8'00001000 26'-11111----------------0--- -> 8'01000000 16'0001000010000000
  transition: 8'00001000 26'-11111--------0-------1--- -> 8'01000000 16'0001000010000000
  transition: 8'00001000 26'-11111--------1------01--- -> 8'00001000 16'0001000000010000
  transition: 8'00001000 26'-11111--------1------11--- -> 8'01000000 16'0001000010000000
  transition: 8'00000100 26'-0---0----------------0--- -> 8'01000000 16'0000100010000000
  transition: 8'00000100 26'-0---0--0-------------1--- -> 8'00000100 16'0000100000001000
  transition: 8'00000100 26'-0---0--1-------------1--- -> 8'01000000 16'0000100010000000
  transition: 8'00000100 26'-00-01----------------0--- -> 8'01000000 16'0000100010000000
  transition: 8'00000100 26'-00-01--0-------------1--- -> 8'00000100 16'0000100000001000
  transition: 8'00000100 26'-00-01--1-------------1--- -> 8'01000000 16'0000100010000000
  transition: 8'00000100 26'-00011-------------------- -> 8'10000000 16'0000100100000000
  transition: 8'00000100 26'-00111----------------0--- -> 8'01000000 16'0000100010000000
  transition: 8'00000100 26'-00111--0-------------1--- -> 8'00000100 16'0000100000001000
  transition: 8'00000100 26'-00111--1-------------1--- -> 8'01000000 16'0000100010000000
  transition: 8'00000100 26'-010-1-------------------- -> 8'10000000 16'0000100100000000
  transition: 8'00000100 26'-01101----------------0--- -> 8'01000000 16'0000100010000000
  transition: 8'00000100 26'-01101--0-------------1--- -> 8'00000100 16'0000100000001000
  transition: 8'00000100 26'-01101--1-------------1--- -> 8'01000000 16'0000100010000000
  transition: 8'00000100 26'-01111----------------0--- -> 8'01000000 16'0000100010000000
  transition: 8'00000100 26'-01111--0-------------1--- -> 8'00000100 16'0000100000001000
  transition: 8'00000100 26'-01111--1-------------1--- -> 8'01000000 16'0000100010000000
  transition: 8'00000100 26'-1-0---------------------- -> 8'10000000 16'0000100100000000
  transition: 8'00000100 26'-1-1-0----------------0--- -> 8'01000000 16'0000100010000000
  transition: 8'00000100 26'-1-1-0--0-------------1--- -> 8'00000100 16'0000100000001000
  transition: 8'00000100 26'-1-1-0--1-------------1--- -> 8'01000000 16'0000100010000000
  transition: 8'00000100 26'-10101----------------0--- -> 8'01000000 16'0000100010000000
  transition: 8'00000100 26'-10101--0-------------1--- -> 8'00000100 16'0000100000001000
  transition: 8'00000100 26'-10101--1-------------1--- -> 8'01000000 16'0000100010000000
  transition: 8'00000100 26'-10111----------------0--- -> 8'01000000 16'0000100010000000
  transition: 8'00000100 26'-10111--0-------------1--- -> 8'00000100 16'0000100000001000
  transition: 8'00000100 26'-10111--1-------------1--- -> 8'01000000 16'0000100010000000
  transition: 8'00000100 26'-11101----------------0--- -> 8'01000000 16'0000100010000000
  transition: 8'00000100 26'-11101--0-------------1--- -> 8'00000100 16'0000100000001000
  transition: 8'00000100 26'-11101--1-------------1--- -> 8'01000000 16'0000100010000000
  transition: 8'00000100 26'-11111----------------0--- -> 8'01000000 16'0000100010000000
  transition: 8'00000100 26'-11111--0-------------1--- -> 8'00000100 16'0000100000001000
  transition: 8'00000100 26'-11111--1-------------1--- -> 8'01000000 16'0000100010000000
  transition: 8'00000010 26'-0---0----------------0--- -> 8'01000000 16'0000010010000000
  transition: 8'00000010 26'-0---0-0--------------1--- -> 8'00000010 16'0000010000000100
  transition: 8'00000010 26'-0---001--------------1--- -> 8'00000010 16'0000010000000100
  transition: 8'00000010 26'-0---011--------------1--- -> 8'01000000 16'0000010010000000
  transition: 8'00000010 26'-00-01----------------0--- -> 8'01000000 16'0000010010000000
  transition: 8'00000010 26'-00-01-0--------------1--- -> 8'00000010 16'0000010000000100
  transition: 8'00000010 26'-00-0101--------------1--- -> 8'00000010 16'0000010000000100
  transition: 8'00000010 26'-00-0111--------------1--- -> 8'01000000 16'0000010010000000
  transition: 8'00000010 26'-00011-------------------- -> 8'10000000 16'0000010100000000
  transition: 8'00000010 26'-00111----------------0--- -> 8'01000000 16'0000010010000000
  transition: 8'00000010 26'-00111-0--------------1--- -> 8'00000010 16'0000010000000100
  transition: 8'00000010 26'-0011101--------------1--- -> 8'00000010 16'0000010000000100
  transition: 8'00000010 26'-0011111--------------1--- -> 8'01000000 16'0000010010000000
  transition: 8'00000010 26'-010-1-------------------- -> 8'10000000 16'0000010100000000
  transition: 8'00000010 26'-01101----------------0--- -> 8'01000000 16'0000010010000000
  transition: 8'00000010 26'-01101-0--------------1--- -> 8'00000010 16'0000010000000100
  transition: 8'00000010 26'-0110101--------------1--- -> 8'00000010 16'0000010000000100
  transition: 8'00000010 26'-0110111--------------1--- -> 8'01000000 16'0000010010000000
  transition: 8'00000010 26'-01111----------------0--- -> 8'01000000 16'0000010010000000
  transition: 8'00000010 26'-01111-0--------------1--- -> 8'00000010 16'0000010000000100
  transition: 8'00000010 26'-0111101--------------1--- -> 8'00000010 16'0000010000000100
  transition: 8'00000010 26'-0111111--------------1--- -> 8'01000000 16'0000010010000000
  transition: 8'00000010 26'-1-0---------------------- -> 8'10000000 16'0000010100000000
  transition: 8'00000010 26'-1-1-0----------------0--- -> 8'01000000 16'0000010010000000
  transition: 8'00000010 26'-1-1-0-0--------------1--- -> 8'00000010 16'0000010000000100
  transition: 8'00000010 26'-1-1-001--------------1--- -> 8'00000010 16'0000010000000100
  transition: 8'00000010 26'-1-1-011--------------1--- -> 8'01000000 16'0000010010000000
  transition: 8'00000010 26'-10101----------------0--- -> 8'01000000 16'0000010010000000
  transition: 8'00000010 26'-10101-0--------------1--- -> 8'00000010 16'0000010000000100
  transition: 8'00000010 26'-1010101--------------1--- -> 8'00000010 16'0000010000000100
  transition: 8'00000010 26'-1010111--------------1--- -> 8'01000000 16'0000010010000000
  transition: 8'00000010 26'-10111----------------0--- -> 8'01000000 16'0000010010000000
  transition: 8'00000010 26'-10111-0--------------1--- -> 8'00000010 16'0000010000000100
  transition: 8'00000010 26'-1011101--------------1--- -> 8'00000010 16'0000010000000100
  transition: 8'00000010 26'-1011111--------------1--- -> 8'01000000 16'0000010010000000
  transition: 8'00000010 26'-11101----------------0--- -> 8'01000000 16'0000010010000000
  transition: 8'00000010 26'-11101-0--------------1--- -> 8'00000010 16'0000010000000100
  transition: 8'00000010 26'-1110101--------------1--- -> 8'00000010 16'0000010000000100
  transition: 8'00000010 26'-1110111--------------1--- -> 8'01000000 16'0000010010000000
  transition: 8'00000010 26'-11111----------------0--- -> 8'01000000 16'0000010010000000
  transition: 8'00000010 26'-11111-0--------------1--- -> 8'00000010 16'0000010000000100
  transition: 8'00000010 26'-1111101--------------1--- -> 8'00000010 16'0000010000000100
  transition: 8'00000010 26'-1111111--------------1--- -> 8'01000000 16'0000010010000000
  transition: 8'00000001 26'-0---0----------------0--- -> 8'01000000 16'0000001010000000
  transition: 8'00000001 26'-0---0-0--------------1--- -> 8'00000001 16'0000001000000010
  transition: 8'00000001 26'-0---001--------------1--- -> 8'00000001 16'0000001000000010
  transition: 8'00000001 26'-0---011--------------1--- -> 8'01000000 16'0000001010000000
  transition: 8'00000001 26'-00-01----------------0--- -> 8'01000000 16'0000001010000000
  transition: 8'00000001 26'-00-01-0--------------1--- -> 8'00000001 16'0000001000000010
  transition: 8'00000001 26'-00-0101--------------1--- -> 8'00000001 16'0000001000000010
  transition: 8'00000001 26'-00-0111--------------1--- -> 8'01000000 16'0000001010000000
  transition: 8'00000001 26'-00011-------------------- -> 8'10000000 16'0000001100000000
  transition: 8'00000001 26'-00111----------------0--- -> 8'01000000 16'0000001010000000
  transition: 8'00000001 26'-00111-0--------------1--- -> 8'00000001 16'0000001000000010
  transition: 8'00000001 26'-0011101--------------1--- -> 8'00000001 16'0000001000000010
  transition: 8'00000001 26'-0011111--------------1--- -> 8'01000000 16'0000001010000000
  transition: 8'00000001 26'-010-1-------------------- -> 8'10000000 16'0000001100000000
  transition: 8'00000001 26'-01101----------------0--- -> 8'01000000 16'0000001010000000
  transition: 8'00000001 26'-01101-0--------------1--- -> 8'00000001 16'0000001000000010
  transition: 8'00000001 26'-0110101--------------1--- -> 8'00000001 16'0000001000000010
  transition: 8'00000001 26'-0110111--------------1--- -> 8'01000000 16'0000001010000000
  transition: 8'00000001 26'-01111----------------0--- -> 8'01000000 16'0000001010000000
  transition: 8'00000001 26'-01111-0--------------1--- -> 8'00000001 16'0000001000000010
  transition: 8'00000001 26'-0111101--------------1--- -> 8'00000001 16'0000001000000010
  transition: 8'00000001 26'-0111111--------------1--- -> 8'01000000 16'0000001010000000
  transition: 8'00000001 26'-1-0---------------------- -> 8'10000000 16'0000001100000000
  transition: 8'00000001 26'-1-1-0----------------0--- -> 8'01000000 16'0000001010000000
  transition: 8'00000001 26'-1-1-0-0--------------1--- -> 8'00000001 16'0000001000000010
  transition: 8'00000001 26'-1-1-001--------------1--- -> 8'00000001 16'0000001000000010
  transition: 8'00000001 26'-1-1-011--------------1--- -> 8'01000000 16'0000001010000000
  transition: 8'00000001 26'-10101----------------0--- -> 8'01000000 16'0000001010000000
  transition: 8'00000001 26'-10101-0--------------1--- -> 8'00000001 16'0000001000000010
  transition: 8'00000001 26'-1010101--------------1--- -> 8'00000001 16'0000001000000010
  transition: 8'00000001 26'-1010111--------------1--- -> 8'01000000 16'0000001010000000
  transition: 8'00000001 26'-10111----------------0--- -> 8'01000000 16'0000001010000000
  transition: 8'00000001 26'-10111-0--------------1--- -> 8'00000001 16'0000001000000010
  transition: 8'00000001 26'-1011101--------------1--- -> 8'00000001 16'0000001000000010
  transition: 8'00000001 26'-1011111--------------1--- -> 8'01000000 16'0000001010000000
  transition: 8'00000001 26'-11101----------------0--- -> 8'01000000 16'0000001010000000
  transition: 8'00000001 26'-11101-0--------------1--- -> 8'00000001 16'0000001000000010
  transition: 8'00000001 26'-1110101--------------1--- -> 8'00000001 16'0000001000000010
  transition: 8'00000001 26'-1110111--------------1--- -> 8'01000000 16'0000001010000000
  transition: 8'00000001 26'-11111----------------0--- -> 8'01000000 16'0000001010000000
  transition: 8'00000001 26'-11111-0--------------1--- -> 8'00000001 16'0000001000000010
  transition: 8'00000001 26'-1111101--------------1--- -> 8'00000001 16'0000001000000010
  transition: 8'00000001 26'-1111111--------------1--- -> 8'01000000 16'0000001010000000

7.12.3. Executing FSM_OPT pass (simple optimizations of FSMs).
Optimizing FSM `$fsm$\soc.cpu.cpu_state$6776' from module `\icebreaker'.
  Merging pattern 26'-10101----------------1--- and 26'-10111----------------1--- from group (0 0 16'1000000100000000).
  Merging pattern 26'-01101----------------1--- and 26'-01111----------------1--- from group (0 0 16'1000000100000000).
  Merging pattern 26'-11101----------------1--- and 26'-11111----------------1--- from group (0 0 16'1000000100000000).
  Merging pattern 26'-10111----------------1--- and 26'-10101----------------1--- from group (0 0 16'1000000100000000).
  Merging pattern 26'-01111----------------1--- and 26'-01101----------------1--- from group (0 0 16'1000000100000000).
  Merging pattern 26'-11111----------------1--- and 26'-11101----------------1--- from group (0 0 16'1000000100000000).
  Merging pattern 26'-101-1----------------1--- and 26'-111-1----------------1--- from group (0 0 16'1000000100000000).
  Merging pattern 26'-111-1----------------1--- and 26'-101-1----------------1--- from group (0 0 16'1000000100000000).
  Merging pattern 26'-1-1-0----------------1--- and 26'-1-1-1----------------1--- from group (0 0 16'1000000100000000).
  Merging pattern 26'-1-1-1----------------1--- and 26'-1-1-0----------------1--- from group (0 0 16'1000000100000000).
  Merging pattern 26'-10101----------------0--- and 26'-10111----------------0--- from group (0 1 16'1000000010000000).
  Merging pattern 26'-01101----------------0--- and 26'-01111----------------0--- from group (0 1 16'1000000010000000).
  Merging pattern 26'-11101----------------0--- and 26'-11111----------------0--- from group (0 1 16'1000000010000000).
  Merging pattern 26'-10111----------------0--- and 26'-10101----------------0--- from group (0 1 16'1000000010000000).
  Merging pattern 26'-01111----------------0--- and 26'-01101----------------0--- from group (0 1 16'1000000010000000).
  Merging pattern 26'-11111----------------0--- and 26'-11101----------------0--- from group (0 1 16'1000000010000000).
  Merging pattern 26'-101-1----------------0--- and 26'-111-1----------------0--- from group (0 1 16'1000000010000000).
  Merging pattern 26'-111-1----------------0--- and 26'-101-1----------------0--- from group (0 1 16'1000000010000000).
  Merging pattern 26'-1-1-0----------------0--- and 26'-1-1-1----------------0--- from group (0 1 16'1000000010000000).
  Merging pattern 26'-1-1-1----------------0--- and 26'-1-1-0----------------0--- from group (0 1 16'1000000010000000).
  Merging pattern 26'-10101----------------0--- and 26'-10111----------------0--- from group (1 1 16'0000000010000001).
  Merging pattern 26'-01101----------------0--- and 26'-01111----------------0--- from group (1 1 16'0000000010000001).
  Merging pattern 26'-11101----------------0--- and 26'-11111----------------0--- from group (1 1 16'0000000010000001).
  Merging pattern 26'-10111----------------0--- and 26'-10101----------------0--- from group (1 1 16'0000000010000001).
  Merging pattern 26'-01111----------------0--- and 26'-01101----------------0--- from group (1 1 16'0000000010000001).
  Merging pattern 26'-11111----------------0--- and 26'-11101----------------0--- from group (1 1 16'0000000010000001).
  Merging pattern 26'-10101------00----1-1-1--- and 26'-10111------00----1-1-1--- from group (1 1 16'0000000010000001).
  Merging pattern 26'-01101------00----1-1-1--- and 26'-01111------00----1-1-1--- from group (1 1 16'0000000010000001).
  Merging pattern 26'-11101------00----1-1-1--- and 26'-11111------00----1-1-1--- from group (1 1 16'0000000010000001).
  Merging pattern 26'-10111------00----1-1-1--- and 26'-10101------00----1-1-1--- from group (1 1 16'0000000010000001).
  Merging pattern 26'-01111------00----1-1-1--- and 26'-01101------00----1-1-1--- from group (1 1 16'0000000010000001).
  Merging pattern 26'-11111------00----1-1-1--- and 26'-11101------00----1-1-1--- from group (1 1 16'0000000010000001).
  Merging pattern 26'-10101------00----0---1--- and 26'-10111------00----0---1--- from group (1 1 16'0000000010000001).
  Merging pattern 26'-01101------00----0---1--- and 26'-01111------00----0---1--- from group (1 1 16'0000000010000001).
  Merging pattern 26'-11101------00----0---1--- and 26'-11111------00----0---1--- from group (1 1 16'0000000010000001).
  Merging pattern 26'-10111------00----0---1--- and 26'-10101------00----0---1--- from group (1 1 16'0000000010000001).
  Merging pattern 26'-01111------00----0---1--- and 26'-01101------00----0---1--- from group (1 1 16'0000000010000001).
  Merging pattern 26'-11111------00----0---1--- and 26'-11101------00----0---1--- from group (1 1 16'0000000010000001).
  Merging pattern 26'-10101------10--------1--- and 26'-10111------10--------1--- from group (1 1 16'0000000010000001).
  Merging pattern 26'-01101------10--------1--- and 26'-01111------10--------1--- from group (1 1 16'0000000010000001).
  Merging pattern 26'-11101------10--------1--- and 26'-11111------10--------1--- from group (1 1 16'0000000010000001).
  Merging pattern 26'-10111------10--------1--- and 26'-10101------10--------1--- from group (1 1 16'0000000010000001).
  Merging pattern 26'-01111------10--------1--- and 26'-01101------10--------1--- from group (1 1 16'0000000010000001).
  Merging pattern 26'-11111------10--------1--- and 26'-11101------10--------1--- from group (1 1 16'0000000010000001).
  Merging pattern 26'-10101-------1--------1--- and 26'-10111-------1--------1--- from group (1 1 16'0000000010000001).
  Merging pattern 26'-01101-------1--------1--- and 26'-01111-------1--------1--- from group (1 1 16'0000000010000001).
  Merging pattern 26'-11101-------1--------1--- and 26'-11111-------1--------1--- from group (1 1 16'0000000010000001).
  Merging pattern 26'-10111-------1--------1--- and 26'-10101-------1--------1--- from group (1 1 16'0000000010000001).
  Merging pattern 26'-01111-------1--------1--- and 26'-01101-------1--------1--- from group (1 1 16'0000000010000001).
  Merging pattern 26'-11111-------1--------1--- and 26'-11101-------1--------1--- from group (1 1 16'0000000010000001).
  Merging pattern 26'-101-1----------------0--- and 26'-111-1----------------0--- from group (1 1 16'0000000010000001).
  Merging pattern 26'-111-1----------------0--- and 26'-101-1----------------0--- from group (1 1 16'0000000010000001).
  Merging pattern 26'-101-1------00----1-1-1--- and 26'-111-1------00----1-1-1--- from group (1 1 16'0000000010000001).
  Merging pattern 26'-111-1------00----1-1-1--- and 26'-101-1------00----1-1-1--- from group (1 1 16'0000000010000001).
  Merging pattern 26'-101-1------00----0---1--- and 26'-111-1------00----0---1--- from group (1 1 16'0000000010000001).
  Merging pattern 26'-111-1------00----0---1--- and 26'-101-1------00----0---1--- from group (1 1 16'0000000010000001).
  Merging pattern 26'-101-1------10--------1--- and 26'-111-1------10--------1--- from group (1 1 16'0000000010000001).
  Merging pattern 26'-111-1------10--------1--- and 26'-101-1------10--------1--- from group (1 1 16'0000000010000001).
  Merging pattern 26'-101-1-------1--------1--- and 26'-111-1-------1--------1--- from group (1 1 16'0000000010000001).
  Merging pattern 26'-111-1-------1--------1--- and 26'-101-1-------1--------1--- from group (1 1 16'0000000010000001).
  Merging pattern 26'-1-1-0----------------0--- and 26'-1-1-1----------------0--- from group (1 1 16'0000000010000001).
  Merging pattern 26'-1-1-1----------------0--- and 26'-1-1-0----------------0--- from group (1 1 16'0000000010000001).
  Merging pattern 26'-1-1-0------00----1-1-1--- and 26'-1-1-1------00----1-1-1--- from group (1 1 16'0000000010000001).
  Merging pattern 26'-1-1-1------00----1-1-1--- and 26'-1-1-0------00----1-1-1--- from group (1 1 16'0000000010000001).
  Merging pattern 26'-1-1-0------00----0---1--- and 26'-1-1-1------00----0---1--- from group (1 1 16'0000000010000001).
  Merging pattern 26'-1-1-1------00----0---1--- and 26'-1-1-0------00----0---1--- from group (1 1 16'0000000010000001).
  Merging pattern 26'-1-1-0------10--------1--- and 26'-1-1-1------10--------1--- from group (1 1 16'0000000010000001).
  Merging pattern 26'-1-1-1------10--------1--- and 26'-1-1-0------10--------1--- from group (1 1 16'0000000010000001).
  Merging pattern 26'-1-1-0-------1--------1--- and 26'-1-1-1-------1--------1--- from group (1 1 16'0000000010000001).
  Merging pattern 26'-1-1-1-------1--------1--- and 26'-1-1-0-------1--------1--- from group (1 1 16'0000000010000001).
  Merging pattern 26'-10101------00----1-0-1--- and 26'-10111------00----1-0-1--- from group (1 2 16'0000000001000001).
  Merging pattern 26'-01101------00----1-0-1--- and 26'-01111------00----1-0-1--- from group (1 2 16'0000000001000001).
  Merging pattern 26'-11101------00----1-0-1--- and 26'-11111------00----1-0-1--- from group (1 2 16'0000000001000001).
  Merging pattern 26'-10111------00----1-0-1--- and 26'-10101------00----1-0-1--- from group (1 2 16'0000000001000001).
  Merging pattern 26'-01111------00----1-0-1--- and 26'-01101------00----1-0-1--- from group (1 2 16'0000000001000001).
  Merging pattern 26'-11111------00----1-0-1--- and 26'-11101------00----1-0-1--- from group (1 2 16'0000000001000001).
  Merging pattern 26'-101-1------00----1-0-1--- and 26'-111-1------00----1-0-1--- from group (1 2 16'0000000001000001).
  Merging pattern 26'-111-1------00----1-0-1--- and 26'-101-1------00----1-0-1--- from group (1 2 16'0000000001000001).
  Merging pattern 26'-1-1-0------00----1-0-1--- and 26'-1-1-1------00----1-0-1--- from group (1 2 16'0000000001000001).
  Merging pattern 26'-1-1-1------00----1-0-1--- and 26'-1-1-0------00----1-0-1--- from group (1 2 16'0000000001000001).
  Merging pattern 26'010101----01-------1--1--- and 26'010111----01-------1--1--- from group (2 0 16'0100000100000000).
  Merging pattern 26'001101----01-------1--1--- and 26'001111----01-------1--1--- from group (2 0 16'0100000100000000).
  Merging pattern 26'011101----01-------1--1--- and 26'011111----01-------1--1--- from group (2 0 16'0100000100000000).
  Merging pattern 26'010111----01-------1--1--- and 26'010101----01-------1--1--- from group (2 0 16'0100000100000000).
  Merging pattern 26'001111----01-------1--1--- and 26'001101----01-------1--1--- from group (2 0 16'0100000100000000).
  Merging pattern 26'011111----01-------1--1--- and 26'011101----01-------1--1--- from group (2 0 16'0100000100000000).
  Merging pattern 26'0101-1----01-------1--1--- and 26'0111-1----01-------1--1--- from group (2 0 16'0100000100000000).
  Merging pattern 26'0111-1----01-------1--1--- and 26'0101-1----01-------1--1--- from group (2 0 16'0100000100000000).
  Merging pattern 26'01-1-0----01-------1--1--- and 26'01-1-1----01-------1--1--- from group (2 0 16'0100000100000000).
  Merging pattern 26'01-1-1----01-------1--1--- and 26'01-1-0----01-------1--1--- from group (2 0 16'0100000100000000).
  Merging pattern 26'-10101----------------1-1- and 26'-10111----------------1-1- from group (2 1 16'0100000010000000).
  Merging pattern 26'-01101----------------1-1- and 26'-01111----------------1-1- from group (2 1 16'0100000010000000).
  Merging pattern 26'-11101----------------1-1- and 26'-11111----------------1-1- from group (2 1 16'0100000010000000).
  Merging pattern 26'-10111----------------1-1- and 26'-10101----------------1-1- from group (2 1 16'0100000010000000).
  Merging pattern 26'-01111----------------1-1- and 26'-01101----------------1-1- from group (2 1 16'0100000010000000).
  Merging pattern 26'-11111----------------1-1- and 26'-11101----------------1-1- from group (2 1 16'0100000010000000).
  Merging pattern 26'-10101----------------0--- and 26'-10111----------------0--- from group (2 1 16'0100000010000000).
  Merging pattern 26'-01101----------------0--- and 26'-01111----------------0--- from group (2 1 16'0100000010000000).
  Merging pattern 26'-11101----------------0--- and 26'-11111----------------0--- from group (2 1 16'0100000010000000).
  Merging pattern 26'-10111----------------0--- and 26'-10101----------------0--- from group (2 1 16'0100000010000000).
  Merging pattern 26'-01111----------------0--- and 26'-01101----------------0--- from group (2 1 16'0100000010000000).
  Merging pattern 26'-11111----------------0--- and 26'-11101----------------0--- from group (2 1 16'0100000010000000).
  Merging pattern 26'010101----11-------1--1--- and 26'010111----11-------1--1--- from group (2 1 16'0100000010000000).
  Merging pattern 26'001101----11-------1--1--- and 26'001111----11-------1--1--- from group (2 1 16'0100000010000000).
  Merging pattern 26'011101----11-------1--1--- and 26'011111----11-------1--1--- from group (2 1 16'0100000010000000).
  Merging pattern 26'010111----11-------1--1--- and 26'010101----11-------1--1--- from group (2 1 16'0100000010000000).
  Merging pattern 26'001111----11-------1--1--- and 26'001101----11-------1--1--- from group (2 1 16'0100000010000000).
  Merging pattern 26'011111----11-------1--1--- and 26'011101----11-------1--1--- from group (2 1 16'0100000010000000).
  Merging pattern 26'110101-------------1--1--- and 26'110111-------------1--1--- from group (2 1 16'0100000010000000).
  Merging pattern 26'101101-------------1--1--- and 26'101111-------------1--1--- from group (2 1 16'0100000010000000).
  Merging pattern 26'111101-------------1--1--- and 26'111111-------------1--1--- from group (2 1 16'0100000010000000).
  Merging pattern 26'110111-------------1--1--- and 26'110101-------------1--1--- from group (2 1 16'0100000010000000).
  Merging pattern 26'101111-------------1--1--- and 26'101101-------------1--1--- from group (2 1 16'0100000010000000).
  Merging pattern 26'111111-------------1--1--- and 26'111101-------------1--1--- from group (2 1 16'0100000010000000).
  Merging pattern 26'-101-1----------------1-1- and 26'-111-1----------------1-1- from group (2 1 16'0100000010000000).
  Merging pattern 26'-111-1----------------1-1- and 26'-101-1----------------1-1- from group (2 1 16'0100000010000000).
  Merging pattern 26'-101-1----------------0--- and 26'-111-1----------------0--- from group (2 1 16'0100000010000000).
  Merging pattern 26'-111-1----------------0--- and 26'-101-1----------------0--- from group (2 1 16'0100000010000000).
  Merging pattern 26'0101-1----11-------1--1--- and 26'0111-1----11-------1--1--- from group (2 1 16'0100000010000000).
  Merging pattern 26'0111-1----11-------1--1--- and 26'0101-1----11-------1--1--- from group (2 1 16'0100000010000000).
  Merging pattern 26'1101-1-------------1--1--- and 26'1111-1-------------1--1--- from group (2 1 16'0100000010000000).
  Merging pattern 26'1111-1-------------1--1--- and 26'1101-1-------------1--1--- from group (2 1 16'0100000010000000).
  Merging pattern 26'-1-1-0----------------1-1- and 26'-1-1-1----------------1-1- from group (2 1 16'0100000010000000).
  Merging pattern 26'-1-1-1----------------1-1- and 26'-1-1-0----------------1-1- from group (2 1 16'0100000010000000).
  Merging pattern 26'-1-1-0----------------0--- and 26'-1-1-1----------------0--- from group (2 1 16'0100000010000000).
  Merging pattern 26'-1-1-1----------------0--- and 26'-1-1-0----------------0--- from group (2 1 16'0100000010000000).
  Merging pattern 26'01-1-0----11-------1--1--- and 26'01-1-1----11-------1--1--- from group (2 1 16'0100000010000000).
  Merging pattern 26'01-1-1----11-------1--1--- and 26'01-1-0----11-------1--1--- from group (2 1 16'0100000010000000).
  Merging pattern 26'11-1-0-------------1--1--- and 26'11-1-1-------------1--1--- from group (2 1 16'0100000010000000).
  Merging pattern 26'11-1-1-------------1--1--- and 26'11-1-0-------------1--1--- from group (2 1 16'0100000010000000).
  Merging pattern 26'010101-----0-------1--1--- and 26'010111-----0-------1--1--- from group (2 2 16'0100000001000000).
  Merging pattern 26'001101-----0-------1--1--- and 26'001111-----0-------1--1--- from group (2 2 16'0100000001000000).
  Merging pattern 26'011101-----0-------1--1--- and 26'011111-----0-------1--1--- from group (2 2 16'0100000001000000).
  Merging pattern 26'010111-----0-------1--1--- and 26'010101-----0-------1--1--- from group (2 2 16'0100000001000000).
  Merging pattern 26'001111-----0-------1--1--- and 26'001101-----0-------1--1--- from group (2 2 16'0100000001000000).
  Merging pattern 26'011111-----0-------1--1--- and 26'011101-----0-------1--1--- from group (2 2 16'0100000001000000).
  Merging pattern 26'0101-1-----0-------1--1--- and 26'0111-1-----0-------1--1--- from group (2 2 16'0100000001000000).
  Merging pattern 26'0111-1-----0-------1--1--- and 26'0101-1-----0-------1--1--- from group (2 2 16'0100000001000000).
  Merging pattern 26'01-1-0-----0-------1--1--- and 26'01-1-1-----0-------1--1--- from group (2 2 16'0100000001000000).
  Merging pattern 26'01-1-1-----0-------1--1--- and 26'01-1-0-----0-------1--1--- from group (2 2 16'0100000001000000).
  Merging pattern 26'-10101---0-----000-0--100- and 26'-10111---0-----000-0--100- from group (2 3 16'0100000000010000).
  Merging pattern 26'-01101---0-----000-0--100- and 26'-01111---0-----000-0--100- from group (2 3 16'0100000000010000).
  Merging pattern 26'-11101---0-----000-0--100- and 26'-11111---0-----000-0--100- from group (2 3 16'0100000000010000).
  Merging pattern 26'-10111---0-----000-0--100- and 26'-10101---0-----000-0--100- from group (2 3 16'0100000000010000).
  Merging pattern 26'-01111---0-----000-0--100- and 26'-01101---0-----000-0--100- from group (2 3 16'0100000000010000).
  Merging pattern 26'-11111---0-----000-0--100- and 26'-11101---0-----000-0--100- from group (2 3 16'0100000000010000).
  Merging pattern 26'-10101----------------11-- and 26'-10111----------------11-- from group (2 3 16'0100000000010000).
  Merging pattern 26'-01101----------------11-- and 26'-01111----------------11-- from group (2 3 16'0100000000010000).
  Merging pattern 26'-11101----------------11-- and 26'-11111----------------11-- from group (2 3 16'0100000000010000).
  Merging pattern 26'-10111----------------11-- and 26'-10101----------------11-- from group (2 3 16'0100000000010000).
  Merging pattern 26'-01111----------------11-- and 26'-01101----------------11-- from group (2 3 16'0100000000010000).
  Merging pattern 26'-11111----------------11-- and 26'-11101----------------11-- from group (2 3 16'0100000000010000).
  Merging pattern 26'-101-1---0-----000-0--100- and 26'-111-1---0-----000-0--100- from group (2 3 16'0100000000010000).
  Merging pattern 26'-111-1---0-----000-0--100- and 26'-101-1---0-----000-0--100- from group (2 3 16'0100000000010000).
  Merging pattern 26'-101-1----------------11-- and 26'-111-1----------------11-- from group (2 3 16'0100000000010000).
  Merging pattern 26'-111-1----------------11-- and 26'-101-1----------------11-- from group (2 3 16'0100000000010000).
  Merging pattern 26'-1-1-0---0-----000-0--100- and 26'-1-1-1---0-----000-0--100- from group (2 3 16'0100000000010000).
  Merging pattern 26'-1-1-1---0-----000-0--100- and 26'-1-1-0---0-----000-0--100- from group (2 3 16'0100000000010000).
  Merging pattern 26'-1-1-0----------------11-- and 26'-1-1-1----------------11-- from group (2 3 16'0100000000010000).
  Merging pattern 26'-1-1-1----------------11-- and 26'-1-1-0----------------11-- from group (2 3 16'0100000000010000).
  Merging pattern 26'-10101---0-----1-0----100- and 26'-10111---0-----1-0----100- from group (2 4 16'0100000000001000).
  Merging pattern 26'-01101---0-----1-0----100- and 26'-01111---0-----1-0----100- from group (2 4 16'0100000000001000).
  Merging pattern 26'-11101---0-----1-0----100- and 26'-11111---0-----1-0----100- from group (2 4 16'0100000000001000).
  Merging pattern 26'-10111---0-----1-0----100- and 26'-10101---0-----1-0----100- from group (2 4 16'0100000000001000).
  Merging pattern 26'-01111---0-----1-0----100- and 26'-01101---0-----1-0----100- from group (2 4 16'0100000000001000).
  Merging pattern 26'-11111---0-----1-0----100- and 26'-11101---0-----1-0----100- from group (2 4 16'0100000000001000).
  Merging pattern 26'-10101-----------1----1--- and 26'-10111-----------1----1--- from group (2 4 16'0100000000001000).
  Merging pattern 26'-01101-----------1----1--- and 26'-01111-----------1----1--- from group (2 4 16'0100000000001000).
  Merging pattern 26'-11101-----------1----1--- and 26'-11111-----------1----1--- from group (2 4 16'0100000000001000).
  Merging pattern 26'-10111-----------1----1--- and 26'-10101-----------1----1--- from group (2 4 16'0100000000001000).
  Merging pattern 26'-01111-----------1----1--- and 26'-01101-----------1----1--- from group (2 4 16'0100000000001000).
  Merging pattern 26'-11111-----------1----1--- and 26'-11101-----------1----1--- from group (2 4 16'0100000000001000).
  Merging pattern 26'-101-1---0-----1-0----100- and 26'-111-1---0-----1-0----100- from group (2 4 16'0100000000001000).
  Merging pattern 26'-111-1---0-----1-0----100- and 26'-101-1---0-----1-0----100- from group (2 4 16'0100000000001000).
  Merging pattern 26'-101-1-----------1----1--- and 26'-111-1-----------1----1--- from group (2 4 16'0100000000001000).
  Merging pattern 26'-111-1-----------1----1--- and 26'-101-1-----------1----1--- from group (2 4 16'0100000000001000).
  Merging pattern 26'-1-1-0---0-----1-0----100- and 26'-1-1-1---0-----1-0----100- from group (2 4 16'0100000000001000).
  Merging pattern 26'-1-1-1---0-----1-0----100- and 26'-1-1-0---0-----1-0----100- from group (2 4 16'0100000000001000).
  Merging pattern 26'-1-1-0-----------1----1--- and 26'-1-1-1-----------1----1--- from group (2 4 16'0100000000001000).
  Merging pattern 26'-1-1-1-----------1----1--- and 26'-1-1-0-----------1----1--- from group (2 4 16'0100000000001000).
  Merging pattern 26'-10101---0------10----100- and 26'-10111---0------10----100- from group (2 5 16'0100000000000100).
  Merging pattern 26'-01101---0------10----100- and 26'-01111---0------10----100- from group (2 5 16'0100000000000100).
  Merging pattern 26'-11101---0------10----100- and 26'-11111---0------10----100- from group (2 5 16'0100000000000100).
  Merging pattern 26'-10111---0------10----100- and 26'-10101---0------10----100- from group (2 5 16'0100000000000100).
  Merging pattern 26'-01111---0------10----100- and 26'-01101---0------10----100- from group (2 5 16'0100000000000100).
  Merging pattern 26'-11111---0------10----100- and 26'-11101---0------10----100- from group (2 5 16'0100000000000100).
  Merging pattern 26'-101-1---0------10----100- and 26'-111-1---0------10----100- from group (2 5 16'0100000000000100).
  Merging pattern 26'-111-1---0------10----100- and 26'-101-1---0------10----100- from group (2 5 16'0100000000000100).
  Merging pattern 26'-1-1-0---0------10----100- and 26'-1-1-1---0------10----100- from group (2 5 16'0100000000000100).
  Merging pattern 26'-1-1-1---0------10----100- and 26'-1-1-0---0------10----100- from group (2 5 16'0100000000000100).
  Merging pattern 26'-10101---1------------1--- and 26'-10111---1------------1--- from group (2 6 16'0100000000000010).
  Merging pattern 26'-01101---1------------1--- and 26'-01111---1------------1--- from group (2 6 16'0100000000000010).
  Merging pattern 26'-11101---1------------1--- and 26'-11111---1------------1--- from group (2 6 16'0100000000000010).
  Merging pattern 26'-10111---1------------1--- and 26'-10101---1------------1--- from group (2 6 16'0100000000000010).
  Merging pattern 26'-01111---1------------1--- and 26'-01101---1------------1--- from group (2 6 16'0100000000000010).
  Merging pattern 26'-11111---1------------1--- and 26'-11101---1------------1--- from group (2 6 16'0100000000000010).
  Merging pattern 26'-101-1---1------------1--- and 26'-111-1---1------------1--- from group (2 6 16'0100000000000010).
  Merging pattern 26'-111-1---1------------1--- and 26'-101-1---1------------1--- from group (2 6 16'0100000000000010).
  Merging pattern 26'-1-1-0---1------------1--- and 26'-1-1-1---1------------1--- from group (2 6 16'0100000000000010).
  Merging pattern 26'-1-1-1---1------------1--- and 26'-1-1-0---1------------1--- from group (2 6 16'0100000000000010).
  Merging pattern 26'-10101----------------0--- and 26'-10111----------------0--- from group (3 1 16'0001000010000000).
  Merging pattern 26'-01101----------------0--- and 26'-01111----------------0--- from group (3 1 16'0001000010000000).
  Merging pattern 26'-11101----------------0--- and 26'-11111----------------0--- from group (3 1 16'0001000010000000).
  Merging pattern 26'-10111----------------0--- and 26'-10101----------------0--- from group (3 1 16'0001000010000000).
  Merging pattern 26'-01111----------------0--- and 26'-01101----------------0--- from group (3 1 16'0001000010000000).
  Merging pattern 26'-11111----------------0--- and 26'-11101----------------0--- from group (3 1 16'0001000010000000).
  Merging pattern 26'-10101--------1------11--- and 26'-10111--------1------11--- from group (3 1 16'0001000010000000).
  Merging pattern 26'-01101--------1------11--- and 26'-01111--------1------11--- from group (3 1 16'0001000010000000).
  Merging pattern 26'-11101--------1------11--- and 26'-11111--------1------11--- from group (3 1 16'0001000010000000).
  Merging pattern 26'-10111--------1------11--- and 26'-10101--------1------11--- from group (3 1 16'0001000010000000).
  Merging pattern 26'-01111--------1------11--- and 26'-01101--------1------11--- from group (3 1 16'0001000010000000).
  Merging pattern 26'-11111--------1------11--- and 26'-11101--------1------11--- from group (3 1 16'0001000010000000).
  Merging pattern 26'-10101--------0-------1--- and 26'-10111--------0-------1--- from group (3 1 16'0001000010000000).
  Merging pattern 26'-01101--------0-------1--- and 26'-01111--------0-------1--- from group (3 1 16'0001000010000000).
  Merging pattern 26'-11101--------0-------1--- and 26'-11111--------0-------1--- from group (3 1 16'0001000010000000).
  Merging pattern 26'-10111--------0-------1--- and 26'-10101--------0-------1--- from group (3 1 16'0001000010000000).
  Merging pattern 26'-01111--------0-------1--- and 26'-01101--------0-------1--- from group (3 1 16'0001000010000000).
  Merging pattern 26'-11111--------0-------1--- and 26'-11101--------0-------1--- from group (3 1 16'0001000010000000).
  Merging pattern 26'-101-1----------------0--- and 26'-111-1----------------0--- from group (3 1 16'0001000010000000).
  Merging pattern 26'-111-1----------------0--- and 26'-101-1----------------0--- from group (3 1 16'0001000010000000).
  Merging pattern 26'-101-1--------1------11--- and 26'-111-1--------1------11--- from group (3 1 16'0001000010000000).
  Merging pattern 26'-111-1--------1------11--- and 26'-101-1--------1------11--- from group (3 1 16'0001000010000000).
  Merging pattern 26'-101-1--------0-------1--- and 26'-111-1--------0-------1--- from group (3 1 16'0001000010000000).
  Merging pattern 26'-111-1--------0-------1--- and 26'-101-1--------0-------1--- from group (3 1 16'0001000010000000).
  Merging pattern 26'-1-1-0----------------0--- and 26'-1-1-1----------------0--- from group (3 1 16'0001000010000000).
  Merging pattern 26'-1-1-1----------------0--- and 26'-1-1-0----------------0--- from group (3 1 16'0001000010000000).
  Merging pattern 26'-1-1-0--------1------11--- and 26'-1-1-1--------1------11--- from group (3 1 16'0001000010000000).
  Merging pattern 26'-1-1-1--------1------11--- and 26'-1-1-0--------1------11--- from group (3 1 16'0001000010000000).
  Merging pattern 26'-1-1-0--------0-------1--- and 26'-1-1-1--------0-------1--- from group (3 1 16'0001000010000000).
  Merging pattern 26'-1-1-1--------0-------1--- and 26'-1-1-0--------0-------1--- from group (3 1 16'0001000010000000).
  Merging pattern 26'-10101--------1------01--- and 26'-10111--------1------01--- from group (3 3 16'0001000000010000).
  Merging pattern 26'-01101--------1------01--- and 26'-01111--------1------01--- from group (3 3 16'0001000000010000).
  Merging pattern 26'-11101--------1------01--- and 26'-11111--------1------01--- from group (3 3 16'0001000000010000).
  Merging pattern 26'-10111--------1------01--- and 26'-10101--------1------01--- from group (3 3 16'0001000000010000).
  Merging pattern 26'-01111--------1------01--- and 26'-01101--------1------01--- from group (3 3 16'0001000000010000).
  Merging pattern 26'-11111--------1------01--- and 26'-11101--------1------01--- from group (3 3 16'0001000000010000).
  Merging pattern 26'-101-1--------1------01--- and 26'-111-1--------1------01--- from group (3 3 16'0001000000010000).
  Merging pattern 26'-111-1--------1------01--- and 26'-101-1--------1------01--- from group (3 3 16'0001000000010000).
  Merging pattern 26'-1-1-0--------1------01--- and 26'-1-1-1--------1------01--- from group (3 3 16'0001000000010000).
  Merging pattern 26'-1-1-1--------1------01--- and 26'-1-1-0--------1------01--- from group (3 3 16'0001000000010000).
  Merging pattern 26'-10101----------------0--- and 26'-10111----------------0--- from group (4 1 16'0000100010000000).
  Merging pattern 26'-01101----------------0--- and 26'-01111----------------0--- from group (4 1 16'0000100010000000).
  Merging pattern 26'-11101----------------0--- and 26'-11111----------------0--- from group (4 1 16'0000100010000000).
  Merging pattern 26'-10111----------------0--- and 26'-10101----------------0--- from group (4 1 16'0000100010000000).
  Merging pattern 26'-01111----------------0--- and 26'-01101----------------0--- from group (4 1 16'0000100010000000).
  Merging pattern 26'-11111----------------0--- and 26'-11101----------------0--- from group (4 1 16'0000100010000000).
  Merging pattern 26'-10101--1-------------1--- and 26'-10111--1-------------1--- from group (4 1 16'0000100010000000).
  Merging pattern 26'-01101--1-------------1--- and 26'-01111--1-------------1--- from group (4 1 16'0000100010000000).
  Merging pattern 26'-11101--1-------------1--- and 26'-11111--1-------------1--- from group (4 1 16'0000100010000000).
  Merging pattern 26'-10111--1-------------1--- and 26'-10101--1-------------1--- from group (4 1 16'0000100010000000).
  Merging pattern 26'-01111--1-------------1--- and 26'-01101--1-------------1--- from group (4 1 16'0000100010000000).
  Merging pattern 26'-11111--1-------------1--- and 26'-11101--1-------------1--- from group (4 1 16'0000100010000000).
  Merging pattern 26'-101-1----------------0--- and 26'-111-1----------------0--- from group (4 1 16'0000100010000000).
  Merging pattern 26'-111-1----------------0--- and 26'-101-1----------------0--- from group (4 1 16'0000100010000000).
  Merging pattern 26'-101-1--1-------------1--- and 26'-111-1--1-------------1--- from group (4 1 16'0000100010000000).
  Merging pattern 26'-111-1--1-------------1--- and 26'-101-1--1-------------1--- from group (4 1 16'0000100010000000).
  Merging pattern 26'-1-1-0----------------0--- and 26'-1-1-1----------------0--- from group (4 1 16'0000100010000000).
  Merging pattern 26'-1-1-1----------------0--- and 26'-1-1-0----------------0--- from group (4 1 16'0000100010000000).
  Merging pattern 26'-1-1-0--1-------------1--- and 26'-1-1-1--1-------------1--- from group (4 1 16'0000100010000000).
  Merging pattern 26'-1-1-1--1-------------1--- and 26'-1-1-0--1-------------1--- from group (4 1 16'0000100010000000).
  Merging pattern 26'-10101--0-------------1--- and 26'-10111--0-------------1--- from group (4 4 16'0000100000001000).
  Merging pattern 26'-01101--0-------------1--- and 26'-01111--0-------------1--- from group (4 4 16'0000100000001000).
  Merging pattern 26'-11101--0-------------1--- and 26'-11111--0-------------1--- from group (4 4 16'0000100000001000).
  Merging pattern 26'-10111--0-------------1--- and 26'-10101--0-------------1--- from group (4 4 16'0000100000001000).
  Merging pattern 26'-01111--0-------------1--- and 26'-01101--0-------------1--- from group (4 4 16'0000100000001000).
  Merging pattern 26'-11111--0-------------1--- and 26'-11101--0-------------1--- from group (4 4 16'0000100000001000).
  Merging pattern 26'-101-1--0-------------1--- and 26'-111-1--0-------------1--- from group (4 4 16'0000100000001000).
  Merging pattern 26'-111-1--0-------------1--- and 26'-101-1--0-------------1--- from group (4 4 16'0000100000001000).
  Merging pattern 26'-1-1-0--0-------------1--- and 26'-1-1-1--0-------------1--- from group (4 4 16'0000100000001000).
  Merging pattern 26'-1-1-1--0-------------1--- and 26'-1-1-0--0-------------1--- from group (4 4 16'0000100000001000).
  Merging pattern 26'-10101----------------0--- and 26'-10111----------------0--- from group (5 1 16'0000010010000000).
  Merging pattern 26'-01101----------------0--- and 26'-01111----------------0--- from group (5 1 16'0000010010000000).
  Merging pattern 26'-11101----------------0--- and 26'-11111----------------0--- from group (5 1 16'0000010010000000).
  Merging pattern 26'-10111----------------0--- and 26'-10101----------------0--- from group (5 1 16'0000010010000000).
  Merging pattern 26'-01111----------------0--- and 26'-01101----------------0--- from group (5 1 16'0000010010000000).
  Merging pattern 26'-11111----------------0--- and 26'-11101----------------0--- from group (5 1 16'0000010010000000).
  Merging pattern 26'-1010111--------------1--- and 26'-1011111--------------1--- from group (5 1 16'0000010010000000).
  Merging pattern 26'-0110111--------------1--- and 26'-0111111--------------1--- from group (5 1 16'0000010010000000).
  Merging pattern 26'-1110111--------------1--- and 26'-1111111--------------1--- from group (5 1 16'0000010010000000).
  Merging pattern 26'-1011111--------------1--- and 26'-1010111--------------1--- from group (5 1 16'0000010010000000).
  Merging pattern 26'-0111111--------------1--- and 26'-0110111--------------1--- from group (5 1 16'0000010010000000).
  Merging pattern 26'-1111111--------------1--- and 26'-1110111--------------1--- from group (5 1 16'0000010010000000).
  Merging pattern 26'-101-1----------------0--- and 26'-111-1----------------0--- from group (5 1 16'0000010010000000).
  Merging pattern 26'-111-1----------------0--- and 26'-101-1----------------0--- from group (5 1 16'0000010010000000).
  Merging pattern 26'-101-111--------------1--- and 26'-111-111--------------1--- from group (5 1 16'0000010010000000).
  Merging pattern 26'-111-111--------------1--- and 26'-101-111--------------1--- from group (5 1 16'0000010010000000).
  Merging pattern 26'-1-1-0----------------0--- and 26'-1-1-1----------------0--- from group (5 1 16'0000010010000000).
  Merging pattern 26'-1-1-1----------------0--- and 26'-1-1-0----------------0--- from group (5 1 16'0000010010000000).
  Merging pattern 26'-1-1-011--------------1--- and 26'-1-1-111--------------1--- from group (5 1 16'0000010010000000).
  Merging pattern 26'-1-1-111--------------1--- and 26'-1-1-011--------------1--- from group (5 1 16'0000010010000000).
  Merging pattern 26'-10101-0--------------1--- and 26'-10111-0--------------1--- from group (5 5 16'0000010000000100).
  Merging pattern 26'-01101-0--------------1--- and 26'-01111-0--------------1--- from group (5 5 16'0000010000000100).
  Merging pattern 26'-11101-0--------------1--- and 26'-11111-0--------------1--- from group (5 5 16'0000010000000100).
  Merging pattern 26'-10111-0--------------1--- and 26'-10101-0--------------1--- from group (5 5 16'0000010000000100).
  Merging pattern 26'-01111-0--------------1--- and 26'-01101-0--------------1--- from group (5 5 16'0000010000000100).
  Merging pattern 26'-11111-0--------------1--- and 26'-11101-0--------------1--- from group (5 5 16'0000010000000100).
  Merging pattern 26'-1010101--------------1--- and 26'-1011101--------------1--- from group (5 5 16'0000010000000100).
  Merging pattern 26'-0110101--------------1--- and 26'-0111101--------------1--- from group (5 5 16'0000010000000100).
  Merging pattern 26'-1110101--------------1--- and 26'-1111101--------------1--- from group (5 5 16'0000010000000100).
  Merging pattern 26'-1011101--------------1--- and 26'-1010101--------------1--- from group (5 5 16'0000010000000100).
  Merging pattern 26'-0111101--------------1--- and 26'-0110101--------------1--- from group (5 5 16'0000010000000100).
  Merging pattern 26'-1111101--------------1--- and 26'-1110101--------------1--- from group (5 5 16'0000010000000100).
  Merging pattern 26'-101-1-0--------------1--- and 26'-111-1-0--------------1--- from group (5 5 16'0000010000000100).
  Merging pattern 26'-111-1-0--------------1--- and 26'-101-1-0--------------1--- from group (5 5 16'0000010000000100).
  Merging pattern 26'-101-101--------------1--- and 26'-111-101--------------1--- from group (5 5 16'0000010000000100).
  Merging pattern 26'-111-101--------------1--- and 26'-101-101--------------1--- from group (5 5 16'0000010000000100).
  Merging pattern 26'-1-1-0-0--------------1--- and 26'-1-1-1-0--------------1--- from group (5 5 16'0000010000000100).
  Merging pattern 26'-1-1-1-0--------------1--- and 26'-1-1-0-0--------------1--- from group (5 5 16'0000010000000100).
  Merging pattern 26'-1-1-001--------------1--- and 26'-1-1-101--------------1--- from group (5 5 16'0000010000000100).
  Merging pattern 26'-1-1-101--------------1--- and 26'-1-1-001--------------1--- from group (5 5 16'0000010000000100).
  Merging pattern 26'-10101----------------0--- and 26'-10111----------------0--- from group (6 1 16'0000001010000000).
  Merging pattern 26'-01101----------------0--- and 26'-01111----------------0--- from group (6 1 16'0000001010000000).
  Merging pattern 26'-11101----------------0--- and 26'-11111----------------0--- from group (6 1 16'0000001010000000).
  Merging pattern 26'-10111----------------0--- and 26'-10101----------------0--- from group (6 1 16'0000001010000000).
  Merging pattern 26'-01111----------------0--- and 26'-01101----------------0--- from group (6 1 16'0000001010000000).
  Merging pattern 26'-11111----------------0--- and 26'-11101----------------0--- from group (6 1 16'0000001010000000).
  Merging pattern 26'-1010111--------------1--- and 26'-1011111--------------1--- from group (6 1 16'0000001010000000).
  Merging pattern 26'-0110111--------------1--- and 26'-0111111--------------1--- from group (6 1 16'0000001010000000).
  Merging pattern 26'-1110111--------------1--- and 26'-1111111--------------1--- from group (6 1 16'0000001010000000).
  Merging pattern 26'-1011111--------------1--- and 26'-1010111--------------1--- from group (6 1 16'0000001010000000).
  Merging pattern 26'-0111111--------------1--- and 26'-0110111--------------1--- from group (6 1 16'0000001010000000).
  Merging pattern 26'-1111111--------------1--- and 26'-1110111--------------1--- from group (6 1 16'0000001010000000).
  Merging pattern 26'-101-1----------------0--- and 26'-111-1----------------0--- from group (6 1 16'0000001010000000).
  Merging pattern 26'-111-1----------------0--- and 26'-101-1----------------0--- from group (6 1 16'0000001010000000).
  Merging pattern 26'-101-111--------------1--- and 26'-111-111--------------1--- from group (6 1 16'0000001010000000).
  Merging pattern 26'-111-111--------------1--- and 26'-101-111--------------1--- from group (6 1 16'0000001010000000).
  Merging pattern 26'-1-1-0----------------0--- and 26'-1-1-1----------------0--- from group (6 1 16'0000001010000000).
  Merging pattern 26'-1-1-1----------------0--- and 26'-1-1-0----------------0--- from group (6 1 16'0000001010000000).
  Merging pattern 26'-1-1-011--------------1--- and 26'-1-1-111--------------1--- from group (6 1 16'0000001010000000).
  Merging pattern 26'-1-1-111--------------1--- and 26'-1-1-011--------------1--- from group (6 1 16'0000001010000000).
  Merging pattern 26'-10101-0--------------1--- and 26'-10111-0--------------1--- from group (6 6 16'0000001000000010).
  Merging pattern 26'-01101-0--------------1--- and 26'-01111-0--------------1--- from group (6 6 16'0000001000000010).
  Merging pattern 26'-11101-0--------------1--- and 26'-11111-0--------------1--- from group (6 6 16'0000001000000010).
  Merging pattern 26'-10111-0--------------1--- and 26'-10101-0--------------1--- from group (6 6 16'0000001000000010).
  Merging pattern 26'-01111-0--------------1--- and 26'-01101-0--------------1--- from group (6 6 16'0000001000000010).
  Merging pattern 26'-11111-0--------------1--- and 26'-11101-0--------------1--- from group (6 6 16'0000001000000010).
  Merging pattern 26'-1010101--------------1--- and 26'-1011101--------------1--- from group (6 6 16'0000001000000010).
  Merging pattern 26'-0110101--------------1--- and 26'-0111101--------------1--- from group (6 6 16'0000001000000010).
  Merging pattern 26'-1110101--------------1--- and 26'-1111101--------------1--- from group (6 6 16'0000001000000010).
  Merging pattern 26'-1011101--------------1--- and 26'-1010101--------------1--- from group (6 6 16'0000001000000010).
  Merging pattern 26'-0111101--------------1--- and 26'-0110101--------------1--- from group (6 6 16'0000001000000010).
  Merging pattern 26'-1111101--------------1--- and 26'-1110101--------------1--- from group (6 6 16'0000001000000010).
  Merging pattern 26'-101-1-0--------------1--- and 26'-111-1-0--------------1--- from group (6 6 16'0000001000000010).
  Merging pattern 26'-111-1-0--------------1--- and 26'-101-1-0--------------1--- from group (6 6 16'0000001000000010).
  Merging pattern 26'-101-101--------------1--- and 26'-111-101--------------1--- from group (6 6 16'0000001000000010).
  Merging pattern 26'-111-101--------------1--- and 26'-101-101--------------1--- from group (6 6 16'0000001000000010).
  Merging pattern 26'-1-1-0-0--------------1--- and 26'-1-1-1-0--------------1--- from group (6 6 16'0000001000000010).
  Merging pattern 26'-1-1-1-0--------------1--- and 26'-1-1-0-0--------------1--- from group (6 6 16'0000001000000010).
  Merging pattern 26'-1-1-001--------------1--- and 26'-1-1-101--------------1--- from group (6 6 16'0000001000000010).
  Merging pattern 26'-1-1-101--------------1--- and 26'-1-1-001--------------1--- from group (6 6 16'0000001000000010).
  Removing unused input signal $auto$opt_reduce.cc:137:opt_pmux$6741.
Optimizing FSM `$fsm$\soc.spimemio.state$6761' from module `\icebreaker'.
Optimizing FSM `$fsm$\soc.cpu.mem_wordsize$6756' from module `\icebreaker'.

7.12.4. Executing OPT_CLEAN pass (remove unused cells and wires).
Finding unused cells or wires in module \icebreaker..
Removed 78 unused cells and 78 unused wires.
<suppressed ~79 debug messages>

7.12.5. Executing FSM_OPT pass (simple optimizations of FSMs).
Optimizing FSM `$fsm$\soc.cpu.mem_wordsize$6756' from module `\icebreaker'.
  Removing unused output signal $flatten\soc.\cpu.$0\mem_wordsize[1:0] [0].
  Removing unused output signal $flatten\soc.\cpu.$0\mem_wordsize[1:0] [1].
Optimizing FSM `$fsm$\soc.spimemio.state$6761' from module `\icebreaker'.
  Removing unused output signal $flatten\soc.\spimemio.$0\state[3:0] [0].
  Removing unused output signal $flatten\soc.\spimemio.$0\state[3:0] [1].
  Removing unused output signal $flatten\soc.\spimemio.$0\state[3:0] [2].
  Removing unused output signal $flatten\soc.\spimemio.$0\state[3:0] [3].
Optimizing FSM `$fsm$\soc.cpu.cpu_state$6776' from module `\icebreaker'.
  Removing unused output signal $flatten\soc.\cpu.$0\cpu_state[7:0] [0].
  Removing unused output signal $flatten\soc.\cpu.$0\cpu_state[7:0] [1].
  Removing unused output signal $flatten\soc.\cpu.$0\cpu_state[7:0] [2].
  Removing unused output signal $flatten\soc.\cpu.$0\cpu_state[7:0] [3].
  Removing unused output signal $flatten\soc.\cpu.$0\cpu_state[7:0] [4].
  Removing unused output signal $flatten\soc.\cpu.$0\cpu_state[7:0] [5].
  Removing unused output signal $flatten\soc.\cpu.$0\cpu_state[7:0] [6].
  Removing unused output signal $flatten\soc.\cpu.$0\cpu_state[7:0] [7].

7.12.6. Executing FSM_RECODE pass (re-assigning FSM state encoding).
Recoding FSM `$fsm$\soc.cpu.mem_wordsize$6756' from module `\icebreaker' using `auto' encoding:
  mapping auto encoding to `one-hot` for this FSM.
  00 -> --1
  10 -> -1-
  01 -> 1--
Recoding FSM `$fsm$\soc.spimemio.state$6761' from module `\icebreaker' using `auto' encoding:
  mapping auto encoding to `one-hot` for this FSM.
  0000 -> ------------1
  1000 -> -----------1-
  0100 -> ----------1--
  1100 -> ---------1---
  0010 -> --------1----
  1010 -> -------1-----
  0110 -> ------1------
  0001 -> -----1-------
  1001 -> ----1--------
  0101 -> ---1---------
  0011 -> --1----------
  1011 -> -1-----------
  0111 -> 1------------
Recoding FSM `$fsm$\soc.cpu.cpu_state$6776' from module `\icebreaker' using `auto' encoding:
  mapping auto encoding to `one-hot` for this FSM.
  10000000 -> ------1
  01000000 -> -----1-
  00100000 -> ----1--
  00001000 -> ---1---
  00000100 -> --1----
  00000010 -> -1-----
  00000001 -> 1------

7.12.7. Executing FSM_INFO pass (dumping all available information on FSM cells).

FSM `$fsm$\soc.cpu.mem_wordsize$6756' from module `icebreaker':
-------------------------------------

  Information on FSM $fsm$\soc.cpu.mem_wordsize$6756 (\soc.cpu.mem_wordsize):

  Number of input signals:   13
  Number of output signals:   3
  Number of state bits:       3

  Input signals:
    0: \resetn
    1: \soc.cpu.mem_do_rdata
    2: \soc.cpu.mem_do_wdata
    3: \soc.cpu.instr_lw
    4: \soc.cpu.instr_sb
    5: \soc.cpu.instr_sh
    6: \soc.cpu.instr_sw
    7: $flatten\soc.\cpu.$eq$../picorv32.v:1313$1458_Y
    8: $flatten\soc.\cpu.$logic_or$../picorv32.v:1857$1617_Y
    9: $flatten\soc.\cpu.$logic_or$../picorv32.v:1886$1625_Y
   10: $flatten\soc.\cpu.$logic_or$../picorv32.v:1887$1626_Y
   11: $flatten\soc.\cpu.$procmux$2239_CMP
   12: $flatten\soc.\cpu.$procmux$2240_CMP

  Output signals:
    0: $flatten\soc.\cpu.$eq$../picorv32.v:1923$1637_Y
    1: $flatten\soc.\cpu.$eq$../picorv32.v:1930$1644_Y
    2: $flatten\soc.\cpu.$procmux$4998_CMP

  State encoding:
    0:      3'--1
    1:      3'-1-
    2:      3'1--

  Transition Table (state_in, ctrl_in, state_out, ctrl_out):
      0:     0 13'------------0   ->     0 3'001
      1:     0 13'-1001----0-01   ->     0 3'001
      2:     0 13'-1--1----1-01   ->     0 3'001
      3:     0 13'-1--1------11   ->     0 3'001
      4:     0 13'1---1-000-0-1   ->     0 3'001
      5:     0 13'1---1-1---0-1   ->     0 3'001
      6:     0 13'1---1-----1-1   ->     0 3'001
      7:     0 13'00---0------1   ->     0 3'001
      8:     0 13'-----1------1   ->     0 3'001
      9:     0 13'-1--0-------1   ->     0 3'001
     10:     0 13'1---0-------1   ->     0 3'001
     11:     0 13'-1-11------01   ->     1 3'001
     12:     0 13'1---1---1-0-1   ->     1 3'001
     13:     0 13'-11-1------01   ->     2 3'001
     14:     0 13'1---1--1--0-1   ->     2 3'001
     15:     1 13'-1--1----1-01   ->     0 3'100
     16:     1 13'1---1-1---0-1   ->     0 3'100
     17:     1 13'-----1------1   ->     0 3'100
     18:     1 13'------------0   ->     1 3'100
     19:     1 13'-1001----0-01   ->     1 3'100
     20:     1 13'-1-11------01   ->     1 3'100
     21:     1 13'-1--1------11   ->     1 3'100
     22:     1 13'1---1-000-0-1   ->     1 3'100
     23:     1 13'1---1---1-0-1   ->     1 3'100
     24:     1 13'1---1-----1-1   ->     1 3'100
     25:     1 13'00---0------1   ->     1 3'100
     26:     1 13'-1--0-------1   ->     1 3'100
     27:     1 13'1---0-------1   ->     1 3'100
     28:     1 13'-11-1------01   ->     2 3'100
     29:     1 13'1---1--1--0-1   ->     2 3'100
     30:     2 13'-1--1----1-01   ->     0 3'010
     31:     2 13'1---1-1---0-1   ->     0 3'010
     32:     2 13'-----1------1   ->     0 3'010
     33:     2 13'-1-11------01   ->     1 3'010
     34:     2 13'1---1---1-0-1   ->     1 3'010
     35:     2 13'------------0   ->     2 3'010
     36:     2 13'-1001----0-01   ->     2 3'010
     37:     2 13'-11-1------01   ->     2 3'010
     38:     2 13'-1--1------11   ->     2 3'010
     39:     2 13'1---1-000-0-1   ->     2 3'010
     40:     2 13'1---1--1--0-1   ->     2 3'010
     41:     2 13'1---1-----1-1   ->     2 3'010
     42:     2 13'00---0------1   ->     2 3'010
     43:     2 13'-1--0-------1   ->     2 3'010
     44:     2 13'1---0-------1   ->     2 3'010

-------------------------------------

FSM `$fsm$\soc.spimemio.state$6761' from module `icebreaker':
-------------------------------------

  Information on FSM $fsm$\soc.spimemio.state$6761 (\soc.spimemio.state):

  Number of input signals:    8
  Number of output signals:  13
  Number of state bits:      13

  Input signals:
    0: \soc.spimemio.dout_valid
    1: \soc.spimemio.jump
    2: \soc.spimemio.config_cont
    3: $flatten\soc.\spimemio.$logic_or$spimemio.v:211$529_Y
    4: $flatten\soc.\spimemio.$logic_and$spimemio.v:282$542_Y
    5: $flatten\soc.\spimemio.$logic_or$spimemio.v:310$543_Y
    6: $flatten\soc.\spimemio.$logic_or$spimemio.v:350$547_Y
    7: \soc.spimemio.xfer.din_ready

  Output signals:
    0: $flatten\soc.\spimemio.$procmux$5717_CMP
    1: $flatten\soc.\spimemio.$procmux$5720_CMP
    2: $flatten\soc.\spimemio.$procmux$5731_CMP
    3: $flatten\soc.\spimemio.$procmux$5734_CMP
    4: $flatten\soc.\spimemio.$procmux$5737_CMP
    5: $flatten\soc.\spimemio.$procmux$5740_CMP
    6: $flatten\soc.\spimemio.$procmux$5743_CMP
    7: $flatten\soc.\spimemio.$procmux$5746_CMP
    8: $flatten\soc.\spimemio.$procmux$5749_CMP
    9: $flatten\soc.\spimemio.$procmux$5754_CMP
   10: $flatten\soc.\spimemio.$procmux$5757_CMP
   11: $flatten\soc.\spimemio.$procmux$5763_CMP
   12: $flatten\soc.\spimemio.$procmux$5769_CMP

  State encoding:
    0: 13'------------1  <RESET STATE>
    1: 13'-----------1-
    2: 13'----------1--
    3: 13'---------1---
    4: 13'--------1----
    5: 13'-------1-----
    6: 13'------1------
    7: 13'-----1-------
    8: 13'----1--------
    9: 13'---1---------
   10: 13'--1----------
   11: 13'-1-----------
   12: 13'1------------

  Transition Table (state_in, ctrl_in, state_out, ctrl_out):
      0:     0 8'0---0-0-   ->     0 13'1000000000000
      1:     0 8'----1---   ->     0 13'1000000000000
      2:     0 8'----001-   ->     2 13'1000000000000
      3:     0 8'1---0-0-   ->     7 13'1000000000000
      4:     0 8'----011-   ->     9 13'1000000000000
      5:     1 8'----1---   ->     0 13'0000001000000
      6:     1 8'0---0-0-   ->     1 13'0000001000000
      7:     1 8'----001-   ->     2 13'0000001000000
      8:     1 8'1---0-0-   ->     8 13'0000001000000
      9:     1 8'----011-   ->     9 13'0000001000000
     10:     2 8'----1---   ->     0 13'0010000000000
     11:     2 8'0---0-0-   ->     2 13'0010000000000
     12:     2 8'----001-   ->     2 13'0010000000000
     13:     2 8'1---0-0-   ->     9 13'0010000000000
     14:     2 8'----011-   ->     9 13'0010000000000
     15:     3 8'----1---   ->     0 13'0000000000100
     16:     3 8'----001-   ->     2 13'0000000000100
     17:     3 8'-0--0-0-   ->     3 13'0000000000100
     18:     3 8'01--0-0-   ->     3 13'0000000000100
     19:     3 8'11--0-0-   ->     8 13'0000000000100
     20:     3 8'----011-   ->     9 13'0000000000100
     21:     4 8'----1---   ->     0 13'0100000000000
     22:     4 8'----001-   ->     2 13'0100000000000
     23:     4 8'0---0-0-   ->     4 13'0100000000000
     24:     4 8'----011-   ->     9 13'0100000000000
     25:     4 8'1---0-0-   ->    10 13'0100000000000
     26:     5 8'----1---   ->     0 13'0000000010000
     27:     5 8'----001-   ->     2 13'0000000010000
     28:     5 8'0---0-0-   ->     5 13'0000000010000
     29:     5 8'----011-   ->     9 13'0000000010000
     30:     5 8'1---0-0-   ->    11 13'0000000010000
     31:     6 8'----1---   ->     0 13'0000100000000
     32:     6 8'----001-   ->     2 13'0000100000000
     33:     6 8'0---0-0-   ->     6 13'0000100000000
     34:     6 8'----011-   ->     9 13'0000100000000
     35:     6 8'1---0-0-   ->    12 13'0000100000000
     36:     7 8'----1---   ->     0 13'0000000000010
     37:     7 8'----001-   ->     2 13'0000000000010
     38:     7 8'----0-01   ->     4 13'0000000000010
     39:     7 8'----0-00   ->     7 13'0000000000010
     40:     7 8'----011-   ->     9 13'0000000000010
     41:     8 8'----1---   ->     0 13'0000000100000
     42:     8 8'----001-   ->     2 13'0000000100000
     43:     8 8'1---0-0-   ->     5 13'0000000100000
     44:     8 8'0---0-0-   ->     8 13'0000000100000
     45:     8 8'----011-   ->     9 13'0000000100000
     46:     9 8'----1---   ->     0 13'0001000000000
     47:     9 8'----001-   ->     2 13'0001000000000
     48:     9 8'1--10-0-   ->     6 13'0001000000000
     49:     9 8'---00-0-   ->     9 13'0001000000000
     50:     9 8'0--10-0-   ->     9 13'0001000000000
     51:     9 8'----011-   ->     9 13'0001000000000
     52:    10 8'----1---   ->     0 13'0000000000001
     53:    10 8'----0-01   ->     2 13'0000000000001
     54:    10 8'----001-   ->     2 13'0000000000001
     55:    10 8'----011-   ->     9 13'0000000000001
     56:    10 8'----0-00   ->    10 13'0000000000001
     57:    11 8'----1---   ->     0 13'0000000001000
     58:    11 8'----001-   ->     2 13'0000000001000
     59:    11 8'1---0-0-   ->     3 13'0000000001000
     60:    11 8'----011-   ->     9 13'0000000001000
     61:    11 8'0---0-0-   ->    11 13'0000000001000
     62:    12 8'----1---   ->     0 13'0000010000000
     63:    12 8'1-1-0-0-   ->     1 13'0000010000000
     64:    12 8'----001-   ->     2 13'0000010000000
     65:    12 8'1-0-0-0-   ->     8 13'0000010000000
     66:    12 8'----011-   ->     9 13'0000010000000
     67:    12 8'0---0-0-   ->    12 13'0000010000000

-------------------------------------

FSM `$fsm$\soc.cpu.cpu_state$6776' from module `icebreaker':
-------------------------------------

  Information on FSM $fsm$\soc.cpu.cpu_state$6776 (\soc.cpu.cpu_state):

  Number of input signals:   25
  Number of output signals:   8
  Number of state bits:       7

  Input signals:
    0: $auto$opt_reduce.cc:137:opt_pmux$6693
    1: $auto$opt_reduce.cc:137:opt_pmux$6685
    2: \resetn
    3: \soc.cpu.mem_done
    4: \soc.cpu.instr_jal
    5: \soc.cpu.instr_trap
    6: \soc.cpu.decoder_trigger
    7: \soc.cpu.is_slli_srli_srai
    8: \soc.cpu.is_sb_sh_sw
    9: \soc.cpu.is_sll_srl_sra
   10: \soc.cpu.is_beq_bne_blt_bge_bltu_bgeu
   11: $flatten\soc.\cpu.$logic_and$../picorv32.v:1538$1532_Y
   12: $flatten\soc.\cpu.$logic_and$../picorv32.v:1548$1540_Y
   13: $flatten\soc.\cpu.$logic_and$../picorv32.v:1605$1553_Y
   14: $flatten\soc.\cpu.$logic_and$../picorv32.v:1608$1557_Y
   15: $flatten\soc.\cpu.$logic_and$../picorv32.v:1696$1571_Y
   16: $flatten\soc.\cpu.$eq$../picorv32.v:1831$1599_Y
   17: $flatten\soc.\cpu.$logic_or$../picorv32.v:1857$1617_Y
   18: $flatten\soc.\cpu.$logic_and$../picorv32.v:1872$1621_Y
   19: $flatten\soc.\cpu.$logic_and$../picorv32.v:1922$1636_Y
   20: $flatten\soc.\cpu.$logic_and$../picorv32.v:1923$1639_Y
   21: $flatten\soc.\cpu.$logic_and$../picorv32.v:1925$1643_Y
   22: $flatten\soc.\cpu.$logic_and$../picorv32.v:1930$1646_Y
   23: $flatten\soc.\cpu.$logic_and$../picorv32.v:1938$1654_Y
   24: \soc.cpu.genblk1.pcpi_mul.active [1]

  Output signals:
    0: $flatten\soc.\cpu.$eq$../picorv32.v:1313$1458_Y
    1: $flatten\soc.\cpu.$procmux$2239_CMP
    2: $flatten\soc.\cpu.$procmux$2240_CMP
    3: $flatten\soc.\cpu.$procmux$2241_CMP
    4: $flatten\soc.\cpu.$procmux$2242_CMP
    5: $flatten\soc.\cpu.$procmux$2243_CMP
    6: $flatten\soc.\cpu.$procmux$2244_CMP
    7: $flatten\soc.\cpu.$procmux$2246_CMP

  State encoding:
    0:  7'------1
    1:  7'-----1-
    2:  7'----1--
    3:  7'---1---
    4:  7'--1----
    5:  7'-1-----
    6:  7'1------

  Transition Table (state_in, ctrl_in, state_out, ctrl_out):
      0:     0 25'-0---0----------------1--   ->     0 8'10000000
      1:     0 25'-00-01----------------1--   ->     0 8'10000000
      2:     0 25'-00111----------------1--   ->     0 8'10000000
      3:     0 25'-011-1----------------1--   ->     0 8'10000000
      4:     0 25'-1-1------------------1--   ->     0 8'10000000
      5:     0 25'-00011-------------------   ->     0 8'10000000
      6:     0 25'-010-1-------------------   ->     0 8'10000000
      7:     0 25'-1-0---------------------   ->     0 8'10000000
      8:     0 25'-0---0----------------0--   ->     1 8'10000000
      9:     0 25'-00-01----------------0--   ->     1 8'10000000
     10:     0 25'-00111----------------0--   ->     1 8'10000000
     11:     0 25'-011-1----------------0--   ->     1 8'10000000
     12:     0 25'-1-1------------------0--   ->     1 8'10000000
     13:     1 25'-00011-------------------   ->     0 8'00000001
     14:     1 25'-010-1-------------------   ->     0 8'00000001
     15:     1 25'-1-0---------------------   ->     0 8'00000001
     16:     1 25'-0---0----------------0--   ->     1 8'00000001
     17:     1 25'-00-01----------------0--   ->     1 8'00000001
     18:     1 25'-00111----------------0--   ->     1 8'00000001
     19:     1 25'-011-1----------------0--   ->     1 8'00000001
     20:     1 25'-1-1------------------0--   ->     1 8'00000001
     21:     1 25'-0---0------00----1-1-1--   ->     1 8'00000001
     22:     1 25'-00-01------00----1-1-1--   ->     1 8'00000001
     23:     1 25'-00111------00----1-1-1--   ->     1 8'00000001
     24:     1 25'-011-1------00----1-1-1--   ->     1 8'00000001
     25:     1 25'-1-1--------00----1-1-1--   ->     1 8'00000001
     26:     1 25'-0---0------00----0---1--   ->     1 8'00000001
     27:     1 25'-00-01------00----0---1--   ->     1 8'00000001
     28:     1 25'-00111------00----0---1--   ->     1 8'00000001
     29:     1 25'-011-1------00----0---1--   ->     1 8'00000001
     30:     1 25'-1-1--------00----0---1--   ->     1 8'00000001
     31:     1 25'-0---0------10--------1--   ->     1 8'00000001
     32:     1 25'-00-01------10--------1--   ->     1 8'00000001
     33:     1 25'-00111------10--------1--   ->     1 8'00000001
     34:     1 25'-011-1------10--------1--   ->     1 8'00000001
     35:     1 25'-1-1--------10--------1--   ->     1 8'00000001
     36:     1 25'-0---0-------1--------1--   ->     1 8'00000001
     37:     1 25'-00-01-------1--------1--   ->     1 8'00000001
     38:     1 25'-00111-------1--------1--   ->     1 8'00000001
     39:     1 25'-011-1-------1--------1--   ->     1 8'00000001
     40:     1 25'-1-1---------1--------1--   ->     1 8'00000001
     41:     1 25'-0---0------00----1-0-1--   ->     2 8'00000001
     42:     1 25'-00-01------00----1-0-1--   ->     2 8'00000001
     43:     1 25'-00111------00----1-0-1--   ->     2 8'00000001
     44:     1 25'-011-1------00----1-0-1--   ->     2 8'00000001
     45:     1 25'-1-1--------00----1-0-1--   ->     2 8'00000001
     46:     2 25'00---0----01-------1--1--   ->     0 8'01000000
     47:     2 25'000-01----01-------1--1--   ->     0 8'01000000
     48:     2 25'000111----01-------1--1--   ->     0 8'01000000
     49:     2 25'0011-1----01-------1--1--   ->     0 8'01000000
     50:     2 25'01-1------01-------1--1--   ->     0 8'01000000
     51:     2 25'-00011-------------------   ->     0 8'01000000
     52:     2 25'-010-1-------------------   ->     0 8'01000000
     53:     2 25'-1-0---------------------   ->     0 8'01000000
     54:     2 25'-0---0----------------1-1   ->     1 8'01000000
     55:     2 25'-00-01----------------1-1   ->     1 8'01000000
     56:     2 25'-00111----------------1-1   ->     1 8'01000000
     57:     2 25'-011-1----------------1-1   ->     1 8'01000000
     58:     2 25'-1-1------------------1-1   ->     1 8'01000000
     59:     2 25'-0---0----------------0--   ->     1 8'01000000
     60:     2 25'-00-01----------------0--   ->     1 8'01000000
     61:     2 25'-00111----------------0--   ->     1 8'01000000
     62:     2 25'-011-1----------------0--   ->     1 8'01000000
     63:     2 25'-1-1------------------0--   ->     1 8'01000000
     64:     2 25'00---0----11-------1--1--   ->     1 8'01000000
     65:     2 25'000-01----11-------1--1--   ->     1 8'01000000
     66:     2 25'000111----11-------1--1--   ->     1 8'01000000
     67:     2 25'0011-1----11-------1--1--   ->     1 8'01000000
     68:     2 25'01-1------11-------1--1--   ->     1 8'01000000
     69:     2 25'10---0-------------1--1--   ->     1 8'01000000
     70:     2 25'100-01-------------1--1--   ->     1 8'01000000
     71:     2 25'100111-------------1--1--   ->     1 8'01000000
     72:     2 25'1011-1-------------1--1--   ->     1 8'01000000
     73:     2 25'11-1---------------1--1--   ->     1 8'01000000
     74:     2 25'00---0-----0-------1--1--   ->     2 8'01000000
     75:     2 25'000-01-----0-------1--1--   ->     2 8'01000000
     76:     2 25'000111-----0-------1--1--   ->     2 8'01000000
     77:     2 25'0011-1-----0-------1--1--   ->     2 8'01000000
     78:     2 25'01-1-------0-------1--1--   ->     2 8'01000000
     79:     2 25'-0---0---0-----000-0--100   ->     3 8'01000000
     80:     2 25'-00-01---0-----000-0--100   ->     3 8'01000000
     81:     2 25'-00111---0-----000-0--100   ->     3 8'01000000
     82:     2 25'-011-1---0-----000-0--100   ->     3 8'01000000
     83:     2 25'-1-1-----0-----000-0--100   ->     3 8'01000000
     84:     2 25'-0---0----------------11-   ->     3 8'01000000
     85:     2 25'-00-01----------------11-   ->     3 8'01000000
     86:     2 25'-00111----------------11-   ->     3 8'01000000
     87:     2 25'-011-1----------------11-   ->     3 8'01000000
     88:     2 25'-1-1------------------11-   ->     3 8'01000000
     89:     2 25'-0---0---0-----1-0----100   ->     4 8'01000000
     90:     2 25'-00-01---0-----1-0----100   ->     4 8'01000000
     91:     2 25'-00111---0-----1-0----100   ->     4 8'01000000
     92:     2 25'-011-1---0-----1-0----100   ->     4 8'01000000
     93:     2 25'-1-1-----0-----1-0----100   ->     4 8'01000000
     94:     2 25'-0---0-----------1----1--   ->     4 8'01000000
     95:     2 25'-00-01-----------1----1--   ->     4 8'01000000
     96:     2 25'-00111-----------1----1--   ->     4 8'01000000
     97:     2 25'-011-1-----------1----1--   ->     4 8'01000000
     98:     2 25'-1-1-------------1----1--   ->     4 8'01000000
     99:     2 25'-0---0---0------10----100   ->     5 8'01000000
    100:     2 25'-00-01---0------10----100   ->     5 8'01000000
    101:     2 25'-00111---0------10----100   ->     5 8'01000000
    102:     2 25'-011-1---0------10----100   ->     5 8'01000000
    103:     2 25'-1-1-----0------10----100   ->     5 8'01000000
    104:     2 25'-0---0---1------------1--   ->     6 8'01000000
    105:     2 25'-00-01---1------------1--   ->     6 8'01000000
    106:     2 25'-00111---1------------1--   ->     6 8'01000000
    107:     2 25'-011-1---1------------1--   ->     6 8'01000000
    108:     2 25'-1-1-----1------------1--   ->     6 8'01000000
    109:     3 25'-00011-------------------   ->     0 8'00010000
    110:     3 25'-010-1-------------------   ->     0 8'00010000
    111:     3 25'-1-0---------------------   ->     0 8'00010000
    112:     3 25'-0---0----------------0--   ->     1 8'00010000
    113:     3 25'-00-01----------------0--   ->     1 8'00010000
    114:     3 25'-00111----------------0--   ->     1 8'00010000
    115:     3 25'-011-1----------------0--   ->     1 8'00010000
    116:     3 25'-1-1------------------0--   ->     1 8'00010000
    117:     3 25'-0---0--------1------11--   ->     1 8'00010000
    118:     3 25'-00-01--------1------11--   ->     1 8'00010000
    119:     3 25'-00111--------1------11--   ->     1 8'00010000
    120:     3 25'-011-1--------1------11--   ->     1 8'00010000
    121:     3 25'-1-1----------1------11--   ->     1 8'00010000
    122:     3 25'-0---0--------0-------1--   ->     1 8'00010000
    123:     3 25'-00-01--------0-------1--   ->     1 8'00010000
    124:     3 25'-00111--------0-------1--   ->     1 8'00010000
    125:     3 25'-011-1--------0-------1--   ->     1 8'00010000
    126:     3 25'-1-1----------0-------1--   ->     1 8'00010000
    127:     3 25'-0---0--------1------01--   ->     3 8'00010000
    128:     3 25'-00-01--------1------01--   ->     3 8'00010000
    129:     3 25'-00111--------1------01--   ->     3 8'00010000
    130:     3 25'-011-1--------1------01--   ->     3 8'00010000
    131:     3 25'-1-1----------1------01--   ->     3 8'00010000
    132:     4 25'-00011-------------------   ->     0 8'00001000
    133:     4 25'-010-1-------------------   ->     0 8'00001000
    134:     4 25'-1-0---------------------   ->     0 8'00001000
    135:     4 25'-0---0----------------0--   ->     1 8'00001000
    136:     4 25'-00-01----------------0--   ->     1 8'00001000
    137:     4 25'-00111----------------0--   ->     1 8'00001000
    138:     4 25'-011-1----------------0--   ->     1 8'00001000
    139:     4 25'-1-1------------------0--   ->     1 8'00001000
    140:     4 25'-0---0--1-------------1--   ->     1 8'00001000
    141:     4 25'-00-01--1-------------1--   ->     1 8'00001000
    142:     4 25'-00111--1-------------1--   ->     1 8'00001000
    143:     4 25'-011-1--1-------------1--   ->     1 8'00001000
    144:     4 25'-1-1----1-------------1--   ->     1 8'00001000
    145:     4 25'-0---0--0-------------1--   ->     4 8'00001000
    146:     4 25'-00-01--0-------------1--   ->     4 8'00001000
    147:     4 25'-00111--0-------------1--   ->     4 8'00001000
    148:     4 25'-011-1--0-------------1--   ->     4 8'00001000
    149:     4 25'-1-1----0-------------1--   ->     4 8'00001000
    150:     5 25'-00011-------------------   ->     0 8'00000100
    151:     5 25'-010-1-------------------   ->     0 8'00000100
    152:     5 25'-1-0---------------------   ->     0 8'00000100
    153:     5 25'-0---0----------------0--   ->     1 8'00000100
    154:     5 25'-00-01----------------0--   ->     1 8'00000100
    155:     5 25'-00111----------------0--   ->     1 8'00000100
    156:     5 25'-011-1----------------0--   ->     1 8'00000100
    157:     5 25'-1-1------------------0--   ->     1 8'00000100
    158:     5 25'-0---011--------------1--   ->     1 8'00000100
    159:     5 25'-00-0111--------------1--   ->     1 8'00000100
    160:     5 25'-0011111--------------1--   ->     1 8'00000100
    161:     5 25'-011-111--------------1--   ->     1 8'00000100
    162:     5 25'-1-1--11--------------1--   ->     1 8'00000100
    163:     5 25'-0---0-0--------------1--   ->     5 8'00000100
    164:     5 25'-00-01-0--------------1--   ->     5 8'00000100
    165:     5 25'-00111-0--------------1--   ->     5 8'00000100
    166:     5 25'-011-1-0--------------1--   ->     5 8'00000100
    167:     5 25'-1-1---0--------------1--   ->     5 8'00000100
    168:     5 25'-0---001--------------1--   ->     5 8'00000100
    169:     5 25'-00-0101--------------1--   ->     5 8'00000100
    170:     5 25'-0011101--------------1--   ->     5 8'00000100
    171:     5 25'-011-101--------------1--   ->     5 8'00000100
    172:     5 25'-1-1--01--------------1--   ->     5 8'00000100
    173:     6 25'-00011-------------------   ->     0 8'00000010
    174:     6 25'-010-1-------------------   ->     0 8'00000010
    175:     6 25'-1-0---------------------   ->     0 8'00000010
    176:     6 25'-0---0----------------0--   ->     1 8'00000010
    177:     6 25'-00-01----------------0--   ->     1 8'00000010
    178:     6 25'-00111----------------0--   ->     1 8'00000010
    179:     6 25'-011-1----------------0--   ->     1 8'00000010
    180:     6 25'-1-1------------------0--   ->     1 8'00000010
    181:     6 25'-0---011--------------1--   ->     1 8'00000010
    182:     6 25'-00-0111--------------1--   ->     1 8'00000010
    183:     6 25'-0011111--------------1--   ->     1 8'00000010
    184:     6 25'-011-111--------------1--   ->     1 8'00000010
    185:     6 25'-1-1--11--------------1--   ->     1 8'00000010
    186:     6 25'-0---0-0--------------1--   ->     6 8'00000010
    187:     6 25'-00-01-0--------------1--   ->     6 8'00000010
    188:     6 25'-00111-0--------------1--   ->     6 8'00000010
    189:     6 25'-011-1-0--------------1--   ->     6 8'00000010
    190:     6 25'-1-1---0--------------1--   ->     6 8'00000010
    191:     6 25'-0---001--------------1--   ->     6 8'00000010
    192:     6 25'-00-0101--------------1--   ->     6 8'00000010
    193:     6 25'-0011101--------------1--   ->     6 8'00000010
    194:     6 25'-011-101--------------1--   ->     6 8'00000010
    195:     6 25'-1-1--01--------------1--   ->     6 8'00000010

-------------------------------------

7.12.8. Executing FSM_MAP pass (mapping FSMs to basic logic).
Mapping FSM `$fsm$\soc.cpu.mem_wordsize$6756' from module `\icebreaker'.
Mapping FSM `$fsm$\soc.spimemio.state$6761' from module `\icebreaker'.
Mapping FSM `$fsm$\soc.cpu.cpu_state$6776' from module `\icebreaker'.

7.13. Executing OPT pass (performing simple optimizations).

7.13.1. Executing OPT_EXPR pass (perform const folding).
Optimizing module icebreaker.
<suppressed ~19 debug messages>

7.13.2. Executing OPT_MERGE pass (detect identical cells).
Finding identical cells in module `\icebreaker'.
Computing hashes of 1808 cells of `\icebreaker'.
Finding duplicate cells in `\icebreaker'.
Computing hashes of 1760 cells of `\icebreaker'.
Finding duplicate cells in `\icebreaker'.
<suppressed ~144 debug messages>
Removed a total of 48 cells.

7.13.3. Executing OPT_MUXTREE pass (detect dead branches in mux trees).
Running muxtree optimizer on module \icebreaker..
  Creating internal representation of mux trees.
  Evaluating internal representation of mux trees.
  Analyzing evaluation results.
    dead port 2/4 on $pmux $flatten\soc.\cpu.$procmux$2958.
    dead port 1/2 on $mux $flatten\soc.\cpu.$procmux$3162.
    dead port 2/2 on $mux $flatten\soc.\cpu.$procmux$3162.
    dead port 3/6 on $pmux $flatten\soc.\cpu.$procmux$3146.
    dead port 2/5 on $pmux $flatten\soc.\cpu.$procmux$3430.
    dead port 1/3 on $pmux $flatten\soc.\cpu.$procmux$3639.
    dead port 1/4 on $pmux $flatten\soc.\cpu.$procmux$3440.
    dead port 2/4 on $pmux $flatten\soc.\cpu.$procmux$3440.
    dead port 3/4 on $pmux $flatten\soc.\cpu.$procmux$3440.
    dead port 4/4 on $pmux $flatten\soc.\cpu.$procmux$3440.
    dead port 1/2 on $mux $flatten\soc.\cpu.$procmux$2911.
    dead port 2/2 on $mux $flatten\soc.\cpu.$procmux$2911.
    dead port 4/7 on $pmux $flatten\soc.\cpu.$procmux$2898.
Removed 13 multiplexer ports.
<suppressed ~1298 debug messages>

7.13.4. Executing OPT_REDUCE pass (consolidate $*mux and $reduce_* inputs).
  Optimizing cells in module \icebreaker.
    New input vector for $reduce_or cell $auto$opt_reduce.cc:131:opt_pmux$6736: { \soc.cpu.cpu_state [6:2] \soc.cpu.cpu_state [0] }
    New input vector for $reduce_or cell $auto$opt_reduce.cc:131:opt_pmux$6688: { \soc.cpu.cpu_state [6:4] \soc.cpu.cpu_state [2:0] }
    New input vector for $reduce_or cell $auto$opt_reduce.cc:131:opt_pmux$6694: \soc.cpu.cpu_state [5:0]
    New input vector for $reduce_or cell $auto$opt_reduce.cc:131:opt_pmux$6698: { \soc.cpu.cpu_state [6] \soc.cpu.cpu_state [4:0] }
  Optimizing cells in module \icebreaker.
Performed a total of 4 changes.

7.13.5. Executing OPT_MERGE pass (detect identical cells).
Finding identical cells in module `\icebreaker'.
Computing hashes of 1757 cells of `\icebreaker'.
Finding duplicate cells in `\icebreaker'.
Removed a total of 0 cells.

7.13.6. Executing OPT_DFF pass (perform DFF optimizations).
Adding EN signal on $procdff$6536 ($dff) from module icebreaker (D = $procmux$6167_Y, Q = \iomem_ready).
Adding EN signal on $procdff$6537 ($dff) from module icebreaker (D = \gpio, Q = \iomem_rdata).
Adding SRST signal on $procdff$6538 ($dff) from module icebreaker (D = { $procmux$6136_Y $procmux$6143_Y $procmux$6150_Y $procmux$6157_Y }, Q = \gpio, rval = 0).
Adding EN signal on $auto$ff.cc:337:slice$7623 ($sdff) from module icebreaker (D = \soc.cpu.mem_wdata [7:0], Q = \gpio [7:0]).
Adding EN signal on $auto$ff.cc:337:slice$7623 ($sdff) from module icebreaker (D = \soc.cpu.mem_wdata [15:8], Q = \gpio [15:8]).
Adding EN signal on $auto$ff.cc:337:slice$7623 ($sdff) from module icebreaker (D = \soc.cpu.mem_wdata [23:16], Q = \gpio [23:16]).
Adding EN signal on $auto$ff.cc:337:slice$7623 ($sdff) from module icebreaker (D = \soc.cpu.mem_wdata [31:24], Q = \gpio [31:24]).
Adding EN signal on $flatten\seven_segment_ctrl.$procdff$6531 ($dff) from module icebreaker (D = { $flatten\seven_segment_ctrl.$procmux$6125_Y $flatten\seven_segment_ctrl.$procmux$6130_Y }, Q = \seven_segment_ctrl.dout).
Adding SRST signal on $flatten\soc.\simpleuart.$procdff$6521 ($dff) from module icebreaker (D = $flatten\soc.\simpleuart.$procmux$6039_Y [8:0], Q = \soc.simpleuart.send_pattern [8:0], rval = 9'111111111).
Adding SRST signal on $flatten\soc.\simpleuart.$procdff$6521 ($dff) from module icebreaker (D = $flatten\soc.\simpleuart.$procmux$6036_Y [9], Q = \soc.simpleuart.send_pattern [9], rval = 1'1).
Adding EN signal on $auto$ff.cc:337:slice$7642 ($sdff) from module icebreaker (D = 1'1, Q = \soc.simpleuart.send_pattern [9]).
Adding EN signal on $auto$ff.cc:337:slice$7637 ($sdff) from module icebreaker (D = $flatten\soc.\simpleuart.$procmux$6039_Y [8:0], Q = \soc.simpleuart.send_pattern [8:0]).
Adding SRST signal on $flatten\soc.\simpleuart.$procdff$6522 ($dff) from module icebreaker (D = $flatten\soc.\simpleuart.$procmux$6031_Y, Q = \soc.simpleuart.send_bitcnt, rval = 4'0000).
Adding EN signal on $auto$ff.cc:337:slice$7651 ($sdff) from module icebreaker (D = $flatten\soc.\simpleuart.$procmux$6031_Y, Q = \soc.simpleuart.send_bitcnt).
Adding SRST signal on $flatten\soc.\simpleuart.$procdff$6523 ($dff) from module icebreaker (D = $flatten\soc.\simpleuart.$add$simpleuart.v:112$487_Y, Q = \soc.simpleuart.send_divcnt, rval = 0).
Adding SRST signal on $flatten\soc.\simpleuart.$procdff$6524 ($dff) from module icebreaker (D = $flatten\soc.\simpleuart.$procmux$6020_Y, Q = \soc.simpleuart.send_dummy, rval = 1'1).
Adding EN signal on $auto$ff.cc:337:slice$7660 ($sdff) from module icebreaker (D = $flatten\soc.\simpleuart.$procmux$6020_Y, Q = \soc.simpleuart.send_dummy).
Adding SRST signal on $flatten\soc.\simpleuart.$procdff$6525 ($dff) from module icebreaker (D = $flatten\soc.\simpleuart.$procmux$6092_Y, Q = \soc.simpleuart.recv_state, rval = 4'0000).
Adding EN signal on $auto$ff.cc:337:slice$7664 ($sdff) from module icebreaker (D = $flatten\soc.\simpleuart.$procmux$6092_Y, Q = \soc.simpleuart.recv_state).
Adding SRST signal on $flatten\soc.\simpleuart.$procdff$6526 ($dff) from module icebreaker (D = $flatten\soc.\simpleuart.$procmux$6050_Y, Q = \soc.simpleuart.recv_divcnt, rval = 0).
Adding SRST signal on $flatten\soc.\simpleuart.$procdff$6527 ($dff) from module icebreaker (D = $flatten\soc.\simpleuart.$procmux$6080_Y, Q = \soc.simpleuart.recv_pattern, rval = 8'00000000).
Adding EN signal on $auto$ff.cc:337:slice$7677 ($sdff) from module icebreaker (D = { \ser_rx \soc.simpleuart.recv_pattern [7:1] }, Q = \soc.simpleuart.recv_pattern).
Adding SRST signal on $flatten\soc.\simpleuart.$procdff$6528 ($dff) from module icebreaker (D = $flatten\soc.\simpleuart.$procmux$6072_Y, Q = \soc.simpleuart.recv_buf_data, rval = 8'00000000).
Adding EN signal on $auto$ff.cc:337:slice$7683 ($sdff) from module icebreaker (D = \soc.simpleuart.recv_pattern, Q = \soc.simpleuart.recv_buf_data).
Adding SRST signal on $flatten\soc.\simpleuart.$procdff$6529 ($dff) from module icebreaker (D = $flatten\soc.\simpleuart.$procmux$6064_Y, Q = \soc.simpleuart.recv_buf_valid, rval = 1'0).
Adding SRST signal on $flatten\soc.\simpleuart.$procdff$6530 ($dff) from module icebreaker (D = { $flatten\soc.\simpleuart.$procmux$6103_Y $flatten\soc.\simpleuart.$procmux$6108_Y $flatten\soc.\simpleuart.$procmux$6113_Y $flatten\soc.\simpleuart.$procmux$6118_Y }, Q = \soc.simpleuart.cfg_divider, rval = 1).
Adding EN signal on $auto$ff.cc:337:slice$7688 ($sdff) from module icebreaker (D = \soc.cpu.mem_wdata [7:0], Q = \soc.simpleuart.cfg_divider [7:0]).
Adding EN signal on $auto$ff.cc:337:slice$7688 ($sdff) from module icebreaker (D = \soc.cpu.mem_wdata [15:8], Q = \soc.simpleuart.cfg_divider [15:8]).
Adding EN signal on $auto$ff.cc:337:slice$7688 ($sdff) from module icebreaker (D = \soc.cpu.mem_wdata [23:16], Q = \soc.simpleuart.cfg_divider [23:16]).
Adding EN signal on $auto$ff.cc:337:slice$7688 ($sdff) from module icebreaker (D = \soc.cpu.mem_wdata [31:24], Q = \soc.simpleuart.cfg_divider [31:24]).
Adding SRST signal on $flatten\soc.\cpu.$procdff$6289 ($dff) from module icebreaker (D = $flatten\soc.\cpu.$procmux$4272_Y, Q = \soc.cpu.instr_srl, rval = 1'0).
Adding EN signal on $auto$ff.cc:337:slice$7693 ($sdff) from module icebreaker (D = $flatten\soc.\cpu.$logic_and$../picorv32.v:1074$1313_Y, Q = \soc.cpu.instr_srl).
Adding SRST signal on $flatten\soc.\cpu.$procdff$6290 ($dff) from module icebreaker (D = $flatten\soc.\cpu.$procmux$4268_Y, Q = \soc.cpu.instr_sra, rval = 1'0).
Adding EN signal on $auto$ff.cc:337:slice$7695 ($sdff) from module icebreaker (D = $flatten\soc.\cpu.$logic_and$../picorv32.v:1075$1317_Y, Q = \soc.cpu.instr_sra).
Adding EN signal on $flatten\soc.\cpu.$procdff$6272 ($dff) from module icebreaker (D = $flatten\soc.\cpu.$logic_and$../picorv32.v:1054$1259_Y, Q = \soc.cpu.instr_sh).
Adding SRST signal on $flatten\soc.\cpu.$procdff$6211 ($dff) from module icebreaker (D = $flatten\soc.\cpu.$procmux$2898_Y, Q = \soc.cpu.reg_out, rval = 131072).
Adding SRST signal on $flatten\soc.\cpu.$procdff$6291 ($dff) from module icebreaker (D = $flatten\soc.\cpu.$procmux$4264_Y, Q = \soc.cpu.instr_or, rval = 1'0).
Adding EN signal on $auto$ff.cc:337:slice$7699 ($sdff) from module icebreaker (D = $flatten\soc.\cpu.$logic_and$../picorv32.v:1076$1321_Y, Q = \soc.cpu.instr_or).
Adding SRST signal on $flatten\soc.\cpu.$procdff$6292 ($dff) from module icebreaker (D = $flatten\soc.\cpu.$procmux$4260_Y, Q = \soc.cpu.instr_and, rval = 1'0).
Adding EN signal on $auto$ff.cc:337:slice$7701 ($sdff) from module icebreaker (D = $flatten\soc.\cpu.$logic_and$../picorv32.v:1077$1325_Y, Q = \soc.cpu.instr_and).
Adding EN signal on $flatten\soc.\cpu.$procdff$6210 ($dff) from module icebreaker (D = $flatten\soc.\cpu.$procmux$3642_Y, Q = \soc.cpu.reg_op2).
Adding SRST signal on $flatten\soc.\cpu.$procdff$6249 ($dff) from module icebreaker (D = $flatten\soc.\cpu.$procmux$2750_Y, Q = \soc.cpu.do_waitirq, rval = 1'0).
Adding EN signal on $flatten\soc.\cpu.$procdff$6293 ($dff) from module icebreaker (D = $flatten\soc.\cpu.$logic_and$../picorv32.v:1079$1333_Y, Q = \soc.cpu.instr_rdcycle).
Adding EN signal on $flatten\soc.\cpu.$procdff$6294 ($dff) from module icebreaker (D = $flatten\soc.\cpu.$logic_and$../picorv32.v:1081$1341_Y, Q = \soc.cpu.instr_rdcycleh).
Adding EN signal on $flatten\soc.\spimemio.$procdff$6492 ($dff) from module icebreaker (D = { \soc.spimemio.xfer.ibuffer \soc.spimemio.buffer }, Q = \soc.spimemio.rdata).
Adding SRST signal on $flatten\soc.\spimemio.$procdff$6493 ($dff) from module icebreaker (D = $flatten\soc.\spimemio.$procmux$5716_Y, Q = \soc.spimemio.xfer_resetn, rval = 1'0).
Adding SRST signal on $flatten\soc.\spimemio.$procdff$6494 ($dff) from module icebreaker (D = $flatten\soc.\spimemio.$procmux$5818_Y, Q = \soc.spimemio.din_valid, rval = 1'0).
Adding EN signal on $flatten\soc.\spimemio.$procdff$6495 ($dff) from module icebreaker (D = $flatten\soc.\spimemio.$procmux$5930_Y, Q = \soc.spimemio.din_data).
Adding SRST signal on $flatten\soc.\spimemio.$procdff$6496 ($dff) from module icebreaker (D = $flatten\soc.\spimemio.$procmux$5911_Y, Q = \soc.spimemio.din_tag, rval = 4'0000).
Adding EN signal on $auto$ff.cc:337:slice$7735 ($sdff) from module icebreaker (D = $flatten\soc.\spimemio.$procmux$5911_Y, Q = \soc.spimemio.din_tag).
Adding SRST signal on $flatten\soc.\spimemio.$procdff$6498 ($dff) from module icebreaker (D = $flatten\soc.\spimemio.$procmux$5901_Y, Q = \soc.spimemio.din_qspi, rval = 1'0).
Adding SRST signal on $flatten\soc.\spimemio.$procdff$6499 ($dff) from module icebreaker (D = $flatten\soc.\spimemio.$procmux$5882_Y, Q = \soc.spimemio.din_ddr, rval = 1'0).
Adding SRST signal on $flatten\soc.\spimemio.$procdff$6500 ($dff) from module icebreaker (D = $flatten\soc.\spimemio.$procmux$5861_Y, Q = \soc.spimemio.din_rd, rval = 1'0).
Adding EN signal on $auto$ff.cc:337:slice$7747 ($sdff) from module icebreaker (D = 1'1, Q = \soc.spimemio.din_rd).
Adding EN signal on $flatten\soc.\spimemio.$procdff$6501 ($dff) from module icebreaker (D = \soc.spimemio.xfer.ibuffer, Q = \soc.spimemio.buffer [7:0]).
Adding EN signal on $flatten\soc.\spimemio.$procdff$6501 ($dff) from module icebreaker (D = \soc.spimemio.xfer.ibuffer, Q = \soc.spimemio.buffer [15:8]).
Adding EN signal on $flatten\soc.\spimemio.$procdff$6501 ($dff) from module icebreaker (D = \soc.spimemio.xfer.ibuffer, Q = \soc.spimemio.buffer [23:16]).
Adding EN signal on $flatten\soc.\spimemio.$procdff$6502 ($dff) from module icebreaker (D = $flatten\soc.\spimemio.$ternary$spimemio.v:226$540_Y [23:0], Q = \soc.spimemio.rd_addr).
Adding SRST signal on $flatten\soc.\spimemio.$procdff$6503 ($dff) from module icebreaker (D = $flatten\soc.\spimemio.$procmux$5802_Y, Q = \soc.spimemio.rd_valid, rval = 1'0).
Adding EN signal on $auto$ff.cc:337:slice$7773 ($sdff) from module icebreaker (D = 1'1, Q = \soc.spimemio.rd_valid).
Adding EN signal on $flatten\soc.\spimemio.$procdff$6504 ($dff) from module icebreaker (D = $flatten\soc.\spimemio.$procmux$5797_Y, Q = \soc.spimemio.rd_wait).
Adding SRST signal on $auto$ff.cc:337:slice$7777 ($dffe) from module icebreaker (D = $flatten\soc.\spimemio.$procmux$5795_Y, Q = \soc.spimemio.rd_wait, rval = 1'0).
Adding EN signal on $flatten\soc.\spimemio.$procdff$6505 ($dff) from module icebreaker (D = $flatten\soc.\spimemio.$procmux$5790_Y, Q = \soc.spimemio.rd_inc).
Adding SRST signal on $auto$ff.cc:337:slice$7785 ($dffe) from module icebreaker (D = $flatten\soc.\spimemio.$procmux$5778_Y, Q = \soc.spimemio.rd_inc, rval = 1'0).
Adding EN signal on $flatten\soc.\cpu.$procdff$6295 ($dff) from module icebreaker (D = $flatten\soc.\cpu.$logic_and$../picorv32.v:1083$1345_Y, Q = \soc.cpu.instr_rdinstr).
Adding SRST signal on $flatten\soc.\spimemio.$procdff$6511 ($dff) from module icebreaker (D = $flatten\soc.\spimemio.$logic_or$spimemio.v:100$507_Y, Q = \soc.spimemio.softreset, rval = 1'1).
Adding SRST signal on $flatten\soc.\spimemio.$procdff$6512 ($dff) from module icebreaker (D = $flatten\soc.\spimemio.$procmux$6001_Y, Q = \soc.spimemio.config_en, rval = 1'1).
Adding EN signal on $auto$ff.cc:337:slice$7797 ($sdff) from module icebreaker (D = \soc.cpu.mem_wdata [31], Q = \soc.spimemio.config_en).
Adding SRST signal on $flatten\soc.\spimemio.$procdff$6513 ($dff) from module icebreaker (D = $flatten\soc.\spimemio.$procmux$5996_Y, Q = \soc.spimemio.config_ddr, rval = 1'0).
Adding EN signal on $auto$ff.cc:337:slice$7799 ($sdff) from module icebreaker (D = \soc.cpu.mem_wdata [22], Q = \soc.spimemio.config_ddr).
Adding SRST signal on $flatten\soc.\spimemio.$procdff$6514 ($dff) from module icebreaker (D = $flatten\soc.\spimemio.$procmux$5991_Y, Q = \soc.spimemio.config_qspi, rval = 1'0).
Adding EN signal on $auto$ff.cc:337:slice$7801 ($sdff) from module icebreaker (D = \soc.cpu.mem_wdata [21], Q = \soc.spimemio.config_qspi).
Adding SRST signal on $flatten\soc.\spimemio.$procdff$6515 ($dff) from module icebreaker (D = $flatten\soc.\spimemio.$procmux$5986_Y, Q = \soc.spimemio.config_cont, rval = 1'0).
Adding EN signal on $auto$ff.cc:337:slice$7803 ($sdff) from module icebreaker (D = \soc.cpu.mem_wdata [20], Q = \soc.spimemio.config_cont).
Adding SRST signal on $flatten\soc.\spimemio.$procdff$6516 ($dff) from module icebreaker (D = $flatten\soc.\spimemio.$procmux$5981_Y, Q = \soc.spimemio.config_dummy, rval = 4'1000).
Adding EN signal on $auto$ff.cc:337:slice$7805 ($sdff) from module icebreaker (D = \soc.cpu.mem_wdata [19:16], Q = \soc.spimemio.config_dummy).
Adding SRST signal on $flatten\soc.\spimemio.$procdff$6517 ($dff) from module icebreaker (D = $flatten\soc.\spimemio.$procmux$5976_Y, Q = \soc.spimemio.config_oe, rval = 4'0000).
Adding EN signal on $auto$ff.cc:337:slice$7807 ($sdff) from module icebreaker (D = \soc.cpu.mem_wdata [11:8], Q = \soc.spimemio.config_oe).
Adding SRST signal on $flatten\soc.\spimemio.$procdff$6518 ($dff) from module icebreaker (D = $flatten\soc.\spimemio.$procmux$5971_Y, Q = \soc.spimemio.config_csb, rval = 1'0).
Adding EN signal on $auto$ff.cc:337:slice$7809 ($sdff) from module icebreaker (D = \soc.cpu.mem_wdata [5], Q = \soc.spimemio.config_csb).
Adding SRST signal on $flatten\soc.\spimemio.$procdff$6519 ($dff) from module icebreaker (D = $flatten\soc.\spimemio.$procmux$5966_Y, Q = \soc.spimemio.config_clk, rval = 1'0).
Adding EN signal on $auto$ff.cc:337:slice$7811 ($sdff) from module icebreaker (D = \soc.cpu.mem_wdata [4], Q = \soc.spimemio.config_clk).
Adding SRST signal on $flatten\soc.\spimemio.$procdff$6520 ($dff) from module icebreaker (D = $flatten\soc.\spimemio.$procmux$5961_Y, Q = \soc.spimemio.config_do, rval = 4'0000).
Adding EN signal on $auto$ff.cc:337:slice$7813 ($sdff) from module icebreaker (D = \soc.cpu.mem_wdata [3:0], Q = \soc.spimemio.config_do).
Adding SRST signal on $flatten\soc.\spimemio.\xfer.$procdff$6197 ($dff) from module icebreaker (D = \soc.spimemio.xfer.fetch, Q = \soc.spimemio.xfer.last_fetch, rval = 1'1).
Adding SRST signal on $flatten\soc.\spimemio.\xfer.$procdff$6196 ($dff) from module icebreaker (D = \soc.spimemio.xfer.next_fetch, Q = \soc.spimemio.xfer.fetch, rval = 1'1).
Adding SRST signal on $flatten\soc.\spimemio.\xfer.$procdff$6195 ($dff) from module icebreaker (D = $flatten\soc.\spimemio.\xfer.$procmux$1845_Y, Q = \soc.spimemio.xfer.xfer_tag, rval = 4'0000).
Adding EN signal on $auto$ff.cc:337:slice$7819 ($sdff) from module icebreaker (D = \soc.spimemio.din_tag, Q = \soc.spimemio.xfer.xfer_tag).
Adding SRST signal on $flatten\soc.\spimemio.\xfer.$procdff$6194 ($dff) from module icebreaker (D = $flatten\soc.\spimemio.\xfer.$procmux$1850_Y, Q = \soc.spimemio.xfer.xfer_rd, rval = 1'0).
Adding EN signal on $auto$ff.cc:337:slice$7821 ($sdff) from module icebreaker (D = \soc.spimemio.din_rd, Q = \soc.spimemio.xfer.xfer_rd).
Adding SRST signal on $flatten\soc.\spimemio.\xfer.$procdff$6193 ($dff) from module icebreaker (D = $flatten\soc.\spimemio.\xfer.$procmux$1855_Y, Q = \soc.spimemio.xfer.xfer_qspi, rval = 1'0).
Adding EN signal on $auto$ff.cc:337:slice$7823 ($sdff) from module icebreaker (D = \soc.spimemio.din_qspi, Q = \soc.spimemio.xfer.xfer_qspi).
Adding SRST signal on $flatten\soc.\spimemio.\xfer.$procdff$6191 ($dff) from module icebreaker (D = $flatten\soc.\spimemio.\xfer.$procmux$1868_Y, Q = \soc.spimemio.xfer.dummy_count, rval = 4'0000).
Adding EN signal on $auto$ff.cc:337:slice$7825 ($sdff) from module icebreaker (D = $flatten\soc.\spimemio.\xfer.$procmux$1868_Y, Q = \soc.spimemio.xfer.dummy_count).
Adding SRST signal on $flatten\soc.\spimemio.\xfer.$procdff$6190 ($dff) from module icebreaker (D = $flatten\soc.\spimemio.\xfer.$procmux$1878_Y [3], Q = \soc.spimemio.xfer.count [3], rval = 1'0).
Adding SRST signal on $flatten\soc.\spimemio.\xfer.$procdff$6190 ($dff) from module icebreaker (D = $flatten\soc.\spimemio.\xfer.$procmux$1876_Y [2:0], Q = \soc.spimemio.xfer.count [2:0], rval = 3'000).
Adding EN signal on $auto$ff.cc:337:slice$7830 ($sdff) from module icebreaker (D = $flatten\soc.\spimemio.\xfer.$2\next_count[3:0] [2:0], Q = \soc.spimemio.xfer.count [2:0]).
Adding EN signal on $auto$ff.cc:337:slice$7829 ($sdff) from module icebreaker (D = $flatten\soc.\spimemio.\xfer.$procmux$1878_Y [3], Q = \soc.spimemio.xfer.count [3]).
Adding EN signal on $flatten\soc.\spimemio.\xfer.$procdff$6189 ($dff) from module icebreaker (D = $flatten\soc.\spimemio.\xfer.$2\next_ibuffer[7:0], Q = \soc.spimemio.xfer.ibuffer).
Adding EN signal on $flatten\soc.\spimemio.\xfer.$procdff$6188 ($dff) from module icebreaker (D = $flatten\soc.\spimemio.\xfer.$procmux$1896_Y, Q = \soc.spimemio.xfer.obuffer).
Adding SRST signal on $flatten\soc.\spimemio.\xfer.$procdff$6187 ($dff) from module icebreaker (D = $flatten\soc.\spimemio.\xfer.$procmux$1901_Y, Q = \soc.spimemio.xfer.xfer_ddr, rval = 1'0).
Adding EN signal on $auto$ff.cc:337:slice$7883 ($sdff) from module icebreaker (D = \soc.spimemio.xfer.din_ddr, Q = \soc.spimemio.xfer.xfer_ddr).
Adding SRST signal on $flatten\soc.\spimemio.\xfer.$procdff$6186 ($dff) from module icebreaker (D = $flatten\soc.\spimemio.\xfer.$procmux$1906_Y, Q = \soc.spimemio.xfer.xfer_dspi, rval = 1'0).
Adding EN signal on $auto$ff.cc:337:slice$7885 ($sdff) from module icebreaker (D = \soc.spimemio.xfer.din_dspi, Q = \soc.spimemio.xfer.xfer_dspi).
Adding SRST signal on $flatten\soc.\spimemio.\xfer.$procdff$6185 ($dff) from module icebreaker (D = $flatten\soc.\spimemio.\xfer.$procmux$1914_Y, Q = \soc.spimemio.xfer.flash_clk, rval = 1'0).
Adding EN signal on $auto$ff.cc:337:slice$7887 ($sdff) from module icebreaker (D = $flatten\soc.\spimemio.\xfer.$procmux$1914_Y, Q = \soc.spimemio.xfer.flash_clk).
Adding SRST signal on $flatten\soc.\spimemio.\xfer.$procdff$6184 ($dff) from module icebreaker (D = $flatten\soc.\spimemio.\xfer.$procmux$1921_Y, Q = \soc.spimemio.xfer.flash_csb, rval = 1'1).
Adding EN signal on $auto$ff.cc:337:slice$7895 ($sdff) from module icebreaker (D = 1'0, Q = \soc.spimemio.xfer.flash_csb).
Adding SRST signal on $flatten\soc.\cpu.$procdff$6247 ($dff) from module icebreaker (D = $flatten\soc.\cpu.$logic_not$../picorv32.v:1429$1491_Y, Q = \soc.cpu.pcpi_timeout, rval = 1'0).
Adding SRST signal on $flatten\soc.\cpu.$procdff$6246 ($dff) from module icebreaker (D = $flatten\soc.\cpu.$procmux$2991_Y, Q = \soc.cpu.pcpi_timeout_counter, rval = 4'1111).
Adding EN signal on $auto$ff.cc:337:slice$7898 ($sdff) from module icebreaker (D = $flatten\soc.\cpu.$sub$../picorv32.v:1426$1490_Y [3:0], Q = \soc.cpu.pcpi_timeout_counter).
Adding SRST signal on $flatten\soc.\cpu.$procdff$6244 ($dff) from module icebreaker (D = $flatten\soc.\cpu.$procmux$3006_Y, Q = \soc.cpu.latched_rd, rval = 5'00010).
Adding EN signal on $auto$ff.cc:337:slice$7900 ($sdff) from module icebreaker (D = $flatten\soc.\cpu.$procmux$3006_Y, Q = \soc.cpu.latched_rd).
Adding SRST signal on $flatten\soc.\cpu.$procdff$6243 ($dff) from module icebreaker (D = $flatten\soc.\cpu.$procmux$3032_Y, Q = \soc.cpu.latched_is_lb, rval = 1'0).
Adding EN signal on $auto$ff.cc:337:slice$7908 ($sdff) from module icebreaker (D = $flatten\soc.\cpu.$procmux$3032_Y, Q = \soc.cpu.latched_is_lb).
Adding SRST signal on $flatten\soc.\cpu.$procdff$6242 ($dff) from module icebreaker (D = $flatten\soc.\cpu.$procmux$3045_Y, Q = \soc.cpu.latched_is_lh, rval = 1'0).
Adding EN signal on $auto$ff.cc:337:slice$7918 ($sdff) from module icebreaker (D = $flatten\soc.\cpu.$procmux$3045_Y, Q = \soc.cpu.latched_is_lh).
Adding SRST signal on $flatten\soc.\cpu.$procdff$6208 ($dff) from module icebreaker (D = $flatten\soc.\cpu.$procmux$3727_Y, Q = \soc.cpu.reg_next_pc, rval = 1048576).
Adding EN signal on $auto$ff.cc:337:slice$7928 ($sdff) from module icebreaker (D = $flatten\soc.\cpu.$procmux$3725_Y, Q = \soc.cpu.reg_next_pc).
Adding SRST signal on $flatten\soc.\cpu.$procdff$6241 ($dff) from module icebreaker (D = $flatten\soc.\cpu.$procmux$3058_Y, Q = \soc.cpu.latched_is_lu, rval = 1'0).
Adding EN signal on $auto$ff.cc:337:slice$7930 ($sdff) from module icebreaker (D = $flatten\soc.\cpu.$procmux$3058_Y, Q = \soc.cpu.latched_is_lu).
Adding EN signal on $flatten\soc.\cpu.$procdff$6239 ($dff) from module icebreaker (D = \soc.cpu.compressed_instr, Q = \soc.cpu.latched_compr).
Adding SRST signal on $flatten\soc.\cpu.$procdff$6238 ($dff) from module icebreaker (D = $flatten\soc.\cpu.$procmux$3103_Y, Q = \soc.cpu.latched_branch, rval = 1'0).
Adding EN signal on $auto$ff.cc:337:slice$7945 ($sdff) from module icebreaker (D = $flatten\soc.\cpu.$procmux$3103_Y, Q = \soc.cpu.latched_branch).
Adding SRST signal on $flatten\soc.\cpu.$procdff$6207 ($dff) from module icebreaker (D = $flatten\soc.\cpu.$procmux$3739_Y, Q = \soc.cpu.reg_pc, rval = 1048576).
Adding EN signal on $auto$ff.cc:337:slice$7953 ($sdff) from module icebreaker (D = $flatten\soc.\cpu.$3\current_pc[31:0], Q = \soc.cpu.reg_pc).
Adding SRST signal on $flatten\soc.\cpu.$procdff$6237 ($dff) from module icebreaker (D = $flatten\soc.\cpu.$procmux$3139_Y, Q = \soc.cpu.latched_stalu, rval = 1'0).
Adding EN signal on $auto$ff.cc:337:slice$7955 ($sdff) from module icebreaker (D = $flatten\soc.\cpu.$procmux$3139_Y, Q = \soc.cpu.latched_stalu).
Adding SRST signal on $flatten\soc.\cpu.$procdff$6236 ($dff) from module icebreaker (D = $flatten\soc.\cpu.$procmux$3146_Y, Q = \soc.cpu.latched_store, rval = 1'1).
Adding EN signal on $auto$ff.cc:337:slice$7963 ($sdff) from module icebreaker (D = $flatten\soc.\cpu.$procmux$3146_Y, Q = \soc.cpu.latched_store).
Adding SRST signal on $flatten\soc.\cpu.$procdff$6206 ($dff) from module icebreaker (D = $flatten\soc.\cpu.$procmux$3759_Y, Q = \soc.cpu.count_instr, rval = 64'0000000000000000000000000000000000000000000000000000000000000000).
Adding EN signal on $auto$ff.cc:337:slice$7973 ($sdff) from module icebreaker (D = $flatten\soc.\cpu.$add$../picorv32.v:1564$1546_Y, Q = \soc.cpu.count_instr).
Adding SRST signal on $flatten\soc.\cpu.$procdff$6284 ($dff) from module icebreaker (D = $flatten\soc.\cpu.$procmux$4292_Y, Q = \soc.cpu.instr_sub, rval = 1'0).
Adding EN signal on $auto$ff.cc:337:slice$7981 ($sdff) from module icebreaker (D = $flatten\soc.\cpu.$logic_and$../picorv32.v:1069$1293_Y, Q = \soc.cpu.instr_sub).
Adding SRST signal on $flatten\soc.\cpu.$procdff$6232 ($dff) from module icebreaker (D = $flatten\soc.\cpu.$procmux$3204_Y, Q = \soc.cpu.irq_state, rval = 2'00).
Adding EN signal on $auto$ff.cc:337:slice$7983 ($sdff) from module icebreaker (D = $flatten\soc.\cpu.$ternary$../picorv32.v:1540$1536_Y, Q = \soc.cpu.irq_state).
Adding SRST signal on $flatten\soc.\cpu.$procdff$6205 ($dff) from module icebreaker (D = $flatten\soc.\cpu.$add$../picorv32.v:1433$1492_Y, Q = \soc.cpu.count_cycle, rval = 64'0000000000000000000000000000000000000000000000000000000000000000).
Adding SRST signal on $flatten\soc.\cpu.$procdff$6225 ($dff) from module icebreaker (D = $flatten\soc.\cpu.$procmux$2764_Y, Q = \soc.cpu.decoder_pseudo_trigger, rval = 1'0).
Adding SRST signal on $flatten\soc.\cpu.$procdff$6222 ($dff) from module icebreaker (D = $flatten\soc.\cpu.$procmux$3416_Y, Q = \soc.cpu.mem_do_wdata, rval = 1'1).
Adding EN signal on $auto$ff.cc:337:slice$7991 ($sdff) from module icebreaker (D = 1'0, Q = \soc.cpu.mem_do_wdata).
Adding SRST signal on $flatten\soc.\cpu.$procdff$6213 ($dff) from module icebreaker (D = $flatten\soc.\cpu.$procmux$3629_Y, Q = \soc.cpu.irq_delay, rval = 1'0).
Adding EN signal on $auto$ff.cc:337:slice$7993 ($sdff) from module icebreaker (D = \soc.cpu.irq_active, Q = \soc.cpu.irq_delay).
Adding SRST signal on $flatten\soc.\cpu.$procdff$6221 ($dff) from module icebreaker (D = $flatten\soc.\cpu.$procmux$3420_Y, Q = \soc.cpu.mem_do_rdata, rval = 1'1).
Adding EN signal on $auto$ff.cc:337:slice$8001 ($sdff) from module icebreaker (D = 1'0, Q = \soc.cpu.mem_do_rdata).
Adding SRST signal on $flatten\soc.\cpu.$procdff$6220 ($dff) from module icebreaker (D = $flatten\soc.\cpu.$procmux$3494_Y, Q = \soc.cpu.mem_do_rinst, rval = 1'1).
Adding EN signal on $auto$ff.cc:337:slice$8003 ($sdff) from module icebreaker (D = $flatten\soc.\cpu.$procmux$3494_Y, Q = \soc.cpu.mem_do_rinst).
Adding SRST signal on $flatten\soc.\cpu.$procdff$6219 ($dff) from module icebreaker (D = $flatten\soc.\cpu.$procmux$3519_Y, Q = \soc.cpu.mem_do_prefetch, rval = 1'0).
Adding EN signal on $auto$ff.cc:337:slice$8019 ($sdff) from module icebreaker (D = $flatten\soc.\cpu.$logic_and$../picorv32.v:1573$1550_Y, Q = \soc.cpu.mem_do_prefetch).
Adding SRST signal on $flatten\soc.\cpu.$procdff$6217 ($dff) from module icebreaker (D = $flatten\soc.\cpu.$procmux$3567_Y, Q = \soc.cpu.timer, rval = 0).
Adding SRST signal on $flatten\soc.\cpu.$procdff$6216 ($dff) from module icebreaker (D = { $flatten\soc.\cpu.$2\next_irq_pending[31:0] [31:3] $flatten\soc.\cpu.$2\next_irq_pending[31:0] [1] }, Q = { \soc.cpu.irq_pending [31:3] \soc.cpu.irq_pending [1] }, rval = 30'000000000000000000000000000000).
Adding EN signal on $auto$ff.cc:337:slice$8030 ($sdff) from module icebreaker (D = $flatten\soc.\cpu.$2\next_irq_pending[31:0] [31:3], Q = \soc.cpu.irq_pending [31:3]).
Adding EN signal on $auto$ff.cc:337:slice$8030 ($sdff) from module icebreaker (D = $flatten\soc.\cpu.$2\next_irq_pending[31:0] [1], Q = \soc.cpu.irq_pending [1]).
Adding SRST signal on $flatten\soc.\cpu.$procdff$6215 ($dff) from module icebreaker (D = $flatten\soc.\cpu.$procmux$3585_Y, Q = \soc.cpu.irq_mask, rval = 32'11111111111111111111111111111111).
Adding EN signal on $auto$ff.cc:337:slice$8054 ($sdff) from module icebreaker (D = \soc.cpu.cpuregs_rs1, Q = \soc.cpu.irq_mask).
Adding EN signal on $flatten\soc.\cpu.$procdff$6209 ($dff) from module icebreaker (D = $flatten\soc.\cpu.$procmux$3664_Y [31], Q = \soc.cpu.reg_op1 [31]).
Adding EN signal on $flatten\soc.\cpu.$procdff$6209 ($dff) from module icebreaker (D = $flatten\soc.\cpu.$procmux$3664_Y [30:0], Q = \soc.cpu.reg_op1 [30:0]).
Adding SRST signal on $flatten\soc.\cpu.$procdff$6214 ($dff) from module icebreaker (D = $flatten\soc.\cpu.$procmux$3604_Y, Q = \soc.cpu.irq_active, rval = 1'0).
Adding EN signal on $auto$ff.cc:337:slice$8094 ($sdff) from module icebreaker (D = $flatten\soc.\cpu.$procmux$3604_Y, Q = \soc.cpu.irq_active).
Adding EN signal on $flatten\soc.\cpu.$procdff$6281 ($dff) from module icebreaker (D = $flatten\soc.\cpu.$logic_and$../picorv32.v:1065$1281_Y, Q = \soc.cpu.instr_srli).
Adding SRST signal on $flatten\soc.\cpu.$procdff$6201 ($dff) from module icebreaker (D = $flatten\soc.\cpu.$procmux$3803_Y, Q = \soc.cpu.pcpi_valid, rval = 1'0).
Adding EN signal on $auto$ff.cc:337:slice$8105 ($sdff) from module icebreaker (D = $flatten\soc.\cpu.$procmux$3799_Y, Q = \soc.cpu.pcpi_valid).
Adding SRST signal on $flatten\soc.\cpu.$procdff$6200 ($dff) from module icebreaker (D = $flatten\soc.\cpu.$procmux$2985_Y, Q = \soc.cpu.trap, rval = 1'0).
Adding SRST signal on $flatten\soc.\cpu.$procdff$6283 ($dff) from module icebreaker (D = $flatten\soc.\cpu.$procmux$4296_Y, Q = \soc.cpu.instr_add, rval = 1'0).
Adding EN signal on $auto$ff.cc:337:slice$8110 ($sdff) from module icebreaker (D = $flatten\soc.\cpu.$logic_and$../picorv32.v:1068$1289_Y, Q = \soc.cpu.instr_add).
Adding EN signal on $flatten\soc.\cpu.$procdff$6340 ($dff) from module icebreaker (D = $flatten\soc.\cpu.$0\mem_valid[0:0], Q = \soc.cpu.mem_valid).
Adding EN signal on $flatten\soc.\cpu.$procdff$6280 ($dff) from module icebreaker (D = $flatten\soc.\cpu.$logic_and$../picorv32.v:1064$1277_Y, Q = \soc.cpu.instr_slli).
Adding SRST signal on $flatten\soc.\cpu.$procdff$6279 ($dff) from module icebreaker (D = $flatten\soc.\cpu.$procmux$4306_Y, Q = \soc.cpu.instr_andi, rval = 1'0).
Adding EN signal on $auto$ff.cc:337:slice$8124 ($sdff) from module icebreaker (D = $flatten\soc.\cpu.$logic_and$../picorv32.v:1062$1273_Y, Q = \soc.cpu.instr_andi).
Adding SRST signal on $flatten\soc.\cpu.$procdff$6278 ($dff) from module icebreaker (D = $flatten\soc.\cpu.$procmux$4310_Y, Q = \soc.cpu.instr_ori, rval = 1'0).
Adding EN signal on $auto$ff.cc:337:slice$8126 ($sdff) from module icebreaker (D = $flatten\soc.\cpu.$logic_and$../picorv32.v:1061$1271_Y, Q = \soc.cpu.instr_ori).
Adding SRST signal on $flatten\soc.\cpu.$procdff$6277 ($dff) from module icebreaker (D = $flatten\soc.\cpu.$procmux$4314_Y, Q = \soc.cpu.instr_xori, rval = 1'0).
Adding EN signal on $auto$ff.cc:337:slice$8128 ($sdff) from module icebreaker (D = $flatten\soc.\cpu.$logic_and$../picorv32.v:1060$1269_Y, Q = \soc.cpu.instr_xori).
Adding SRST signal on $flatten\soc.\cpu.$procdff$6276 ($dff) from module icebreaker (D = $flatten\soc.\cpu.$procmux$4318_Y, Q = \soc.cpu.instr_sltiu, rval = 1'0).
Adding EN signal on $auto$ff.cc:337:slice$8130 ($sdff) from module icebreaker (D = $flatten\soc.\cpu.$logic_and$../picorv32.v:1059$1267_Y, Q = \soc.cpu.instr_sltiu).
Adding SRST signal on $flatten\soc.\cpu.$procdff$6275 ($dff) from module icebreaker (D = $flatten\soc.\cpu.$procmux$4322_Y, Q = \soc.cpu.instr_slti, rval = 1'0).
Adding EN signal on $auto$ff.cc:337:slice$8132 ($sdff) from module icebreaker (D = $flatten\soc.\cpu.$logic_and$../picorv32.v:1058$1265_Y, Q = \soc.cpu.instr_slti).
Adding SRST signal on $flatten\soc.\cpu.$procdff$6274 ($dff) from module icebreaker (D = $flatten\soc.\cpu.$procmux$4326_Y, Q = \soc.cpu.instr_addi, rval = 1'0).
Adding EN signal on $auto$ff.cc:337:slice$8134 ($sdff) from module icebreaker (D = $flatten\soc.\cpu.$logic_and$../picorv32.v:1057$1263_Y, Q = \soc.cpu.instr_addi).
Adding EN signal on $flatten\soc.\cpu.$procdff$6273 ($dff) from module icebreaker (D = $flatten\soc.\cpu.$logic_and$../picorv32.v:1055$1261_Y, Q = \soc.cpu.instr_sw).
Adding EN signal on $flatten\soc.\cpu.$procdff$6268 ($dff) from module icebreaker (D = $flatten\soc.\cpu.$logic_and$../picorv32.v:1049$1251_Y, Q = \soc.cpu.instr_lw).
Adding EN signal on $flatten\soc.\cpu.$procdff$6267 ($dff) from module icebreaker (D = $flatten\soc.\cpu.$logic_and$../picorv32.v:1048$1249_Y, Q = \soc.cpu.instr_lh).
Adding EN signal on $flatten\soc.\cpu.$procdff$6266 ($dff) from module icebreaker (D = $flatten\soc.\cpu.$logic_and$../picorv32.v:1047$1247_Y, Q = \soc.cpu.instr_lb).
Adding SRST signal on $flatten\soc.\cpu.$procdff$6265 ($dff) from module icebreaker (D = $flatten\soc.\cpu.$procmux$4346_Y, Q = \soc.cpu.instr_bgeu, rval = 1'0).
Adding EN signal on $auto$ff.cc:337:slice$8140 ($sdff) from module icebreaker (D = $flatten\soc.\cpu.$logic_and$../picorv32.v:1045$1245_Y, Q = \soc.cpu.instr_bgeu).
Adding SRST signal on $flatten\soc.\cpu.$procdff$6264 ($dff) from module icebreaker (D = $flatten\soc.\cpu.$procmux$4350_Y, Q = \soc.cpu.instr_bltu, rval = 1'0).
Adding EN signal on $auto$ff.cc:337:slice$8142 ($sdff) from module icebreaker (D = $flatten\soc.\cpu.$logic_and$../picorv32.v:1044$1243_Y, Q = \soc.cpu.instr_bltu).
Adding SRST signal on $flatten\soc.\cpu.$procdff$6263 ($dff) from module icebreaker (D = $flatten\soc.\cpu.$procmux$4354_Y, Q = \soc.cpu.instr_bge, rval = 1'0).
Adding EN signal on $auto$ff.cc:337:slice$8144 ($sdff) from module icebreaker (D = $flatten\soc.\cpu.$logic_and$../picorv32.v:1043$1241_Y, Q = \soc.cpu.instr_bge).
Adding SRST signal on $flatten\soc.\cpu.$procdff$6262 ($dff) from module icebreaker (D = $flatten\soc.\cpu.$procmux$4358_Y, Q = \soc.cpu.instr_blt, rval = 1'0).
Adding EN signal on $auto$ff.cc:337:slice$8146 ($sdff) from module icebreaker (D = $flatten\soc.\cpu.$logic_and$../picorv32.v:1042$1239_Y, Q = \soc.cpu.instr_blt).
Adding SRST signal on $flatten\soc.\cpu.$procdff$6261 ($dff) from module icebreaker (D = $flatten\soc.\cpu.$procmux$4362_Y, Q = \soc.cpu.instr_bne, rval = 1'0).
Adding EN signal on $auto$ff.cc:337:slice$8148 ($sdff) from module icebreaker (D = $flatten\soc.\cpu.$logic_and$../picorv32.v:1041$1237_Y, Q = \soc.cpu.instr_bne).
Adding SRST signal on $flatten\soc.\cpu.$procdff$6260 ($dff) from module icebreaker (D = $flatten\soc.\cpu.$procmux$4366_Y, Q = \soc.cpu.instr_beq, rval = 1'0).
Adding EN signal on $auto$ff.cc:337:slice$8150 ($sdff) from module icebreaker (D = $flatten\soc.\cpu.$logic_and$../picorv32.v:1040$1235_Y, Q = \soc.cpu.instr_beq).
Adding EN signal on $flatten\soc.\cpu.$procdff$6257 ($dff) from module icebreaker (D = $flatten\soc.\cpu.$eq$../picorv32.v:868$1163_Y, Q = \soc.cpu.instr_auipc).
Adding EN signal on $flatten\soc.\cpu.$procdff$6256 ($dff) from module icebreaker (D = $flatten\soc.\cpu.$eq$../picorv32.v:867$1162_Y, Q = \soc.cpu.instr_lui).
Adding EN signal on $flatten\soc.\cpu.$procdff$6269 ($dff) from module icebreaker (D = $flatten\soc.\cpu.$logic_and$../picorv32.v:1050$1253_Y, Q = \soc.cpu.instr_lbu).
Adding EN signal on $flatten\soc.\cpu.$procdff$6270 ($dff) from module icebreaker (D = $flatten\soc.\cpu.$logic_and$../picorv32.v:1051$1255_Y, Q = \soc.cpu.instr_lhu).
Adding EN signal on $flatten\soc.\cpu.$procdff$6255 ($dff) from module icebreaker (D = \soc.cpu.mem_rdata_q, Q = \soc.cpu.pcpi_insn).
Adding EN signal on $flatten\soc.\cpu.$procdff$6271 ($dff) from module icebreaker (D = $flatten\soc.\cpu.$logic_and$../picorv32.v:1053$1257_Y, Q = \soc.cpu.instr_sb).
Adding SRST signal on $flatten\soc.\cpu.$procdff$6286 ($dff) from module icebreaker (D = $flatten\soc.\cpu.$procmux$4284_Y, Q = \soc.cpu.instr_slt, rval = 1'0).
Adding EN signal on $auto$ff.cc:337:slice$8158 ($sdff) from module icebreaker (D = $flatten\soc.\cpu.$logic_and$../picorv32.v:1071$1301_Y, Q = \soc.cpu.instr_slt).
Adding SRST signal on $flatten\soc.\cpu.$procdff$6285 ($dff) from module icebreaker (D = $flatten\soc.\cpu.$procmux$4288_Y, Q = \soc.cpu.instr_sll, rval = 1'0).
Adding EN signal on $auto$ff.cc:337:slice$8160 ($sdff) from module icebreaker (D = $flatten\soc.\cpu.$logic_and$../picorv32.v:1070$1297_Y, Q = \soc.cpu.instr_sll).
Adding SRST signal on $flatten\soc.\spimem_cache.$procdff$6354 ($dff) from module icebreaker (D = $flatten\soc.\spimem_cache.$procmux$5685_Y, Q = \soc.spimem_cache.hit_count, rval = 0).
Adding SRST signal on $flatten\soc.\spimem_cache.$procdff$6355 ($dff) from module icebreaker (D = $flatten\soc.\spimem_cache.$procmux$5674_Y, Q = \soc.spimem_cache.miss_count, rval = 0).
Adding EN signal on $flatten\soc.\cpu.$procdff$6259 ($dff) from module icebreaker (D = $flatten\soc.\cpu.$logic_and$../picorv32.v:870$1167_Y, Q = \soc.cpu.instr_jalr).
Adding EN signal on $flatten\soc.\cpu.$procdff$6258 ($dff) from module icebreaker (D = $flatten\soc.\cpu.$eq$../picorv32.v:869$1164_Y, Q = \soc.cpu.instr_jal).
Adding EN signal on $flatten\soc.\cpu.\genblk1.pcpi_mul.$procdff$6178 ($dff) from module icebreaker (D = $flatten\soc.\cpu.\genblk1.pcpi_mul.$procmux$1779_Y, Q = \soc.cpu.genblk1.pcpi_mul.rs2).
Adding SRST signal on $auto$ff.cc:337:slice$8166 ($dffe) from module icebreaker (D = \soc.cpu.reg_op2 [31], Q = \soc.cpu.genblk1.pcpi_mul.rs2 [32], rval = 1'0).
Adding EN signal on $flatten\soc.\cpu.\genblk1.pcpi_mul.$procdff$6177 ($dff) from module icebreaker (D = $flatten\soc.\cpu.\genblk1.pcpi_mul.$procmux$1785_Y, Q = \soc.cpu.genblk1.pcpi_mul.rs1).
Adding SRST signal on $auto$ff.cc:337:slice$8169 ($dffe) from module icebreaker (D = \soc.cpu.reg_op1 [31], Q = \soc.cpu.genblk1.pcpi_mul.rs1 [32], rval = 1'0).
Adding SRST signal on $flatten\soc.\cpu.\genblk1.pcpi_mul.$procdff$6176 ($dff) from module icebreaker (D = { \soc.cpu.genblk1.pcpi_mul.active [2:0] $flatten\soc.\cpu.\genblk1.pcpi_mul.$procmux$1773_Y }, Q = \soc.cpu.genblk1.pcpi_mul.active, rval = 4'0000).
Adding EN signal on $flatten\soc.\cpu.$procdff$6350 ($dff) from module icebreaker (D = \soc.cpu.mem_rdata, Q = \soc.cpu.mem_rdata_q).
Adding SRST signal on $flatten\soc.\cpu.$procdff$6288 ($dff) from module icebreaker (D = $flatten\soc.\cpu.$procmux$4276_Y, Q = \soc.cpu.instr_xor, rval = 1'0).
Adding EN signal on $auto$ff.cc:337:slice$8174 ($sdff) from module icebreaker (D = $flatten\soc.\cpu.$logic_and$../picorv32.v:1073$1309_Y, Q = \soc.cpu.instr_xor).
Adding EN signal on $flatten\soc.\cpu.$procdff$6345 ($dff) from module icebreaker (D = $flatten\soc.\cpu.$0\mem_state[1:0], Q = \soc.cpu.mem_state).
Adding EN signal on $flatten\soc.\cpu.$procdff$6344 ($dff) from module icebreaker (D = $flatten\soc.\cpu.$procmux$4726_Y, Q = \soc.cpu.mem_wstrb).
Adding EN signal on $flatten\soc.\cpu.$procdff$6343 ($dff) from module icebreaker (D = \soc.cpu.mem_la_wdata, Q = \soc.cpu.mem_wdata).
Adding EN signal on $flatten\soc.\cpu.$procdff$6342 ($dff) from module icebreaker (D = \soc.cpu.mem_la_addr, Q = \soc.cpu.mem_addr).
Adding EN signal on $flatten\soc.\cpu.$procdff$6296 ($dff) from module icebreaker (D = $flatten\soc.\cpu.$logic_and$../picorv32.v:1084$1349_Y, Q = \soc.cpu.instr_rdinstrh).
Adding EN signal on $flatten\soc.\cpu.$procdff$6282 ($dff) from module icebreaker (D = $flatten\soc.\cpu.$logic_and$../picorv32.v:1066$1285_Y, Q = \soc.cpu.instr_srai).
Adding EN signal on $flatten\soc.\cpu.$procdff$6322 ($dff) from module icebreaker (D = $flatten\soc.\cpu.$eq$../picorv32.v:877$1179_Y, Q = \soc.cpu.is_alu_reg_imm).
Adding SRST signal on $flatten\soc.\cpu.$procdff$6320 ($dff) from module icebreaker (D = $flatten\soc.\cpu.$procmux$4100_Y, Q = \soc.cpu.is_beq_bne_blt_bge_bltu_bgeu, rval = 1'0).
Adding EN signal on $auto$ff.cc:337:slice$8205 ($sdff) from module icebreaker (D = $flatten\soc.\cpu.$eq$../picorv32.v:874$1176_Y, Q = \soc.cpu.is_beq_bne_blt_bge_bltu_bgeu).
Adding SRST signal on $flatten\soc.\cpu.$procdff$6317 ($dff) from module icebreaker (D = $flatten\soc.\cpu.$reduce_or$../picorv32.v:860$1156_Y, Q = \soc.cpu.is_lui_auipc_jal_jalr_addi_add_sub, rval = 1'0).
Adding EN signal on $flatten\soc.\cpu.$procdff$6316 ($dff) from module icebreaker (D = $flatten\soc.\cpu.$logic_and$../picorv32.v:1110$1412_Y, Q = \soc.cpu.is_sll_srl_sra).
Adding EN signal on $flatten\soc.\cpu.$procdff$6315 ($dff) from module icebreaker (D = $flatten\soc.\cpu.$eq$../picorv32.v:876$1178_Y, Q = \soc.cpu.is_sb_sh_sw).
Adding EN signal on $flatten\soc.\cpu.$procdff$6314 ($dff) from module icebreaker (D = $flatten\soc.\cpu.$logic_or$../picorv32.v:1101$1401_Y, Q = \soc.cpu.is_jalr_addi_slti_sltiu_xori_ori_andi).
Adding SRST signal on $flatten\soc.\cpu.$procdff$6324 ($dff) from module icebreaker (D = $flatten\soc.\cpu.$reduce_or$../picorv32.v:864$1160_Y, Q = \soc.cpu.is_compare, rval = 1'0).
Adding EN signal on $flatten\soc.\cpu.$procdff$6323 ($dff) from module icebreaker (D = $flatten\soc.\cpu.$eq$../picorv32.v:878$1180_Y, Q = \soc.cpu.is_alu_reg_reg).
Adding EN signal on $flatten\soc.\cpu.$procdff$6313 ($dff) from module icebreaker (D = $flatten\soc.\cpu.$logic_and$../picorv32.v:1095$1392_Y, Q = \soc.cpu.is_slli_srli_srai).
Adding EN signal on $flatten\soc.\cpu.$procdff$6312 ($dff) from module icebreaker (D = $flatten\soc.\cpu.$eq$../picorv32.v:875$1177_Y, Q = \soc.cpu.is_lb_lh_lw_lbu_lhu).
Adding EN signal on $flatten\soc.\cpu.$procdff$6310 ($dff) from module icebreaker (D = 1'0, Q = \soc.cpu.compressed_instr).
Adding EN signal on $flatten\soc.\cpu.$procdff$6309 ($dff) from module icebreaker (D = { \soc.cpu.mem_rdata_latched [31] \soc.cpu.mem_rdata_latched [31] \soc.cpu.mem_rdata_latched [31] \soc.cpu.mem_rdata_latched [31] \soc.cpu.mem_rdata_latched [31] \soc.cpu.mem_rdata_latched [31] \soc.cpu.mem_rdata_latched [31] \soc.cpu.mem_rdata_latched [31] \soc.cpu.mem_rdata_latched [31] \soc.cpu.mem_rdata_latched [31] \soc.cpu.mem_rdata_latched [31] \soc.cpu.mem_rdata_latched [31] \soc.cpu.mem_rdata_latched [19:12] \soc.cpu.mem_rdata_latched [20] \soc.cpu.mem_rdata_latched [30:21] 1'0 }, Q = \soc.cpu.decoded_imm_j).
Adding EN signal on $flatten\soc.\cpu.$procdff$6308 ($dff) from module icebreaker (D = $flatten\soc.\cpu.$procmux$4146_Y, Q = \soc.cpu.decoded_imm).
Adding EN signal on $flatten\soc.\cpu.$procdff$6307 ($dff) from module icebreaker (D = \soc.cpu.mem_rdata_latched [24:20], Q = \soc.cpu.decoded_rs2).
Adding EN signal on $flatten\soc.\cpu.$procdff$6306 ($dff) from module icebreaker (D = { $flatten\soc.\cpu.$procmux$3901_Y $flatten\soc.\cpu.$procmux$3985_Y }, Q = \soc.cpu.decoded_rs1).
Adding SRST signal on $auto$ff.cc:337:slice$8223 ($dffe) from module icebreaker (D = \soc.cpu.mem_rdata_latched [19:15], Q = \soc.cpu.decoded_rs1, rval = 5'00011).
Adding EN signal on $flatten\soc.\cpu.$procdff$6305 ($dff) from module icebreaker (D = \soc.cpu.mem_rdata_latched [11:7], Q = \soc.cpu.decoded_rd).
Adding EN signal on $flatten\soc.\cpu.$procdff$6304 ($dff) from module icebreaker (D = $flatten\soc.\cpu.$logic_and$../picorv32.v:1093$1379_Y, Q = \soc.cpu.instr_timer).
Adding EN signal on $flatten\soc.\cpu.$procdff$6303 ($dff) from module icebreaker (D = $flatten\soc.\cpu.$logic_and$../picorv32.v:872$1174_Y, Q = \soc.cpu.instr_waitirq).
Adding EN signal on $flatten\soc.\cpu.$procdff$6302 ($dff) from module icebreaker (D = $flatten\soc.\cpu.$logic_and$../picorv32.v:1092$1375_Y, Q = \soc.cpu.instr_maskirq).
Adding EN signal on $flatten\soc.\cpu.$procdff$6301 ($dff) from module icebreaker (D = $flatten\soc.\cpu.$logic_and$../picorv32.v:871$1170_Y, Q = \soc.cpu.instr_retirq).
Adding EN signal on $flatten\soc.\cpu.$procdff$6300 ($dff) from module icebreaker (D = 1'0, Q = \soc.cpu.instr_setq).
Adding EN signal on $flatten\soc.\cpu.$procdff$6299 ($dff) from module icebreaker (D = 1'0, Q = \soc.cpu.instr_getq).
Adding SRST signal on $flatten\soc.\cpu.$procdff$6298 ($dff) from module icebreaker (D = $flatten\soc.\cpu.$procmux$4246_Y, Q = \soc.cpu.instr_fence, rval = 1'0).
Adding EN signal on $auto$ff.cc:337:slice$8232 ($sdff) from module icebreaker (D = $flatten\soc.\cpu.$logic_and$../picorv32.v:1088$1362_Y, Q = \soc.cpu.instr_fence).
Adding EN signal on $flatten\soc.\cpu.$procdff$6297 ($dff) from module icebreaker (D = $flatten\soc.\cpu.$logic_and$../picorv32.v:1086$1356_Y, Q = \soc.cpu.instr_ecall_ebreak).
Adding SRST signal on $flatten\soc.\cpu.$procdff$6287 ($dff) from module icebreaker (D = $flatten\soc.\cpu.$procmux$4280_Y, Q = \soc.cpu.instr_sltu, rval = 1'0).
Adding EN signal on $auto$ff.cc:337:slice$8235 ($sdff) from module icebreaker (D = $flatten\soc.\cpu.$logic_and$../picorv32.v:1072$1305_Y, Q = \soc.cpu.instr_sltu).
Setting constant 0-bit at position 0 on $auto$ff.cc:337:slice$8231 ($dffe) from module icebreaker.
Setting constant 0-bit at position 0 on $auto$ff.cc:337:slice$8230 ($dffe) from module icebreaker.
Setting constant 0-bit at position 0 on $auto$ff.cc:337:slice$8220 ($dffe) from module icebreaker.
Setting constant 0-bit at position 0 on $auto$ff.cc:337:slice$8219 ($dffe) from module icebreaker.
Setting constant 1-bit at position 0 on $auto$ff.cc:337:slice$7647 ($sdffe) from module icebreaker.

7.13.7. Executing OPT_CLEAN pass (remove unused cells and wires).
Finding unused cells or wires in module \icebreaker..
Removed 302 unused cells and 360 unused wires.
<suppressed ~304 debug messages>

7.13.8. Executing OPT_EXPR pass (perform const folding).
Optimizing module icebreaker.
<suppressed ~36 debug messages>

7.13.9. Rerunning OPT passes. (Maybe there is more to do..)

7.13.10. Executing OPT_MUXTREE pass (detect dead branches in mux trees).
Running muxtree optimizer on module \icebreaker..
  Creating internal representation of mux trees.
  Evaluating internal representation of mux trees.
  Analyzing evaluation results.
Removed 0 multiplexer ports.
<suppressed ~565 debug messages>

7.13.11. Executing OPT_REDUCE pass (consolidate $*mux and $reduce_* inputs).
  Optimizing cells in module \icebreaker.
    New input vector for $reduce_and cell $auto$opt_dff.cc:252:make_patterns_logic$8093: { \reset_cnt $auto$opt_dff.cc:234:make_patterns_logic$8078 $auto$opt_dff.cc:234:make_patterns_logic$8080 $auto$opt_dff.cc:234:make_patterns_logic$8082 $auto$opt_dff.cc:234:make_patterns_logic$8084 $auto$opt_dff.cc:234:make_patterns_logic$8086 $auto$opt_dff.cc:234:make_patterns_logic$8088 $auto$opt_dff.cc:234:make_patterns_logic$8090 }
    New input vector for $reduce_and cell $auto$opt_dff.cc:252:make_patterns_logic$8076: { \reset_cnt $auto$opt_dff.cc:234:make_patterns_logic$8059 $auto$opt_dff.cc:234:make_patterns_logic$8061 $auto$opt_dff.cc:234:make_patterns_logic$8063 $auto$opt_dff.cc:234:make_patterns_logic$8065 $auto$opt_dff.cc:234:make_patterns_logic$8067 $auto$opt_dff.cc:234:make_patterns_logic$8069 $auto$opt_dff.cc:234:make_patterns_logic$8071 $auto$opt_dff.cc:234:make_patterns_logic$8073 }
    New input vector for $reduce_and cell $auto$opt_dff.cc:252:make_patterns_logic$8028: { \soc.cpu.cpu_state [1] \soc.cpu.decoder_trigger \reset_cnt $auto$rtlil.cc:3197:Not$8022 $auto$rtlil.cc:3197:Not$8024 $auto$rtlil.cc:3197:Not$8026 }
    New input vector for $reduce_and cell $auto$opt_dff.cc:252:make_patterns_logic$7622: { $logic_and$icebreaker.v:113$395_Y \reset_cnt }
    New input vector for $reduce_and cell $auto$opt_dff.cc:278:combine_resets$7990: { $flatten\soc.\cpu.$logic_or$../picorv32.v:1857$1617_Y \reset_cnt $auto$fsm_map.cc:102:implement_pattern_cache$7305 }
    New input vector for $reduce_and cell $auto$opt_dff.cc:252:make_patterns_logic$7944: { \soc.cpu.cpu_state [1] \reset_cnt $auto$rtlil.cc:3197:Not$7942 }
    New input vector for $reduce_and cell $auto$opt_dff.cc:252:make_patterns_logic$7705: { \soc.cpu.cpu_state [2] \reset_cnt }
    New ctrl vector for $pmux cell $flatten\soc.\cpu.$procmux$2260: { \soc.cpu.cpu_state [1] \soc.cpu.cpu_state [2] }
  Optimizing cells in module \icebreaker.
Performed a total of 8 changes.

7.13.12. Executing OPT_MERGE pass (detect identical cells).
Finding identical cells in module `\icebreaker'.
Computing hashes of 1647 cells of `\icebreaker'.
Finding duplicate cells in `\icebreaker'.
Computing hashes of 1600 cells of `\icebreaker'.
Finding duplicate cells in `\icebreaker'.
Computing hashes of 1595 cells of `\icebreaker'.
Finding duplicate cells in `\icebreaker'.
<suppressed ~156 debug messages>
Removed a total of 52 cells.

7.13.13. Executing OPT_DFF pass (perform DFF optimizations).
Setting constant 0-bit at position 0 on $auto$ff.cc:337:slice$7940 ($dffe) from module icebreaker.

7.13.14. Executing OPT_CLEAN pass (remove unused cells and wires).
Finding unused cells or wires in module \icebreaker..
Removed 1 unused cells and 54 unused wires.
<suppressed ~2 debug messages>

7.13.15. Executing OPT_EXPR pass (perform const folding).
Optimizing module icebreaker.
<suppressed ~2 debug messages>

7.13.16. Rerunning OPT passes. (Maybe there is more to do..)

7.13.17. Executing OPT_MUXTREE pass (detect dead branches in mux trees).
Running muxtree optimizer on module \icebreaker..
  Creating internal representation of mux trees.
  Evaluating internal representation of mux trees.
  Analyzing evaluation results.
Removed 0 multiplexer ports.
<suppressed ~565 debug messages>

7.13.18. Executing OPT_REDUCE pass (consolidate $*mux and $reduce_* inputs).
  Optimizing cells in module \icebreaker.
Performed a total of 0 changes.

7.13.19. Executing OPT_MERGE pass (detect identical cells).
Finding identical cells in module `\icebreaker'.
Computing hashes of 1591 cells of `\icebreaker'.
Finding duplicate cells in `\icebreaker'.
Removed a total of 0 cells.

7.13.20. Executing OPT_DFF pass (perform DFF optimizations).

7.13.21. Executing OPT_CLEAN pass (remove unused cells and wires).
Finding unused cells or wires in module \icebreaker..
Removed 0 unused cells and 2 unused wires.
<suppressed ~1 debug messages>

7.13.22. Executing OPT_EXPR pass (perform const folding).
Optimizing module icebreaker.

7.13.23. Rerunning OPT passes. (Maybe there is more to do..)

7.13.24. Executing OPT_MUXTREE pass (detect dead branches in mux trees).
Running muxtree optimizer on module \icebreaker..
  Creating internal representation of mux trees.
  Evaluating internal representation of mux trees.
  Analyzing evaluation results.
Removed 0 multiplexer ports.
<suppressed ~565 debug messages>

7.13.25. Executing OPT_REDUCE pass (consolidate $*mux and $reduce_* inputs).
  Optimizing cells in module \icebreaker.
Performed a total of 0 changes.

7.13.26. Executing OPT_MERGE pass (detect identical cells).
Finding identical cells in module `\icebreaker'.
Computing hashes of 1591 cells of `\icebreaker'.
Finding duplicate cells in `\icebreaker'.
Removed a total of 0 cells.

7.13.27. Executing OPT_DFF pass (perform DFF optimizations).

7.13.28. Executing OPT_CLEAN pass (remove unused cells and wires).
Finding unused cells or wires in module \icebreaker..

7.13.29. Executing OPT_EXPR pass (perform const folding).
Optimizing module icebreaker.

7.13.30. Finished fast OPT passes. (There is nothing left to do.)

7.14. Executing WREDUCE pass (reducing word size of cells).
Removed top 25 address bits (of 32) from memory init port icebreaker.$flatten\soc.\spimem_cache.$auto$proc_memwr.cc:45:proc_memwr$6668 (soc.spimem_cache.cache_valid).
Removed top 25 address bits (of 32) from memory init port icebreaker.$flatten\soc.\spimem_cache.$auto$proc_memwr.cc:45:proc_memwr$6667 (soc.spimem_cache.cache_valid).
Removed top 25 address bits (of 32) from memory init port icebreaker.$flatten\soc.\spimem_cache.$auto$proc_memwr.cc:45:proc_memwr$6666 (soc.spimem_cache.cache_valid).
Removed top 25 address bits (of 32) from memory init port icebreaker.$flatten\soc.\spimem_cache.$auto$proc_memwr.cc:45:proc_memwr$6665 (soc.spimem_cache.cache_valid).
Removed top 25 address bits (of 32) from memory init port icebreaker.$flatten\soc.\spimem_cache.$auto$proc_memwr.cc:45:proc_memwr$6664 (soc.spimem_cache.cache_valid).
Removed top 25 address bits (of 32) from memory init port icebreaker.$flatten\soc.\spimem_cache.$auto$proc_memwr.cc:45:proc_memwr$6663 (soc.spimem_cache.cache_valid).
Removed top 25 address bits (of 32) from memory init port icebreaker.$flatten\soc.\spimem_cache.$auto$proc_memwr.cc:45:proc_memwr$6662 (soc.spimem_cache.cache_valid).
Removed top 25 address bits (of 32) from memory init port icebreaker.$flatten\soc.\spimem_cache.$auto$proc_memwr.cc:45:proc_memwr$6661 (soc.spimem_cache.cache_valid).
Removed top 25 address bits (of 32) from memory init port icebreaker.$flatten\soc.\spimem_cache.$auto$proc_memwr.cc:45:proc_memwr$6660 (soc.spimem_cache.cache_valid).
Removed top 25 address bits (of 32) from memory init port icebreaker.$flatten\soc.\spimem_cache.$auto$proc_memwr.cc:45:proc_memwr$6659 (soc.spimem_cache.cache_valid).
Removed top 25 address bits (of 32) from memory init port icebreaker.$flatten\soc.\spimem_cache.$auto$proc_memwr.cc:45:proc_memwr$6658 (soc.spimem_cache.cache_valid).
Removed top 25 address bits (of 32) from memory init port icebreaker.$flatten\soc.\spimem_cache.$auto$proc_memwr.cc:45:proc_memwr$6657 (soc.spimem_cache.cache_valid).
Removed top 25 address bits (of 32) from memory init port icebreaker.$flatten\soc.\spimem_cache.$auto$proc_memwr.cc:45:proc_memwr$6656 (soc.spimem_cache.cache_valid).
Removed top 25 address bits (of 32) from memory init port icebreaker.$flatten\soc.\spimem_cache.$auto$proc_memwr.cc:45:proc_memwr$6655 (soc.spimem_cache.cache_valid).
Removed top 25 address bits (of 32) from memory init port icebreaker.$flatten\soc.\spimem_cache.$auto$proc_memwr.cc:45:proc_memwr$6654 (soc.spimem_cache.cache_valid).
Removed top 25 address bits (of 32) from memory init port icebreaker.$flatten\soc.\spimem_cache.$auto$proc_memwr.cc:45:proc_memwr$6653 (soc.spimem_cache.cache_valid).
Removed top 25 address bits (of 32) from memory init port icebreaker.$flatten\soc.\spimem_cache.$auto$proc_memwr.cc:45:proc_memwr$6652 (soc.spimem_cache.cache_valid).
Removed top 25 address bits (of 32) from memory init port icebreaker.$flatten\soc.\spimem_cache.$auto$proc_memwr.cc:45:proc_memwr$6651 (soc.spimem_cache.cache_valid).
Removed top 25 address bits (of 32) from memory init port icebreaker.$flatten\soc.\spimem_cache.$auto$proc_memwr.cc:45:proc_memwr$6650 (soc.spimem_cache.cache_valid).
Removed top 25 address bits (of 32) from memory init port icebreaker.$flatten\soc.\spimem_cache.$auto$proc_memwr.cc:45:proc_memwr$6649 (soc.spimem_cache.cache_valid).
Removed top 25 address bits (of 32) from memory init port icebreaker.$flatten\soc.\spimem_cache.$auto$proc_memwr.cc:45:proc_memwr$6648 (soc.spimem_cache.cache_valid).
Removed top 25 address bits (of 32) from memory init port icebreaker.$flatten\soc.\spimem_cache.$auto$proc_memwr.cc:45:proc_memwr$6647 (soc.spimem_cache.cache_valid).
Removed top 25 address bits (of 32) from memory init port icebreaker.$flatten\soc.\spimem_cache.$auto$proc_memwr.cc:45:proc_memwr$6646 (soc.spimem_cache.cache_valid).
Removed top 25 address bits (of 32) from memory init port icebreaker.$flatten\soc.\spimem_cache.$auto$proc_memwr.cc:45:proc_memwr$6645 (soc.spimem_cache.cache_valid).
Removed top 25 address bits (of 32) from memory init port icebreaker.$flatten\soc.\spimem_cache.$auto$proc_memwr.cc:45:proc_memwr$6644 (soc.spimem_cache.cache_valid).
Removed top 25 address bits (of 32) from memory init port icebreaker.$flatten\soc.\spimem_cache.$auto$proc_memwr.cc:45:proc_memwr$6643 (soc.spimem_cache.cache_valid).
Removed top 25 address bits (of 32) from memory init port icebreaker.$flatten\soc.\spimem_cache.$auto$proc_memwr.cc:45:proc_memwr$6642 (soc.spimem_cache.cache_valid).
Removed top 25 address bits (of 32) from memory init port icebreaker.$flatten\soc.\spimem_cache.$auto$proc_memwr.cc:45:proc_memwr$6641 (soc.spimem_cache.cache_valid).
Removed top 25 address bits (of 32) from memory init port icebreaker.$flatten\soc.\spimem_cache.$auto$proc_memwr.cc:45:proc_memwr$6640 (soc.spimem_cache.cache_valid).
Removed top 25 address bits (of 32) from memory init port icebreaker.$flatten\soc.\spimem_cache.$auto$proc_memwr.cc:45:proc_memwr$6639 (soc.spimem_cache.cache_valid).
Removed top 25 address bits (of 32) from memory init port icebreaker.$flatten\soc.\spimem_cache.$auto$proc_memwr.cc:45:proc_memwr$6638 (soc.spimem_cache.cache_valid).
Removed top 25 address bits (of 32) from memory init port icebreaker.$flatten\soc.\spimem_cache.$auto$proc_memwr.cc:45:proc_memwr$6637 (soc.spimem_cache.cache_valid).
Removed top 25 address bits (of 32) from memory init port icebreaker.$flatten\soc.\spimem_cache.$auto$proc_memwr.cc:45:proc_memwr$6636 (soc.spimem_cache.cache_valid).
Removed top 25 address bits (of 32) from memory init port icebreaker.$flatten\soc.\spimem_cache.$auto$proc_memwr.cc:45:proc_memwr$6635 (soc.spimem_cache.cache_valid).
Removed top 25 address bits (of 32) from memory init port icebreaker.$flatten\soc.\spimem_cache.$auto$proc_memwr.cc:45:proc_memwr$6634 (soc.spimem_cache.cache_valid).
Removed top 25 address bits (of 32) from memory init port icebreaker.$flatten\soc.\spimem_cache.$auto$proc_memwr.cc:45:proc_memwr$6633 (soc.spimem_cache.cache_valid).
Removed top 25 address bits (of 32) from memory init port icebreaker.$flatten\soc.\spimem_cache.$auto$proc_memwr.cc:45:proc_memwr$6632 (soc.spimem_cache.cache_valid).
Removed top 25 address bits (of 32) from memory init port icebreaker.$flatten\soc.\spimem_cache.$auto$proc_memwr.cc:45:proc_memwr$6631 (soc.spimem_cache.cache_valid).
Removed top 25 address bits (of 32) from memory init port icebreaker.$flatten\soc.\spimem_cache.$auto$proc_memwr.cc:45:proc_memwr$6630 (soc.spimem_cache.cache_valid).
Removed top 25 address bits (of 32) from memory init port icebreaker.$flatten\soc.\spimem_cache.$auto$proc_memwr.cc:45:proc_memwr$6629 (soc.spimem_cache.cache_valid).
Removed top 25 address bits (of 32) from memory init port icebreaker.$flatten\soc.\spimem_cache.$auto$proc_memwr.cc:45:proc_memwr$6628 (soc.spimem_cache.cache_valid).
Removed top 25 address bits (of 32) from memory init port icebreaker.$flatten\soc.\spimem_cache.$auto$proc_memwr.cc:45:proc_memwr$6627 (soc.spimem_cache.cache_valid).
Removed top 25 address bits (of 32) from memory init port icebreaker.$flatten\soc.\spimem_cache.$auto$proc_memwr.cc:45:proc_memwr$6626 (soc.spimem_cache.cache_valid).
Removed top 25 address bits (of 32) from memory init port icebreaker.$flatten\soc.\spimem_cache.$auto$proc_memwr.cc:45:proc_memwr$6625 (soc.spimem_cache.cache_valid).
Removed top 25 address bits (of 32) from memory init port icebreaker.$flatten\soc.\spimem_cache.$auto$proc_memwr.cc:45:proc_memwr$6624 (soc.spimem_cache.cache_valid).
Removed top 25 address bits (of 32) from memory init port icebreaker.$flatten\soc.\spimem_cache.$auto$proc_memwr.cc:45:proc_memwr$6623 (soc.spimem_cache.cache_valid).
Removed top 25 address bits (of 32) from memory init port icebreaker.$flatten\soc.\spimem_cache.$auto$proc_memwr.cc:45:proc_memwr$6622 (soc.spimem_cache.cache_valid).
Removed top 25 address bits (of 32) from memory init port icebreaker.$flatten\soc.\spimem_cache.$auto$proc_memwr.cc:45:proc_memwr$6621 (soc.spimem_cache.cache_valid).
Removed top 25 address bits (of 32) from memory init port icebreaker.$flatten\soc.\spimem_cache.$auto$proc_memwr.cc:45:proc_memwr$6620 (soc.spimem_cache.cache_valid).
Removed top 25 address bits (of 32) from memory init port icebreaker.$flatten\soc.\spimem_cache.$auto$proc_memwr.cc:45:proc_memwr$6619 (soc.spimem_cache.cache_valid).
Removed top 25 address bits (of 32) from memory init port icebreaker.$flatten\soc.\spimem_cache.$auto$proc_memwr.cc:45:proc_memwr$6618 (soc.spimem_cache.cache_valid).
Removed top 25 address bits (of 32) from memory init port icebreaker.$flatten\soc.\spimem_cache.$auto$proc_memwr.cc:45:proc_memwr$6617 (soc.spimem_cache.cache_valid).
Removed top 25 address bits (of 32) from memory init port icebreaker.$flatten\soc.\spimem_cache.$auto$proc_memwr.cc:45:proc_memwr$6616 (soc.spimem_cache.cache_valid).
Removed top 25 address bits (of 32) from memory init port icebreaker.$flatten\soc.\spimem_cache.$auto$proc_memwr.cc:45:proc_memwr$6615 (soc.spimem_cache.cache_valid).
Removed top 25 address bits (of 32) from memory init port icebreaker.$flatten\soc.\spimem_cache.$auto$proc_memwr.cc:45:proc_memwr$6614 (soc.spimem_cache.cache_valid).
Removed top 25 address bits (of 32) from memory init port icebreaker.$flatten\soc.\spimem_cache.$auto$proc_memwr.cc:45:proc_memwr$6613 (soc.spimem_cache.cache_valid).
Removed top 25 address bits (of 32) from memory init port icebreaker.$flatten\soc.\spimem_cache.$auto$proc_memwr.cc:45:proc_memwr$6612 (soc.spimem_cache.cache_valid).
Removed top 25 address bits (of 32) from memory init port icebreaker.$flatten\soc.\spimem_cache.$auto$proc_memwr.cc:45:proc_memwr$6611 (soc.spimem_cache.cache_valid).
Removed top 25 address bits (of 32) from memory init port icebreaker.$flatten\soc.\spimem_cache.$auto$proc_memwr.cc:45:proc_memwr$6610 (soc.spimem_cache.cache_valid).
Removed top 25 address bits (of 32) from memory init port icebreaker.$flatten\soc.\spimem_cache.$auto$proc_memwr.cc:45:proc_memwr$6609 (soc.spimem_cache.cache_valid).
Removed top 25 address bits (of 32) from memory init port icebreaker.$flatten\soc.\spimem_cache.$auto$proc_memwr.cc:45:proc_memwr$6608 (soc.spimem_cache.cache_valid).
Removed top 25 address bits (of 32) from memory init port icebreaker.$flatten\soc.\spimem_cache.$auto$proc_memwr.cc:45:proc_memwr$6607 (soc.spimem_cache.cache_valid).
Removed top 25 address bits (of 32) from memory init port icebreaker.$flatten\soc.\spimem_cache.$auto$proc_memwr.cc:45:proc_memwr$6606 (soc.spimem_cache.cache_valid).
Removed top 25 address bits (of 32) from memory init port icebreaker.$flatten\soc.\spimem_cache.$auto$proc_memwr.cc:45:proc_memwr$6605 (soc.spimem_cache.cache_valid).
Removed top 25 address bits (of 32) from memory init port icebreaker.$flatten\soc.\spimem_cache.$auto$proc_memwr.cc:45:proc_memwr$6604 (soc.spimem_cache.cache_valid).
Removed top 25 address bits (of 32) from memory init port icebreaker.$flatten\soc.\spimem_cache.$auto$proc_memwr.cc:45:proc_memwr$6603 (soc.spimem_cache.cache_valid).
Removed top 25 address bits (of 32) from memory init port icebreaker.$flatten\soc.\spimem_cache.$auto$proc_memwr.cc:45:proc_memwr$6602 (soc.spimem_cache.cache_valid).
Removed top 25 address bits (of 32) from memory init port icebreaker.$flatten\soc.\spimem_cache.$auto$proc_memwr.cc:45:proc_memwr$6601 (soc.spimem_cache.cache_valid).
Removed top 25 address bits (of 32) from memory init port icebreaker.$flatten\soc.\spimem_cache.$auto$proc_memwr.cc:45:proc_memwr$6600 (soc.spimem_cache.cache_valid).
Removed top 25 address bits (of 32) from memory init port icebreaker.$flatten\soc.\spimem_cache.$auto$proc_memwr.cc:45:proc_memwr$6599 (soc.spimem_cache.cache_valid).
Removed top 25 address bits (of 32) from memory init port icebreaker.$flatten\soc.\spimem_cache.$auto$proc_memwr.cc:45:proc_memwr$6598 (soc.spimem_cache.cache_valid).
Removed top 25 address bits (of 32) from memory init port icebreaker.$flatten\soc.\spimem_cache.$auto$proc_memwr.cc:45:proc_memwr$6597 (soc.spimem_cache.cache_valid).
Removed top 25 address bits (of 32) from memory init port icebreaker.$flatten\soc.\spimem_cache.$auto$proc_memwr.cc:45:proc_memwr$6596 (soc.spimem_cache.cache_valid).
Removed top 25 address bits (of 32) from memory init port icebreaker.$flatten\soc.\spimem_cache.$auto$proc_memwr.cc:45:proc_memwr$6595 (soc.spimem_cache.cache_valid).
Removed top 25 address bits (of 32) from memory init port icebreaker.$flatten\soc.\spimem_cache.$auto$proc_memwr.cc:45:proc_memwr$6594 (soc.spimem_cache.cache_valid).
Removed top 25 address bits (of 32) from memory init port icebreaker.$flatten\soc.\spimem_cache.$auto$proc_memwr.cc:45:proc_memwr$6593 (soc.spimem_cache.cache_valid).
Removed top 25 address bits (of 32) from memory init port icebreaker.$flatten\soc.\spimem_cache.$auto$proc_memwr.cc:45:proc_memwr$6592 (soc.spimem_cache.cache_valid).
Removed top 25 address bits (of 32) from memory init port icebreaker.$flatten\soc.\spimem_cache.$auto$proc_memwr.cc:45:proc_memwr$6591 (soc.spimem_cache.cache_valid).
Removed top 25 address bits (of 32) from memory init port icebreaker.$flatten\soc.\spimem_cache.$auto$proc_memwr.cc:45:proc_memwr$6590 (soc.spimem_cache.cache_valid).
Removed top 25 address bits (of 32) from memory init port icebreaker.$flatten\soc.\spimem_cache.$auto$proc_memwr.cc:45:proc_memwr$6589 (soc.spimem_cache.cache_valid).
Removed top 25 address bits (of 32) from memory init port icebreaker.$flatten\soc.\spimem_cache.$auto$proc_memwr.cc:45:proc_memwr$6588 (soc.spimem_cache.cache_valid).
Removed top 25 address bits (of 32) from memory init port icebreaker.$flatten\soc.\spimem_cache.$auto$proc_memwr.cc:45:proc_memwr$6587 (soc.spimem_cache.cache_valid).
Removed top 25 address bits (of 32) from memory init port icebreaker.$flatten\soc.\spimem_cache.$auto$proc_memwr.cc:45:proc_memwr$6586 (soc.spimem_cache.cache_valid).
Removed top 25 address bits (of 32) from memory init port icebreaker.$flatten\soc.\spimem_cache.$auto$proc_memwr.cc:45:proc_memwr$6585 (soc.spimem_cache.cache_valid).
Removed top 25 address bits (of 32) from memory init port icebreaker.$flatten\soc.\spimem_cache.$auto$proc_memwr.cc:45:proc_memwr$6584 (soc.spimem_cache.cache_valid).
Removed top 25 address bits (of 32) from memory init port icebreaker.$flatten\soc.\spimem_cache.$auto$proc_memwr.cc:45:proc_memwr$6583 (soc.spimem_cache.cache_valid).
Removed top 25 address bits (of 32) from memory init port icebreaker.$flatten\soc.\spimem_cache.$auto$proc_memwr.cc:45:proc_memwr$6582 (soc.spimem_cache.cache_valid).
Removed top 25 address bits (of 32) from memory init port icebreaker.$flatten\soc.\spimem_cache.$auto$proc_memwr.cc:45:proc_memwr$6581 (soc.spimem_cache.cache_valid).
Removed top 25 address bits (of 32) from memory init port icebreaker.$flatten\soc.\spimem_cache.$auto$proc_memwr.cc:45:proc_memwr$6580 (soc.spimem_cache.cache_valid).
Removed top 25 address bits (of 32) from memory init port icebreaker.$flatten\soc.\spimem_cache.$auto$proc_memwr.cc:45:proc_memwr$6579 (soc.spimem_cache.cache_valid).
Removed top 25 address bits (of 32) from memory init port icebreaker.$flatten\soc.\spimem_cache.$auto$proc_memwr.cc:45:proc_memwr$6578 (soc.spimem_cache.cache_valid).
Removed top 25 address bits (of 32) from memory init port icebreaker.$flatten\soc.\spimem_cache.$auto$proc_memwr.cc:45:proc_memwr$6577 (soc.spimem_cache.cache_valid).
Removed top 25 address bits (of 32) from memory init port icebreaker.$flatten\soc.\spimem_cache.$auto$proc_memwr.cc:45:proc_memwr$6576 (soc.spimem_cache.cache_valid).
Removed top 25 address bits (of 32) from memory init port icebreaker.$flatten\soc.\spimem_cache.$auto$proc_memwr.cc:45:proc_memwr$6575 (soc.spimem_cache.cache_valid).
Removed top 25 address bits (of 32) from memory init port icebreaker.$flatten\soc.\spimem_cache.$auto$proc_memwr.cc:45:proc_memwr$6574 (soc.spimem_cache.cache_valid).
Removed top 25 address bits (of 32) from memory init port icebreaker.$flatten\soc.\spimem_cache.$auto$proc_memwr.cc:45:proc_memwr$6573 (soc.spimem_cache.cache_valid).
Removed top 25 address bits (of 32) from memory init port icebreaker.$flatten\soc.\spimem_cache.$auto$proc_memwr.cc:45:proc_memwr$6572 (soc.spimem_cache.cache_valid).
Removed top 25 address bits (of 32) from memory init port icebreaker.$flatten\soc.\spimem_cache.$auto$proc_memwr.cc:45:proc_memwr$6571 (soc.spimem_cache.cache_valid).
Removed top 25 address bits (of 32) from memory init port icebreaker.$flatten\soc.\spimem_cache.$auto$proc_memwr.cc:45:proc_memwr$6570 (soc.spimem_cache.cache_valid).
Removed top 25 address bits (of 32) from memory init port icebreaker.$flatten\soc.\spimem_cache.$auto$proc_memwr.cc:45:proc_memwr$6569 (soc.spimem_cache.cache_valid).
Removed top 25 address bits (of 32) from memory init port icebreaker.$flatten\soc.\spimem_cache.$auto$proc_memwr.cc:45:proc_memwr$6568 (soc.spimem_cache.cache_valid).
Removed top 25 address bits (of 32) from memory init port icebreaker.$flatten\soc.\spimem_cache.$auto$proc_memwr.cc:45:proc_memwr$6567 (soc.spimem_cache.cache_valid).
Removed top 25 address bits (of 32) from memory init port icebreaker.$flatten\soc.\spimem_cache.$auto$proc_memwr.cc:45:proc_memwr$6566 (soc.spimem_cache.cache_valid).
Removed top 25 address bits (of 32) from memory init port icebreaker.$flatten\soc.\spimem_cache.$auto$proc_memwr.cc:45:proc_memwr$6565 (soc.spimem_cache.cache_valid).
Removed top 25 address bits (of 32) from memory init port icebreaker.$flatten\soc.\spimem_cache.$auto$proc_memwr.cc:45:proc_memwr$6564 (soc.spimem_cache.cache_valid).
Removed top 25 address bits (of 32) from memory init port icebreaker.$flatten\soc.\spimem_cache.$auto$proc_memwr.cc:45:proc_memwr$6563 (soc.spimem_cache.cache_valid).
Removed top 25 address bits (of 32) from memory init port icebreaker.$flatten\soc.\spimem_cache.$auto$proc_memwr.cc:45:proc_memwr$6562 (soc.spimem_cache.cache_valid).
Removed top 25 address bits (of 32) from memory init port icebreaker.$flatten\soc.\spimem_cache.$auto$proc_memwr.cc:45:proc_memwr$6561 (soc.spimem_cache.cache_valid).
Removed top 25 address bits (of 32) from memory init port icebreaker.$flatten\soc.\spimem_cache.$auto$proc_memwr.cc:45:proc_memwr$6560 (soc.spimem_cache.cache_valid).
Removed top 25 address bits (of 32) from memory init port icebreaker.$flatten\soc.\spimem_cache.$auto$proc_memwr.cc:45:proc_memwr$6559 (soc.spimem_cache.cache_valid).
Removed top 25 address bits (of 32) from memory init port icebreaker.$flatten\soc.\spimem_cache.$auto$proc_memwr.cc:45:proc_memwr$6558 (soc.spimem_cache.cache_valid).
Removed top 25 address bits (of 32) from memory init port icebreaker.$flatten\soc.\spimem_cache.$auto$proc_memwr.cc:45:proc_memwr$6557 (soc.spimem_cache.cache_valid).
Removed top 25 address bits (of 32) from memory init port icebreaker.$flatten\soc.\spimem_cache.$auto$proc_memwr.cc:45:proc_memwr$6556 (soc.spimem_cache.cache_valid).
Removed top 25 address bits (of 32) from memory init port icebreaker.$flatten\soc.\spimem_cache.$auto$proc_memwr.cc:45:proc_memwr$6555 (soc.spimem_cache.cache_valid).
Removed top 25 address bits (of 32) from memory init port icebreaker.$flatten\soc.\spimem_cache.$auto$proc_memwr.cc:45:proc_memwr$6554 (soc.spimem_cache.cache_valid).
Removed top 25 address bits (of 32) from memory init port icebreaker.$flatten\soc.\spimem_cache.$auto$proc_memwr.cc:45:proc_memwr$6553 (soc.spimem_cache.cache_valid).
Removed top 25 address bits (of 32) from memory init port icebreaker.$flatten\soc.\spimem_cache.$auto$proc_memwr.cc:45:proc_memwr$6552 (soc.spimem_cache.cache_valid).
Removed top 25 address bits (of 32) from memory init port icebreaker.$flatten\soc.\spimem_cache.$auto$proc_memwr.cc:45:proc_memwr$6551 (soc.spimem_cache.cache_valid).
Removed top 25 address bits (of 32) from memory init port icebreaker.$flatten\soc.\spimem_cache.$auto$proc_memwr.cc:45:proc_memwr$6550 (soc.spimem_cache.cache_valid).
Removed top 25 address bits (of 32) from memory init port icebreaker.$flatten\soc.\spimem_cache.$auto$proc_memwr.cc:45:proc_memwr$6549 (soc.spimem_cache.cache_valid).
Removed top 25 address bits (of 32) from memory init port icebreaker.$flatten\soc.\spimem_cache.$auto$proc_memwr.cc:45:proc_memwr$6548 (soc.spimem_cache.cache_valid).
Removed top 25 address bits (of 32) from memory init port icebreaker.$flatten\soc.\spimem_cache.$auto$proc_memwr.cc:45:proc_memwr$6547 (soc.spimem_cache.cache_valid).
Removed top 25 address bits (of 32) from memory init port icebreaker.$flatten\soc.\spimem_cache.$auto$proc_memwr.cc:45:proc_memwr$6546 (soc.spimem_cache.cache_valid).
Removed top 25 address bits (of 32) from memory init port icebreaker.$flatten\soc.\spimem_cache.$auto$proc_memwr.cc:45:proc_memwr$6545 (soc.spimem_cache.cache_valid).
Removed top 25 address bits (of 32) from memory init port icebreaker.$flatten\soc.\spimem_cache.$auto$proc_memwr.cc:45:proc_memwr$6544 (soc.spimem_cache.cache_valid).
Removed top 25 address bits (of 32) from memory init port icebreaker.$flatten\soc.\spimem_cache.$auto$proc_memwr.cc:45:proc_memwr$6543 (soc.spimem_cache.cache_valid).
Removed top 25 address bits (of 32) from memory init port icebreaker.$flatten\soc.\spimem_cache.$auto$proc_memwr.cc:45:proc_memwr$6542 (soc.spimem_cache.cache_valid).
Removed top 25 address bits (of 32) from memory init port icebreaker.$flatten\soc.\spimem_cache.$auto$proc_memwr.cc:45:proc_memwr$6541 (soc.spimem_cache.cache_valid).
Removed top 28 address bits (of 32) from memory init port icebreaker.$flatten\seven_segment_ctrl.\msb_nibble.$auto$mem.cc:351:emit$1760 ($flatten\seven_segment_ctrl.\msb_nibble.$auto$proc_rom.cc:155:do_switch$1758).
Removed top 28 address bits (of 32) from memory init port icebreaker.$flatten\seven_segment_ctrl.\lsb_nibble.$auto$mem.cc:351:emit$1760 ($flatten\seven_segment_ctrl.\lsb_nibble.$auto$proc_rom.cc:155:do_switch$1758).
Removed top 11 bits (of 31) from FF cell icebreaker.$auto$ff.cc:337:slice$8237 ($dffe).
Removed top 1 bits (of 4) from FF cell icebreaker.$auto$ff.cc:337:slice$8172 ($sdff).
Removed top 1 bits (of 2) from port B of cell icebreaker.$auto$opt_dff.cc:235:make_patterns_logic$8120 ($ne).
Removed top 2 bits (of 4) from port B of cell icebreaker.$auto$opt_dff.cc:235:make_patterns_logic$8118 ($ne).
Removed top 2 bits (of 3) from port B of cell icebreaker.$auto$opt_dff.cc:235:make_patterns_logic$8116 ($ne).
Removed top 1 bits (of 2) from port B of cell icebreaker.$auto$opt_dff.cc:235:make_patterns_logic$8101 ($ne).
Removed top 3 bits (of 4) from port B of cell icebreaker.$auto$opt_dff.cc:235:make_patterns_logic$8087 ($ne).
Removed top 1 bits (of 2) from port B of cell icebreaker.$auto$opt_dff.cc:235:make_patterns_logic$8072 ($ne).
Removed top 2 bits (of 3) from port B of cell icebreaker.$auto$opt_dff.cc:235:make_patterns_logic$8068 ($ne).
Removed top 1 bits (of 2) from port B of cell icebreaker.$auto$opt_dff.cc:235:make_patterns_logic$8049 ($ne).
Removed top 1 bits (of 2) from port B of cell icebreaker.$auto$opt_dff.cc:235:make_patterns_logic$8047 ($ne).
Removed top 1 bits (of 2) from port B of cell icebreaker.$auto$opt_dff.cc:235:make_patterns_logic$8036 ($ne).
Removed top 2 bits (of 3) from port B of cell icebreaker.$auto$opt_dff.cc:235:make_patterns_logic$8016 ($ne).
Removed top 2 bits (of 4) from port B of cell icebreaker.$auto$opt_dff.cc:235:make_patterns_logic$8012 ($ne).
Removed top 2 bits (of 6) from port B of cell icebreaker.$auto$opt_dff.cc:235:make_patterns_logic$8008 ($ne).
Removed top 1 bits (of 3) from port B of cell icebreaker.$auto$opt_dff.cc:235:make_patterns_logic$8006 ($ne).
Removed top 1 bits (of 3) from port B of cell icebreaker.$auto$opt_dff.cc:235:make_patterns_logic$7970 ($ne).
Removed top 1 bits (of 2) from port B of cell icebreaker.$auto$opt_dff.cc:235:make_patterns_logic$7915 ($ne).
Removed top 2 bits (of 3) from port B of cell icebreaker.$auto$opt_dff.cc:235:make_patterns_logic$7872 ($ne).
Removed top 2 bits (of 3) from port B of cell icebreaker.$auto$opt_dff.cc:235:make_patterns_logic$7870 ($ne).
Removed top 1 bits (of 2) from port B of cell icebreaker.$auto$opt_dff.cc:235:make_patterns_logic$7848 ($ne).
Removed top 1 bits (of 2) from port B of cell icebreaker.$auto$opt_dff.cc:235:make_patterns_logic$7742 ($ne).
Removed top 1 bits (of 2) from port B of cell icebreaker.$auto$opt_dff.cc:235:make_patterns_logic$7740 ($ne).
Removed top 1 bits (of 7) from port B of cell icebreaker.$auto$fsm_map.cc:77:implement_pattern_cache$7611 ($eq).
Removed top 2 bits (of 8) from port B of cell icebreaker.$auto$fsm_map.cc:77:implement_pattern_cache$7607 ($eq).
Removed top 3 bits (of 7) from port B of cell icebreaker.$auto$fsm_map.cc:77:implement_pattern_cache$7603 ($eq).
Removed top 3 bits (of 5) from port B of cell icebreaker.$auto$fsm_map.cc:77:implement_pattern_cache$7599 ($eq).
Removed top 1 bits (of 6) from port B of cell icebreaker.$auto$fsm_map.cc:77:implement_pattern_cache$7591 ($eq).
Removed top 2 bits (of 7) from port B of cell icebreaker.$auto$fsm_map.cc:77:implement_pattern_cache$7587 ($eq).
Removed top 3 bits (of 6) from port B of cell icebreaker.$auto$fsm_map.cc:77:implement_pattern_cache$7583 ($eq).
Removed top 3 bits (of 4) from port B of cell icebreaker.$auto$fsm_map.cc:77:implement_pattern_cache$7579 ($eq).
Removed top 1 bits (of 6) from port B of cell icebreaker.$auto$fsm_map.cc:77:implement_pattern_cache$7571 ($eq).
Removed top 2 bits (of 7) from port B of cell icebreaker.$auto$fsm_map.cc:77:implement_pattern_cache$7567 ($eq).
Removed top 3 bits (of 6) from port B of cell icebreaker.$auto$fsm_map.cc:77:implement_pattern_cache$7563 ($eq).
Removed top 2 bits (of 4) from port B of cell icebreaker.$auto$fsm_map.cc:77:implement_pattern_cache$7559 ($eq).
Removed top 1 bits (of 10) from port B of cell icebreaker.$auto$fsm_map.cc:77:implement_pattern_cache$7510 ($eq).
Removed top 2 bits (of 11) from port B of cell icebreaker.$auto$fsm_map.cc:77:implement_pattern_cache$7506 ($eq).
Removed top 3 bits (of 10) from port B of cell icebreaker.$auto$fsm_map.cc:77:implement_pattern_cache$7502 ($eq).
Removed top 3 bits (of 8) from port B of cell icebreaker.$auto$fsm_map.cc:77:implement_pattern_cache$7498 ($eq).
Removed top 1 bits (of 6) from port B of cell icebreaker.$auto$fsm_map.cc:77:implement_pattern_cache$7489 ($eq).
Removed top 2 bits (of 7) from port B of cell icebreaker.$auto$fsm_map.cc:77:implement_pattern_cache$7485 ($eq).
Removed top 3 bits (of 6) from port B of cell icebreaker.$auto$fsm_map.cc:77:implement_pattern_cache$7481 ($eq).
Removed top 3 bits (of 4) from port B of cell icebreaker.$auto$fsm_map.cc:77:implement_pattern_cache$7477 ($eq).
Removed top 1 bits (of 6) from port B of cell icebreaker.$auto$fsm_map.cc:77:implement_pattern_cache$7469 ($eq).
Removed top 2 bits (of 7) from port B of cell icebreaker.$auto$fsm_map.cc:77:implement_pattern_cache$7465 ($eq).
Removed top 3 bits (of 6) from port B of cell icebreaker.$auto$fsm_map.cc:77:implement_pattern_cache$7461 ($eq).
Removed top 2 bits (of 4) from port B of cell icebreaker.$auto$fsm_map.cc:77:implement_pattern_cache$7457 ($eq).
Removed top 1 bits (of 10) from port B of cell icebreaker.$auto$fsm_map.cc:77:implement_pattern_cache$7449 ($eq).
Removed top 2 bits (of 11) from port B of cell icebreaker.$auto$fsm_map.cc:77:implement_pattern_cache$7445 ($eq).
Removed top 3 bits (of 10) from port B of cell icebreaker.$auto$fsm_map.cc:77:implement_pattern_cache$7441 ($eq).
Removed top 3 bits (of 8) from port B of cell icebreaker.$auto$fsm_map.cc:77:implement_pattern_cache$7437 ($eq).
Removed top 1 bits (of 7) from port B of cell icebreaker.$auto$fsm_map.cc:77:implement_pattern_cache$7428 ($eq).
Removed top 2 bits (of 8) from port B of cell icebreaker.$auto$fsm_map.cc:77:implement_pattern_cache$7424 ($eq).
Removed top 3 bits (of 7) from port B of cell icebreaker.$auto$fsm_map.cc:77:implement_pattern_cache$7420 ($eq).
Removed top 2 bits (of 5) from port B of cell icebreaker.$auto$fsm_map.cc:77:implement_pattern_cache$7416 ($eq).
Removed top 1 bits (of 6) from port B of cell icebreaker.$auto$fsm_map.cc:77:implement_pattern_cache$7408 ($eq).
Removed top 2 bits (of 7) from port B of cell icebreaker.$auto$fsm_map.cc:77:implement_pattern_cache$7404 ($eq).
Removed top 3 bits (of 6) from port B of cell icebreaker.$auto$fsm_map.cc:77:implement_pattern_cache$7400 ($eq).
Removed top 2 bits (of 4) from port B of cell icebreaker.$auto$fsm_map.cc:77:implement_pattern_cache$7396 ($eq).
Removed top 1 bits (of 12) from port B of cell icebreaker.$auto$fsm_map.cc:77:implement_pattern_cache$7388 ($eq).
Removed top 2 bits (of 13) from port B of cell icebreaker.$auto$fsm_map.cc:77:implement_pattern_cache$7384 ($eq).
Removed top 3 bits (of 12) from port B of cell icebreaker.$auto$fsm_map.cc:77:implement_pattern_cache$7380 ($eq).
Removed top 7 bits (of 10) from port B of cell icebreaker.$auto$fsm_map.cc:77:implement_pattern_cache$7376 ($eq).
Removed top 1 bits (of 6) from port B of cell icebreaker.$auto$fsm_map.cc:77:implement_pattern_cache$7371 ($eq).
Removed top 2 bits (of 8) from port B of cell icebreaker.$auto$fsm_map.cc:77:implement_pattern_cache$7367 ($eq).
Removed top 3 bits (of 9) from port B of cell icebreaker.$auto$fsm_map.cc:77:implement_pattern_cache$7363 ($eq).
Removed top 4 bits (of 8) from port B of cell icebreaker.$auto$fsm_map.cc:77:implement_pattern_cache$7359 ($eq).
Removed top 4 bits (of 6) from port B of cell icebreaker.$auto$fsm_map.cc:77:implement_pattern_cache$7355 ($eq).
Removed top 1 bits (of 9) from port B of cell icebreaker.$auto$fsm_map.cc:77:implement_pattern_cache$7347 ($eq).
Removed top 2 bits (of 10) from port B of cell icebreaker.$auto$fsm_map.cc:77:implement_pattern_cache$7343 ($eq).
Removed top 3 bits (of 9) from port B of cell icebreaker.$auto$fsm_map.cc:77:implement_pattern_cache$7339 ($eq).
Removed top 4 bits (of 7) from port B of cell icebreaker.$auto$fsm_map.cc:77:implement_pattern_cache$7335 ($eq).
Removed top 1 bits (of 7) from port B of cell icebreaker.$auto$fsm_map.cc:77:implement_pattern_cache$7322 ($eq).
Removed top 2 bits (of 8) from port B of cell icebreaker.$auto$fsm_map.cc:77:implement_pattern_cache$7316 ($eq).
Removed top 3 bits (of 7) from port B of cell icebreaker.$auto$fsm_map.cc:77:implement_pattern_cache$7310 ($eq).
Removed top 2 bits (of 5) from port B of cell icebreaker.$auto$fsm_map.cc:77:implement_pattern_cache$7304 ($eq).
Removed top 1 bits (of 6) from port B of cell icebreaker.$auto$fsm_map.cc:77:implement_pattern_cache$7296 ($eq).
Removed top 2 bits (of 7) from port B of cell icebreaker.$auto$fsm_map.cc:77:implement_pattern_cache$7292 ($eq).
Removed top 3 bits (of 6) from port B of cell icebreaker.$auto$fsm_map.cc:77:implement_pattern_cache$7288 ($eq).
Removed top 2 bits (of 4) from port B of cell icebreaker.$auto$fsm_map.cc:77:implement_pattern_cache$7284 ($eq).
Removed top 1 bits (of 6) from port B of cell icebreaker.$auto$fsm_map.cc:77:implement_pattern_cache$7276 ($eq).
Removed top 2 bits (of 7) from port B of cell icebreaker.$auto$fsm_map.cc:77:implement_pattern_cache$7272 ($eq).
Removed top 3 bits (of 6) from port B of cell icebreaker.$auto$fsm_map.cc:77:implement_pattern_cache$7268 ($eq).
Removed top 2 bits (of 4) from port B of cell icebreaker.$auto$fsm_map.cc:77:implement_pattern_cache$7264 ($eq).
Removed top 1 bits (of 7) from port B of cell icebreaker.$auto$fsm_map.cc:77:implement_pattern_cache$7256 ($eq).
Removed top 2 bits (of 8) from port B of cell icebreaker.$auto$fsm_map.cc:77:implement_pattern_cache$7252 ($eq).
Removed top 3 bits (of 7) from port B of cell icebreaker.$auto$fsm_map.cc:77:implement_pattern_cache$7248 ($eq).
Removed top 2 bits (of 5) from port B of cell icebreaker.$auto$fsm_map.cc:77:implement_pattern_cache$7244 ($eq).
Removed top 1 bits (of 6) from port B of cell icebreaker.$auto$fsm_map.cc:77:implement_pattern_cache$7236 ($eq).
Removed top 2 bits (of 7) from port B of cell icebreaker.$auto$fsm_map.cc:77:implement_pattern_cache$7232 ($eq).
Removed top 3 bits (of 6) from port B of cell icebreaker.$auto$fsm_map.cc:77:implement_pattern_cache$7228 ($eq).
Removed top 3 bits (of 4) from port B of cell icebreaker.$auto$fsm_map.cc:77:implement_pattern_cache$7224 ($eq).
Removed top 1 bits (of 8) from port B of cell icebreaker.$auto$fsm_map.cc:77:implement_pattern_cache$7216 ($eq).
Removed top 2 bits (of 9) from port B of cell icebreaker.$auto$fsm_map.cc:77:implement_pattern_cache$7212 ($eq).
Removed top 3 bits (of 8) from port B of cell icebreaker.$auto$fsm_map.cc:77:implement_pattern_cache$7208 ($eq).
Removed top 5 bits (of 6) from port B of cell icebreaker.$auto$fsm_map.cc:77:implement_pattern_cache$7204 ($eq).
Removed top 1 bits (of 7) from port B of cell icebreaker.$auto$fsm_map.cc:77:implement_pattern_cache$7180 ($eq).
Removed top 2 bits (of 9) from port B of cell icebreaker.$auto$fsm_map.cc:77:implement_pattern_cache$7176 ($eq).
Removed top 3 bits (of 10) from port B of cell icebreaker.$auto$fsm_map.cc:77:implement_pattern_cache$7172 ($eq).
Removed top 4 bits (of 9) from port B of cell icebreaker.$auto$fsm_map.cc:77:implement_pattern_cache$7168 ($eq).
Removed top 3 bits (of 7) from port B of cell icebreaker.$auto$fsm_map.cc:77:implement_pattern_cache$7164 ($eq).
Removed top 1 bits (of 9) from port B of cell icebreaker.$auto$fsm_map.cc:77:implement_pattern_cache$7156 ($eq).
Removed top 2 bits (of 10) from port B of cell icebreaker.$auto$fsm_map.cc:77:implement_pattern_cache$7152 ($eq).
Removed top 3 bits (of 9) from port B of cell icebreaker.$auto$fsm_map.cc:77:implement_pattern_cache$7148 ($eq).
Removed top 4 bits (of 7) from port B of cell icebreaker.$auto$fsm_map.cc:77:implement_pattern_cache$7144 ($eq).
Removed top 1 bits (of 7) from port B of cell icebreaker.$auto$fsm_map.cc:77:implement_pattern_cache$7136 ($eq).
Removed top 2 bits (of 8) from port B of cell icebreaker.$auto$fsm_map.cc:77:implement_pattern_cache$7132 ($eq).
Removed top 3 bits (of 7) from port B of cell icebreaker.$auto$fsm_map.cc:77:implement_pattern_cache$7128 ($eq).
Removed top 2 bits (of 5) from port B of cell icebreaker.$auto$fsm_map.cc:77:implement_pattern_cache$7124 ($eq).
Removed top 1 bits (of 5) from port B of cell icebreaker.$auto$fsm_map.cc:77:implement_pattern_cache$7120 ($eq).
Removed top 2 bits (of 6) from port B of cell icebreaker.$auto$fsm_map.cc:77:implement_pattern_cache$7118 ($eq).
Removed top 3 bits (of 5) from port B of cell icebreaker.$auto$fsm_map.cc:77:implement_pattern_cache$7116 ($eq).
Removed top 1 bits (of 6) from port B of cell icebreaker.$auto$fsm_map.cc:77:implement_pattern_cache$7106 ($eq).
Removed top 2 bits (of 7) from port B of cell icebreaker.$auto$fsm_map.cc:77:implement_pattern_cache$7102 ($eq).
Removed top 3 bits (of 6) from port B of cell icebreaker.$auto$fsm_map.cc:77:implement_pattern_cache$7098 ($eq).
Removed top 2 bits (of 4) from port B of cell icebreaker.$auto$fsm_map.cc:77:implement_pattern_cache$7094 ($eq).
Removed top 1 bits (of 4) from port B of cell icebreaker.$auto$fsm_map.cc:77:implement_pattern_cache$7089 ($eq).
Removed top 3 bits (of 5) from port B of cell icebreaker.$auto$fsm_map.cc:77:implement_pattern_cache$7087 ($eq).
Removed top 1 bits (of 5) from port B of cell icebreaker.$auto$fsm_map.cc:77:implement_pattern_cache$7079 ($eq).
Removed top 2 bits (of 6) from port B of cell icebreaker.$auto$fsm_map.cc:77:implement_pattern_cache$7075 ($eq).
Removed top 3 bits (of 5) from port B of cell icebreaker.$auto$fsm_map.cc:77:implement_pattern_cache$7071 ($eq).
Removed top 2 bits (of 3) from port B of cell icebreaker.$auto$fsm_map.cc:77:implement_pattern_cache$7067 ($eq).
Removed top 1 bits (of 7) from port B of cell icebreaker.$auto$fsm_map.cc:77:implement_pattern_cache$7063 ($eq).
Removed top 2 bits (of 9) from port B of cell icebreaker.$auto$fsm_map.cc:77:implement_pattern_cache$7059 ($eq).
Removed top 3 bits (of 10) from port B of cell icebreaker.$auto$fsm_map.cc:77:implement_pattern_cache$7055 ($eq).
Removed top 4 bits (of 9) from port B of cell icebreaker.$auto$fsm_map.cc:77:implement_pattern_cache$7051 ($eq).
Removed top 4 bits (of 7) from port B of cell icebreaker.$auto$fsm_map.cc:77:implement_pattern_cache$7047 ($eq).
Removed top 1 bits (of 3) from port B of cell icebreaker.$auto$fsm_map.cc:77:implement_pattern_cache$7013 ($eq).
Removed top 1 bits (of 4) from port B of cell icebreaker.$auto$fsm_map.cc:77:implement_pattern_cache$7005 ($eq).
Removed top 2 bits (of 3) from port B of cell icebreaker.$auto$fsm_map.cc:77:implement_pattern_cache$6948 ($eq).
Removed top 1 bits (of 4) from port B of cell icebreaker.$auto$fsm_map.cc:77:implement_pattern_cache$6939 ($eq).
Removed top 2 bits (of 3) from port B of cell icebreaker.$auto$fsm_map.cc:77:implement_pattern_cache$6932 ($eq).
Removed top 3 bits (of 4) from port B of cell icebreaker.$auto$fsm_map.cc:77:implement_pattern_cache$6891 ($eq).
Removed top 5 bits (of 6) from port B of cell icebreaker.$add$icebreaker.v:56$387 ($add).
Removed top 6 bits (of 8) from port B of cell icebreaker.$eq$icebreaker.v:113$394 ($eq).
Removed top 31 bits (of 32) from port B of cell icebreaker.$flatten\seven_segment_ctrl.$add$icebreaker.v:197$455 ($add).
Removed top 22 bits (of 32) from port Y of cell icebreaker.$flatten\seven_segment_ctrl.$add$icebreaker.v:197$455 ($add).
Removed top 31 bits (of 32) from port B of cell icebreaker.$flatten\soc.\simpleuart.$add$simpleuart.v:74$478 ($add).
Removed top 31 bits (of 32) from port B of cell icebreaker.$flatten\soc.\simpleuart.$add$simpleuart.v:99$484 ($add).
Removed top 28 bits (of 32) from port Y of cell icebreaker.$flatten\soc.\simpleuart.$add$simpleuart.v:99$484 ($add).
Removed top 31 bits (of 32) from port B of cell icebreaker.$flatten\soc.\simpleuart.$add$simpleuart.v:112$487 ($add).
Removed top 31 bits (of 32) from port B of cell icebreaker.$flatten\soc.\simpleuart.$sub$simpleuart.v:132$495 ($sub).
Removed top 28 bits (of 32) from port Y of cell icebreaker.$flatten\soc.\simpleuart.$sub$simpleuart.v:132$495 ($sub).
Removed top 1 bits (of 10) from mux cell icebreaker.$flatten\soc.\simpleuart.$procmux$6036 ($mux).
Removed top 1 bits (of 10) from mux cell icebreaker.$flatten\soc.\simpleuart.$procmux$6039 ($mux).
Removed top 3 bits (of 4) from port B of cell icebreaker.$flatten\soc.\simpleuart.$procmux$6096_CMP0 ($eq).
Removed top 3 bits (of 4) from port B of cell icebreaker.$flatten\soc.\spimemio.$eq$spimemio.v:221$530 ($eq).
Removed top 2 bits (of 4) from port B of cell icebreaker.$flatten\soc.\spimemio.$eq$spimemio.v:222$532 ($eq).
Removed top 2 bits (of 4) from port B of cell icebreaker.$flatten\soc.\spimemio.$eq$spimemio.v:223$534 ($eq).
Removed top 1 bits (of 4) from port B of cell icebreaker.$flatten\soc.\spimemio.$eq$spimemio.v:224$536 ($eq).
Removed top 29 bits (of 32) from port B of cell icebreaker.$flatten\soc.\spimemio.$add$spimemio.v:226$538 ($add).
Removed top 7 bits (of 32) from port Y of cell icebreaker.$flatten\soc.\spimemio.$add$spimemio.v:226$538 ($add).
Removed top 8 bits (of 32) from mux cell icebreaker.$flatten\soc.\spimemio.$ternary$spimemio.v:226$540 ($mux).
Removed top 1 bits (of 8) from mux cell icebreaker.$flatten\soc.\spimemio.$ternary$spimemio.v:316$545 ($mux).
Removed top 1 bits (of 2) from port B of cell icebreaker.$flatten\soc.\spimemio.$procmux$5945_CMP0 ($eq).
Removed top 1 bits (of 2) from port B of cell icebreaker.$flatten\soc.\spimemio.\xfer.$procmux$1935_CMP0 ($eq).
Removed top 28 bits (of 32) from mux cell icebreaker.$flatten\soc.\spimemio.\xfer.$ternary$spimemio.v:567$1725 ($mux).
Removed top 2 bits (of 4) from port B of cell icebreaker.$flatten\soc.\spimemio.\xfer.$sub$spimemio.v:524$1708 ($sub).
Removed top 1 bits (of 4) from port B of cell icebreaker.$flatten\soc.\spimemio.\xfer.$sub$spimemio.v:491$1696 ($sub).
Removed top 3 bits (of 4) from port B of cell icebreaker.$flatten\soc.\spimemio.\xfer.$sub$spimemio.v:471$1689 ($sub).
Removed top 31 bits (of 32) from port B of cell icebreaker.$flatten\soc.\spimem_cache.$add$picosoc.v:381$980 ($add).
Removed top 31 bits (of 32) from port B of cell icebreaker.$flatten\soc.\spimem_cache.$add$picosoc.v:388$989 ($add).
Removed top 3 bits (of 4) from port A of cell icebreaker.$flatten\soc.\cpu.$shl$../picorv32.v:419$1084 ($shl).
Removed top 30 bits (of 32) from mux cell icebreaker.$flatten\soc.\cpu.$ternary$../picorv32.v:617$1143 ($mux).
Removed top 1 bits (of 7) from port B of cell icebreaker.$flatten\soc.\cpu.$eq$../picorv32.v:867$1162 ($eq).
Removed top 2 bits (of 7) from port B of cell icebreaker.$flatten\soc.\cpu.$eq$../picorv32.v:868$1163 ($eq).
Removed top 4 bits (of 7) from port B of cell icebreaker.$flatten\soc.\cpu.$eq$../picorv32.v:872$1173 ($eq).
Removed top 5 bits (of 7) from port B of cell icebreaker.$flatten\soc.\cpu.$eq$../picorv32.v:875$1177 ($eq).
Removed top 1 bits (of 7) from port B of cell icebreaker.$flatten\soc.\cpu.$eq$../picorv32.v:876$1178 ($eq).
Removed top 2 bits (of 7) from port B of cell icebreaker.$flatten\soc.\cpu.$eq$../picorv32.v:877$1179 ($eq).
Removed top 1 bits (of 7) from port B of cell icebreaker.$flatten\soc.\cpu.$eq$../picorv32.v:878$1180 ($eq).
Removed top 3 bits (of 7) from port B of cell icebreaker.$flatten\soc.\cpu.$eq$../picorv32.v:889$1186 ($eq).
Removed top 5 bits (of 7) from port B of cell icebreaker.$flatten\soc.\cpu.$eq$../picorv32.v:889$1187 ($eq).
Removed top 3 bits (of 7) from port B of cell icebreaker.$flatten\soc.\cpu.$eq$../picorv32.v:1088$1360 ($eq).
Removed top 5 bits (of 7) from port B of cell icebreaker.$flatten\soc.\cpu.$eq$../picorv32.v:1092$1374 ($eq).
Removed top 3 bits (of 7) from port B of cell icebreaker.$flatten\soc.\cpu.$eq$../picorv32.v:1093$1377 ($eq).
Removed top 4 bits (of 7) from port B of cell icebreaker.$flatten\soc.\cpu.$eq$../picorv32.v:1093$1378 ($eq).
Removed top 1 bits (of 3) from port B of cell icebreaker.$flatten\soc.\cpu.$eq$../picorv32.v:1104$1396 ($eq).
Removed top 1 bits (of 3) from port B of cell icebreaker.$flatten\soc.\cpu.$eq$../picorv32.v:1103$1397 ($eq).
Removed top 1 bits (of 7) from port B of cell icebreaker.$flatten\soc.\cpu.$eq$../picorv32.v:1113$1403 ($eq).
Removed top 2 bits (of 3) from port B of cell icebreaker.$flatten\soc.\cpu.$eq$../picorv32.v:1111$1408 ($eq).
Removed top 29 bits (of 32) from port B of cell icebreaker.$flatten\soc.\cpu.$add$../picorv32.v:1317$1460 ($add).
Removed top 31 bits (of 32) from port B of cell icebreaker.$flatten\soc.\cpu.$sub$../picorv32.v:1426$1490 ($sub).
Removed top 28 bits (of 32) from port Y of cell icebreaker.$flatten\soc.\cpu.$sub$../picorv32.v:1426$1490 ($sub).
Removed top 31 bits (of 32) from port B of cell icebreaker.$flatten\soc.\cpu.$add$../picorv32.v:1433$1492 ($add).
Removed top 1 bits (of 2) from port B of cell icebreaker.$flatten\soc.\cpu.$eq$../picorv32.v:1541$1534 ($eq).
Removed top 29 bits (of 32) from mux cell icebreaker.$flatten\soc.\cpu.$ternary$../picorv32.v:1546$1537 ($mux).
Removed top 29 bits (of 32) from port B of cell icebreaker.$flatten\soc.\cpu.$add$../picorv32.v:1560$1545 ($add).
Removed top 31 bits (of 32) from port B of cell icebreaker.$flatten\soc.\cpu.$add$../picorv32.v:1564$1546 ($add).
Removed top 29 bits (of 32) from port B of cell icebreaker.$flatten\soc.\cpu.$ge$../picorv32.v:1835$1600 ($ge).
Removed top 29 bits (of 32) from port B of cell icebreaker.$flatten\soc.\cpu.$sub$../picorv32.v:1842$1608 ($sub).
Removed top 27 bits (of 32) from port Y of cell icebreaker.$flatten\soc.\cpu.$sub$../picorv32.v:1842$1608 ($sub).
Removed top 31 bits (of 32) from port B of cell icebreaker.$flatten\soc.\cpu.$sub$../picorv32.v:1850$1615 ($sub).
Removed top 27 bits (of 32) from port Y of cell icebreaker.$flatten\soc.\cpu.$sub$../picorv32.v:1850$1615 ($sub).
Removed top 31 bits (of 32) from port B of cell icebreaker.$flatten\soc.\cpu.$sub$../picorv32.v:1918$1632 ($sub).
Removed top 29 bits (of 32) from mux cell icebreaker.$flatten\soc.\cpu.$procmux$2690 ($mux).
Removed top 1 bits (of 2) from port B of cell icebreaker.$flatten\soc.\cpu.$procmux$4995_CMP0 ($eq).
Removed top 1 bits (of 2) from port B of cell icebreaker.$flatten\soc.\cpu.$procmux$4763_CMP0 ($eq).
Removed top 2 bits (of 3) from port B of cell icebreaker.$flatten\soc.\cpu.\genblk1.pcpi_mul.$procmux$1824_CMP0 ($eq).
Removed top 1 bits (of 3) from port B of cell icebreaker.$flatten\soc.\cpu.\genblk1.pcpi_mul.$procmux$1816_CMP0 ($eq).
Removed top 1 bits (of 3) from port B of cell icebreaker.$flatten\soc.\cpu.\genblk1.pcpi_mul.$procmux$1809_CMP0 ($eq).
Removed cell icebreaker.$flatten\soc.\cpu.\genblk1.pcpi_mul.$procmux$1785 ($mux).
Removed cell icebreaker.$flatten\soc.\cpu.\genblk1.pcpi_mul.$procmux$1779 ($mux).
Removed top 32 bits (of 64) from mux cell icebreaker.$flatten\soc.\cpu.\genblk1.pcpi_mul.$ternary$../picorv32.v:2411$1746 ($mux).
Converting cell icebreaker.$flatten\soc.\cpu.\genblk1.pcpi_mul.$mul$../picorv32.v:2371$1739 ($mul) from unsigned to signed.
Removed top 31 bits (of 64) from port A of cell icebreaker.$flatten\soc.\cpu.\genblk1.pcpi_mul.$mul$../picorv32.v:2371$1739 ($mul).
Removed top 31 bits (of 64) from port B of cell icebreaker.$flatten\soc.\cpu.\genblk1.pcpi_mul.$mul$../picorv32.v:2371$1739 ($mul).
Removed top 6 bits (of 7) from port B of cell icebreaker.$flatten\soc.\cpu.\genblk1.pcpi_mul.$eq$../picorv32.v:2345$1732 ($eq).
Removed top 1 bits (of 7) from port B of cell icebreaker.$flatten\soc.\cpu.\genblk1.pcpi_mul.$eq$../picorv32.v:2345$1730 ($eq).
Removed top 14 bits (of 32) from port B of cell icebreaker.$flatten\soc.$lt$picosoc.v:262$451 ($lt).
Removed top 6 bits (of 32) from port B of cell icebreaker.$flatten\soc.$lt$picosoc.v:189$437 ($lt).
Removed top 14 bits (of 32) from port B of cell icebreaker.$flatten\soc.$ge$picosoc.v:189$435 ($ge).
Removed top 6 bits (of 32) from port B of cell icebreaker.$flatten\soc.$eq$picosoc.v:145$412 ($eq).
Removed top 6 bits (of 32) from port B of cell icebreaker.$flatten\soc.$eq$picosoc.v:142$410 ($eq).
Removed top 6 bits (of 32) from port B of cell icebreaker.$flatten\soc.$eq$picosoc.v:139$408 ($eq).
Removed top 7 bits (of 8) from port B of cell icebreaker.$flatten\soc.$gt$picosoc.v:134$406 ($gt).
Removed top 6 bits (of 32) from port B of cell icebreaker.$flatten\soc.$eq$picosoc.v:125$400 ($eq).
Removed top 6 bits (of 32) from port B of cell icebreaker.$flatten\soc.$eq$picosoc.v:124$398 ($eq).
Removed top 1 bits (of 3) from FF cell icebreaker.$auto$ff.cc:337:slice$8172 ($sdff).
Removed top 7 bits (of 32) from port B of cell icebreaker.$flatten\soc.\spimemio.$ne$spimemio.v:72$502 ($ne).
Removed top 29 bits (of 32) from wire icebreaker.$flatten\soc.\cpu.$0\irq_pending[31:0].
Removed top 28 bits (of 32) from wire icebreaker.$flatten\soc.\cpu.$sub$../picorv32.v:1426$1490_Y.
Removed top 29 bits (of 32) from wire icebreaker.$flatten\soc.\cpu.$1\next_irq_pending[31:0].
Removed top 3 bits (of 4) from wire icebreaker.$flatten\soc.\spimemio.\xfer.$reduce_or$spimemio.v:471$1688_Y.
Removed top 28 bits (of 32) from wire icebreaker.$flatten\soc.\spimemio.\xfer.$ternary$spimemio.v:567$1725_Y.
Removed top 29 bits (of 32) from wire icebreaker.$flatten\soc.\cpu.$ternary$../picorv32.v:1546$1537_Y.
Removed top 29 bits (of 32) from wire icebreaker.$flatten\soc.\cpu.$14\next_irq_pending[31:0].
Removed top 27 bits (of 32) from wire icebreaker.$flatten\soc.\cpu.$sub$../picorv32.v:1850$1615_Y.
Removed top 27 bits (of 32) from wire icebreaker.$flatten\soc.\cpu.$sub$../picorv32.v:1842$1608_Y.
Removed top 1 bits (of 8) from wire icebreaker.$flatten\soc.\spimemio.$ternary$spimemio.v:316$545_Y.
Removed top 8 bits (of 32) from wire icebreaker.$flatten\soc.\spimemio.$ternary$spimemio.v:226$540_Y.
Removed top 7 bits (of 32) from wire icebreaker.$flatten\soc.\spimemio.$add$spimemio.v:226$538_Y.
Removed top 1 bits (of 10) from wire icebreaker.$flatten\soc.\simpleuart.$procmux$6039_Y.
Removed top 1 bits (of 10) from wire icebreaker.$flatten\soc.\simpleuart.$procmux$6036_Y.
Removed top 28 bits (of 32) from wire icebreaker.$flatten\soc.\simpleuart.$sub$simpleuart.v:132$495_Y.
Removed top 28 bits (of 32) from wire icebreaker.$flatten\soc.\simpleuart.$add$simpleuart.v:99$484_Y.
Removed top 5 bits (of 6) from wire icebreaker.$logic_not$icebreaker.v:56$386_Y.

7.15. Executing PEEPOPT pass (run peephole optimizers).

7.16. Executing OPT_CLEAN pass (remove unused cells and wires).
Finding unused cells or wires in module \icebreaker..
Removed 0 unused cells and 23 unused wires.
<suppressed ~1 debug messages>

7.17. Executing SHARE pass (SAT-based resource sharing).
Found 5 cells in module icebreaker that may be considered for resource sharing.
  Analyzing resource sharing options for $flatten\seven_segment_ctrl.\msb_nibble.$auto$mem.cc:305:emit$1759 ($memrd_v2):
    Found 1 activation_patterns using ctrl signal \seven_segment_ctrl.msb_not_lsb.
    No candidates found.
  Analyzing resource sharing options for $flatten\seven_segment_ctrl.\lsb_nibble.$auto$mem.cc:305:emit$1759 ($memrd_v2):
    Found 1 activation_patterns using ctrl signal \seven_segment_ctrl.msb_not_lsb.
    No candidates found.
  Analyzing resource sharing options for $flatten\soc.\spimem_cache.$memrd$\cache_data$picosoc.v:356$686 ($memrd):
    Found 1 activation_patterns using ctrl signal { \soc.spimem_cache_ready $flatten\soc.$logic_and$picosoc.v:149$414_Y \soc.spimem_cache.cache_hit }.
    No candidates found.
  Analyzing resource sharing options for $flatten\soc.\cpu.\cpuregs.$memrd$\regs$picosoc.v:414$1755 ($memrd):
    Found 1 activation_patterns using ctrl signal $flatten\soc.\cpu.$reduce_bool$../picorv32.v:1390$1472_Y.
    Found 1 candidates: $flatten\soc.\cpu.\cpuregs.$memrd$\regs$picosoc.v:415$1756
    Analyzing resource sharing with $flatten\soc.\cpu.\cpuregs.$memrd$\regs$picosoc.v:415$1756 ($memrd):
      Found 2 activation_patterns using ctrl signal { $flatten\soc.\cpu.$reduce_bool$../picorv32.v:1391$1474_Y \soc.cpu.cpu_state [2] \soc.cpu.is_slli_srli_srai \resetn $auto$opt_reduce.cc:137:opt_pmux$6685 $auto$opt_reduce.cc:137:opt_pmux$6687 $auto$opt_reduce.cc:137:opt_pmux$6697 }.
      Activation pattern for cell $flatten\soc.\cpu.\cpuregs.$memrd$\regs$picosoc.v:414$1755: $flatten\soc.\cpu.$reduce_bool$../picorv32.v:1390$1472_Y = 1'1
      Activation pattern for cell $flatten\soc.\cpu.\cpuregs.$memrd$\regs$picosoc.v:415$1756: { $flatten\soc.\cpu.$reduce_bool$../picorv32.v:1391$1474_Y $auto$opt_reduce.cc:137:opt_pmux$6685 $auto$opt_reduce.cc:137:opt_pmux$6687 } = 3'100
      Activation pattern for cell $flatten\soc.\cpu.\cpuregs.$memrd$\regs$picosoc.v:415$1756: { $flatten\soc.\cpu.$reduce_bool$../picorv32.v:1391$1474_Y \soc.cpu.cpu_state [2] \soc.cpu.is_slli_srli_srai \resetn $auto$opt_reduce.cc:137:opt_pmux$6697 } = 5'11010
      Size of SAT problem: 9 cells, 151 variables, 332 clauses
      According to the SAT solver this pair of cells can not be shared.
      Model from SAT solver: { $flatten\soc.\cpu.$reduce_bool$../picorv32.v:1391$1474_Y $flatten\soc.\cpu.$reduce_bool$../picorv32.v:1390$1472_Y \soc.cpu.cpu_state [2] \soc.cpu.is_slli_srli_srai \resetn $auto$opt_reduce.cc:137:opt_pmux$6685 $auto$opt_reduce.cc:137:opt_pmux$6687 $auto$opt_reduce.cc:137:opt_pmux$6697 } = 8'11000000
  Analyzing resource sharing options for $flatten\soc.\cpu.\cpuregs.$memrd$\regs$picosoc.v:415$1756 ($memrd):
    Found 2 activation_patterns using ctrl signal { $flatten\soc.\cpu.$reduce_bool$../picorv32.v:1391$1474_Y \soc.cpu.cpu_state [2] \soc.cpu.is_slli_srli_srai \resetn $auto$opt_reduce.cc:137:opt_pmux$6685 $auto$opt_reduce.cc:137:opt_pmux$6687 $auto$opt_reduce.cc:137:opt_pmux$6697 }.
    No candidates found.

7.18. Executing TECHMAP pass (map to technology primitives).

7.18.1. Executing Verilog-2005 frontend: /homes/cl2033/oss-cad-suite/lib/../share/yosys/cmp2lut.v
Parsing Verilog input from `/homes/cl2033/oss-cad-suite/lib/../share/yosys/cmp2lut.v' to AST representation.
Generating RTLIL representation for module `\_90_lut_cmp_'.
Successfully finished Verilog frontend.

7.18.2. Continuing TECHMAP pass.
No more expansions possible.
<suppressed ~244 debug messages>

7.19. Executing OPT_EXPR pass (perform const folding).
Optimizing module icebreaker.

7.20. Executing OPT_CLEAN pass (remove unused cells and wires).
Finding unused cells or wires in module \icebreaker..

7.21. Executing MEMORY_DFF pass (merging $dff cells to $memrd).
Checking read port `\soc.cpu.cpuregs.regs'[0] in module `\icebreaker': no output FF found.
Checking read port `\soc.cpu.cpuregs.regs'[1] in module `\icebreaker': no output FF found.
Checking read port `\soc.spimem_cache.cache_valid'[0] in module `\icebreaker': no output FF found.
Checking read port `\soc.spimem_cache.cache_data'[0] in module `\icebreaker': no output FF found.
Checking read port `\soc.spimem_cache.cache_addr'[0] in module `\icebreaker': no output FF found.
Checking read port `$flatten\seven_segment_ctrl.\msb_nibble.$auto$proc_rom.cc:155:do_switch$1758'[0] in module `\icebreaker': no output FF found.
Checking read port `$flatten\seven_segment_ctrl.\lsb_nibble.$auto$proc_rom.cc:155:do_switch$1758'[0] in module `\icebreaker': no output FF found.
Checking read port address `\soc.cpu.cpuregs.regs'[0] in module `\icebreaker': merged address FF to cell.
Checking read port address `\soc.cpu.cpuregs.regs'[1] in module `\icebreaker': merged address FF to cell.
Checking read port address `\soc.spimem_cache.cache_valid'[0] in module `\icebreaker': merged address FF to cell.
Checking read port address `\soc.spimem_cache.cache_data'[0] in module `\icebreaker': merged address FF to cell.
Checking read port address `\soc.spimem_cache.cache_addr'[0] in module `\icebreaker': merged address FF to cell.
Checking read port address `$flatten\seven_segment_ctrl.\msb_nibble.$auto$proc_rom.cc:155:do_switch$1758'[0] in module `\icebreaker': merged address FF to cell.
Checking read port address `$flatten\seven_segment_ctrl.\lsb_nibble.$auto$proc_rom.cc:155:do_switch$1758'[0] in module `\icebreaker': merged address FF to cell.

7.22. Executing WREDUCE pass (reducing word size of cells).

7.23. Executing TECHMAP pass (map to technology primitives).

7.23.1. Executing Verilog-2005 frontend: /homes/cl2033/oss-cad-suite/lib/../share/yosys/mul2dsp.v
Parsing Verilog input from `/homes/cl2033/oss-cad-suite/lib/../share/yosys/mul2dsp.v' to AST representation.
Generating RTLIL representation for module `\_80_mul'.
Generating RTLIL representation for module `\_90_soft_mul'.
Successfully finished Verilog frontend.

7.23.2. Executing Verilog-2005 frontend: /homes/cl2033/oss-cad-suite/lib/../share/yosys/ice40/dsp_map.v
Parsing Verilog input from `/homes/cl2033/oss-cad-suite/lib/../share/yosys/ice40/dsp_map.v' to AST representation.
Generating RTLIL representation for module `$__MUL16X16'.
Successfully finished Verilog frontend.

7.23.3. Continuing TECHMAP pass.
Using template $paramod$5efeea90693f84d3d630c641baa632b310460194\_80_mul for cells of type $mul.
Using template $paramod$fe3f08c82dc5cecd4a24543ed8a4e62df626c9e1\_80_mul for cells of type $__mul.
Using template $paramod$2ffd9f5c4d2342f026c1383579123954dafb052e\_90_soft_mul for cells of type $__mul.
Using template $paramod$92398c55cd62669b28876c227b4269e3610ebe7b\_80_mul for cells of type $__mul.
Using template $paramod$04102eddbb25e3003f2ea9d39f38ce53d47fc2f5\_90_soft_mul for cells of type $__mul.
Using template $paramod$c33ca6cc290ce647b4a8312d13907f93404a692e$__MUL16X16 for cells of type $__MUL16X16.
No more expansions possible.
<suppressed ~376 debug messages>

7.24. Executing OPT_EXPR pass (perform const folding).
Optimizing module icebreaker.
<suppressed ~6 debug messages>

7.25. Executing WREDUCE pass (reducing word size of cells).
Removed top 1 bits (of 17) from port Y of cell icebreaker.$techmap$flatten\soc.\cpu.\genblk1.pcpi_mul.$mul$../picorv32.v:2371$1739.genblk1.genblk1.genblk1.genblk1.genblk1.genblk1.sliceA[1].mul.$add$/homes/cl2033/oss-cad-suite/lib/../share/yosys/mul2dsp.v:230$8303 ($add).
Removed top 1 bits (of 17) from port A of cell icebreaker.$techmap$flatten\soc.\cpu.\genblk1.pcpi_mul.$mul$../picorv32.v:2371$1739.genblk1.genblk1.genblk1.genblk1.genblk1.genblk1.sliceA[1].mul.$add$/homes/cl2033/oss-cad-suite/lib/../share/yosys/mul2dsp.v:230$8303 ($add).
Removed top 1 bits (of 17) from port B of cell icebreaker.$techmap$flatten\soc.\cpu.\genblk1.pcpi_mul.$mul$../picorv32.v:2371$1739.genblk1.genblk1.genblk1.genblk1.genblk1.genblk1.sliceA[1].mul.$add$/homes/cl2033/oss-cad-suite/lib/../share/yosys/mul2dsp.v:230$8303 ($add).
Removed top 1 bits (of 33) from port A of cell icebreaker.$techmap$flatten\soc.\cpu.\genblk1.pcpi_mul.$mul$../picorv32.v:2371$1739.genblk1.genblk1.genblk1.genblk1.genblk1.genblk1.sliceA[1].mul.$add$/homes/cl2033/oss-cad-suite/lib/../share/yosys/mul2dsp.v:216$8300 ($add).
Removed top 17 bits (of 33) from port B of cell icebreaker.$techmap$flatten\soc.\cpu.\genblk1.pcpi_mul.$mul$../picorv32.v:2371$1739.genblk1.genblk1.genblk1.genblk1.genblk1.genblk1.sliceA[1].mul.$add$/homes/cl2033/oss-cad-suite/lib/../share/yosys/mul2dsp.v:216$8300 ($add).
Removed top 1 bits (of 33) from port Y of cell icebreaker.$techmap$flatten\soc.\cpu.\genblk1.pcpi_mul.$mul$../picorv32.v:2371$1739.genblk1.genblk1.genblk1.genblk1.genblk1.genblk1.sliceA[1].mul.$add$/homes/cl2033/oss-cad-suite/lib/../share/yosys/mul2dsp.v:216$8300 ($add).
Removed top 1 bits (of 33) from port A of cell icebreaker.$techmap$flatten\soc.\cpu.\genblk1.pcpi_mul.$mul$../picorv32.v:2371$1739.genblk1.genblk1.genblk1.genblk1.genblk1.genblk1.sliceA[0].mul.$add$/homes/cl2033/oss-cad-suite/lib/../share/yosys/mul2dsp.v:216$8300 ($add).
Removed top 17 bits (of 33) from port B of cell icebreaker.$techmap$flatten\soc.\cpu.\genblk1.pcpi_mul.$mul$../picorv32.v:2371$1739.genblk1.genblk1.genblk1.genblk1.genblk1.genblk1.sliceA[0].mul.$add$/homes/cl2033/oss-cad-suite/lib/../share/yosys/mul2dsp.v:216$8300 ($add).
Removed top 15 bits (of 48) from port B of cell icebreaker.$techmap$flatten\soc.\cpu.\genblk1.pcpi_mul.$mul$../picorv32.v:2371$1739.$add$/homes/cl2033/oss-cad-suite/lib/../share/yosys/mul2dsp.v:159$8293 ($add).

7.26. Executing ICE40_DSP pass (map multipliers).
Checking icebreaker.$flatten\soc.\cpu.\genblk1.pcpi_mul.$mul$../picorv32.v:2371$1739.genblk1.genblk1.genblk1.genblk1.genblk1.genblk1.sliceA[0].mul.genblk1.genblk1.genblk1.genblk1.genblk1.genblk1.genblk1.sliceB[1].mul for iCE40 DSP inference.
  clock: \clk (posedge) ffA:$auto$ff.cc:337:slice$8171 ffB:$auto$ff.cc:337:slice$8168
  adder $techmap$flatten\soc.\cpu.\genblk1.pcpi_mul.$mul$../picorv32.v:2371$1739.genblk1.genblk1.genblk1.genblk1.genblk1.genblk1.sliceA[0].mul.$add$/homes/cl2033/oss-cad-suite/lib/../share/yosys/mul2dsp.v:216$8300 ($add)
Checking icebreaker.$flatten\soc.\cpu.\genblk1.pcpi_mul.$mul$../picorv32.v:2371$1739.genblk1.genblk1.genblk1.genblk1.genblk1.genblk1.sliceA[1].mul.genblk1.genblk1.genblk1.genblk1.genblk1.genblk1.genblk1.sliceB[0].mul for iCE40 DSP inference.
  clock: \clk (posedge) ffA:$auto$ff.cc:337:slice$8171 ffB:$auto$ff.cc:337:slice$8168
Checking icebreaker.$flatten\soc.\cpu.\genblk1.pcpi_mul.$mul$../picorv32.v:2371$1739.genblk1.genblk1.genblk1.genblk1.genblk1.genblk1.sliceA[1].mul.genblk1.genblk1.genblk1.genblk1.genblk1.genblk1.genblk1.sliceB[1].mul for iCE40 DSP inference.
  clock: \clk (posedge) ffA:$auto$ff.cc:337:slice$8171 ffB:$auto$ff.cc:337:slice$8168
  adder $techmap$flatten\soc.\cpu.\genblk1.pcpi_mul.$mul$../picorv32.v:2371$1739.genblk1.genblk1.genblk1.genblk1.genblk1.genblk1.sliceA[1].mul.$add$/homes/cl2033/oss-cad-suite/lib/../share/yosys/mul2dsp.v:216$8300 ($add)
Checking icebreaker.$flatten\soc.\cpu.\genblk1.pcpi_mul.$mul$../picorv32.v:2371$1739.genblk1.genblk1.genblk1.genblk1.genblk1.genblk1.sliceA[0].mul.genblk1.genblk1.genblk1.genblk1.genblk1.genblk1.genblk1.sliceB[0].mul for iCE40 DSP inference.
  clock: \clk (posedge) ffA:$auto$ff.cc:337:slice$8171 ffB:$auto$ff.cc:337:slice$8168 ffO:$flatten\soc.\cpu.\genblk1.pcpi_mul.$procdff$6181
<suppressed ~40 debug messages>

7.27. Executing ALUMACC pass (create $alu and $macc cells).
Extracting $alu and $macc cells in module icebreaker:
  creating $macc model for $techmap$flatten\soc.\cpu.\genblk1.pcpi_mul.$mul$../picorv32.v:2371$1739.genblk1.genblk1.genblk1.genblk1.genblk1.genblk1.sliceA[1].mul.$add$/homes/cl2033/oss-cad-suite/lib/../share/yosys/mul2dsp.v:230$8303 ($add).
  creating $macc model for $techmap$flatten\soc.\cpu.\genblk1.pcpi_mul.$mul$../picorv32.v:2371$1739.genblk1.genblk1.genblk1.genblk1.genblk1.genblk1.sliceA[0].mul.$add$/homes/cl2033/oss-cad-suite/lib/../share/yosys/mul2dsp.v:230$8303 ($add).
  creating $macc model for $flatten\soc.\cpu.\genblk1.pcpi_mul.$mul$../picorv32.v:2371$1739.genblk1.genblk1.genblk1.genblk1.genblk1.genblk1.sliceA.last ($mul).
  creating $macc model for $flatten\soc.\cpu.\genblk1.pcpi_mul.$mul$../picorv32.v:2371$1739.genblk1.genblk1.genblk1.genblk1.genblk1.genblk1.sliceA[0].mul.genblk1.genblk1.genblk1.genblk1.genblk1.genblk1.genblk1.mul_sliceB_last ($mul).
  creating $macc model for $techmap$flatten\soc.\cpu.\genblk1.pcpi_mul.$mul$../picorv32.v:2371$1739.$add$/homes/cl2033/oss-cad-suite/lib/../share/yosys/mul2dsp.v:173$8296 ($add).
  creating $macc model for $techmap$flatten\soc.\cpu.\genblk1.pcpi_mul.$mul$../picorv32.v:2371$1739.$add$/homes/cl2033/oss-cad-suite/lib/../share/yosys/mul2dsp.v:159$8293 ($add).
  creating $macc model for $flatten\soc.\cpu.\genblk1.pcpi_mul.$mul$../picorv32.v:2371$1739.genblk1.genblk1.genblk1.genblk1.genblk1.genblk1.sliceA[1].mul.genblk1.genblk1.genblk1.genblk1.genblk1.genblk1.genblk1.mul_sliceB_last ($mul).
  creating $macc model for $flatten\soc.\cpu.$add$../picorv32.v:1240$1668 ($add).
  creating $macc model for $flatten\soc.\cpu.$sub$../picorv32.v:1240$1667 ($sub).
  creating $macc model for $flatten\soc.\cpu.$add$../picorv32.v:1433$1492 ($add).
  creating $macc model for $flatten\soc.\cpu.$sub$../picorv32.v:1426$1490 ($sub).
  creating $macc model for $flatten\soc.\cpu.$add$../picorv32.v:1317$1460 ($add).
  creating $macc model for $flatten\soc.\cpu.$sub$../picorv32.v:1918$1632 ($sub).
  creating $macc model for $flatten\soc.\cpu.$add$../picorv32.v:1897$1627 ($add).
  creating $macc model for $flatten\soc.\spimem_cache.$add$picosoc.v:388$989 ($add).
  creating $macc model for $flatten\soc.\spimem_cache.$add$picosoc.v:381$980 ($add).
  creating $macc model for $flatten\soc.\spimemio.\xfer.$sub$spimemio.v:471$1689 ($sub).
  creating $macc model for $flatten\soc.\spimemio.\xfer.$sub$spimemio.v:491$1696 ($sub).
  creating $macc model for $flatten\soc.\cpu.$sub$../picorv32.v:1850$1615 ($sub).
  creating $macc model for $flatten\soc.\spimemio.\xfer.$sub$spimemio.v:524$1708 ($sub).
  creating $macc model for $flatten\soc.\spimemio.\xfer.$sub$spimemio.v:554$1718 ($sub).
  creating $macc model for $flatten\soc.\cpu.$sub$../picorv32.v:1842$1608 ($sub).
  creating $macc model for $flatten\soc.\cpu.$add$../picorv32.v:1806$1594 ($add).
  creating $macc model for $flatten\soc.\cpu.$add$../picorv32.v:1569$1547 ($add).
  creating $macc model for $flatten\soc.\cpu.$add$../picorv32.v:1564$1546 ($add).
  creating $macc model for $flatten\soc.\cpu.$add$../picorv32.v:1560$1545 ($add).
  creating $macc model for $flatten\soc.\spimemio.$add$spimemio.v:226$538 ($add).
  creating $macc model for $flatten\soc.\simpleuart.$sub$simpleuart.v:132$495 ($sub).
  creating $macc model for $flatten\soc.\simpleuart.$add$simpleuart.v:112$487 ($add).
  creating $macc model for $flatten\soc.\simpleuart.$add$simpleuart.v:99$484 ($add).
  creating $macc model for $flatten\soc.\simpleuart.$add$simpleuart.v:74$478 ($add).
  creating $macc model for $flatten\seven_segment_ctrl.$add$icebreaker.v:197$455 ($add).
  creating $macc model for $add$icebreaker.v:56$387 ($add).
  merging $macc model for $flatten\soc.\cpu.\genblk1.pcpi_mul.$mul$../picorv32.v:2371$1739.genblk1.genblk1.genblk1.genblk1.genblk1.genblk1.sliceA[0].mul.genblk1.genblk1.genblk1.genblk1.genblk1.genblk1.genblk1.mul_sliceB_last into $techmap$flatten\soc.\cpu.\genblk1.pcpi_mul.$mul$../picorv32.v:2371$1739.genblk1.genblk1.genblk1.genblk1.genblk1.genblk1.sliceA[0].mul.$add$/homes/cl2033/oss-cad-suite/lib/../share/yosys/mul2dsp.v:230$8303.
  creating $alu model for $macc $flatten\seven_segment_ctrl.$add$icebreaker.v:197$455.
  creating $alu model for $macc $flatten\soc.\simpleuart.$add$simpleuart.v:74$478.
  creating $alu model for $macc $flatten\soc.\simpleuart.$add$simpleuart.v:99$484.
  creating $alu model for $macc $flatten\soc.\simpleuart.$add$simpleuart.v:112$487.
  creating $alu model for $macc $flatten\soc.\simpleuart.$sub$simpleuart.v:132$495.
  creating $alu model for $macc $flatten\soc.\spimemio.$add$spimemio.v:226$538.
  creating $alu model for $macc $flatten\soc.\cpu.$add$../picorv32.v:1560$1545.
  creating $alu model for $macc $flatten\soc.\cpu.$add$../picorv32.v:1564$1546.
  creating $alu model for $macc $flatten\soc.\cpu.$add$../picorv32.v:1569$1547.
  creating $alu model for $macc $flatten\soc.\cpu.$add$../picorv32.v:1806$1594.
  creating $alu model for $macc $flatten\soc.\cpu.$sub$../picorv32.v:1842$1608.
  creating $alu model for $macc $flatten\soc.\spimemio.\xfer.$sub$spimemio.v:554$1718.
  creating $alu model for $macc $flatten\soc.\spimemio.\xfer.$sub$spimemio.v:524$1708.
  creating $alu model for $macc $flatten\soc.\cpu.$sub$../picorv32.v:1850$1615.
  creating $alu model for $macc $flatten\soc.\spimemio.\xfer.$sub$spimemio.v:491$1696.
  creating $alu model for $macc $flatten\soc.\spimemio.\xfer.$sub$spimemio.v:471$1689.
  creating $alu model for $macc $flatten\soc.\spimem_cache.$add$picosoc.v:381$980.
  creating $alu model for $macc $flatten\soc.\spimem_cache.$add$picosoc.v:388$989.
  creating $alu model for $macc $flatten\soc.\cpu.$add$../picorv32.v:1897$1627.
  creating $alu model for $macc $flatten\soc.\cpu.$sub$../picorv32.v:1918$1632.
  creating $alu model for $macc $flatten\soc.\cpu.$add$../picorv32.v:1317$1460.
  creating $alu model for $macc $flatten\soc.\cpu.$sub$../picorv32.v:1426$1490.
  creating $alu model for $macc $flatten\soc.\cpu.$add$../picorv32.v:1433$1492.
  creating $alu model for $macc $flatten\soc.\cpu.$sub$../picorv32.v:1240$1667.
  creating $alu model for $macc $flatten\soc.\cpu.$add$../picorv32.v:1240$1668.
  creating $alu model for $macc $techmap$flatten\soc.\cpu.\genblk1.pcpi_mul.$mul$../picorv32.v:2371$1739.$add$/homes/cl2033/oss-cad-suite/lib/../share/yosys/mul2dsp.v:159$8293.
  creating $alu model for $macc $techmap$flatten\soc.\cpu.\genblk1.pcpi_mul.$mul$../picorv32.v:2371$1739.$add$/homes/cl2033/oss-cad-suite/lib/../share/yosys/mul2dsp.v:173$8296.
  creating $alu model for $macc $add$icebreaker.v:56$387.
  creating $alu model for $macc $techmap$flatten\soc.\cpu.\genblk1.pcpi_mul.$mul$../picorv32.v:2371$1739.genblk1.genblk1.genblk1.genblk1.genblk1.genblk1.sliceA[1].mul.$add$/homes/cl2033/oss-cad-suite/lib/../share/yosys/mul2dsp.v:230$8303.
  creating $macc cell for $flatten\soc.\cpu.\genblk1.pcpi_mul.$mul$../picorv32.v:2371$1739.genblk1.genblk1.genblk1.genblk1.genblk1.genblk1.sliceA.last: $auto$alumacc.cc:382:replace_macc$8343
  creating $macc cell for $techmap$flatten\soc.\cpu.\genblk1.pcpi_mul.$mul$../picorv32.v:2371$1739.genblk1.genblk1.genblk1.genblk1.genblk1.genblk1.sliceA[0].mul.$add$/homes/cl2033/oss-cad-suite/lib/../share/yosys/mul2dsp.v:230$8303: $auto$alumacc.cc:382:replace_macc$8344
  creating $macc cell for $flatten\soc.\cpu.\genblk1.pcpi_mul.$mul$../picorv32.v:2371$1739.genblk1.genblk1.genblk1.genblk1.genblk1.genblk1.sliceA[1].mul.genblk1.genblk1.genblk1.genblk1.genblk1.genblk1.genblk1.mul_sliceB_last: $auto$alumacc.cc:382:replace_macc$8345
  creating $alu model for $flatten\soc.\cpu.$lt$../picorv32.v:1243$1672 ($lt): merged with $flatten\soc.\cpu.$sub$../picorv32.v:1240$1667.
  creating $alu model for $flatten\soc.\cpu.$lt$../picorv32.v:1242$1671 ($lt): merged with $flatten\soc.\cpu.$sub$../picorv32.v:1240$1667.
  creating $alu model for $flatten\soc.$lt$picosoc.v:262$451 ($lt): new $alu
  creating $alu model for $flatten\soc.$lt$picosoc.v:189$437 ($lt): new $alu
  creating $alu model for $flatten\soc.$ge$picosoc.v:189$435 ($ge): merged with $flatten\soc.$lt$picosoc.v:262$451.
  creating $alu model for $flatten\soc.\cpu.$ge$../picorv32.v:1835$1600 ($ge): merged with $flatten\soc.\cpu.$sub$../picorv32.v:1842$1608.
  creating $alu model for $flatten\soc.$gt$picosoc.v:134$406 ($gt): new $alu
  creating $alu model for $flatten\soc.\simpleuart.$gt$simpleuart.v:130$493 ($gt): new $alu
  creating $alu model for $flatten\soc.\simpleuart.$gt$simpleuart.v:97$483 ($gt): new $alu
  creating $alu model for $flatten\soc.\simpleuart.$gt$simpleuart.v:84$481 ($gt): new $alu
  creating $alu model for $flatten\soc.\cpu.$eq$../picorv32.v:1241$1670 ($eq): merged with $flatten\soc.\cpu.$sub$../picorv32.v:1240$1667.
  creating $alu model for $flatten\soc.$eq$picosoc.v:139$408 ($eq): merged with $flatten\soc.$lt$picosoc.v:189$437.
  creating $alu cell for $flatten\soc.\simpleuart.$gt$simpleuart.v:84$481: $auto$alumacc.cc:512:replace_alu$8352
  creating $alu cell for $flatten\soc.\simpleuart.$gt$simpleuart.v:97$483: $auto$alumacc.cc:512:replace_alu$8363
  creating $alu cell for $flatten\soc.\simpleuart.$gt$simpleuart.v:130$493: $auto$alumacc.cc:512:replace_alu$8374
  creating $alu cell for $flatten\soc.$gt$picosoc.v:134$406: $auto$alumacc.cc:512:replace_alu$8385
  creating $alu cell for $flatten\soc.$lt$picosoc.v:189$437, $flatten\soc.$eq$picosoc.v:139$408: $auto$alumacc.cc:512:replace_alu$8396
  creating $alu cell for $flatten\soc.$lt$picosoc.v:262$451, $flatten\soc.$ge$picosoc.v:189$435: $auto$alumacc.cc:512:replace_alu$8403
  creating $alu cell for $techmap$flatten\soc.\cpu.\genblk1.pcpi_mul.$mul$../picorv32.v:2371$1739.genblk1.genblk1.genblk1.genblk1.genblk1.genblk1.sliceA[1].mul.$add$/homes/cl2033/oss-cad-suite/lib/../share/yosys/mul2dsp.v:230$8303: $auto$alumacc.cc:512:replace_alu$8416
  creating $alu cell for $add$icebreaker.v:56$387: $auto$alumacc.cc:512:replace_alu$8419
  creating $alu cell for $techmap$flatten\soc.\cpu.\genblk1.pcpi_mul.$mul$../picorv32.v:2371$1739.$add$/homes/cl2033/oss-cad-suite/lib/../share/yosys/mul2dsp.v:173$8296: $auto$alumacc.cc:512:replace_alu$8422
  creating $alu cell for $techmap$flatten\soc.\cpu.\genblk1.pcpi_mul.$mul$../picorv32.v:2371$1739.$add$/homes/cl2033/oss-cad-suite/lib/../share/yosys/mul2dsp.v:159$8293: $auto$alumacc.cc:512:replace_alu$8425
  creating $alu cell for $flatten\soc.\cpu.$add$../picorv32.v:1240$1668: $auto$alumacc.cc:512:replace_alu$8428
  creating $alu cell for $flatten\soc.\cpu.$sub$../picorv32.v:1240$1667, $flatten\soc.\cpu.$lt$../picorv32.v:1243$1672, $flatten\soc.\cpu.$lt$../picorv32.v:1242$1671, $flatten\soc.\cpu.$eq$../picorv32.v:1241$1670: $auto$alumacc.cc:512:replace_alu$8431
  creating $alu cell for $flatten\soc.\cpu.$add$../picorv32.v:1433$1492: $auto$alumacc.cc:512:replace_alu$8442
  creating $alu cell for $flatten\soc.\cpu.$sub$../picorv32.v:1426$1490: $auto$alumacc.cc:512:replace_alu$8445
  creating $alu cell for $flatten\soc.\cpu.$add$../picorv32.v:1317$1460: $auto$alumacc.cc:512:replace_alu$8448
  creating $alu cell for $flatten\soc.\cpu.$sub$../picorv32.v:1918$1632: $auto$alumacc.cc:512:replace_alu$8451
  creating $alu cell for $flatten\soc.\cpu.$add$../picorv32.v:1897$1627: $auto$alumacc.cc:512:replace_alu$8454
  creating $alu cell for $flatten\soc.\spimem_cache.$add$picosoc.v:388$989: $auto$alumacc.cc:512:replace_alu$8457
  creating $alu cell for $flatten\soc.\spimem_cache.$add$picosoc.v:381$980: $auto$alumacc.cc:512:replace_alu$8460
  creating $alu cell for $flatten\soc.\spimemio.\xfer.$sub$spimemio.v:471$1689: $auto$alumacc.cc:512:replace_alu$8463
  creating $alu cell for $flatten\soc.\spimemio.\xfer.$sub$spimemio.v:491$1696: $auto$alumacc.cc:512:replace_alu$8466
  creating $alu cell for $flatten\soc.\cpu.$sub$../picorv32.v:1850$1615: $auto$alumacc.cc:512:replace_alu$8469
  creating $alu cell for $flatten\soc.\spimemio.\xfer.$sub$spimemio.v:524$1708: $auto$alumacc.cc:512:replace_alu$8472
  creating $alu cell for $flatten\soc.\spimemio.\xfer.$sub$spimemio.v:554$1718: $auto$alumacc.cc:512:replace_alu$8475
  creating $alu cell for $flatten\soc.\cpu.$sub$../picorv32.v:1842$1608, $flatten\soc.\cpu.$ge$../picorv32.v:1835$1600: $auto$alumacc.cc:512:replace_alu$8478
  creating $alu cell for $flatten\soc.\cpu.$add$../picorv32.v:1806$1594: $auto$alumacc.cc:512:replace_alu$8491
  creating $alu cell for $flatten\soc.\cpu.$add$../picorv32.v:1569$1547: $auto$alumacc.cc:512:replace_alu$8494
  creating $alu cell for $flatten\soc.\cpu.$add$../picorv32.v:1564$1546: $auto$alumacc.cc:512:replace_alu$8497
  creating $alu cell for $flatten\soc.\cpu.$add$../picorv32.v:1560$1545: $auto$alumacc.cc:512:replace_alu$8500
  creating $alu cell for $flatten\soc.\spimemio.$add$spimemio.v:226$538: $auto$alumacc.cc:512:replace_alu$8503
  creating $alu cell for $flatten\soc.\simpleuart.$sub$simpleuart.v:132$495: $auto$alumacc.cc:512:replace_alu$8506
  creating $alu cell for $flatten\soc.\simpleuart.$add$simpleuart.v:112$487: $auto$alumacc.cc:512:replace_alu$8509
  creating $alu cell for $flatten\soc.\simpleuart.$add$simpleuart.v:99$484: $auto$alumacc.cc:512:replace_alu$8512
  creating $alu cell for $flatten\soc.\simpleuart.$add$simpleuart.v:74$478: $auto$alumacc.cc:512:replace_alu$8515
  creating $alu cell for $flatten\seven_segment_ctrl.$add$icebreaker.v:197$455: $auto$alumacc.cc:512:replace_alu$8518
  created 35 $alu and 3 $macc cells.

7.28. Executing OPT pass (performing simple optimizations).

7.28.1. Executing OPT_EXPR pass (perform const folding).
Optimizing module icebreaker.
<suppressed ~7 debug messages>

7.28.2. Executing OPT_MERGE pass (detect identical cells).
Finding identical cells in module `\icebreaker'.
Computing hashes of 1642 cells of `\icebreaker'.
Finding duplicate cells in `\icebreaker'.
Computing hashes of 1633 cells of `\icebreaker'.
Finding duplicate cells in `\icebreaker'.
<suppressed ~27 debug messages>
Removed a total of 9 cells.

7.28.3. Executing OPT_MUXTREE pass (detect dead branches in mux trees).
Running muxtree optimizer on module \icebreaker..
  Creating internal representation of mux trees.
  Evaluating internal representation of mux trees.
  Analyzing evaluation results.
Removed 0 multiplexer ports.
<suppressed ~578 debug messages>

7.28.4. Executing OPT_REDUCE pass (consolidate $*mux and $reduce_* inputs).
  Optimizing cells in module \icebreaker.
Performed a total of 0 changes.

7.28.5. Executing OPT_MERGE pass (detect identical cells).
Finding identical cells in module `\icebreaker'.
Computing hashes of 1633 cells of `\icebreaker'.
Finding duplicate cells in `\icebreaker'.
Computing hashes of 1631 cells of `\icebreaker'.
Finding duplicate cells in `\icebreaker'.
<suppressed ~6 debug messages>
Removed a total of 2 cells.

7.28.6. Executing OPT_DFF pass (perform DFF optimizations).

7.28.7. Executing OPT_CLEAN pass (remove unused cells and wires).
Finding unused cells or wires in module \icebreaker..
Removed 1 unused cells and 90 unused wires.
<suppressed ~2 debug messages>

7.28.8. Executing OPT_EXPR pass (perform const folding).
Optimizing module icebreaker.

7.28.9. Rerunning OPT passes. (Maybe there is more to do..)

7.28.10. Executing OPT_MUXTREE pass (detect dead branches in mux trees).
Running muxtree optimizer on module \icebreaker..
  Creating internal representation of mux trees.
  Evaluating internal representation of mux trees.
  Analyzing evaluation results.
Removed 0 multiplexer ports.
<suppressed ~574 debug messages>

7.28.11. Executing OPT_REDUCE pass (consolidate $*mux and $reduce_* inputs).
  Optimizing cells in module \icebreaker.
Performed a total of 0 changes.

7.28.12. Executing OPT_MERGE pass (detect identical cells).
Finding identical cells in module `\icebreaker'.
Computing hashes of 1630 cells of `\icebreaker'.
Finding duplicate cells in `\icebreaker'.
Removed a total of 0 cells.

7.28.13. Executing OPT_DFF pass (perform DFF optimizations).

7.28.14. Executing OPT_CLEAN pass (remove unused cells and wires).
Finding unused cells or wires in module \icebreaker..

7.28.15. Executing OPT_EXPR pass (perform const folding).
Optimizing module icebreaker.

7.28.16. Finished fast OPT passes. (There is nothing left to do.)

7.29. Executing MEMORY pass.

7.29.1. Executing OPT_MEM pass (optimize memories).
Performed a total of 0 transformations.

7.29.2. Executing OPT_MEM_PRIORITY pass (removing unnecessary memory write priority relations).
Performed a total of 8128 transformations.

7.29.3. Executing OPT_MEM_FEEDBACK pass (finding memory read-to-write feedback paths).

7.29.4. Executing MEMORY_BMUX2ROM pass (converting muxes to ROMs).

7.29.5. Executing MEMORY_DFF pass (merging $dff cells to $memrd).

7.29.6. Executing OPT_CLEAN pass (remove unused cells and wires).
Finding unused cells or wires in module \icebreaker..

7.29.7. Executing MEMORY_SHARE pass (consolidating $memrd/$memwr cells).
Consolidating read ports of memory icebreaker.soc.cpu.cpuregs.regs by address:
Consolidating write ports of memory icebreaker.soc.spimem_cache.cache_valid by address:
  Merging ports 0, 1 (address 7'0000000).
  Merging ports 0, 2 (address 7'0000000).
  Merging ports 0, 3 (address 7'0000000).
  Merging ports 0, 4 (address 7'0000000).
  Merging ports 0, 5 (address 7'0000000).
  Merging ports 0, 6 (address 7'0000000).
  Merging ports 0, 7 (address 7'0000000).
  Merging ports 0, 8 (address 7'0000000).
  Merging ports 0, 9 (address 7'0000000).
  Merging ports 0, 10 (address 7'0000000).
  Merging ports 0, 11 (address 7'0000000).
  Merging ports 0, 12 (address 7'0000000).
  Merging ports 0, 13 (address 7'0000000).
  Merging ports 0, 14 (address 7'0000000).
  Merging ports 0, 15 (address 7'0000000).
  Merging ports 0, 16 (address 7'0000000).
  Merging ports 0, 17 (address 7'0000000).
  Merging ports 0, 18 (address 7'0000000).
  Merging ports 0, 19 (address 7'0000000).
  Merging ports 0, 20 (address 7'0000000).
  Merging ports 0, 21 (address 7'0000000).
  Merging ports 0, 22 (address 7'0000000).
  Merging ports 0, 23 (address 7'0000000).
  Merging ports 0, 24 (address 7'0000000).
  Merging ports 0, 25 (address 7'0000000).
  Merging ports 0, 26 (address 7'0000000).
  Merging ports 0, 27 (address 7'0000000).
  Merging ports 0, 28 (address 7'0000000).
  Merging ports 0, 29 (address 7'0000000).
  Merging ports 0, 30 (address 7'0000000).
  Merging ports 0, 31 (address 7'0000000).
  Merging ports 0, 32 (address 7'0000000).
  Merging ports 0, 33 (address 7'0000000).
  Merging ports 0, 34 (address 7'0000000).
  Merging ports 0, 35 (address 7'0000000).
  Merging ports 0, 36 (address 7'0000000).
  Merging ports 0, 37 (address 7'0000000).
  Merging ports 0, 38 (address 7'0000000).
  Merging ports 0, 39 (address 7'0000000).
  Merging ports 0, 40 (address 7'0000000).
  Merging ports 0, 41 (address 7'0000000).
  Merging ports 0, 42 (address 7'0000000).
  Merging ports 0, 43 (address 7'0000000).
  Merging ports 0, 44 (address 7'0000000).
  Merging ports 0, 45 (address 7'0000000).
  Merging ports 0, 46 (address 7'0000000).
  Merging ports 0, 47 (address 7'0000000).
  Merging ports 0, 48 (address 7'0000000).
  Merging ports 0, 49 (address 7'0000000).
  Merging ports 0, 50 (address 7'0000000).
  Merging ports 0, 51 (address 7'0000000).
  Merging ports 0, 52 (address 7'0000000).
  Merging ports 0, 53 (address 7'0000000).
  Merging ports 0, 54 (address 7'0000000).
  Merging ports 0, 55 (address 7'0000000).
  Merging ports 0, 56 (address 7'0000000).
  Merging ports 0, 57 (address 7'0000000).
  Merging ports 0, 58 (address 7'0000000).
  Merging ports 0, 59 (address 7'0000000).
  Merging ports 0, 60 (address 7'0000000).
  Merging ports 0, 61 (address 7'0000000).
  Merging ports 0, 62 (address 7'0000000).
  Merging ports 0, 63 (address 7'0000000).
  Merging ports 0, 64 (address 7'0000000).
  Merging ports 66, 67 (address 7'1000010).
  Merging ports 68, 69 (address 7'1000100).
  Merging ports 68, 70 (address 7'1000100).
  Merging ports 68, 71 (address 7'1000100).
  Merging ports 72, 73 (address 7'1001000).
  Merging ports 72, 74 (address 7'1001000).
  Merging ports 72, 75 (address 7'1001000).
  Merging ports 72, 76 (address 7'1001000).
  Merging ports 72, 77 (address 7'1001000).
  Merging ports 72, 78 (address 7'1001000).
  Merging ports 72, 79 (address 7'1001000).
  Merging ports 80, 81 (address 7'1010000).
  Merging ports 80, 82 (address 7'1010000).
  Merging ports 80, 83 (address 7'1010000).
  Merging ports 80, 84 (address 7'1010000).
  Merging ports 80, 85 (address 7'1010000).
  Merging ports 80, 86 (address 7'1010000).
  Merging ports 80, 87 (address 7'1010000).
  Merging ports 80, 88 (address 7'1010000).
  Merging ports 80, 89 (address 7'1010000).
  Merging ports 80, 90 (address 7'1010000).
  Merging ports 80, 91 (address 7'1010000).
  Merging ports 80, 92 (address 7'1010000).
  Merging ports 80, 93 (address 7'1010000).
  Merging ports 80, 94 (address 7'1010000).
  Merging ports 80, 95 (address 7'1010000).
  Merging ports 96, 97 (address 7'1100000).
  Merging ports 96, 98 (address 7'1100000).
  Merging ports 96, 99 (address 7'1100000).
  Merging ports 96, 100 (address 7'1100000).
  Merging ports 96, 101 (address 7'1100000).
  Merging ports 96, 102 (address 7'1100000).
  Merging ports 96, 103 (address 7'1100000).
  Merging ports 96, 104 (address 7'1100000).
  Merging ports 96, 105 (address 7'1100000).
  Merging ports 96, 106 (address 7'1100000).
  Merging ports 96, 107 (address 7'1100000).
  Merging ports 96, 108 (address 7'1100000).
  Merging ports 96, 109 (address 7'1100000).
  Merging ports 96, 110 (address 7'1100000).
  Merging ports 96, 111 (address 7'1100000).
  Merging ports 96, 112 (address 7'1100000).
  Merging ports 96, 113 (address 7'1100000).
  Merging ports 96, 114 (address 7'1100000).
  Merging ports 96, 115 (address 7'1100000).
  Merging ports 96, 116 (address 7'1100000).
  Merging ports 96, 117 (address 7'1100000).
  Merging ports 96, 118 (address 7'1100000).
  Merging ports 96, 119 (address 7'1100000).
  Merging ports 96, 120 (address 7'1100000).
  Merging ports 96, 121 (address 7'1100000).
  Merging ports 96, 122 (address 7'1100000).
  Merging ports 96, 123 (address 7'1100000).
  Merging ports 96, 124 (address 7'1100000).
  Merging ports 96, 125 (address 7'1100000).
  Merging ports 96, 126 (address 7'1100000).
  Merging ports 96, 127 (address 7'1100000).
Consolidating write ports of memory icebreaker.soc.spimem_cache.cache_valid by address:
  Merging ports 1, 2 (address 7'1000001).
  Merging ports 1, 3 (address 7'1000000).
  Merging ports 1, 4 (address 7'1000000).
  Merging ports 1, 5 (address 7'1000000).
  Merging ports 1, 6 (address 7'1000000).
Consolidating write ports of memory icebreaker.soc.spimem_cache.cache_valid by address:
Consolidating write ports of memory icebreaker.soc.spimem_cache.cache_valid using sat-based resource sharing:

7.29.8. Executing OPT_MEM_WIDEN pass (optimize memories where all ports are wide).
Performed a total of 0 transformations.

7.29.9. Executing OPT_CLEAN pass (remove unused cells and wires).
Finding unused cells or wires in module \icebreaker..

7.29.10. Executing MEMORY_COLLECT pass (generating $mem cells).

7.30. Executing OPT_CLEAN pass (remove unused cells and wires).
Finding unused cells or wires in module \icebreaker..

7.31. Executing MEMORY_LIBMAP pass (mapping memories to cells).
using FF mapping for memory icebreaker.soc.spimem_cache.cache_valid
mapping memory icebreaker.soc.cpu.cpuregs.regs via $__ICE40_RAM4K_
mapping memory icebreaker.soc.spimem_cache.cache_data via $__ICE40_RAM4K_
mapping memory icebreaker.soc.spimem_cache.cache_addr via $__ICE40_RAM4K_
using FF mapping for memory icebreaker.$flatten\seven_segment_ctrl.\lsb_nibble.$auto$proc_rom.cc:155:do_switch$1758
using FF mapping for memory icebreaker.$flatten\seven_segment_ctrl.\msb_nibble.$auto$proc_rom.cc:155:do_switch$1758
<suppressed ~331 debug messages>

7.32. Executing TECHMAP pass (map to technology primitives).

7.32.1. Executing Verilog-2005 frontend: /homes/cl2033/oss-cad-suite/lib/../share/yosys/ice40/brams_map.v
Parsing Verilog input from `/homes/cl2033/oss-cad-suite/lib/../share/yosys/ice40/brams_map.v' to AST representation.
Generating RTLIL representation for module `$__ICE40_RAM4K_'.
Successfully finished Verilog frontend.

7.32.2. Executing Verilog-2005 frontend: /homes/cl2033/oss-cad-suite/lib/../share/yosys/ice40/spram_map.v
Parsing Verilog input from `/homes/cl2033/oss-cad-suite/lib/../share/yosys/ice40/spram_map.v' to AST representation.
Generating RTLIL representation for module `$__ICE40_SPRAM_'.
Successfully finished Verilog frontend.

7.32.3. Continuing TECHMAP pass.
Using template $paramod$a1f6b5309207cf102bfb625dccbd224ad06df61d$__ICE40_RAM4K_ for cells of type $__ICE40_RAM4K_.
No more expansions possible.
<suppressed ~35 debug messages>

7.33. Executing ICE40_BRAMINIT pass.

7.34. Executing OPT pass (performing simple optimizations).

7.34.1. Executing OPT_EXPR pass (perform const folding).
Optimizing module icebreaker.
<suppressed ~213 debug messages>

7.34.2. Executing OPT_MERGE pass (detect identical cells).
Finding identical cells in module `\icebreaker'.
Computing hashes of 1468 cells of `\icebreaker'.
Finding duplicate cells in `\icebreaker'.
Computing hashes of 1442 cells of `\icebreaker'.
Finding duplicate cells in `\icebreaker'.
Computing hashes of 1441 cells of `\icebreaker'.
Finding duplicate cells in `\icebreaker'.
Computing hashes of 1440 cells of `\icebreaker'.
Finding duplicate cells in `\icebreaker'.
<suppressed ~84 debug messages>
Removed a total of 28 cells.

7.34.3. Executing OPT_DFF pass (perform DFF optimizations).
Adding EN signal on $auto$ff.cc:337:slice$7768 ($dffe) from module icebreaker (D = $auto$wreduce.cc:514:run$8248 [1:0], Q = \soc.spimemio.rd_addr [1:0]).
Removing always-active EN on $auto$mem.cc:1169:emulate_transparency$8554 ($dffe) from module icebreaker.
Removing always-active EN on $auto$mem.cc:1169:emulate_transparency$8570 ($dffe) from module icebreaker.
Adding SRST signal on $auto$ff.cc:337:slice$8112 ($dffe) from module icebreaker (D = $flatten\soc.\cpu.$procmux$4756_Y, Q = \soc.cpu.mem_valid, rval = 1'0).
Adding SRST signal on $auto$ff.cc:337:slice$8176 ($dffe) from module icebreaker (D = $flatten\soc.\cpu.$procmux$4698_Y, Q = \soc.cpu.mem_state, rval = 2'00).
Removing always-active EN on $auto$mem.cc:1169:emulate_transparency$8532 ($dffe) from module icebreaker.

7.34.4. Executing OPT_CLEAN pass (remove unused cells and wires).
Finding unused cells or wires in module \icebreaker..
Removed 17 unused cells and 315 unused wires.
<suppressed ~21 debug messages>

7.34.5. Rerunning OPT passes. (Removed registers in this run.)

7.34.6. Executing OPT_EXPR pass (perform const folding).
Optimizing module icebreaker.
<suppressed ~2 debug messages>

7.34.7. Executing OPT_MERGE pass (detect identical cells).
Finding identical cells in module `\icebreaker'.
Computing hashes of 1425 cells of `\icebreaker'.
Finding duplicate cells in `\icebreaker'.
Removed a total of 0 cells.

7.34.8. Executing OPT_DFF pass (perform DFF optimizations).
Adding EN signal on $flatten\soc.\cpu.$procdff$6212 ($dff) from module icebreaker (D = $flatten\soc.\cpu.$0\reg_sh[4:0] [1:0], Q = \soc.cpu.reg_sh [1:0]).
Setting constant 1-bit at position 0 on $flatten\soc.\cpu.\genblk1.pcpi_mul.$procdff$6181 ($dff) from module icebreaker.
Setting constant 1-bit at position 1 on $flatten\soc.\cpu.\genblk1.pcpi_mul.$procdff$6181 ($dff) from module icebreaker.
Setting constant 1-bit at position 2 on $flatten\soc.\cpu.\genblk1.pcpi_mul.$procdff$6181 ($dff) from module icebreaker.
Setting constant 1-bit at position 3 on $flatten\soc.\cpu.\genblk1.pcpi_mul.$procdff$6181 ($dff) from module icebreaker.
Setting constant 1-bit at position 4 on $flatten\soc.\cpu.\genblk1.pcpi_mul.$procdff$6181 ($dff) from module icebreaker.
Setting constant 1-bit at position 5 on $flatten\soc.\cpu.\genblk1.pcpi_mul.$procdff$6181 ($dff) from module icebreaker.
Setting constant 1-bit at position 6 on $flatten\soc.\cpu.\genblk1.pcpi_mul.$procdff$6181 ($dff) from module icebreaker.
Setting constant 1-bit at position 7 on $flatten\soc.\cpu.\genblk1.pcpi_mul.$procdff$6181 ($dff) from module icebreaker.
Setting constant 1-bit at position 8 on $flatten\soc.\cpu.\genblk1.pcpi_mul.$procdff$6181 ($dff) from module icebreaker.
Setting constant 1-bit at position 9 on $flatten\soc.\cpu.\genblk1.pcpi_mul.$procdff$6181 ($dff) from module icebreaker.
Setting constant 1-bit at position 10 on $flatten\soc.\cpu.\genblk1.pcpi_mul.$procdff$6181 ($dff) from module icebreaker.
Setting constant 1-bit at position 11 on $flatten\soc.\cpu.\genblk1.pcpi_mul.$procdff$6181 ($dff) from module icebreaker.
Setting constant 1-bit at position 12 on $flatten\soc.\cpu.\genblk1.pcpi_mul.$procdff$6181 ($dff) from module icebreaker.
Setting constant 1-bit at position 13 on $flatten\soc.\cpu.\genblk1.pcpi_mul.$procdff$6181 ($dff) from module icebreaker.
Setting constant 1-bit at position 14 on $flatten\soc.\cpu.\genblk1.pcpi_mul.$procdff$6181 ($dff) from module icebreaker.
Setting constant 1-bit at position 15 on $flatten\soc.\cpu.\genblk1.pcpi_mul.$procdff$6181 ($dff) from module icebreaker.

7.34.9. Executing OPT_CLEAN pass (remove unused cells and wires).
Finding unused cells or wires in module \icebreaker..
Removed 0 unused cells and 2 unused wires.
<suppressed ~1 debug messages>

7.34.10. Rerunning OPT passes. (Removed registers in this run.)

7.34.11. Executing OPT_EXPR pass (perform const folding).
Optimizing module icebreaker.

7.34.12. Executing OPT_MERGE pass (detect identical cells).
Finding identical cells in module `\icebreaker'.
Computing hashes of 1427 cells of `\icebreaker'.
Finding duplicate cells in `\icebreaker'.
Removed a total of 0 cells.

7.34.13. Executing OPT_DFF pass (perform DFF optimizations).

7.34.14. Executing OPT_CLEAN pass (remove unused cells and wires).
Finding unused cells or wires in module \icebreaker..

7.34.15. Finished fast OPT passes.

7.35. Executing MEMORY_MAP pass (converting memories to logic and flip-flops).
Mapping memory \soc.spimem_cache.cache_valid in module \icebreaker:
  created 128 $dff cells and 0 static cells of width 1.
Extracted addr FF from read port 0 of icebreaker.soc.spimem_cache.cache_valid: $\soc.spimem_cache.cache_valid$rdreg[0]
  read interface: 1 $dff and 127 $mux cells.
  write interface: 384 write mux blocks.
Mapping memory $flatten\seven_segment_ctrl.\lsb_nibble.$auto$proc_rom.cc:155:do_switch$1758 in module \icebreaker:
  created 16 $dff cells and 0 static cells of width 7.
Extracted data FF from read port 0 of icebreaker.$flatten\seven_segment_ctrl.\lsb_nibble.$auto$proc_rom.cc:155:do_switch$1758: $$flatten\seven_segment_ctrl.\lsb_nibble.$auto$proc_rom.cc:155:do_switch$1758$rdreg[0]
  read interface: 1 $dff and 15 $mux cells.
  write interface: 0 write mux blocks.
Mapping memory $flatten\seven_segment_ctrl.\msb_nibble.$auto$proc_rom.cc:155:do_switch$1758 in module \icebreaker:
  created 16 $dff cells and 0 static cells of width 7.
Extracted data FF from read port 0 of icebreaker.$flatten\seven_segment_ctrl.\msb_nibble.$auto$proc_rom.cc:155:do_switch$1758: $$flatten\seven_segment_ctrl.\msb_nibble.$auto$proc_rom.cc:155:do_switch$1758$rdreg[0]
  read interface: 1 $dff and 15 $mux cells.
  write interface: 0 write mux blocks.

7.36. Executing OPT pass (performing simple optimizations).

7.36.1. Executing OPT_EXPR pass (perform const folding).
Optimizing module icebreaker.
<suppressed ~529 debug messages>

7.36.2. Executing OPT_MERGE pass (detect identical cells).
Finding identical cells in module `\icebreaker'.
Computing hashes of 2267 cells of `\icebreaker'.
Finding duplicate cells in `\icebreaker'.
Computing hashes of 2260 cells of `\icebreaker'.
Finding duplicate cells in `\icebreaker'.
<suppressed ~21 debug messages>
Removed a total of 7 cells.

7.36.3. Executing OPT_MUXTREE pass (detect dead branches in mux trees).
Running muxtree optimizer on module \icebreaker..
  Creating internal representation of mux trees.
  Evaluating internal representation of mux trees.
  Analyzing evaluation results.
    dead port 1/2 on $mux $flatten\soc.\spimem_cache.$procmux$5639.
    dead port 2/2 on $mux $flatten\soc.\spimem_cache.$procmux$5639.
Removed 2 multiplexer ports.
<suppressed ~992 debug messages>

7.36.4. Executing OPT_REDUCE pass (consolidate $*mux and $reduce_* inputs).
  Optimizing cells in module \icebreaker.
    New input vector for $reduce_and cell $auto$opt_dff.cc:252:make_patterns_logic$8748: { $flatten\soc.\spimemio.$logic_and$spimemio.v:224$537_Y $auto$rtlil.cc:3197:Not$7719 $auto$opt_dff.cc:234:make_patterns_logic$8745 }
    Consolidated identical input bits for $mux cell $memory$flatten\seven_segment_ctrl.\msb_nibble.$auto$proc_rom.cc:155:do_switch$1758$rdmux[0][3][6]$11376:
      Old ports: A=7'0111001, B=7'1011110, Y=$memory$flatten\seven_segment_ctrl.\msb_nibble.$auto$proc_rom.cc:155:do_switch$1758$rdmux[0][2][3]$a$11356
      New ports: A=2'01, B=2'10, Y=$memory$flatten\seven_segment_ctrl.\msb_nibble.$auto$proc_rom.cc:155:do_switch$1758$rdmux[0][2][3]$a$11356 [1:0]
      New connections: $memory$flatten\seven_segment_ctrl.\msb_nibble.$auto$proc_rom.cc:155:do_switch$1758$rdmux[0][2][3]$a$11356 [6:2] = { $memory$flatten\seven_segment_ctrl.\msb_nibble.$auto$proc_rom.cc:155:do_switch$1758$rdmux[0][2][3]$a$11356 [1:0] 2'11 $memory$flatten\seven_segment_ctrl.\msb_nibble.$auto$proc_rom.cc:155:do_switch$1758$rdmux[0][2][3]$a$11356 [1] }
    Consolidated identical input bits for $mux cell $memory$flatten\seven_segment_ctrl.\lsb_nibble.$auto$proc_rom.cc:155:do_switch$1758$rdmux[0][3][6]$11331:
      Old ports: A=7'0111001, B=7'1011110, Y=$memory$flatten\seven_segment_ctrl.\lsb_nibble.$auto$proc_rom.cc:155:do_switch$1758$rdmux[0][2][3]$a$11311
      New ports: A=2'01, B=2'10, Y=$memory$flatten\seven_segment_ctrl.\lsb_nibble.$auto$proc_rom.cc:155:do_switch$1758$rdmux[0][2][3]$a$11311 [1:0]
      New connections: $memory$flatten\seven_segment_ctrl.\lsb_nibble.$auto$proc_rom.cc:155:do_switch$1758$rdmux[0][2][3]$a$11311 [6:2] = { $memory$flatten\seven_segment_ctrl.\lsb_nibble.$auto$proc_rom.cc:155:do_switch$1758$rdmux[0][2][3]$a$11311 [1:0] 2'11 $memory$flatten\seven_segment_ctrl.\lsb_nibble.$auto$proc_rom.cc:155:do_switch$1758$rdmux[0][2][3]$a$11311 [1] }
    Consolidated identical input bits for $mux cell $memory$flatten\seven_segment_ctrl.\lsb_nibble.$auto$proc_rom.cc:155:do_switch$1758$rdmux[0][3][3]$11322:
      Old ports: A=7'1111101, B=7'0000111, Y=$memory$flatten\seven_segment_ctrl.\lsb_nibble.$auto$proc_rom.cc:155:do_switch$1758$rdmux[0][2][1]$b$11306
      New ports: A=2'10, B=2'01, Y={ $memory$flatten\seven_segment_ctrl.\lsb_nibble.$auto$proc_rom.cc:155:do_switch$1758$rdmux[0][2][1]$b$11306 [3] $memory$flatten\seven_segment_ctrl.\lsb_nibble.$auto$proc_rom.cc:155:do_switch$1758$rdmux[0][2][1]$b$11306 [1] }
      New connections: { $memory$flatten\seven_segment_ctrl.\lsb_nibble.$auto$proc_rom.cc:155:do_switch$1758$rdmux[0][2][1]$b$11306 [6:4] $memory$flatten\seven_segment_ctrl.\lsb_nibble.$auto$proc_rom.cc:155:do_switch$1758$rdmux[0][2][1]$b$11306 [2] $memory$flatten\seven_segment_ctrl.\lsb_nibble.$auto$proc_rom.cc:155:do_switch$1758$rdmux[0][2][1]$b$11306 [0] } = { $memory$flatten\seven_segment_ctrl.\lsb_nibble.$auto$proc_rom.cc:155:do_switch$1758$rdmux[0][2][1]$b$11306 [3] $memory$flatten\seven_segment_ctrl.\lsb_nibble.$auto$proc_rom.cc:155:do_switch$1758$rdmux[0][2][1]$b$11306 [3] $memory$flatten\seven_segment_ctrl.\lsb_nibble.$auto$proc_rom.cc:155:do_switch$1758$rdmux[0][2][1]$b$11306 [3] 2'11 }
    Consolidated identical input bits for $mux cell $memory$flatten\seven_segment_ctrl.\lsb_nibble.$auto$proc_rom.cc:155:do_switch$1758$rdmux[0][3][5]$11328:
      Old ports: A=7'1110111, B=7'1111100, Y=$memory$flatten\seven_segment_ctrl.\lsb_nibble.$auto$proc_rom.cc:155:do_switch$1758$rdmux[0][2][2]$b$11309
      New ports: A=2'01, B=2'10, Y={ $memory$flatten\seven_segment_ctrl.\lsb_nibble.$auto$proc_rom.cc:155:do_switch$1758$rdmux[0][2][2]$b$11309 [3] $memory$flatten\seven_segment_ctrl.\lsb_nibble.$auto$proc_rom.cc:155:do_switch$1758$rdmux[0][2][2]$b$11309 [0] }
      New connections: { $memory$flatten\seven_segment_ctrl.\lsb_nibble.$auto$proc_rom.cc:155:do_switch$1758$rdmux[0][2][2]$b$11309 [6:4] $memory$flatten\seven_segment_ctrl.\lsb_nibble.$auto$proc_rom.cc:155:do_switch$1758$rdmux[0][2][2]$b$11309 [2:1] } = { 4'1111 $memory$flatten\seven_segment_ctrl.\lsb_nibble.$auto$proc_rom.cc:155:do_switch$1758$rdmux[0][2][2]$b$11309 [0] }
    Consolidated identical input bits for $mux cell $memory$flatten\seven_segment_ctrl.\lsb_nibble.$auto$proc_rom.cc:155:do_switch$1758$rdmux[0][3][4]$11325:
      Old ports: A=7'1111111, B=7'1101111, Y=$memory$flatten\seven_segment_ctrl.\lsb_nibble.$auto$proc_rom.cc:155:do_switch$1758$rdmux[0][2][2]$a$11308
      New ports: A=1'1, B=1'0, Y=$memory$flatten\seven_segment_ctrl.\lsb_nibble.$auto$proc_rom.cc:155:do_switch$1758$rdmux[0][2][2]$a$11308 [4]
      New connections: { $memory$flatten\seven_segment_ctrl.\lsb_nibble.$auto$proc_rom.cc:155:do_switch$1758$rdmux[0][2][2]$a$11308 [6:5] $memory$flatten\seven_segment_ctrl.\lsb_nibble.$auto$proc_rom.cc:155:do_switch$1758$rdmux[0][2][2]$a$11308 [3:0] } = 6'111111
    Consolidated identical input bits for $mux cell $memory$flatten\seven_segment_ctrl.\lsb_nibble.$auto$proc_rom.cc:155:do_switch$1758$rdmux[0][3][0]$11313:
      Old ports: A=7'0111111, B=7'0000110, Y=$memory$flatten\seven_segment_ctrl.\lsb_nibble.$auto$proc_rom.cc:155:do_switch$1758$rdmux[0][2][0]$a$11302
      New ports: A=1'1, B=1'0, Y=$memory$flatten\seven_segment_ctrl.\lsb_nibble.$auto$proc_rom.cc:155:do_switch$1758$rdmux[0][2][0]$a$11302 [0]
      New connections: $memory$flatten\seven_segment_ctrl.\lsb_nibble.$auto$proc_rom.cc:155:do_switch$1758$rdmux[0][2][0]$a$11302 [6:1] = { 1'0 $memory$flatten\seven_segment_ctrl.\lsb_nibble.$auto$proc_rom.cc:155:do_switch$1758$rdmux[0][2][0]$a$11302 [0] $memory$flatten\seven_segment_ctrl.\lsb_nibble.$auto$proc_rom.cc:155:do_switch$1758$rdmux[0][2][0]$a$11302 [0] $memory$flatten\seven_segment_ctrl.\lsb_nibble.$auto$proc_rom.cc:155:do_switch$1758$rdmux[0][2][0]$a$11302 [0] 2'11 }
    Consolidated identical input bits for $mux cell $memory$flatten\seven_segment_ctrl.\lsb_nibble.$auto$proc_rom.cc:155:do_switch$1758$rdmux[0][3][2]$11319:
      Old ports: A=7'1100110, B=7'1101101, Y=$memory$flatten\seven_segment_ctrl.\lsb_nibble.$auto$proc_rom.cc:155:do_switch$1758$rdmux[0][2][1]$a$11305
      New ports: A=2'10, B=2'01, Y=$memory$flatten\seven_segment_ctrl.\lsb_nibble.$auto$proc_rom.cc:155:do_switch$1758$rdmux[0][2][1]$a$11305 [1:0]
      New connections: $memory$flatten\seven_segment_ctrl.\lsb_nibble.$auto$proc_rom.cc:155:do_switch$1758$rdmux[0][2][1]$a$11305 [6:2] = { 3'110 $memory$flatten\seven_segment_ctrl.\lsb_nibble.$auto$proc_rom.cc:155:do_switch$1758$rdmux[0][2][1]$a$11305 [0] 1'1 }
    Consolidated identical input bits for $mux cell $memory$flatten\seven_segment_ctrl.\lsb_nibble.$auto$proc_rom.cc:155:do_switch$1758$rdmux[0][3][1]$11316:
      Old ports: A=7'1011011, B=7'1001111, Y=$memory$flatten\seven_segment_ctrl.\lsb_nibble.$auto$proc_rom.cc:155:do_switch$1758$rdmux[0][2][0]$b$11303
      New ports: A=2'10, B=2'01, Y={ $memory$flatten\seven_segment_ctrl.\lsb_nibble.$auto$proc_rom.cc:155:do_switch$1758$rdmux[0][2][0]$b$11303 [4] $memory$flatten\seven_segment_ctrl.\lsb_nibble.$auto$proc_rom.cc:155:do_switch$1758$rdmux[0][2][0]$b$11303 [2] }
      New connections: { $memory$flatten\seven_segment_ctrl.\lsb_nibble.$auto$proc_rom.cc:155:do_switch$1758$rdmux[0][2][0]$b$11303 [6:5] $memory$flatten\seven_segment_ctrl.\lsb_nibble.$auto$proc_rom.cc:155:do_switch$1758$rdmux[0][2][0]$b$11303 [3] $memory$flatten\seven_segment_ctrl.\lsb_nibble.$auto$proc_rom.cc:155:do_switch$1758$rdmux[0][2][0]$b$11303 [1:0] } = 5'10111
    Consolidated identical input bits for $mux cell $memory$flatten\seven_segment_ctrl.\msb_nibble.$auto$proc_rom.cc:155:do_switch$1758$rdmux[0][3][5]$11373:
      Old ports: A=7'1110111, B=7'1111100, Y=$memory$flatten\seven_segment_ctrl.\msb_nibble.$auto$proc_rom.cc:155:do_switch$1758$rdmux[0][2][2]$b$11354
      New ports: A=2'01, B=2'10, Y={ $memory$flatten\seven_segment_ctrl.\msb_nibble.$auto$proc_rom.cc:155:do_switch$1758$rdmux[0][2][2]$b$11354 [3] $memory$flatten\seven_segment_ctrl.\msb_nibble.$auto$proc_rom.cc:155:do_switch$1758$rdmux[0][2][2]$b$11354 [0] }
      New connections: { $memory$flatten\seven_segment_ctrl.\msb_nibble.$auto$proc_rom.cc:155:do_switch$1758$rdmux[0][2][2]$b$11354 [6:4] $memory$flatten\seven_segment_ctrl.\msb_nibble.$auto$proc_rom.cc:155:do_switch$1758$rdmux[0][2][2]$b$11354 [2:1] } = { 4'1111 $memory$flatten\seven_segment_ctrl.\msb_nibble.$auto$proc_rom.cc:155:do_switch$1758$rdmux[0][2][2]$b$11354 [0] }
    Consolidated identical input bits for $mux cell $memory$flatten\seven_segment_ctrl.\msb_nibble.$auto$proc_rom.cc:155:do_switch$1758$rdmux[0][3][4]$11370:
      Old ports: A=7'1111111, B=7'1101111, Y=$memory$flatten\seven_segment_ctrl.\msb_nibble.$auto$proc_rom.cc:155:do_switch$1758$rdmux[0][2][2]$a$11353
      New ports: A=1'1, B=1'0, Y=$memory$flatten\seven_segment_ctrl.\msb_nibble.$auto$proc_rom.cc:155:do_switch$1758$rdmux[0][2][2]$a$11353 [4]
      New connections: { $memory$flatten\seven_segment_ctrl.\msb_nibble.$auto$proc_rom.cc:155:do_switch$1758$rdmux[0][2][2]$a$11353 [6:5] $memory$flatten\seven_segment_ctrl.\msb_nibble.$auto$proc_rom.cc:155:do_switch$1758$rdmux[0][2][2]$a$11353 [3:0] } = 6'111111
    Consolidated identical input bits for $mux cell $memory$flatten\seven_segment_ctrl.\msb_nibble.$auto$proc_rom.cc:155:do_switch$1758$rdmux[0][3][3]$11367:
      Old ports: A=7'1111101, B=7'0000111, Y=$memory$flatten\seven_segment_ctrl.\msb_nibble.$auto$proc_rom.cc:155:do_switch$1758$rdmux[0][2][1]$b$11351
      New ports: A=2'10, B=2'01, Y={ $memory$flatten\seven_segment_ctrl.\msb_nibble.$auto$proc_rom.cc:155:do_switch$1758$rdmux[0][2][1]$b$11351 [3] $memory$flatten\seven_segment_ctrl.\msb_nibble.$auto$proc_rom.cc:155:do_switch$1758$rdmux[0][2][1]$b$11351 [1] }
      New connections: { $memory$flatten\seven_segment_ctrl.\msb_nibble.$auto$proc_rom.cc:155:do_switch$1758$rdmux[0][2][1]$b$11351 [6:4] $memory$flatten\seven_segment_ctrl.\msb_nibble.$auto$proc_rom.cc:155:do_switch$1758$rdmux[0][2][1]$b$11351 [2] $memory$flatten\seven_segment_ctrl.\msb_nibble.$auto$proc_rom.cc:155:do_switch$1758$rdmux[0][2][1]$b$11351 [0] } = { $memory$flatten\seven_segment_ctrl.\msb_nibble.$auto$proc_rom.cc:155:do_switch$1758$rdmux[0][2][1]$b$11351 [3] $memory$flatten\seven_segment_ctrl.\msb_nibble.$auto$proc_rom.cc:155:do_switch$1758$rdmux[0][2][1]$b$11351 [3] $memory$flatten\seven_segment_ctrl.\msb_nibble.$auto$proc_rom.cc:155:do_switch$1758$rdmux[0][2][1]$b$11351 [3] 2'11 }
    Consolidated identical input bits for $mux cell $memory$flatten\seven_segment_ctrl.\msb_nibble.$auto$proc_rom.cc:155:do_switch$1758$rdmux[0][3][2]$11364:
      Old ports: A=7'1100110, B=7'1101101, Y=$memory$flatten\seven_segment_ctrl.\msb_nibble.$auto$proc_rom.cc:155:do_switch$1758$rdmux[0][2][1]$a$11350
      New ports: A=2'10, B=2'01, Y=$memory$flatten\seven_segment_ctrl.\msb_nibble.$auto$proc_rom.cc:155:do_switch$1758$rdmux[0][2][1]$a$11350 [1:0]
      New connections: $memory$flatten\seven_segment_ctrl.\msb_nibble.$auto$proc_rom.cc:155:do_switch$1758$rdmux[0][2][1]$a$11350 [6:2] = { 3'110 $memory$flatten\seven_segment_ctrl.\msb_nibble.$auto$proc_rom.cc:155:do_switch$1758$rdmux[0][2][1]$a$11350 [0] 1'1 }
    Consolidated identical input bits for $mux cell $memory$flatten\seven_segment_ctrl.\msb_nibble.$auto$proc_rom.cc:155:do_switch$1758$rdmux[0][3][1]$11361:
      Old ports: A=7'1011011, B=7'1001111, Y=$memory$flatten\seven_segment_ctrl.\msb_nibble.$auto$proc_rom.cc:155:do_switch$1758$rdmux[0][2][0]$b$11348
      New ports: A=2'10, B=2'01, Y={ $memory$flatten\seven_segment_ctrl.\msb_nibble.$auto$proc_rom.cc:155:do_switch$1758$rdmux[0][2][0]$b$11348 [4] $memory$flatten\seven_segment_ctrl.\msb_nibble.$auto$proc_rom.cc:155:do_switch$1758$rdmux[0][2][0]$b$11348 [2] }
      New connections: { $memory$flatten\seven_segment_ctrl.\msb_nibble.$auto$proc_rom.cc:155:do_switch$1758$rdmux[0][2][0]$b$11348 [6:5] $memory$flatten\seven_segment_ctrl.\msb_nibble.$auto$proc_rom.cc:155:do_switch$1758$rdmux[0][2][0]$b$11348 [3] $memory$flatten\seven_segment_ctrl.\msb_nibble.$auto$proc_rom.cc:155:do_switch$1758$rdmux[0][2][0]$b$11348 [1:0] } = 5'10111
    Consolidated identical input bits for $mux cell $memory$flatten\seven_segment_ctrl.\msb_nibble.$auto$proc_rom.cc:155:do_switch$1758$rdmux[0][3][0]$11358:
      Old ports: A=7'0111111, B=7'0000110, Y=$memory$flatten\seven_segment_ctrl.\msb_nibble.$auto$proc_rom.cc:155:do_switch$1758$rdmux[0][2][0]$a$11347
      New ports: A=1'1, B=1'0, Y=$memory$flatten\seven_segment_ctrl.\msb_nibble.$auto$proc_rom.cc:155:do_switch$1758$rdmux[0][2][0]$a$11347 [0]
      New connections: $memory$flatten\seven_segment_ctrl.\msb_nibble.$auto$proc_rom.cc:155:do_switch$1758$rdmux[0][2][0]$a$11347 [6:1] = { 1'0 $memory$flatten\seven_segment_ctrl.\msb_nibble.$auto$proc_rom.cc:155:do_switch$1758$rdmux[0][2][0]$a$11347 [0] $memory$flatten\seven_segment_ctrl.\msb_nibble.$auto$proc_rom.cc:155:do_switch$1758$rdmux[0][2][0]$a$11347 [0] $memory$flatten\seven_segment_ctrl.\msb_nibble.$auto$proc_rom.cc:155:do_switch$1758$rdmux[0][2][0]$a$11347 [0] 2'11 }
    Consolidated identical input bits for $pmux cell $flatten\soc.\cpu.$procmux$5017:
      Old ports: A=\soc.cpu.reg_op2, B={ \soc.cpu.reg_op2 [15:0] \soc.cpu.reg_op2 [15:0] \soc.cpu.reg_op2 [7:0] \soc.cpu.reg_op2 [7:0] \soc.cpu.reg_op2 [7:0] \soc.cpu.reg_op2 [7:0] }, Y=\soc.cpu.mem_la_wdata
      New ports: A=\soc.cpu.reg_op2 [31:8], B={ \soc.cpu.reg_op2 [15:0] \soc.cpu.reg_op2 [15:0] \soc.cpu.reg_op2 [7:0] \soc.cpu.reg_op2 [7:0] }, Y=\soc.cpu.mem_la_wdata [31:8]
      New connections: \soc.cpu.mem_la_wdata [7:0] = \soc.cpu.reg_op2 [7:0]
    Consolidated identical input bits for $mux cell $flatten\soc.\cpu.$ternary$../picorv32.v:617$1143:
      Old ports: A=2'11, B=2'00, Y=$flatten\soc.\cpu.$procmux$4704_Y
      New ports: A=1'1, B=1'0, Y=$flatten\soc.\cpu.$procmux$4704_Y [0]
      New connections: $flatten\soc.\cpu.$procmux$4704_Y [1] = $flatten\soc.\cpu.$procmux$4704_Y [0]
    Consolidated identical input bits for $mux cell $flatten\soc.\cpu.$ternary$../picorv32.v:411$1083:
      Old ports: A=4'0011, B=4'1100, Y=$flatten\soc.\cpu.$ternary$../picorv32.v:411$1083_Y
      New ports: A=2'01, B=2'10, Y={ $flatten\soc.\cpu.$ternary$../picorv32.v:411$1083_Y [2] $flatten\soc.\cpu.$ternary$../picorv32.v:411$1083_Y [0] }
      New connections: { $flatten\soc.\cpu.$ternary$../picorv32.v:411$1083_Y [3] $flatten\soc.\cpu.$ternary$../picorv32.v:411$1083_Y [1] } = { $flatten\soc.\cpu.$ternary$../picorv32.v:411$1083_Y [2] $flatten\soc.\cpu.$ternary$../picorv32.v:411$1083_Y [0] }
    Consolidated identical input bits for $mux cell $flatten\soc.\cpu.$ternary$../picorv32.v:382$1068:
      Old ports: A={ \soc.cpu.reg_op1 [31:2] 2'00 }, B={ \soc.cpu.next_pc [31:2] 2'00 }, Y=\soc.cpu.mem_la_addr
      New ports: A=\soc.cpu.reg_op1 [31:2], B=\soc.cpu.next_pc [31:2], Y=\soc.cpu.mem_la_addr [31:2]
      New connections: \soc.cpu.mem_la_addr [1:0] = 2'00
    New ctrl vector for $pmux cell $flatten\soc.\cpu.$procmux$3146: { \soc.cpu.cpu_state [3] $auto$opt_reduce.cc:137:opt_pmux$11383 }
    Consolidated identical input bits for $mux cell $flatten\soc.\cpu.$ternary$../picorv32.v:1546$1537:
      Old ports: A=3'011, B=3'100, Y=$auto$wreduce.cc:514:run$8243 [2:0]
      New ports: A=2'01, B=2'10, Y={ $auto$wreduce.cc:514:run$8243 [2] $auto$wreduce.cc:514:run$8243 [0] }
      New connections: $auto$wreduce.cc:514:run$8243 [1] = $auto$wreduce.cc:514:run$8243 [0]
    Consolidated identical input bits for $mux cell $flatten\soc.\cpu.$ternary$../picorv32.v:1541$1535:
      Old ports: A=2'00, B=2'10, Y=$flatten\soc.\cpu.$ternary$../picorv32.v:1541$1535_Y
      New ports: A=1'0, B=1'1, Y=$flatten\soc.\cpu.$ternary$../picorv32.v:1541$1535_Y [1]
      New connections: $flatten\soc.\cpu.$ternary$../picorv32.v:1541$1535_Y [0] = 1'0
    New ctrl vector for $pmux cell $flatten\soc.\cpu.$procmux$3664: { \soc.cpu.cpu_state [4] $auto$opt_reduce.cc:137:opt_pmux$11385 }
    Consolidated identical input bits for $pmux cell $flatten\soc.\cpu.$procmux$2890:
      Old ports: A=\soc.cpu.mem_rdata_word, B={ \soc.cpu.mem_rdata_word [15] \soc.cpu.mem_rdata_word [15] \soc.cpu.mem_rdata_word [15] \soc.cpu.mem_rdata_word [15] \soc.cpu.mem_rdata_word [15] \soc.cpu.mem_rdata_word [15] \soc.cpu.mem_rdata_word [15] \soc.cpu.mem_rdata_word [15] \soc.cpu.mem_rdata_word [15] \soc.cpu.mem_rdata_word [15] \soc.cpu.mem_rdata_word [15] \soc.cpu.mem_rdata_word [15] \soc.cpu.mem_rdata_word [15] \soc.cpu.mem_rdata_word [15] \soc.cpu.mem_rdata_word [15] \soc.cpu.mem_rdata_word [15] \soc.cpu.mem_rdata_word [15:0] \soc.cpu.mem_rdata_word [7] \soc.cpu.mem_rdata_word [7] \soc.cpu.mem_rdata_word [7] \soc.cpu.mem_rdata_word [7] \soc.cpu.mem_rdata_word [7] \soc.cpu.mem_rdata_word [7] \soc.cpu.mem_rdata_word [7] \soc.cpu.mem_rdata_word [7] \soc.cpu.mem_rdata_word [7] \soc.cpu.mem_rdata_word [7] \soc.cpu.mem_rdata_word [7] \soc.cpu.mem_rdata_word [7] \soc.cpu.mem_rdata_word [7] \soc.cpu.mem_rdata_word [7] \soc.cpu.mem_rdata_word [7] \soc.cpu.mem_rdata_word [7] \soc.cpu.mem_rdata_word [7] \soc.cpu.mem_rdata_word [7] \soc.cpu.mem_rdata_word [7] \soc.cpu.mem_rdata_word [7] \soc.cpu.mem_rdata_word [7] \soc.cpu.mem_rdata_word [7] \soc.cpu.mem_rdata_word [7] \soc.cpu.mem_rdata_word [7] \soc.cpu.mem_rdata_word [7:0] }, Y=$flatten\soc.\cpu.$procmux$2890_Y
      New ports: A=\soc.cpu.mem_rdata_word [31:8], B={ \soc.cpu.mem_rdata_word [15] \soc.cpu.mem_rdata_word [15] \soc.cpu.mem_rdata_word [15] \soc.cpu.mem_rdata_word [15] \soc.cpu.mem_rdata_word [15] \soc.cpu.mem_rdata_word [15] \soc.cpu.mem_rdata_word [15] \soc.cpu.mem_rdata_word [15] \soc.cpu.mem_rdata_word [15] \soc.cpu.mem_rdata_word [15] \soc.cpu.mem_rdata_word [15] \soc.cpu.mem_rdata_word [15] \soc.cpu.mem_rdata_word [15] \soc.cpu.mem_rdata_word [15] \soc.cpu.mem_rdata_word [15] \soc.cpu.mem_rdata_word [15] \soc.cpu.mem_rdata_word [15:7] \soc.cpu.mem_rdata_word [7] \soc.cpu.mem_rdata_word [7] \soc.cpu.mem_rdata_word [7] \soc.cpu.mem_rdata_word [7] \soc.cpu.mem_rdata_word [7] \soc.cpu.mem_rdata_word [7] \soc.cpu.mem_rdata_word [7] \soc.cpu.mem_rdata_word [7] \soc.cpu.mem_rdata_word [7] \soc.cpu.mem_rdata_word [7] \soc.cpu.mem_rdata_word [7] \soc.cpu.mem_rdata_word [7] \soc.cpu.mem_rdata_word [7] \soc.cpu.mem_rdata_word [7] \soc.cpu.mem_rdata_word [7] \soc.cpu.mem_rdata_word [7] \soc.cpu.mem_rdata_word [7] \soc.cpu.mem_rdata_word [7] \soc.cpu.mem_rdata_word [7] \soc.cpu.mem_rdata_word [7] \soc.cpu.mem_rdata_word [7] \soc.cpu.mem_rdata_word [7] \soc.cpu.mem_rdata_word [7] }, Y=$flatten\soc.\cpu.$procmux$2890_Y [31:8]
      New connections: $flatten\soc.\cpu.$procmux$2890_Y [7:0] = \soc.cpu.mem_rdata_word [7:0]
    New ctrl vector for $pmux cell $flatten\soc.\cpu.$procmux$4698: { $flatten\soc.\cpu.$procmux$4708_CMP $auto$opt_reduce.cc:137:opt_pmux$11387 }
    New ctrl vector for $pmux cell $flatten\soc.\cpu.$procmux$3456: { $auto$opt_reduce.cc:137:opt_pmux$11389 $auto$opt_reduce.cc:137:opt_pmux$6685 }
    Consolidated identical input bits for $mux cell $flatten\soc.\spimemio.\xfer.$procmux$1929:
      Old ports: A=\soc.spimemio.xfer.count, B={ $flatten\soc.\spimemio.\xfer.$sub$spimemio.v:524$1708_Y [3:1] \soc.spimemio.xfer.count [0] }, Y=$flatten\soc.\spimemio.\xfer.$5\next_count[3:0]
      New ports: A=\soc.spimemio.xfer.count [3:1], B=$flatten\soc.\spimemio.\xfer.$sub$spimemio.v:524$1708_Y [3:1], Y=$flatten\soc.\spimemio.\xfer.$5\next_count[3:0] [3:1]
      New connections: $flatten\soc.\spimemio.\xfer.$5\next_count[3:0] [0] = \soc.spimemio.xfer.count [0]
    Consolidated identical input bits for $mux cell $flatten\soc.\cpu.$procmux$3714:
      Old ports: A={ $flatten\soc.\cpu.$add$../picorv32.v:1552$1543_Y [31:2] $auto$alumacc.cc:528:replace_alu$8501 [1] $auto$alumacc.cc:528:replace_alu$8495 [0] }, B={ $flatten\soc.\cpu.$add$../picorv32.v:1569$1547_Y [31:1] $auto$alumacc.cc:528:replace_alu$8495 [0] }, Y=$flatten\soc.\cpu.$procmux$3714_Y
      New ports: A={ $flatten\soc.\cpu.$add$../picorv32.v:1552$1543_Y [31:2] $auto$alumacc.cc:528:replace_alu$8501 [1] }, B=$flatten\soc.\cpu.$add$../picorv32.v:1569$1547_Y [31:1], Y=$flatten\soc.\cpu.$procmux$3714_Y [31:1]
      New connections: $flatten\soc.\cpu.$procmux$3714_Y [0] = $auto$alumacc.cc:528:replace_alu$8495 [0]
    Consolidated identical input bits for $mux cell $flatten\soc.\spimemio.\xfer.$procmux$1970:
      Old ports: A=\soc.spimemio.xfer.count, B={ $flatten\soc.\spimemio.\xfer.$sub$spimemio.v:491$1696_Y [3:2] \soc.spimemio.xfer.count [1:0] }, Y=$flatten\soc.\spimemio.\xfer.$4\next_count[3:0]
      New ports: A=\soc.spimemio.xfer.count [3:2], B=$flatten\soc.\spimemio.\xfer.$sub$spimemio.v:491$1696_Y [3:2], Y=$flatten\soc.\spimemio.\xfer.$4\next_count[3:0] [3:2]
      New connections: $flatten\soc.\spimemio.\xfer.$4\next_count[3:0] [1:0] = \soc.spimemio.xfer.count [1:0]
    Consolidated identical input bits for $mux cell $flatten\soc.\cpu.$procmux$3720:
      Old ports: A={ $flatten\soc.\cpu.$3\current_pc[31:0] [31:2] $auto$alumacc.cc:528:replace_alu$8501 [1] $auto$alumacc.cc:528:replace_alu$8495 [0] }, B={ $flatten\soc.\cpu.$add$../picorv32.v:1552$1543_Y [31:2] $auto$alumacc.cc:528:replace_alu$8501 [1] $auto$alumacc.cc:528:replace_alu$8495 [0] }, Y=$flatten\soc.\cpu.$procmux$3720_Y
      New ports: A=$flatten\soc.\cpu.$3\current_pc[31:0] [31:2], B=$flatten\soc.\cpu.$add$../picorv32.v:1552$1543_Y [31:2], Y=$flatten\soc.\cpu.$procmux$3720_Y [31:2]
      New connections: $flatten\soc.\cpu.$procmux$3720_Y [1:0] = { $auto$alumacc.cc:528:replace_alu$8501 [1] $auto$alumacc.cc:528:replace_alu$8495 [0] }
    New ctrl vector for $pmux cell $flatten\soc.\spimemio.\xfer.$procmux$2058: { $flatten\soc.\spimemio.\xfer.$procmux$1936_CMP $auto$opt_reduce.cc:137:opt_pmux$11391 }
    Consolidated identical input bits for $pmux cell $flatten\soc.\spimemio.\xfer.$procmux$2068:
      Old ports: A={ \soc.spimemio.xfer.obuffer [5:0] 2'00 }, B={ \soc.spimemio.xfer.obuffer [6:0] 1'0 \soc.spimemio.xfer.obuffer [3:0] 4'0000 \soc.spimemio.xfer.obuffer [3:0] 4'0000 }, Y=\soc.spimemio.xfer.next_obuffer
      New ports: A={ \soc.spimemio.xfer.obuffer [5:0] 1'0 }, B={ \soc.spimemio.xfer.obuffer [6:0] \soc.spimemio.xfer.obuffer [3:0] 3'000 \soc.spimemio.xfer.obuffer [3:0] 3'000 }, Y=\soc.spimemio.xfer.next_obuffer [7:1]
      New connections: \soc.spimemio.xfer.next_obuffer [0] = 1'0
    New ctrl vector for $pmux cell $flatten\soc.\spimemio.\xfer.$procmux$2068: { $flatten\soc.\spimemio.\xfer.$procmux$1936_CMP $auto$opt_reduce.cc:137:opt_pmux$11393 }
    Consolidated identical input bits for $mux cell $flatten\soc.\cpu.$procmux$5001:
      Old ports: A={ 16'0000000000000000 \soc.cpu.mem_rdata [15:0] }, B={ 16'0000000000000000 \soc.cpu.mem_rdata [31:16] }, Y=$flatten\soc.\cpu.$2\mem_rdata_word[31:0]
      New ports: A=\soc.cpu.mem_rdata [15:0], B=\soc.cpu.mem_rdata [31:16], Y=$flatten\soc.\cpu.$2\mem_rdata_word[31:0] [15:0]
      New connections: $flatten\soc.\cpu.$2\mem_rdata_word[31:0] [31:16] = 16'0000000000000000
    Consolidated identical input bits for $pmux cell $flatten\soc.\spimemio.$procmux$5942:
      Old ports: A=8'11101101, B=24'111010111011101100000011, Y=$flatten\soc.\spimemio.$procmux$5942_Y
      New ports: A=5'10110, B=15'101010110100001, Y={ $flatten\soc.\spimemio.$procmux$5942_Y [6] $flatten\soc.\spimemio.$procmux$5942_Y [4:1] }
      New connections: { $flatten\soc.\spimemio.$procmux$5942_Y [7] $flatten\soc.\spimemio.$procmux$5942_Y [5] $flatten\soc.\spimemio.$procmux$5942_Y [0] } = { $flatten\soc.\spimemio.$procmux$5942_Y [3] $flatten\soc.\spimemio.$procmux$5942_Y [3] 1'1 }
    Consolidated identical input bits for $pmux cell $flatten\soc.\spimemio.$procmux$5911:
      Old ports: A=4'0000, B=20'00000001001000110100, Y=$flatten\soc.\spimemio.$procmux$5911_Y
      New ports: A=3'000, B=15'000001010011100, Y=$flatten\soc.\spimemio.$procmux$5911_Y [2:0]
      New connections: $flatten\soc.\spimemio.$procmux$5911_Y [3] = 1'0
    New ctrl vector for $pmux cell $flatten\soc.\spimemio.$procmux$5911: { \soc.spimemio.state [8] \soc.spimemio.state [5] \soc.spimemio.state [11] \soc.spimemio.state [3] }
    Consolidated identical input bits for $pmux cell $flatten\soc.\cpu.$procmux$4992:
      Old ports: A={ 24'000000000000000000000000 \soc.cpu.mem_rdata [7:0] }, B={ 24'000000000000000000000000 \soc.cpu.mem_rdata [15:8] 24'000000000000000000000000 \soc.cpu.mem_rdata [23:16] 24'000000000000000000000000 \soc.cpu.mem_rdata [31:24] }, Y=$flatten\soc.\cpu.$3\mem_rdata_word[31:0]
      New ports: A=\soc.cpu.mem_rdata [7:0], B={ \soc.cpu.mem_rdata [15:8] \soc.cpu.mem_rdata [23:16] \soc.cpu.mem_rdata [31:24] }, Y=$flatten\soc.\cpu.$3\mem_rdata_word[31:0] [7:0]
      New connections: $flatten\soc.\cpu.$3\mem_rdata_word[31:0] [31:8] = 24'000000000000000000000000
    Consolidated identical input bits for $mux cell $flatten\soc.\spimemio.$ternary$spimemio.v:316$545:
      Old ports: A=7'1111111, B=7'0100101, Y=$auto$wreduce.cc:514:run$8247 [6:0]
      New ports: A=1'1, B=1'0, Y=$auto$wreduce.cc:514:run$8247 [1]
      New connections: { $auto$wreduce.cc:514:run$8247 [6:2] $auto$wreduce.cc:514:run$8247 [0] } = { $auto$wreduce.cc:514:run$8247 [1] 1'1 $auto$wreduce.cc:514:run$8247 [1] $auto$wreduce.cc:514:run$8247 [1] 2'11 }
    Consolidated identical input bits for $mux cell $flatten\soc.\simpleuart.$ternary$simpleuart.v:53$473:
      Old ports: A=32'11111111111111111111111111111111, B={ 24'000000000000000000000000 \soc.simpleuart.recv_buf_data }, Y=\soc.simpleuart_reg_dat_do
      New ports: A=9'111111111, B={ 1'0 \soc.simpleuart.recv_buf_data }, Y=\soc.simpleuart_reg_dat_do [8:0]
      New connections: \soc.simpleuart_reg_dat_do [31:9] = { \soc.simpleuart_reg_dat_do [8] \soc.simpleuart_reg_dat_do [8] \soc.simpleuart_reg_dat_do [8] \soc.simpleuart_reg_dat_do [8] \soc.simpleuart_reg_dat_do [8] \soc.simpleuart_reg_dat_do [8] \soc.simpleuart_reg_dat_do [8] \soc.simpleuart_reg_dat_do [8] \soc.simpleuart_reg_dat_do [8] \soc.simpleuart_reg_dat_do [8] \soc.simpleuart_reg_dat_do [8] \soc.simpleuart_reg_dat_do [8] \soc.simpleuart_reg_dat_do [8] \soc.simpleuart_reg_dat_do [8] \soc.simpleuart_reg_dat_do [8] \soc.simpleuart_reg_dat_do [8] \soc.simpleuart_reg_dat_do [8] \soc.simpleuart_reg_dat_do [8] \soc.simpleuart_reg_dat_do [8] \soc.simpleuart_reg_dat_do [8] \soc.simpleuart_reg_dat_do [8] \soc.simpleuart_reg_dat_do [8] \soc.simpleuart_reg_dat_do [8] }
    Consolidated identical input bits for $mux cell $memory$flatten\seven_segment_ctrl.\lsb_nibble.$auto$proc_rom.cc:155:do_switch$1758$rdmux[0][3][7]$11334:
      Old ports: A=7'1111001, B=7'1110001, Y=$memory$flatten\seven_segment_ctrl.\lsb_nibble.$auto$proc_rom.cc:155:do_switch$1758$rdmux[0][2][3]$b$11312
      New ports: A=1'1, B=1'0, Y=$memory$flatten\seven_segment_ctrl.\lsb_nibble.$auto$proc_rom.cc:155:do_switch$1758$rdmux[0][2][3]$b$11312 [3]
      New connections: { $memory$flatten\seven_segment_ctrl.\lsb_nibble.$auto$proc_rom.cc:155:do_switch$1758$rdmux[0][2][3]$b$11312 [6:4] $memory$flatten\seven_segment_ctrl.\lsb_nibble.$auto$proc_rom.cc:155:do_switch$1758$rdmux[0][2][3]$b$11312 [2:0] } = 6'111001
    Consolidated identical input bits for $mux cell $memory$flatten\seven_segment_ctrl.\msb_nibble.$auto$proc_rom.cc:155:do_switch$1758$rdmux[0][3][7]$11379:
      Old ports: A=7'1111001, B=7'1110001, Y=$memory$flatten\seven_segment_ctrl.\msb_nibble.$auto$proc_rom.cc:155:do_switch$1758$rdmux[0][2][3]$b$11357
      New ports: A=1'1, B=1'0, Y=$memory$flatten\seven_segment_ctrl.\msb_nibble.$auto$proc_rom.cc:155:do_switch$1758$rdmux[0][2][3]$b$11357 [3]
      New connections: { $memory$flatten\seven_segment_ctrl.\msb_nibble.$auto$proc_rom.cc:155:do_switch$1758$rdmux[0][2][3]$b$11357 [6:4] $memory$flatten\seven_segment_ctrl.\msb_nibble.$auto$proc_rom.cc:155:do_switch$1758$rdmux[0][2][3]$b$11357 [2:0] } = 6'111001
    New input vector for $reduce_or cell $auto$opt_reduce.cc:131:opt_pmux$11382: { \soc.cpu.cpu_state [6] \soc.cpu.cpu_state [4] \soc.cpu.cpu_state [2] }
  Optimizing cells in module \icebreaker.
    Consolidated identical input bits for $mux cell $memory$flatten\seven_segment_ctrl.\msb_nibble.$auto$proc_rom.cc:155:do_switch$1758$rdmux[0][2][3]$11355:
      Old ports: A=$memory$flatten\seven_segment_ctrl.\msb_nibble.$auto$proc_rom.cc:155:do_switch$1758$rdmux[0][2][3]$a$11356, B=$memory$flatten\seven_segment_ctrl.\msb_nibble.$auto$proc_rom.cc:155:do_switch$1758$rdmux[0][2][3]$b$11357, Y=$memory$flatten\seven_segment_ctrl.\msb_nibble.$auto$proc_rom.cc:155:do_switch$1758$rdmux[0][1][1]$b$11345
      New ports: A={ $memory$flatten\seven_segment_ctrl.\msb_nibble.$auto$proc_rom.cc:155:do_switch$1758$rdmux[0][2][3]$a$11356 [1] 1'1 $memory$flatten\seven_segment_ctrl.\msb_nibble.$auto$proc_rom.cc:155:do_switch$1758$rdmux[0][2][3]$a$11356 [1:0] }, B={ 1'1 $memory$flatten\seven_segment_ctrl.\msb_nibble.$auto$proc_rom.cc:155:do_switch$1758$rdmux[0][2][3]$b$11357 [3] 2'01 }, Y={ $memory$flatten\seven_segment_ctrl.\msb_nibble.$auto$proc_rom.cc:155:do_switch$1758$rdmux[0][1][1]$b$11345 [6] $memory$flatten\seven_segment_ctrl.\msb_nibble.$auto$proc_rom.cc:155:do_switch$1758$rdmux[0][1][1]$b$11345 [3] $memory$flatten\seven_segment_ctrl.\msb_nibble.$auto$proc_rom.cc:155:do_switch$1758$rdmux[0][1][1]$b$11345 [1:0] }
      New connections: { $memory$flatten\seven_segment_ctrl.\msb_nibble.$auto$proc_rom.cc:155:do_switch$1758$rdmux[0][1][1]$b$11345 [5:4] $memory$flatten\seven_segment_ctrl.\msb_nibble.$auto$proc_rom.cc:155:do_switch$1758$rdmux[0][1][1]$b$11345 [2] } = { $memory$flatten\seven_segment_ctrl.\msb_nibble.$auto$proc_rom.cc:155:do_switch$1758$rdmux[0][1][1]$b$11345 [0] 1'1 $memory$flatten\seven_segment_ctrl.\msb_nibble.$auto$proc_rom.cc:155:do_switch$1758$rdmux[0][1][1]$b$11345 [1] }
    Consolidated identical input bits for $mux cell $memory$flatten\seven_segment_ctrl.\msb_nibble.$auto$proc_rom.cc:155:do_switch$1758$rdmux[0][2][0]$11346:
      Old ports: A=$memory$flatten\seven_segment_ctrl.\msb_nibble.$auto$proc_rom.cc:155:do_switch$1758$rdmux[0][2][0]$a$11347, B=$memory$flatten\seven_segment_ctrl.\msb_nibble.$auto$proc_rom.cc:155:do_switch$1758$rdmux[0][2][0]$b$11348, Y=$memory$flatten\seven_segment_ctrl.\msb_nibble.$auto$proc_rom.cc:155:do_switch$1758$rdmux[0][1][0]$a$11341
      New ports: A={ 1'0 $memory$flatten\seven_segment_ctrl.\msb_nibble.$auto$proc_rom.cc:155:do_switch$1758$rdmux[0][2][0]$a$11347 [0] $memory$flatten\seven_segment_ctrl.\msb_nibble.$auto$proc_rom.cc:155:do_switch$1758$rdmux[0][2][0]$a$11347 [0] 1'1 $memory$flatten\seven_segment_ctrl.\msb_nibble.$auto$proc_rom.cc:155:do_switch$1758$rdmux[0][2][0]$a$11347 [0] }, B={ 2'10 $memory$flatten\seven_segment_ctrl.\msb_nibble.$auto$proc_rom.cc:155:do_switch$1758$rdmux[0][2][0]$b$11348 [4] $memory$flatten\seven_segment_ctrl.\msb_nibble.$auto$proc_rom.cc:155:do_switch$1758$rdmux[0][2][0]$b$11348 [2] 1'1 }, Y={ $memory$flatten\seven_segment_ctrl.\msb_nibble.$auto$proc_rom.cc:155:do_switch$1758$rdmux[0][1][0]$a$11341 [6:4] $memory$flatten\seven_segment_ctrl.\msb_nibble.$auto$proc_rom.cc:155:do_switch$1758$rdmux[0][1][0]$a$11341 [2] $memory$flatten\seven_segment_ctrl.\msb_nibble.$auto$proc_rom.cc:155:do_switch$1758$rdmux[0][1][0]$a$11341 [0] }
      New connections: { $memory$flatten\seven_segment_ctrl.\msb_nibble.$auto$proc_rom.cc:155:do_switch$1758$rdmux[0][1][0]$a$11341 [3] $memory$flatten\seven_segment_ctrl.\msb_nibble.$auto$proc_rom.cc:155:do_switch$1758$rdmux[0][1][0]$a$11341 [1] } = { $memory$flatten\seven_segment_ctrl.\msb_nibble.$auto$proc_rom.cc:155:do_switch$1758$rdmux[0][1][0]$a$11341 [0] 1'1 }
    Consolidated identical input bits for $mux cell $memory$flatten\seven_segment_ctrl.\lsb_nibble.$auto$proc_rom.cc:155:do_switch$1758$rdmux[0][2][1]$11304:
      Old ports: A=$memory$flatten\seven_segment_ctrl.\lsb_nibble.$auto$proc_rom.cc:155:do_switch$1758$rdmux[0][2][1]$a$11305, B=$memory$flatten\seven_segment_ctrl.\lsb_nibble.$auto$proc_rom.cc:155:do_switch$1758$rdmux[0][2][1]$b$11306, Y=$memory$flatten\seven_segment_ctrl.\lsb_nibble.$auto$proc_rom.cc:155:do_switch$1758$rdmux[0][1][0]$b$11297
      New ports: A={ 2'10 $memory$flatten\seven_segment_ctrl.\lsb_nibble.$auto$proc_rom.cc:155:do_switch$1758$rdmux[0][2][1]$a$11305 [0] $memory$flatten\seven_segment_ctrl.\lsb_nibble.$auto$proc_rom.cc:155:do_switch$1758$rdmux[0][2][1]$a$11305 [1:0] }, B={ $memory$flatten\seven_segment_ctrl.\lsb_nibble.$auto$proc_rom.cc:155:do_switch$1758$rdmux[0][2][1]$b$11306 [3] $memory$flatten\seven_segment_ctrl.\lsb_nibble.$auto$proc_rom.cc:155:do_switch$1758$rdmux[0][2][1]$b$11306 [3] $memory$flatten\seven_segment_ctrl.\lsb_nibble.$auto$proc_rom.cc:155:do_switch$1758$rdmux[0][2][1]$b$11306 [3] $memory$flatten\seven_segment_ctrl.\lsb_nibble.$auto$proc_rom.cc:155:do_switch$1758$rdmux[0][2][1]$b$11306 [1] 1'1 }, Y={ $memory$flatten\seven_segment_ctrl.\lsb_nibble.$auto$proc_rom.cc:155:do_switch$1758$rdmux[0][1][0]$b$11297 [5:3] $memory$flatten\seven_segment_ctrl.\lsb_nibble.$auto$proc_rom.cc:155:do_switch$1758$rdmux[0][1][0]$b$11297 [1:0] }
      New connections: { $memory$flatten\seven_segment_ctrl.\lsb_nibble.$auto$proc_rom.cc:155:do_switch$1758$rdmux[0][1][0]$b$11297 [6] $memory$flatten\seven_segment_ctrl.\lsb_nibble.$auto$proc_rom.cc:155:do_switch$1758$rdmux[0][1][0]$b$11297 [2] } = { $memory$flatten\seven_segment_ctrl.\lsb_nibble.$auto$proc_rom.cc:155:do_switch$1758$rdmux[0][1][0]$b$11297 [5] 1'1 }
    Consolidated identical input bits for $mux cell $memory$flatten\seven_segment_ctrl.\lsb_nibble.$auto$proc_rom.cc:155:do_switch$1758$rdmux[0][2][3]$11310:
      Old ports: A=$memory$flatten\seven_segment_ctrl.\lsb_nibble.$auto$proc_rom.cc:155:do_switch$1758$rdmux[0][2][3]$a$11311, B=$memory$flatten\seven_segment_ctrl.\lsb_nibble.$auto$proc_rom.cc:155:do_switch$1758$rdmux[0][2][3]$b$11312, Y=$memory$flatten\seven_segment_ctrl.\lsb_nibble.$auto$proc_rom.cc:155:do_switch$1758$rdmux[0][1][1]$b$11300
      New ports: A={ $memory$flatten\seven_segment_ctrl.\lsb_nibble.$auto$proc_rom.cc:155:do_switch$1758$rdmux[0][2][3]$a$11311 [1] 1'1 $memory$flatten\seven_segment_ctrl.\lsb_nibble.$auto$proc_rom.cc:155:do_switch$1758$rdmux[0][2][3]$a$11311 [1:0] }, B={ 1'1 $memory$flatten\seven_segment_ctrl.\lsb_nibble.$auto$proc_rom.cc:155:do_switch$1758$rdmux[0][2][3]$b$11312 [3] 2'01 }, Y={ $memory$flatten\seven_segment_ctrl.\lsb_nibble.$auto$proc_rom.cc:155:do_switch$1758$rdmux[0][1][1]$b$11300 [6] $memory$flatten\seven_segment_ctrl.\lsb_nibble.$auto$proc_rom.cc:155:do_switch$1758$rdmux[0][1][1]$b$11300 [3] $memory$flatten\seven_segment_ctrl.\lsb_nibble.$auto$proc_rom.cc:155:do_switch$1758$rdmux[0][1][1]$b$11300 [1:0] }
      New connections: { $memory$flatten\seven_segment_ctrl.\lsb_nibble.$auto$proc_rom.cc:155:do_switch$1758$rdmux[0][1][1]$b$11300 [5:4] $memory$flatten\seven_segment_ctrl.\lsb_nibble.$auto$proc_rom.cc:155:do_switch$1758$rdmux[0][1][1]$b$11300 [2] } = { $memory$flatten\seven_segment_ctrl.\lsb_nibble.$auto$proc_rom.cc:155:do_switch$1758$rdmux[0][1][1]$b$11300 [0] 1'1 $memory$flatten\seven_segment_ctrl.\lsb_nibble.$auto$proc_rom.cc:155:do_switch$1758$rdmux[0][1][1]$b$11300 [1] }
    Consolidated identical input bits for $mux cell $memory$flatten\seven_segment_ctrl.\lsb_nibble.$auto$proc_rom.cc:155:do_switch$1758$rdmux[0][2][2]$11307:
      Old ports: A=$memory$flatten\seven_segment_ctrl.\lsb_nibble.$auto$proc_rom.cc:155:do_switch$1758$rdmux[0][2][2]$a$11308, B=$memory$flatten\seven_segment_ctrl.\lsb_nibble.$auto$proc_rom.cc:155:do_switch$1758$rdmux[0][2][2]$b$11309, Y=$memory$flatten\seven_segment_ctrl.\lsb_nibble.$auto$proc_rom.cc:155:do_switch$1758$rdmux[0][1][1]$a$11299
      New ports: A={ $memory$flatten\seven_segment_ctrl.\lsb_nibble.$auto$proc_rom.cc:155:do_switch$1758$rdmux[0][2][2]$a$11308 [4] 2'11 }, B={ 1'1 $memory$flatten\seven_segment_ctrl.\lsb_nibble.$auto$proc_rom.cc:155:do_switch$1758$rdmux[0][2][2]$b$11309 [3] $memory$flatten\seven_segment_ctrl.\lsb_nibble.$auto$proc_rom.cc:155:do_switch$1758$rdmux[0][2][2]$b$11309 [0] }, Y={ $memory$flatten\seven_segment_ctrl.\lsb_nibble.$auto$proc_rom.cc:155:do_switch$1758$rdmux[0][1][1]$a$11299 [4:3] $memory$flatten\seven_segment_ctrl.\lsb_nibble.$auto$proc_rom.cc:155:do_switch$1758$rdmux[0][1][1]$a$11299 [0] }
      New connections: { $memory$flatten\seven_segment_ctrl.\lsb_nibble.$auto$proc_rom.cc:155:do_switch$1758$rdmux[0][1][1]$a$11299 [6:5] $memory$flatten\seven_segment_ctrl.\lsb_nibble.$auto$proc_rom.cc:155:do_switch$1758$rdmux[0][1][1]$a$11299 [2:1] } = { 3'111 $memory$flatten\seven_segment_ctrl.\lsb_nibble.$auto$proc_rom.cc:155:do_switch$1758$rdmux[0][1][1]$a$11299 [0] }
    Consolidated identical input bits for $mux cell $memory$flatten\seven_segment_ctrl.\lsb_nibble.$auto$proc_rom.cc:155:do_switch$1758$rdmux[0][2][0]$11301:
      Old ports: A=$memory$flatten\seven_segment_ctrl.\lsb_nibble.$auto$proc_rom.cc:155:do_switch$1758$rdmux[0][2][0]$a$11302, B=$memory$flatten\seven_segment_ctrl.\lsb_nibble.$auto$proc_rom.cc:155:do_switch$1758$rdmux[0][2][0]$b$11303, Y=$memory$flatten\seven_segment_ctrl.\lsb_nibble.$auto$proc_rom.cc:155:do_switch$1758$rdmux[0][1][0]$a$11296
      New ports: A={ 1'0 $memory$flatten\seven_segment_ctrl.\lsb_nibble.$auto$proc_rom.cc:155:do_switch$1758$rdmux[0][2][0]$a$11302 [0] $memory$flatten\seven_segment_ctrl.\lsb_nibble.$auto$proc_rom.cc:155:do_switch$1758$rdmux[0][2][0]$a$11302 [0] 1'1 $memory$flatten\seven_segment_ctrl.\lsb_nibble.$auto$proc_rom.cc:155:do_switch$1758$rdmux[0][2][0]$a$11302 [0] }, B={ 2'10 $memory$flatten\seven_segment_ctrl.\lsb_nibble.$auto$proc_rom.cc:155:do_switch$1758$rdmux[0][2][0]$b$11303 [4] $memory$flatten\seven_segment_ctrl.\lsb_nibble.$auto$proc_rom.cc:155:do_switch$1758$rdmux[0][2][0]$b$11303 [2] 1'1 }, Y={ $memory$flatten\seven_segment_ctrl.\lsb_nibble.$auto$proc_rom.cc:155:do_switch$1758$rdmux[0][1][0]$a$11296 [6:4] $memory$flatten\seven_segment_ctrl.\lsb_nibble.$auto$proc_rom.cc:155:do_switch$1758$rdmux[0][1][0]$a$11296 [2] $memory$flatten\seven_segment_ctrl.\lsb_nibble.$auto$proc_rom.cc:155:do_switch$1758$rdmux[0][1][0]$a$11296 [0] }
      New connections: { $memory$flatten\seven_segment_ctrl.\lsb_nibble.$auto$proc_rom.cc:155:do_switch$1758$rdmux[0][1][0]$a$11296 [3] $memory$flatten\seven_segment_ctrl.\lsb_nibble.$auto$proc_rom.cc:155:do_switch$1758$rdmux[0][1][0]$a$11296 [1] } = { $memory$flatten\seven_segment_ctrl.\lsb_nibble.$auto$proc_rom.cc:155:do_switch$1758$rdmux[0][1][0]$a$11296 [0] 1'1 }
    Consolidated identical input bits for $mux cell $memory$flatten\seven_segment_ctrl.\msb_nibble.$auto$proc_rom.cc:155:do_switch$1758$rdmux[0][2][2]$11352:
      Old ports: A=$memory$flatten\seven_segment_ctrl.\msb_nibble.$auto$proc_rom.cc:155:do_switch$1758$rdmux[0][2][2]$a$11353, B=$memory$flatten\seven_segment_ctrl.\msb_nibble.$auto$proc_rom.cc:155:do_switch$1758$rdmux[0][2][2]$b$11354, Y=$memory$flatten\seven_segment_ctrl.\msb_nibble.$auto$proc_rom.cc:155:do_switch$1758$rdmux[0][1][1]$a$11344
      New ports: A={ $memory$flatten\seven_segment_ctrl.\msb_nibble.$auto$proc_rom.cc:155:do_switch$1758$rdmux[0][2][2]$a$11353 [4] 2'11 }, B={ 1'1 $memory$flatten\seven_segment_ctrl.\msb_nibble.$auto$proc_rom.cc:155:do_switch$1758$rdmux[0][2][2]$b$11354 [3] $memory$flatten\seven_segment_ctrl.\msb_nibble.$auto$proc_rom.cc:155:do_switch$1758$rdmux[0][2][2]$b$11354 [0] }, Y={ $memory$flatten\seven_segment_ctrl.\msb_nibble.$auto$proc_rom.cc:155:do_switch$1758$rdmux[0][1][1]$a$11344 [4:3] $memory$flatten\seven_segment_ctrl.\msb_nibble.$auto$proc_rom.cc:155:do_switch$1758$rdmux[0][1][1]$a$11344 [0] }
      New connections: { $memory$flatten\seven_segment_ctrl.\msb_nibble.$auto$proc_rom.cc:155:do_switch$1758$rdmux[0][1][1]$a$11344 [6:5] $memory$flatten\seven_segment_ctrl.\msb_nibble.$auto$proc_rom.cc:155:do_switch$1758$rdmux[0][1][1]$a$11344 [2:1] } = { 3'111 $memory$flatten\seven_segment_ctrl.\msb_nibble.$auto$proc_rom.cc:155:do_switch$1758$rdmux[0][1][1]$a$11344 [0] }
    Consolidated identical input bits for $mux cell $memory$flatten\seven_segment_ctrl.\msb_nibble.$auto$proc_rom.cc:155:do_switch$1758$rdmux[0][2][1]$11349:
      Old ports: A=$memory$flatten\seven_segment_ctrl.\msb_nibble.$auto$proc_rom.cc:155:do_switch$1758$rdmux[0][2][1]$a$11350, B=$memory$flatten\seven_segment_ctrl.\msb_nibble.$auto$proc_rom.cc:155:do_switch$1758$rdmux[0][2][1]$b$11351, Y=$memory$flatten\seven_segment_ctrl.\msb_nibble.$auto$proc_rom.cc:155:do_switch$1758$rdmux[0][1][0]$b$11342
      New ports: A={ 2'10 $memory$flatten\seven_segment_ctrl.\msb_nibble.$auto$proc_rom.cc:155:do_switch$1758$rdmux[0][2][1]$a$11350 [0] $memory$flatten\seven_segment_ctrl.\msb_nibble.$auto$proc_rom.cc:155:do_switch$1758$rdmux[0][2][1]$a$11350 [1:0] }, B={ $memory$flatten\seven_segment_ctrl.\msb_nibble.$auto$proc_rom.cc:155:do_switch$1758$rdmux[0][2][1]$b$11351 [3] $memory$flatten\seven_segment_ctrl.\msb_nibble.$auto$proc_rom.cc:155:do_switch$1758$rdmux[0][2][1]$b$11351 [3] $memory$flatten\seven_segment_ctrl.\msb_nibble.$auto$proc_rom.cc:155:do_switch$1758$rdmux[0][2][1]$b$11351 [3] $memory$flatten\seven_segment_ctrl.\msb_nibble.$auto$proc_rom.cc:155:do_switch$1758$rdmux[0][2][1]$b$11351 [1] 1'1 }, Y={ $memory$flatten\seven_segment_ctrl.\msb_nibble.$auto$proc_rom.cc:155:do_switch$1758$rdmux[0][1][0]$b$11342 [5:3] $memory$flatten\seven_segment_ctrl.\msb_nibble.$auto$proc_rom.cc:155:do_switch$1758$rdmux[0][1][0]$b$11342 [1:0] }
      New connections: { $memory$flatten\seven_segment_ctrl.\msb_nibble.$auto$proc_rom.cc:155:do_switch$1758$rdmux[0][1][0]$b$11342 [6] $memory$flatten\seven_segment_ctrl.\msb_nibble.$auto$proc_rom.cc:155:do_switch$1758$rdmux[0][1][0]$b$11342 [2] } = { $memory$flatten\seven_segment_ctrl.\msb_nibble.$auto$proc_rom.cc:155:do_switch$1758$rdmux[0][1][0]$b$11342 [5] 1'1 }
    Consolidated identical input bits for $mux cell $flatten\soc.\cpu.$procmux$3716:
      Old ports: A={ $flatten\soc.\cpu.$3\current_pc[31:0] [31:2] $auto$alumacc.cc:528:replace_alu$8501 [1] $auto$alumacc.cc:528:replace_alu$8495 [0] }, B=$flatten\soc.\cpu.$procmux$3714_Y, Y=$flatten\soc.\cpu.$procmux$3716_Y
      New ports: A={ $flatten\soc.\cpu.$3\current_pc[31:0] [31:2] $auto$alumacc.cc:528:replace_alu$8501 [1] }, B=$flatten\soc.\cpu.$procmux$3714_Y [31:1], Y=$flatten\soc.\cpu.$procmux$3716_Y [31:1]
      New connections: $flatten\soc.\cpu.$procmux$3716_Y [0] = $auto$alumacc.cc:528:replace_alu$8495 [0]
    Consolidated identical input bits for $mux cell $flatten\soc.\spimemio.$procmux$5932:
      Old ports: A={ 1'1 $auto$wreduce.cc:514:run$8247 [6:0] }, B={ 4'0000 \soc.spimemio.config_dummy }, Y=$flatten\soc.\spimemio.$procmux$5932_Y
      New ports: A={ 1'1 $auto$wreduce.cc:514:run$8247 [1] $auto$wreduce.cc:514:run$8247 [1] 1'1 $auto$wreduce.cc:514:run$8247 [1] 1'1 }, B={ 2'00 \soc.spimemio.config_dummy }, Y=$flatten\soc.\spimemio.$procmux$5932_Y [5:0]
      New connections: $flatten\soc.\spimemio.$procmux$5932_Y [7:6] = $flatten\soc.\spimemio.$procmux$5932_Y [5:4]
  Optimizing cells in module \icebreaker.
    Consolidated identical input bits for $mux cell $flatten\soc.\cpu.$procmux$3722:
      Old ports: A=$flatten\soc.\cpu.$procmux$3716_Y, B=$flatten\soc.\cpu.$procmux$3720_Y, Y=$flatten\soc.\cpu.$procmux$3722_Y
      New ports: A=$flatten\soc.\cpu.$procmux$3716_Y [31:1], B={ $flatten\soc.\cpu.$procmux$3720_Y [31:2] $auto$alumacc.cc:528:replace_alu$8501 [1] }, Y=$flatten\soc.\cpu.$procmux$3722_Y [31:1]
      New connections: $flatten\soc.\cpu.$procmux$3722_Y [0] = $auto$alumacc.cc:528:replace_alu$8495 [0]
  Optimizing cells in module \icebreaker.
    Consolidated identical input bits for $mux cell $flatten\soc.\cpu.$procmux$3725:
      Old ports: A=$flatten\soc.\cpu.$procmux$3722_Y, B={ $flatten\soc.\cpu.$3\current_pc[31:0] [31:2] $auto$alumacc.cc:528:replace_alu$8501 [1] $auto$alumacc.cc:528:replace_alu$8495 [0] }, Y=$flatten\soc.\cpu.$procmux$3725_Y
      New ports: A=$flatten\soc.\cpu.$procmux$3722_Y [31:1], B={ $flatten\soc.\cpu.$3\current_pc[31:0] [31:2] $auto$alumacc.cc:528:replace_alu$8501 [1] }, Y=$flatten\soc.\cpu.$procmux$3725_Y [31:1]
      New connections: $flatten\soc.\cpu.$procmux$3725_Y [0] = $auto$alumacc.cc:528:replace_alu$8495 [0]
  Optimizing cells in module \icebreaker.
Performed a total of 55 changes.

7.36.5. Executing OPT_MERGE pass (detect identical cells).
Finding identical cells in module `\icebreaker'.
Computing hashes of 2265 cells of `\icebreaker'.
Finding duplicate cells in `\icebreaker'.
Computing hashes of 2252 cells of `\icebreaker'.
Finding duplicate cells in `\icebreaker'.
<suppressed ~39 debug messages>
Removed a total of 13 cells.

7.36.6. Executing OPT_DFF pass (perform DFF optimizations).

7.36.7. Executing OPT_CLEAN pass (remove unused cells and wires).
Finding unused cells or wires in module \icebreaker..
Removed 0 unused cells and 703 unused wires.
<suppressed ~1 debug messages>

7.36.8. Executing OPT_EXPR pass (perform const folding).
Optimizing module icebreaker.

7.36.9. Rerunning OPT passes. (Maybe there is more to do..)

7.36.10. Executing OPT_MUXTREE pass (detect dead branches in mux trees).
Running muxtree optimizer on module \icebreaker..
  Creating internal representation of mux trees.
  Evaluating internal representation of mux trees.
  Analyzing evaluation results.
Removed 0 multiplexer ports.
<suppressed ~1002 debug messages>

7.36.11. Executing OPT_REDUCE pass (consolidate $*mux and $reduce_* inputs).
  Optimizing cells in module \icebreaker.
Performed a total of 0 changes.

7.36.12. Executing OPT_MERGE pass (detect identical cells).
Finding identical cells in module `\icebreaker'.
Computing hashes of 2252 cells of `\icebreaker'.
Finding duplicate cells in `\icebreaker'.
Removed a total of 0 cells.

7.36.13. Executing OPT_DFF pass (perform DFF optimizations).
Adding SRST signal on $auto$ff.cc:337:slice$7866 ($dffe) from module icebreaker (D = \soc.spimemio.din_data [0], Q = \soc.spimemio.xfer.obuffer [0], rval = 1'0).
Adding SRST signal on $memory\soc.spimem_cache.cache_valid[0]$8757 ($dff) from module icebreaker (D = $memory\soc.spimem_cache.cache_valid$wrmux[0][0][0]$y$9399, Q = \soc.spimem_cache.cache_valid[0], rval = 1'1).
Adding EN signal on $auto$ff.cc:337:slice$11396 ($sdff) from module icebreaker (D = 1'0, Q = \soc.spimem_cache.cache_valid[0]).
Adding SRST signal on $memory\soc.spimem_cache.cache_valid[1]$8759 ($dff) from module icebreaker (D = $memory\soc.spimem_cache.cache_valid$wrmux[1][0][0]$y$9439, Q = \soc.spimem_cache.cache_valid[1], rval = 1'1).
Adding EN signal on $auto$ff.cc:337:slice$11398 ($sdff) from module icebreaker (D = 1'0, Q = \soc.spimem_cache.cache_valid[1]).
Adding SRST signal on $memory\soc.spimem_cache.cache_valid[2]$8761 ($dff) from module icebreaker (D = $memory\soc.spimem_cache.cache_valid$wrmux[2][0][0]$y$9457, Q = \soc.spimem_cache.cache_valid[2], rval = 1'1).
Adding EN signal on $auto$ff.cc:337:slice$11400 ($sdff) from module icebreaker (D = 1'0, Q = \soc.spimem_cache.cache_valid[2]).
Adding SRST signal on $memory\soc.spimem_cache.cache_valid[3]$8763 ($dff) from module icebreaker (D = $memory\soc.spimem_cache.cache_valid$wrmux[3][0][0]$y$9477, Q = \soc.spimem_cache.cache_valid[3], rval = 1'1).
Adding EN signal on $auto$ff.cc:337:slice$11402 ($sdff) from module icebreaker (D = 1'0, Q = \soc.spimem_cache.cache_valid[3]).
Adding SRST signal on $memory\soc.spimem_cache.cache_valid[4]$8765 ($dff) from module icebreaker (D = $memory\soc.spimem_cache.cache_valid$wrmux[4][0][0]$y$9493, Q = \soc.spimem_cache.cache_valid[4], rval = 1'1).
Adding EN signal on $auto$ff.cc:337:slice$11404 ($sdff) from module icebreaker (D = 1'0, Q = \soc.spimem_cache.cache_valid[4]).
Adding SRST signal on $memory\soc.spimem_cache.cache_valid[5]$8767 ($dff) from module icebreaker (D = $memory\soc.spimem_cache.cache_valid$wrmux[5][0][0]$y$9513, Q = \soc.spimem_cache.cache_valid[5], rval = 1'1).
Adding EN signal on $auto$ff.cc:337:slice$11406 ($sdff) from module icebreaker (D = 1'0, Q = \soc.spimem_cache.cache_valid[5]).
Adding SRST signal on $memory\soc.spimem_cache.cache_valid[6]$8769 ($dff) from module icebreaker (D = $memory\soc.spimem_cache.cache_valid$wrmux[6][0][0]$y$9529, Q = \soc.spimem_cache.cache_valid[6], rval = 1'1).
Adding EN signal on $auto$ff.cc:337:slice$11408 ($sdff) from module icebreaker (D = 1'0, Q = \soc.spimem_cache.cache_valid[6]).
Adding SRST signal on $memory\soc.spimem_cache.cache_valid[7]$8771 ($dff) from module icebreaker (D = $memory\soc.spimem_cache.cache_valid$wrmux[7][0][0]$y$9547, Q = \soc.spimem_cache.cache_valid[7], rval = 1'1).
Adding EN signal on $auto$ff.cc:337:slice$11410 ($sdff) from module icebreaker (D = 1'0, Q = \soc.spimem_cache.cache_valid[7]).
Adding SRST signal on $memory\soc.spimem_cache.cache_valid[8]$8773 ($dff) from module icebreaker (D = $memory\soc.spimem_cache.cache_valid$wrmux[8][0][0]$y$9563, Q = \soc.spimem_cache.cache_valid[8], rval = 1'1).
Adding EN signal on $auto$ff.cc:337:slice$11412 ($sdff) from module icebreaker (D = 1'0, Q = \soc.spimem_cache.cache_valid[8]).
Adding SRST signal on $memory\soc.spimem_cache.cache_valid[9]$8775 ($dff) from module icebreaker (D = $memory\soc.spimem_cache.cache_valid$wrmux[9][0][0]$y$9583, Q = \soc.spimem_cache.cache_valid[9], rval = 1'1).
Adding EN signal on $auto$ff.cc:337:slice$11414 ($sdff) from module icebreaker (D = 1'0, Q = \soc.spimem_cache.cache_valid[9]).
Adding SRST signal on $memory\soc.spimem_cache.cache_valid[10]$8777 ($dff) from module icebreaker (D = $memory\soc.spimem_cache.cache_valid$wrmux[10][0][0]$y$9597, Q = \soc.spimem_cache.cache_valid[10], rval = 1'1).
Adding EN signal on $auto$ff.cc:337:slice$11416 ($sdff) from module icebreaker (D = 1'0, Q = \soc.spimem_cache.cache_valid[10]).
Adding SRST signal on $memory\soc.spimem_cache.cache_valid[11]$8779 ($dff) from module icebreaker (D = $memory\soc.spimem_cache.cache_valid$wrmux[11][0][0]$y$9611, Q = \soc.spimem_cache.cache_valid[11], rval = 1'1).
Adding EN signal on $auto$ff.cc:337:slice$11418 ($sdff) from module icebreaker (D = 1'0, Q = \soc.spimem_cache.cache_valid[11]).
Adding SRST signal on $memory\soc.spimem_cache.cache_valid[12]$8781 ($dff) from module icebreaker (D = $memory\soc.spimem_cache.cache_valid$wrmux[12][0][0]$y$9625, Q = \soc.spimem_cache.cache_valid[12], rval = 1'1).
Adding EN signal on $auto$ff.cc:337:slice$11420 ($sdff) from module icebreaker (D = 1'0, Q = \soc.spimem_cache.cache_valid[12]).
Adding SRST signal on $memory\soc.spimem_cache.cache_valid[13]$8783 ($dff) from module icebreaker (D = $memory\soc.spimem_cache.cache_valid$wrmux[13][0][0]$y$9639, Q = \soc.spimem_cache.cache_valid[13], rval = 1'1).
Adding EN signal on $auto$ff.cc:337:slice$11422 ($sdff) from module icebreaker (D = 1'0, Q = \soc.spimem_cache.cache_valid[13]).
Adding SRST signal on $memory\soc.spimem_cache.cache_valid[14]$8785 ($dff) from module icebreaker (D = $memory\soc.spimem_cache.cache_valid$wrmux[14][0][0]$y$9653, Q = \soc.spimem_cache.cache_valid[14], rval = 1'1).
Adding EN signal on $auto$ff.cc:337:slice$11424 ($sdff) from module icebreaker (D = 1'0, Q = \soc.spimem_cache.cache_valid[14]).
Adding SRST signal on $memory\soc.spimem_cache.cache_valid[15]$8787 ($dff) from module icebreaker (D = $memory\soc.spimem_cache.cache_valid$wrmux[15][0][0]$y$9667, Q = \soc.spimem_cache.cache_valid[15], rval = 1'1).
Adding EN signal on $auto$ff.cc:337:slice$11426 ($sdff) from module icebreaker (D = 1'0, Q = \soc.spimem_cache.cache_valid[15]).
Adding SRST signal on $memory\soc.spimem_cache.cache_valid[16]$8789 ($dff) from module icebreaker (D = $memory\soc.spimem_cache.cache_valid$wrmux[16][0][0]$y$9681, Q = \soc.spimem_cache.cache_valid[16], rval = 1'1).
Adding EN signal on $auto$ff.cc:337:slice$11428 ($sdff) from module icebreaker (D = 1'0, Q = \soc.spimem_cache.cache_valid[16]).
Adding SRST signal on $memory\soc.spimem_cache.cache_valid[17]$8791 ($dff) from module icebreaker (D = $memory\soc.spimem_cache.cache_valid$wrmux[17][0][0]$y$9701, Q = \soc.spimem_cache.cache_valid[17], rval = 1'1).
Adding EN signal on $auto$ff.cc:337:slice$11430 ($sdff) from module icebreaker (D = 1'0, Q = \soc.spimem_cache.cache_valid[17]).
Adding SRST signal on $memory\soc.spimem_cache.cache_valid[18]$8793 ($dff) from module icebreaker (D = $memory\soc.spimem_cache.cache_valid$wrmux[18][0][0]$y$9715, Q = \soc.spimem_cache.cache_valid[18], rval = 1'1).
Adding EN signal on $auto$ff.cc:337:slice$11432 ($sdff) from module icebreaker (D = 1'0, Q = \soc.spimem_cache.cache_valid[18]).
Adding SRST signal on $memory\soc.spimem_cache.cache_valid[19]$8795 ($dff) from module icebreaker (D = $memory\soc.spimem_cache.cache_valid$wrmux[19][0][0]$y$9729, Q = \soc.spimem_cache.cache_valid[19], rval = 1'1).
Adding EN signal on $auto$ff.cc:337:slice$11434 ($sdff) from module icebreaker (D = 1'0, Q = \soc.spimem_cache.cache_valid[19]).
Adding SRST signal on $memory\soc.spimem_cache.cache_valid[20]$8797 ($dff) from module icebreaker (D = $memory\soc.spimem_cache.cache_valid$wrmux[20][0][0]$y$9743, Q = \soc.spimem_cache.cache_valid[20], rval = 1'1).
Adding EN signal on $auto$ff.cc:337:slice$11436 ($sdff) from module icebreaker (D = 1'0, Q = \soc.spimem_cache.cache_valid[20]).
Adding SRST signal on $memory\soc.spimem_cache.cache_valid[21]$8799 ($dff) from module icebreaker (D = $memory\soc.spimem_cache.cache_valid$wrmux[21][0][0]$y$9757, Q = \soc.spimem_cache.cache_valid[21], rval = 1'1).
Adding EN signal on $auto$ff.cc:337:slice$11438 ($sdff) from module icebreaker (D = 1'0, Q = \soc.spimem_cache.cache_valid[21]).
Adding SRST signal on $memory\soc.spimem_cache.cache_valid[22]$8801 ($dff) from module icebreaker (D = $memory\soc.spimem_cache.cache_valid$wrmux[22][0][0]$y$9771, Q = \soc.spimem_cache.cache_valid[22], rval = 1'1).
Adding EN signal on $auto$ff.cc:337:slice$11440 ($sdff) from module icebreaker (D = 1'0, Q = \soc.spimem_cache.cache_valid[22]).
Adding SRST signal on $memory\soc.spimem_cache.cache_valid[23]$8803 ($dff) from module icebreaker (D = $memory\soc.spimem_cache.cache_valid$wrmux[23][0][0]$y$9785, Q = \soc.spimem_cache.cache_valid[23], rval = 1'1).
Adding EN signal on $auto$ff.cc:337:slice$11442 ($sdff) from module icebreaker (D = 1'0, Q = \soc.spimem_cache.cache_valid[23]).
Adding SRST signal on $memory\soc.spimem_cache.cache_valid[24]$8805 ($dff) from module icebreaker (D = $memory\soc.spimem_cache.cache_valid$wrmux[24][0][0]$y$9799, Q = \soc.spimem_cache.cache_valid[24], rval = 1'1).
Adding EN signal on $auto$ff.cc:337:slice$11444 ($sdff) from module icebreaker (D = 1'0, Q = \soc.spimem_cache.cache_valid[24]).
Adding SRST signal on $memory\soc.spimem_cache.cache_valid[25]$8807 ($dff) from module icebreaker (D = $memory\soc.spimem_cache.cache_valid$wrmux[25][0][0]$y$9817, Q = \soc.spimem_cache.cache_valid[25], rval = 1'1).
Adding EN signal on $auto$ff.cc:337:slice$11446 ($sdff) from module icebreaker (D = 1'0, Q = \soc.spimem_cache.cache_valid[25]).
Adding SRST signal on $memory\soc.spimem_cache.cache_valid[26]$8809 ($dff) from module icebreaker (D = $memory\soc.spimem_cache.cache_valid$wrmux[26][0][0]$y$9831, Q = \soc.spimem_cache.cache_valid[26], rval = 1'1).
Adding EN signal on $auto$ff.cc:337:slice$11448 ($sdff) from module icebreaker (D = 1'0, Q = \soc.spimem_cache.cache_valid[26]).
Adding SRST signal on $memory\soc.spimem_cache.cache_valid[27]$8811 ($dff) from module icebreaker (D = $memory\soc.spimem_cache.cache_valid$wrmux[27][0][0]$y$9845, Q = \soc.spimem_cache.cache_valid[27], rval = 1'1).
Adding EN signal on $auto$ff.cc:337:slice$11450 ($sdff) from module icebreaker (D = 1'0, Q = \soc.spimem_cache.cache_valid[27]).
Adding SRST signal on $memory\soc.spimem_cache.cache_valid[28]$8813 ($dff) from module icebreaker (D = $memory\soc.spimem_cache.cache_valid$wrmux[28][0][0]$y$9859, Q = \soc.spimem_cache.cache_valid[28], rval = 1'1).
Adding EN signal on $auto$ff.cc:337:slice$11452 ($sdff) from module icebreaker (D = 1'0, Q = \soc.spimem_cache.cache_valid[28]).
Adding SRST signal on $memory\soc.spimem_cache.cache_valid[29]$8815 ($dff) from module icebreaker (D = $memory\soc.spimem_cache.cache_valid$wrmux[29][0][0]$y$9873, Q = \soc.spimem_cache.cache_valid[29], rval = 1'1).
Adding EN signal on $auto$ff.cc:337:slice$11454 ($sdff) from module icebreaker (D = 1'0, Q = \soc.spimem_cache.cache_valid[29]).
Adding SRST signal on $memory\soc.spimem_cache.cache_valid[30]$8817 ($dff) from module icebreaker (D = $memory\soc.spimem_cache.cache_valid$wrmux[30][0][0]$y$9887, Q = \soc.spimem_cache.cache_valid[30], rval = 1'1).
Adding EN signal on $auto$ff.cc:337:slice$11456 ($sdff) from module icebreaker (D = 1'0, Q = \soc.spimem_cache.cache_valid[30]).
Adding SRST signal on $memory\soc.spimem_cache.cache_valid[31]$8819 ($dff) from module icebreaker (D = $memory\soc.spimem_cache.cache_valid$wrmux[31][0][0]$y$9901, Q = \soc.spimem_cache.cache_valid[31], rval = 1'1).
Adding EN signal on $auto$ff.cc:337:slice$11458 ($sdff) from module icebreaker (D = 1'0, Q = \soc.spimem_cache.cache_valid[31]).
Adding SRST signal on $memory\soc.spimem_cache.cache_valid[32]$8821 ($dff) from module icebreaker (D = $memory\soc.spimem_cache.cache_valid$wrmux[32][0][0]$y$9915, Q = \soc.spimem_cache.cache_valid[32], rval = 1'1).
Adding EN signal on $auto$ff.cc:337:slice$11460 ($sdff) from module icebreaker (D = 1'0, Q = \soc.spimem_cache.cache_valid[32]).
Adding SRST signal on $memory\soc.spimem_cache.cache_valid[33]$8823 ($dff) from module icebreaker (D = $memory\soc.spimem_cache.cache_valid$wrmux[33][0][0]$y$9935, Q = \soc.spimem_cache.cache_valid[33], rval = 1'1).
Adding EN signal on $auto$ff.cc:337:slice$11462 ($sdff) from module icebreaker (D = 1'0, Q = \soc.spimem_cache.cache_valid[33]).
Adding SRST signal on $memory\soc.spimem_cache.cache_valid[34]$8825 ($dff) from module icebreaker (D = $memory\soc.spimem_cache.cache_valid$wrmux[34][0][0]$y$9949, Q = \soc.spimem_cache.cache_valid[34], rval = 1'1).
Adding EN signal on $auto$ff.cc:337:slice$11464 ($sdff) from module icebreaker (D = 1'0, Q = \soc.spimem_cache.cache_valid[34]).
Adding SRST signal on $memory\soc.spimem_cache.cache_valid[35]$8827 ($dff) from module icebreaker (D = $memory\soc.spimem_cache.cache_valid$wrmux[35][0][0]$y$9963, Q = \soc.spimem_cache.cache_valid[35], rval = 1'1).
Adding EN signal on $auto$ff.cc:337:slice$11466 ($sdff) from module icebreaker (D = 1'0, Q = \soc.spimem_cache.cache_valid[35]).
Adding SRST signal on $memory\soc.spimem_cache.cache_valid[36]$8829 ($dff) from module icebreaker (D = $memory\soc.spimem_cache.cache_valid$wrmux[36][0][0]$y$9977, Q = \soc.spimem_cache.cache_valid[36], rval = 1'1).
Adding EN signal on $auto$ff.cc:337:slice$11468 ($sdff) from module icebreaker (D = 1'0, Q = \soc.spimem_cache.cache_valid[36]).
Adding SRST signal on $memory\soc.spimem_cache.cache_valid[37]$8831 ($dff) from module icebreaker (D = $memory\soc.spimem_cache.cache_valid$wrmux[37][0][0]$y$9991, Q = \soc.spimem_cache.cache_valid[37], rval = 1'1).
Adding EN signal on $auto$ff.cc:337:slice$11470 ($sdff) from module icebreaker (D = 1'0, Q = \soc.spimem_cache.cache_valid[37]).
Adding SRST signal on $memory\soc.spimem_cache.cache_valid[38]$8833 ($dff) from module icebreaker (D = $memory\soc.spimem_cache.cache_valid$wrmux[38][0][0]$y$10005, Q = \soc.spimem_cache.cache_valid[38], rval = 1'1).
Adding EN signal on $auto$ff.cc:337:slice$11472 ($sdff) from module icebreaker (D = 1'0, Q = \soc.spimem_cache.cache_valid[38]).
Adding SRST signal on $memory\soc.spimem_cache.cache_valid[39]$8835 ($dff) from module icebreaker (D = $memory\soc.spimem_cache.cache_valid$wrmux[39][0][0]$y$10019, Q = \soc.spimem_cache.cache_valid[39], rval = 1'1).
Adding EN signal on $auto$ff.cc:337:slice$11474 ($sdff) from module icebreaker (D = 1'0, Q = \soc.spimem_cache.cache_valid[39]).
Adding SRST signal on $memory\soc.spimem_cache.cache_valid[40]$8837 ($dff) from module icebreaker (D = $memory\soc.spimem_cache.cache_valid$wrmux[40][0][0]$y$10033, Q = \soc.spimem_cache.cache_valid[40], rval = 1'1).
Adding EN signal on $auto$ff.cc:337:slice$11476 ($sdff) from module icebreaker (D = 1'0, Q = \soc.spimem_cache.cache_valid[40]).
Adding SRST signal on $memory\soc.spimem_cache.cache_valid[41]$8839 ($dff) from module icebreaker (D = $memory\soc.spimem_cache.cache_valid$wrmux[41][0][0]$y$10049, Q = \soc.spimem_cache.cache_valid[41], rval = 1'1).
Adding EN signal on $auto$ff.cc:337:slice$11478 ($sdff) from module icebreaker (D = 1'0, Q = \soc.spimem_cache.cache_valid[41]).
Adding SRST signal on $memory\soc.spimem_cache.cache_valid[42]$8841 ($dff) from module icebreaker (D = $memory\soc.spimem_cache.cache_valid$wrmux[42][0][0]$y$10063, Q = \soc.spimem_cache.cache_valid[42], rval = 1'1).
Adding EN signal on $auto$ff.cc:337:slice$11480 ($sdff) from module icebreaker (D = 1'0, Q = \soc.spimem_cache.cache_valid[42]).
Adding SRST signal on $memory\soc.spimem_cache.cache_valid[43]$8843 ($dff) from module icebreaker (D = $memory\soc.spimem_cache.cache_valid$wrmux[43][0][0]$y$10077, Q = \soc.spimem_cache.cache_valid[43], rval = 1'1).
Adding EN signal on $auto$ff.cc:337:slice$11482 ($sdff) from module icebreaker (D = 1'0, Q = \soc.spimem_cache.cache_valid[43]).
Adding SRST signal on $memory\soc.spimem_cache.cache_valid[44]$8845 ($dff) from module icebreaker (D = $memory\soc.spimem_cache.cache_valid$wrmux[44][0][0]$y$10091, Q = \soc.spimem_cache.cache_valid[44], rval = 1'1).
Adding EN signal on $auto$ff.cc:337:slice$11484 ($sdff) from module icebreaker (D = 1'0, Q = \soc.spimem_cache.cache_valid[44]).
Adding SRST signal on $memory\soc.spimem_cache.cache_valid[45]$8847 ($dff) from module icebreaker (D = $memory\soc.spimem_cache.cache_valid$wrmux[45][0][0]$y$10105, Q = \soc.spimem_cache.cache_valid[45], rval = 1'1).
Adding EN signal on $auto$ff.cc:337:slice$11486 ($sdff) from module icebreaker (D = 1'0, Q = \soc.spimem_cache.cache_valid[45]).
Adding SRST signal on $memory\soc.spimem_cache.cache_valid[46]$8849 ($dff) from module icebreaker (D = $memory\soc.spimem_cache.cache_valid$wrmux[46][0][0]$y$10119, Q = \soc.spimem_cache.cache_valid[46], rval = 1'1).
Adding EN signal on $auto$ff.cc:337:slice$11488 ($sdff) from module icebreaker (D = 1'0, Q = \soc.spimem_cache.cache_valid[46]).
Adding SRST signal on $memory\soc.spimem_cache.cache_valid[47]$8851 ($dff) from module icebreaker (D = $memory\soc.spimem_cache.cache_valid$wrmux[47][0][0]$y$10133, Q = \soc.spimem_cache.cache_valid[47], rval = 1'1).
Adding EN signal on $auto$ff.cc:337:slice$11490 ($sdff) from module icebreaker (D = 1'0, Q = \soc.spimem_cache.cache_valid[47]).
Adding SRST signal on $memory\soc.spimem_cache.cache_valid[48]$8853 ($dff) from module icebreaker (D = $memory\soc.spimem_cache.cache_valid$wrmux[48][0][0]$y$10147, Q = \soc.spimem_cache.cache_valid[48], rval = 1'1).
Adding EN signal on $auto$ff.cc:337:slice$11492 ($sdff) from module icebreaker (D = 1'0, Q = \soc.spimem_cache.cache_valid[48]).
Adding SRST signal on $memory\soc.spimem_cache.cache_valid[49]$8855 ($dff) from module icebreaker (D = $memory\soc.spimem_cache.cache_valid$wrmux[49][0][0]$y$10163, Q = \soc.spimem_cache.cache_valid[49], rval = 1'1).
Adding EN signal on $auto$ff.cc:337:slice$11494 ($sdff) from module icebreaker (D = 1'0, Q = \soc.spimem_cache.cache_valid[49]).
Adding SRST signal on $memory\soc.spimem_cache.cache_valid[50]$8857 ($dff) from module icebreaker (D = $memory\soc.spimem_cache.cache_valid$wrmux[50][0][0]$y$10177, Q = \soc.spimem_cache.cache_valid[50], rval = 1'1).
Adding EN signal on $auto$ff.cc:337:slice$11496 ($sdff) from module icebreaker (D = 1'0, Q = \soc.spimem_cache.cache_valid[50]).
Adding SRST signal on $memory\soc.spimem_cache.cache_valid[51]$8859 ($dff) from module icebreaker (D = $memory\soc.spimem_cache.cache_valid$wrmux[51][0][0]$y$10191, Q = \soc.spimem_cache.cache_valid[51], rval = 1'1).
Adding EN signal on $auto$ff.cc:337:slice$11498 ($sdff) from module icebreaker (D = 1'0, Q = \soc.spimem_cache.cache_valid[51]).
Adding SRST signal on $memory\soc.spimem_cache.cache_valid[52]$8861 ($dff) from module icebreaker (D = $memory\soc.spimem_cache.cache_valid$wrmux[52][0][0]$y$10205, Q = \soc.spimem_cache.cache_valid[52], rval = 1'1).
Adding EN signal on $auto$ff.cc:337:slice$11500 ($sdff) from module icebreaker (D = 1'0, Q = \soc.spimem_cache.cache_valid[52]).
Adding SRST signal on $memory\soc.spimem_cache.cache_valid[53]$8863 ($dff) from module icebreaker (D = $memory\soc.spimem_cache.cache_valid$wrmux[53][0][0]$y$10219, Q = \soc.spimem_cache.cache_valid[53], rval = 1'1).
Adding EN signal on $auto$ff.cc:337:slice$11502 ($sdff) from module icebreaker (D = 1'0, Q = \soc.spimem_cache.cache_valid[53]).
Adding SRST signal on $memory\soc.spimem_cache.cache_valid[54]$8865 ($dff) from module icebreaker (D = $memory\soc.spimem_cache.cache_valid$wrmux[54][0][0]$y$10233, Q = \soc.spimem_cache.cache_valid[54], rval = 1'1).
Adding EN signal on $auto$ff.cc:337:slice$11504 ($sdff) from module icebreaker (D = 1'0, Q = \soc.spimem_cache.cache_valid[54]).
Adding SRST signal on $memory\soc.spimem_cache.cache_valid[55]$8867 ($dff) from module icebreaker (D = $memory\soc.spimem_cache.cache_valid$wrmux[55][0][0]$y$10247, Q = \soc.spimem_cache.cache_valid[55], rval = 1'1).
Adding EN signal on $auto$ff.cc:337:slice$11506 ($sdff) from module icebreaker (D = 1'0, Q = \soc.spimem_cache.cache_valid[55]).
Adding SRST signal on $memory\soc.spimem_cache.cache_valid[56]$8869 ($dff) from module icebreaker (D = $memory\soc.spimem_cache.cache_valid$wrmux[56][0][0]$y$10261, Q = \soc.spimem_cache.cache_valid[56], rval = 1'1).
Adding EN signal on $auto$ff.cc:337:slice$11508 ($sdff) from module icebreaker (D = 1'0, Q = \soc.spimem_cache.cache_valid[56]).
Adding SRST signal on $memory\soc.spimem_cache.cache_valid[57]$8871 ($dff) from module icebreaker (D = $memory\soc.spimem_cache.cache_valid$wrmux[57][0][0]$y$10277, Q = \soc.spimem_cache.cache_valid[57], rval = 1'1).
Adding EN signal on $auto$ff.cc:337:slice$11510 ($sdff) from module icebreaker (D = 1'0, Q = \soc.spimem_cache.cache_valid[57]).
Adding SRST signal on $memory\soc.spimem_cache.cache_valid[58]$8873 ($dff) from module icebreaker (D = $memory\soc.spimem_cache.cache_valid$wrmux[58][0][0]$y$10291, Q = \soc.spimem_cache.cache_valid[58], rval = 1'1).
Adding EN signal on $auto$ff.cc:337:slice$11512 ($sdff) from module icebreaker (D = 1'0, Q = \soc.spimem_cache.cache_valid[58]).
Adding SRST signal on $memory\soc.spimem_cache.cache_valid[59]$8875 ($dff) from module icebreaker (D = $memory\soc.spimem_cache.cache_valid$wrmux[59][0][0]$y$10305, Q = \soc.spimem_cache.cache_valid[59], rval = 1'1).
Adding EN signal on $auto$ff.cc:337:slice$11514 ($sdff) from module icebreaker (D = 1'0, Q = \soc.spimem_cache.cache_valid[59]).
Adding SRST signal on $memory\soc.spimem_cache.cache_valid[60]$8877 ($dff) from module icebreaker (D = $memory\soc.spimem_cache.cache_valid$wrmux[60][0][0]$y$10319, Q = \soc.spimem_cache.cache_valid[60], rval = 1'1).
Adding EN signal on $auto$ff.cc:337:slice$11516 ($sdff) from module icebreaker (D = 1'0, Q = \soc.spimem_cache.cache_valid[60]).
Adding SRST signal on $memory\soc.spimem_cache.cache_valid[61]$8879 ($dff) from module icebreaker (D = $memory\soc.spimem_cache.cache_valid$wrmux[61][0][0]$y$10333, Q = \soc.spimem_cache.cache_valid[61], rval = 1'1).
Adding EN signal on $auto$ff.cc:337:slice$11518 ($sdff) from module icebreaker (D = 1'0, Q = \soc.spimem_cache.cache_valid[61]).
Adding SRST signal on $memory\soc.spimem_cache.cache_valid[62]$8881 ($dff) from module icebreaker (D = $memory\soc.spimem_cache.cache_valid$wrmux[62][0][0]$y$10347, Q = \soc.spimem_cache.cache_valid[62], rval = 1'1).
Adding EN signal on $auto$ff.cc:337:slice$11520 ($sdff) from module icebreaker (D = 1'0, Q = \soc.spimem_cache.cache_valid[62]).
Adding SRST signal on $memory\soc.spimem_cache.cache_valid[63]$8883 ($dff) from module icebreaker (D = $memory\soc.spimem_cache.cache_valid$wrmux[63][0][0]$y$10361, Q = \soc.spimem_cache.cache_valid[63], rval = 1'1).
Adding EN signal on $auto$ff.cc:337:slice$11522 ($sdff) from module icebreaker (D = 1'0, Q = \soc.spimem_cache.cache_valid[63]).
Adding SRST signal on $memory\soc.spimem_cache.cache_valid[64]$8885 ($dff) from module icebreaker (D = $memory\soc.spimem_cache.cache_valid$wrmux[64][0][0]$y$10375, Q = \soc.spimem_cache.cache_valid[64], rval = 1'1).
Adding EN signal on $auto$ff.cc:337:slice$11524 ($sdff) from module icebreaker (D = 1'0, Q = \soc.spimem_cache.cache_valid[64]).
Adding SRST signal on $memory\soc.spimem_cache.cache_valid[65]$8887 ($dff) from module icebreaker (D = $memory\soc.spimem_cache.cache_valid$wrmux[65][1][0]$y$10401, Q = \soc.spimem_cache.cache_valid[65], rval = 1'1).
Adding EN signal on $auto$ff.cc:337:slice$11526 ($sdff) from module icebreaker (D = 1'0, Q = \soc.spimem_cache.cache_valid[65]).
Adding SRST signal on $memory\soc.spimem_cache.cache_valid[66]$8889 ($dff) from module icebreaker (D = $memory\soc.spimem_cache.cache_valid$wrmux[66][1][0]$y$10415, Q = \soc.spimem_cache.cache_valid[66], rval = 1'1).
Adding EN signal on $auto$ff.cc:337:slice$11528 ($sdff) from module icebreaker (D = 1'0, Q = \soc.spimem_cache.cache_valid[66]).
Adding SRST signal on $memory\soc.spimem_cache.cache_valid[67]$8891 ($dff) from module icebreaker (D = $memory\soc.spimem_cache.cache_valid$wrmux[67][1][0]$y$10429, Q = \soc.spimem_cache.cache_valid[67], rval = 1'1).
Adding EN signal on $auto$ff.cc:337:slice$11530 ($sdff) from module icebreaker (D = 1'0, Q = \soc.spimem_cache.cache_valid[67]).
Adding SRST signal on $memory\soc.spimem_cache.cache_valid[68]$8893 ($dff) from module icebreaker (D = $memory\soc.spimem_cache.cache_valid$wrmux[68][1][0]$y$10443, Q = \soc.spimem_cache.cache_valid[68], rval = 1'1).
Adding EN signal on $auto$ff.cc:337:slice$11532 ($sdff) from module icebreaker (D = 1'0, Q = \soc.spimem_cache.cache_valid[68]).
Adding SRST signal on $memory\soc.spimem_cache.cache_valid[69]$8895 ($dff) from module icebreaker (D = $memory\soc.spimem_cache.cache_valid$wrmux[69][1][0]$y$10457, Q = \soc.spimem_cache.cache_valid[69], rval = 1'1).
Adding EN signal on $auto$ff.cc:337:slice$11534 ($sdff) from module icebreaker (D = 1'0, Q = \soc.spimem_cache.cache_valid[69]).
Adding SRST signal on $memory\soc.spimem_cache.cache_valid[70]$8897 ($dff) from module icebreaker (D = $memory\soc.spimem_cache.cache_valid$wrmux[70][1][0]$y$10471, Q = \soc.spimem_cache.cache_valid[70], rval = 1'1).
Adding EN signal on $auto$ff.cc:337:slice$11536 ($sdff) from module icebreaker (D = 1'0, Q = \soc.spimem_cache.cache_valid[70]).
Adding SRST signal on $memory\soc.spimem_cache.cache_valid[71]$8899 ($dff) from module icebreaker (D = $memory\soc.spimem_cache.cache_valid$wrmux[71][1][0]$y$10485, Q = \soc.spimem_cache.cache_valid[71], rval = 1'1).
Adding EN signal on $auto$ff.cc:337:slice$11538 ($sdff) from module icebreaker (D = 1'0, Q = \soc.spimem_cache.cache_valid[71]).
Adding SRST signal on $memory\soc.spimem_cache.cache_valid[72]$8901 ($dff) from module icebreaker (D = $memory\soc.spimem_cache.cache_valid$wrmux[72][1][0]$y$10499, Q = \soc.spimem_cache.cache_valid[72], rval = 1'1).
Adding EN signal on $auto$ff.cc:337:slice$11540 ($sdff) from module icebreaker (D = 1'0, Q = \soc.spimem_cache.cache_valid[72]).
Adding SRST signal on $memory\soc.spimem_cache.cache_valid[73]$8903 ($dff) from module icebreaker (D = $memory\soc.spimem_cache.cache_valid$wrmux[73][1][0]$y$10515, Q = \soc.spimem_cache.cache_valid[73], rval = 1'1).
Adding EN signal on $auto$ff.cc:337:slice$11542 ($sdff) from module icebreaker (D = 1'0, Q = \soc.spimem_cache.cache_valid[73]).
Adding SRST signal on $memory\soc.spimem_cache.cache_valid[74]$8905 ($dff) from module icebreaker (D = $memory\soc.spimem_cache.cache_valid$wrmux[74][1][0]$y$10529, Q = \soc.spimem_cache.cache_valid[74], rval = 1'1).
Adding EN signal on $auto$ff.cc:337:slice$11544 ($sdff) from module icebreaker (D = 1'0, Q = \soc.spimem_cache.cache_valid[74]).
Adding SRST signal on $memory\soc.spimem_cache.cache_valid[75]$8907 ($dff) from module icebreaker (D = $memory\soc.spimem_cache.cache_valid$wrmux[75][1][0]$y$10543, Q = \soc.spimem_cache.cache_valid[75], rval = 1'1).
Adding EN signal on $auto$ff.cc:337:slice$11546 ($sdff) from module icebreaker (D = 1'0, Q = \soc.spimem_cache.cache_valid[75]).
Adding SRST signal on $memory\soc.spimem_cache.cache_valid[76]$8909 ($dff) from module icebreaker (D = $memory\soc.spimem_cache.cache_valid$wrmux[76][1][0]$y$10557, Q = \soc.spimem_cache.cache_valid[76], rval = 1'1).
Adding EN signal on $auto$ff.cc:337:slice$11548 ($sdff) from module icebreaker (D = 1'0, Q = \soc.spimem_cache.cache_valid[76]).
Adding SRST signal on $memory\soc.spimem_cache.cache_valid[77]$8911 ($dff) from module icebreaker (D = $memory\soc.spimem_cache.cache_valid$wrmux[77][1][0]$y$10571, Q = \soc.spimem_cache.cache_valid[77], rval = 1'1).
Adding EN signal on $auto$ff.cc:337:slice$11550 ($sdff) from module icebreaker (D = 1'0, Q = \soc.spimem_cache.cache_valid[77]).
Adding SRST signal on $memory\soc.spimem_cache.cache_valid[78]$8913 ($dff) from module icebreaker (D = $memory\soc.spimem_cache.cache_valid$wrmux[78][1][0]$y$10585, Q = \soc.spimem_cache.cache_valid[78], rval = 1'1).
Adding EN signal on $auto$ff.cc:337:slice$11552 ($sdff) from module icebreaker (D = 1'0, Q = \soc.spimem_cache.cache_valid[78]).
Adding SRST signal on $memory\soc.spimem_cache.cache_valid[79]$8915 ($dff) from module icebreaker (D = $memory\soc.spimem_cache.cache_valid$wrmux[79][1][0]$y$10599, Q = \soc.spimem_cache.cache_valid[79], rval = 1'1).
Adding EN signal on $auto$ff.cc:337:slice$11554 ($sdff) from module icebreaker (D = 1'0, Q = \soc.spimem_cache.cache_valid[79]).
Adding SRST signal on $memory\soc.spimem_cache.cache_valid[80]$8917 ($dff) from module icebreaker (D = $memory\soc.spimem_cache.cache_valid$wrmux[80][1][0]$y$10613, Q = \soc.spimem_cache.cache_valid[80], rval = 1'1).
Adding EN signal on $auto$ff.cc:337:slice$11556 ($sdff) from module icebreaker (D = 1'0, Q = \soc.spimem_cache.cache_valid[80]).
Adding SRST signal on $memory\soc.spimem_cache.cache_valid[81]$8919 ($dff) from module icebreaker (D = $memory\soc.spimem_cache.cache_valid$wrmux[81][1][0]$y$10629, Q = \soc.spimem_cache.cache_valid[81], rval = 1'1).
Adding EN signal on $auto$ff.cc:337:slice$11558 ($sdff) from module icebreaker (D = 1'0, Q = \soc.spimem_cache.cache_valid[81]).
Adding SRST signal on $memory\soc.spimem_cache.cache_valid[82]$8921 ($dff) from module icebreaker (D = $memory\soc.spimem_cache.cache_valid$wrmux[82][1][0]$y$10643, Q = \soc.spimem_cache.cache_valid[82], rval = 1'1).
Adding EN signal on $auto$ff.cc:337:slice$11560 ($sdff) from module icebreaker (D = 1'0, Q = \soc.spimem_cache.cache_valid[82]).
Adding SRST signal on $memory\soc.spimem_cache.cache_valid[83]$8923 ($dff) from module icebreaker (D = $memory\soc.spimem_cache.cache_valid$wrmux[83][1][0]$y$10657, Q = \soc.spimem_cache.cache_valid[83], rval = 1'1).
Adding EN signal on $auto$ff.cc:337:slice$11562 ($sdff) from module icebreaker (D = 1'0, Q = \soc.spimem_cache.cache_valid[83]).
Adding SRST signal on $memory\soc.spimem_cache.cache_valid[84]$8925 ($dff) from module icebreaker (D = $memory\soc.spimem_cache.cache_valid$wrmux[84][1][0]$y$10671, Q = \soc.spimem_cache.cache_valid[84], rval = 1'1).
Adding EN signal on $auto$ff.cc:337:slice$11564 ($sdff) from module icebreaker (D = 1'0, Q = \soc.spimem_cache.cache_valid[84]).
Adding SRST signal on $memory\soc.spimem_cache.cache_valid[85]$8927 ($dff) from module icebreaker (D = $memory\soc.spimem_cache.cache_valid$wrmux[85][1][0]$y$10685, Q = \soc.spimem_cache.cache_valid[85], rval = 1'1).
Adding EN signal on $auto$ff.cc:337:slice$11566 ($sdff) from module icebreaker (D = 1'0, Q = \soc.spimem_cache.cache_valid[85]).
Adding SRST signal on $memory\soc.spimem_cache.cache_valid[86]$8929 ($dff) from module icebreaker (D = $memory\soc.spimem_cache.cache_valid$wrmux[86][1][0]$y$10699, Q = \soc.spimem_cache.cache_valid[86], rval = 1'1).
Adding EN signal on $auto$ff.cc:337:slice$11568 ($sdff) from module icebreaker (D = 1'0, Q = \soc.spimem_cache.cache_valid[86]).
Adding SRST signal on $memory\soc.spimem_cache.cache_valid[87]$8931 ($dff) from module icebreaker (D = $memory\soc.spimem_cache.cache_valid$wrmux[87][1][0]$y$10713, Q = \soc.spimem_cache.cache_valid[87], rval = 1'1).
Adding EN signal on $auto$ff.cc:337:slice$11570 ($sdff) from module icebreaker (D = 1'0, Q = \soc.spimem_cache.cache_valid[87]).
Adding SRST signal on $memory\soc.spimem_cache.cache_valid[88]$8933 ($dff) from module icebreaker (D = $memory\soc.spimem_cache.cache_valid$wrmux[88][1][0]$y$10727, Q = \soc.spimem_cache.cache_valid[88], rval = 1'1).
Adding EN signal on $auto$ff.cc:337:slice$11572 ($sdff) from module icebreaker (D = 1'0, Q = \soc.spimem_cache.cache_valid[88]).
Adding SRST signal on $memory\soc.spimem_cache.cache_valid[89]$8935 ($dff) from module icebreaker (D = $memory\soc.spimem_cache.cache_valid$wrmux[89][1][0]$y$10743, Q = \soc.spimem_cache.cache_valid[89], rval = 1'1).
Adding EN signal on $auto$ff.cc:337:slice$11574 ($sdff) from module icebreaker (D = 1'0, Q = \soc.spimem_cache.cache_valid[89]).
Adding SRST signal on $memory\soc.spimem_cache.cache_valid[90]$8937 ($dff) from module icebreaker (D = $memory\soc.spimem_cache.cache_valid$wrmux[90][1][0]$y$10757, Q = \soc.spimem_cache.cache_valid[90], rval = 1'1).
Adding EN signal on $auto$ff.cc:337:slice$11576 ($sdff) from module icebreaker (D = 1'0, Q = \soc.spimem_cache.cache_valid[90]).
Adding SRST signal on $memory\soc.spimem_cache.cache_valid[91]$8939 ($dff) from module icebreaker (D = $memory\soc.spimem_cache.cache_valid$wrmux[91][1][0]$y$10771, Q = \soc.spimem_cache.cache_valid[91], rval = 1'1).
Adding EN signal on $auto$ff.cc:337:slice$11578 ($sdff) from module icebreaker (D = 1'0, Q = \soc.spimem_cache.cache_valid[91]).
Adding SRST signal on $memory\soc.spimem_cache.cache_valid[92]$8941 ($dff) from module icebreaker (D = $memory\soc.spimem_cache.cache_valid$wrmux[92][1][0]$y$10785, Q = \soc.spimem_cache.cache_valid[92], rval = 1'1).
Adding EN signal on $auto$ff.cc:337:slice$11580 ($sdff) from module icebreaker (D = 1'0, Q = \soc.spimem_cache.cache_valid[92]).
Adding SRST signal on $memory\soc.spimem_cache.cache_valid[93]$8943 ($dff) from module icebreaker (D = $memory\soc.spimem_cache.cache_valid$wrmux[93][1][0]$y$10799, Q = \soc.spimem_cache.cache_valid[93], rval = 1'1).
Adding EN signal on $auto$ff.cc:337:slice$11582 ($sdff) from module icebreaker (D = 1'0, Q = \soc.spimem_cache.cache_valid[93]).
Adding SRST signal on $memory\soc.spimem_cache.cache_valid[94]$8945 ($dff) from module icebreaker (D = $memory\soc.spimem_cache.cache_valid$wrmux[94][1][0]$y$10813, Q = \soc.spimem_cache.cache_valid[94], rval = 1'1).
Adding EN signal on $auto$ff.cc:337:slice$11584 ($sdff) from module icebreaker (D = 1'0, Q = \soc.spimem_cache.cache_valid[94]).
Adding SRST signal on $memory\soc.spimem_cache.cache_valid[95]$8947 ($dff) from module icebreaker (D = $memory\soc.spimem_cache.cache_valid$wrmux[95][1][0]$y$10827, Q = \soc.spimem_cache.cache_valid[95], rval = 1'1).
Adding EN signal on $auto$ff.cc:337:slice$11586 ($sdff) from module icebreaker (D = 1'0, Q = \soc.spimem_cache.cache_valid[95]).
Adding SRST signal on $memory\soc.spimem_cache.cache_valid[96]$8949 ($dff) from module icebreaker (D = $memory\soc.spimem_cache.cache_valid$wrmux[96][1][0]$y$10841, Q = \soc.spimem_cache.cache_valid[96], rval = 1'1).
Adding EN signal on $auto$ff.cc:337:slice$11588 ($sdff) from module icebreaker (D = 1'0, Q = \soc.spimem_cache.cache_valid[96]).
Adding SRST signal on $memory\soc.spimem_cache.cache_valid[97]$8951 ($dff) from module icebreaker (D = $memory\soc.spimem_cache.cache_valid$wrmux[97][1][0]$y$10859, Q = \soc.spimem_cache.cache_valid[97], rval = 1'1).
Adding EN signal on $auto$ff.cc:337:slice$11590 ($sdff) from module icebreaker (D = 1'0, Q = \soc.spimem_cache.cache_valid[97]).
Adding SRST signal on $memory\soc.spimem_cache.cache_valid[98]$8953 ($dff) from module icebreaker (D = $memory\soc.spimem_cache.cache_valid$wrmux[98][1][0]$y$10873, Q = \soc.spimem_cache.cache_valid[98], rval = 1'1).
Adding EN signal on $auto$ff.cc:337:slice$11592 ($sdff) from module icebreaker (D = 1'0, Q = \soc.spimem_cache.cache_valid[98]).
Adding SRST signal on $memory\soc.spimem_cache.cache_valid[99]$8955 ($dff) from module icebreaker (D = $memory\soc.spimem_cache.cache_valid$wrmux[99][1][0]$y$10887, Q = \soc.spimem_cache.cache_valid[99], rval = 1'1).
Adding EN signal on $auto$ff.cc:337:slice$11594 ($sdff) from module icebreaker (D = 1'0, Q = \soc.spimem_cache.cache_valid[99]).
Adding SRST signal on $memory\soc.spimem_cache.cache_valid[100]$8957 ($dff) from module icebreaker (D = $memory\soc.spimem_cache.cache_valid$wrmux[100][1][0]$y$10901, Q = \soc.spimem_cache.cache_valid[100], rval = 1'1).
Adding EN signal on $auto$ff.cc:337:slice$11596 ($sdff) from module icebreaker (D = 1'0, Q = \soc.spimem_cache.cache_valid[100]).
Adding SRST signal on $memory\soc.spimem_cache.cache_valid[101]$8959 ($dff) from module icebreaker (D = $memory\soc.spimem_cache.cache_valid$wrmux[101][1][0]$y$10915, Q = \soc.spimem_cache.cache_valid[101], rval = 1'1).
Adding EN signal on $auto$ff.cc:337:slice$11598 ($sdff) from module icebreaker (D = 1'0, Q = \soc.spimem_cache.cache_valid[101]).
Adding SRST signal on $memory\soc.spimem_cache.cache_valid[102]$8961 ($dff) from module icebreaker (D = $memory\soc.spimem_cache.cache_valid$wrmux[102][1][0]$y$10929, Q = \soc.spimem_cache.cache_valid[102], rval = 1'1).
Adding EN signal on $auto$ff.cc:337:slice$11600 ($sdff) from module icebreaker (D = 1'0, Q = \soc.spimem_cache.cache_valid[102]).
Adding SRST signal on $memory\soc.spimem_cache.cache_valid[103]$8963 ($dff) from module icebreaker (D = $memory\soc.spimem_cache.cache_valid$wrmux[103][1][0]$y$10943, Q = \soc.spimem_cache.cache_valid[103], rval = 1'1).
Adding EN signal on $auto$ff.cc:337:slice$11602 ($sdff) from module icebreaker (D = 1'0, Q = \soc.spimem_cache.cache_valid[103]).
Adding SRST signal on $memory\soc.spimem_cache.cache_valid[104]$8965 ($dff) from module icebreaker (D = $memory\soc.spimem_cache.cache_valid$wrmux[104][1][0]$y$10957, Q = \soc.spimem_cache.cache_valid[104], rval = 1'1).
Adding EN signal on $auto$ff.cc:337:slice$11604 ($sdff) from module icebreaker (D = 1'0, Q = \soc.spimem_cache.cache_valid[104]).
Adding SRST signal on $memory\soc.spimem_cache.cache_valid[105]$8967 ($dff) from module icebreaker (D = $memory\soc.spimem_cache.cache_valid$wrmux[105][1][0]$y$10973, Q = \soc.spimem_cache.cache_valid[105], rval = 1'1).
Adding EN signal on $auto$ff.cc:337:slice$11606 ($sdff) from module icebreaker (D = 1'0, Q = \soc.spimem_cache.cache_valid[105]).
Adding SRST signal on $memory\soc.spimem_cache.cache_valid[106]$8969 ($dff) from module icebreaker (D = $memory\soc.spimem_cache.cache_valid$wrmux[106][1][0]$y$10987, Q = \soc.spimem_cache.cache_valid[106], rval = 1'1).
Adding EN signal on $auto$ff.cc:337:slice$11608 ($sdff) from module icebreaker (D = 1'0, Q = \soc.spimem_cache.cache_valid[106]).
Adding SRST signal on $memory\soc.spimem_cache.cache_valid[107]$8971 ($dff) from module icebreaker (D = $memory\soc.spimem_cache.cache_valid$wrmux[107][1][0]$y$11001, Q = \soc.spimem_cache.cache_valid[107], rval = 1'1).
Adding EN signal on $auto$ff.cc:337:slice$11610 ($sdff) from module icebreaker (D = 1'0, Q = \soc.spimem_cache.cache_valid[107]).
Adding SRST signal on $memory\soc.spimem_cache.cache_valid[108]$8973 ($dff) from module icebreaker (D = $memory\soc.spimem_cache.cache_valid$wrmux[108][1][0]$y$11015, Q = \soc.spimem_cache.cache_valid[108], rval = 1'1).
Adding EN signal on $auto$ff.cc:337:slice$11612 ($sdff) from module icebreaker (D = 1'0, Q = \soc.spimem_cache.cache_valid[108]).
Adding SRST signal on $memory\soc.spimem_cache.cache_valid[109]$8975 ($dff) from module icebreaker (D = $memory\soc.spimem_cache.cache_valid$wrmux[109][1][0]$y$11029, Q = \soc.spimem_cache.cache_valid[109], rval = 1'1).
Adding EN signal on $auto$ff.cc:337:slice$11614 ($sdff) from module icebreaker (D = 1'0, Q = \soc.spimem_cache.cache_valid[109]).
Adding SRST signal on $memory\soc.spimem_cache.cache_valid[110]$8977 ($dff) from module icebreaker (D = $memory\soc.spimem_cache.cache_valid$wrmux[110][1][0]$y$11043, Q = \soc.spimem_cache.cache_valid[110], rval = 1'1).
Adding EN signal on $auto$ff.cc:337:slice$11616 ($sdff) from module icebreaker (D = 1'0, Q = \soc.spimem_cache.cache_valid[110]).
Adding SRST signal on $memory\soc.spimem_cache.cache_valid[111]$8979 ($dff) from module icebreaker (D = $memory\soc.spimem_cache.cache_valid$wrmux[111][1][0]$y$11057, Q = \soc.spimem_cache.cache_valid[111], rval = 1'1).
Adding EN signal on $auto$ff.cc:337:slice$11618 ($sdff) from module icebreaker (D = 1'0, Q = \soc.spimem_cache.cache_valid[111]).
Adding SRST signal on $memory\soc.spimem_cache.cache_valid[112]$8981 ($dff) from module icebreaker (D = $memory\soc.spimem_cache.cache_valid$wrmux[112][1][0]$y$11071, Q = \soc.spimem_cache.cache_valid[112], rval = 1'1).
Adding EN signal on $auto$ff.cc:337:slice$11620 ($sdff) from module icebreaker (D = 1'0, Q = \soc.spimem_cache.cache_valid[112]).
Adding SRST signal on $memory\soc.spimem_cache.cache_valid[113]$8983 ($dff) from module icebreaker (D = $memory\soc.spimem_cache.cache_valid$wrmux[113][1][0]$y$11087, Q = \soc.spimem_cache.cache_valid[113], rval = 1'1).
Adding EN signal on $auto$ff.cc:337:slice$11622 ($sdff) from module icebreaker (D = 1'0, Q = \soc.spimem_cache.cache_valid[113]).
Adding SRST signal on $memory\soc.spimem_cache.cache_valid[114]$8985 ($dff) from module icebreaker (D = $memory\soc.spimem_cache.cache_valid$wrmux[114][1][0]$y$11101, Q = \soc.spimem_cache.cache_valid[114], rval = 1'1).
Adding EN signal on $auto$ff.cc:337:slice$11624 ($sdff) from module icebreaker (D = 1'0, Q = \soc.spimem_cache.cache_valid[114]).
Adding SRST signal on $memory\soc.spimem_cache.cache_valid[115]$8987 ($dff) from module icebreaker (D = $memory\soc.spimem_cache.cache_valid$wrmux[115][1][0]$y$11115, Q = \soc.spimem_cache.cache_valid[115], rval = 1'1).
Adding EN signal on $auto$ff.cc:337:slice$11626 ($sdff) from module icebreaker (D = 1'0, Q = \soc.spimem_cache.cache_valid[115]).
Adding SRST signal on $memory\soc.spimem_cache.cache_valid[116]$8989 ($dff) from module icebreaker (D = $memory\soc.spimem_cache.cache_valid$wrmux[116][1][0]$y$11129, Q = \soc.spimem_cache.cache_valid[116], rval = 1'1).
Adding EN signal on $auto$ff.cc:337:slice$11628 ($sdff) from module icebreaker (D = 1'0, Q = \soc.spimem_cache.cache_valid[116]).
Adding SRST signal on $memory\soc.spimem_cache.cache_valid[117]$8991 ($dff) from module icebreaker (D = $memory\soc.spimem_cache.cache_valid$wrmux[117][1][0]$y$11143, Q = \soc.spimem_cache.cache_valid[117], rval = 1'1).
Adding EN signal on $auto$ff.cc:337:slice$11630 ($sdff) from module icebreaker (D = 1'0, Q = \soc.spimem_cache.cache_valid[117]).
Adding SRST signal on $memory\soc.spimem_cache.cache_valid[118]$8993 ($dff) from module icebreaker (D = $memory\soc.spimem_cache.cache_valid$wrmux[118][1][0]$y$11157, Q = \soc.spimem_cache.cache_valid[118], rval = 1'1).
Adding EN signal on $auto$ff.cc:337:slice$11632 ($sdff) from module icebreaker (D = 1'0, Q = \soc.spimem_cache.cache_valid[118]).
Adding SRST signal on $memory\soc.spimem_cache.cache_valid[119]$8995 ($dff) from module icebreaker (D = $memory\soc.spimem_cache.cache_valid$wrmux[119][1][0]$y$11171, Q = \soc.spimem_cache.cache_valid[119], rval = 1'1).
Adding EN signal on $auto$ff.cc:337:slice$11634 ($sdff) from module icebreaker (D = 1'0, Q = \soc.spimem_cache.cache_valid[119]).
Adding SRST signal on $memory\soc.spimem_cache.cache_valid[120]$8997 ($dff) from module icebreaker (D = $memory\soc.spimem_cache.cache_valid$wrmux[120][1][0]$y$11185, Q = \soc.spimem_cache.cache_valid[120], rval = 1'1).
Adding EN signal on $auto$ff.cc:337:slice$11636 ($sdff) from module icebreaker (D = 1'0, Q = \soc.spimem_cache.cache_valid[120]).
Adding SRST signal on $memory\soc.spimem_cache.cache_valid[121]$8999 ($dff) from module icebreaker (D = $memory\soc.spimem_cache.cache_valid$wrmux[121][1][0]$y$11201, Q = \soc.spimem_cache.cache_valid[121], rval = 1'1).
Adding EN signal on $auto$ff.cc:337:slice$11638 ($sdff) from module icebreaker (D = 1'0, Q = \soc.spimem_cache.cache_valid[121]).
Adding SRST signal on $memory\soc.spimem_cache.cache_valid[122]$9001 ($dff) from module icebreaker (D = $memory\soc.spimem_cache.cache_valid$wrmux[122][1][0]$y$11215, Q = \soc.spimem_cache.cache_valid[122], rval = 1'1).
Adding EN signal on $auto$ff.cc:337:slice$11640 ($sdff) from module icebreaker (D = 1'0, Q = \soc.spimem_cache.cache_valid[122]).
Adding SRST signal on $memory\soc.spimem_cache.cache_valid[123]$9003 ($dff) from module icebreaker (D = $memory\soc.spimem_cache.cache_valid$wrmux[123][1][0]$y$11229, Q = \soc.spimem_cache.cache_valid[123], rval = 1'1).
Adding EN signal on $auto$ff.cc:337:slice$11642 ($sdff) from module icebreaker (D = 1'0, Q = \soc.spimem_cache.cache_valid[123]).
Adding SRST signal on $memory\soc.spimem_cache.cache_valid[124]$9005 ($dff) from module icebreaker (D = $memory\soc.spimem_cache.cache_valid$wrmux[124][1][0]$y$11243, Q = \soc.spimem_cache.cache_valid[124], rval = 1'1).
Adding EN signal on $auto$ff.cc:337:slice$11644 ($sdff) from module icebreaker (D = 1'0, Q = \soc.spimem_cache.cache_valid[124]).
Adding SRST signal on $memory\soc.spimem_cache.cache_valid[125]$9007 ($dff) from module icebreaker (D = $memory\soc.spimem_cache.cache_valid$wrmux[125][1][0]$y$11257, Q = \soc.spimem_cache.cache_valid[125], rval = 1'1).
Adding EN signal on $auto$ff.cc:337:slice$11646 ($sdff) from module icebreaker (D = 1'0, Q = \soc.spimem_cache.cache_valid[125]).
Adding SRST signal on $memory\soc.spimem_cache.cache_valid[126]$9009 ($dff) from module icebreaker (D = $memory\soc.spimem_cache.cache_valid$wrmux[126][1][0]$y$11271, Q = \soc.spimem_cache.cache_valid[126], rval = 1'1).
Adding EN signal on $auto$ff.cc:337:slice$11648 ($sdff) from module icebreaker (D = 1'0, Q = \soc.spimem_cache.cache_valid[126]).
Adding SRST signal on $memory\soc.spimem_cache.cache_valid[127]$9011 ($dff) from module icebreaker (D = $memory\soc.spimem_cache.cache_valid$wrmux[127][1][0]$y$11285, Q = \soc.spimem_cache.cache_valid[127], rval = 1'1).
Adding EN signal on $auto$ff.cc:337:slice$11650 ($sdff) from module icebreaker (D = 1'0, Q = \soc.spimem_cache.cache_valid[127]).
Setting constant 0-bit at position 0 on $auto$ff.cc:337:slice$8197 ($dffe) from module icebreaker.
Setting constant 0-bit at position 1 on $auto$ff.cc:337:slice$8197 ($dffe) from module icebreaker.
Setting constant 0-bit at position 3 on $auto$ff.cc:337:slice$7736 ($sdffe) from module icebreaker.

7.36.14. Executing OPT_CLEAN pass (remove unused cells and wires).
Finding unused cells or wires in module \icebreaker..
Removed 256 unused cells and 256 unused wires.
<suppressed ~257 debug messages>

7.36.15. Executing OPT_EXPR pass (perform const folding).
Optimizing module icebreaker.
<suppressed ~4 debug messages>

7.36.16. Rerunning OPT passes. (Maybe there is more to do..)

7.36.17. Executing OPT_MUXTREE pass (detect dead branches in mux trees).
Running muxtree optimizer on module \icebreaker..
  Creating internal representation of mux trees.
  Evaluating internal representation of mux trees.
  Analyzing evaluation results.
Removed 0 multiplexer ports.
<suppressed ~618 debug messages>

7.36.18. Executing OPT_REDUCE pass (consolidate $*mux and $reduce_* inputs).
  Optimizing cells in module \icebreaker.
    Consolidated identical input bits for $mux cell $flatten\soc.\spimemio.$procmux$5935:
      Old ports: A={ \soc.cpu.mem_addr [7:2] 2'00 }, B=8'00000000, Y=$flatten\soc.\spimemio.$procmux$5935_Y
      New ports: A=\soc.cpu.mem_addr [7:2], B=6'000000, Y=$flatten\soc.\spimemio.$procmux$5935_Y [7:2]
      New connections: $flatten\soc.\spimemio.$procmux$5935_Y [1:0] = 2'00
    Consolidated identical input bits for $mux cell $flatten\soc.\spimemio.$ternary$spimemio.v:226$540:
      Old ports: A={ \soc.cpu.mem_addr [23:2] 2'00 }, B={ $auto$wreduce.cc:514:run$8249 [23:2] 2'x }, Y=$auto$wreduce.cc:514:run$8248 [23:0]
      New ports: A={ \soc.cpu.mem_addr [23:2] 1'0 }, B={ $auto$wreduce.cc:514:run$8249 [23:2] 1'x }, Y={ $auto$wreduce.cc:514:run$8248 [23:2] $auto$wreduce.cc:514:run$8248 [0] }
      New connections: $auto$wreduce.cc:514:run$8248 [1] = $auto$wreduce.cc:514:run$8248 [0]
  Optimizing cells in module \icebreaker.
Performed a total of 2 changes.

7.36.19. Executing OPT_MERGE pass (detect identical cells).
Finding identical cells in module `\icebreaker'.
Computing hashes of 1995 cells of `\icebreaker'.
Finding duplicate cells in `\icebreaker'.
Removed a total of 0 cells.

7.36.20. Executing OPT_DFF pass (perform DFF optimizations).
Setting constant 0-bit at position 0 on $auto$mem.cc:1169:emulate_transparency$8570 ($dff) from module icebreaker.
Setting constant 0-bit at position 1 on $auto$mem.cc:1169:emulate_transparency$8570 ($dff) from module icebreaker.
Setting constant 0-bit at position 3 on $auto$ff.cc:337:slice$7820 ($sdffe) from module icebreaker.

7.36.21. Executing OPT_CLEAN pass (remove unused cells and wires).
Finding unused cells or wires in module \icebreaker..

7.36.22. Executing OPT_EXPR pass (perform const folding).
Optimizing module icebreaker.

7.36.23. Rerunning OPT passes. (Maybe there is more to do..)

7.36.24. Executing OPT_MUXTREE pass (detect dead branches in mux trees).
Running muxtree optimizer on module \icebreaker..
  Creating internal representation of mux trees.
  Evaluating internal representation of mux trees.
  Analyzing evaluation results.
Removed 0 multiplexer ports.
<suppressed ~618 debug messages>

7.36.25. Executing OPT_REDUCE pass (consolidate $*mux and $reduce_* inputs).
  Optimizing cells in module \icebreaker.
Performed a total of 0 changes.

7.36.26. Executing OPT_MERGE pass (detect identical cells).
Finding identical cells in module `\icebreaker'.
Computing hashes of 1995 cells of `\icebreaker'.
Finding duplicate cells in `\icebreaker'.
Removed a total of 0 cells.

7.36.27. Executing OPT_DFF pass (perform DFF optimizations).
Setting constant 0-bit at position 3 on $flatten\soc.\spimemio.\xfer.$procdff$6199 ($dff) from module icebreaker.

7.36.28. Executing OPT_CLEAN pass (remove unused cells and wires).
Finding unused cells or wires in module \icebreaker..

7.36.29. Executing OPT_EXPR pass (perform const folding).
Optimizing module icebreaker.

7.36.30. Rerunning OPT passes. (Maybe there is more to do..)

7.36.31. Executing OPT_MUXTREE pass (detect dead branches in mux trees).
Running muxtree optimizer on module \icebreaker..
  Creating internal representation of mux trees.
  Evaluating internal representation of mux trees.
  Analyzing evaluation results.
Removed 0 multiplexer ports.
<suppressed ~618 debug messages>

7.36.32. Executing OPT_REDUCE pass (consolidate $*mux and $reduce_* inputs).
  Optimizing cells in module \icebreaker.
Performed a total of 0 changes.

7.36.33. Executing OPT_MERGE pass (detect identical cells).
Finding identical cells in module `\icebreaker'.
Computing hashes of 1995 cells of `\icebreaker'.
Finding duplicate cells in `\icebreaker'.
Removed a total of 0 cells.

7.36.34. Executing OPT_DFF pass (perform DFF optimizations).

7.36.35. Executing OPT_CLEAN pass (remove unused cells and wires).
Finding unused cells or wires in module \icebreaker..

7.36.36. Executing OPT_EXPR pass (perform const folding).
Optimizing module icebreaker.

7.36.37. Finished fast OPT passes. (There is nothing left to do.)

7.37. Executing ICE40_WRAPCARRY pass (wrap carries).

7.38. Executing TECHMAP pass (map to technology primitives).

7.38.1. Executing Verilog-2005 frontend: /homes/cl2033/oss-cad-suite/lib/../share/yosys/techmap.v
Parsing Verilog input from `/homes/cl2033/oss-cad-suite/lib/../share/yosys/techmap.v' to AST representation.
Generating RTLIL representation for module `\_90_simplemap_bool_ops'.
Generating RTLIL representation for module `\_90_simplemap_reduce_ops'.
Generating RTLIL representation for module `\_90_simplemap_logic_ops'.
Generating RTLIL representation for module `\_90_simplemap_compare_ops'.
Generating RTLIL representation for module `\_90_simplemap_various'.
Generating RTLIL representation for module `\_90_simplemap_registers'.
Generating RTLIL representation for module `\_90_shift_ops_shr_shl_sshl_sshr'.
Generating RTLIL representation for module `\_90_shift_shiftx'.
Generating RTLIL representation for module `\_90_fa'.
Generating RTLIL representation for module `\_90_lcu_brent_kung'.
Generating RTLIL representation for module `\_90_alu'.
Generating RTLIL representation for module `\_90_macc'.
Generating RTLIL representation for module `\_90_alumacc'.
Generating RTLIL representation for module `$__div_mod_u'.
Generating RTLIL representation for module `$__div_mod_trunc'.
Generating RTLIL representation for module `\_90_div'.
Generating RTLIL representation for module `\_90_mod'.
Generating RTLIL representation for module `$__div_mod_floor'.
Generating RTLIL representation for module `\_90_divfloor'.
Generating RTLIL representation for module `\_90_modfloor'.
Generating RTLIL representation for module `\_90_pow'.
Generating RTLIL representation for module `\_90_pmux'.
Generating RTLIL representation for module `\_90_demux'.
Generating RTLIL representation for module `\_90_lut'.
Generating RTLIL representation for module `$connect'.
Generating RTLIL representation for module `$input_port'.
Successfully finished Verilog frontend.

7.38.2. Executing Verilog-2005 frontend: /homes/cl2033/oss-cad-suite/lib/../share/yosys/ice40/arith_map.v
Parsing Verilog input from `/homes/cl2033/oss-cad-suite/lib/../share/yosys/ice40/arith_map.v' to AST representation.
Generating RTLIL representation for module `\_80_ice40_alu'.
Successfully finished Verilog frontend.

7.38.3. Continuing TECHMAP pass.
Using extmapper simplemap for cells of type $dff.
Using extmapper simplemap for cells of type $sdffe.
Using extmapper simplemap for cells of type $dffe.
Using extmapper simplemap for cells of type $sdffce.
Using extmapper simplemap for cells of type $reduce_or.
Using extmapper simplemap for cells of type $and.
Using extmapper simplemap for cells of type $not.
Using extmapper simplemap for cells of type $ne.
Using extmapper simplemap for cells of type $reduce_and.
Using extmapper simplemap for cells of type $mux.
Using extmapper simplemap for cells of type $eq.
Using template $paramod$754650b284649a026620fc6856e5b6886cbfe794\_80_ice40_alu for cells of type $alu.
Using template $paramod$6a42b6fefed750f8a1c58eab59479d960557103c\_80_ice40_alu for cells of type $alu.
Using template $paramod$32a7b7b86c07519b7537abc18e96f0331f97914d\_80_ice40_alu for cells of type $alu.
Using template $paramod$8742280fdebca84e1c87f2a86ed84f62d558f4cc\_80_ice40_alu for cells of type $alu.
Using template $paramod$16349e5f556ea87a576d7d9941c668f31b6ef10b\_80_ice40_alu for cells of type $alu.
Using template $paramod$8fabc56b80a569262acfc42757a02ca0b8e91278\_90_pmux for cells of type $pmux.
Using template $paramod$44a13d10af618e7fbe7b9aad2f6151ffcee1e2fa\_80_ice40_alu for cells of type $alu.
Using template $paramod$cc80a4e89b0341cb117f5d28b0e7244620640141\_80_ice40_alu for cells of type $alu.
Using template $paramod$ebf89ea36a793f0f77858f212141d47c833068ad\_80_ice40_alu for cells of type $alu.
Using template $paramod$fbc7873bff55778c0b3173955b7e4bce1d9d6834\_80_ice40_alu for cells of type $alu.
Using extmapper simplemap for cells of type $or.
Using template $paramod$b8c0a997bce700f23568a5ada79cc6781d1f5ca0\_80_ice40_alu for cells of type $alu.
Using template $paramod$dc04b7d98e503a7bab16fce2df70e6e2c5ca34d6\_80_ice40_alu for cells of type $alu.
Using template $paramod$ba698a254f9a5947e85cbe7beae6b161eefc5386\_90_alu for cells of type $alu.
Using template $paramod$c04af8dbf0e5d1d69bbccb2c7bd8a93fc9ef54dc\_80_ice40_alu for cells of type $alu.
Using extmapper simplemap for cells of type $xor.
Using template $paramod$6df0329addda9228fcc2546de2aaf14ad26c98e1\_80_ice40_alu for cells of type $alu.
Using template $paramod$f2669549f09b95f02f9cc0de2d22c189491fb0c0\_80_ice40_alu for cells of type $alu.
Using template $paramod$2653f68ddb8eab7b1907b4a20767b72a824a7a36\_80_ice40_alu for cells of type $alu.
Using template $paramod$32efbfac1c4dc57230cf86180788fdfd12e3b511\_80_ice40_alu for cells of type $alu.
Using template $paramod$675ee3ed071b156aa661bdfa838b7e469d095ac0\_80_ice40_alu for cells of type $alu.
Using template $paramod$10ed987432f06055e5279101f9ec60a49861b43c\_80_ice40_alu for cells of type $alu.
Using template $paramod$403a3c2fa431a154c52a6a5429d7a6260b5d144f\_80_ice40_alu for cells of type $alu.
Using extmapper maccmap for cells of type $macc_v2.
  add { 1'0 \soc.cpu.genblk1.pcpi_mul.rs1 [31:16] } * \soc.cpu.genblk1.pcpi_mul.rs2 [32] (17x1 bits, signed)
  add { 1'0 \soc.cpu.genblk1.pcpi_mul.rs1 [15:0] } * \soc.cpu.genblk1.pcpi_mul.rs2 [32] (17x1 bits, signed)
  add $flatten\soc.\cpu.\genblk1.pcpi_mul.$mul$../picorv32.v:2371$1739.genblk1.genblk1.genblk1.genblk1.genblk1.genblk1.sliceA[0].mul.genblk1.genblk1.genblk1.genblk1.genblk1.genblk1.genblk1.blk.partial_sum[1] [48:32] (17 bits, unsigned)
  packed 1 (1) bits / 1 words into adder tree
  add \soc.cpu.genblk1.pcpi_mul.rs2 * \soc.cpu.genblk1.pcpi_mul.rs1 [32] (33x1 bits, signed)
Using extmapper simplemap for cells of type $sdff.
Using extmapper simplemap for cells of type $reduce_bool.
Using extmapper simplemap for cells of type $logic_not.
Using extmapper simplemap for cells of type $logic_and.
Using template $paramod$54d740639e1393b22262823179ff783ea9f17a35\_90_pmux for cells of type $pmux.
Using template $paramod$c2e415ef15bc3ccd2723772353a6b450d3d76206\_90_pmux for cells of type $pmux.
Using extmapper simplemap for cells of type $logic_or.
Using template $paramod$d629d85c8826a74239b9178d1930215a43b0ceb0\_90_pmux for cells of type $pmux.
Using template $paramod$d31bf4d7d72e59528d18fbd4f322e9d608532043\_90_pmux for cells of type $pmux.
Using template $paramod$fedb90247e1daaa8b0af86a595f377181f141d27\_90_pmux for cells of type $pmux.
Using template $paramod$d7387fdb214042e5ef2d69a3f74948694b4bb65e\_90_pmux for cells of type $pmux.
Using template $paramod$c5c783b17ab1d780abfad8cfe6563a0a7b47a3b0\_90_pmux for cells of type $pmux.
Using template $paramod$b756e651b7db7aeb455331d9a2df073db93fcc2e\_90_pmux for cells of type $pmux.
Using template $paramod$fc16b9f758000d363d24f130038bd99b46b4fa1b\_90_pmux for cells of type $pmux.
Using template $paramod$constmap:574a95964644c704a7e64c257267b27c2c48aa52$paramod$77562a466236eb4a6d905351a0995599b75075cb\_90_shift_ops_shr_shl_sshl_sshr for cells of type $shl.
Using template $paramod$bf2533632d512eac76dd186c0da49367e29b8e98\_90_pmux for cells of type $pmux.
Using template $paramod$645fe0cc96ae5edb83bff90cc2c78f4a20ca3e3c\_90_pmux for cells of type $pmux.
Using template $paramod$521ce43182eecb9f60c72393a788160d2c356bf5\_90_pmux for cells of type $pmux.
Using template $paramod$cc1e387d9d5ac1d3f6e6bed180038d9c0ac48d0c\_90_pmux for cells of type $pmux.
Using template $paramod$b098bc6f249c0ac91c4d6e19d54b23c285914115\_90_pmux for cells of type $pmux.
Using template $paramod$2407ada40cc3dda6c6015be2b49b748cddb5a800\_90_pmux for cells of type $pmux.
Using template $paramod$59b03ae2620a41577de8da5f5c97b2919e82362b\_90_pmux for cells of type $pmux.
Using template $paramod$dbef6e48cd28208af1b77a9bd7dfc80580f16131\_80_ice40_alu for cells of type $alu.
Using template $paramod$3bb72ad0665cdca279bbc49ed6a39f403f16497f\_80_ice40_alu for cells of type $alu.
Using extmapper simplemap for cells of type $pos.
Using template $paramod\_90_fa\WIDTH=32'00000000000000000000000000000010 for cells of type $fa.
Using template $paramod\_90_lcu_brent_kung\WIDTH=32'00000000000000000000000000000010 for cells of type $lcu.
No more expansions possible.
<suppressed ~3821 debug messages>

7.39. Executing OPT pass (performing simple optimizations).

7.39.1. Executing OPT_EXPR pass (perform const folding).
Optimizing module icebreaker.
<suppressed ~3545 debug messages>

7.39.2. Executing OPT_MERGE pass (detect identical cells).
Finding identical cells in module `\icebreaker'.
Computing hashes of 12671 cells of `\icebreaker'.
Finding duplicate cells in `\icebreaker'.
Computing hashes of 11311 cells of `\icebreaker'.
Finding duplicate cells in `\icebreaker'.
Computing hashes of 10857 cells of `\icebreaker'.
Finding duplicate cells in `\icebreaker'.
Computing hashes of 10744 cells of `\icebreaker'.
Finding duplicate cells in `\icebreaker'.
Computing hashes of 10731 cells of `\icebreaker'.
Finding duplicate cells in `\icebreaker'.
Computing hashes of 10728 cells of `\icebreaker'.
Finding duplicate cells in `\icebreaker'.
<suppressed ~5829 debug messages>
Removed a total of 1943 cells.

7.39.3. Executing OPT_DFF pass (perform DFF optimizations).
Adding SRST signal on $auto$ff.cc:337:slice$12205 ($_DFFE_PP_) from module icebreaker (D = 1'x, Q = \soc.spimemio.rd_addr [0], rval = 1'0).
Setting constant 0-bit at position 0 on $auto$ff.cc:337:slice$31469 ($_SDFFCE_PN0P_) from module icebreaker.

7.39.4. Executing OPT_CLEAN pass (remove unused cells and wires).
Finding unused cells or wires in module \icebreaker..
Removed 796 unused cells and 4158 unused wires.
<suppressed ~797 debug messages>

7.39.5. Rerunning OPT passes. (Removed registers in this run.)

7.39.6. Executing OPT_EXPR pass (perform const folding).
Optimizing module icebreaker.
<suppressed ~6 debug messages>

7.39.7. Executing OPT_MERGE pass (detect identical cells).
Finding identical cells in module `\icebreaker'.
Computing hashes of 9925 cells of `\icebreaker'.
Finding duplicate cells in `\icebreaker'.
Removed a total of 0 cells.

7.39.8. Executing OPT_DFF pass (perform DFF optimizations).
Adding SRST signal on $auto$ff.cc:337:slice$14266 ($_SDFF_PP0_) from module icebreaker (D = $flatten\soc.\spimemio.$procmux$5818.Y_B, Q = \soc.spimemio.din_valid, rval = 1'0).
Adding SRST signal on $auto$ff.cc:337:slice$14265 ($_DFFE_PP_) from module icebreaker (D = $flatten\soc.\spimemio.$procmux$5930.Y_B [7], Q = \soc.spimemio.din_data [7], rval = 1'1).
Adding SRST signal on $auto$ff.cc:337:slice$12965 ($_DFFE_PP_) from module icebreaker (D = $flatten\soc.\cpu.$procmux$4146.Y_B [31], Q = \soc.cpu.decoded_imm [31], rval = 1'0).
Adding SRST signal on $auto$ff.cc:337:slice$12935 ($_DFFE_PP_) from module icebreaker (D = $flatten\soc.\cpu.$procmux$4146.Y_B [1], Q = \soc.cpu.decoded_imm [1], rval = 1'0).
Adding SRST signal on $auto$ff.cc:337:slice$12936 ($_DFFE_PP_) from module icebreaker (D = $flatten\soc.\cpu.$procmux$4146.Y_B [2], Q = \soc.cpu.decoded_imm [2], rval = 1'0).
Adding SRST signal on $auto$ff.cc:337:slice$12937 ($_DFFE_PP_) from module icebreaker (D = $flatten\soc.\cpu.$procmux$4146.Y_B [3], Q = \soc.cpu.decoded_imm [3], rval = 1'0).
Adding SRST signal on $auto$ff.cc:337:slice$12938 ($_DFFE_PP_) from module icebreaker (D = $flatten\soc.\cpu.$procmux$4146.Y_B [4], Q = \soc.cpu.decoded_imm [4], rval = 1'0).
Adding SRST signal on $auto$ff.cc:337:slice$12939 ($_DFFE_PP_) from module icebreaker (D = $flatten\soc.\cpu.$procmux$4146.Y_B [5], Q = \soc.cpu.decoded_imm [5], rval = 1'0).
Adding SRST signal on $auto$ff.cc:337:slice$12940 ($_DFFE_PP_) from module icebreaker (D = $flatten\soc.\cpu.$procmux$4146.Y_B [6], Q = \soc.cpu.decoded_imm [6], rval = 1'0).
Adding SRST signal on $auto$ff.cc:337:slice$12941 ($_DFFE_PP_) from module icebreaker (D = $flatten\soc.\cpu.$procmux$4146.Y_B [7], Q = \soc.cpu.decoded_imm [7], rval = 1'0).
Adding SRST signal on $auto$ff.cc:337:slice$12942 ($_DFFE_PP_) from module icebreaker (D = $flatten\soc.\cpu.$procmux$4146.Y_B [8], Q = \soc.cpu.decoded_imm [8], rval = 1'0).
Adding SRST signal on $auto$ff.cc:337:slice$12943 ($_DFFE_PP_) from module icebreaker (D = $flatten\soc.\cpu.$procmux$4146.Y_B [9], Q = \soc.cpu.decoded_imm [9], rval = 1'0).
Adding SRST signal on $auto$ff.cc:337:slice$12944 ($_DFFE_PP_) from module icebreaker (D = $flatten\soc.\cpu.$procmux$4146.Y_B [10], Q = \soc.cpu.decoded_imm [10], rval = 1'0).
Adding SRST signal on $auto$ff.cc:337:slice$12945 ($_DFFE_PP_) from module icebreaker (D = $flatten\soc.\cpu.$procmux$4146.Y_B [11], Q = \soc.cpu.decoded_imm [11], rval = 1'0).
Adding SRST signal on $auto$ff.cc:337:slice$12946 ($_DFFE_PP_) from module icebreaker (D = $flatten\soc.\cpu.$procmux$4146.Y_B [12], Q = \soc.cpu.decoded_imm [12], rval = 1'0).
Adding SRST signal on $auto$ff.cc:337:slice$12947 ($_DFFE_PP_) from module icebreaker (D = $flatten\soc.\cpu.$procmux$4146.Y_B [13], Q = \soc.cpu.decoded_imm [13], rval = 1'0).
Adding SRST signal on $auto$ff.cc:337:slice$12948 ($_DFFE_PP_) from module icebreaker (D = $flatten\soc.\cpu.$procmux$4146.Y_B [14], Q = \soc.cpu.decoded_imm [14], rval = 1'0).
Adding SRST signal on $auto$ff.cc:337:slice$12949 ($_DFFE_PP_) from module icebreaker (D = $flatten\soc.\cpu.$procmux$4146.Y_B [15], Q = \soc.cpu.decoded_imm [15], rval = 1'0).
Adding SRST signal on $auto$ff.cc:337:slice$12950 ($_DFFE_PP_) from module icebreaker (D = $flatten\soc.\cpu.$procmux$4146.Y_B [16], Q = \soc.cpu.decoded_imm [16], rval = 1'0).
Adding SRST signal on $auto$ff.cc:337:slice$12951 ($_DFFE_PP_) from module icebreaker (D = $flatten\soc.\cpu.$procmux$4146.Y_B [17], Q = \soc.cpu.decoded_imm [17], rval = 1'0).
Adding SRST signal on $auto$ff.cc:337:slice$12952 ($_DFFE_PP_) from module icebreaker (D = $flatten\soc.\cpu.$procmux$4146.Y_B [18], Q = \soc.cpu.decoded_imm [18], rval = 1'0).
Adding SRST signal on $auto$ff.cc:337:slice$12953 ($_DFFE_PP_) from module icebreaker (D = $flatten\soc.\cpu.$procmux$4146.Y_B [19], Q = \soc.cpu.decoded_imm [19], rval = 1'0).
Adding SRST signal on $auto$ff.cc:337:slice$12954 ($_DFFE_PP_) from module icebreaker (D = $flatten\soc.\cpu.$procmux$4146.Y_B [20], Q = \soc.cpu.decoded_imm [20], rval = 1'0).
Adding SRST signal on $auto$ff.cc:337:slice$12955 ($_DFFE_PP_) from module icebreaker (D = $flatten\soc.\cpu.$procmux$4146.Y_B [21], Q = \soc.cpu.decoded_imm [21], rval = 1'0).
Adding SRST signal on $auto$ff.cc:337:slice$12956 ($_DFFE_PP_) from module icebreaker (D = $flatten\soc.\cpu.$procmux$4146.Y_B [22], Q = \soc.cpu.decoded_imm [22], rval = 1'0).
Adding SRST signal on $auto$ff.cc:337:slice$12957 ($_DFFE_PP_) from module icebreaker (D = $flatten\soc.\cpu.$procmux$4146.Y_B [23], Q = \soc.cpu.decoded_imm [23], rval = 1'0).
Adding SRST signal on $auto$ff.cc:337:slice$12958 ($_DFFE_PP_) from module icebreaker (D = $flatten\soc.\cpu.$procmux$4146.Y_B [24], Q = \soc.cpu.decoded_imm [24], rval = 1'0).
Adding SRST signal on $auto$ff.cc:337:slice$12959 ($_DFFE_PP_) from module icebreaker (D = $flatten\soc.\cpu.$procmux$4146.Y_B [25], Q = \soc.cpu.decoded_imm [25], rval = 1'0).
Adding SRST signal on $auto$ff.cc:337:slice$12960 ($_DFFE_PP_) from module icebreaker (D = $flatten\soc.\cpu.$procmux$4146.Y_B [26], Q = \soc.cpu.decoded_imm [26], rval = 1'0).
Adding SRST signal on $auto$ff.cc:337:slice$12961 ($_DFFE_PP_) from module icebreaker (D = $flatten\soc.\cpu.$procmux$4146.Y_B [27], Q = \soc.cpu.decoded_imm [27], rval = 1'0).
Adding SRST signal on $auto$ff.cc:337:slice$12962 ($_DFFE_PP_) from module icebreaker (D = $flatten\soc.\cpu.$procmux$4146.Y_B [28], Q = \soc.cpu.decoded_imm [28], rval = 1'0).
Adding SRST signal on $auto$ff.cc:337:slice$12963 ($_DFFE_PP_) from module icebreaker (D = $flatten\soc.\cpu.$procmux$4146.Y_B [29], Q = \soc.cpu.decoded_imm [29], rval = 1'0).
Adding SRST signal on $auto$ff.cc:337:slice$12964 ($_DFFE_PP_) from module icebreaker (D = $flatten\soc.\cpu.$procmux$4146.Y_B [30], Q = \soc.cpu.decoded_imm [30], rval = 1'0).
Adding EN signal on $auto$ff.cc:337:slice$13938 ($_SDFFE_PN0P_) from module icebreaker (D = $flatten\soc.\cpu.$procmux$2629.B_AND_S [32], Q = \soc.cpu.reg_next_pc [0]).
Adding EN signal on $auto$ff.cc:337:slice$14127 ($_SDFFE_PP0P_) from module icebreaker (D = $flatten\soc.\spimemio.\xfer.$procmux$2048.Y_B [0], Q = \soc.spimemio.xfer.count [0]).
Adding SRST signal on $auto$ff.cc:337:slice$14258 ($_DFFE_PP_) from module icebreaker (D = $flatten\soc.\spimemio.$procmux$5930.Y_B [0], Q = \soc.spimemio.din_data [0], rval = 1'1).
Adding SRST signal on $auto$ff.cc:337:slice$14259 ($_DFFE_PP_) from module icebreaker (D = $flatten\soc.\spimemio.$procmux$5930.Y_B [1], Q = \soc.spimemio.din_data [1], rval = 1'1).
Adding SRST signal on $auto$ff.cc:337:slice$14260 ($_DFFE_PP_) from module icebreaker (D = $flatten\soc.\spimemio.$procmux$5930.Y_B [2], Q = \soc.spimemio.din_data [2], rval = 1'1).
Adding SRST signal on $auto$ff.cc:337:slice$14261 ($_DFFE_PP_) from module icebreaker (D = $flatten\soc.\spimemio.$procmux$5930.Y_B [3], Q = \soc.spimemio.din_data [3], rval = 1'1).
Adding SRST signal on $auto$ff.cc:337:slice$14262 ($_DFFE_PP_) from module icebreaker (D = $flatten\soc.\spimemio.$procmux$5930.Y_B [4], Q = \soc.spimemio.din_data [4], rval = 1'1).
Adding SRST signal on $auto$ff.cc:337:slice$14263 ($_DFFE_PP_) from module icebreaker (D = $flatten\soc.\spimemio.$procmux$5930.Y_B [5], Q = \soc.spimemio.din_data [5], rval = 1'1).
Adding SRST signal on $auto$ff.cc:337:slice$14264 ($_DFFE_PP_) from module icebreaker (D = $flatten\soc.\spimemio.$procmux$5930.Y_B [6], Q = \soc.spimemio.din_data [6], rval = 1'1).

7.39.9. Executing OPT_CLEAN pass (remove unused cells and wires).
Finding unused cells or wires in module \icebreaker..
Removed 42 unused cells and 8 unused wires.
<suppressed ~43 debug messages>

7.39.10. Rerunning OPT passes. (Removed registers in this run.)

7.39.11. Executing OPT_EXPR pass (perform const folding).
Optimizing module icebreaker.

7.39.12. Executing OPT_MERGE pass (detect identical cells).
Finding identical cells in module `\icebreaker'.
Computing hashes of 9887 cells of `\icebreaker'.
Finding duplicate cells in `\icebreaker'.
Removed a total of 0 cells.

7.39.13. Executing OPT_DFF pass (perform DFF optimizations).

7.39.14. Executing OPT_CLEAN pass (remove unused cells and wires).
Finding unused cells or wires in module \icebreaker..

7.39.15. Finished fast OPT passes.

7.40. Executing ICE40_OPT pass (performing simple optimizations).

7.40.1. Running ICE40 specific optimizations.
Optimized $__ICE40_CARRY_WRAPPER cell back to logic (without SB_CARRY) icebreaker.$auto$alumacc.cc:512:replace_alu$8352.slice[0].carry: CO=$auto$alumacc.cc:512:replace_alu$8352.BB [0]
Optimized $__ICE40_CARRY_WRAPPER cell back to logic (without SB_CARRY) icebreaker.$auto$alumacc.cc:512:replace_alu$8385.slice[0].carry: CO=\soc.cpu.mem_addr [24]
Optimized $__ICE40_CARRY_WRAPPER cell back to logic (without SB_CARRY) icebreaker.$auto$alumacc.cc:512:replace_alu$8396.slice[0].carry: CO=\soc.cpu.mem_addr [25]
Optimized $__ICE40_CARRY_WRAPPER cell back to logic (without SB_CARRY) icebreaker.$auto$alumacc.cc:512:replace_alu$8403.slice[0].carry: CO=\soc.cpu.mem_addr [17]
Optimized $__ICE40_CARRY_WRAPPER cell back to logic (without SB_CARRY) icebreaker.$auto$alumacc.cc:512:replace_alu$8442.slice[0].carry: CO=\soc.cpu.count_cycle [0]
Optimized $__ICE40_CARRY_WRAPPER cell back to logic (without SB_CARRY) icebreaker.$auto$alumacc.cc:512:replace_alu$8445.slice[0].carry: CO=\soc.cpu.pcpi_timeout_counter [0]
Optimized $__ICE40_CARRY_WRAPPER cell back to logic (without SB_CARRY) icebreaker.$auto$alumacc.cc:512:replace_alu$8448.slice[0].carry: CO=\soc.cpu.reg_pc [2]
Optimized $__ICE40_CARRY_WRAPPER cell back to logic (without SB_CARRY) icebreaker.$auto$alumacc.cc:512:replace_alu$8451.slice[0].carry: CO=\soc.cpu.timer [0]
Optimized $__ICE40_CARRY_WRAPPER cell back to logic (without SB_CARRY) icebreaker.$auto$alumacc.cc:512:replace_alu$8457.slice[0].carry: CO=\soc.spimem_cache.miss_count [0]
Optimized $__ICE40_CARRY_WRAPPER cell back to logic (without SB_CARRY) icebreaker.$auto$alumacc.cc:512:replace_alu$8460.slice[0].carry: CO=\soc.spimem_cache.hit_count [0]
Optimized $__ICE40_CARRY_WRAPPER cell back to logic (without SB_CARRY) icebreaker.$auto$alumacc.cc:512:replace_alu$8469.slice[0].carry: CO=\soc.cpu.reg_sh [0]
Optimized $__ICE40_CARRY_WRAPPER cell back to logic (without SB_CARRY) icebreaker.$auto$alumacc.cc:512:replace_alu$8478.slice[0].carry: CO=\soc.cpu.reg_sh [2]
Optimized $__ICE40_CARRY_WRAPPER cell back to logic (without SB_CARRY) icebreaker.$auto$alumacc.cc:512:replace_alu$8497.slice[0].carry: CO=\soc.cpu.count_instr [0]
Optimized $__ICE40_CARRY_WRAPPER cell back to logic (without SB_CARRY) icebreaker.$auto$alumacc.cc:512:replace_alu$8500.slice[0].carry: CO=$auto$alumacc.cc:512:replace_alu$8494.B [1]
Optimized $__ICE40_CARRY_WRAPPER cell back to logic (without SB_CARRY) icebreaker.$auto$alumacc.cc:512:replace_alu$8503.slice[0].carry: CO=\soc.spimemio.rd_addr [2]
Optimized $__ICE40_CARRY_WRAPPER cell back to logic (without SB_CARRY) icebreaker.$auto$alumacc.cc:512:replace_alu$8503.slice[22].carry: CO=1'0
Optimized $__ICE40_CARRY_WRAPPER cell back to logic (without SB_CARRY) icebreaker.$auto$alumacc.cc:512:replace_alu$8506.slice[0].carry: CO=\soc.simpleuart.send_bitcnt [0]
Optimized $__ICE40_CARRY_WRAPPER cell back to logic (without SB_CARRY) icebreaker.$auto$alumacc.cc:512:replace_alu$8509.slice[0].carry: CO=\soc.simpleuart.send_divcnt [0]
Optimized $__ICE40_CARRY_WRAPPER cell back to logic (without SB_CARRY) icebreaker.$auto$alumacc.cc:512:replace_alu$8512.slice[0].carry: CO=\soc.simpleuart.recv_state [0]
Optimized $__ICE40_CARRY_WRAPPER cell back to logic (without SB_CARRY) icebreaker.$auto$alumacc.cc:512:replace_alu$8515.slice[0].carry: CO=\soc.simpleuart.recv_divcnt [0]
Optimized $__ICE40_CARRY_WRAPPER cell back to logic (without SB_CARRY) icebreaker.$auto$alumacc.cc:512:replace_alu$8518.slice[0].carry: CO=\seven_segment_ctrl.clkdiv [0]

7.40.2. Executing OPT_EXPR pass (perform const folding).
Optimizing module icebreaker.
<suppressed ~85 debug messages>

7.40.3. Executing OPT_MERGE pass (detect identical cells).
Finding identical cells in module `\icebreaker'.
Computing hashes of 9822 cells of `\icebreaker'.
Finding duplicate cells in `\icebreaker'.
Removed a total of 0 cells.

7.40.4. Executing OPT_DFF pass (perform DFF optimizations).

7.40.5. Executing OPT_CLEAN pass (remove unused cells and wires).
Finding unused cells or wires in module \icebreaker..
Removed 4 unused cells and 3 unused wires.
<suppressed ~5 debug messages>

7.40.6. Rerunning OPT passes. (Removed registers in this run.)

7.40.7. Running ICE40 specific optimizations.

7.40.8. Executing OPT_EXPR pass (perform const folding).
Optimizing module icebreaker.

7.40.9. Executing OPT_MERGE pass (detect identical cells).
Finding identical cells in module `\icebreaker'.
Computing hashes of 9818 cells of `\icebreaker'.
Finding duplicate cells in `\icebreaker'.
Removed a total of 0 cells.

7.40.10. Executing OPT_DFF pass (perform DFF optimizations).

7.40.11. Executing OPT_CLEAN pass (remove unused cells and wires).
Finding unused cells or wires in module \icebreaker..

7.40.12. Finished OPT passes. (There is nothing left to do.)

7.41. Executing DFFLEGALIZE pass (convert FFs to types supported by the target).

7.42. Executing TECHMAP pass (map to technology primitives).

7.42.1. Executing Verilog-2005 frontend: /homes/cl2033/oss-cad-suite/lib/../share/yosys/ice40/ff_map.v
Parsing Verilog input from `/homes/cl2033/oss-cad-suite/lib/../share/yosys/ice40/ff_map.v' to AST representation.
Generating RTLIL representation for module `$_DFF_N_'.
Generating RTLIL representation for module `$_DFF_P_'.
Generating RTLIL representation for module `$_DFFE_NP_'.
Generating RTLIL representation for module `$_DFFE_PP_'.
Generating RTLIL representation for module `$_DFF_NP0_'.
Generating RTLIL representation for module `$_DFF_NP1_'.
Generating RTLIL representation for module `$_DFF_PP0_'.
Generating RTLIL representation for module `$_DFF_PP1_'.
Generating RTLIL representation for module `$_DFFE_NP0P_'.
Generating RTLIL representation for module `$_DFFE_NP1P_'.
Generating RTLIL representation for module `$_DFFE_PP0P_'.
Generating RTLIL representation for module `$_DFFE_PP1P_'.
Generating RTLIL representation for module `$_SDFF_NP0_'.
Generating RTLIL representation for module `$_SDFF_NP1_'.
Generating RTLIL representation for module `$_SDFF_PP0_'.
Generating RTLIL representation for module `$_SDFF_PP1_'.
Generating RTLIL representation for module `$_SDFFCE_NP0P_'.
Generating RTLIL representation for module `$_SDFFCE_NP1P_'.
Generating RTLIL representation for module `$_SDFFCE_PP0P_'.
Generating RTLIL representation for module `$_SDFFCE_PP1P_'.
Successfully finished Verilog frontend.

7.42.2. Continuing TECHMAP pass.
Using template $_SDFFCE_PP1P_ for cells of type $_SDFFCE_PP1P_.
Using template $_SDFFCE_PP0P_ for cells of type $_SDFFCE_PP0P_.
Using template $_SDFF_PP0_ for cells of type $_SDFF_PP0_.
Using template $_DFF_P_ for cells of type $_DFF_P_.
Using template $_DFF_N_ for cells of type $_DFF_N_.
Using template $_DFFE_PP_ for cells of type $_DFFE_PP_.
Using template $_SDFF_PP1_ for cells of type $_SDFF_PP1_.
No more expansions possible.
<suppressed ~1533 debug messages>

7.43. Executing OPT_EXPR pass (perform const folding).
Optimizing module icebreaker.

7.44. Executing SIMPLEMAP pass (map simple cells to gate primitives).
Mapping icebreaker.$auto$alumacc.cc:512:replace_alu$8442.slice[0].carry ($lut).
Mapping icebreaker.$auto$alumacc.cc:512:replace_alu$8445.slice[0].carry ($lut).
Mapping icebreaker.$auto$alumacc.cc:512:replace_alu$8448.slice[0].carry ($lut).
Mapping icebreaker.$auto$alumacc.cc:512:replace_alu$8451.slice[0].carry ($lut).
Mapping icebreaker.$auto$alumacc.cc:512:replace_alu$8457.slice[0].carry ($lut).
Mapping icebreaker.$auto$alumacc.cc:512:replace_alu$8460.slice[0].carry ($lut).
Mapping icebreaker.$auto$alumacc.cc:512:replace_alu$8469.slice[0].carry ($lut).
Mapping icebreaker.$auto$alumacc.cc:512:replace_alu$8478.slice[0].carry ($lut).
Mapping icebreaker.$auto$alumacc.cc:512:replace_alu$8497.slice[0].carry ($lut).
Mapping icebreaker.$auto$alumacc.cc:512:replace_alu$8500.slice[0].carry ($lut).
Mapping icebreaker.$auto$alumacc.cc:512:replace_alu$8503.slice[0].carry ($lut).
Mapping icebreaker.$auto$alumacc.cc:512:replace_alu$8503.slice[22].carry ($lut).
Mapping icebreaker.$auto$alumacc.cc:512:replace_alu$8506.slice[0].carry ($lut).
Mapping icebreaker.$auto$alumacc.cc:512:replace_alu$8509.slice[0].carry ($lut).
Mapping icebreaker.$auto$alumacc.cc:512:replace_alu$8512.slice[0].carry ($lut).
Mapping icebreaker.$auto$alumacc.cc:512:replace_alu$8515.slice[0].carry ($lut).
Mapping icebreaker.$auto$alumacc.cc:512:replace_alu$8518.slice[0].carry ($lut).

7.45. Executing ICE40_OPT pass (performing simple optimizations).

7.45.1. Running ICE40 specific optimizations.

7.45.2. Executing OPT_EXPR pass (perform const folding).
Optimizing module icebreaker.
<suppressed ~492 debug messages>

7.45.3. Executing OPT_MERGE pass (detect identical cells).
Finding identical cells in module `\icebreaker'.
Computing hashes of 11082 cells of `\icebreaker'.
Finding duplicate cells in `\icebreaker'.
Computing hashes of 10124 cells of `\icebreaker'.
Finding duplicate cells in `\icebreaker'.
<suppressed ~2874 debug messages>
Removed a total of 958 cells.

7.45.4. Executing OPT_DFF pass (perform DFF optimizations).

7.45.5. Executing OPT_CLEAN pass (remove unused cells and wires).
Finding unused cells or wires in module \icebreaker..
Removed 0 unused cells and 8879 unused wires.
<suppressed ~1 debug messages>

7.45.6. Rerunning OPT passes. (Removed registers in this run.)

7.45.7. Running ICE40 specific optimizations.

7.45.8. Executing OPT_EXPR pass (perform const folding).
Optimizing module icebreaker.

7.45.9. Executing OPT_MERGE pass (detect identical cells).
Finding identical cells in module `\icebreaker'.
Computing hashes of 10124 cells of `\icebreaker'.
Finding duplicate cells in `\icebreaker'.
Removed a total of 0 cells.

7.45.10. Executing OPT_DFF pass (perform DFF optimizations).

7.45.11. Executing OPT_CLEAN pass (remove unused cells and wires).
Finding unused cells or wires in module \icebreaker..

7.45.12. Finished OPT passes. (There is nothing left to do.)

7.46. Executing TECHMAP pass (map to technology primitives).

7.46.1. Executing Verilog-2005 frontend: /homes/cl2033/oss-cad-suite/lib/../share/yosys/ice40/latches_map.v
Parsing Verilog input from `/homes/cl2033/oss-cad-suite/lib/../share/yosys/ice40/latches_map.v' to AST representation.
Generating RTLIL representation for module `$_DLATCH_N_'.
Generating RTLIL representation for module `$_DLATCH_P_'.
Successfully finished Verilog frontend.

7.46.2. Continuing TECHMAP pass.
No more expansions possible.
<suppressed ~4 debug messages>

7.47. Executing Verilog-2005 frontend: /homes/cl2033/oss-cad-suite/lib/../share/yosys/ice40/abc9_model.v
Parsing Verilog input from `/homes/cl2033/oss-cad-suite/lib/../share/yosys/ice40/abc9_model.v' to AST representation.
Generating RTLIL representation for module `$__ICE40_CARRY_WRAPPER'.
Successfully finished Verilog frontend.

7.48. Executing ABC9 pass.

7.48.1. Executing ABC9_OPS pass (helper functions for ABC9).

7.48.2. Executing ABC9_OPS pass (helper functions for ABC9).

7.48.3. Executing SCC pass (detecting logic loops).
Found 0 SCCs in module icebreaker.
Found 0 SCCs.

7.48.4. Executing ABC9_OPS pass (helper functions for ABC9).

7.48.5. Executing TECHMAP pass (map to technology primitives).

7.48.5.1. Executing Verilog-2005 frontend: /homes/cl2033/oss-cad-suite/lib/../share/yosys/techmap.v
Parsing Verilog input from `/homes/cl2033/oss-cad-suite/lib/../share/yosys/techmap.v' to AST representation.
Generating RTLIL representation for module `\_90_simplemap_bool_ops'.
Generating RTLIL representation for module `\_90_simplemap_reduce_ops'.
Generating RTLIL representation for module `\_90_simplemap_logic_ops'.
Generating RTLIL representation for module `\_90_simplemap_compare_ops'.
Generating RTLIL representation for module `\_90_simplemap_various'.
Generating RTLIL representation for module `\_90_simplemap_registers'.
Generating RTLIL representation for module `\_90_shift_ops_shr_shl_sshl_sshr'.
Generating RTLIL representation for module `\_90_shift_shiftx'.
Generating RTLIL representation for module `\_90_fa'.
Generating RTLIL representation for module `\_90_lcu_brent_kung'.
Generating RTLIL representation for module `\_90_alu'.
Generating RTLIL representation for module `\_90_macc'.
Generating RTLIL representation for module `\_90_alumacc'.
Generating RTLIL representation for module `$__div_mod_u'.
Generating RTLIL representation for module `$__div_mod_trunc'.
Generating RTLIL representation for module `\_90_div'.
Generating RTLIL representation for module `\_90_mod'.
Generating RTLIL representation for module `$__div_mod_floor'.
Generating RTLIL representation for module `\_90_divfloor'.
Generating RTLIL representation for module `\_90_modfloor'.
Generating RTLIL representation for module `\_90_pow'.
Generating RTLIL representation for module `\_90_pmux'.
Generating RTLIL representation for module `\_90_demux'.
Generating RTLIL representation for module `\_90_lut'.
Generating RTLIL representation for module `$connect'.
Generating RTLIL representation for module `$input_port'.
Successfully finished Verilog frontend.

7.48.5.2. Continuing TECHMAP pass.
No more expansions possible.
<suppressed ~131 debug messages>

7.48.6. Executing OPT pass (performing simple optimizations).

7.48.6.1. Executing OPT_EXPR pass (perform const folding).

7.48.6.2. Executing OPT_MERGE pass (detect identical cells).
Removed a total of 0 cells.

7.48.6.3. Executing OPT_MUXTREE pass (detect dead branches in mux trees).
Removed 0 multiplexer ports.

7.48.6.4. Executing OPT_REDUCE pass (consolidate $*mux and $reduce_* inputs).
Performed a total of 0 changes.

7.48.6.5. Executing OPT_MERGE pass (detect identical cells).
Removed a total of 0 cells.

7.48.6.6. Executing OPT_DFF pass (perform DFF optimizations).

7.48.6.7. Executing OPT_CLEAN pass (remove unused cells and wires).

7.48.6.8. Executing OPT_EXPR pass (perform const folding).

7.48.6.9. Finished fast OPT passes. (There is nothing left to do.)

7.48.7. Executing TECHMAP pass (map to technology primitives).

7.48.7.1. Executing Verilog-2005 frontend: /homes/cl2033/oss-cad-suite/lib/../share/yosys/abc9_map.v
Parsing Verilog input from `/homes/cl2033/oss-cad-suite/lib/../share/yosys/abc9_map.v' to AST representation.
Successfully finished Verilog frontend.

7.48.7.2. Continuing TECHMAP pass.
No more expansions possible.
<suppressed ~2 debug messages>

7.48.8. Executing Verilog-2005 frontend: /homes/cl2033/oss-cad-suite/lib/../share/yosys/abc9_model.v
Parsing Verilog input from `/homes/cl2033/oss-cad-suite/lib/../share/yosys/abc9_model.v' to AST representation.
Generating RTLIL representation for module `$__ABC9_DELAY'.
Generating RTLIL representation for module `$__ABC9_SCC_BREAKER'.
Generating RTLIL representation for module `$__DFF_N__$abc9_flop'.
Generating RTLIL representation for module `$__DFF_P__$abc9_flop'.
Successfully finished Verilog frontend.

7.48.9. Executing ABC9_OPS pass (helper functions for ABC9).
<suppressed ~2802 debug messages>

7.48.10. Executing ABC9_OPS pass (helper functions for ABC9).

7.48.11. Executing ABC9_OPS pass (helper functions for ABC9).
<suppressed ~2 debug messages>

7.48.12. Executing TECHMAP pass (map to technology primitives).

7.48.12.1. Executing Verilog-2005 frontend: /homes/cl2033/oss-cad-suite/lib/../share/yosys/techmap.v
Parsing Verilog input from `/homes/cl2033/oss-cad-suite/lib/../share/yosys/techmap.v' to AST representation.
Generating RTLIL representation for module `\_90_simplemap_bool_ops'.
Generating RTLIL representation for module `\_90_simplemap_reduce_ops'.
Generating RTLIL representation for module `\_90_simplemap_logic_ops'.
Generating RTLIL representation for module `\_90_simplemap_compare_ops'.
Generating RTLIL representation for module `\_90_simplemap_various'.
Generating RTLIL representation for module `\_90_simplemap_registers'.
Generating RTLIL representation for module `\_90_shift_ops_shr_shl_sshl_sshr'.
Generating RTLIL representation for module `\_90_shift_shiftx'.
Generating RTLIL representation for module `\_90_fa'.
Generating RTLIL representation for module `\_90_lcu_brent_kung'.
Generating RTLIL representation for module `\_90_alu'.
Generating RTLIL representation for module `\_90_macc'.
Generating RTLIL representation for module `\_90_alumacc'.
Generating RTLIL representation for module `$__div_mod_u'.
Generating RTLIL representation for module `$__div_mod_trunc'.
Generating RTLIL representation for module `\_90_div'.
Generating RTLIL representation for module `\_90_mod'.
Generating RTLIL representation for module `$__div_mod_floor'.
Generating RTLIL representation for module `\_90_divfloor'.
Generating RTLIL representation for module `\_90_modfloor'.
Generating RTLIL representation for module `\_90_pow'.
Generating RTLIL representation for module `\_90_pmux'.
Generating RTLIL representation for module `\_90_demux'.
Generating RTLIL representation for module `\_90_lut'.
Generating RTLIL representation for module `$connect'.
Generating RTLIL representation for module `$input_port'.
Successfully finished Verilog frontend.

7.48.12.2. Continuing TECHMAP pass.
Using template $paramod$__ICE40_CARRY_WRAPPER\LUT=16'0110100110010110\I3_IS_CI=1'1 for cells of type $paramod$__ICE40_CARRY_WRAPPER\LUT=16'0110100110010110\I3_IS_CI=1'1.
Using template SB_CARRY for cells of type SB_CARRY.
Using template $paramod\SB_LUT4\LUT_INIT=16'0110100110010110 for cells of type SB_LUT4.
Using extmapper simplemap for cells of type $mux.
Using extmapper simplemap for cells of type $logic_or.
Using extmapper simplemap for cells of type $logic_and.
No more expansions possible.
<suppressed ~158 debug messages>

7.48.13. Executing OPT pass (performing simple optimizations).

7.48.13.1. Executing OPT_EXPR pass (perform const folding).
Optimizing module icebreaker.
<suppressed ~4 debug messages>

7.48.13.2. Executing OPT_MERGE pass (detect identical cells).
Finding identical cells in module `\icebreaker'.
Computing hashes of 30 cells of `\icebreaker'.
Finding duplicate cells in `\icebreaker'.
Computing hashes of 20 cells of `\icebreaker'.
Finding duplicate cells in `\icebreaker'.
Computing hashes of 18 cells of `\icebreaker'.
Finding duplicate cells in `\icebreaker'.
<suppressed ~29 debug messages>
Removed a total of 12 cells.

7.48.13.3. Executing OPT_MUXTREE pass (detect dead branches in mux trees).
Running muxtree optimizer on module \icebreaker..
  Creating internal representation of mux trees.
  No muxes found in this module.
Removed 0 multiplexer ports.

7.48.13.4. Executing OPT_REDUCE pass (consolidate $*mux and $reduce_* inputs).
  Optimizing cells in module \icebreaker.
Performed a total of 0 changes.

7.48.13.5. Executing OPT_MERGE pass (detect identical cells).
Finding identical cells in module `\icebreaker'.
Computing hashes of 18 cells of `\icebreaker'.
Finding duplicate cells in `\icebreaker'.
Removed a total of 0 cells.

7.48.13.6. Executing OPT_DFF pass (perform DFF optimizations).

7.48.13.7. Executing OPT_CLEAN pass (remove unused cells and wires).
Finding unused cells or wires in module \icebreaker..
Removed 0 unused cells and 24 unused wires.
<suppressed ~1 debug messages>

7.48.13.8. Executing OPT_EXPR pass (perform const folding).
Optimizing module icebreaker.

7.48.13.9. Rerunning OPT passes. (Maybe there is more to do..)

7.48.13.10. Executing OPT_MUXTREE pass (detect dead branches in mux trees).
Running muxtree optimizer on module \icebreaker..
  Creating internal representation of mux trees.
  No muxes found in this module.
Removed 0 multiplexer ports.

7.48.13.11. Executing OPT_REDUCE pass (consolidate $*mux and $reduce_* inputs).
  Optimizing cells in module \icebreaker.
Performed a total of 0 changes.

7.48.13.12. Executing OPT_MERGE pass (detect identical cells).
Finding identical cells in module `\icebreaker'.
Computing hashes of 18 cells of `\icebreaker'.
Finding duplicate cells in `\icebreaker'.
Removed a total of 0 cells.

7.48.13.13. Executing OPT_DFF pass (perform DFF optimizations).

7.48.13.14. Executing OPT_CLEAN pass (remove unused cells and wires).
Finding unused cells or wires in module \icebreaker..

7.48.13.15. Executing OPT_EXPR pass (perform const folding).
Optimizing module icebreaker.

7.48.13.16. Finished fast OPT passes. (There is nothing left to do.)

7.48.14. Executing AIGMAP pass (map logic to AIG).
Module icebreaker: replaced 7 cells with 43 new cells, skipped 11 cells.
  replaced 2 cell types:
       5 $_MUX_
       2 $_OR_
  not replaced 3 cell types:
       2 $_AND_
       1 $_NOT_
       8 $specify2

7.48.15. Executing AIGMAP pass (map logic to AIG).
Module icebreaker: replaced 4613 cells with 25107 new cells, skipped 8311 cells.
  replaced 5 cell types:
     128 $_ANDNOT_
    2069 $_MUX_
      37 $_ORNOT_
    2132 $_OR_
     247 $_XOR_
  not replaced 23 cell types:
    2359 $_AND_
     763 $_NOT_
      12 $scopeinfo
       4 SB_MAC16
       4 SB_IO
     246 SB_DFF
     436 SB_DFFE
     267 SB_DFFSR
       4 SB_DFFSS
     359 SB_DFFESR
     195 SB_DFFESS
       4 SB_DFFN
       4 SB_SPRAM256KA
       8 $paramod$__ABC9_DELAY\DELAY=32'00000000000000000000000010000101
     128 $paramod$__ABC9_DELAY\DELAY=32'00000000000000000000000010100001
       8 $paramod$65b9e5893759870fd62e6b87dc6ba151fdc97e95\SB_RAM40_4K
      88 $paramod$__ABC9_DELAY\DELAY=32'00000000000000000000000011100000
       8 $paramod$__ABC9_DELAY\DELAY=32'00000000000000000000000001100010
      16 $paramod$__ABC9_DELAY\DELAY=32'00000000000000000000000100001011
     128 $paramod$__ABC9_DELAY\DELAY=32'00000000000000000000000100010010
     913 $paramod$__ABC9_DELAY\DELAY=32'00000000000000000000000011001011
    1511 $paramod$__ABC9_DELAY\DELAY=32'00000000000000000000000000010101
     846 $paramod$__ICE40_CARRY_WRAPPER\LUT=16'0110100110010110\I3_IS_CI=1'1

7.48.15.1. Executing ABC9_OPS pass (helper functions for ABC9).

7.48.15.2. Executing ABC9_OPS pass (helper functions for ABC9).

7.48.15.3. Executing XAIGER backend.
<suppressed ~1650 debug messages>
Extracted 11604 AND gates and 35303 wires from module `icebreaker' to a netlist network with 1834 inputs and 3182 outputs.

7.48.15.4. Executing ABC9_EXE pass (technology mapping using ABC9).

7.48.15.5. Executing ABC9.
Running ABC command: "<yosys-exe-dir>/yosys-abc" -s -f <abc-temp-dir>/abc.script 2>&1
ABC: ======== ABC command line "source <abc-temp-dir>/abc.script"
ABC: + read_lut <abc-temp-dir>/input.lut 
ABC: + read_box <abc-temp-dir>/input.box 
ABC: + &read <abc-temp-dir>/input.xaig 
ABC: + &ps 
ABC: <abc-temp-dir>/input : i/o =   1834/   3182  and =   10957  lev =   43 (2.32)  mem = 0.38 MB  box = 3646  bb = 2800
ABC: Warning: AIG with boxes has internal fanout in 0 complex flops and 1 carries.
ABC: + &scorr 
ABC: Warning: The network is combinational.
ABC: + &sweep 
ABC: + &dc2 
ABC: + &dch -f -r 
ABC: + &ps 
ABC: <abc-temp-dir>/input : i/o =   1834/   3182  and =   14797  lev =   48 (2.00)  mem = 0.42 MB  ch = 2307  box = 3634  bb = 2800
ABC: cst =       0  cls =   1848  lit =    2307  unused =   16944  proof =     0
ABC: Warning: AIG with boxes has internal fanout in 0 complex flops and 1 carries.
ABC: + &if -W 250 -v 
ABC: K = 4. Memory (bytes): Truth =    0. Cut =   52. Obj =  136. Set =  564. CutMin = no
ABC: Node =   14797.  Ch =  1848.  Total mem =    4.53 MB. Peak cut mem =    0.28 MB.
ABC: P:  Del = 9910.00.  Ar =    4221.0.  Edge =    14683.  Cut =    83985.  T =     0.01 sec
ABC: P:  Del = 9910.00.  Ar =    3920.0.  Edge =    14119.  Cut =    78658.  T =     0.01 sec
ABC: P:  Del = 9910.00.  Ar =    3610.0.  Edge =    12324.  Cut =    85153.  T =     0.01 sec
ABC: F:  Del = 9910.00.  Ar =    3386.0.  Edge =    11840.  Cut =    81000.  T =     0.01 sec
ABC: A:  Del = 9910.00.  Ar =    3260.0.  Edge =    10728.  Cut =    81373.  T =     0.02 sec
ABC: A:  Del = 9910.00.  Ar =    3253.0.  Edge =    10713.  Cut =    81351.  T =     0.02 sec
ABC: Total time =     0.10 sec
ABC: + &write -n <abc-temp-dir>/output.aig 
ABC: + &mfs 
ABC: + &ps -l 
ABC: <abc-temp-dir>/input : i/o =   1834/   3182  and =    8669  lev =   37 (2.03)  mem = 0.35 MB  box = 3634  bb = 2800
ABC: Mapping (K=4)  :  lut =   3191  edge =   10403  lev =   16 (1.17)  levB =   64  mem = 0.16 MB
ABC: LUT = 3191 : 2=804 25.2 %  3=753 23.6 %  4=1634 51.2 %  Ave = 3.26
ABC: Warning: AIG with boxes has internal fanout in 0 complex flops and 1 carries.
ABC: + &write -n <abc-temp-dir>/output.aig 
ABC: + &verify 
ABC: Networks are equivalent.  Time =     0.35 sec
ABC: + time 
ABC: elapse: 2.39 seconds, total: 2.39 seconds

7.48.15.6. Executing AIGER frontend.
<suppressed ~10055 debug messages>
Removed 11895 unused cells and 28612 unused wires.

7.48.15.7. Executing ABC9_OPS pass (helper functions for ABC9).
ABC RESULTS:              $lut cells:     3267
ABC RESULTS:   $paramod$__ICE40_CARRY_WRAPPER\LUT=16'0110100110010110\I3_IS_CI=1'1 cells:      834
ABC RESULTS:           input signals:      323
ABC RESULTS:          output signals:     3043
Removing temp directory.

7.48.16. Executing TECHMAP pass (map to technology primitives).

7.48.16.1. Executing Verilog-2005 frontend: /homes/cl2033/oss-cad-suite/lib/../share/yosys/abc9_unmap.v
Parsing Verilog input from `/homes/cl2033/oss-cad-suite/lib/../share/yosys/abc9_unmap.v' to AST representation.
Generating RTLIL representation for module `$__DFF_x__$abc9_flop'.
Generating RTLIL representation for module `$__ABC9_SCC_BREAKER'.
Successfully finished Verilog frontend.

7.48.16.2. Continuing TECHMAP pass.
Using template $paramod$__ICE40_CARRY_WRAPPER\LUT=16'0110100110010110\I3_IS_CI=1'1 for cells of type $paramod$__ICE40_CARRY_WRAPPER\LUT=16'0110100110010110\I3_IS_CI=1'1.
Using template $paramod$65b9e5893759870fd62e6b87dc6ba151fdc97e95\SB_RAM40_4K for cells of type $paramod$65b9e5893759870fd62e6b87dc6ba151fdc97e95\SB_RAM40_4K.
No more expansions possible.
<suppressed ~849 debug messages>

7.49. Executing ICE40_WRAPCARRY pass (wrap carries).

7.50. Executing TECHMAP pass (map to technology primitives).

7.50.1. Executing Verilog-2005 frontend: /homes/cl2033/oss-cad-suite/lib/../share/yosys/ice40/ff_map.v
Parsing Verilog input from `/homes/cl2033/oss-cad-suite/lib/../share/yosys/ice40/ff_map.v' to AST representation.
Generating RTLIL representation for module `$_DFF_N_'.
Generating RTLIL representation for module `$_DFF_P_'.
Generating RTLIL representation for module `$_DFFE_NP_'.
Generating RTLIL representation for module `$_DFFE_PP_'.
Generating RTLIL representation for module `$_DFF_NP0_'.
Generating RTLIL representation for module `$_DFF_NP1_'.
Generating RTLIL representation for module `$_DFF_PP0_'.
Generating RTLIL representation for module `$_DFF_PP1_'.
Generating RTLIL representation for module `$_DFFE_NP0P_'.
Generating RTLIL representation for module `$_DFFE_NP1P_'.
Generating RTLIL representation for module `$_DFFE_PP0P_'.
Generating RTLIL representation for module `$_DFFE_PP1P_'.
Generating RTLIL representation for module `$_SDFF_NP0_'.
Generating RTLIL representation for module `$_SDFF_NP1_'.
Generating RTLIL representation for module `$_SDFF_PP0_'.
Generating RTLIL representation for module `$_SDFF_PP1_'.
Generating RTLIL representation for module `$_SDFFCE_NP0P_'.
Generating RTLIL representation for module `$_SDFFCE_NP1P_'.
Generating RTLIL representation for module `$_SDFFCE_PP0P_'.
Generating RTLIL representation for module `$_SDFFCE_PP1P_'.
Successfully finished Verilog frontend.

7.50.2. Continuing TECHMAP pass.
No more expansions possible.
<suppressed ~22 debug messages>
Removed 805 unused cells and 42241 unused wires.

7.51. Executing OPT_LUT pass (optimize LUTs).
Discovering LUTs.
Number of LUTs:     3990
  1-LUT               76
  2-LUT              828
  3-LUT             1452
  4-LUT             1634
  with \SB_CARRY    (#0)  686
  with \SB_CARRY    (#1)  692

Eliminating LUTs.
Number of LUTs:     3990
  1-LUT               76
  2-LUT              828
  3-LUT             1452
  4-LUT             1634
  with \SB_CARRY    (#0)  686
  with \SB_CARRY    (#1)  692

Combining LUTs.
Number of LUTs:     3948
  1-LUT               76
  2-LUT              785
  3-LUT             1419
  4-LUT             1668
  with \SB_CARRY    (#0)  686
  with \SB_CARRY    (#1)  692

Eliminated 0 LUTs.
Combined 42 LUTs.
<suppressed ~25169 debug messages>

7.52. Executing TECHMAP pass (map to technology primitives).

7.52.1. Executing Verilog-2005 frontend: /homes/cl2033/oss-cad-suite/lib/../share/yosys/ice40/cells_map.v
Parsing Verilog input from `/homes/cl2033/oss-cad-suite/lib/../share/yosys/ice40/cells_map.v' to AST representation.
Generating RTLIL representation for module `$lut'.
Successfully finished Verilog frontend.

7.52.2. Continuing TECHMAP pass.
Using template $paramod$fd904e9e35cfd343a9df248824bd3f1408724879$lut for cells of type $lut.
Using template $paramod$0acc8d601702e9b60288baa3d5cf1d38d4f22457$lut for cells of type $lut.
Using template $paramod$b04f0510561c4bbb703d2e39c6eca682b920366b$lut for cells of type $lut.
Using template $paramod$df23d368a6ae8908771963811f5ab56f622887ca$lut for cells of type $lut.
Using template $paramod$cbea2d4d520f64cae694e02ff7f67ddafd2047d5$lut for cells of type $lut.
Using template $paramod$694c95659b447cef99dd4cdbd49b87dfd5f6c806$lut for cells of type $lut.
Using template $paramod$086937f2e69afb7c662e45e33f5a7616aa818da8$lut for cells of type $lut.
Using template $paramod$eec22efc31481e6a2706a92743e67f4f90bad45a$lut for cells of type $lut.
Using template $paramod$lut\WIDTH=32'00000000000000000000000000000011\LUT=8'00110101 for cells of type $lut.
Using template $paramod$c8f16510db975553c8b0be1064e8f5234175f8a8$lut for cells of type $lut.
Using template $paramod$8384e66d408d22ab39dfb451efb7879731befeb8$lut for cells of type $lut.
Using template $paramod$lut\WIDTH=32'00000000000000000000000000000011\LUT=8'10101100 for cells of type $lut.
Using template $paramod$29fb0dcbea7e19908c494ce4a8a756b15e2a78b6$lut for cells of type $lut.
Using template $paramod$lut\WIDTH=32'00000000000000000000000000000011\LUT=8'11001010 for cells of type $lut.
Using template $paramod$lut\WIDTH=32'00000000000000000000000000000011\LUT=8'10101000 for cells of type $lut.
Using template $paramod$4045162732ff1ef3063f7c74bcf446c45645f6c6$lut for cells of type $lut.
Using template $paramod$lut\WIDTH=32'00000000000000000000000000000011\LUT=8'00000010 for cells of type $lut.
Using template $paramod$b1680225cc6a5792caa95f54b8b3218fae21705d$lut for cells of type $lut.
Using template $paramod$d575d3554e876f643193272ee6813447059f103f$lut for cells of type $lut.
Using template $paramod$153c6cdaaddbc43e6ef3facd06aa851de33910ae$lut for cells of type $lut.
Using template $paramod$eab8c2e20ad6848564bec45c7148558972138f5b$lut for cells of type $lut.
Using template $paramod$ffc80aea4aa44f0166b2d4713ba5912f56e92991$lut for cells of type $lut.
Using template $paramod$lut\WIDTH=32'00000000000000000000000000000010\LUT=4'0001 for cells of type $lut.
Using template $paramod$a82a699dba54b8465366aeb90aba90d3d29adde0$lut for cells of type $lut.
Using template $paramod$e2d96f36ef28053ecd27167cd95b944485ac3146$lut for cells of type $lut.
Using template $paramod$lut\WIDTH=32'00000000000000000000000000000011\LUT=8'11011000 for cells of type $lut.
Using template $paramod$58df2c605746858c7e53492c8f57d6f1fafa12d2$lut for cells of type $lut.
Using template $paramod$lut\WIDTH=32'00000000000000000000000000000011\LUT=8'00000001 for cells of type $lut.
Using template $paramod$4853050665c020c8d21fb1a749196950a09d9df8$lut for cells of type $lut.
Using template $paramod$ba7f31f246a278c41fa0648a6e0512f63185dec0$lut for cells of type $lut.
Using template $paramod$lut\WIDTH=32'00000000000000000000000000000011\LUT=8'01010100 for cells of type $lut.
Using template $paramod$32abbd1d449a67fb913b4733374e345d4c17175b$lut for cells of type $lut.
Using template $paramod$3702268f692b8bf258e428f65d3bca4e1f76d98b$lut for cells of type $lut.
Using template $paramod$fcff9a7b1687e357a40264efcefe8443c8b2971a$lut for cells of type $lut.
Using template $paramod$4b9b235bc4444ff899bef0c648e4109b26737f1a$lut for cells of type $lut.
Using template $paramod$2955ab75367a3dc9d6f50d3655eebcd4f615031f$lut for cells of type $lut.
Using template $paramod$9e394303e290a474880b56f98766417009256d93$lut for cells of type $lut.
Using template $paramod$8921e608da57eb3483e6390a11938d2bd4d7314d$lut for cells of type $lut.
Using template $paramod$658b9ed803f0d3d335616d3858b53e0a2522f1e8$lut for cells of type $lut.
Using template $paramod$30305e55a780880b9c824fe3509a4d981acb0f2b$lut for cells of type $lut.
Using template $paramod$05ac1639ab7543654a2476d11c1711de01f760e6$lut for cells of type $lut.
Using template $paramod$571404c0889eaf57f492cb5e37f8acb5df5852f9$lut for cells of type $lut.
Using template $paramod$47a8214374025465e226fa66bee690ff33268a25$lut for cells of type $lut.
Using template $paramod$d204630841d4b2793bc7d88db78fa2d9975da1ca$lut for cells of type $lut.
Using template $paramod$lut\WIDTH=32'00000000000000000000000000000011\LUT=8'00100000 for cells of type $lut.
Using template $paramod$c6bcc46fa3ab3e93fb9e1dd465343adac18fec92$lut for cells of type $lut.
Using template $paramod$lut\WIDTH=32'00000000000000000000000000000011\LUT=8'01000111 for cells of type $lut.
Using template $paramod$lut\WIDTH=32'00000000000000000000000000000010\LUT=4'1001 for cells of type $lut.
Using template $paramod$6d6beead1425af15cf78b27fd9b11b41b5d4bce8$lut for cells of type $lut.
Using template $paramod$cde361a621e929168e2e29211efd6e41391c35c1$lut for cells of type $lut.
Using template $paramod$c685a6e5e211287be351ac5f1078c1501564ce89$lut for cells of type $lut.
Using template $paramod$ad20004ca4cc55e015f230a7d22fd8b3bc00587e$lut for cells of type $lut.
Using template $paramod$lut\WIDTH=32'00000000000000000000000000000011\LUT=8'10000000 for cells of type $lut.
Using template $paramod$lut\WIDTH=32'00000000000000000000000000000011\LUT=8'00010000 for cells of type $lut.
Using template $paramod$a5516fc31d1e552de2435200bb732b4d4ad63a9c$lut for cells of type $lut.
Using template $paramod$6e238df02989b317f10820a22773676e71120644$lut for cells of type $lut.
Using template $paramod$lut\WIDTH=32'00000000000000000000000000000011\LUT=8'01000000 for cells of type $lut.
Using template $paramod$lut\WIDTH=32'00000000000000000000000000000010\LUT=4'0100 for cells of type $lut.
Using template $paramod$2b187743e9a5d701dd1d8451ad4fa986c1aea139$lut for cells of type $lut.
Using template $paramod$6ce6c9ed24092f88d858965e9e9a15c5bec9d6d7$lut for cells of type $lut.
Using template $paramod$lut\WIDTH=32'00000000000000000000000000000010\LUT=4'0010 for cells of type $lut.
Using template $paramod$e8b805c60b05d29dea83383ec9e8df8657d8e0fa$lut for cells of type $lut.
Using template $paramod$15e09ab8f7df8d225706de985558fe8eca7cc41f$lut for cells of type $lut.
Using template $paramod$lut\WIDTH=32'00000000000000000000000000000011\LUT=8'00100111 for cells of type $lut.
Using template $paramod$lut\WIDTH=32'00000000000000000000000000000010\LUT=4'1000 for cells of type $lut.
Using template $paramod$c1a19a87ccbbb03d43a72335db63f692ddf82cc1$lut for cells of type $lut.
Using template $paramod$lut\WIDTH=32'00000000000000000000000000000011\LUT=8'11111000 for cells of type $lut.
Using template $paramod$1241d759e3df4cac11dc7c99c36b0d1b07f7a673$lut for cells of type $lut.
Using template $paramod$lut\WIDTH=32'00000000000000000000000000000011\LUT=8'10110000 for cells of type $lut.
Using template $paramod$234fd643079033ba0cbc98ff572df9b7b7a0dc86$lut for cells of type $lut.
Using template $paramod$df196ed0a1da5c4a58c5e08a1dac304fd3fccaab$lut for cells of type $lut.
Using template $paramod$lut\WIDTH=32'00000000000000000000000000000011\LUT=8'10010000 for cells of type $lut.
Using template $paramod$7d35f3eb4056e6484203c99fe42cfcf1dfaba704$lut for cells of type $lut.
Using template $paramod$8d7a8d6e3356de09670738ba85f2c6b874f6b06d$lut for cells of type $lut.
Using template $paramod$lut\WIDTH=32'00000000000000000000000000000010\LUT=4'0110 for cells of type $lut.
Using template $paramod$fca001e3e0b52158a872e76e56c01ec10dfbb1de$lut for cells of type $lut.
Using template $paramod$b4f85a6321a00b090afc4e21d68e7b99eb94d149$lut for cells of type $lut.
Using template $paramod$ba7c22fadfbf9ee7abcb895a21403114111dd201$lut for cells of type $lut.
Using template $paramod$lut\WIDTH=32'00000000000000000000000000000011\LUT=8'00001000 for cells of type $lut.
Using template $paramod$lut\WIDTH=32'00000000000000000000000000000011\LUT=8'00001101 for cells of type $lut.
Using template $paramod$11ec7271d8e6e5aeaace08c13e4c601f10e31038$lut for cells of type $lut.
Using template $paramod$485c535cc2fb194dc6f114ba5c93554133564a61$lut for cells of type $lut.
Using template $paramod$lut\WIDTH=32'00000000000000000000000000000001\LUT=2'01 for cells of type $lut.
Using template $paramod$e49f6e3576ef1a6d2f58c54414dbb786af8cc869$lut for cells of type $lut.
Using template $paramod$0d3ac82cf5b8a192d5ff4c23e3143360366ae882$lut for cells of type $lut.
Using template $paramod$f9813472aa48e533b3838c6f2316dc2e78c66111$lut for cells of type $lut.
Using template $paramod$9d707d218adbd63b6f9a0c79d7ee037306fb6296$lut for cells of type $lut.
Using template $paramod$8614da24b3846fe751594d00fba789cfcb7b874c$lut for cells of type $lut.
Using template $paramod$lut\WIDTH=32'00000000000000000000000000000011\LUT=8'00001001 for cells of type $lut.
Using template $paramod$b26fbfdb68e98cf016d61a8611b449e9f4a30f3c$lut for cells of type $lut.
Using template $paramod$b4410865e8124402796f9dfbf73ef8d279fdbd08$lut for cells of type $lut.
Using template $paramod$19e5b38cca183d8b6b3a15d20dc995c09cd71893$lut for cells of type $lut.
Using template $paramod$364c9ffbffac467d60dfec81bba4e18476c15602$lut for cells of type $lut.
Using template $paramod$253532b742d151c01e8e51f153c24d934b8f6185$lut for cells of type $lut.
Using template $paramod$6b0849254d6c87461fb93e37cc18f089f61eb912$lut for cells of type $lut.
Using template $paramod$a59507d273cd827eb6c46c37820d50a1b717efdf$lut for cells of type $lut.
Using template $paramod$lut\WIDTH=32'00000000000000000000000000000011\LUT=8'01111111 for cells of type $lut.
Using template $paramod$194bfb074c461fdab310dba0d79b3b8142979c7b$lut for cells of type $lut.
Using template $paramod$2af7fd5c408581c2b6e80048f54948ce05a232f8$lut for cells of type $lut.
Using template $paramod$d6ca727e39f31d51d29072e0f33aa09c65e37336$lut for cells of type $lut.
Using template $paramod$ce56ef3cd635ab10f24c48b829a9c23913bdb858$lut for cells of type $lut.
Using template $paramod$048d4aa2263b685fba6c6b0d38f6224df0dc3042$lut for cells of type $lut.
Using template $paramod$lut\WIDTH=32'00000000000000000000000000000011\LUT=8'00000100 for cells of type $lut.
Using template $paramod$873c285bdccf0ac2b60d2304ea5cd14bf211d2a6$lut for cells of type $lut.
Using template $paramod$bba54c1ef87367812b4c15f4aed5ac70773df775$lut for cells of type $lut.
Using template $paramod$8b24407096beec47292ddeb1567a058197a320b9$lut for cells of type $lut.
Using template $paramod$58685d136f916910674b7cdb559b8c116c3484e1$lut for cells of type $lut.
Using template $paramod$b009a26b33c3ca109c016cf968a774c0d66687bb$lut for cells of type $lut.
Using template $paramod$lut\WIDTH=32'00000000000000000000000000000011\LUT=8'10100010 for cells of type $lut.
Using template $paramod$aab1c7911376296acb4852c0680569ae4203dfee$lut for cells of type $lut.
Using template $paramod$f8f63b209b7230e81958663ff24fef1613156af7$lut for cells of type $lut.
Using template $paramod$20235ca863361fbc253329cfc7eeea38c77404dc$lut for cells of type $lut.
Using template $paramod$d644d9cf6c4533d3c532b4c582e56aa5923bbd67$lut for cells of type $lut.
Using template $paramod$dc2c6712e2363e0ec4d02acb1b3c7aca5011dab3$lut for cells of type $lut.
Using template $paramod$lut\WIDTH=32'00000000000000000000000000000011\LUT=8'11000101 for cells of type $lut.
Using template $paramod$15a361e9afe53d073e5f05a5a1fc7d88e6644bc6$lut for cells of type $lut.
Using template $paramod$b69ed7a5b6f8c0acc3913ae9c1063a5bfac099c2$lut for cells of type $lut.
Using template $paramod$0425f46a1444788a7d60572c26dbde5e7cb29de0$lut for cells of type $lut.
Using template $paramod$179512a187da069f3b79ef6612a41e494e7d54b6$lut for cells of type $lut.
Using template $paramod$lut\WIDTH=32'00000000000000000000000000000011\LUT=8'11110100 for cells of type $lut.
Using template $paramod$608f40069c27841a5b3bdf03643a34bdc8974072$lut for cells of type $lut.
Using template $paramod$efc60783c939ae41b2f3555af407b17c007b27f8$lut for cells of type $lut.
Using template $paramod$lut\WIDTH=32'00000000000000000000000000000011\LUT=8'11010001 for cells of type $lut.
Using template $paramod$lut\WIDTH=32'00000000000000000000000000000011\LUT=8'10001011 for cells of type $lut.
Using template $paramod$lut\WIDTH=32'00000000000000000000000000000011\LUT=8'11100000 for cells of type $lut.
Using template $paramod$fa68a6535d072dce67062e4cc423427f95998bcf$lut for cells of type $lut.
Using template $paramod$lut\WIDTH=32'00000000000000000000000000000010\LUT=4'1101 for cells of type $lut.
Using template $paramod$lut\WIDTH=32'00000000000000000000000000000011\LUT=8'00101111 for cells of type $lut.
Using template $paramod$41326ad8644342a66dfb051d050f2b6fbf15015b$lut for cells of type $lut.
Using template $paramod$e84e4a245515000cd6930e0f4535753ed485f71e$lut for cells of type $lut.
Using template $paramod$lut\WIDTH=32'00000000000000000000000000000010\LUT=4'1110 for cells of type $lut.
Using template $paramod$c471af5667a682bd131a5b479e58e470d1b2b7cd$lut for cells of type $lut.
Using template $paramod$lut\WIDTH=32'00000000000000000000000000000010\LUT=4'1011 for cells of type $lut.
Using template $paramod$92d8352222219f5402ddaca1fe2b9a1dcf7206a1$lut for cells of type $lut.
Using template $paramod$lut\WIDTH=32'00000000000000000000000000000011\LUT=8'10001101 for cells of type $lut.
Using template $paramod$7e3d8ac009723e554811ad53385162c0e6a41625$lut for cells of type $lut.
Using template $paramod$48ed08ac863093cb81be5bfb1a860b60659d37e0$lut for cells of type $lut.
Using template $paramod$4da6fe9957da309dc16b8f31a6b80b19c05c808d$lut for cells of type $lut.
Using template $paramod$097592bb16245531f0716c5ddb18d7090f9c7d9d$lut for cells of type $lut.
Using template $paramod$af01034afe1bdbc87587d263805971d96e724ed7$lut for cells of type $lut.
Using template $paramod$0c5a54c406cdb1ed108583f5d43071050a5e4d5c$lut for cells of type $lut.
Using template $paramod$c28a8b7ce0535d090c4cfb52e9c74affd52b110c$lut for cells of type $lut.
Using template $paramod$lut\WIDTH=32'00000000000000000000000000000011\LUT=8'01110000 for cells of type $lut.
Using template $paramod$c7754eeb17b54dfe53ea4a973db3714d78ced2f9$lut for cells of type $lut.
Using template $paramod$02a39d6f75416c06fff45fc81145d64144c93f5a$lut for cells of type $lut.
Using template $paramod$c9374e4aadca7f30556fc688a64b8e22d24fd5a5$lut for cells of type $lut.
Using template $paramod$10b7b810a6a6f18bc62789393bbe16e6a166c87b$lut for cells of type $lut.
Using template $paramod$e5759512db67494ff77fbdfc66dff4006376568f$lut for cells of type $lut.
Using template $paramod$75d5c453cca75cc7a7ca320c4fb7be0932b6aaa7$lut for cells of type $lut.
Using template $paramod$515ef3a9b5e42bd5d7533bdf444ebd44fa8b3ff0$lut for cells of type $lut.
Using template $paramod$lut\WIDTH=32'00000000000000000000000000000011\LUT=8'11100010 for cells of type $lut.
Using template $paramod$e5e9da8fed769f971686eed8c5eea50e61f73aaa$lut for cells of type $lut.
Using template $paramod$e2f682077d75dd018226341dd2d7343aa220f0c8$lut for cells of type $lut.
Using template $paramod$lut\WIDTH=32'00000000000000000000000000000011\LUT=8'11011111 for cells of type $lut.
Using template $paramod$lut\WIDTH=32'00000000000000000000000000000011\LUT=8'10110011 for cells of type $lut.
Using template $paramod$ed7c2114137350227a95d36eacb018e373765cc2$lut for cells of type $lut.
Using template $paramod$71d951b20e73043168c1656217d126e617052faa$lut for cells of type $lut.
Using template $paramod$lut\WIDTH=32'00000000000000000000000000000011\LUT=8'10111000 for cells of type $lut.
Using template $paramod$272652f6c6fbe9a75eff76e45cc7e2788835518b$lut for cells of type $lut.
Using template $paramod$lut\WIDTH=32'00000000000000000000000000000011\LUT=8'11101111 for cells of type $lut.
Using template $paramod$20aecb9a781743d0e93608b1c1e7d62ffc3a69a9$lut for cells of type $lut.
Using template $paramod$77268019239d7d46332da9cb6aa01cbf3ba29ee3$lut for cells of type $lut.
Using template $paramod$lut\WIDTH=32'00000000000000000000000000000011\LUT=8'11001011 for cells of type $lut.
Using template $paramod$e51a8a571bee774247b38f52d6e85fd62ae52cea$lut for cells of type $lut.
Using template $paramod$3ae9f1cda205b669870c653a21d45eee50078e98$lut for cells of type $lut.
Using template $paramod$lut\WIDTH=32'00000000000000000000000000000011\LUT=8'01001110 for cells of type $lut.
Using template $paramod$lut\WIDTH=32'00000000000000000000000000000011\LUT=8'11100100 for cells of type $lut.
Using template $paramod$d5c7dda3e544463bf43ed73dadb51262f5dcf2fe$lut for cells of type $lut.
Using template $paramod$lut\WIDTH=32'00000000000000000000000000000010\LUT=4'0111 for cells of type $lut.
Using template $paramod$0aae27145afd1348566af63c85046495acb0e0d8$lut for cells of type $lut.
Using template $paramod$c5f3c57a6d466a2f42208bafb8985b96ce884440$lut for cells of type $lut.
Using template $paramod$5552b23a89809fed2b1588e8f91bb3893be2e6ce$lut for cells of type $lut.
Using template $paramod$b80e608920ce9cfa1f5c7d21df7a72954e9b0a70$lut for cells of type $lut.
Using template $paramod$101238f3d8d49ab12a9b49a2f01cd503b26e9c61$lut for cells of type $lut.
Using template $paramod$8e44661def013b6bf9fe6f8b049ef2c838d749f9$lut for cells of type $lut.
Using template $paramod$lut\WIDTH=32'00000000000000000000000000000011\LUT=8'10001100 for cells of type $lut.
Using template $paramod$lut\WIDTH=32'00000000000000000000000000000011\LUT=8'01110100 for cells of type $lut.
Using template $paramod$lut\WIDTH=32'00000000000000000000000000000011\LUT=8'00111010 for cells of type $lut.
Using template $paramod$e85b6eba0dacefc5f73f8748159b8b9599212afc$lut for cells of type $lut.
Using template $paramod$c1747c0c7cb4f86c4813433b4d41103fb3fe105a$lut for cells of type $lut.
Using template $paramod$lut\WIDTH=32'00000000000000000000000000000011\LUT=8'01001100 for cells of type $lut.
Using template $paramod$lut\WIDTH=32'00000000000000000000000000000011\LUT=8'01001111 for cells of type $lut.
Using template $paramod$f58e0d90afc57a738914697b6a4a7319b30d7e7e$lut for cells of type $lut.
Using template $paramod$1b53a9695a0f80de7517b50863b438fd2b7f56da$lut for cells of type $lut.
Using template $paramod$f65af1b660a013aeaba9a5dc41e6bdede642e3c3$lut for cells of type $lut.
Using template $paramod$ce57c8604805f80ab07a0434d106bb987e82ae6c$lut for cells of type $lut.
Using template $paramod$9a269ffb0efb6ad342cb106a4e0636e23fdfd547$lut for cells of type $lut.
Using template $paramod$3eb8805ccd6f91bad96dcbf190c2fb4f72f4634f$lut for cells of type $lut.
Using template $paramod$965f8f2fa1a796a6c51222eabb50fbd26e97d98b$lut for cells of type $lut.
Using template $paramod$2902eb8ec3ca272968b5d8a7010e48f85069ed0f$lut for cells of type $lut.
Using template $paramod$1bf62ab10e48d71d6497bccacf5c70420c470fe9$lut for cells of type $lut.
Using template $paramod$a1cfe99817bd6d57a83efd5e1c3fc26a743b692f$lut for cells of type $lut.
Using template $paramod$lut\WIDTH=32'00000000000000000000000000000011\LUT=8'11110111 for cells of type $lut.
Using template $paramod$5321e04f7ce32c091123c3570ab562efb1c81402$lut for cells of type $lut.
Using template $paramod$c217e185eb8e6463ca272982ba8c5940fa90d81f$lut for cells of type $lut.
Using template $paramod$6d23198eb2b8f79a41c7626605a61009695893b1$lut for cells of type $lut.
Using template $paramod$bff60da521de773f8caf46fbc0845c3d7d3e2310$lut for cells of type $lut.
Using template $paramod$70f68cc10fbeada9b6fa90c3bb75475e348ca467$lut for cells of type $lut.
Using template $paramod$afdefd64f115cbb578c1cd4bf8426ecfef85ae91$lut for cells of type $lut.
Using template $paramod$35059585e93e18989247e13034fd6a1ce4de9957$lut for cells of type $lut.
Using template $paramod$lut\WIDTH=32'00000000000000000000000000000011\LUT=8'10101110 for cells of type $lut.
Using template $paramod$lut\WIDTH=32'00000000000000000000000000000011\LUT=8'00000111 for cells of type $lut.
Using template $paramod$lut\WIDTH=32'00000000000000000000000000000011\LUT=8'10001111 for cells of type $lut.
Using template $paramod$1bf3509a544426de1daa8b6919ee1df60c7165ec$lut for cells of type $lut.
Using template $paramod$9d1915f40715c7f715525567f7dfd63744c26c4a$lut for cells of type $lut.
Using template $paramod$c11ee6bbb8d9fd9cf391261624c378fb45e86b84$lut for cells of type $lut.
Using template $paramod$e134ec2a47a2462a591072e65d34fb15b81c90e0$lut for cells of type $lut.
Using template $paramod$86d1a43c2f1d620ff2cef866448dd1258c868fad$lut for cells of type $lut.
Using template $paramod$8512f4fb47fa9596f76cdbe5b407a5b54df368e7$lut for cells of type $lut.
Using template $paramod$b287726797d0722f64e731f1134f7c05af8f1578$lut for cells of type $lut.
Using template $paramod$480273aedff341609bb0d70e79d3d629c4101764$lut for cells of type $lut.
Using template $paramod$eaea85d27cc0950ed001348e061727a194f5cf9c$lut for cells of type $lut.
Using template $paramod$5dc745bb48e2cf535179547ba13f0fe5364d6d54$lut for cells of type $lut.
Using template $paramod$f5ec4e660b100c5c9d09917c60fbef52f2dcb1a7$lut for cells of type $lut.
Using template $paramod$d546db88fc169832512e499a9cdf9a41b89ab74e$lut for cells of type $lut.
Using template $paramod$lut\WIDTH=32'00000000000000000000000000000011\LUT=8'00010011 for cells of type $lut.
Using template $paramod$a50be0e6fa3a01511bb234559cb74fb8bd3e2061$lut for cells of type $lut.
Using template $paramod$f3b603d1450c2c61ce732232fcb5fe1f2884aa83$lut for cells of type $lut.
Using template $paramod$b431bfd938e35871dd0b7668e1503c7e8b9d491c$lut for cells of type $lut.
Using template $paramod$ec6c71d259df49ae0842190ffaff1179e43a8db4$lut for cells of type $lut.
Using template $paramod$lut\WIDTH=32'00000000000000000000000000000011\LUT=8'00001110 for cells of type $lut.
Using template $paramod$a670b08a47dd8a34f954c50cd06e9996d77e8467$lut for cells of type $lut.
Using template $paramod$lut\WIDTH=32'00000000000000000000000000000011\LUT=8'11001000 for cells of type $lut.
Using template $paramod$150ee00bee81b2fcb159e621f4ef27bccb5ede20$lut for cells of type $lut.
Using template $paramod$lut\WIDTH=32'00000000000000000000000000000011\LUT=8'11111110 for cells of type $lut.
Using template $paramod$lut\WIDTH=32'00000000000000000000000000000011\LUT=8'00110010 for cells of type $lut.
Using template $paramod$lut\WIDTH=32'00000000000000000000000000000011\LUT=8'10001010 for cells of type $lut.
Using template $paramod$7aa8140c7d6de3160b21e7ff84e0f93f69f7fcc6$lut for cells of type $lut.
Using template $paramod$lut\WIDTH=32'00000000000000000000000000000011\LUT=8'11101100 for cells of type $lut.
Using template $paramod$a3d9d50a26c80b5c42d9b864ac52f329113a426e$lut for cells of type $lut.
Using template $paramod$lut\WIDTH=32'00000000000000000000000000000011\LUT=8'00001011 for cells of type $lut.
Using template $paramod$b93d1ea7a612a32c185108f67a153d44ffb9aac2$lut for cells of type $lut.
Using template $paramod$b86b68a00733dbecb31d58a14a13683475a2002a$lut for cells of type $lut.
Using template $paramod$526e4703e3f9e5bf75da836fd3d4410dd76747a6$lut for cells of type $lut.
Using template $paramod$3a0a392069bc969f34c65c546a8c56fbbb67e282$lut for cells of type $lut.
Using template $paramod$lut\WIDTH=32'00000000000000000000000000000011\LUT=8'00010101 for cells of type $lut.
Using template $paramod$368ece0cbe0dd8813956f5c0ea41432c34a980c2$lut for cells of type $lut.
Using template $paramod$7ccb46ee9b56c39e0a7d82a185b08cb026e04fbc$lut for cells of type $lut.
Using template $paramod$413d040dcd860cd74ca61a70644516a95d328ae7$lut for cells of type $lut.
Using template $paramod$58bd588a49a6a3b9d057d75f907cb4932e1635f6$lut for cells of type $lut.
Using template $paramod$52acd744af558b1acd7f06b0e1d721506b042b9b$lut for cells of type $lut.
Using template $paramod$4e79aa6839e287ee36e65fa83c13a532a028e9cd$lut for cells of type $lut.
Using template $paramod$25003f26a78bb2f583f23824f1e0b8cc16b88761$lut for cells of type $lut.
Using template $paramod$c24d0e2a94559837d969df5b5aaf84188feaf3d8$lut for cells of type $lut.
Using template $paramod$dbdbcb07b9994e498bb1324e5c006c6aa08a7a37$lut for cells of type $lut.
Using template $paramod$722bfd9af0ae56ca9d1d12a221cb5ede16461f26$lut for cells of type $lut.
Using template $paramod$018d71a0fe325d6362687fe53ac13dd6340e400d$lut for cells of type $lut.
Using template $paramod$d1032742ec04a96120907f1309e2e941c94de9db$lut for cells of type $lut.
Using template $paramod$bc9180cdfcd49ad6f178d338e90551ccba0f90ae$lut for cells of type $lut.
Using template $paramod$252d8d99cbe8f7e2bb8d8358f16e75038191a2fe$lut for cells of type $lut.
Using template $paramod$28ba90bb95963b63750b27cda749dbcd75757c3a$lut for cells of type $lut.
Using template $paramod$5d16e795d6c582b27c818459b159f81a7f4525c4$lut for cells of type $lut.
Using template $paramod$176a6ceafa512d807921d7dfc76320dfbbfb5fe4$lut for cells of type $lut.
Using template $paramod$lut\WIDTH=32'00000000000000000000000000000011\LUT=8'00110001 for cells of type $lut.
Using template $paramod$lut\WIDTH=32'00000000000000000000000000000011\LUT=8'00000110 for cells of type $lut.
Using template $paramod$lut\WIDTH=32'00000000000000000000000000000011\LUT=8'11111011 for cells of type $lut.
Using template $paramod$7d3cbfc289ec00e0691f33de08826f2254fca668$lut for cells of type $lut.
Using template $paramod$lut\WIDTH=32'00000000000000000000000000000011\LUT=8'01101001 for cells of type $lut.
Using template $paramod$2d07c1a6c53c7b878509360922c4fa5ebedc3011$lut for cells of type $lut.
Using template $paramod$38f9bf4dd2329347b8471f0a98443dd323386889$lut for cells of type $lut.
Using template $paramod$b2192df6f90569fea4015d0a6658bdc192199f95$lut for cells of type $lut.
Using template $paramod$432f26b811c14bf54c5e87c8670ec65cbcaf38ac$lut for cells of type $lut.
Using template $paramod$498daa9936ffa1c0b12d774cacc95a35d14b818e$lut for cells of type $lut.
Using template $paramod$lut\WIDTH=32'00000000000000000000000000000011\LUT=8'11110010 for cells of type $lut.
Using template $paramod$lut\WIDTH=32'00000000000000000000000000000011\LUT=8'00011111 for cells of type $lut.
Using template $paramod$ab9e2dbf312b614b00e2956932705316bd566a24$lut for cells of type $lut.
Using template $paramod$fda6887b37f599177ed9cb69271d882b63df7e66$lut for cells of type $lut.
Using template $paramod$219b71aec9a19e7a27754ed85a7d6cdad9e5ec96$lut for cells of type $lut.
Using template $paramod$9891217114ca63a6e9d48073351d843bb1d46faf$lut for cells of type $lut.
Using template $paramod$e0286d7bdebdb6346cb367bb1962e01892ba2e32$lut for cells of type $lut.
Using template $paramod$9a0d9d3ce649df27ccfd856ab8e344acf4c04df9$lut for cells of type $lut.
Using template $paramod$d9f23974f72a3ab437d1a63d2f34fd3483a6f58d$lut for cells of type $lut.
Using template $paramod$b28b4ecbaa07efdcc51c93348ccdc2395f8b41c1$lut for cells of type $lut.
Using template $paramod$5f99aa1a31b4f0c356281a67e16706e1e689d29f$lut for cells of type $lut.
Using template $paramod$66658cbed86a8310f9b7ba1190d35eff90ee749b$lut for cells of type $lut.
Using template $paramod$1816ab9d89d34338423e92baed3cee854d70815a$lut for cells of type $lut.
Using template $paramod$0f19b1c588a47c675d00132b243b5e3308ffab5d$lut for cells of type $lut.
Using template $paramod$18df3812bc12364e5ebcb6c3ed05c0294e4c26fc$lut for cells of type $lut.
Using template $paramod$a4640096cbef09c4ef8613155a589c40164ac034$lut for cells of type $lut.
Using template $paramod$lut\WIDTH=32'00000000000000000000000000000011\LUT=8'11000100 for cells of type $lut.
Using template $paramod$048d747237dc7c0c9b3ac38b28fd102440b9c369$lut for cells of type $lut.
Using template $paramod$2413346fa47cf8a80719d09e44e1141a42fc9c2e$lut for cells of type $lut.
Using template $paramod$4541c098116f7292d10d7d30a0922be20fa68a41$lut for cells of type $lut.
Using template $paramod$4b93446751992cec0d765bfedb279a6617fbda72$lut for cells of type $lut.
Using template $paramod$a1d323730045824cfc84bb9f4ee8031f1c4dcc9e$lut for cells of type $lut.
Using template $paramod$f5c23b297b0a8ca096118d63d2c74ddd6cbea134$lut for cells of type $lut.
Using template $paramod$95405290ab850162780aaf9d904598a9a9ee1d4b$lut for cells of type $lut.
Using template $paramod$3ccc23db184ad4ca7ed34ebe2511de41d5d97e78$lut for cells of type $lut.
Using template $paramod$daac9b1e7bb2ac018f7132a3fbe0026ddd7b1a71$lut for cells of type $lut.
Using template $paramod$5520fff1b44d478966d29525c974ea974e84a0e1$lut for cells of type $lut.
Using template $paramod$4385b611926e5c0509dba4de58311d325da0ff0d$lut for cells of type $lut.
Using template $paramod$9cf83e29ae1c8f8c5630302af14d44e670567a7f$lut for cells of type $lut.
Using template $paramod$286ed3273cbe066b6afe10d043ec3b66405aa78e$lut for cells of type $lut.
Using template $paramod$lut\WIDTH=32'00000000000000000000000000000011\LUT=8'11111101 for cells of type $lut.
Using template $paramod$ea79e410ad0f4fc3326666c891e1f3992816d636$lut for cells of type $lut.
Using template $paramod$1c4dba04c7b1b6f9ae2fbd2ebcdbd37f5c14a3e3$lut for cells of type $lut.
Using template $paramod$8da02996bc6ce025fcc2ce1dafd66f4b38a423f1$lut for cells of type $lut.
Using template $paramod$a03ef989f8f4e1878ce2f5c4e0e3d2dfb54307ef$lut for cells of type $lut.
Using template $paramod$b18f60dfd13c21d3e472b89652353f3f5342b450$lut for cells of type $lut.
Using template $paramod$b68f9800cc1bf69afcfbc0567a25e43ebb01456c$lut for cells of type $lut.
Using template $paramod$53d1295e92eea38a512b9ce693445c7190afdb5d$lut for cells of type $lut.
Using template $paramod$a2fbe7162371720a9cacb366ff4e9708d3a1f291$lut for cells of type $lut.
Using template $paramod$e5e0b3ddfad741c9efef28018ea9d09c68de87c3$lut for cells of type $lut.
Using template $paramod$d21d214a5aa271f2d9da3f90f22432c0ecee130f$lut for cells of type $lut.
Using template $paramod$fa874836ac64420bb7d9c67e99a0912e16a50ef2$lut for cells of type $lut.
Using template $paramod$23c406d3302544ed79a645df17e697e360ff2a8d$lut for cells of type $lut.
Using template $paramod$4cab3b31c601551ff65536bf4f533afa0b2094ee$lut for cells of type $lut.
Using template $paramod$lut\WIDTH=32'00000000000000000000000000000011\LUT=8'01110101 for cells of type $lut.
Using template $paramod$723be7177967d6866729df0ff463a602326a012e$lut for cells of type $lut.
Using template $paramod$9264cd5418c36d754331aa206e64072e8dbf89db$lut for cells of type $lut.
Using template $paramod$2ff5cd5ca89ce05da51e0bcceaeac9dc957228e6$lut for cells of type $lut.
Using template $paramod$292bcc9fbb09931f31d28f3f2a496969096984cb$lut for cells of type $lut.
Using template $paramod$e0bde73e598487237493c8a43ca52c95a3727354$lut for cells of type $lut.
Using template $paramod$ff315d5084ed3c80e34901fe05add0db5feb0b93$lut for cells of type $lut.
Using template $paramod$325e90edf97670f9dea57833ae1f51a5e8bcddea$lut for cells of type $lut.
Using template $paramod$d35161d1d7976dcc02e7c7d51172431be85143b4$lut for cells of type $lut.
Using template $paramod$9e354de8d358bf081aa0c089488ea3bc5b7c2fd9$lut for cells of type $lut.
Using template $paramod$lut\WIDTH=32'00000000000000000000000000000011\LUT=8'00111011 for cells of type $lut.
Using template $paramod$lut\WIDTH=32'00000000000000000000000000000011\LUT=8'00110111 for cells of type $lut.
Using template $paramod$lut\WIDTH=32'00000000000000000000000000000011\LUT=8'11101010 for cells of type $lut.
Using template $paramod$b12c06dcea4e94212d81ae51560e40391ac83400$lut for cells of type $lut.
Using template $paramod$509383819812d331dca6b49338d0f34aecd1e133$lut for cells of type $lut.
Using template $paramod$7d813eb49700f971f2635a434700eafdfa816bc3$lut for cells of type $lut.
Using template $paramod$64b84593fae19d6c4d7d26333a195e5cc6b30160$lut for cells of type $lut.
Using template $paramod$feac1814a13647ff95d85e23385825c648d6c2ee$lut for cells of type $lut.
Using template $paramod$992bdc10cff2c6edd722994f0e1044bc863f79f7$lut for cells of type $lut.
Using template $paramod$bea08a495d16293f8cc454a45845d26cde0762b6$lut for cells of type $lut.
Using template $paramod$1780bd352ec1af971e2f8a4e64b861091a94595b$lut for cells of type $lut.
Using template $paramod$b33d93970f22483a5f9c7de8e357c06241c9728e$lut for cells of type $lut.
Using template $paramod$f5f41ee5d60dede31a2b59f58ec46b167939d713$lut for cells of type $lut.
Using template $paramod$7f8dcbbcc0931c3398304053d9bb53ce1acb1b1f$lut for cells of type $lut.
Using template $paramod$47b2f5a9f58cb4be072657772748a1ab82d6819a$lut for cells of type $lut.
Using template $paramod$23da582b86241546eace0c8bedadb42614eea4c1$lut for cells of type $lut.
Using template $paramod$a8f554bb04e997796534a7dd766c8bb82563c4d4$lut for cells of type $lut.
Using template $paramod$lut\WIDTH=32'00000000000000000000000000000011\LUT=8'11011100 for cells of type $lut.
Using template $paramod$e6b62369302e1a57b32042fd2a7836dbed452325$lut for cells of type $lut.
Using template $paramod$f41ad5097d9f0f76cacde91c023873087e38be33$lut for cells of type $lut.
Using template $paramod$e4f8d81c24db5be4d13730546a4ee5ffc8be826a$lut for cells of type $lut.
Using template $paramod$lut\WIDTH=32'00000000000000000000000000000011\LUT=8'01010010 for cells of type $lut.
Using template $paramod$lut\WIDTH=32'00000000000000000000000000000011\LUT=8'10111111 for cells of type $lut.
Using template $paramod$lut\WIDTH=32'00000000000000000000000000000011\LUT=8'11001110 for cells of type $lut.
Using template $paramod$e0cf532d3d0f888b696f053ed709f92544222805$lut for cells of type $lut.
Using template $paramod$baa939b0bd5b3e0c8760492528669bd58f640542$lut for cells of type $lut.
Using template $paramod$lut\WIDTH=32'00000000000000000000000000000011\LUT=8'11010000 for cells of type $lut.
Using template $paramod$9e559a80758d8b47da6bb5b469e853be80516629$lut for cells of type $lut.
Using template $paramod$b4f15f202f50520dbc381cd0880ac94f830f05a8$lut for cells of type $lut.
Using template $paramod$f81ecf3eb88491df8fecf1e071b57debc429282a$lut for cells of type $lut.
Using template $paramod$b40538ebce5480aff97465938984396ed954b4e5$lut for cells of type $lut.
Using template $paramod$lut\WIDTH=32'00000000000000000000000000000011\LUT=8'00100011 for cells of type $lut.
Using template $paramod$e9c77024ca501b890c641f9c0b10e27242db8730$lut for cells of type $lut.
Using template $paramod$25696d6b21c8ac3da9913114964545779e21cfa5$lut for cells of type $lut.
Using template $paramod$6b7c9c56fc2a32a479d463d5f3b0d3f4673b67f1$lut for cells of type $lut.
Using template $paramod$8fd8efe0a495790cc9ddc97266933ea8a8cd7b45$lut for cells of type $lut.
Using template $paramod$119af179f96b7067b572b52aeabad7e5df7062b8$lut for cells of type $lut.
Using template $paramod$64669a7e87c28e39425dffff48145545533b4971$lut for cells of type $lut.
Using template $paramod$lut\WIDTH=32'00000000000000000000000000000011\LUT=8'01010011 for cells of type $lut.
Using template $paramod$2ea69c779d6c1b79ac5a87b0d1523c67d5628dba$lut for cells of type $lut.
Using template $paramod$20e9f4e7bcc74bf9939ab3af7dfd12864bf7d0ff$lut for cells of type $lut.
Using template $paramod$lut\WIDTH=32'00000000000000000000000000000011\LUT=8'01101100 for cells of type $lut.
Using template $paramod$c35ad3063d5038410210ddc72c1fd5fed46413b4$lut for cells of type $lut.
Using template $paramod$22b583baaf1c06bace285d55a1fce13b27d2a529$lut for cells of type $lut.
Using template $paramod$cf52221ef2d451442dd7d72d5c8ad598e89310e9$lut for cells of type $lut.
Using template $paramod$979c14d8d4c23e2c6576f7cb9e6f640bbc3eeaf6$lut for cells of type $lut.
Using template $paramod$5badc8ca96de1b551f459a4d2ca5dede8edf58ca$lut for cells of type $lut.
Using template $paramod$9a79c3432028e5f1d7c480c0b9d7b4837eb2bc95$lut for cells of type $lut.
Using template $paramod$d646cd5cb36fb1f9dd2b06f584b3b88b2dec1d24$lut for cells of type $lut.
Using template $paramod$ac0fa5d7a90a8bbe2427a08d007dd31ff56eaf3f$lut for cells of type $lut.
Using template $paramod$f258f431a7c2fc52205873e71cd6683fdc689824$lut for cells of type $lut.
Using template $paramod$0e0870bf79131706bf05dca665a87ceb3317ed10$lut for cells of type $lut.
Using template $paramod$211e8382dad75ccbcbc33c4234d03a77d9ed74f1$lut for cells of type $lut.
Using template $paramod$94ac66a11090dca84889e55fcf03297912a5b7ec$lut for cells of type $lut.
Using template $paramod$47b1691cce9d3422c6243f646236643e13e69f0c$lut for cells of type $lut.
Using template $paramod$cdc5bba2585477f1744fd1f869bebc8beb23d707$lut for cells of type $lut.
Using template $paramod$3fd3cd243a8b2f71b0ffe04bdaebf6ad83bcc78e$lut for cells of type $lut.
Using template $paramod$3548f6e93628807ae6cc989ec88fe8ae640cb47a$lut for cells of type $lut.
Using template $paramod$5e27b944082fd8a7cce15aadbe1382d5535f275b$lut for cells of type $lut.
Using template $paramod$0331e023d83b8009e60defb446ce9fa640b122c7$lut for cells of type $lut.
Using template $paramod$ba7b4568c306470a7f204c239212739869e234a1$lut for cells of type $lut.
Using template $paramod$lut\WIDTH=32'00000000000000000000000000000011\LUT=8'01100000 for cells of type $lut.
Using template $paramod$59f2a3e232df3029c8bc36978b9bbe72a71dfb5a$lut for cells of type $lut.
Using template $paramod$dc8eb389b2fc3ec6a78d93ff9b548b7fd27b6950$lut for cells of type $lut.
Using template $paramod$4b2297966ddb718657b80566604f97685ffc0120$lut for cells of type $lut.
Using template $paramod$4834046533425f54583d6bd31e49deb63455e1a5$lut for cells of type $lut.
Using template $paramod$3bd67bc7f88e9d6e493163d4a469370103f69341$lut for cells of type $lut.
Using template $paramod$5a3b726670ce434c27ab6d39e16edfbe9baa03b2$lut for cells of type $lut.
Using template $paramod$8c11a155773d2e4aba9b1022fc059160b55313e8$lut for cells of type $lut.
Using template $paramod$lut\WIDTH=32'00000000000000000000000000000011\LUT=8'00101110 for cells of type $lut.
Using template $paramod$6c51c1ba6c39f0c09b896d52432b366f116bd3c1$lut for cells of type $lut.
Using template $paramod$5c7d886f3b88971ac55fed4bca034a87bf180f7d$lut for cells of type $lut.
Using template $paramod$5dd0a747ca3c1c3f3fa5939c11607b40c5c78b01$lut for cells of type $lut.
Using template $paramod$9493214fe8bc3f1878c04531dcecabb93d5e0ce9$lut for cells of type $lut.
Using template $paramod$8f7210088a40da1859d27e900c288fd298d68bed$lut for cells of type $lut.
Using template $paramod$6ffaa13445c33f3193b27ae6b9f5de8e6953d01b$lut for cells of type $lut.
Using template $paramod$3cd7ba4e37ac845a21f7d679f20c35087949289b$lut for cells of type $lut.
Using template $paramod$ca909b188bb85718c979e1dc126edd8092b431b1$lut for cells of type $lut.
Using template $paramod$aef10123829eaafb02498459a742fc3907f4dd74$lut for cells of type $lut.
Using template $paramod$32ccf65669c41e1e3bce1f16051f6d60ad96a2a0$lut for cells of type $lut.
Using template $paramod$c71ed138d834112b80a85f4478e2e21f72e5c48b$lut for cells of type $lut.
No more expansions possible.
<suppressed ~9125 debug messages>
Removed 0 unused cells and 8864 unused wires.

7.53. Executing AUTONAME pass.
Renamed 10108 objects in module icebreaker (1069 iterations).
<suppressed ~10108 debug messages>

7.54. Executing HIERARCHY pass (managing design hierarchy).
Attribute `top' found on module `icebreaker'. Setting top module to icebreaker.

7.54.1. Analyzing design hierarchy..
Top module:  \icebreaker

7.54.2. Analyzing design hierarchy..
Top module:  \icebreaker
Removed 0 unused modules.

7.55. Printing statistics.

=== icebreaker ===

        +----------Local Count, excluding submodules.
        | 
     4338 wires
    11687 wire bits
     4338 public wires
    11687 public wire bits
       24 ports
       24 port bits
       32 cells
       12   $scopeinfo
        4   SB_IO
        4   SB_MAC16
        8   SB_RAM40_4K
        4   SB_SPRAM256KA
     6265 submodules
      806   SB_CARRY
      246   SB_DFF
      436   SB_DFFE
      359   SB_DFFESR
      195   SB_DFFESS
        4   SB_DFFN
      267   SB_DFFSR
        4   SB_DFFSS
     3948   SB_LUT4

=== design hierarchy ===

        +----------Count including submodules.
        | 
       32 icebreaker

        +----------Count including submodules.
        | 
     4338 wires
    11687 wire bits
     4338 public wires
    11687 public wire bits
       24 ports
       24 port bits
        - memories
        - memory bits
        - processes
       32 cells
       12   $scopeinfo
        4   SB_IO
        4   SB_MAC16
        8   SB_RAM40_4K
        4   SB_SPRAM256KA
     6265 submodules
      806   SB_CARRY
      246   SB_DFF
      436   SB_DFFE
      359   SB_DFFESR
      195   SB_DFFESS
        4   SB_DFFN
      267   SB_DFFSR
        4   SB_DFFSS
     3948   SB_LUT4

7.56. Executing CHECK pass (checking for obvious problems).
Checking module icebreaker...
Found and reported 0 problems.

7.57. Executing JSON backend.

End of script. Logfile hash: f7e715be7d, CPU: user 7.90s system 0.11s, MEM: 378.09 MB peak
Yosys 0.63+97 (git sha1 1111a401f, clang++ 18.1.8 -fPIC -O3)
Time spent: 24% 1x autoname (2 sec), 23% 1x abc9_exe (2 sec), ...
