
 /----------------------------------------------------------------------------\
 |  yosys -- Yosys Open SYnthesis Suite                                       |
 |  Copyright (C) 2012 - 2026  Claire Xenia Wolf <claire@yosyshq.com>         |
 |  Distributed under an ISC-like license, type "license" to see terms        |
 \----------------------------------------------------------------------------/
 Yosys 0.63+97 (git sha1 1111a401f, clang++ 18.1.8 -fPIC -O3)

-- Parsing `icebreaker.v' using frontend ` -vlog2k' --

1. Executing Verilog-2005 frontend: icebreaker.v
Parsing Verilog input from `icebreaker.v' to AST representation.
Storing AST representation for module `$abstract\icebreaker'.
Storing AST representation for module `$abstract\seven_seg_ctrl'.
Storing AST representation for module `$abstract\seven_seg_hex'.
Successfully finished Verilog frontend.

-- Parsing `ice40up5k_spram.v' using frontend ` -vlog2k' --

2. Executing Verilog-2005 frontend: ice40up5k_spram.v
Parsing Verilog input from `ice40up5k_spram.v' to AST representation.
Storing AST representation for module `$abstract\ice40up5k_spram'.
Successfully finished Verilog frontend.

-- Parsing `spimemio.v' using frontend ` -vlog2k' --

3. Executing Verilog-2005 frontend: spimemio.v
Parsing Verilog input from `spimemio.v' to AST representation.
Storing AST representation for module `$abstract\spimemio'.
Storing AST representation for module `$abstract\spimemio_xfer'.
Successfully finished Verilog frontend.

-- Parsing `simpleuart.v' using frontend ` -vlog2k' --

4. Executing Verilog-2005 frontend: simpleuart.v
Parsing Verilog input from `simpleuart.v' to AST representation.
Storing AST representation for module `$abstract\simpleuart'.
Successfully finished Verilog frontend.

-- Parsing `picosoc.v' using frontend ` -vlog2k' --

5. Executing Verilog-2005 frontend: picosoc.v
Parsing Verilog input from `picosoc.v' to AST representation.
Storing AST representation for module `$abstract\picosoc'.
Storing AST representation for module `$abstract\spimem_cache_forward'.
Storing AST representation for module `$abstract\spimem_cache_direct_mapped'.
Storing AST representation for module `$abstract\spimem_cache_fifo'.
Storing AST representation for module `$abstract\picosoc_regs'.
Storing AST representation for module `$abstract\picosoc_mem'.
Successfully finished Verilog frontend.

-- Parsing `../picorv32.v' using frontend ` -vlog2k' --

6. Executing Verilog-2005 frontend: ../picorv32.v
Parsing Verilog input from `../picorv32.v' to AST representation.
Storing AST representation for module `$abstract\picorv32'.
Storing AST representation for module `$abstract\picorv32_regs'.
Storing AST representation for module `$abstract\picorv32_pcpi_mul'.
Storing AST representation for module `$abstract\picorv32_pcpi_fast_mul'.
Storing AST representation for module `$abstract\picorv32_pcpi_div'.
Storing AST representation for module `$abstract\picorv32_axi'.
Storing AST representation for module `$abstract\picorv32_axi_adapter'.
Storing AST representation for module `$abstract\picorv32_wb'.
Successfully finished Verilog frontend.

-- Running command `synth_ice40 -dsp -top icebreaker -json icebreaker.json' --

7. Executing SYNTH_ICE40 pass.

7.1. Executing Verilog-2005 frontend: /homes/cl2033/oss-cad-suite/lib/../share/yosys/ice40/cells_sim.v
Parsing Verilog input from `/homes/cl2033/oss-cad-suite/lib/../share/yosys/ice40/cells_sim.v' to AST representation.
Generating RTLIL representation for module `\SB_IO'.
Generating RTLIL representation for module `\SB_GB_IO'.
Generating RTLIL representation for module `\SB_GB'.
Generating RTLIL representation for module `\SB_LUT4'.
Generating RTLIL representation for module `\SB_CARRY'.
Generating RTLIL representation for module `\SB_DFF'.
Generating RTLIL representation for module `\SB_DFFE'.
Generating RTLIL representation for module `\SB_DFFSR'.
Generating RTLIL representation for module `\SB_DFFR'.
Generating RTLIL representation for module `\SB_DFFSS'.
Generating RTLIL representation for module `\SB_DFFS'.
Generating RTLIL representation for module `\SB_DFFESR'.
Generating RTLIL representation for module `\SB_DFFER'.
Generating RTLIL representation for module `\SB_DFFESS'.
Generating RTLIL representation for module `\SB_DFFES'.
Generating RTLIL representation for module `\SB_DFFN'.
Generating RTLIL representation for module `\SB_DFFNE'.
Generating RTLIL representation for module `\SB_DFFNSR'.
Generating RTLIL representation for module `\SB_DFFNR'.
Generating RTLIL representation for module `\SB_DFFNSS'.
Generating RTLIL representation for module `\SB_DFFNS'.
Generating RTLIL representation for module `\SB_DFFNESR'.
Generating RTLIL representation for module `\SB_DFFNER'.
Generating RTLIL representation for module `\SB_DFFNESS'.
Generating RTLIL representation for module `\SB_DFFNES'.
Generating RTLIL representation for module `\SB_RAM40_4K'.
Generating RTLIL representation for module `\SB_RAM40_4KNR'.
Generating RTLIL representation for module `\SB_RAM40_4KNW'.
Generating RTLIL representation for module `\SB_RAM40_4KNRNW'.
Generating RTLIL representation for module `\ICESTORM_LC'.
Generating RTLIL representation for module `\SB_PLL40_CORE'.
Generating RTLIL representation for module `\SB_PLL40_PAD'.
Generating RTLIL representation for module `\SB_PLL40_2_PAD'.
Generating RTLIL representation for module `\SB_PLL40_2F_CORE'.
Generating RTLIL representation for module `\SB_PLL40_2F_PAD'.
Generating RTLIL representation for module `\SB_WARMBOOT'.
Generating RTLIL representation for module `\SB_SPRAM256KA'.
Generating RTLIL representation for module `\SB_HFOSC'.
Generating RTLIL representation for module `\SB_LFOSC'.
Generating RTLIL representation for module `\SB_RGBA_DRV'.
Generating RTLIL representation for module `\SB_LED_DRV_CUR'.
Generating RTLIL representation for module `\SB_RGB_DRV'.
Generating RTLIL representation for module `\SB_I2C'.
Generating RTLIL representation for module `\SB_SPI'.
Generating RTLIL representation for module `\SB_LEDDA_IP'.
Generating RTLIL representation for module `\SB_FILTER_50NS'.
Generating RTLIL representation for module `\SB_IO_I3C'.
Generating RTLIL representation for module `\SB_IO_OD'.
Generating RTLIL representation for module `\SB_MAC16'.
Generating RTLIL representation for module `\ICESTORM_RAM'.
Successfully finished Verilog frontend.

7.2. Executing HIERARCHY pass (managing design hierarchy).

7.3. Executing AST frontend in derive mode using pre-parsed AST for module `\icebreaker'.
Generating RTLIL representation for module `\icebreaker'.

7.3.1. Analyzing design hierarchy..
Top module:  \icebreaker
Parameter \BARREL_SHIFTER = 0
Parameter \ENABLE_MUL = 0
Parameter \ENABLE_DIV = 0
Parameter \ENABLE_FAST_MUL = 1
Parameter \MEM_WORDS = 32768

7.3.2. Executing AST frontend in derive mode using pre-parsed AST for module `\picosoc'.
Parameter \BARREL_SHIFTER = 0
Parameter \ENABLE_MUL = 0
Parameter \ENABLE_DIV = 0
Parameter \ENABLE_FAST_MUL = 1
Parameter \MEM_WORDS = 32768
Generating RTLIL representation for module `$paramod$f03d4e23a3a44173f9a2edec4a46578428035902\picosoc'.

7.3.3. Executing AST frontend in derive mode using pre-parsed AST for module `\seven_seg_ctrl'.
Generating RTLIL representation for module `\seven_seg_ctrl'.

7.3.4. Analyzing design hierarchy..
Top module:  \icebreaker
Used module:     $paramod$f03d4e23a3a44173f9a2edec4a46578428035902\picosoc
Used module:     \seven_seg_ctrl

7.3.5. Executing AST frontend in derive mode using pre-parsed AST for module `\seven_seg_hex'.
Generating RTLIL representation for module `\seven_seg_hex'.
Parameter \WORDS = 32768

7.3.6. Executing AST frontend in derive mode using pre-parsed AST for module `\ice40up5k_spram'.
Parameter \WORDS = 32768
Generating RTLIL representation for module `$paramod\ice40up5k_spram\WORDS=s32'00000000000000001000000000000000'.

7.3.7. Executing AST frontend in derive mode using pre-parsed AST for module `\simpleuart'.
Generating RTLIL representation for module `\simpleuart'.

7.3.8. Executing AST frontend in derive mode using pre-parsed AST for module `\spimemio'.
Generating RTLIL representation for module `\spimemio'.

7.3.9. Executing AST frontend in derive mode using pre-parsed AST for module `\spimem_cache_fifo'.
Generating RTLIL representation for module `\spimem_cache_fifo'.
Parameter \ENABLE_COUNTERS = 1'1
Parameter \BARREL_SHIFTER = 1'0
Parameter \COMPRESSED_ISA = 1'0
Parameter \ENABLE_MUL = 1'0
Parameter \ENABLE_FAST_MUL = 1'1
Parameter \ENABLE_DIV = 1'0
Parameter \ENABLE_IRQ = 1
Parameter \ENABLE_IRQ_QREGS = 1'0
Parameter \PROGADDR_RESET = 1048576
Parameter \PROGADDR_IRQ = 0
Parameter \STACKADDR = 131072

7.3.10. Executing AST frontend in derive mode using pre-parsed AST for module `\picorv32'.
Parameter \ENABLE_COUNTERS = 1'1
Parameter \BARREL_SHIFTER = 1'0
Parameter \COMPRESSED_ISA = 1'0
Parameter \ENABLE_MUL = 1'0
Parameter \ENABLE_FAST_MUL = 1'1
Parameter \ENABLE_DIV = 1'0
Parameter \ENABLE_IRQ = 1
Parameter \ENABLE_IRQ_QREGS = 1'0
Parameter \PROGADDR_RESET = 1048576
Parameter \PROGADDR_IRQ = 0
Parameter \STACKADDR = 131072
Generating RTLIL representation for module `$paramod$d10354c6a96dde45072006c7ddf03c042761ad93\picorv32'.

7.3.11. Analyzing design hierarchy..
Top module:  \icebreaker
Used module:     $paramod$f03d4e23a3a44173f9a2edec4a46578428035902\picosoc
Used module:         $paramod\ice40up5k_spram\WORDS=s32'00000000000000001000000000000000
Used module:         \simpleuart
Used module:         \spimemio
Used module:         \spimem_cache_fifo
Used module:         $paramod$d10354c6a96dde45072006c7ddf03c042761ad93\picorv32
Used module:     \seven_seg_ctrl
Used module:         \seven_seg_hex

7.3.12. Executing AST frontend in derive mode using pre-parsed AST for module `\spimemio_xfer'.
Generating RTLIL representation for module `\spimemio_xfer'.

7.3.13. Executing AST frontend in derive mode using pre-parsed AST for module `\picorv32_pcpi_fast_mul'.
Generating RTLIL representation for module `\picorv32_pcpi_fast_mul'.

7.3.14. Executing AST frontend in derive mode using pre-parsed AST for module `\picosoc_regs'.
Generating RTLIL representation for module `\picosoc_regs'.

7.3.15. Analyzing design hierarchy..
Top module:  \icebreaker
Used module:     $paramod$f03d4e23a3a44173f9a2edec4a46578428035902\picosoc
Used module:         $paramod\ice40up5k_spram\WORDS=s32'00000000000000001000000000000000
Used module:         \simpleuart
Used module:         \spimemio
Used module:             \spimemio_xfer
Used module:         \spimem_cache_fifo
Used module:         $paramod$d10354c6a96dde45072006c7ddf03c042761ad93\picorv32
Used module:             \picorv32_pcpi_fast_mul
Used module:             \picosoc_regs
Used module:     \seven_seg_ctrl
Used module:         \seven_seg_hex

7.3.16. Analyzing design hierarchy..
Top module:  \icebreaker
Used module:     $paramod$f03d4e23a3a44173f9a2edec4a46578428035902\picosoc
Used module:         $paramod\ice40up5k_spram\WORDS=s32'00000000000000001000000000000000
Used module:         \simpleuart
Used module:         \spimemio
Used module:             \spimemio_xfer
Used module:         \spimem_cache_fifo
Used module:         $paramod$d10354c6a96dde45072006c7ddf03c042761ad93\picorv32
Used module:             \picorv32_pcpi_fast_mul
Used module:             \picosoc_regs
Used module:     \seven_seg_ctrl
Used module:         \seven_seg_hex
Removing unused module `$abstract\picorv32_wb'.
Removing unused module `$abstract\picorv32_axi_adapter'.
Removing unused module `$abstract\picorv32_axi'.
Removing unused module `$abstract\picorv32_pcpi_div'.
Removing unused module `$abstract\picorv32_pcpi_fast_mul'.
Removing unused module `$abstract\picorv32_pcpi_mul'.
Removing unused module `$abstract\picorv32_regs'.
Removing unused module `$abstract\picorv32'.
Removing unused module `$abstract\picosoc_mem'.
Removing unused module `$abstract\picosoc_regs'.
Removing unused module `$abstract\spimem_cache_fifo'.
Removing unused module `$abstract\spimem_cache_direct_mapped'.
Removing unused module `$abstract\spimem_cache_forward'.
Removing unused module `$abstract\picosoc'.
Removing unused module `$abstract\simpleuart'.
Removing unused module `$abstract\spimemio_xfer'.
Removing unused module `$abstract\spimemio'.
Removing unused module `$abstract\ice40up5k_spram'.
Removing unused module `$abstract\seven_seg_hex'.
Removing unused module `$abstract\seven_seg_ctrl'.
Removing unused module `$abstract\icebreaker'.
Removed 21 unused modules.

7.4. Executing PROC pass (convert processes to netlists).

7.4.1. Executing PROC_CLEAN pass (remove empty switches from decision trees).
Found and cleaned up 16 empty switches in `$paramod$d10354c6a96dde45072006c7ddf03c042761ad93\picorv32.$proc$../picorv32.v:1402$1166'.
Found and cleaned up 1 empty switch in `$paramod$d10354c6a96dde45072006c7ddf03c042761ad93\picorv32.$proc$../picorv32.v:1387$1152'.
Found and cleaned up 6 empty switches in `$paramod$d10354c6a96dde45072006c7ddf03c042761ad93\picorv32.$proc$../picorv32.v:546$795'.
Removing empty process `$paramod$d10354c6a96dde45072006c7ddf03c042761ad93\picorv32.$proc$../picorv32.v:546$795'.
Cleaned up 23 empty switches.

7.4.2. Executing PROC_RMDEAD pass (remove dead branches from decision trees).
Marked 1 switch rules as full_case in process $proc$picosoc.v:494$1429 in module picosoc_regs.
Marked 3 switch rules as full_case in process $proc$../picorv32.v:2378$1422 in module picorv32_pcpi_fast_mul.
Marked 2 switch rules as full_case in process $proc$../picorv32.v:2348$1415 in module picorv32_pcpi_fast_mul.
Marked 2 switch rules as full_case in process $proc$spimemio.v:535$1391 in module spimemio_xfer.
Marked 5 switch rules as full_case in process $proc$spimemio.v:447$1367 in module spimemio_xfer.
Marked 41 switch rules as full_case in process $proc$../picorv32.v:1402$1166 in module $paramod$d10354c6a96dde45072006c7ddf03c042761ad93\picorv32.
Marked 2 switch rules as full_case in process $proc$../picorv32.v:1309$1138 in module $paramod$d10354c6a96dde45072006c7ddf03c042761ad93\picorv32.
Marked 2 switch rules as full_case in process $proc$../picorv32.v:1295$1133 in module $paramod$d10354c6a96dde45072006c7ddf03c042761ad93\picorv32.
Marked 8 switch rules as full_case in process $proc$../picorv32.v:1186$1098 in module $paramod$d10354c6a96dde45072006c7ddf03c042761ad93\picorv32.
Marked 3 switch rules as full_case in process $proc$../picorv32.v:858$835 in module $paramod$d10354c6a96dde45072006c7ddf03c042761ad93\picorv32.
Marked 3 switch rules as full_case in process $proc$../picorv32.v:809$833 in module $paramod$d10354c6a96dde45072006c7ddf03c042761ad93\picorv32.
Marked 2 switch rules as full_case in process $proc$../picorv32.v:778$829 in module $paramod$d10354c6a96dde45072006c7ddf03c042761ad93\picorv32.
Marked 48 switch rules as full_case in process $proc$../picorv32.v:701$828 in module $paramod$d10354c6a96dde45072006c7ddf03c042761ad93\picorv32.
Marked 4 switch rules as full_case in process $proc$../picorv32.v:565$804 in module $paramod$d10354c6a96dde45072006c7ddf03c042761ad93\picorv32.
Marked 1 switch rules as full_case in process $proc$../picorv32.v:430$766 in module $paramod$d10354c6a96dde45072006c7ddf03c042761ad93\picorv32.
Removed 2 dead cases from process $proc$../picorv32.v:401$763 in module $paramod$d10354c6a96dde45072006c7ddf03c042761ad93\picorv32.
Marked 2 switch rules as full_case in process $proc$../picorv32.v:401$763 in module $paramod$d10354c6a96dde45072006c7ddf03c042761ad93\picorv32.
Marked 1 switch rules as full_case in process $proc$../picorv32.v:390$758 in module $paramod$d10354c6a96dde45072006c7ddf03c042761ad93\picorv32.
Marked 1 switch rules as full_case in process $proc$../picorv32.v:325$684 in module $paramod$d10354c6a96dde45072006c7ddf03c042761ad93\picorv32.
Marked 4 switch rules as full_case in process $proc$picosoc.v:449$608 in module spimem_cache_fifo.
Marked 8 switch rules as full_case in process $proc$picosoc.v:431$561 in module spimem_cache_fifo.
Marked 3 switch rules as full_case in process $proc$spimemio.v:207$529 in module spimemio.
Marked 1 switch rules as full_case in process $proc$spimemio.v:99$507 in module spimemio.
Marked 3 switch rules as full_case in process $proc$simpleuart.v:109$487 in module simpleuart.
Marked 2 switch rules as full_case in process $proc$simpleuart.v:66$478 in module simpleuart.
Marked 1 switch rules as full_case in process $proc$simpleuart.v:55$476 in module simpleuart.
Removed 1 dead cases from process $proc$icebreaker.v:218$465 in module seven_seg_hex.
Marked 1 switch rules as full_case in process $proc$icebreaker.v:218$465 in module seven_seg_hex.
Marked 1 switch rules as full_case in process $proc$icebreaker.v:196$456 in module seven_seg_ctrl.
Marked 1 switch rules as full_case in process $proc$icebreaker.v:108$392 in module icebreaker.
Removed a total of 3 dead cases.

7.4.3. Executing PROC_PRUNE pass (remove redundant assignments in processes).
Removed 9 redundant assignments.
Promoted 121 assignments to connections.

7.4.4. Executing PROC_INIT pass (extract init attributes).
Found init rule in `\seven_seg_ctrl.$proc$icebreaker.v:194$464'.
  Set init value: \msb_not_lsb = 1'0
Found init rule in `\seven_seg_ctrl.$proc$icebreaker.v:193$463'.
  Set init value: \clkdiv_pulse = 1'0
Found init rule in `\seven_seg_ctrl.$proc$icebreaker.v:192$462'.
  Set init value: \clkdiv = 10'0000000000
Found init rule in `\icebreaker.$proc$icebreaker.v:52$398'.
  Set init value: \reset_cnt = 6'000000

7.4.5. Executing PROC_ARST pass (detect async resets in processes).

7.4.6. Executing PROC_ROM pass (convert switches to ROMs).
Converted 1 switch.
<suppressed ~282 debug messages>

7.4.7. Executing PROC_MUX pass (convert decision trees to multiplexers).
Creating decoders for process `\picosoc_regs.$proc$picosoc.v:494$1429'.
     1/3: $1$memwr$\regs$picosoc.v:495$1428_EN[31:0]$1435
     2/3: $1$memwr$\regs$picosoc.v:495$1428_DATA[31:0]$1434
     3/3: $1$memwr$\regs$picosoc.v:495$1428_ADDR[4:0]$1433
Creating decoders for process `\picorv32_pcpi_fast_mul.$proc$../picorv32.v:2378$1422'.
     1/4: $0\active[3:0] [3:1]
     2/4: $0\active[3:0] [0]
     3/4: $0\rs2[32:0]
     4/4: $0\rs1[32:0]
Creating decoders for process `\picorv32_pcpi_fast_mul.$proc$../picorv32.v:2364$1417'.
     1/4: $0\rd_q[63:0]
     2/4: $0\rd[63:0]
     3/4: $0\rs2_q[32:0]
     4/4: $0\rs1_q[32:0]
Creating decoders for process `\picorv32_pcpi_fast_mul.$proc$../picorv32.v:2348$1415'.
     1/8: $2\instr_mul[0:0]
     2/8: $2\instr_mulhu[0:0]
     3/8: $2\instr_mulhsu[0:0]
     4/8: $2\instr_mulh[0:0]
     5/8: $1\instr_mulhu[0:0]
     6/8: $1\instr_mulhsu[0:0]
     7/8: $1\instr_mulh[0:0]
     8/8: $1\instr_mul[0:0]
Creating decoders for process `\spimemio_xfer.$proc$spimemio.v:535$1391'.
     1/14: $0\last_fetch[0:0]
     2/14: $0\fetch[0:0]
     3/14: $0\xfer_tag[3:0]
     4/14: $0\xfer_rd[0:0]
     5/14: $0\xfer_qspi[0:0]
     6/14: $0\xfer_cont[0:0]
     7/14: $0\dummy_count[3:0]
     8/14: $0\count[3:0]
     9/14: $0\ibuffer[7:0]
    10/14: $0\obuffer[7:0]
    11/14: $0\xfer_ddr[0:0]
    12/14: $0\xfer_dspi[0:0]
    13/14: $0\flash_clk[0:0]
    14/14: $0\flash_csb[0:0]
Creating decoders for process `\spimemio_xfer.$proc$spimemio.v:447$1367'.
     1/33: $5\next_count[3:0]
     2/33: $5\next_obuffer[7:0]
     3/33: $5\next_ibuffer[7:0]
     4/33: $4\next_count[3:0]
     5/33: $4\next_obuffer[7:0]
     6/33: $4\next_ibuffer[7:0]
     7/33: $3\next_count[3:0]
     8/33: $3\next_obuffer[7:0]
     9/33: $3\next_ibuffer[7:0]
    10/33: $2\next_fetch[0:0]
    11/33: $2\next_count[3:0]
    12/33: $2\next_ibuffer[7:0]
    13/33: $2\next_obuffer[7:0]
    14/33: $2\flash_io0_do[0:0]
    15/33: $2\flash_io0_oe[0:0]
    16/33: $2\flash_io3_do[0:0]
    17/33: $2\flash_io3_oe[0:0]
    18/33: $2\flash_io2_do[0:0]
    19/33: $2\flash_io2_oe[0:0]
    20/33: $2\flash_io1_do[0:0]
    21/33: $2\flash_io1_oe[0:0]
    22/33: $1\next_fetch[0:0]
    23/33: $1\next_count[3:0]
    24/33: $1\next_ibuffer[7:0]
    25/33: $1\next_obuffer[7:0]
    26/33: $1\flash_io3_do[0:0]
    27/33: $1\flash_io3_oe[0:0]
    28/33: $1\flash_io2_do[0:0]
    29/33: $1\flash_io2_oe[0:0]
    30/33: $1\flash_io1_do[0:0]
    31/33: $1\flash_io1_oe[0:0]
    32/33: $1\flash_io0_do[0:0]
    33/33: $1\flash_io0_oe[0:0]
Creating decoders for process `\spimemio_xfer.$proc$spimemio.v:436$1358'.
Creating decoders for process `$paramod$d10354c6a96dde45072006c7ddf03c042761ad93\picorv32.$proc$../picorv32.v:1402$1166'.
     1/86: $23\next_irq_pending[2:2]
     2/86: $22\next_irq_pending[2:2]
     3/86: $21\next_irq_pending[2:2]
     4/86: $20\next_irq_pending[2:2]
     5/86: $19\next_irq_pending[2:2]
     6/86: $18\next_irq_pending[2:2]
     7/86: $17\next_irq_pending[2:2]
     8/86: $16\next_irq_pending[0:0]
     9/86: $15\next_irq_pending[0:0]
    10/86: $14\next_irq_pending[31:0] [0]
    11/86: $14\next_irq_pending[31:0] [31:1]
    12/86: $2\next_irq_pending[31:0] [31:2]
    13/86: $3\set_mem_do_rdata[0:0]
    14/86: $2\next_irq_pending[31:0] [1]
    15/86: $3\set_mem_do_wdata[0:0]
    16/86: $2\next_irq_pending[31:0] [0]
    17/86: $4\set_mem_do_rinst[0:0]
    18/86: $3\set_mem_do_rinst[0:0]
    19/86: $4\set_mem_do_wdata[0:0]
    20/86: $12\next_irq_pending[1:1]
    21/86: $11\next_irq_pending[1:1]
    22/86: $10\next_irq_pending[1:1]
    23/86: $4\set_mem_do_rdata[0:0]
    24/86: $8\next_irq_pending[1:1]
    25/86: $7\next_irq_pending[1:1]
    26/86: $6\next_irq_pending[1:1]
    27/86: $5\next_irq_pending[1:1]
    28/86: $4\next_irq_pending[1:1]
    29/86: $13\next_irq_pending[1:1]
    30/86: $5\set_mem_do_rinst[0:0]
    31/86: $9\next_irq_pending[1:1]
    32/86: $3\next_irq_pending[31:0]
    33/86: $3\current_pc[31:0]
    34/86: $2\current_pc[31:0]
    35/86: $2\set_mem_do_wdata[0:0]
    36/86: $2\set_mem_do_rdata[0:0]
    37/86: $2\set_mem_do_rinst[0:0]
    38/86: $1\next_irq_pending[31:0]
    39/86: $1\current_pc[31:0]
    40/86: $1\set_mem_do_wdata[0:0]
    41/86: $1\set_mem_do_rdata[0:0]
    42/86: $1\set_mem_do_rinst[0:0]
    43/86: $0\trace_data[35:0]
    44/86: $0\count_cycle[63:0]
    45/86: $0\pcpi_timeout[0:0]
    46/86: $0\trace_valid[0:0]
    47/86: $0\do_waitirq[0:0]
    48/86: $0\decoder_pseudo_trigger[0:0]
    49/86: $0\decoder_trigger[0:0]
    50/86: $0\alu_wait_2[0:0]
    51/86: $0\alu_wait[0:0]
    52/86: $0\reg_out[31:0]
    53/86: $0\reg_sh[4:0]
    54/86: $0\trap[0:0]
    55/86: $0\pcpi_timeout_counter[3:0]
    56/86: $0\latched_rd[4:0]
    57/86: $0\latched_is_lb[0:0]
    58/86: $0\latched_is_lh[0:0]
    59/86: $0\latched_is_lu[0:0]
    60/86: $0\latched_trace[0:0]
    61/86: $0\latched_compr[0:0]
    62/86: $0\latched_branch[0:0]
    63/86: $0\latched_stalu[0:0]
    64/86: $0\latched_store[0:0]
    65/86: $0\irq_state[1:0]
    66/86: $0\cpu_state[7:0]
    67/86: $0\dbg_rs2val_valid[0:0]
    68/86: $0\dbg_rs1val_valid[0:0]
    69/86: $0\dbg_rs2val[31:0]
    70/86: $0\dbg_rs1val[31:0]
    71/86: $0\mem_do_wdata[0:0]
    72/86: $0\mem_do_rdata[0:0]
    73/86: $0\mem_do_rinst[0:0]
    74/86: $0\mem_do_prefetch[0:0]
    75/86: $0\mem_wordsize[1:0]
    76/86: $0\timer[31:0]
    77/86: $0\irq_mask[31:0]
    78/86: $0\irq_active[0:0]
    79/86: $0\irq_delay[0:0]
    80/86: $0\reg_op2[31:0]
    81/86: $0\reg_op1[31:0]
    82/86: $0\reg_next_pc[31:0]
    83/86: $0\reg_pc[31:0]
    84/86: $0\count_instr[63:0]
    85/86: $0\eoi[31:0]
    86/86: $0\pcpi_valid[0:0]
Creating decoders for process `$paramod$d10354c6a96dde45072006c7ddf03c042761ad93\picorv32.$proc$../picorv32.v:1387$1152'.
Creating decoders for process `$paramod$d10354c6a96dde45072006c7ddf03c042761ad93\picorv32.$proc$../picorv32.v:1309$1138'.
     1/4: $2\cpuregs_write[0:0]
     2/4: $2\cpuregs_wrdata[31:0]
     3/4: $1\cpuregs_wrdata[31:0]
     4/4: $1\cpuregs_write[0:0]
Creating decoders for process `$paramod$d10354c6a96dde45072006c7ddf03c042761ad93\picorv32.$proc$../picorv32.v:1295$1133'.
     1/2: $2\clear_prefetched_high_word[0:0]
     2/2: $1\clear_prefetched_high_word[0:0]
Creating decoders for process `$paramod$d10354c6a96dde45072006c7ddf03c042761ad93\picorv32.$proc$../picorv32.v:1293$1132'.
Creating decoders for process `$paramod$d10354c6a96dde45072006c7ddf03c042761ad93\picorv32.$proc$../picorv32.v:1249$1110'.
     1/2: $1\alu_out[31:0]
     2/2: $1\alu_out_0[0:0]
Creating decoders for process `$paramod$d10354c6a96dde45072006c7ddf03c042761ad93\picorv32.$proc$../picorv32.v:1186$1098'.
     1/8: $8\dbg_ascii_state[127:0]
     2/8: $7\dbg_ascii_state[127:0]
     3/8: $6\dbg_ascii_state[127:0]
     4/8: $5\dbg_ascii_state[127:0]
     5/8: $4\dbg_ascii_state[127:0]
     6/8: $3\dbg_ascii_state[127:0]
     7/8: $2\dbg_ascii_state[127:0]
     8/8: $1\dbg_ascii_state[127:0]
Creating decoders for process `$paramod$d10354c6a96dde45072006c7ddf03c042761ad93\picorv32.$proc$../picorv32.v:858$835'.
     1/77: $0\decoded_rs1[4:0] [4]
     2/77: $0\decoded_imm_j[31:0] [10]
     3/77: $0\decoded_imm_j[31:0] [7]
     4/77: $0\decoded_imm_j[31:0] [6]
     5/77: $0\decoded_imm_j[31:0] [3:1]
     6/77: $0\decoded_imm_j[31:0] [5]
     7/77: $0\decoded_imm_j[31:0] [9:8]
     8/77: $0\decoded_imm_j[31:0] [31:20]
     9/77: $0\decoded_imm_j[31:0] [4]
    10/77: $0\decoded_imm_j[31:0] [11]
    11/77: $0\decoded_imm_j[31:0] [0]
    12/77: $0\decoded_rs1[4:0] [3:0]
    13/77: $0\is_lui_auipc_jal_jalr_addi_add_sub[0:0]
    14/77: $0\is_alu_reg_reg[0:0]
    15/77: $0\is_alu_reg_imm[0:0]
    16/77: $0\is_beq_bne_blt_bge_bltu_bgeu[0:0]
    17/77: $0\is_sll_srl_sra[0:0]
    18/77: $0\is_sb_sh_sw[0:0]
    19/77: $0\is_jalr_addi_slti_sltiu_xori_ori_andi[0:0]
    20/77: $0\is_slli_srli_srai[0:0]
    21/77: $0\is_lb_lh_lw_lbu_lhu[0:0]
    22/77: $0\compressed_instr[0:0]
    23/77: $0\is_compare[0:0]
    24/77: $0\decoded_imm[31:0]
    25/77: $0\decoded_rs2[4:0]
    26/77: $0\decoded_imm_j[31:0] [19:12]
    27/77: $0\decoded_rd[4:0]
    28/77: $0\instr_timer[0:0]
    29/77: $0\instr_waitirq[0:0]
    30/77: $0\instr_maskirq[0:0]
    31/77: $0\instr_retirq[0:0]
    32/77: $0\instr_setq[0:0]
    33/77: $0\instr_getq[0:0]
    34/77: $0\instr_fence[0:0]
    35/77: $0\instr_ecall_ebreak[0:0]
    36/77: $0\instr_rdinstrh[0:0]
    37/77: $0\instr_rdinstr[0:0]
    38/77: $0\instr_rdcycleh[0:0]
    39/77: $0\instr_rdcycle[0:0]
    40/77: $0\instr_and[0:0]
    41/77: $0\instr_or[0:0]
    42/77: $0\instr_sra[0:0]
    43/77: $0\instr_srl[0:0]
    44/77: $0\instr_xor[0:0]
    45/77: $0\instr_sltu[0:0]
    46/77: $0\instr_slt[0:0]
    47/77: $0\instr_sll[0:0]
    48/77: $0\instr_sub[0:0]
    49/77: $0\instr_add[0:0]
    50/77: $0\instr_srai[0:0]
    51/77: $0\instr_srli[0:0]
    52/77: $0\instr_slli[0:0]
    53/77: $0\instr_andi[0:0]
    54/77: $0\instr_ori[0:0]
    55/77: $0\instr_xori[0:0]
    56/77: $0\instr_sltiu[0:0]
    57/77: $0\instr_slti[0:0]
    58/77: $0\instr_addi[0:0]
    59/77: $0\instr_sw[0:0]
    60/77: $0\instr_sh[0:0]
    61/77: $0\instr_sb[0:0]
    62/77: $0\instr_lhu[0:0]
    63/77: $0\instr_lbu[0:0]
    64/77: $0\instr_lw[0:0]
    65/77: $0\instr_lh[0:0]
    66/77: $0\instr_lb[0:0]
    67/77: $0\instr_bgeu[0:0]
    68/77: $0\instr_bltu[0:0]
    69/77: $0\instr_bge[0:0]
    70/77: $0\instr_blt[0:0]
    71/77: $0\instr_bne[0:0]
    72/77: $0\instr_beq[0:0]
    73/77: $0\instr_jalr[0:0]
    74/77: $0\instr_jal[0:0]
    75/77: $0\instr_auipc[0:0]
    76/77: $0\instr_lui[0:0]
    77/77: $0\pcpi_insn[31:0]
Creating decoders for process `$paramod$d10354c6a96dde45072006c7ddf03c042761ad93\picorv32.$proc$../picorv32.v:809$833'.
     1/13: $3\dbg_insn_opcode[31:0]
     2/13: $2\dbg_insn_rd[4:0]
     3/13: $2\dbg_insn_rs2[4:0]
     4/13: $2\dbg_insn_rs1[4:0]
     5/13: $2\dbg_insn_opcode[31:0]
     6/13: $2\dbg_insn_imm[31:0]
     7/13: $2\dbg_ascii_instr[63:0]
     8/13: $1\dbg_insn_rd[4:0]
     9/13: $1\dbg_insn_rs2[4:0]
    10/13: $1\dbg_insn_rs1[4:0]
    11/13: $1\dbg_insn_imm[31:0]
    12/13: $1\dbg_ascii_instr[63:0]
    13/13: $1\dbg_insn_opcode[31:0]
Creating decoders for process `$paramod$d10354c6a96dde45072006c7ddf03c042761ad93\picorv32.$proc$../picorv32.v:778$829'.
     1/8: $0\cached_insn_rd[4:0]
     2/8: $0\cached_insn_rs2[4:0]
     3/8: $0\cached_insn_rs1[4:0]
     4/8: $0\cached_insn_opcode[31:0]
     5/8: $0\cached_insn_imm[31:0]
     6/8: $0\cached_ascii_instr[63:0]
     7/8: $0\dbg_valid_insn[0:0]
     8/8: $0\dbg_insn_addr[31:0]
Creating decoders for process `$paramod$d10354c6a96dde45072006c7ddf03c042761ad93\picorv32.$proc$../picorv32.v:701$828'.
     1/48: $48\new_ascii_instr[63:0]
     2/48: $47\new_ascii_instr[63:0]
     3/48: $46\new_ascii_instr[63:0]
     4/48: $45\new_ascii_instr[63:0]
     5/48: $44\new_ascii_instr[63:0]
     6/48: $43\new_ascii_instr[63:0]
     7/48: $42\new_ascii_instr[63:0]
     8/48: $41\new_ascii_instr[63:0]
     9/48: $40\new_ascii_instr[63:0]
    10/48: $39\new_ascii_instr[63:0]
    11/48: $38\new_ascii_instr[63:0]
    12/48: $37\new_ascii_instr[63:0]
    13/48: $36\new_ascii_instr[63:0]
    14/48: $35\new_ascii_instr[63:0]
    15/48: $34\new_ascii_instr[63:0]
    16/48: $33\new_ascii_instr[63:0]
    17/48: $32\new_ascii_instr[63:0]
    18/48: $31\new_ascii_instr[63:0]
    19/48: $30\new_ascii_instr[63:0]
    20/48: $29\new_ascii_instr[63:0]
    21/48: $28\new_ascii_instr[63:0]
    22/48: $27\new_ascii_instr[63:0]
    23/48: $26\new_ascii_instr[63:0]
    24/48: $25\new_ascii_instr[63:0]
    25/48: $24\new_ascii_instr[63:0]
    26/48: $23\new_ascii_instr[63:0]
    27/48: $22\new_ascii_instr[63:0]
    28/48: $21\new_ascii_instr[63:0]
    29/48: $20\new_ascii_instr[63:0]
    30/48: $19\new_ascii_instr[63:0]
    31/48: $18\new_ascii_instr[63:0]
    32/48: $17\new_ascii_instr[63:0]
    33/48: $16\new_ascii_instr[63:0]
    34/48: $15\new_ascii_instr[63:0]
    35/48: $14\new_ascii_instr[63:0]
    36/48: $13\new_ascii_instr[63:0]
    37/48: $12\new_ascii_instr[63:0]
    38/48: $11\new_ascii_instr[63:0]
    39/48: $10\new_ascii_instr[63:0]
    40/48: $9\new_ascii_instr[63:0]
    41/48: $8\new_ascii_instr[63:0]
    42/48: $7\new_ascii_instr[63:0]
    43/48: $6\new_ascii_instr[63:0]
    44/48: $5\new_ascii_instr[63:0]
    45/48: $4\new_ascii_instr[63:0]
    46/48: $3\new_ascii_instr[63:0]
    47/48: $2\new_ascii_instr[63:0]
    48/48: $1\new_ascii_instr[63:0]
Creating decoders for process `$paramod$d10354c6a96dde45072006c7ddf03c042761ad93\picorv32.$proc$../picorv32.v:565$804'.
     1/9: $0\mem_16bit_buffer[15:0]
     2/9: $0\prefetched_high_word[0:0]
     3/9: $0\mem_la_secondword[0:0]
     4/9: $0\mem_state[1:0]
     5/9: $0\mem_wstrb[3:0]
     6/9: $0\mem_wdata[31:0]
     7/9: $0\mem_addr[31:0]
     8/9: $0\mem_instr[0:0]
     9/9: $0\mem_valid[0:0]
Creating decoders for process `$paramod$d10354c6a96dde45072006c7ddf03c042761ad93\picorv32.$proc$../picorv32.v:1239$1347'.
Creating decoders for process `$paramod$d10354c6a96dde45072006c7ddf03c042761ad93\picorv32.$proc$../picorv32.v:430$766'.
     1/9: $0\mem_rdata_q[31:0] [31]
     2/9: $0\mem_rdata_q[31:0] [7]
     3/9: $0\mem_rdata_q[31:0] [24:20]
     4/9: $0\mem_rdata_q[31:0] [19:15]
     5/9: $0\mem_rdata_q[31:0] [6:0]
     6/9: $0\mem_rdata_q[31:0] [14:12]
     7/9: $0\mem_rdata_q[31:0] [11:8]
     8/9: $0\mem_rdata_q[31:0] [30:25]
     9/9: $0\next_insn_opcode[31:0]
Creating decoders for process `$paramod$d10354c6a96dde45072006c7ddf03c042761ad93\picorv32.$proc$../picorv32.v:401$763'.
     1/5: $3\mem_rdata_word[31:0]
     2/5: $2\mem_rdata_word[31:0]
     3/5: $1\mem_rdata_word[31:0]
     4/5: $1\mem_la_wstrb[3:0]
     5/5: $1\mem_la_wdata[31:0]
Creating decoders for process `$paramod$d10354c6a96dde45072006c7ddf03c042761ad93\picorv32.$proc$../picorv32.v:390$758'.
     1/2: $0\last_mem_valid[0:0]
     2/2: $0\mem_la_firstword_reg[0:0]
Creating decoders for process `$paramod$d10354c6a96dde45072006c7ddf03c042761ad93\picorv32.$proc$../picorv32.v:325$684'.
     1/2: $1\pcpi_int_rd[31:0]
     2/2: $1\pcpi_int_wr[0:0]
Creating decoders for process `\spimem_cache_fifo.$proc$picosoc.v:449$608'.
     1/44: $4$memwr$\cache_valid$picosoc.v:470$560_EN[0:0]$666
     2/44: $4$memwr$\cache_valid$picosoc.v:470$560_ADDR[2:0]$665
     3/44: $4$memwr$\cache_data$picosoc.v:469$559_EN[31:0]$664
     4/44: $4$memwr$\cache_data$picosoc.v:469$559_DATA[31:0]$663
     5/44: $4$memwr$\cache_data$picosoc.v:469$559_ADDR[2:0]$662
     6/44: $4$memwr$\cache_addr$picosoc.v:468$558_EN[23:0]$661
     7/44: $4$memwr$\cache_addr$picosoc.v:468$558_DATA[23:0]$660
     8/44: $4$memwr$\cache_addr$picosoc.v:468$558_ADDR[2:0]$659
     9/44: $3$memwr$\cache_valid$picosoc.v:470$560_EN[0:0]$657
    10/44: $3$memwr$\cache_valid$picosoc.v:470$560_ADDR[2:0]$656
    11/44: $3$memwr$\cache_data$picosoc.v:469$559_EN[31:0]$655
    12/44: $3$memwr$\cache_data$picosoc.v:469$559_DATA[31:0]$654
    13/44: $3$memwr$\cache_data$picosoc.v:469$559_ADDR[2:0]$653
    14/44: $3$memwr$\cache_addr$picosoc.v:468$558_EN[23:0]$652
    15/44: $3$memwr$\cache_addr$picosoc.v:468$558_DATA[23:0]$651
    16/44: $3$memwr$\cache_addr$picosoc.v:468$558_ADDR[2:0]$650
    17/44: $2$memwr$\cache_valid$picosoc.v:470$560_EN[0:0]$649
    18/44: $2$memwr$\cache_valid$picosoc.v:470$560_ADDR[2:0]$648
    19/44: $2$memwr$\cache_data$picosoc.v:469$559_EN[31:0]$647
    20/44: $2$memwr$\cache_data$picosoc.v:469$559_DATA[31:0]$646
    21/44: $2$memwr$\cache_data$picosoc.v:469$559_ADDR[2:0]$645
    22/44: $2$memwr$\cache_addr$picosoc.v:468$558_EN[23:0]$644
    23/44: $2$memwr$\cache_addr$picosoc.v:468$558_DATA[23:0]$643
    24/44: $2$memwr$\cache_addr$picosoc.v:468$558_ADDR[2:0]$642
    25/44: $1\i[31:0]
    26/44: $1$memwr$\cache_valid$picosoc.v:452$557_EN[0:0]$633
    27/44: $1$memwr$\cache_valid$picosoc.v:452$556_EN[0:0]$632
    28/44: $1$memwr$\cache_valid$picosoc.v:452$555_EN[0:0]$631
    29/44: $1$memwr$\cache_valid$picosoc.v:452$554_EN[0:0]$630
    30/44: $1$memwr$\cache_valid$picosoc.v:452$553_EN[0:0]$629
    31/44: $1$memwr$\cache_valid$picosoc.v:452$552_EN[0:0]$628
    32/44: $1$memwr$\cache_valid$picosoc.v:452$551_EN[0:0]$627
    33/44: $1$memwr$\cache_valid$picosoc.v:452$550_EN[0:0]$626
    34/44: $1$memwr$\cache_valid$picosoc.v:470$560_EN[0:0]$641
    35/44: $1$memwr$\cache_valid$picosoc.v:470$560_ADDR[2:0]$640
    36/44: $1$memwr$\cache_data$picosoc.v:469$559_EN[31:0]$639
    37/44: $1$memwr$\cache_data$picosoc.v:469$559_DATA[31:0]$638
    38/44: $1$memwr$\cache_data$picosoc.v:469$559_ADDR[2:0]$637
    39/44: $1$memwr$\cache_addr$picosoc.v:468$558_EN[23:0]$636
    40/44: $1$memwr$\cache_addr$picosoc.v:468$558_DATA[23:0]$635
    41/44: $1$memwr$\cache_addr$picosoc.v:468$558_ADDR[2:0]$634
    42/44: $0\fifo_head[2:0]
    43/44: $0\miss_count[31:0]
    44/44: $0\hit_count[31:0]
Creating decoders for process `\spimem_cache_fifo.$proc$picosoc.v:441$602'.
Creating decoders for process `\spimem_cache_fifo.$proc$picosoc.v:431$561'.
     1/16: $8\hit_rdata[31:0]
     2/16: $8\cache_hit[0:0]
     3/16: $7\hit_rdata[31:0]
     4/16: $7\cache_hit[0:0]
     5/16: $6\hit_rdata[31:0]
     6/16: $6\cache_hit[0:0]
     7/16: $5\hit_rdata[31:0]
     8/16: $5\cache_hit[0:0]
     9/16: $4\hit_rdata[31:0]
    10/16: $4\cache_hit[0:0]
    11/16: $3\hit_rdata[31:0]
    12/16: $3\cache_hit[0:0]
    13/16: $2\hit_rdata[31:0]
    14/16: $2\cache_hit[0:0]
    15/16: $1\hit_rdata[31:0]
    16/16: $1\cache_hit[0:0]
Creating decoders for process `\spimemio.$proc$spimemio.v:207$529'.
     1/17: $0\buffer[23:0] [23:16]
     2/17: $0\buffer[23:0] [15:8]
     3/17: $0\buffer[23:0] [7:0]
     4/17: $0\xfer_resetn[0:0]
     5/17: $0\state[3:0]
     6/17: $0\rd_inc[0:0]
     7/17: $0\rd_wait[0:0]
     8/17: $0\rd_valid[0:0]
     9/17: $0\rd_addr[23:0]
    10/17: $0\din_valid[0:0]
    11/17: $0\din_rd[0:0]
    12/17: $0\din_ddr[0:0]
    13/17: $0\din_qspi[0:0]
    14/17: $0\din_cont[0:0]
    15/17: $0\din_tag[3:0]
    16/17: $0\din_data[7:0]
    17/17: $0\rdata[31:0]
Creating decoders for process `\spimemio.$proc$spimemio.v:151$511'.
Creating decoders for process `\spimemio.$proc$spimemio.v:99$507'.
     1/10: $0\softreset[0:0]
     2/10: $0\config_do[3:0]
     3/10: $0\config_clk[0:0]
     4/10: $0\config_csb[0:0]
     5/10: $0\config_oe[3:0]
     6/10: $0\config_dummy[3:0]
     7/10: $0\config_cont[0:0]
     8/10: $0\config_qspi[0:0]
     9/10: $0\config_ddr[0:0]
    10/10: $0\config_en[0:0]
Creating decoders for process `\simpleuart.$proc$simpleuart.v:109$487'.
     1/4: $0\send_divcnt[31:0]
     2/4: $0\send_dummy[0:0]
     3/4: $0\send_bitcnt[3:0]
     4/4: $0\send_pattern[9:0]
Creating decoders for process `\simpleuart.$proc$simpleuart.v:66$478'.
     1/5: $0\recv_divcnt[31:0]
     2/5: $0\recv_buf_valid[0:0]
     3/5: $0\recv_buf_data[7:0]
     4/5: $0\recv_pattern[7:0]
     5/5: $0\recv_state[3:0]
Creating decoders for process `\simpleuart.$proc$simpleuart.v:55$476'.
     1/4: $0\cfg_divider[31:0] [31:24]
     2/4: $0\cfg_divider[31:0] [23:16]
     3/4: $0\cfg_divider[31:0] [15:8]
     4/4: $0\cfg_divider[31:0] [7:0]
Creating decoders for process `\seven_seg_hex.$proc$icebreaker.v:218$465'.
     1/1: $1\dout[6:0]
Creating decoders for process `\seven_seg_ctrl.$proc$icebreaker.v:194$464'.
Creating decoders for process `\seven_seg_ctrl.$proc$icebreaker.v:193$463'.
Creating decoders for process `\seven_seg_ctrl.$proc$icebreaker.v:192$462'.
Creating decoders for process `\seven_seg_ctrl.$proc$icebreaker.v:196$456'.
     1/2: $0\dout[7:0] [7]
     2/2: $0\dout[7:0] [6:0]
Creating decoders for process `$paramod$f03d4e23a3a44173f9a2edec4a46578428035902\picosoc.$proc$picosoc.v:255$446'.
Creating decoders for process `$paramod$f03d4e23a3a44173f9a2edec4a46578428035902\picosoc.$proc$picosoc.v:93$399'.
Creating decoders for process `\icebreaker.$proc$icebreaker.v:52$398'.
Creating decoders for process `\icebreaker.$proc$icebreaker.v:108$392'.
     1/6: $0\gpio[31:0] [31:24]
     2/6: $0\gpio[31:0] [23:16]
     3/6: $0\gpio[31:0] [15:8]
     4/6: $0\gpio[31:0] [7:0]
     5/6: $0\iomem_rdata[31:0]
     6/6: $0\iomem_ready[0:0]
Creating decoders for process `\icebreaker.$proc$icebreaker.v:55$387'.

7.4.8. Executing PROC_DLATCH pass (convert process syncs to latches).
No latch inferred for signal `\picorv32_pcpi_fast_mul.\instr_mul' from process `\picorv32_pcpi_fast_mul.$proc$../picorv32.v:2348$1415'.
No latch inferred for signal `\picorv32_pcpi_fast_mul.\instr_mulh' from process `\picorv32_pcpi_fast_mul.$proc$../picorv32.v:2348$1415'.
No latch inferred for signal `\picorv32_pcpi_fast_mul.\instr_mulhsu' from process `\picorv32_pcpi_fast_mul.$proc$../picorv32.v:2348$1415'.
No latch inferred for signal `\picorv32_pcpi_fast_mul.\instr_mulhu' from process `\picorv32_pcpi_fast_mul.$proc$../picorv32.v:2348$1415'.
No latch inferred for signal `\spimemio_xfer.\flash_io0_oe' from process `\spimemio_xfer.$proc$spimemio.v:447$1367'.
No latch inferred for signal `\spimemio_xfer.\flash_io0_do' from process `\spimemio_xfer.$proc$spimemio.v:447$1367'.
No latch inferred for signal `\spimemio_xfer.\flash_io1_oe' from process `\spimemio_xfer.$proc$spimemio.v:447$1367'.
No latch inferred for signal `\spimemio_xfer.\flash_io1_do' from process `\spimemio_xfer.$proc$spimemio.v:447$1367'.
No latch inferred for signal `\spimemio_xfer.\flash_io2_oe' from process `\spimemio_xfer.$proc$spimemio.v:447$1367'.
No latch inferred for signal `\spimemio_xfer.\flash_io2_do' from process `\spimemio_xfer.$proc$spimemio.v:447$1367'.
No latch inferred for signal `\spimemio_xfer.\flash_io3_oe' from process `\spimemio_xfer.$proc$spimemio.v:447$1367'.
No latch inferred for signal `\spimemio_xfer.\flash_io3_do' from process `\spimemio_xfer.$proc$spimemio.v:447$1367'.
No latch inferred for signal `\spimemio_xfer.\next_obuffer' from process `\spimemio_xfer.$proc$spimemio.v:447$1367'.
No latch inferred for signal `\spimemio_xfer.\next_ibuffer' from process `\spimemio_xfer.$proc$spimemio.v:447$1367'.
No latch inferred for signal `\spimemio_xfer.\next_count' from process `\spimemio_xfer.$proc$spimemio.v:447$1367'.
No latch inferred for signal `\spimemio_xfer.\next_fetch' from process `\spimemio_xfer.$proc$spimemio.v:447$1367'.
No latch inferred for signal `$paramod$d10354c6a96dde45072006c7ddf03c042761ad93\picorv32.\cpuregs_rs1' from process `$paramod$d10354c6a96dde45072006c7ddf03c042761ad93\picorv32.$proc$../picorv32.v:1387$1152'.
No latch inferred for signal `$paramod$d10354c6a96dde45072006c7ddf03c042761ad93\picorv32.\cpuregs_rs2' from process `$paramod$d10354c6a96dde45072006c7ddf03c042761ad93\picorv32.$proc$../picorv32.v:1387$1152'.
No latch inferred for signal `$paramod$d10354c6a96dde45072006c7ddf03c042761ad93\picorv32.\decoded_rs' from process `$paramod$d10354c6a96dde45072006c7ddf03c042761ad93\picorv32.$proc$../picorv32.v:1387$1152'.
No latch inferred for signal `$paramod$d10354c6a96dde45072006c7ddf03c042761ad93\picorv32.\cpuregs_write' from process `$paramod$d10354c6a96dde45072006c7ddf03c042761ad93\picorv32.$proc$../picorv32.v:1309$1138'.
No latch inferred for signal `$paramod$d10354c6a96dde45072006c7ddf03c042761ad93\picorv32.\cpuregs_wrdata' from process `$paramod$d10354c6a96dde45072006c7ddf03c042761ad93\picorv32.$proc$../picorv32.v:1309$1138'.
No latch inferred for signal `$paramod$d10354c6a96dde45072006c7ddf03c042761ad93\picorv32.\clear_prefetched_high_word' from process `$paramod$d10354c6a96dde45072006c7ddf03c042761ad93\picorv32.$proc$../picorv32.v:1295$1133'.
No latch inferred for signal `$paramod$d10354c6a96dde45072006c7ddf03c042761ad93\picorv32.\alu_out' from process `$paramod$d10354c6a96dde45072006c7ddf03c042761ad93\picorv32.$proc$../picorv32.v:1249$1110'.
No latch inferred for signal `$paramod$d10354c6a96dde45072006c7ddf03c042761ad93\picorv32.\alu_out_0' from process `$paramod$d10354c6a96dde45072006c7ddf03c042761ad93\picorv32.$proc$../picorv32.v:1249$1110'.
No latch inferred for signal `$paramod$d10354c6a96dde45072006c7ddf03c042761ad93\picorv32.\dbg_ascii_state' from process `$paramod$d10354c6a96dde45072006c7ddf03c042761ad93\picorv32.$proc$../picorv32.v:1186$1098'.
No latch inferred for signal `$paramod$d10354c6a96dde45072006c7ddf03c042761ad93\picorv32.\dbg_insn_opcode' from process `$paramod$d10354c6a96dde45072006c7ddf03c042761ad93\picorv32.$proc$../picorv32.v:809$833'.
No latch inferred for signal `$paramod$d10354c6a96dde45072006c7ddf03c042761ad93\picorv32.\dbg_ascii_instr' from process `$paramod$d10354c6a96dde45072006c7ddf03c042761ad93\picorv32.$proc$../picorv32.v:809$833'.
No latch inferred for signal `$paramod$d10354c6a96dde45072006c7ddf03c042761ad93\picorv32.\dbg_insn_imm' from process `$paramod$d10354c6a96dde45072006c7ddf03c042761ad93\picorv32.$proc$../picorv32.v:809$833'.
No latch inferred for signal `$paramod$d10354c6a96dde45072006c7ddf03c042761ad93\picorv32.\dbg_insn_rs1' from process `$paramod$d10354c6a96dde45072006c7ddf03c042761ad93\picorv32.$proc$../picorv32.v:809$833'.
No latch inferred for signal `$paramod$d10354c6a96dde45072006c7ddf03c042761ad93\picorv32.\dbg_insn_rs2' from process `$paramod$d10354c6a96dde45072006c7ddf03c042761ad93\picorv32.$proc$../picorv32.v:809$833'.
No latch inferred for signal `$paramod$d10354c6a96dde45072006c7ddf03c042761ad93\picorv32.\dbg_insn_rd' from process `$paramod$d10354c6a96dde45072006c7ddf03c042761ad93\picorv32.$proc$../picorv32.v:809$833'.
No latch inferred for signal `$paramod$d10354c6a96dde45072006c7ddf03c042761ad93\picorv32.\new_ascii_instr' from process `$paramod$d10354c6a96dde45072006c7ddf03c042761ad93\picorv32.$proc$../picorv32.v:701$828'.
No latch inferred for signal `$paramod$d10354c6a96dde45072006c7ddf03c042761ad93\picorv32.\alu_add_sub' from process `$paramod$d10354c6a96dde45072006c7ddf03c042761ad93\picorv32.$proc$../picorv32.v:1239$1347'.
No latch inferred for signal `$paramod$d10354c6a96dde45072006c7ddf03c042761ad93\picorv32.\alu_shl' from process `$paramod$d10354c6a96dde45072006c7ddf03c042761ad93\picorv32.$proc$../picorv32.v:1239$1347'.
No latch inferred for signal `$paramod$d10354c6a96dde45072006c7ddf03c042761ad93\picorv32.\alu_shr' from process `$paramod$d10354c6a96dde45072006c7ddf03c042761ad93\picorv32.$proc$../picorv32.v:1239$1347'.
No latch inferred for signal `$paramod$d10354c6a96dde45072006c7ddf03c042761ad93\picorv32.\alu_eq' from process `$paramod$d10354c6a96dde45072006c7ddf03c042761ad93\picorv32.$proc$../picorv32.v:1239$1347'.
No latch inferred for signal `$paramod$d10354c6a96dde45072006c7ddf03c042761ad93\picorv32.\alu_ltu' from process `$paramod$d10354c6a96dde45072006c7ddf03c042761ad93\picorv32.$proc$../picorv32.v:1239$1347'.
No latch inferred for signal `$paramod$d10354c6a96dde45072006c7ddf03c042761ad93\picorv32.\alu_lts' from process `$paramod$d10354c6a96dde45072006c7ddf03c042761ad93\picorv32.$proc$../picorv32.v:1239$1347'.
No latch inferred for signal `$paramod$d10354c6a96dde45072006c7ddf03c042761ad93\picorv32.\mem_la_wdata' from process `$paramod$d10354c6a96dde45072006c7ddf03c042761ad93\picorv32.$proc$../picorv32.v:401$763'.
No latch inferred for signal `$paramod$d10354c6a96dde45072006c7ddf03c042761ad93\picorv32.\mem_la_wstrb' from process `$paramod$d10354c6a96dde45072006c7ddf03c042761ad93\picorv32.$proc$../picorv32.v:401$763'.
No latch inferred for signal `$paramod$d10354c6a96dde45072006c7ddf03c042761ad93\picorv32.\mem_rdata_word' from process `$paramod$d10354c6a96dde45072006c7ddf03c042761ad93\picorv32.$proc$../picorv32.v:401$763'.
No latch inferred for signal `$paramod$d10354c6a96dde45072006c7ddf03c042761ad93\picorv32.\pcpi_int_wr' from process `$paramod$d10354c6a96dde45072006c7ddf03c042761ad93\picorv32.$proc$../picorv32.v:325$684'.
No latch inferred for signal `$paramod$d10354c6a96dde45072006c7ddf03c042761ad93\picorv32.\pcpi_int_rd' from process `$paramod$d10354c6a96dde45072006c7ddf03c042761ad93\picorv32.$proc$../picorv32.v:325$684'.
No latch inferred for signal `$paramod$d10354c6a96dde45072006c7ddf03c042761ad93\picorv32.\pcpi_int_wait' from process `$paramod$d10354c6a96dde45072006c7ddf03c042761ad93\picorv32.$proc$../picorv32.v:325$684'.
No latch inferred for signal `$paramod$d10354c6a96dde45072006c7ddf03c042761ad93\picorv32.\pcpi_int_ready' from process `$paramod$d10354c6a96dde45072006c7ddf03c042761ad93\picorv32.$proc$../picorv32.v:325$684'.
No latch inferred for signal `\spimem_cache_fifo.\cpu_ready' from process `\spimem_cache_fifo.$proc$picosoc.v:441$602'.
No latch inferred for signal `\spimem_cache_fifo.\cpu_rdata' from process `\spimem_cache_fifo.$proc$picosoc.v:441$602'.
No latch inferred for signal `\spimem_cache_fifo.\spimem_valid' from process `\spimem_cache_fifo.$proc$picosoc.v:441$602'.
No latch inferred for signal `\spimem_cache_fifo.\spimem_addr' from process `\spimem_cache_fifo.$proc$picosoc.v:441$602'.
No latch inferred for signal `\spimem_cache_fifo.\cache_hit' from process `\spimem_cache_fifo.$proc$picosoc.v:431$561'.
No latch inferred for signal `\spimem_cache_fifo.\hit_rdata' from process `\spimem_cache_fifo.$proc$picosoc.v:431$561'.
No latch inferred for signal `\spimem_cache_fifo.\k' from process `\spimem_cache_fifo.$proc$picosoc.v:431$561'.
No latch inferred for signal `\seven_seg_hex.\dout' from process `\seven_seg_hex.$proc$icebreaker.v:218$465'.
No latch inferred for signal `$paramod$f03d4e23a3a44173f9a2edec4a46578428035902\picosoc.\irq' from process `$paramod$f03d4e23a3a44173f9a2edec4a46578428035902\picosoc.$proc$picosoc.v:93$399'.

7.4.9. Executing PROC_DFF pass (convert process syncs to FFs).
Creating register for signal `\picosoc_regs.$memwr$\regs$picosoc.v:495$1428_ADDR' using process `\picosoc_regs.$proc$picosoc.v:494$1429'.
  created $dff cell `$procdff$5553' with positive edge clock.
Creating register for signal `\picosoc_regs.$memwr$\regs$picosoc.v:495$1428_DATA' using process `\picosoc_regs.$proc$picosoc.v:494$1429'.
  created $dff cell `$procdff$5554' with positive edge clock.
Creating register for signal `\picosoc_regs.$memwr$\regs$picosoc.v:495$1428_EN' using process `\picosoc_regs.$proc$picosoc.v:494$1429'.
  created $dff cell `$procdff$5555' with positive edge clock.
Creating register for signal `\picorv32_pcpi_fast_mul.\shift_out' using process `\picorv32_pcpi_fast_mul.$proc$../picorv32.v:2378$1422'.
  created $dff cell `$procdff$5556' with positive edge clock.
Creating register for signal `\picorv32_pcpi_fast_mul.\active' using process `\picorv32_pcpi_fast_mul.$proc$../picorv32.v:2378$1422'.
  created $dff cell `$procdff$5557' with positive edge clock.
Creating register for signal `\picorv32_pcpi_fast_mul.\rs1' using process `\picorv32_pcpi_fast_mul.$proc$../picorv32.v:2378$1422'.
  created $dff cell `$procdff$5558' with positive edge clock.
Creating register for signal `\picorv32_pcpi_fast_mul.\rs2' using process `\picorv32_pcpi_fast_mul.$proc$../picorv32.v:2378$1422'.
  created $dff cell `$procdff$5559' with positive edge clock.
Creating register for signal `\picorv32_pcpi_fast_mul.\rs1_q' using process `\picorv32_pcpi_fast_mul.$proc$../picorv32.v:2364$1417'.
  created $dff cell `$procdff$5560' with positive edge clock.
Creating register for signal `\picorv32_pcpi_fast_mul.\rs2_q' using process `\picorv32_pcpi_fast_mul.$proc$../picorv32.v:2364$1417'.
  created $dff cell `$procdff$5561' with positive edge clock.
Creating register for signal `\picorv32_pcpi_fast_mul.\rd' using process `\picorv32_pcpi_fast_mul.$proc$../picorv32.v:2364$1417'.
  created $dff cell `$procdff$5562' with positive edge clock.
Creating register for signal `\picorv32_pcpi_fast_mul.\rd_q' using process `\picorv32_pcpi_fast_mul.$proc$../picorv32.v:2364$1417'.
  created $dff cell `$procdff$5563' with positive edge clock.
Creating register for signal `\picorv32_pcpi_fast_mul.\pcpi_insn_valid_q' using process `\picorv32_pcpi_fast_mul.$proc$../picorv32.v:2364$1417'.
  created $dff cell `$procdff$5564' with positive edge clock.
Creating register for signal `\spimemio_xfer.\flash_csb' using process `\spimemio_xfer.$proc$spimemio.v:535$1391'.
  created $dff cell `$procdff$5565' with positive edge clock.
Creating register for signal `\spimemio_xfer.\flash_clk' using process `\spimemio_xfer.$proc$spimemio.v:535$1391'.
  created $dff cell `$procdff$5566' with positive edge clock.
Creating register for signal `\spimemio_xfer.\xfer_dspi' using process `\spimemio_xfer.$proc$spimemio.v:535$1391'.
  created $dff cell `$procdff$5567' with positive edge clock.
Creating register for signal `\spimemio_xfer.\xfer_ddr' using process `\spimemio_xfer.$proc$spimemio.v:535$1391'.
  created $dff cell `$procdff$5568' with positive edge clock.
Creating register for signal `\spimemio_xfer.\obuffer' using process `\spimemio_xfer.$proc$spimemio.v:535$1391'.
  created $dff cell `$procdff$5569' with positive edge clock.
Creating register for signal `\spimemio_xfer.\ibuffer' using process `\spimemio_xfer.$proc$spimemio.v:535$1391'.
  created $dff cell `$procdff$5570' with positive edge clock.
Creating register for signal `\spimemio_xfer.\count' using process `\spimemio_xfer.$proc$spimemio.v:535$1391'.
  created $dff cell `$procdff$5571' with positive edge clock.
Creating register for signal `\spimemio_xfer.\dummy_count' using process `\spimemio_xfer.$proc$spimemio.v:535$1391'.
  created $dff cell `$procdff$5572' with positive edge clock.
Creating register for signal `\spimemio_xfer.\xfer_cont' using process `\spimemio_xfer.$proc$spimemio.v:535$1391'.
  created $dff cell `$procdff$5573' with positive edge clock.
Creating register for signal `\spimemio_xfer.\xfer_qspi' using process `\spimemio_xfer.$proc$spimemio.v:535$1391'.
  created $dff cell `$procdff$5574' with positive edge clock.
Creating register for signal `\spimemio_xfer.\xfer_rd' using process `\spimemio_xfer.$proc$spimemio.v:535$1391'.
  created $dff cell `$procdff$5575' with positive edge clock.
Creating register for signal `\spimemio_xfer.\xfer_tag' using process `\spimemio_xfer.$proc$spimemio.v:535$1391'.
  created $dff cell `$procdff$5576' with positive edge clock.
Creating register for signal `\spimemio_xfer.\fetch' using process `\spimemio_xfer.$proc$spimemio.v:535$1391'.
  created $dff cell `$procdff$5577' with positive edge clock.
Creating register for signal `\spimemio_xfer.\last_fetch' using process `\spimemio_xfer.$proc$spimemio.v:535$1391'.
  created $dff cell `$procdff$5578' with positive edge clock.
Creating register for signal `\spimemio_xfer.\xfer_ddr_q' using process `\spimemio_xfer.$proc$spimemio.v:436$1358'.
  created $dff cell `$procdff$5579' with positive edge clock.
Creating register for signal `\spimemio_xfer.\xfer_tag_q' using process `\spimemio_xfer.$proc$spimemio.v:436$1358'.
  created $dff cell `$procdff$5580' with positive edge clock.
Creating register for signal `$paramod$d10354c6a96dde45072006c7ddf03c042761ad93\picorv32.\trap' using process `$paramod$d10354c6a96dde45072006c7ddf03c042761ad93\picorv32.$proc$../picorv32.v:1402$1166'.
  created $dff cell `$procdff$5581' with positive edge clock.
Creating register for signal `$paramod$d10354c6a96dde45072006c7ddf03c042761ad93\picorv32.\pcpi_valid' using process `$paramod$d10354c6a96dde45072006c7ddf03c042761ad93\picorv32.$proc$../picorv32.v:1402$1166'.
  created $dff cell `$procdff$5582' with positive edge clock.
Creating register for signal `$paramod$d10354c6a96dde45072006c7ddf03c042761ad93\picorv32.\eoi' using process `$paramod$d10354c6a96dde45072006c7ddf03c042761ad93\picorv32.$proc$../picorv32.v:1402$1166'.
  created $dff cell `$procdff$5583' with positive edge clock.
Creating register for signal `$paramod$d10354c6a96dde45072006c7ddf03c042761ad93\picorv32.\trace_valid' using process `$paramod$d10354c6a96dde45072006c7ddf03c042761ad93\picorv32.$proc$../picorv32.v:1402$1166'.
  created $dff cell `$procdff$5584' with positive edge clock.
Creating register for signal `$paramod$d10354c6a96dde45072006c7ddf03c042761ad93\picorv32.\trace_data' using process `$paramod$d10354c6a96dde45072006c7ddf03c042761ad93\picorv32.$proc$../picorv32.v:1402$1166'.
  created $dff cell `$procdff$5585' with positive edge clock.
Creating register for signal `$paramod$d10354c6a96dde45072006c7ddf03c042761ad93\picorv32.\count_cycle' using process `$paramod$d10354c6a96dde45072006c7ddf03c042761ad93\picorv32.$proc$../picorv32.v:1402$1166'.
  created $dff cell `$procdff$5586' with positive edge clock.
Creating register for signal `$paramod$d10354c6a96dde45072006c7ddf03c042761ad93\picorv32.\count_instr' using process `$paramod$d10354c6a96dde45072006c7ddf03c042761ad93\picorv32.$proc$../picorv32.v:1402$1166'.
  created $dff cell `$procdff$5587' with positive edge clock.
Creating register for signal `$paramod$d10354c6a96dde45072006c7ddf03c042761ad93\picorv32.\reg_pc' using process `$paramod$d10354c6a96dde45072006c7ddf03c042761ad93\picorv32.$proc$../picorv32.v:1402$1166'.
  created $dff cell `$procdff$5588' with positive edge clock.
Creating register for signal `$paramod$d10354c6a96dde45072006c7ddf03c042761ad93\picorv32.\reg_next_pc' using process `$paramod$d10354c6a96dde45072006c7ddf03c042761ad93\picorv32.$proc$../picorv32.v:1402$1166'.
  created $dff cell `$procdff$5589' with positive edge clock.
Creating register for signal `$paramod$d10354c6a96dde45072006c7ddf03c042761ad93\picorv32.\reg_op1' using process `$paramod$d10354c6a96dde45072006c7ddf03c042761ad93\picorv32.$proc$../picorv32.v:1402$1166'.
  created $dff cell `$procdff$5590' with positive edge clock.
Creating register for signal `$paramod$d10354c6a96dde45072006c7ddf03c042761ad93\picorv32.\reg_op2' using process `$paramod$d10354c6a96dde45072006c7ddf03c042761ad93\picorv32.$proc$../picorv32.v:1402$1166'.
  created $dff cell `$procdff$5591' with positive edge clock.
Creating register for signal `$paramod$d10354c6a96dde45072006c7ddf03c042761ad93\picorv32.\reg_out' using process `$paramod$d10354c6a96dde45072006c7ddf03c042761ad93\picorv32.$proc$../picorv32.v:1402$1166'.
  created $dff cell `$procdff$5592' with positive edge clock.
Creating register for signal `$paramod$d10354c6a96dde45072006c7ddf03c042761ad93\picorv32.\reg_sh' using process `$paramod$d10354c6a96dde45072006c7ddf03c042761ad93\picorv32.$proc$../picorv32.v:1402$1166'.
  created $dff cell `$procdff$5593' with positive edge clock.
Creating register for signal `$paramod$d10354c6a96dde45072006c7ddf03c042761ad93\picorv32.\irq_delay' using process `$paramod$d10354c6a96dde45072006c7ddf03c042761ad93\picorv32.$proc$../picorv32.v:1402$1166'.
  created $dff cell `$procdff$5594' with positive edge clock.
Creating register for signal `$paramod$d10354c6a96dde45072006c7ddf03c042761ad93\picorv32.\irq_active' using process `$paramod$d10354c6a96dde45072006c7ddf03c042761ad93\picorv32.$proc$../picorv32.v:1402$1166'.
  created $dff cell `$procdff$5595' with positive edge clock.
Creating register for signal `$paramod$d10354c6a96dde45072006c7ddf03c042761ad93\picorv32.\irq_mask' using process `$paramod$d10354c6a96dde45072006c7ddf03c042761ad93\picorv32.$proc$../picorv32.v:1402$1166'.
  created $dff cell `$procdff$5596' with positive edge clock.
Creating register for signal `$paramod$d10354c6a96dde45072006c7ddf03c042761ad93\picorv32.\irq_pending' using process `$paramod$d10354c6a96dde45072006c7ddf03c042761ad93\picorv32.$proc$../picorv32.v:1402$1166'.
  created $dff cell `$procdff$5597' with positive edge clock.
Creating register for signal `$paramod$d10354c6a96dde45072006c7ddf03c042761ad93\picorv32.\timer' using process `$paramod$d10354c6a96dde45072006c7ddf03c042761ad93\picorv32.$proc$../picorv32.v:1402$1166'.
  created $dff cell `$procdff$5598' with positive edge clock.
Creating register for signal `$paramod$d10354c6a96dde45072006c7ddf03c042761ad93\picorv32.\mem_wordsize' using process `$paramod$d10354c6a96dde45072006c7ddf03c042761ad93\picorv32.$proc$../picorv32.v:1402$1166'.
  created $dff cell `$procdff$5599' with positive edge clock.
Creating register for signal `$paramod$d10354c6a96dde45072006c7ddf03c042761ad93\picorv32.\mem_do_prefetch' using process `$paramod$d10354c6a96dde45072006c7ddf03c042761ad93\picorv32.$proc$../picorv32.v:1402$1166'.
  created $dff cell `$procdff$5600' with positive edge clock.
Creating register for signal `$paramod$d10354c6a96dde45072006c7ddf03c042761ad93\picorv32.\mem_do_rinst' using process `$paramod$d10354c6a96dde45072006c7ddf03c042761ad93\picorv32.$proc$../picorv32.v:1402$1166'.
  created $dff cell `$procdff$5601' with positive edge clock.
Creating register for signal `$paramod$d10354c6a96dde45072006c7ddf03c042761ad93\picorv32.\mem_do_rdata' using process `$paramod$d10354c6a96dde45072006c7ddf03c042761ad93\picorv32.$proc$../picorv32.v:1402$1166'.
  created $dff cell `$procdff$5602' with positive edge clock.
Creating register for signal `$paramod$d10354c6a96dde45072006c7ddf03c042761ad93\picorv32.\mem_do_wdata' using process `$paramod$d10354c6a96dde45072006c7ddf03c042761ad93\picorv32.$proc$../picorv32.v:1402$1166'.
  created $dff cell `$procdff$5603' with positive edge clock.
Creating register for signal `$paramod$d10354c6a96dde45072006c7ddf03c042761ad93\picorv32.\decoder_trigger' using process `$paramod$d10354c6a96dde45072006c7ddf03c042761ad93\picorv32.$proc$../picorv32.v:1402$1166'.
  created $dff cell `$procdff$5604' with positive edge clock.
Creating register for signal `$paramod$d10354c6a96dde45072006c7ddf03c042761ad93\picorv32.\decoder_trigger_q' using process `$paramod$d10354c6a96dde45072006c7ddf03c042761ad93\picorv32.$proc$../picorv32.v:1402$1166'.
  created $dff cell `$procdff$5605' with positive edge clock.
Creating register for signal `$paramod$d10354c6a96dde45072006c7ddf03c042761ad93\picorv32.\decoder_pseudo_trigger' using process `$paramod$d10354c6a96dde45072006c7ddf03c042761ad93\picorv32.$proc$../picorv32.v:1402$1166'.
  created $dff cell `$procdff$5606' with positive edge clock.
Creating register for signal `$paramod$d10354c6a96dde45072006c7ddf03c042761ad93\picorv32.\decoder_pseudo_trigger_q' using process `$paramod$d10354c6a96dde45072006c7ddf03c042761ad93\picorv32.$proc$../picorv32.v:1402$1166'.
  created $dff cell `$procdff$5607' with positive edge clock.
Creating register for signal `$paramod$d10354c6a96dde45072006c7ddf03c042761ad93\picorv32.\dbg_rs1val' using process `$paramod$d10354c6a96dde45072006c7ddf03c042761ad93\picorv32.$proc$../picorv32.v:1402$1166'.
  created $dff cell `$procdff$5608' with positive edge clock.
Creating register for signal `$paramod$d10354c6a96dde45072006c7ddf03c042761ad93\picorv32.\dbg_rs2val' using process `$paramod$d10354c6a96dde45072006c7ddf03c042761ad93\picorv32.$proc$../picorv32.v:1402$1166'.
  created $dff cell `$procdff$5609' with positive edge clock.
Creating register for signal `$paramod$d10354c6a96dde45072006c7ddf03c042761ad93\picorv32.\dbg_rs1val_valid' using process `$paramod$d10354c6a96dde45072006c7ddf03c042761ad93\picorv32.$proc$../picorv32.v:1402$1166'.
  created $dff cell `$procdff$5610' with positive edge clock.
Creating register for signal `$paramod$d10354c6a96dde45072006c7ddf03c042761ad93\picorv32.\dbg_rs2val_valid' using process `$paramod$d10354c6a96dde45072006c7ddf03c042761ad93\picorv32.$proc$../picorv32.v:1402$1166'.
  created $dff cell `$procdff$5611' with positive edge clock.
Creating register for signal `$paramod$d10354c6a96dde45072006c7ddf03c042761ad93\picorv32.\cpu_state' using process `$paramod$d10354c6a96dde45072006c7ddf03c042761ad93\picorv32.$proc$../picorv32.v:1402$1166'.
  created $dff cell `$procdff$5612' with positive edge clock.
Creating register for signal `$paramod$d10354c6a96dde45072006c7ddf03c042761ad93\picorv32.\irq_state' using process `$paramod$d10354c6a96dde45072006c7ddf03c042761ad93\picorv32.$proc$../picorv32.v:1402$1166'.
  created $dff cell `$procdff$5613' with positive edge clock.
Creating register for signal `$paramod$d10354c6a96dde45072006c7ddf03c042761ad93\picorv32.\set_mem_do_rinst' using process `$paramod$d10354c6a96dde45072006c7ddf03c042761ad93\picorv32.$proc$../picorv32.v:1402$1166'.
  created $dff cell `$procdff$5614' with positive edge clock.
Creating register for signal `$paramod$d10354c6a96dde45072006c7ddf03c042761ad93\picorv32.\set_mem_do_rdata' using process `$paramod$d10354c6a96dde45072006c7ddf03c042761ad93\picorv32.$proc$../picorv32.v:1402$1166'.
  created $dff cell `$procdff$5615' with positive edge clock.
Creating register for signal `$paramod$d10354c6a96dde45072006c7ddf03c042761ad93\picorv32.\set_mem_do_wdata' using process `$paramod$d10354c6a96dde45072006c7ddf03c042761ad93\picorv32.$proc$../picorv32.v:1402$1166'.
  created $dff cell `$procdff$5616' with positive edge clock.
Creating register for signal `$paramod$d10354c6a96dde45072006c7ddf03c042761ad93\picorv32.\latched_store' using process `$paramod$d10354c6a96dde45072006c7ddf03c042761ad93\picorv32.$proc$../picorv32.v:1402$1166'.
  created $dff cell `$procdff$5617' with positive edge clock.
Creating register for signal `$paramod$d10354c6a96dde45072006c7ddf03c042761ad93\picorv32.\latched_stalu' using process `$paramod$d10354c6a96dde45072006c7ddf03c042761ad93\picorv32.$proc$../picorv32.v:1402$1166'.
  created $dff cell `$procdff$5618' with positive edge clock.
Creating register for signal `$paramod$d10354c6a96dde45072006c7ddf03c042761ad93\picorv32.\latched_branch' using process `$paramod$d10354c6a96dde45072006c7ddf03c042761ad93\picorv32.$proc$../picorv32.v:1402$1166'.
  created $dff cell `$procdff$5619' with positive edge clock.
Creating register for signal `$paramod$d10354c6a96dde45072006c7ddf03c042761ad93\picorv32.\latched_compr' using process `$paramod$d10354c6a96dde45072006c7ddf03c042761ad93\picorv32.$proc$../picorv32.v:1402$1166'.
  created $dff cell `$procdff$5620' with positive edge clock.
Creating register for signal `$paramod$d10354c6a96dde45072006c7ddf03c042761ad93\picorv32.\latched_trace' using process `$paramod$d10354c6a96dde45072006c7ddf03c042761ad93\picorv32.$proc$../picorv32.v:1402$1166'.
  created $dff cell `$procdff$5621' with positive edge clock.
Creating register for signal `$paramod$d10354c6a96dde45072006c7ddf03c042761ad93\picorv32.\latched_is_lu' using process `$paramod$d10354c6a96dde45072006c7ddf03c042761ad93\picorv32.$proc$../picorv32.v:1402$1166'.
  created $dff cell `$procdff$5622' with positive edge clock.
Creating register for signal `$paramod$d10354c6a96dde45072006c7ddf03c042761ad93\picorv32.\latched_is_lh' using process `$paramod$d10354c6a96dde45072006c7ddf03c042761ad93\picorv32.$proc$../picorv32.v:1402$1166'.
  created $dff cell `$procdff$5623' with positive edge clock.
Creating register for signal `$paramod$d10354c6a96dde45072006c7ddf03c042761ad93\picorv32.\latched_is_lb' using process `$paramod$d10354c6a96dde45072006c7ddf03c042761ad93\picorv32.$proc$../picorv32.v:1402$1166'.
  created $dff cell `$procdff$5624' with positive edge clock.
Creating register for signal `$paramod$d10354c6a96dde45072006c7ddf03c042761ad93\picorv32.\latched_rd' using process `$paramod$d10354c6a96dde45072006c7ddf03c042761ad93\picorv32.$proc$../picorv32.v:1402$1166'.
  created $dff cell `$procdff$5625' with positive edge clock.
Creating register for signal `$paramod$d10354c6a96dde45072006c7ddf03c042761ad93\picorv32.\current_pc' using process `$paramod$d10354c6a96dde45072006c7ddf03c042761ad93\picorv32.$proc$../picorv32.v:1402$1166'.
  created $dff cell `$procdff$5626' with positive edge clock.
Creating register for signal `$paramod$d10354c6a96dde45072006c7ddf03c042761ad93\picorv32.\pcpi_timeout_counter' using process `$paramod$d10354c6a96dde45072006c7ddf03c042761ad93\picorv32.$proc$../picorv32.v:1402$1166'.
  created $dff cell `$procdff$5627' with positive edge clock.
Creating register for signal `$paramod$d10354c6a96dde45072006c7ddf03c042761ad93\picorv32.\pcpi_timeout' using process `$paramod$d10354c6a96dde45072006c7ddf03c042761ad93\picorv32.$proc$../picorv32.v:1402$1166'.
  created $dff cell `$procdff$5628' with positive edge clock.
Creating register for signal `$paramod$d10354c6a96dde45072006c7ddf03c042761ad93\picorv32.\next_irq_pending' using process `$paramod$d10354c6a96dde45072006c7ddf03c042761ad93\picorv32.$proc$../picorv32.v:1402$1166'.
  created $dff cell `$procdff$5629' with positive edge clock.
Creating register for signal `$paramod$d10354c6a96dde45072006c7ddf03c042761ad93\picorv32.\do_waitirq' using process `$paramod$d10354c6a96dde45072006c7ddf03c042761ad93\picorv32.$proc$../picorv32.v:1402$1166'.
  created $dff cell `$procdff$5630' with positive edge clock.
Creating register for signal `$paramod$d10354c6a96dde45072006c7ddf03c042761ad93\picorv32.\alu_out_q' using process `$paramod$d10354c6a96dde45072006c7ddf03c042761ad93\picorv32.$proc$../picorv32.v:1402$1166'.
  created $dff cell `$procdff$5631' with positive edge clock.
Creating register for signal `$paramod$d10354c6a96dde45072006c7ddf03c042761ad93\picorv32.\alu_out_0_q' using process `$paramod$d10354c6a96dde45072006c7ddf03c042761ad93\picorv32.$proc$../picorv32.v:1402$1166'.
  created $dff cell `$procdff$5632' with positive edge clock.
Creating register for signal `$paramod$d10354c6a96dde45072006c7ddf03c042761ad93\picorv32.\alu_wait' using process `$paramod$d10354c6a96dde45072006c7ddf03c042761ad93\picorv32.$proc$../picorv32.v:1402$1166'.
  created $dff cell `$procdff$5633' with positive edge clock.
Creating register for signal `$paramod$d10354c6a96dde45072006c7ddf03c042761ad93\picorv32.\alu_wait_2' using process `$paramod$d10354c6a96dde45072006c7ddf03c042761ad93\picorv32.$proc$../picorv32.v:1402$1166'.
  created $dff cell `$procdff$5634' with positive edge clock.
Creating register for signal `$paramod$d10354c6a96dde45072006c7ddf03c042761ad93\picorv32.\clear_prefetched_high_word_q' using process `$paramod$d10354c6a96dde45072006c7ddf03c042761ad93\picorv32.$proc$../picorv32.v:1293$1132'.
  created $dff cell `$procdff$5635' with positive edge clock.
Creating register for signal `$paramod$d10354c6a96dde45072006c7ddf03c042761ad93\picorv32.\pcpi_insn' using process `$paramod$d10354c6a96dde45072006c7ddf03c042761ad93\picorv32.$proc$../picorv32.v:858$835'.
  created $dff cell `$procdff$5636' with positive edge clock.
Creating register for signal `$paramod$d10354c6a96dde45072006c7ddf03c042761ad93\picorv32.\instr_lui' using process `$paramod$d10354c6a96dde45072006c7ddf03c042761ad93\picorv32.$proc$../picorv32.v:858$835'.
  created $dff cell `$procdff$5637' with positive edge clock.
Creating register for signal `$paramod$d10354c6a96dde45072006c7ddf03c042761ad93\picorv32.\instr_auipc' using process `$paramod$d10354c6a96dde45072006c7ddf03c042761ad93\picorv32.$proc$../picorv32.v:858$835'.
  created $dff cell `$procdff$5638' with positive edge clock.
Creating register for signal `$paramod$d10354c6a96dde45072006c7ddf03c042761ad93\picorv32.\instr_jal' using process `$paramod$d10354c6a96dde45072006c7ddf03c042761ad93\picorv32.$proc$../picorv32.v:858$835'.
  created $dff cell `$procdff$5639' with positive edge clock.
Creating register for signal `$paramod$d10354c6a96dde45072006c7ddf03c042761ad93\picorv32.\instr_jalr' using process `$paramod$d10354c6a96dde45072006c7ddf03c042761ad93\picorv32.$proc$../picorv32.v:858$835'.
  created $dff cell `$procdff$5640' with positive edge clock.
Creating register for signal `$paramod$d10354c6a96dde45072006c7ddf03c042761ad93\picorv32.\instr_beq' using process `$paramod$d10354c6a96dde45072006c7ddf03c042761ad93\picorv32.$proc$../picorv32.v:858$835'.
  created $dff cell `$procdff$5641' with positive edge clock.
Creating register for signal `$paramod$d10354c6a96dde45072006c7ddf03c042761ad93\picorv32.\instr_bne' using process `$paramod$d10354c6a96dde45072006c7ddf03c042761ad93\picorv32.$proc$../picorv32.v:858$835'.
  created $dff cell `$procdff$5642' with positive edge clock.
Creating register for signal `$paramod$d10354c6a96dde45072006c7ddf03c042761ad93\picorv32.\instr_blt' using process `$paramod$d10354c6a96dde45072006c7ddf03c042761ad93\picorv32.$proc$../picorv32.v:858$835'.
  created $dff cell `$procdff$5643' with positive edge clock.
Creating register for signal `$paramod$d10354c6a96dde45072006c7ddf03c042761ad93\picorv32.\instr_bge' using process `$paramod$d10354c6a96dde45072006c7ddf03c042761ad93\picorv32.$proc$../picorv32.v:858$835'.
  created $dff cell `$procdff$5644' with positive edge clock.
Creating register for signal `$paramod$d10354c6a96dde45072006c7ddf03c042761ad93\picorv32.\instr_bltu' using process `$paramod$d10354c6a96dde45072006c7ddf03c042761ad93\picorv32.$proc$../picorv32.v:858$835'.
  created $dff cell `$procdff$5645' with positive edge clock.
Creating register for signal `$paramod$d10354c6a96dde45072006c7ddf03c042761ad93\picorv32.\instr_bgeu' using process `$paramod$d10354c6a96dde45072006c7ddf03c042761ad93\picorv32.$proc$../picorv32.v:858$835'.
  created $dff cell `$procdff$5646' with positive edge clock.
Creating register for signal `$paramod$d10354c6a96dde45072006c7ddf03c042761ad93\picorv32.\instr_lb' using process `$paramod$d10354c6a96dde45072006c7ddf03c042761ad93\picorv32.$proc$../picorv32.v:858$835'.
  created $dff cell `$procdff$5647' with positive edge clock.
Creating register for signal `$paramod$d10354c6a96dde45072006c7ddf03c042761ad93\picorv32.\instr_lh' using process `$paramod$d10354c6a96dde45072006c7ddf03c042761ad93\picorv32.$proc$../picorv32.v:858$835'.
  created $dff cell `$procdff$5648' with positive edge clock.
Creating register for signal `$paramod$d10354c6a96dde45072006c7ddf03c042761ad93\picorv32.\instr_lw' using process `$paramod$d10354c6a96dde45072006c7ddf03c042761ad93\picorv32.$proc$../picorv32.v:858$835'.
  created $dff cell `$procdff$5649' with positive edge clock.
Creating register for signal `$paramod$d10354c6a96dde45072006c7ddf03c042761ad93\picorv32.\instr_lbu' using process `$paramod$d10354c6a96dde45072006c7ddf03c042761ad93\picorv32.$proc$../picorv32.v:858$835'.
  created $dff cell `$procdff$5650' with positive edge clock.
Creating register for signal `$paramod$d10354c6a96dde45072006c7ddf03c042761ad93\picorv32.\instr_lhu' using process `$paramod$d10354c6a96dde45072006c7ddf03c042761ad93\picorv32.$proc$../picorv32.v:858$835'.
  created $dff cell `$procdff$5651' with positive edge clock.
Creating register for signal `$paramod$d10354c6a96dde45072006c7ddf03c042761ad93\picorv32.\instr_sb' using process `$paramod$d10354c6a96dde45072006c7ddf03c042761ad93\picorv32.$proc$../picorv32.v:858$835'.
  created $dff cell `$procdff$5652' with positive edge clock.
Creating register for signal `$paramod$d10354c6a96dde45072006c7ddf03c042761ad93\picorv32.\instr_sh' using process `$paramod$d10354c6a96dde45072006c7ddf03c042761ad93\picorv32.$proc$../picorv32.v:858$835'.
  created $dff cell `$procdff$5653' with positive edge clock.
Creating register for signal `$paramod$d10354c6a96dde45072006c7ddf03c042761ad93\picorv32.\instr_sw' using process `$paramod$d10354c6a96dde45072006c7ddf03c042761ad93\picorv32.$proc$../picorv32.v:858$835'.
  created $dff cell `$procdff$5654' with positive edge clock.
Creating register for signal `$paramod$d10354c6a96dde45072006c7ddf03c042761ad93\picorv32.\instr_addi' using process `$paramod$d10354c6a96dde45072006c7ddf03c042761ad93\picorv32.$proc$../picorv32.v:858$835'.
  created $dff cell `$procdff$5655' with positive edge clock.
Creating register for signal `$paramod$d10354c6a96dde45072006c7ddf03c042761ad93\picorv32.\instr_slti' using process `$paramod$d10354c6a96dde45072006c7ddf03c042761ad93\picorv32.$proc$../picorv32.v:858$835'.
  created $dff cell `$procdff$5656' with positive edge clock.
Creating register for signal `$paramod$d10354c6a96dde45072006c7ddf03c042761ad93\picorv32.\instr_sltiu' using process `$paramod$d10354c6a96dde45072006c7ddf03c042761ad93\picorv32.$proc$../picorv32.v:858$835'.
  created $dff cell `$procdff$5657' with positive edge clock.
Creating register for signal `$paramod$d10354c6a96dde45072006c7ddf03c042761ad93\picorv32.\instr_xori' using process `$paramod$d10354c6a96dde45072006c7ddf03c042761ad93\picorv32.$proc$../picorv32.v:858$835'.
  created $dff cell `$procdff$5658' with positive edge clock.
Creating register for signal `$paramod$d10354c6a96dde45072006c7ddf03c042761ad93\picorv32.\instr_ori' using process `$paramod$d10354c6a96dde45072006c7ddf03c042761ad93\picorv32.$proc$../picorv32.v:858$835'.
  created $dff cell `$procdff$5659' with positive edge clock.
Creating register for signal `$paramod$d10354c6a96dde45072006c7ddf03c042761ad93\picorv32.\instr_andi' using process `$paramod$d10354c6a96dde45072006c7ddf03c042761ad93\picorv32.$proc$../picorv32.v:858$835'.
  created $dff cell `$procdff$5660' with positive edge clock.
Creating register for signal `$paramod$d10354c6a96dde45072006c7ddf03c042761ad93\picorv32.\instr_slli' using process `$paramod$d10354c6a96dde45072006c7ddf03c042761ad93\picorv32.$proc$../picorv32.v:858$835'.
  created $dff cell `$procdff$5661' with positive edge clock.
Creating register for signal `$paramod$d10354c6a96dde45072006c7ddf03c042761ad93\picorv32.\instr_srli' using process `$paramod$d10354c6a96dde45072006c7ddf03c042761ad93\picorv32.$proc$../picorv32.v:858$835'.
  created $dff cell `$procdff$5662' with positive edge clock.
Creating register for signal `$paramod$d10354c6a96dde45072006c7ddf03c042761ad93\picorv32.\instr_srai' using process `$paramod$d10354c6a96dde45072006c7ddf03c042761ad93\picorv32.$proc$../picorv32.v:858$835'.
  created $dff cell `$procdff$5663' with positive edge clock.
Creating register for signal `$paramod$d10354c6a96dde45072006c7ddf03c042761ad93\picorv32.\instr_add' using process `$paramod$d10354c6a96dde45072006c7ddf03c042761ad93\picorv32.$proc$../picorv32.v:858$835'.
  created $dff cell `$procdff$5664' with positive edge clock.
Creating register for signal `$paramod$d10354c6a96dde45072006c7ddf03c042761ad93\picorv32.\instr_sub' using process `$paramod$d10354c6a96dde45072006c7ddf03c042761ad93\picorv32.$proc$../picorv32.v:858$835'.
  created $dff cell `$procdff$5665' with positive edge clock.
Creating register for signal `$paramod$d10354c6a96dde45072006c7ddf03c042761ad93\picorv32.\instr_sll' using process `$paramod$d10354c6a96dde45072006c7ddf03c042761ad93\picorv32.$proc$../picorv32.v:858$835'.
  created $dff cell `$procdff$5666' with positive edge clock.
Creating register for signal `$paramod$d10354c6a96dde45072006c7ddf03c042761ad93\picorv32.\instr_slt' using process `$paramod$d10354c6a96dde45072006c7ddf03c042761ad93\picorv32.$proc$../picorv32.v:858$835'.
  created $dff cell `$procdff$5667' with positive edge clock.
Creating register for signal `$paramod$d10354c6a96dde45072006c7ddf03c042761ad93\picorv32.\instr_sltu' using process `$paramod$d10354c6a96dde45072006c7ddf03c042761ad93\picorv32.$proc$../picorv32.v:858$835'.
  created $dff cell `$procdff$5668' with positive edge clock.
Creating register for signal `$paramod$d10354c6a96dde45072006c7ddf03c042761ad93\picorv32.\instr_xor' using process `$paramod$d10354c6a96dde45072006c7ddf03c042761ad93\picorv32.$proc$../picorv32.v:858$835'.
  created $dff cell `$procdff$5669' with positive edge clock.
Creating register for signal `$paramod$d10354c6a96dde45072006c7ddf03c042761ad93\picorv32.\instr_srl' using process `$paramod$d10354c6a96dde45072006c7ddf03c042761ad93\picorv32.$proc$../picorv32.v:858$835'.
  created $dff cell `$procdff$5670' with positive edge clock.
Creating register for signal `$paramod$d10354c6a96dde45072006c7ddf03c042761ad93\picorv32.\instr_sra' using process `$paramod$d10354c6a96dde45072006c7ddf03c042761ad93\picorv32.$proc$../picorv32.v:858$835'.
  created $dff cell `$procdff$5671' with positive edge clock.
Creating register for signal `$paramod$d10354c6a96dde45072006c7ddf03c042761ad93\picorv32.\instr_or' using process `$paramod$d10354c6a96dde45072006c7ddf03c042761ad93\picorv32.$proc$../picorv32.v:858$835'.
  created $dff cell `$procdff$5672' with positive edge clock.
Creating register for signal `$paramod$d10354c6a96dde45072006c7ddf03c042761ad93\picorv32.\instr_and' using process `$paramod$d10354c6a96dde45072006c7ddf03c042761ad93\picorv32.$proc$../picorv32.v:858$835'.
  created $dff cell `$procdff$5673' with positive edge clock.
Creating register for signal `$paramod$d10354c6a96dde45072006c7ddf03c042761ad93\picorv32.\instr_rdcycle' using process `$paramod$d10354c6a96dde45072006c7ddf03c042761ad93\picorv32.$proc$../picorv32.v:858$835'.
  created $dff cell `$procdff$5674' with positive edge clock.
Creating register for signal `$paramod$d10354c6a96dde45072006c7ddf03c042761ad93\picorv32.\instr_rdcycleh' using process `$paramod$d10354c6a96dde45072006c7ddf03c042761ad93\picorv32.$proc$../picorv32.v:858$835'.
  created $dff cell `$procdff$5675' with positive edge clock.
Creating register for signal `$paramod$d10354c6a96dde45072006c7ddf03c042761ad93\picorv32.\instr_rdinstr' using process `$paramod$d10354c6a96dde45072006c7ddf03c042761ad93\picorv32.$proc$../picorv32.v:858$835'.
  created $dff cell `$procdff$5676' with positive edge clock.
Creating register for signal `$paramod$d10354c6a96dde45072006c7ddf03c042761ad93\picorv32.\instr_rdinstrh' using process `$paramod$d10354c6a96dde45072006c7ddf03c042761ad93\picorv32.$proc$../picorv32.v:858$835'.
  created $dff cell `$procdff$5677' with positive edge clock.
Creating register for signal `$paramod$d10354c6a96dde45072006c7ddf03c042761ad93\picorv32.\instr_ecall_ebreak' using process `$paramod$d10354c6a96dde45072006c7ddf03c042761ad93\picorv32.$proc$../picorv32.v:858$835'.
  created $dff cell `$procdff$5678' with positive edge clock.
Creating register for signal `$paramod$d10354c6a96dde45072006c7ddf03c042761ad93\picorv32.\instr_fence' using process `$paramod$d10354c6a96dde45072006c7ddf03c042761ad93\picorv32.$proc$../picorv32.v:858$835'.
  created $dff cell `$procdff$5679' with positive edge clock.
Creating register for signal `$paramod$d10354c6a96dde45072006c7ddf03c042761ad93\picorv32.\instr_getq' using process `$paramod$d10354c6a96dde45072006c7ddf03c042761ad93\picorv32.$proc$../picorv32.v:858$835'.
  created $dff cell `$procdff$5680' with positive edge clock.
Creating register for signal `$paramod$d10354c6a96dde45072006c7ddf03c042761ad93\picorv32.\instr_setq' using process `$paramod$d10354c6a96dde45072006c7ddf03c042761ad93\picorv32.$proc$../picorv32.v:858$835'.
  created $dff cell `$procdff$5681' with positive edge clock.
Creating register for signal `$paramod$d10354c6a96dde45072006c7ddf03c042761ad93\picorv32.\instr_retirq' using process `$paramod$d10354c6a96dde45072006c7ddf03c042761ad93\picorv32.$proc$../picorv32.v:858$835'.
  created $dff cell `$procdff$5682' with positive edge clock.
Creating register for signal `$paramod$d10354c6a96dde45072006c7ddf03c042761ad93\picorv32.\instr_maskirq' using process `$paramod$d10354c6a96dde45072006c7ddf03c042761ad93\picorv32.$proc$../picorv32.v:858$835'.
  created $dff cell `$procdff$5683' with positive edge clock.
Creating register for signal `$paramod$d10354c6a96dde45072006c7ddf03c042761ad93\picorv32.\instr_waitirq' using process `$paramod$d10354c6a96dde45072006c7ddf03c042761ad93\picorv32.$proc$../picorv32.v:858$835'.
  created $dff cell `$procdff$5684' with positive edge clock.
Creating register for signal `$paramod$d10354c6a96dde45072006c7ddf03c042761ad93\picorv32.\instr_timer' using process `$paramod$d10354c6a96dde45072006c7ddf03c042761ad93\picorv32.$proc$../picorv32.v:858$835'.
  created $dff cell `$procdff$5685' with positive edge clock.
Creating register for signal `$paramod$d10354c6a96dde45072006c7ddf03c042761ad93\picorv32.\decoded_rd' using process `$paramod$d10354c6a96dde45072006c7ddf03c042761ad93\picorv32.$proc$../picorv32.v:858$835'.
  created $dff cell `$procdff$5686' with positive edge clock.
Creating register for signal `$paramod$d10354c6a96dde45072006c7ddf03c042761ad93\picorv32.\decoded_rs1' using process `$paramod$d10354c6a96dde45072006c7ddf03c042761ad93\picorv32.$proc$../picorv32.v:858$835'.
  created $dff cell `$procdff$5687' with positive edge clock.
Creating register for signal `$paramod$d10354c6a96dde45072006c7ddf03c042761ad93\picorv32.\decoded_rs2' using process `$paramod$d10354c6a96dde45072006c7ddf03c042761ad93\picorv32.$proc$../picorv32.v:858$835'.
  created $dff cell `$procdff$5688' with positive edge clock.
Creating register for signal `$paramod$d10354c6a96dde45072006c7ddf03c042761ad93\picorv32.\decoded_imm' using process `$paramod$d10354c6a96dde45072006c7ddf03c042761ad93\picorv32.$proc$../picorv32.v:858$835'.
  created $dff cell `$procdff$5689' with positive edge clock.
Creating register for signal `$paramod$d10354c6a96dde45072006c7ddf03c042761ad93\picorv32.\decoded_imm_j' using process `$paramod$d10354c6a96dde45072006c7ddf03c042761ad93\picorv32.$proc$../picorv32.v:858$835'.
  created $dff cell `$procdff$5690' with positive edge clock.
Creating register for signal `$paramod$d10354c6a96dde45072006c7ddf03c042761ad93\picorv32.\compressed_instr' using process `$paramod$d10354c6a96dde45072006c7ddf03c042761ad93\picorv32.$proc$../picorv32.v:858$835'.
  created $dff cell `$procdff$5691' with positive edge clock.
Creating register for signal `$paramod$d10354c6a96dde45072006c7ddf03c042761ad93\picorv32.\is_lui_auipc_jal' using process `$paramod$d10354c6a96dde45072006c7ddf03c042761ad93\picorv32.$proc$../picorv32.v:858$835'.
  created $dff cell `$procdff$5692' with positive edge clock.
Creating register for signal `$paramod$d10354c6a96dde45072006c7ddf03c042761ad93\picorv32.\is_lb_lh_lw_lbu_lhu' using process `$paramod$d10354c6a96dde45072006c7ddf03c042761ad93\picorv32.$proc$../picorv32.v:858$835'.
  created $dff cell `$procdff$5693' with positive edge clock.
Creating register for signal `$paramod$d10354c6a96dde45072006c7ddf03c042761ad93\picorv32.\is_slli_srli_srai' using process `$paramod$d10354c6a96dde45072006c7ddf03c042761ad93\picorv32.$proc$../picorv32.v:858$835'.
  created $dff cell `$procdff$5694' with positive edge clock.
Creating register for signal `$paramod$d10354c6a96dde45072006c7ddf03c042761ad93\picorv32.\is_jalr_addi_slti_sltiu_xori_ori_andi' using process `$paramod$d10354c6a96dde45072006c7ddf03c042761ad93\picorv32.$proc$../picorv32.v:858$835'.
  created $dff cell `$procdff$5695' with positive edge clock.
Creating register for signal `$paramod$d10354c6a96dde45072006c7ddf03c042761ad93\picorv32.\is_sb_sh_sw' using process `$paramod$d10354c6a96dde45072006c7ddf03c042761ad93\picorv32.$proc$../picorv32.v:858$835'.
  created $dff cell `$procdff$5696' with positive edge clock.
Creating register for signal `$paramod$d10354c6a96dde45072006c7ddf03c042761ad93\picorv32.\is_sll_srl_sra' using process `$paramod$d10354c6a96dde45072006c7ddf03c042761ad93\picorv32.$proc$../picorv32.v:858$835'.
  created $dff cell `$procdff$5697' with positive edge clock.
Creating register for signal `$paramod$d10354c6a96dde45072006c7ddf03c042761ad93\picorv32.\is_lui_auipc_jal_jalr_addi_add_sub' using process `$paramod$d10354c6a96dde45072006c7ddf03c042761ad93\picorv32.$proc$../picorv32.v:858$835'.
  created $dff cell `$procdff$5698' with positive edge clock.
Creating register for signal `$paramod$d10354c6a96dde45072006c7ddf03c042761ad93\picorv32.\is_slti_blt_slt' using process `$paramod$d10354c6a96dde45072006c7ddf03c042761ad93\picorv32.$proc$../picorv32.v:858$835'.
  created $dff cell `$procdff$5699' with positive edge clock.
Creating register for signal `$paramod$d10354c6a96dde45072006c7ddf03c042761ad93\picorv32.\is_sltiu_bltu_sltu' using process `$paramod$d10354c6a96dde45072006c7ddf03c042761ad93\picorv32.$proc$../picorv32.v:858$835'.
  created $dff cell `$procdff$5700' with positive edge clock.
Creating register for signal `$paramod$d10354c6a96dde45072006c7ddf03c042761ad93\picorv32.\is_beq_bne_blt_bge_bltu_bgeu' using process `$paramod$d10354c6a96dde45072006c7ddf03c042761ad93\picorv32.$proc$../picorv32.v:858$835'.
  created $dff cell `$procdff$5701' with positive edge clock.
Creating register for signal `$paramod$d10354c6a96dde45072006c7ddf03c042761ad93\picorv32.\is_lbu_lhu_lw' using process `$paramod$d10354c6a96dde45072006c7ddf03c042761ad93\picorv32.$proc$../picorv32.v:858$835'.
  created $dff cell `$procdff$5702' with positive edge clock.
Creating register for signal `$paramod$d10354c6a96dde45072006c7ddf03c042761ad93\picorv32.\is_alu_reg_imm' using process `$paramod$d10354c6a96dde45072006c7ddf03c042761ad93\picorv32.$proc$../picorv32.v:858$835'.
  created $dff cell `$procdff$5703' with positive edge clock.
Creating register for signal `$paramod$d10354c6a96dde45072006c7ddf03c042761ad93\picorv32.\is_alu_reg_reg' using process `$paramod$d10354c6a96dde45072006c7ddf03c042761ad93\picorv32.$proc$../picorv32.v:858$835'.
  created $dff cell `$procdff$5704' with positive edge clock.
Creating register for signal `$paramod$d10354c6a96dde45072006c7ddf03c042761ad93\picorv32.\is_compare' using process `$paramod$d10354c6a96dde45072006c7ddf03c042761ad93\picorv32.$proc$../picorv32.v:858$835'.
  created $dff cell `$procdff$5705' with positive edge clock.
Creating register for signal `$paramod$d10354c6a96dde45072006c7ddf03c042761ad93\picorv32.\dbg_insn_addr' using process `$paramod$d10354c6a96dde45072006c7ddf03c042761ad93\picorv32.$proc$../picorv32.v:778$829'.
  created $dff cell `$procdff$5706' with positive edge clock.
Creating register for signal `$paramod$d10354c6a96dde45072006c7ddf03c042761ad93\picorv32.\q_ascii_instr' using process `$paramod$d10354c6a96dde45072006c7ddf03c042761ad93\picorv32.$proc$../picorv32.v:778$829'.
  created $dff cell `$procdff$5707' with positive edge clock.
Creating register for signal `$paramod$d10354c6a96dde45072006c7ddf03c042761ad93\picorv32.\q_insn_imm' using process `$paramod$d10354c6a96dde45072006c7ddf03c042761ad93\picorv32.$proc$../picorv32.v:778$829'.
  created $dff cell `$procdff$5708' with positive edge clock.
Creating register for signal `$paramod$d10354c6a96dde45072006c7ddf03c042761ad93\picorv32.\q_insn_opcode' using process `$paramod$d10354c6a96dde45072006c7ddf03c042761ad93\picorv32.$proc$../picorv32.v:778$829'.
  created $dff cell `$procdff$5709' with positive edge clock.
Creating register for signal `$paramod$d10354c6a96dde45072006c7ddf03c042761ad93\picorv32.\q_insn_rs1' using process `$paramod$d10354c6a96dde45072006c7ddf03c042761ad93\picorv32.$proc$../picorv32.v:778$829'.
  created $dff cell `$procdff$5710' with positive edge clock.
Creating register for signal `$paramod$d10354c6a96dde45072006c7ddf03c042761ad93\picorv32.\q_insn_rs2' using process `$paramod$d10354c6a96dde45072006c7ddf03c042761ad93\picorv32.$proc$../picorv32.v:778$829'.
  created $dff cell `$procdff$5711' with positive edge clock.
Creating register for signal `$paramod$d10354c6a96dde45072006c7ddf03c042761ad93\picorv32.\q_insn_rd' using process `$paramod$d10354c6a96dde45072006c7ddf03c042761ad93\picorv32.$proc$../picorv32.v:778$829'.
  created $dff cell `$procdff$5712' with positive edge clock.
Creating register for signal `$paramod$d10354c6a96dde45072006c7ddf03c042761ad93\picorv32.\dbg_next' using process `$paramod$d10354c6a96dde45072006c7ddf03c042761ad93\picorv32.$proc$../picorv32.v:778$829'.
  created $dff cell `$procdff$5713' with positive edge clock.
Creating register for signal `$paramod$d10354c6a96dde45072006c7ddf03c042761ad93\picorv32.\dbg_valid_insn' using process `$paramod$d10354c6a96dde45072006c7ddf03c042761ad93\picorv32.$proc$../picorv32.v:778$829'.
  created $dff cell `$procdff$5714' with positive edge clock.
Creating register for signal `$paramod$d10354c6a96dde45072006c7ddf03c042761ad93\picorv32.\cached_ascii_instr' using process `$paramod$d10354c6a96dde45072006c7ddf03c042761ad93\picorv32.$proc$../picorv32.v:778$829'.
  created $dff cell `$procdff$5715' with positive edge clock.
Creating register for signal `$paramod$d10354c6a96dde45072006c7ddf03c042761ad93\picorv32.\cached_insn_imm' using process `$paramod$d10354c6a96dde45072006c7ddf03c042761ad93\picorv32.$proc$../picorv32.v:778$829'.
  created $dff cell `$procdff$5716' with positive edge clock.
Creating register for signal `$paramod$d10354c6a96dde45072006c7ddf03c042761ad93\picorv32.\cached_insn_opcode' using process `$paramod$d10354c6a96dde45072006c7ddf03c042761ad93\picorv32.$proc$../picorv32.v:778$829'.
  created $dff cell `$procdff$5717' with positive edge clock.
Creating register for signal `$paramod$d10354c6a96dde45072006c7ddf03c042761ad93\picorv32.\cached_insn_rs1' using process `$paramod$d10354c6a96dde45072006c7ddf03c042761ad93\picorv32.$proc$../picorv32.v:778$829'.
  created $dff cell `$procdff$5718' with positive edge clock.
Creating register for signal `$paramod$d10354c6a96dde45072006c7ddf03c042761ad93\picorv32.\cached_insn_rs2' using process `$paramod$d10354c6a96dde45072006c7ddf03c042761ad93\picorv32.$proc$../picorv32.v:778$829'.
  created $dff cell `$procdff$5719' with positive edge clock.
Creating register for signal `$paramod$d10354c6a96dde45072006c7ddf03c042761ad93\picorv32.\cached_insn_rd' using process `$paramod$d10354c6a96dde45072006c7ddf03c042761ad93\picorv32.$proc$../picorv32.v:778$829'.
  created $dff cell `$procdff$5720' with positive edge clock.
Creating register for signal `$paramod$d10354c6a96dde45072006c7ddf03c042761ad93\picorv32.\mem_valid' using process `$paramod$d10354c6a96dde45072006c7ddf03c042761ad93\picorv32.$proc$../picorv32.v:565$804'.
  created $dff cell `$procdff$5721' with positive edge clock.
Creating register for signal `$paramod$d10354c6a96dde45072006c7ddf03c042761ad93\picorv32.\mem_instr' using process `$paramod$d10354c6a96dde45072006c7ddf03c042761ad93\picorv32.$proc$../picorv32.v:565$804'.
  created $dff cell `$procdff$5722' with positive edge clock.
Creating register for signal `$paramod$d10354c6a96dde45072006c7ddf03c042761ad93\picorv32.\mem_addr' using process `$paramod$d10354c6a96dde45072006c7ddf03c042761ad93\picorv32.$proc$../picorv32.v:565$804'.
  created $dff cell `$procdff$5723' with positive edge clock.
Creating register for signal `$paramod$d10354c6a96dde45072006c7ddf03c042761ad93\picorv32.\mem_wdata' using process `$paramod$d10354c6a96dde45072006c7ddf03c042761ad93\picorv32.$proc$../picorv32.v:565$804'.
  created $dff cell `$procdff$5724' with positive edge clock.
Creating register for signal `$paramod$d10354c6a96dde45072006c7ddf03c042761ad93\picorv32.\mem_wstrb' using process `$paramod$d10354c6a96dde45072006c7ddf03c042761ad93\picorv32.$proc$../picorv32.v:565$804'.
  created $dff cell `$procdff$5725' with positive edge clock.
Creating register for signal `$paramod$d10354c6a96dde45072006c7ddf03c042761ad93\picorv32.\mem_state' using process `$paramod$d10354c6a96dde45072006c7ddf03c042761ad93\picorv32.$proc$../picorv32.v:565$804'.
  created $dff cell `$procdff$5726' with positive edge clock.
Creating register for signal `$paramod$d10354c6a96dde45072006c7ddf03c042761ad93\picorv32.\mem_la_secondword' using process `$paramod$d10354c6a96dde45072006c7ddf03c042761ad93\picorv32.$proc$../picorv32.v:565$804'.
  created $dff cell `$procdff$5727' with positive edge clock.
Creating register for signal `$paramod$d10354c6a96dde45072006c7ddf03c042761ad93\picorv32.\prefetched_high_word' using process `$paramod$d10354c6a96dde45072006c7ddf03c042761ad93\picorv32.$proc$../picorv32.v:565$804'.
  created $dff cell `$procdff$5728' with positive edge clock.
Creating register for signal `$paramod$d10354c6a96dde45072006c7ddf03c042761ad93\picorv32.\mem_16bit_buffer' using process `$paramod$d10354c6a96dde45072006c7ddf03c042761ad93\picorv32.$proc$../picorv32.v:565$804'.
  created $dff cell `$procdff$5729' with positive edge clock.
Creating register for signal `$paramod$d10354c6a96dde45072006c7ddf03c042761ad93\picorv32.\next_insn_opcode' using process `$paramod$d10354c6a96dde45072006c7ddf03c042761ad93\picorv32.$proc$../picorv32.v:430$766'.
  created $dff cell `$procdff$5730' with positive edge clock.
Creating register for signal `$paramod$d10354c6a96dde45072006c7ddf03c042761ad93\picorv32.\mem_rdata_q' using process `$paramod$d10354c6a96dde45072006c7ddf03c042761ad93\picorv32.$proc$../picorv32.v:430$766'.
  created $dff cell `$procdff$5731' with positive edge clock.
Creating register for signal `$paramod$d10354c6a96dde45072006c7ddf03c042761ad93\picorv32.\mem_la_firstword_reg' using process `$paramod$d10354c6a96dde45072006c7ddf03c042761ad93\picorv32.$proc$../picorv32.v:390$758'.
  created $dff cell `$procdff$5732' with positive edge clock.
Creating register for signal `$paramod$d10354c6a96dde45072006c7ddf03c042761ad93\picorv32.\last_mem_valid' using process `$paramod$d10354c6a96dde45072006c7ddf03c042761ad93\picorv32.$proc$../picorv32.v:390$758'.
  created $dff cell `$procdff$5733' with positive edge clock.
Creating register for signal `\spimem_cache_fifo.\i' using process `\spimem_cache_fifo.$proc$picosoc.v:449$608'.
  created $dff cell `$procdff$5734' with positive edge clock.
Creating register for signal `\spimem_cache_fifo.\hit_count' using process `\spimem_cache_fifo.$proc$picosoc.v:449$608'.
  created $dff cell `$procdff$5735' with positive edge clock.
Creating register for signal `\spimem_cache_fifo.\miss_count' using process `\spimem_cache_fifo.$proc$picosoc.v:449$608'.
  created $dff cell `$procdff$5736' with positive edge clock.
Creating register for signal `\spimem_cache_fifo.\fifo_head' using process `\spimem_cache_fifo.$proc$picosoc.v:449$608'.
  created $dff cell `$procdff$5737' with positive edge clock.
Creating register for signal `\spimem_cache_fifo.$memwr$\cache_valid$picosoc.v:452$550_EN' using process `\spimem_cache_fifo.$proc$picosoc.v:449$608'.
  created $dff cell `$procdff$5738' with positive edge clock.
Creating register for signal `\spimem_cache_fifo.$memwr$\cache_valid$picosoc.v:452$551_EN' using process `\spimem_cache_fifo.$proc$picosoc.v:449$608'.
  created $dff cell `$procdff$5739' with positive edge clock.
Creating register for signal `\spimem_cache_fifo.$memwr$\cache_valid$picosoc.v:452$552_EN' using process `\spimem_cache_fifo.$proc$picosoc.v:449$608'.
  created $dff cell `$procdff$5740' with positive edge clock.
Creating register for signal `\spimem_cache_fifo.$memwr$\cache_valid$picosoc.v:452$553_EN' using process `\spimem_cache_fifo.$proc$picosoc.v:449$608'.
  created $dff cell `$procdff$5741' with positive edge clock.
Creating register for signal `\spimem_cache_fifo.$memwr$\cache_valid$picosoc.v:452$554_EN' using process `\spimem_cache_fifo.$proc$picosoc.v:449$608'.
  created $dff cell `$procdff$5742' with positive edge clock.
Creating register for signal `\spimem_cache_fifo.$memwr$\cache_valid$picosoc.v:452$555_EN' using process `\spimem_cache_fifo.$proc$picosoc.v:449$608'.
  created $dff cell `$procdff$5743' with positive edge clock.
Creating register for signal `\spimem_cache_fifo.$memwr$\cache_valid$picosoc.v:452$556_EN' using process `\spimem_cache_fifo.$proc$picosoc.v:449$608'.
  created $dff cell `$procdff$5744' with positive edge clock.
Creating register for signal `\spimem_cache_fifo.$memwr$\cache_valid$picosoc.v:452$557_EN' using process `\spimem_cache_fifo.$proc$picosoc.v:449$608'.
  created $dff cell `$procdff$5745' with positive edge clock.
Creating register for signal `\spimem_cache_fifo.$memwr$\cache_addr$picosoc.v:468$558_ADDR' using process `\spimem_cache_fifo.$proc$picosoc.v:449$608'.
  created $dff cell `$procdff$5746' with positive edge clock.
Creating register for signal `\spimem_cache_fifo.$memwr$\cache_addr$picosoc.v:468$558_DATA' using process `\spimem_cache_fifo.$proc$picosoc.v:449$608'.
  created $dff cell `$procdff$5747' with positive edge clock.
Creating register for signal `\spimem_cache_fifo.$memwr$\cache_addr$picosoc.v:468$558_EN' using process `\spimem_cache_fifo.$proc$picosoc.v:449$608'.
  created $dff cell `$procdff$5748' with positive edge clock.
Creating register for signal `\spimem_cache_fifo.$memwr$\cache_data$picosoc.v:469$559_ADDR' using process `\spimem_cache_fifo.$proc$picosoc.v:449$608'.
  created $dff cell `$procdff$5749' with positive edge clock.
Creating register for signal `\spimem_cache_fifo.$memwr$\cache_data$picosoc.v:469$559_DATA' using process `\spimem_cache_fifo.$proc$picosoc.v:449$608'.
  created $dff cell `$procdff$5750' with positive edge clock.
Creating register for signal `\spimem_cache_fifo.$memwr$\cache_data$picosoc.v:469$559_EN' using process `\spimem_cache_fifo.$proc$picosoc.v:449$608'.
  created $dff cell `$procdff$5751' with positive edge clock.
Creating register for signal `\spimem_cache_fifo.$memwr$\cache_valid$picosoc.v:470$560_ADDR' using process `\spimem_cache_fifo.$proc$picosoc.v:449$608'.
  created $dff cell `$procdff$5752' with positive edge clock.
Creating register for signal `\spimem_cache_fifo.$memwr$\cache_valid$picosoc.v:470$560_EN' using process `\spimem_cache_fifo.$proc$picosoc.v:449$608'.
  created $dff cell `$procdff$5753' with positive edge clock.
Creating register for signal `\spimemio.\rdata' using process `\spimemio.$proc$spimemio.v:207$529'.
  created $dff cell `$procdff$5754' with positive edge clock.
Creating register for signal `\spimemio.\xfer_resetn' using process `\spimemio.$proc$spimemio.v:207$529'.
  created $dff cell `$procdff$5755' with positive edge clock.
Creating register for signal `\spimemio.\din_valid' using process `\spimemio.$proc$spimemio.v:207$529'.
  created $dff cell `$procdff$5756' with positive edge clock.
Creating register for signal `\spimemio.\din_data' using process `\spimemio.$proc$spimemio.v:207$529'.
  created $dff cell `$procdff$5757' with positive edge clock.
Creating register for signal `\spimemio.\din_tag' using process `\spimemio.$proc$spimemio.v:207$529'.
  created $dff cell `$procdff$5758' with positive edge clock.
Creating register for signal `\spimemio.\din_cont' using process `\spimemio.$proc$spimemio.v:207$529'.
  created $dff cell `$procdff$5759' with positive edge clock.
Creating register for signal `\spimemio.\din_qspi' using process `\spimemio.$proc$spimemio.v:207$529'.
  created $dff cell `$procdff$5760' with positive edge clock.
Creating register for signal `\spimemio.\din_ddr' using process `\spimemio.$proc$spimemio.v:207$529'.
  created $dff cell `$procdff$5761' with positive edge clock.
Creating register for signal `\spimemio.\din_rd' using process `\spimemio.$proc$spimemio.v:207$529'.
  created $dff cell `$procdff$5762' with positive edge clock.
Creating register for signal `\spimemio.\buffer' using process `\spimemio.$proc$spimemio.v:207$529'.
  created $dff cell `$procdff$5763' with positive edge clock.
Creating register for signal `\spimemio.\rd_addr' using process `\spimemio.$proc$spimemio.v:207$529'.
  created $dff cell `$procdff$5764' with positive edge clock.
Creating register for signal `\spimemio.\rd_valid' using process `\spimemio.$proc$spimemio.v:207$529'.
  created $dff cell `$procdff$5765' with positive edge clock.
Creating register for signal `\spimemio.\rd_wait' using process `\spimemio.$proc$spimemio.v:207$529'.
  created $dff cell `$procdff$5766' with positive edge clock.
Creating register for signal `\spimemio.\rd_inc' using process `\spimemio.$proc$spimemio.v:207$529'.
  created $dff cell `$procdff$5767' with positive edge clock.
Creating register for signal `\spimemio.\state' using process `\spimemio.$proc$spimemio.v:207$529'.
  created $dff cell `$procdff$5768' with positive edge clock.
Creating register for signal `\spimemio.\xfer_io0_90' using process `\spimemio.$proc$spimemio.v:151$511'.
  created $dff cell `$procdff$5769' with negative edge clock.
Creating register for signal `\spimemio.\xfer_io1_90' using process `\spimemio.$proc$spimemio.v:151$511'.
  created $dff cell `$procdff$5770' with negative edge clock.
Creating register for signal `\spimemio.\xfer_io2_90' using process `\spimemio.$proc$spimemio.v:151$511'.
  created $dff cell `$procdff$5771' with negative edge clock.
Creating register for signal `\spimemio.\xfer_io3_90' using process `\spimemio.$proc$spimemio.v:151$511'.
  created $dff cell `$procdff$5772' with negative edge clock.
Creating register for signal `\spimemio.\softreset' using process `\spimemio.$proc$spimemio.v:99$507'.
  created $dff cell `$procdff$5773' with positive edge clock.
Creating register for signal `\spimemio.\config_en' using process `\spimemio.$proc$spimemio.v:99$507'.
  created $dff cell `$procdff$5774' with positive edge clock.
Creating register for signal `\spimemio.\config_ddr' using process `\spimemio.$proc$spimemio.v:99$507'.
  created $dff cell `$procdff$5775' with positive edge clock.
Creating register for signal `\spimemio.\config_qspi' using process `\spimemio.$proc$spimemio.v:99$507'.
  created $dff cell `$procdff$5776' with positive edge clock.
Creating register for signal `\spimemio.\config_cont' using process `\spimemio.$proc$spimemio.v:99$507'.
  created $dff cell `$procdff$5777' with positive edge clock.
Creating register for signal `\spimemio.\config_dummy' using process `\spimemio.$proc$spimemio.v:99$507'.
  created $dff cell `$procdff$5778' with positive edge clock.
Creating register for signal `\spimemio.\config_oe' using process `\spimemio.$proc$spimemio.v:99$507'.
  created $dff cell `$procdff$5779' with positive edge clock.
Creating register for signal `\spimemio.\config_csb' using process `\spimemio.$proc$spimemio.v:99$507'.
  created $dff cell `$procdff$5780' with positive edge clock.
Creating register for signal `\spimemio.\config_clk' using process `\spimemio.$proc$spimemio.v:99$507'.
  created $dff cell `$procdff$5781' with positive edge clock.
Creating register for signal `\spimemio.\config_do' using process `\spimemio.$proc$spimemio.v:99$507'.
  created $dff cell `$procdff$5782' with positive edge clock.
Creating register for signal `\simpleuart.\send_pattern' using process `\simpleuart.$proc$simpleuart.v:109$487'.
  created $dff cell `$procdff$5783' with positive edge clock.
Creating register for signal `\simpleuart.\send_bitcnt' using process `\simpleuart.$proc$simpleuart.v:109$487'.
  created $dff cell `$procdff$5784' with positive edge clock.
Creating register for signal `\simpleuart.\send_divcnt' using process `\simpleuart.$proc$simpleuart.v:109$487'.
  created $dff cell `$procdff$5785' with positive edge clock.
Creating register for signal `\simpleuart.\send_dummy' using process `\simpleuart.$proc$simpleuart.v:109$487'.
  created $dff cell `$procdff$5786' with positive edge clock.
Creating register for signal `\simpleuart.\recv_state' using process `\simpleuart.$proc$simpleuart.v:66$478'.
  created $dff cell `$procdff$5787' with positive edge clock.
Creating register for signal `\simpleuart.\recv_divcnt' using process `\simpleuart.$proc$simpleuart.v:66$478'.
  created $dff cell `$procdff$5788' with positive edge clock.
Creating register for signal `\simpleuart.\recv_pattern' using process `\simpleuart.$proc$simpleuart.v:66$478'.
  created $dff cell `$procdff$5789' with positive edge clock.
Creating register for signal `\simpleuart.\recv_buf_data' using process `\simpleuart.$proc$simpleuart.v:66$478'.
  created $dff cell `$procdff$5790' with positive edge clock.
Creating register for signal `\simpleuart.\recv_buf_valid' using process `\simpleuart.$proc$simpleuart.v:66$478'.
  created $dff cell `$procdff$5791' with positive edge clock.
Creating register for signal `\simpleuart.\cfg_divider' using process `\simpleuart.$proc$simpleuart.v:55$476'.
  created $dff cell `$procdff$5792' with positive edge clock.
Creating register for signal `\seven_seg_ctrl.\dout' using process `\seven_seg_ctrl.$proc$icebreaker.v:196$456'.
  created $dff cell `$procdff$5793' with positive edge clock.
Creating register for signal `\seven_seg_ctrl.\clkdiv' using process `\seven_seg_ctrl.$proc$icebreaker.v:196$456'.
  created $dff cell `$procdff$5794' with positive edge clock.
Creating register for signal `\seven_seg_ctrl.\clkdiv_pulse' using process `\seven_seg_ctrl.$proc$icebreaker.v:196$456'.
  created $dff cell `$procdff$5795' with positive edge clock.
Creating register for signal `\seven_seg_ctrl.\msb_not_lsb' using process `\seven_seg_ctrl.$proc$icebreaker.v:196$456'.
  created $dff cell `$procdff$5796' with positive edge clock.
Creating register for signal `$paramod$f03d4e23a3a44173f9a2edec4a46578428035902\picosoc.\ram_ready' using process `$paramod$f03d4e23a3a44173f9a2edec4a46578428035902\picosoc.$proc$picosoc.v:255$446'.
  created $dff cell `$procdff$5797' with positive edge clock.
Creating register for signal `\icebreaker.\iomem_ready' using process `\icebreaker.$proc$icebreaker.v:108$392'.
  created $dff cell `$procdff$5798' with positive edge clock.
Creating register for signal `\icebreaker.\iomem_rdata' using process `\icebreaker.$proc$icebreaker.v:108$392'.
  created $dff cell `$procdff$5799' with positive edge clock.
Creating register for signal `\icebreaker.\gpio' using process `\icebreaker.$proc$icebreaker.v:108$392'.
  created $dff cell `$procdff$5800' with positive edge clock.
Creating register for signal `\icebreaker.\reset_cnt' using process `\icebreaker.$proc$icebreaker.v:55$387'.
  created $dff cell `$procdff$5801' with positive edge clock.

7.4.10. Executing PROC_MEMWR pass (convert process memory writes to cells).

7.4.11. Executing PROC_CLEAN pass (remove empty switches from decision trees).
Found and cleaned up 1 empty switch in `\picosoc_regs.$proc$picosoc.v:494$1429'.
Removing empty process `picosoc_regs.$proc$picosoc.v:494$1429'.
Found and cleaned up 4 empty switches in `\picorv32_pcpi_fast_mul.$proc$../picorv32.v:2378$1422'.
Removing empty process `picorv32_pcpi_fast_mul.$proc$../picorv32.v:2378$1422'.
Found and cleaned up 3 empty switches in `\picorv32_pcpi_fast_mul.$proc$../picorv32.v:2364$1417'.
Removing empty process `picorv32_pcpi_fast_mul.$proc$../picorv32.v:2364$1417'.
Found and cleaned up 2 empty switches in `\picorv32_pcpi_fast_mul.$proc$../picorv32.v:2348$1415'.
Removing empty process `picorv32_pcpi_fast_mul.$proc$../picorv32.v:2348$1415'.
Found and cleaned up 4 empty switches in `\spimemio_xfer.$proc$spimemio.v:535$1391'.
Removing empty process `spimemio_xfer.$proc$spimemio.v:535$1391'.
Found and cleaned up 5 empty switches in `\spimemio_xfer.$proc$spimemio.v:447$1367'.
Removing empty process `spimemio_xfer.$proc$spimemio.v:447$1367'.
Removing empty process `spimemio_xfer.$proc$spimemio.v:436$1358'.
Found and cleaned up 61 empty switches in `$paramod$d10354c6a96dde45072006c7ddf03c042761ad93\picorv32.$proc$../picorv32.v:1402$1166'.
Removing empty process `$paramod$d10354c6a96dde45072006c7ddf03c042761ad93\picorv32.$proc$../picorv32.v:1402$1166'.
Removing empty process `$paramod$d10354c6a96dde45072006c7ddf03c042761ad93\picorv32.$proc$../picorv32.v:1387$1152'.
Found and cleaned up 2 empty switches in `$paramod$d10354c6a96dde45072006c7ddf03c042761ad93\picorv32.$proc$../picorv32.v:1309$1138'.
Removing empty process `$paramod$d10354c6a96dde45072006c7ddf03c042761ad93\picorv32.$proc$../picorv32.v:1309$1138'.
Found and cleaned up 2 empty switches in `$paramod$d10354c6a96dde45072006c7ddf03c042761ad93\picorv32.$proc$../picorv32.v:1295$1133'.
Removing empty process `$paramod$d10354c6a96dde45072006c7ddf03c042761ad93\picorv32.$proc$../picorv32.v:1295$1133'.
Removing empty process `$paramod$d10354c6a96dde45072006c7ddf03c042761ad93\picorv32.$proc$../picorv32.v:1293$1132'.
Found and cleaned up 2 empty switches in `$paramod$d10354c6a96dde45072006c7ddf03c042761ad93\picorv32.$proc$../picorv32.v:1249$1110'.
Removing empty process `$paramod$d10354c6a96dde45072006c7ddf03c042761ad93\picorv32.$proc$../picorv32.v:1249$1110'.
Found and cleaned up 8 empty switches in `$paramod$d10354c6a96dde45072006c7ddf03c042761ad93\picorv32.$proc$../picorv32.v:1186$1098'.
Removing empty process `$paramod$d10354c6a96dde45072006c7ddf03c042761ad93\picorv32.$proc$../picorv32.v:1186$1098'.
Found and cleaned up 22 empty switches in `$paramod$d10354c6a96dde45072006c7ddf03c042761ad93\picorv32.$proc$../picorv32.v:858$835'.
Removing empty process `$paramod$d10354c6a96dde45072006c7ddf03c042761ad93\picorv32.$proc$../picorv32.v:858$835'.
Found and cleaned up 3 empty switches in `$paramod$d10354c6a96dde45072006c7ddf03c042761ad93\picorv32.$proc$../picorv32.v:809$833'.
Removing empty process `$paramod$d10354c6a96dde45072006c7ddf03c042761ad93\picorv32.$proc$../picorv32.v:809$833'.
Found and cleaned up 5 empty switches in `$paramod$d10354c6a96dde45072006c7ddf03c042761ad93\picorv32.$proc$../picorv32.v:778$829'.
Removing empty process `$paramod$d10354c6a96dde45072006c7ddf03c042761ad93\picorv32.$proc$../picorv32.v:778$829'.
Found and cleaned up 48 empty switches in `$paramod$d10354c6a96dde45072006c7ddf03c042761ad93\picorv32.$proc$../picorv32.v:701$828'.
Removing empty process `$paramod$d10354c6a96dde45072006c7ddf03c042761ad93\picorv32.$proc$../picorv32.v:701$828'.
Found and cleaned up 16 empty switches in `$paramod$d10354c6a96dde45072006c7ddf03c042761ad93\picorv32.$proc$../picorv32.v:565$804'.
Removing empty process `$paramod$d10354c6a96dde45072006c7ddf03c042761ad93\picorv32.$proc$../picorv32.v:565$804'.
Removing empty process `$paramod$d10354c6a96dde45072006c7ddf03c042761ad93\picorv32.$proc$../picorv32.v:1239$1347'.
Found and cleaned up 19 empty switches in `$paramod$d10354c6a96dde45072006c7ddf03c042761ad93\picorv32.$proc$../picorv32.v:430$766'.
Removing empty process `$paramod$d10354c6a96dde45072006c7ddf03c042761ad93\picorv32.$proc$../picorv32.v:430$766'.
Found and cleaned up 3 empty switches in `$paramod$d10354c6a96dde45072006c7ddf03c042761ad93\picorv32.$proc$../picorv32.v:401$763'.
Removing empty process `$paramod$d10354c6a96dde45072006c7ddf03c042761ad93\picorv32.$proc$../picorv32.v:401$763'.
Found and cleaned up 2 empty switches in `$paramod$d10354c6a96dde45072006c7ddf03c042761ad93\picorv32.$proc$../picorv32.v:390$758'.
Removing empty process `$paramod$d10354c6a96dde45072006c7ddf03c042761ad93\picorv32.$proc$../picorv32.v:390$758'.
Found and cleaned up 1 empty switch in `$paramod$d10354c6a96dde45072006c7ddf03c042761ad93\picorv32.$proc$../picorv32.v:325$684'.
Removing empty process `$paramod$d10354c6a96dde45072006c7ddf03c042761ad93\picorv32.$proc$../picorv32.v:325$684'.
Found and cleaned up 6 empty switches in `\spimem_cache_fifo.$proc$picosoc.v:449$608'.
Removing empty process `spimem_cache_fifo.$proc$picosoc.v:449$608'.
Removing empty process `spimem_cache_fifo.$proc$picosoc.v:441$602'.
Found and cleaned up 8 empty switches in `\spimem_cache_fifo.$proc$picosoc.v:431$561'.
Removing empty process `spimem_cache_fifo.$proc$picosoc.v:431$561'.
Found and cleaned up 25 empty switches in `\spimemio.$proc$spimemio.v:207$529'.
Removing empty process `spimemio.$proc$spimemio.v:207$529'.
Removing empty process `spimemio.$proc$spimemio.v:151$511'.
Found and cleaned up 5 empty switches in `\spimemio.$proc$spimemio.v:99$507'.
Removing empty process `spimemio.$proc$spimemio.v:99$507'.
Found and cleaned up 5 empty switches in `\simpleuart.$proc$simpleuart.v:109$487'.
Removing empty process `simpleuart.$proc$simpleuart.v:109$487'.
Found and cleaned up 7 empty switches in `\simpleuart.$proc$simpleuart.v:66$478'.
Removing empty process `simpleuart.$proc$simpleuart.v:66$478'.
Found and cleaned up 5 empty switches in `\simpleuart.$proc$simpleuart.v:55$476'.
Removing empty process `simpleuart.$proc$simpleuart.v:55$476'.
Found and cleaned up 1 empty switch in `\seven_seg_hex.$proc$icebreaker.v:218$465'.
Removing empty process `seven_seg_hex.$proc$icebreaker.v:218$465'.
Removing empty process `seven_seg_ctrl.$proc$icebreaker.v:194$464'.
Removing empty process `seven_seg_ctrl.$proc$icebreaker.v:193$463'.
Removing empty process `seven_seg_ctrl.$proc$icebreaker.v:192$462'.
Found and cleaned up 2 empty switches in `\seven_seg_ctrl.$proc$icebreaker.v:196$456'.
Removing empty process `seven_seg_ctrl.$proc$icebreaker.v:196$456'.
Removing empty process `$paramod$f03d4e23a3a44173f9a2edec4a46578428035902\picosoc.$proc$picosoc.v:255$446'.
Removing empty process `$paramod$f03d4e23a3a44173f9a2edec4a46578428035902\picosoc.$proc$picosoc.v:93$399'.
Removing empty process `icebreaker.$proc$icebreaker.v:52$398'.
Found and cleaned up 6 empty switches in `\icebreaker.$proc$icebreaker.v:108$392'.
Removing empty process `icebreaker.$proc$icebreaker.v:108$392'.
Removing empty process `icebreaker.$proc$icebreaker.v:55$387'.
Cleaned up 283 empty switches.

7.4.12. Executing OPT_EXPR pass (perform const folding).
Optimizing module picosoc_regs.
Optimizing module picorv32_pcpi_fast_mul.
<suppressed ~12 debug messages>
Optimizing module spimemio_xfer.
<suppressed ~33 debug messages>
Optimizing module $paramod$d10354c6a96dde45072006c7ddf03c042761ad93\picorv32.
<suppressed ~675 debug messages>
Optimizing module spimem_cache_fifo.
<suppressed ~44 debug messages>
Optimizing module spimemio.
<suppressed ~15 debug messages>
Optimizing module simpleuart.
<suppressed ~17 debug messages>
Optimizing module $paramod\ice40up5k_spram\WORDS=s32'00000000000000001000000000000000.
Optimizing module seven_seg_hex.
Optimizing module seven_seg_ctrl.
Optimizing module $paramod$f03d4e23a3a44173f9a2edec4a46578428035902\picosoc.
Optimizing module icebreaker.
<suppressed ~6 debug messages>

7.5. Executing FLATTEN pass (flatten design).
Deleting now unused module picosoc_regs.
Deleting now unused module picorv32_pcpi_fast_mul.
Deleting now unused module spimemio_xfer.
Deleting now unused module $paramod$d10354c6a96dde45072006c7ddf03c042761ad93\picorv32.
Deleting now unused module spimem_cache_fifo.
Deleting now unused module spimemio.
Deleting now unused module simpleuart.
Deleting now unused module $paramod\ice40up5k_spram\WORDS=s32'00000000000000001000000000000000.
Deleting now unused module seven_seg_hex.
Deleting now unused module seven_seg_ctrl.
Deleting now unused module $paramod$f03d4e23a3a44173f9a2edec4a46578428035902\picosoc.
<suppressed ~12 debug messages>

7.6. Executing TRIBUF pass.

7.7. Executing DEMINOUT pass (demote inout ports to input or output).

7.8. Executing OPT_EXPR pass (perform const folding).
Optimizing module icebreaker.
<suppressed ~6 debug messages>

7.9. Executing OPT_CLEAN pass (remove unused cells and wires).
Finding unused cells or wires in module \icebreaker..
Removed 698 unused cells and 2810 unused wires.
<suppressed ~772 debug messages>

7.10. Executing CHECK pass (checking for obvious problems).
Checking module icebreaker...
Found and reported 0 problems.

7.11. Executing OPT pass (performing simple optimizations).

7.11.1. Executing OPT_EXPR pass (perform const folding).
Optimizing module icebreaker.

7.11.2. Executing OPT_MERGE pass (detect identical cells).
Finding identical cells in module `\icebreaker'.
Computing hashes of 1967 cells of `\icebreaker'.
Finding duplicate cells in `\icebreaker'.
Computing hashes of 1617 cells of `\icebreaker'.
Finding duplicate cells in `\icebreaker'.
Computing hashes of 1599 cells of `\icebreaker'.
Finding duplicate cells in `\icebreaker'.
Computing hashes of 1597 cells of `\icebreaker'.
Finding duplicate cells in `\icebreaker'.
<suppressed ~1110 debug messages>
Removed a total of 370 cells.

7.11.3. Executing OPT_MUXTREE pass (detect dead branches in mux trees).
Running muxtree optimizer on module \icebreaker..
  Creating internal representation of mux trees.
  Evaluating internal representation of mux trees.
      Replacing known input bits on port B of cell $flatten\soc.\cpu.$procmux$4717: \soc.cpu.genblk1.pcpi_mul.active [1] -> 1'1
  Analyzing evaluation results.
    dead port 2/2 on $mux $flatten\soc.\cpu.$procmux$2251.
    dead port 2/2 on $mux $flatten\soc.\cpu.$procmux$2248.
    dead port 4/8 on $pmux $flatten\soc.\cpu.$procmux$2850.
    dead port 5/8 on $pmux $flatten\soc.\cpu.$procmux$2850.
    dead port 2/2 on $mux $flatten\soc.\cpu.$procmux$2243.
    dead port 2/2 on $mux $flatten\soc.\cpu.$procmux$2233.
    dead port 2/2 on $mux $flatten\soc.\cpu.$procmux$2230.
    dead port 2/2 on $mux $flatten\soc.\cpu.$procmux$2228.
    dead port 1/2 on $mux $flatten\soc.\cpu.$procmux$2226.
    dead port 2/2 on $mux $flatten\soc.\cpu.$procmux$2223.
    dead port 2/2 on $mux $flatten\soc.\cpu.$procmux$2209.
    dead port 2/2 on $mux $flatten\soc.\cpu.$procmux$2206.
    dead port 2/2 on $mux $flatten\soc.\cpu.$procmux$2185.
    dead port 2/2 on $mux $flatten\soc.\cpu.$procmux$2182.
    dead port 2/2 on $mux $flatten\soc.\cpu.$procmux$2180.
    dead port 2/2 on $mux $flatten\soc.\cpu.$procmux$2161.
    dead port 2/2 on $mux $flatten\soc.\cpu.$procmux$2158.
    dead port 2/2 on $mux $flatten\soc.\cpu.$procmux$2156.
    dead port 2/2 on $mux $flatten\soc.\cpu.$procmux$2137.
    dead port 2/2 on $mux $flatten\soc.\cpu.$procmux$2134.
    dead port 2/2 on $mux $flatten\soc.\cpu.$procmux$2132.
    dead port 2/2 on $mux $flatten\soc.\cpu.$procmux$2110.
    dead port 2/2 on $mux $flatten\soc.\cpu.$procmux$2107.
    dead port 2/2 on $mux $flatten\soc.\cpu.$procmux$2105.
    dead port 1/2 on $mux $flatten\soc.\cpu.$procmux$2103.
    dead port 2/2 on $mux $flatten\soc.\cpu.$procmux$2080.
    dead port 2/2 on $mux $flatten\soc.\cpu.$procmux$2077.
    dead port 2/2 on $mux $flatten\soc.\cpu.$procmux$2075.
    dead port 2/2 on $mux $flatten\soc.\cpu.$procmux$2068.
    dead port 2/2 on $mux $flatten\soc.\cpu.$procmux$2065.
    dead port 2/2 on $mux $flatten\soc.\cpu.$procmux$2053.
    dead port 2/2 on $mux $flatten\soc.\cpu.$procmux$2050.
    dead port 2/2 on $mux $flatten\soc.\cpu.$procmux$2048.
    dead port 2/2 on $mux $flatten\soc.\cpu.$procmux$2035.
    dead port 2/2 on $mux $flatten\soc.\cpu.$procmux$2032.
    dead port 2/2 on $mux $flatten\soc.\cpu.$procmux$2030.
    dead port 1/2 on $mux $flatten\soc.\cpu.$procmux$2028.
    dead port 2/2 on $mux $flatten\soc.\cpu.$procmux$2014.
    dead port 2/2 on $mux $flatten\soc.\cpu.$procmux$2011.
    dead port 2/2 on $mux $flatten\soc.\cpu.$procmux$2009.
    dead port 2/2 on $mux $flatten\soc.\cpu.$procmux$2001.
    dead port 2/2 on $mux $flatten\soc.\cpu.$procmux$1998.
    dead port 2/2 on $mux $flatten\soc.\cpu.$procmux$1989.
    dead port 2/2 on $mux $flatten\soc.\cpu.$procmux$1986.
    dead port 2/2 on $mux $flatten\soc.\cpu.$procmux$1974.
    dead port 2/2 on $mux $flatten\soc.\cpu.$procmux$1961.
    dead port 2/2 on $mux $flatten\soc.\cpu.$procmux$1958.
    dead port 2/2 on $mux $flatten\soc.\cpu.$procmux$1951.
    dead port 2/2 on $mux $flatten\soc.\cpu.$procmux$1938.
    dead port 2/2 on $mux $flatten\soc.\cpu.$procmux$1935.
    dead port 2/2 on $mux $flatten\soc.\cpu.$procmux$1929.
    dead port 2/2 on $mux $flatten\soc.\cpu.$procmux$1909.
    dead port 2/2 on $mux $flatten\soc.\cpu.$procmux$1900.
    dead port 2/2 on $mux $flatten\soc.\cpu.$procmux$1894.
    dead port 2/2 on $mux $flatten\soc.\cpu.$procmux$1892.
    dead port 2/2 on $mux $flatten\soc.\cpu.$procmux$1885.
    dead port 2/2 on $mux $flatten\soc.\cpu.$procmux$1879.
    dead port 2/2 on $mux $flatten\soc.\cpu.$procmux$1877.
    dead port 2/2 on $mux $flatten\soc.\cpu.$procmux$1867.
    dead port 2/3 on $pmux $flatten\soc.\cpu.$procmux$4712.
    dead port 3/3 on $pmux $flatten\soc.\cpu.$procmux$4712.
    dead port 2/2 on $mux $flatten\soc.\cpu.$procmux$4717.
    dead port 7/12 on $pmux $flatten\soc.\cpu.$procmux$3137.
    dead port 8/12 on $pmux $flatten\soc.\cpu.$procmux$3137.
    dead port 1/2 on $mux $flatten\soc.\cpu.$procmux$2277.
    dead port 2/2 on $mux $flatten\soc.\cpu.$procmux$2299.
    dead port 7/11 on $pmux $flatten\soc.\cpu.$procmux$2643.
    dead port 8/11 on $pmux $flatten\soc.\cpu.$procmux$2643.
    dead port 2/2 on $mux $flatten\soc.\cpu.$procmux$2296.
    dead port 4/8 on $pmux $flatten\soc.\cpu.$procmux$2599.
    dead port 5/8 on $pmux $flatten\soc.\cpu.$procmux$2599.
    dead port 7/11 on $pmux $flatten\soc.\cpu.$procmux$3323.
    dead port 8/11 on $pmux $flatten\soc.\cpu.$procmux$3323.
    dead port 7/12 on $pmux $flatten\soc.\cpu.$procmux$2937.
    dead port 8/12 on $pmux $flatten\soc.\cpu.$procmux$2937.
    dead port 2/2 on $mux $flatten\soc.\cpu.$procmux$3525.
    dead port 1/8 on $pmux $flatten\soc.\cpu.$procmux$3540.
    dead port 2/8 on $pmux $flatten\soc.\cpu.$procmux$3540.
    dead port 4/8 on $pmux $flatten\soc.\cpu.$procmux$3375.
    dead port 5/8 on $pmux $flatten\soc.\cpu.$procmux$3375.
    dead port 2/2 on $mux $flatten\soc.\cpu.$procmux$3516.
    dead port 2/2 on $mux $flatten\soc.\cpu.\genblk1.pcpi_mul.$procmux$1506.
    dead port 2/2 on $mux $flatten\soc.\cpu.\genblk1.pcpi_mul.$procmux$1498.
    dead port 2/2 on $mux $flatten\soc.\cpu.\genblk1.pcpi_mul.$procmux$1491.
    dead port 2/2 on $mux $flatten\soc.\cpu.\genblk1.pcpi_mul.$procmux$1485.
    dead port 2/2 on $mux $flatten\soc.\cpu.$procmux$2284.
    dead port 2/2 on $mux $flatten\soc.\cpu.$procmux$2274.
    dead port 2/2 on $mux $flatten\soc.\cpu.$procmux$2281.
    dead port 2/2 on $mux $flatten\soc.\spimem_cache.$procmux$4933.
    dead port 2/2 on $mux $flatten\soc.\spimem_cache.$procmux$4927.
    dead port 2/2 on $mux $flatten\soc.\spimem_cache.$procmux$4921.
    dead port 2/2 on $mux $flatten\soc.\spimem_cache.$procmux$4915.
    dead port 2/2 on $mux $flatten\soc.\spimem_cache.$procmux$4909.
    dead port 2/2 on $mux $flatten\soc.\spimem_cache.$procmux$4903.
    dead port 2/2 on $mux $flatten\soc.\spimem_cache.$procmux$4897.
    dead port 2/2 on $mux $flatten\soc.\spimem_cache.$procmux$4891.
    dead port 2/2 on $mux $flatten\soc.\spimem_cache.$procmux$4885.
    dead port 2/2 on $mux $flatten\soc.\spimem_cache.$procmux$4882.
    dead port 2/2 on $mux $flatten\soc.\spimem_cache.$procmux$4876.
    dead port 2/2 on $mux $flatten\soc.\spimem_cache.$procmux$4873.
    dead port 2/2 on $mux $flatten\soc.\spimem_cache.$procmux$4867.
    dead port 2/2 on $mux $flatten\soc.\spimem_cache.$procmux$4864.
    dead port 2/2 on $mux $flatten\soc.\spimem_cache.$procmux$4858.
    dead port 2/2 on $mux $flatten\soc.\spimem_cache.$procmux$4855.
    dead port 2/2 on $mux $flatten\soc.\spimem_cache.$procmux$4849.
    dead port 2/2 on $mux $flatten\soc.\spimem_cache.$procmux$4846.
    dead port 2/2 on $mux $flatten\soc.\spimem_cache.$procmux$4840.
    dead port 2/2 on $mux $flatten\soc.\spimem_cache.$procmux$4837.
    dead port 2/2 on $mux $flatten\soc.\spimem_cache.$procmux$4831.
    dead port 2/2 on $mux $flatten\soc.\spimem_cache.$procmux$4828.
    dead port 2/2 on $mux $flatten\soc.\spimem_cache.$procmux$4822.
    dead port 2/2 on $mux $flatten\soc.\spimem_cache.$procmux$4819.
    dead port 2/2 on $mux $flatten\soc.\spimem_cache.$procmux$4813.
    dead port 2/2 on $mux $flatten\soc.\spimem_cache.$procmux$4810.
    dead port 1/2 on $mux $flatten\soc.\spimem_cache.$procmux$4808.
    dead port 2/2 on $mux $flatten\soc.\spimem_cache.$procmux$4801.
    dead port 2/2 on $mux $flatten\soc.\spimem_cache.$procmux$4798.
    dead port 1/2 on $mux $flatten\soc.\spimem_cache.$procmux$4796.
    dead port 2/2 on $mux $flatten\soc.\spimem_cache.$procmux$4789.
    dead port 2/2 on $mux $flatten\soc.\spimem_cache.$procmux$4786.
    dead port 1/2 on $mux $flatten\soc.\spimem_cache.$procmux$4784.
    dead port 2/2 on $mux $flatten\soc.\spimem_cache.$procmux$4777.
    dead port 2/2 on $mux $flatten\soc.\spimem_cache.$procmux$4774.
    dead port 1/2 on $mux $flatten\soc.\spimem_cache.$procmux$4772.
    dead port 2/2 on $mux $flatten\soc.\spimem_cache.$procmux$4765.
    dead port 2/2 on $mux $flatten\soc.\spimem_cache.$procmux$4762.
    dead port 1/2 on $mux $flatten\soc.\spimem_cache.$procmux$4760.
    dead port 2/2 on $mux $flatten\soc.\spimem_cache.$procmux$4753.
    dead port 2/2 on $mux $flatten\soc.\spimem_cache.$procmux$4750.
    dead port 1/2 on $mux $flatten\soc.\spimem_cache.$procmux$4748.
    dead port 2/2 on $mux $flatten\soc.\spimem_cache.$procmux$4741.
    dead port 2/2 on $mux $flatten\soc.\spimem_cache.$procmux$4738.
    dead port 1/2 on $mux $flatten\soc.\spimem_cache.$procmux$4736.
    dead port 2/2 on $mux $flatten\soc.\spimem_cache.$procmux$4729.
    dead port 2/2 on $mux $flatten\soc.\spimem_cache.$procmux$4726.
    dead port 1/2 on $mux $flatten\soc.\spimem_cache.$procmux$4724.
    dead port 2/2 on $mux $flatten\soc.\cpu.$procmux$2279.
    dead port 2/2 on $mux $flatten\soc.\spimemio.\xfer.$procmux$1625.
    dead port 1/4 on $pmux $flatten\soc.\spimemio.\xfer.$procmux$1627.
    dead port 2/4 on $pmux $flatten\soc.\spimemio.\xfer.$procmux$1627.
    dead port 3/4 on $pmux $flatten\soc.\spimemio.\xfer.$procmux$1627.
    dead port 2/2 on $mux $flatten\soc.\spimemio.\xfer.$procmux$1631.
    dead port 2/2 on $mux $flatten\soc.\spimemio.\xfer.$procmux$1638.
    dead port 1/4 on $pmux $flatten\soc.\spimemio.\xfer.$procmux$1640.
    dead port 2/4 on $pmux $flatten\soc.\spimemio.\xfer.$procmux$1640.
    dead port 3/4 on $pmux $flatten\soc.\spimemio.\xfer.$procmux$1640.
    dead port 2/2 on $mux $flatten\soc.\spimemio.\xfer.$procmux$1644.
    dead port 2/2 on $mux $flatten\soc.\spimemio.\xfer.$procmux$1664.
    dead port 2/2 on $mux $flatten\soc.\spimemio.\xfer.$procmux$1666.
    dead port 2/2 on $mux $flatten\soc.\spimemio.\xfer.$procmux$1675.
    dead port 2/2 on $mux $flatten\soc.\spimemio.\xfer.$procmux$1677.
    dead port 2/2 on $mux $flatten\soc.\cpu.$procmux$4678.
    dead port 2/2 on $mux $flatten\soc.\spimemio.\xfer.$procmux$1699.
    dead port 2/2 on $mux $flatten\soc.\spimemio.\xfer.$procmux$1701.
    dead port 2/2 on $mux $flatten\soc.\spimemio.\xfer.$procmux$1711.
    dead port 2/2 on $mux $flatten\soc.\spimemio.\xfer.$procmux$1713.
    dead port 2/2 on $mux $flatten\soc.\spimemio.\xfer.$procmux$1723.
    dead port 2/2 on $mux $flatten\soc.\cpu.$procmux$4685.
    dead port 2/2 on $mux $flatten\soc.\spimemio.\xfer.$procmux$1733.
    dead port 2/2 on $mux $flatten\soc.\spimemio.\xfer.$procmux$1743.
    dead port 2/2 on $mux $flatten\soc.\spimemio.\xfer.$procmux$1753.
    dead port 2/2 on $mux $flatten\soc.\spimemio.\xfer.$procmux$1763.
    dead port 2/2 on $mux $flatten\soc.\spimemio.\xfer.$procmux$1773.
    dead port 2/2 on $mux $flatten\soc.\spimemio.\xfer.$procmux$1781.
    dead port 2/2 on $mux $flatten\soc.\spimemio.\xfer.$procmux$1789.
    dead port 2/2 on $mux $flatten\soc.\spimemio.\xfer.$procmux$1797.
    dead port 2/2 on $mux $flatten\soc.\spimemio.\xfer.$procmux$1805.
    dead port 2/2 on $mux $flatten\soc.\spimemio.\xfer.$procmux$1815.
    dead port 2/2 on $mux $flatten\soc.\spimemio.\xfer.$procmux$1825.
    dead port 2/2 on $mux $flatten\soc.\cpu.$procmux$2368.
    dead port 2/2 on $mux $flatten\soc.\cpu.$procmux$2355.
    dead port 2/2 on $mux $flatten\soc.\cpu.$procmux$2342.
Removed 172 multiplexer ports.
<suppressed ~2258 debug messages>

7.11.4. Executing OPT_REDUCE pass (consolidate $*mux and $reduce_* inputs).
  Optimizing cells in module \icebreaker.
    New ctrl vector for $pmux cell $flatten\soc.\cpu.$procmux$2687: { $flatten\soc.\cpu.$procmux$2970_CMP $flatten\soc.\cpu.$procmux$2916_CMP }
    New ctrl vector for $pmux cell $flatten\soc.\cpu.$procmux$3137: { \soc.cpu.instr_trap $flatten\soc.\cpu.$logic_and$../picorv32.v:1696$1252_Y $auto$opt_reduce.cc:137:opt_pmux$5829 $auto$opt_reduce.cc:137:opt_pmux$5827 }
    New ctrl vector for $pmux cell $flatten\soc.\cpu.$procmux$2643: { \soc.cpu.is_slli_srli_srai $auto$opt_reduce.cc:137:opt_pmux$5831 }
    New ctrl vector for $pmux cell $flatten\soc.\cpu.$procmux$3323: { $auto$opt_reduce.cc:137:opt_pmux$5835 $auto$opt_reduce.cc:137:opt_pmux$5833 }
    New ctrl vector for $pmux cell $flatten\soc.\cpu.$procmux$2937: { \soc.cpu.instr_trap $auto$opt_reduce.cc:137:opt_pmux$5839 $flatten\soc.\cpu.$logic_and$../picorv32.v:1696$1252_Y \soc.cpu.is_slli_srli_srai $auto$opt_reduce.cc:137:opt_pmux$5837 }
    New ctrl vector for $pmux cell $flatten\soc.\cpu.$procmux$3111: { $flatten\soc.\cpu.$procmux$2970_CMP $flatten\soc.\cpu.$procmux$3334_CMP $flatten\soc.\cpu.$procmux$3485_CMP $flatten\soc.\cpu.$procmux$2907_CMP }
    New ctrl vector for $pmux cell $flatten\soc.\cpu.$procmux$3375: { \soc.cpu.is_lui_auipc_jal $auto$opt_reduce.cc:137:opt_pmux$5841 }
    Consolidated identical input bits for $mux cell $flatten\soc.\cpu.\cpuregs.$procmux$1443:
      Old ports: A=0, B=32'11111111111111111111111111111111, Y=$flatten\soc.\cpu.\cpuregs.$0$memwr$\regs$picosoc.v:495$1428_EN[31:0]$1432
      New ports: A=1'0, B=1'1, Y=$flatten\soc.\cpu.\cpuregs.$0$memwr$\regs$picosoc.v:495$1428_EN[31:0]$1432 [0]
      New connections: $flatten\soc.\cpu.\cpuregs.$0$memwr$\regs$picosoc.v:495$1428_EN[31:0]$1432 [31:1] = { $flatten\soc.\cpu.\cpuregs.$0$memwr$\regs$picosoc.v:495$1428_EN[31:0]$1432 [0] $flatten\soc.\cpu.\cpuregs.$0$memwr$\regs$picosoc.v:495$1428_EN[31:0]$1432 [0] $flatten\soc.\cpu.\cpuregs.$0$memwr$\regs$picosoc.v:495$1428_EN[31:0]$1432 [0] $flatten\soc.\cpu.\cpuregs.$0$memwr$\regs$picosoc.v:495$1428_EN[31:0]$1432 [0] $flatten\soc.\cpu.\cpuregs.$0$memwr$\regs$picosoc.v:495$1428_EN[31:0]$1432 [0] $flatten\soc.\cpu.\cpuregs.$0$memwr$\regs$picosoc.v:495$1428_EN[31:0]$1432 [0] $flatten\soc.\cpu.\cpuregs.$0$memwr$\regs$picosoc.v:495$1428_EN[31:0]$1432 [0] $flatten\soc.\cpu.\cpuregs.$0$memwr$\regs$picosoc.v:495$1428_EN[31:0]$1432 [0] $flatten\soc.\cpu.\cpuregs.$0$memwr$\regs$picosoc.v:495$1428_EN[31:0]$1432 [0] $flatten\soc.\cpu.\cpuregs.$0$memwr$\regs$picosoc.v:495$1428_EN[31:0]$1432 [0] $flatten\soc.\cpu.\cpuregs.$0$memwr$\regs$picosoc.v:495$1428_EN[31:0]$1432 [0] $flatten\soc.\cpu.\cpuregs.$0$memwr$\regs$picosoc.v:495$1428_EN[31:0]$1432 [0] $flatten\soc.\cpu.\cpuregs.$0$memwr$\regs$picosoc.v:495$1428_EN[31:0]$1432 [0] $flatten\soc.\cpu.\cpuregs.$0$memwr$\regs$picosoc.v:495$1428_EN[31:0]$1432 [0] $flatten\soc.\cpu.\cpuregs.$0$memwr$\regs$picosoc.v:495$1428_EN[31:0]$1432 [0] $flatten\soc.\cpu.\cpuregs.$0$memwr$\regs$picosoc.v:495$1428_EN[31:0]$1432 [0] $flatten\soc.\cpu.\cpuregs.$0$memwr$\regs$picosoc.v:495$1428_EN[31:0]$1432 [0] $flatten\soc.\cpu.\cpuregs.$0$memwr$\regs$picosoc.v:495$1428_EN[31:0]$1432 [0] $flatten\soc.\cpu.\cpuregs.$0$memwr$\regs$picosoc.v:495$1428_EN[31:0]$1432 [0] $flatten\soc.\cpu.\cpuregs.$0$memwr$\regs$picosoc.v:495$1428_EN[31:0]$1432 [0] $flatten\soc.\cpu.\cpuregs.$0$memwr$\regs$picosoc.v:495$1428_EN[31:0]$1432 [0] $flatten\soc.\cpu.\cpuregs.$0$memwr$\regs$picosoc.v:495$1428_EN[31:0]$1432 [0] $flatten\soc.\cpu.\cpuregs.$0$memwr$\regs$picosoc.v:495$1428_EN[31:0]$1432 [0] $flatten\soc.\cpu.\cpuregs.$0$memwr$\regs$picosoc.v:495$1428_EN[31:0]$1432 [0] $flatten\soc.\cpu.\cpuregs.$0$memwr$\regs$picosoc.v:495$1428_EN[31:0]$1432 [0] $flatten\soc.\cpu.\cpuregs.$0$memwr$\regs$picosoc.v:495$1428_EN[31:0]$1432 [0] $flatten\soc.\cpu.\cpuregs.$0$memwr$\regs$picosoc.v:495$1428_EN[31:0]$1432 [0] $flatten\soc.\cpu.\cpuregs.$0$memwr$\regs$picosoc.v:495$1428_EN[31:0]$1432 [0] $flatten\soc.\cpu.\cpuregs.$0$memwr$\regs$picosoc.v:495$1428_EN[31:0]$1432 [0] $flatten\soc.\cpu.\cpuregs.$0$memwr$\regs$picosoc.v:495$1428_EN[31:0]$1432 [0] $flatten\soc.\cpu.\cpuregs.$0$memwr$\regs$picosoc.v:495$1428_EN[31:0]$1432 [0] }
    New ctrl vector for $pmux cell $flatten\soc.\cpu.$procmux$3511: $auto$opt_reduce.cc:137:opt_pmux$5843
    New ctrl vector for $pmux cell $flatten\soc.\cpu.$procmux$1964: { $flatten\soc.\cpu.$procmux$2970_CMP $auto$opt_reduce.cc:137:opt_pmux$5845 }
    New ctrl vector for $pmux cell $flatten\soc.\cpu.$procmux$1941: { $flatten\soc.\cpu.$procmux$2970_CMP $flatten\soc.\cpu.$procmux$3334_CMP $flatten\soc.\cpu.$procmux$3485_CMP $auto$opt_reduce.cc:137:opt_pmux$5847 }
    Consolidated identical input bits for $mux cell $flatten\soc.\spimem_cache.$procmux$4781:
      Old ports: A=24'000000000000000000000000, B=24'111111111111111111111111, Y=$flatten\soc.\spimem_cache.$procmux$4781_Y
      New ports: A=1'0, B=1'1, Y=$flatten\soc.\spimem_cache.$procmux$4781_Y [0]
      New connections: $flatten\soc.\spimem_cache.$procmux$4781_Y [23:1] = { $flatten\soc.\spimem_cache.$procmux$4781_Y [0] $flatten\soc.\spimem_cache.$procmux$4781_Y [0] $flatten\soc.\spimem_cache.$procmux$4781_Y [0] $flatten\soc.\spimem_cache.$procmux$4781_Y [0] $flatten\soc.\spimem_cache.$procmux$4781_Y [0] $flatten\soc.\spimem_cache.$procmux$4781_Y [0] $flatten\soc.\spimem_cache.$procmux$4781_Y [0] $flatten\soc.\spimem_cache.$procmux$4781_Y [0] $flatten\soc.\spimem_cache.$procmux$4781_Y [0] $flatten\soc.\spimem_cache.$procmux$4781_Y [0] $flatten\soc.\spimem_cache.$procmux$4781_Y [0] $flatten\soc.\spimem_cache.$procmux$4781_Y [0] $flatten\soc.\spimem_cache.$procmux$4781_Y [0] $flatten\soc.\spimem_cache.$procmux$4781_Y [0] $flatten\soc.\spimem_cache.$procmux$4781_Y [0] $flatten\soc.\spimem_cache.$procmux$4781_Y [0] $flatten\soc.\spimem_cache.$procmux$4781_Y [0] $flatten\soc.\spimem_cache.$procmux$4781_Y [0] $flatten\soc.\spimem_cache.$procmux$4781_Y [0] $flatten\soc.\spimem_cache.$procmux$4781_Y [0] $flatten\soc.\spimem_cache.$procmux$4781_Y [0] $flatten\soc.\spimem_cache.$procmux$4781_Y [0] $flatten\soc.\spimem_cache.$procmux$4781_Y [0] }
    New ctrl vector for $pmux cell $flatten\soc.\cpu.$procmux$2850: { \soc.cpu.instr_trap $auto$opt_reduce.cc:137:opt_pmux$5849 }
    Consolidated identical input bits for $mux cell $flatten\soc.\spimem_cache.$procmux$4745:
      Old ports: A=0, B=32'11111111111111111111111111111111, Y=$flatten\soc.\spimem_cache.$procmux$4745_Y
      New ports: A=1'0, B=1'1, Y=$flatten\soc.\spimem_cache.$procmux$4745_Y [0]
      New connections: $flatten\soc.\spimem_cache.$procmux$4745_Y [31:1] = { $flatten\soc.\spimem_cache.$procmux$4745_Y [0] $flatten\soc.\spimem_cache.$procmux$4745_Y [0] $flatten\soc.\spimem_cache.$procmux$4745_Y [0] $flatten\soc.\spimem_cache.$procmux$4745_Y [0] $flatten\soc.\spimem_cache.$procmux$4745_Y [0] $flatten\soc.\spimem_cache.$procmux$4745_Y [0] $flatten\soc.\spimem_cache.$procmux$4745_Y [0] $flatten\soc.\spimem_cache.$procmux$4745_Y [0] $flatten\soc.\spimem_cache.$procmux$4745_Y [0] $flatten\soc.\spimem_cache.$procmux$4745_Y [0] $flatten\soc.\spimem_cache.$procmux$4745_Y [0] $flatten\soc.\spimem_cache.$procmux$4745_Y [0] $flatten\soc.\spimem_cache.$procmux$4745_Y [0] $flatten\soc.\spimem_cache.$procmux$4745_Y [0] $flatten\soc.\spimem_cache.$procmux$4745_Y [0] $flatten\soc.\spimem_cache.$procmux$4745_Y [0] $flatten\soc.\spimem_cache.$procmux$4745_Y [0] $flatten\soc.\spimem_cache.$procmux$4745_Y [0] $flatten\soc.\spimem_cache.$procmux$4745_Y [0] $flatten\soc.\spimem_cache.$procmux$4745_Y [0] $flatten\soc.\spimem_cache.$procmux$4745_Y [0] $flatten\soc.\spimem_cache.$procmux$4745_Y [0] $flatten\soc.\spimem_cache.$procmux$4745_Y [0] $flatten\soc.\spimem_cache.$procmux$4745_Y [0] $flatten\soc.\spimem_cache.$procmux$4745_Y [0] $flatten\soc.\spimem_cache.$procmux$4745_Y [0] $flatten\soc.\spimem_cache.$procmux$4745_Y [0] $flatten\soc.\spimem_cache.$procmux$4745_Y [0] $flatten\soc.\spimem_cache.$procmux$4745_Y [0] $flatten\soc.\spimem_cache.$procmux$4745_Y [0] $flatten\soc.\spimem_cache.$procmux$4745_Y [0] }
    New ctrl vector for $pmux cell $flatten\soc.\cpu.$procmux$1919: { $flatten\soc.\cpu.$procmux$2970_CMP $auto$opt_reduce.cc:137:opt_pmux$5851 }
    New ctrl vector for $pmux cell $flatten\soc.\spimemio.\xfer.$procmux$1614: $auto$opt_reduce.cc:137:opt_pmux$5853
    New ctrl vector for $pmux cell $flatten\soc.\cpu.$procmux$2827: { $flatten\soc.\cpu.$procmux$2970_CMP $flatten\soc.\cpu.$procmux$3334_CMP $flatten\soc.\cpu.$procmux$3485_CMP $flatten\soc.\cpu.$procmux$2916_CMP $auto$opt_reduce.cc:137:opt_pmux$5855 }
    New ctrl vector for $pmux cell $flatten\soc.\spimemio.\xfer.$procmux$1759: { $flatten\soc.\spimemio.\xfer.$procmux$1617_CMP $auto$opt_reduce.cc:137:opt_pmux$5857 }
    New ctrl vector for $pmux cell $flatten\soc.\spimemio.\xfer.$procmux$1769: { $flatten\soc.\spimemio.\xfer.$procmux$1617_CMP $auto$opt_reduce.cc:137:opt_pmux$5859 }
    New ctrl vector for $pmux cell $flatten\soc.\spimemio.\xfer.$procmux$1778: $auto$opt_reduce.cc:137:opt_pmux$5861
    New ctrl vector for $pmux cell $flatten\soc.\spimemio.\xfer.$procmux$1786: $auto$opt_reduce.cc:137:opt_pmux$5863
    New ctrl vector for $pmux cell $flatten\soc.\spimemio.\xfer.$procmux$1794: $auto$opt_reduce.cc:137:opt_pmux$5865
    New ctrl vector for $pmux cell $flatten\soc.\spimemio.\xfer.$procmux$1802: $auto$opt_reduce.cc:137:opt_pmux$5867
    New ctrl vector for $pmux cell $flatten\soc.\spimemio.\xfer.$procmux$1811: { $flatten\soc.\spimemio.\xfer.$procmux$1617_CMP $auto$opt_reduce.cc:137:opt_pmux$5869 }
    New ctrl vector for $pmux cell $flatten\soc.\spimemio.\xfer.$procmux$1821: { $flatten\soc.\spimemio.\xfer.$procmux$1617_CMP $auto$opt_reduce.cc:137:opt_pmux$5871 }
    New ctrl vector for $pmux cell $flatten\soc.\spimemio.$procmux$5292: { $flatten\soc.\spimemio.$procmux$5322_CMP $auto$opt_reduce.cc:137:opt_pmux$5873 $flatten\soc.\spimemio.$procmux$5296_CMP $flatten\soc.\spimemio.$procmux$5312_CMP $flatten\soc.\spimemio.$procmux$5294_CMP $flatten\soc.\spimemio.$procmux$5293_CMP }
    New ctrl vector for $pmux cell $flatten\soc.\cpu.$procmux$2358: { $flatten\soc.\cpu.$procmux$2916_CMP $auto$opt_reduce.cc:137:opt_pmux$5875 }
    New ctrl vector for $pmux cell $flatten\soc.\cpu.$procmux$2345: { $auto$opt_reduce.cc:137:opt_pmux$5877 $flatten\soc.\cpu.$procmux$3346_CMP }
    New ctrl vector for $pmux cell $flatten\soc.\simpleuart.$procmux$5461: $auto$opt_reduce.cc:137:opt_pmux$5879
    New ctrl vector for $pmux cell $flatten\soc.\cpu.$procmux$2332: { $flatten\soc.\cpu.$procmux$3353_CMP $auto$opt_reduce.cc:137:opt_pmux$5881 }
    New input vector for $reduce_or cell $auto$opt_reduce.cc:131:opt_pmux$5828: { \soc.cpu.is_slli_srli_srai \soc.cpu.instr_timer \soc.cpu.instr_maskirq \soc.cpu.instr_retirq \soc.cpu.instr_rdinstrh \soc.cpu.instr_rdinstr \soc.cpu.instr_rdcycleh \soc.cpu.instr_rdcycle }
    New input vector for $reduce_or cell $auto$opt_reduce.cc:131:opt_pmux$5830: { $flatten\soc.\cpu.$logic_and$../picorv32.v:1696$1252_Y \soc.cpu.is_jalr_addi_slti_sltiu_xori_ori_andi \soc.cpu.is_lui_auipc_jal \soc.cpu.instr_timer \soc.cpu.instr_maskirq \soc.cpu.instr_retirq \soc.cpu.instr_rdinstrh \soc.cpu.instr_rdinstr \soc.cpu.instr_rdcycleh \soc.cpu.instr_rdcycle }
    New input vector for $reduce_or cell $auto$opt_reduce.cc:131:opt_pmux$5834: { $flatten\soc.\cpu.$logic_and$../picorv32.v:1696$1252_Y \soc.cpu.is_slli_srli_srai \soc.cpu.instr_timer \soc.cpu.instr_maskirq \soc.cpu.instr_retirq \soc.cpu.instr_rdinstrh \soc.cpu.instr_rdinstr \soc.cpu.instr_rdcycleh \soc.cpu.instr_rdcycle }
    New input vector for $reduce_or cell $auto$opt_reduce.cc:131:opt_pmux$5838: { \soc.cpu.instr_timer \soc.cpu.instr_maskirq \soc.cpu.instr_retirq \soc.cpu.instr_rdinstrh \soc.cpu.instr_rdinstr \soc.cpu.instr_rdcycleh \soc.cpu.instr_rdcycle }
    New input vector for $reduce_or cell $auto$opt_reduce.cc:131:opt_pmux$5840: { \soc.cpu.instr_timer \soc.cpu.instr_maskirq \soc.cpu.instr_retirq \soc.cpu.instr_rdinstrh \soc.cpu.instr_rdinstr \soc.cpu.instr_rdcycleh \soc.cpu.instr_rdcycle }
    New input vector for $reduce_or cell $auto$opt_reduce.cc:131:opt_pmux$5848: { \soc.cpu.instr_timer \soc.cpu.instr_maskirq \soc.cpu.instr_retirq \soc.cpu.instr_rdinstrh \soc.cpu.instr_rdinstr \soc.cpu.instr_rdcycleh \soc.cpu.instr_rdcycle }
  Optimizing cells in module \icebreaker.
    Consolidated identical input bits for $mux cell $flatten\soc.\spimem_cache.$procmux$4862:
      Old ports: A=$flatten\soc.\spimem_cache.$4$memwr$\cache_addr$picosoc.v:468$558_EN[23:0]$661, B=24'000000000000000000000000, Y=$flatten\soc.\spimem_cache.$procmux$4862_Y
      New ports: A=$flatten\soc.\spimem_cache.$procmux$4781_Y [0], B=1'0, Y=$flatten\soc.\spimem_cache.$procmux$4862_Y [0]
      New connections: $flatten\soc.\spimem_cache.$procmux$4862_Y [23:1] = { $flatten\soc.\spimem_cache.$procmux$4862_Y [0] $flatten\soc.\spimem_cache.$procmux$4862_Y [0] $flatten\soc.\spimem_cache.$procmux$4862_Y [0] $flatten\soc.\spimem_cache.$procmux$4862_Y [0] $flatten\soc.\spimem_cache.$procmux$4862_Y [0] $flatten\soc.\spimem_cache.$procmux$4862_Y [0] $flatten\soc.\spimem_cache.$procmux$4862_Y [0] $flatten\soc.\spimem_cache.$procmux$4862_Y [0] $flatten\soc.\spimem_cache.$procmux$4862_Y [0] $flatten\soc.\spimem_cache.$procmux$4862_Y [0] $flatten\soc.\spimem_cache.$procmux$4862_Y [0] $flatten\soc.\spimem_cache.$procmux$4862_Y [0] $flatten\soc.\spimem_cache.$procmux$4862_Y [0] $flatten\soc.\spimem_cache.$procmux$4862_Y [0] $flatten\soc.\spimem_cache.$procmux$4862_Y [0] $flatten\soc.\spimem_cache.$procmux$4862_Y [0] $flatten\soc.\spimem_cache.$procmux$4862_Y [0] $flatten\soc.\spimem_cache.$procmux$4862_Y [0] $flatten\soc.\spimem_cache.$procmux$4862_Y [0] $flatten\soc.\spimem_cache.$procmux$4862_Y [0] $flatten\soc.\spimem_cache.$procmux$4862_Y [0] $flatten\soc.\spimem_cache.$procmux$4862_Y [0] $flatten\soc.\spimem_cache.$procmux$4862_Y [0] }
    Consolidated identical input bits for $mux cell $flatten\soc.\spimem_cache.$procmux$4835:
      Old ports: A=$flatten\soc.\spimem_cache.$4$memwr$\cache_data$picosoc.v:469$559_EN[31:0]$664, B=0, Y=$flatten\soc.\spimem_cache.$procmux$4835_Y
      New ports: A=$flatten\soc.\spimem_cache.$procmux$4745_Y [0], B=1'0, Y=$flatten\soc.\spimem_cache.$procmux$4835_Y [0]
      New connections: $flatten\soc.\spimem_cache.$procmux$4835_Y [31:1] = { $flatten\soc.\spimem_cache.$procmux$4835_Y [0] $flatten\soc.\spimem_cache.$procmux$4835_Y [0] $flatten\soc.\spimem_cache.$procmux$4835_Y [0] $flatten\soc.\spimem_cache.$procmux$4835_Y [0] $flatten\soc.\spimem_cache.$procmux$4835_Y [0] $flatten\soc.\spimem_cache.$procmux$4835_Y [0] $flatten\soc.\spimem_cache.$procmux$4835_Y [0] $flatten\soc.\spimem_cache.$procmux$4835_Y [0] $flatten\soc.\spimem_cache.$procmux$4835_Y [0] $flatten\soc.\spimem_cache.$procmux$4835_Y [0] $flatten\soc.\spimem_cache.$procmux$4835_Y [0] $flatten\soc.\spimem_cache.$procmux$4835_Y [0] $flatten\soc.\spimem_cache.$procmux$4835_Y [0] $flatten\soc.\spimem_cache.$procmux$4835_Y [0] $flatten\soc.\spimem_cache.$procmux$4835_Y [0] $flatten\soc.\spimem_cache.$procmux$4835_Y [0] $flatten\soc.\spimem_cache.$procmux$4835_Y [0] $flatten\soc.\spimem_cache.$procmux$4835_Y [0] $flatten\soc.\spimem_cache.$procmux$4835_Y [0] $flatten\soc.\spimem_cache.$procmux$4835_Y [0] $flatten\soc.\spimem_cache.$procmux$4835_Y [0] $flatten\soc.\spimem_cache.$procmux$4835_Y [0] $flatten\soc.\spimem_cache.$procmux$4835_Y [0] $flatten\soc.\spimem_cache.$procmux$4835_Y [0] $flatten\soc.\spimem_cache.$procmux$4835_Y [0] $flatten\soc.\spimem_cache.$procmux$4835_Y [0] $flatten\soc.\spimem_cache.$procmux$4835_Y [0] $flatten\soc.\spimem_cache.$procmux$4835_Y [0] $flatten\soc.\spimem_cache.$procmux$4835_Y [0] $flatten\soc.\spimem_cache.$procmux$4835_Y [0] $flatten\soc.\spimem_cache.$procmux$4835_Y [0] }
  Optimizing cells in module \icebreaker.
    Consolidated identical input bits for $mux cell $flatten\soc.\spimem_cache.$procmux$4918:
      Old ports: A=24'000000000000000000000000, B=$flatten\soc.\spimem_cache.$3$memwr$\cache_addr$picosoc.v:468$558_EN[23:0]$652, Y=$flatten\soc.\spimem_cache.$procmux$4918_Y
      New ports: A=1'0, B=$flatten\soc.\spimem_cache.$procmux$4862_Y [0], Y=$flatten\soc.\spimem_cache.$procmux$4918_Y [0]
      New connections: $flatten\soc.\spimem_cache.$procmux$4918_Y [23:1] = { $flatten\soc.\spimem_cache.$procmux$4918_Y [0] $flatten\soc.\spimem_cache.$procmux$4918_Y [0] $flatten\soc.\spimem_cache.$procmux$4918_Y [0] $flatten\soc.\spimem_cache.$procmux$4918_Y [0] $flatten\soc.\spimem_cache.$procmux$4918_Y [0] $flatten\soc.\spimem_cache.$procmux$4918_Y [0] $flatten\soc.\spimem_cache.$procmux$4918_Y [0] $flatten\soc.\spimem_cache.$procmux$4918_Y [0] $flatten\soc.\spimem_cache.$procmux$4918_Y [0] $flatten\soc.\spimem_cache.$procmux$4918_Y [0] $flatten\soc.\spimem_cache.$procmux$4918_Y [0] $flatten\soc.\spimem_cache.$procmux$4918_Y [0] $flatten\soc.\spimem_cache.$procmux$4918_Y [0] $flatten\soc.\spimem_cache.$procmux$4918_Y [0] $flatten\soc.\spimem_cache.$procmux$4918_Y [0] $flatten\soc.\spimem_cache.$procmux$4918_Y [0] $flatten\soc.\spimem_cache.$procmux$4918_Y [0] $flatten\soc.\spimem_cache.$procmux$4918_Y [0] $flatten\soc.\spimem_cache.$procmux$4918_Y [0] $flatten\soc.\spimem_cache.$procmux$4918_Y [0] $flatten\soc.\spimem_cache.$procmux$4918_Y [0] $flatten\soc.\spimem_cache.$procmux$4918_Y [0] $flatten\soc.\spimem_cache.$procmux$4918_Y [0] }
    Consolidated identical input bits for $mux cell $flatten\soc.\spimem_cache.$procmux$4900:
      Old ports: A=0, B=$flatten\soc.\spimem_cache.$3$memwr$\cache_data$picosoc.v:469$559_EN[31:0]$655, Y=$flatten\soc.\spimem_cache.$procmux$4900_Y
      New ports: A=1'0, B=$flatten\soc.\spimem_cache.$procmux$4835_Y [0], Y=$flatten\soc.\spimem_cache.$procmux$4900_Y [0]
      New connections: $flatten\soc.\spimem_cache.$procmux$4900_Y [31:1] = { $flatten\soc.\spimem_cache.$procmux$4900_Y [0] $flatten\soc.\spimem_cache.$procmux$4900_Y [0] $flatten\soc.\spimem_cache.$procmux$4900_Y [0] $flatten\soc.\spimem_cache.$procmux$4900_Y [0] $flatten\soc.\spimem_cache.$procmux$4900_Y [0] $flatten\soc.\spimem_cache.$procmux$4900_Y [0] $flatten\soc.\spimem_cache.$procmux$4900_Y [0] $flatten\soc.\spimem_cache.$procmux$4900_Y [0] $flatten\soc.\spimem_cache.$procmux$4900_Y [0] $flatten\soc.\spimem_cache.$procmux$4900_Y [0] $flatten\soc.\spimem_cache.$procmux$4900_Y [0] $flatten\soc.\spimem_cache.$procmux$4900_Y [0] $flatten\soc.\spimem_cache.$procmux$4900_Y [0] $flatten\soc.\spimem_cache.$procmux$4900_Y [0] $flatten\soc.\spimem_cache.$procmux$4900_Y [0] $flatten\soc.\spimem_cache.$procmux$4900_Y [0] $flatten\soc.\spimem_cache.$procmux$4900_Y [0] $flatten\soc.\spimem_cache.$procmux$4900_Y [0] $flatten\soc.\spimem_cache.$procmux$4900_Y [0] $flatten\soc.\spimem_cache.$procmux$4900_Y [0] $flatten\soc.\spimem_cache.$procmux$4900_Y [0] $flatten\soc.\spimem_cache.$procmux$4900_Y [0] $flatten\soc.\spimem_cache.$procmux$4900_Y [0] $flatten\soc.\spimem_cache.$procmux$4900_Y [0] $flatten\soc.\spimem_cache.$procmux$4900_Y [0] $flatten\soc.\spimem_cache.$procmux$4900_Y [0] $flatten\soc.\spimem_cache.$procmux$4900_Y [0] $flatten\soc.\spimem_cache.$procmux$4900_Y [0] $flatten\soc.\spimem_cache.$procmux$4900_Y [0] $flatten\soc.\spimem_cache.$procmux$4900_Y [0] $flatten\soc.\spimem_cache.$procmux$4900_Y [0] }
  Optimizing cells in module \icebreaker.
    Consolidated identical input bits for $mux cell $flatten\soc.\spimem_cache.$procmux$4978:
      Old ports: A=24'000000000000000000000000, B=$flatten\soc.\spimem_cache.$2$memwr$\cache_addr$picosoc.v:468$558_EN[23:0]$644, Y=$flatten\soc.\spimem_cache.$0$memwr$\cache_addr$picosoc.v:468$558_EN[23:0]$619
      New ports: A=1'0, B=$flatten\soc.\spimem_cache.$procmux$4918_Y [0], Y=$flatten\soc.\spimem_cache.$0$memwr$\cache_addr$picosoc.v:468$558_EN[23:0]$619 [0]
      New connections: $flatten\soc.\spimem_cache.$0$memwr$\cache_addr$picosoc.v:468$558_EN[23:0]$619 [23:1] = { $flatten\soc.\spimem_cache.$0$memwr$\cache_addr$picosoc.v:468$558_EN[23:0]$619 [0] $flatten\soc.\spimem_cache.$0$memwr$\cache_addr$picosoc.v:468$558_EN[23:0]$619 [0] $flatten\soc.\spimem_cache.$0$memwr$\cache_addr$picosoc.v:468$558_EN[23:0]$619 [0] $flatten\soc.\spimem_cache.$0$memwr$\cache_addr$picosoc.v:468$558_EN[23:0]$619 [0] $flatten\soc.\spimem_cache.$0$memwr$\cache_addr$picosoc.v:468$558_EN[23:0]$619 [0] $flatten\soc.\spimem_cache.$0$memwr$\cache_addr$picosoc.v:468$558_EN[23:0]$619 [0] $flatten\soc.\spimem_cache.$0$memwr$\cache_addr$picosoc.v:468$558_EN[23:0]$619 [0] $flatten\soc.\spimem_cache.$0$memwr$\cache_addr$picosoc.v:468$558_EN[23:0]$619 [0] $flatten\soc.\spimem_cache.$0$memwr$\cache_addr$picosoc.v:468$558_EN[23:0]$619 [0] $flatten\soc.\spimem_cache.$0$memwr$\cache_addr$picosoc.v:468$558_EN[23:0]$619 [0] $flatten\soc.\spimem_cache.$0$memwr$\cache_addr$picosoc.v:468$558_EN[23:0]$619 [0] $flatten\soc.\spimem_cache.$0$memwr$\cache_addr$picosoc.v:468$558_EN[23:0]$619 [0] $flatten\soc.\spimem_cache.$0$memwr$\cache_addr$picosoc.v:468$558_EN[23:0]$619 [0] $flatten\soc.\spimem_cache.$0$memwr$\cache_addr$picosoc.v:468$558_EN[23:0]$619 [0] $flatten\soc.\spimem_cache.$0$memwr$\cache_addr$picosoc.v:468$558_EN[23:0]$619 [0] $flatten\soc.\spimem_cache.$0$memwr$\cache_addr$picosoc.v:468$558_EN[23:0]$619 [0] $flatten\soc.\spimem_cache.$0$memwr$\cache_addr$picosoc.v:468$558_EN[23:0]$619 [0] $flatten\soc.\spimem_cache.$0$memwr$\cache_addr$picosoc.v:468$558_EN[23:0]$619 [0] $flatten\soc.\spimem_cache.$0$memwr$\cache_addr$picosoc.v:468$558_EN[23:0]$619 [0] $flatten\soc.\spimem_cache.$0$memwr$\cache_addr$picosoc.v:468$558_EN[23:0]$619 [0] $flatten\soc.\spimem_cache.$0$memwr$\cache_addr$picosoc.v:468$558_EN[23:0]$619 [0] $flatten\soc.\spimem_cache.$0$memwr$\cache_addr$picosoc.v:468$558_EN[23:0]$619 [0] $flatten\soc.\spimem_cache.$0$memwr$\cache_addr$picosoc.v:468$558_EN[23:0]$619 [0] }
    Consolidated identical input bits for $mux cell $flatten\soc.\spimem_cache.$procmux$4969:
      Old ports: A=0, B=$flatten\soc.\spimem_cache.$2$memwr$\cache_data$picosoc.v:469$559_EN[31:0]$647, Y=$flatten\soc.\spimem_cache.$0$memwr$\cache_data$picosoc.v:469$559_EN[31:0]$622
      New ports: A=1'0, B=$flatten\soc.\spimem_cache.$procmux$4900_Y [0], Y=$flatten\soc.\spimem_cache.$0$memwr$\cache_data$picosoc.v:469$559_EN[31:0]$622 [0]
      New connections: $flatten\soc.\spimem_cache.$0$memwr$\cache_data$picosoc.v:469$559_EN[31:0]$622 [31:1] = { $flatten\soc.\spimem_cache.$0$memwr$\cache_data$picosoc.v:469$559_EN[31:0]$622 [0] $flatten\soc.\spimem_cache.$0$memwr$\cache_data$picosoc.v:469$559_EN[31:0]$622 [0] $flatten\soc.\spimem_cache.$0$memwr$\cache_data$picosoc.v:469$559_EN[31:0]$622 [0] $flatten\soc.\spimem_cache.$0$memwr$\cache_data$picosoc.v:469$559_EN[31:0]$622 [0] $flatten\soc.\spimem_cache.$0$memwr$\cache_data$picosoc.v:469$559_EN[31:0]$622 [0] $flatten\soc.\spimem_cache.$0$memwr$\cache_data$picosoc.v:469$559_EN[31:0]$622 [0] $flatten\soc.\spimem_cache.$0$memwr$\cache_data$picosoc.v:469$559_EN[31:0]$622 [0] $flatten\soc.\spimem_cache.$0$memwr$\cache_data$picosoc.v:469$559_EN[31:0]$622 [0] $flatten\soc.\spimem_cache.$0$memwr$\cache_data$picosoc.v:469$559_EN[31:0]$622 [0] $flatten\soc.\spimem_cache.$0$memwr$\cache_data$picosoc.v:469$559_EN[31:0]$622 [0] $flatten\soc.\spimem_cache.$0$memwr$\cache_data$picosoc.v:469$559_EN[31:0]$622 [0] $flatten\soc.\spimem_cache.$0$memwr$\cache_data$picosoc.v:469$559_EN[31:0]$622 [0] $flatten\soc.\spimem_cache.$0$memwr$\cache_data$picosoc.v:469$559_EN[31:0]$622 [0] $flatten\soc.\spimem_cache.$0$memwr$\cache_data$picosoc.v:469$559_EN[31:0]$622 [0] $flatten\soc.\spimem_cache.$0$memwr$\cache_data$picosoc.v:469$559_EN[31:0]$622 [0] $flatten\soc.\spimem_cache.$0$memwr$\cache_data$picosoc.v:469$559_EN[31:0]$622 [0] $flatten\soc.\spimem_cache.$0$memwr$\cache_data$picosoc.v:469$559_EN[31:0]$622 [0] $flatten\soc.\spimem_cache.$0$memwr$\cache_data$picosoc.v:469$559_EN[31:0]$622 [0] $flatten\soc.\spimem_cache.$0$memwr$\cache_data$picosoc.v:469$559_EN[31:0]$622 [0] $flatten\soc.\spimem_cache.$0$memwr$\cache_data$picosoc.v:469$559_EN[31:0]$622 [0] $flatten\soc.\spimem_cache.$0$memwr$\cache_data$picosoc.v:469$559_EN[31:0]$622 [0] $flatten\soc.\spimem_cache.$0$memwr$\cache_data$picosoc.v:469$559_EN[31:0]$622 [0] $flatten\soc.\spimem_cache.$0$memwr$\cache_data$picosoc.v:469$559_EN[31:0]$622 [0] $flatten\soc.\spimem_cache.$0$memwr$\cache_data$picosoc.v:469$559_EN[31:0]$622 [0] $flatten\soc.\spimem_cache.$0$memwr$\cache_data$picosoc.v:469$559_EN[31:0]$622 [0] $flatten\soc.\spimem_cache.$0$memwr$\cache_data$picosoc.v:469$559_EN[31:0]$622 [0] $flatten\soc.\spimem_cache.$0$memwr$\cache_data$picosoc.v:469$559_EN[31:0]$622 [0] $flatten\soc.\spimem_cache.$0$memwr$\cache_data$picosoc.v:469$559_EN[31:0]$622 [0] $flatten\soc.\spimem_cache.$0$memwr$\cache_data$picosoc.v:469$559_EN[31:0]$622 [0] $flatten\soc.\spimem_cache.$0$memwr$\cache_data$picosoc.v:469$559_EN[31:0]$622 [0] $flatten\soc.\spimem_cache.$0$memwr$\cache_data$picosoc.v:469$559_EN[31:0]$622 [0] }
  Optimizing cells in module \icebreaker.
Performed a total of 42 changes.

7.11.5. Executing OPT_MERGE pass (detect identical cells).
Finding identical cells in module `\icebreaker'.
Computing hashes of 1474 cells of `\icebreaker'.
Finding duplicate cells in `\icebreaker'.
Computing hashes of 1425 cells of `\icebreaker'.
Finding duplicate cells in `\icebreaker'.
Computing hashes of 1413 cells of `\icebreaker'.
Finding duplicate cells in `\icebreaker'.
Computing hashes of 1405 cells of `\icebreaker'.
Finding duplicate cells in `\icebreaker'.
Computing hashes of 1400 cells of `\icebreaker'.
Finding duplicate cells in `\icebreaker'.
<suppressed ~222 debug messages>
Removed a total of 74 cells.

7.11.6. Executing OPT_DFF pass (perform DFF optimizations).

7.11.7. Executing OPT_CLEAN pass (remove unused cells and wires).
Finding unused cells or wires in module \icebreaker..
Removed 3 unused cells and 596 unused wires.
<suppressed ~6 debug messages>

7.11.8. Executing OPT_EXPR pass (perform const folding).
Optimizing module icebreaker.

7.11.9. Rerunning OPT passes. (Maybe there is more to do..)

7.11.10. Executing OPT_MUXTREE pass (detect dead branches in mux trees).
Running muxtree optimizer on module \icebreaker..
  Creating internal representation of mux trees.
  Evaluating internal representation of mux trees.
  Analyzing evaluation results.
Removed 0 multiplexer ports.
<suppressed ~1949 debug messages>

7.11.11. Executing OPT_REDUCE pass (consolidate $*mux and $reduce_* inputs).
  Optimizing cells in module \icebreaker.
    New ctrl vector for $pmux cell $flatten\soc.\cpu.$procmux$4437: { $flatten\soc.\cpu.$logic_and$../picorv32.v:380$733_Y $auto$opt_reduce.cc:137:opt_pmux$5883 }
    New ctrl vector for $pmux cell $flatten\soc.\cpu.$procmux$3484: $auto$opt_reduce.cc:137:opt_pmux$5885
    New ctrl vector for $pmux cell $flatten\soc.\cpu.$procmux$1941: { $flatten\soc.\cpu.$eq$../picorv32.v:1313$1139_Y $auto$opt_reduce.cc:137:opt_pmux$5887 $auto$opt_reduce.cc:137:opt_pmux$5847 }
    New ctrl vector for $pmux cell $flatten\soc.\cpu.$procmux$2466: { $flatten\soc.\cpu.$procmux$1923_CMP $auto$opt_reduce.cc:137:opt_pmux$5889 }
    New ctrl vector for $pmux cell $flatten\soc.\cpu.$procmux$2449: $auto$opt_reduce.cc:137:opt_pmux$5891
    New ctrl vector for $pmux cell $flatten\soc.\cpu.$procmux$2896: { $flatten\soc.\cpu.$eq$../picorv32.v:1313$1139_Y $flatten\soc.\cpu.$procmux$1925_CMP $flatten\soc.\cpu.$procmux$1924_CMP $flatten\soc.\cpu.$procmux$1923_CMP $flatten\soc.\cpu.$procmux$1922_CMP $auto$opt_reduce.cc:137:opt_pmux$5893 }
    New ctrl vector for $pmux cell $flatten\soc.\spimemio.$procmux$5199: { $flatten\soc.\spimemio.$procmux$5135_CMP $auto$opt_reduce.cc:137:opt_pmux$5895 $flatten\soc.\spimemio.$procmux$5112_CMP }
    New ctrl vector for $pmux cell $flatten\soc.\spimemio.$procmux$5097: $auto$opt_reduce.cc:137:opt_pmux$5897
  Optimizing cells in module \icebreaker.
Performed a total of 8 changes.

7.11.12. Executing OPT_MERGE pass (detect identical cells).
Finding identical cells in module `\icebreaker'.
Computing hashes of 1405 cells of `\icebreaker'.
Finding duplicate cells in `\icebreaker'.
Computing hashes of 1402 cells of `\icebreaker'.
Finding duplicate cells in `\icebreaker'.
<suppressed ~9 debug messages>
Removed a total of 3 cells.

7.11.13. Executing OPT_DFF pass (perform DFF optimizations).

7.11.14. Executing OPT_CLEAN pass (remove unused cells and wires).
Finding unused cells or wires in module \icebreaker..
Removed 0 unused cells and 3 unused wires.
<suppressed ~1 debug messages>

7.11.15. Executing OPT_EXPR pass (perform const folding).
Optimizing module icebreaker.

7.11.16. Rerunning OPT passes. (Maybe there is more to do..)

7.11.17. Executing OPT_MUXTREE pass (detect dead branches in mux trees).
Running muxtree optimizer on module \icebreaker..
  Creating internal representation of mux trees.
  Evaluating internal representation of mux trees.
  Analyzing evaluation results.
Removed 0 multiplexer ports.
<suppressed ~1892 debug messages>

7.11.18. Executing OPT_REDUCE pass (consolidate $*mux and $reduce_* inputs).
  Optimizing cells in module \icebreaker.
Performed a total of 0 changes.

7.11.19. Executing OPT_MERGE pass (detect identical cells).
Finding identical cells in module `\icebreaker'.
Computing hashes of 1402 cells of `\icebreaker'.
Finding duplicate cells in `\icebreaker'.
Removed a total of 0 cells.

7.11.20. Executing OPT_DFF pass (perform DFF optimizations).

7.11.21. Executing OPT_CLEAN pass (remove unused cells and wires).
Finding unused cells or wires in module \icebreaker..

7.11.22. Executing OPT_EXPR pass (perform const folding).
Optimizing module icebreaker.

7.11.23. Finished fast OPT passes. (There is nothing left to do.)

7.12. Executing FSM pass (extract and optimize FSM).

7.12.1. Executing FSM_DETECT pass (finding FSMs in design).
Not marking icebreaker.soc.cpu.irq_state as FSM state register:
    Users of register don't seem to benefit from recoding.
Found FSM state register icebreaker.soc.cpu.cpu_state.
Found FSM state register icebreaker.soc.cpu.mem_wordsize.
Not marking icebreaker.soc.cpu.mem_state as FSM state register:
    Users of register don't seem to benefit from recoding.
Found FSM state register icebreaker.soc.spimemio.state.
Not marking icebreaker.soc.spimemio.din_tag as FSM state register:
    Users of register don't seem to benefit from recoding.

7.12.2. Executing FSM_EXTRACT pass (extracting FSM from design).
Extracting FSM `\soc.cpu.cpu_state' from module `\icebreaker'.
  found $dff cell for state register: $flatten\soc.\cpu.$procdff$5612
  root of input selection tree: $flatten\soc.\cpu.$0\cpu_state[7:0]
  found ctrl input: $flatten\soc.\cpu.$logic_and$../picorv32.v:1938$1335_Y
  found ctrl input: $flatten\soc.\cpu.$logic_and$../picorv32.v:1922$1317_Y
  found ctrl input: \resetn
  found state code: 8'01000000
  found ctrl input: $auto$opt_reduce.cc:137:opt_pmux$5889
  found ctrl input: $flatten\soc.\cpu.$procmux$1922_CMP
  found ctrl input: $flatten\soc.\cpu.$procmux$1923_CMP
  found ctrl input: $flatten\soc.\cpu.$procmux$1924_CMP
  found ctrl input: $flatten\soc.\cpu.$procmux$1925_CMP
  found ctrl input: $flatten\soc.\cpu.$eq$../picorv32.v:1313$1139_Y
  found ctrl input: $flatten\soc.\cpu.$logic_or$../picorv32.v:1857$1298_Y
  found ctrl input: $flatten\soc.\cpu.$logic_and$../picorv32.v:1872$1302_Y
  found ctrl input: $flatten\soc.\cpu.$eq$../picorv32.v:1831$1280_Y
  found ctrl input: \soc.cpu.is_beq_bne_blt_bge_bltu_bgeu
  found ctrl input: \soc.cpu.mem_done
  found ctrl input: \soc.cpu.is_sll_srl_sra
  found ctrl input: \soc.cpu.is_sb_sh_sw
  found ctrl input: \soc.cpu.instr_trap
  found state code: 8'00001000
  found state code: 8'00000100
  found state code: 8'00000010
  found ctrl input: \soc.cpu.genblk1.pcpi_mul.active [1]
  found ctrl input: $flatten\soc.\cpu.$logic_and$../picorv32.v:1605$1234_Y
  found ctrl input: $flatten\soc.\cpu.$logic_and$../picorv32.v:1608$1238_Y
  found state code: 8'10000000
  found ctrl input: $auto$opt_reduce.cc:137:opt_pmux$5827
  found ctrl input: \soc.cpu.is_slli_srli_srai
  found ctrl input: $flatten\soc.\cpu.$logic_and$../picorv32.v:1696$1252_Y
  found ctrl input: $auto$opt_reduce.cc:137:opt_pmux$5839
  found state code: 8'00000001
  found ctrl input: $flatten\soc.\cpu.$logic_and$../picorv32.v:1538$1213_Y
  found ctrl input: $flatten\soc.\cpu.$logic_and$../picorv32.v:1548$1221_Y
  found ctrl input: \soc.cpu.decoder_trigger
  found ctrl input: \soc.cpu.instr_jal
  found state code: 8'00100000
  found ctrl input: $flatten\soc.\cpu.$logic_and$../picorv32.v:1930$1327_Y
  found ctrl input: $flatten\soc.\cpu.$logic_and$../picorv32.v:1923$1320_Y
  found ctrl input: $flatten\soc.\cpu.$logic_and$../picorv32.v:1925$1324_Y
  found ctrl output: $flatten\soc.\cpu.$procmux$1927_CMP
  found ctrl output: $flatten\soc.\cpu.$procmux$1922_CMP
  found ctrl output: $flatten\soc.\cpu.$procmux$1923_CMP
  found ctrl output: $flatten\soc.\cpu.$eq$../picorv32.v:1313$1139_Y
  found ctrl output: $flatten\soc.\cpu.$procmux$1925_CMP
  found ctrl output: $flatten\soc.\cpu.$procmux$1920_CMP
  found ctrl output: $flatten\soc.\cpu.$procmux$1921_CMP
  found ctrl output: $flatten\soc.\cpu.$procmux$1924_CMP
  ctrl inputs: { \soc.cpu.genblk1.pcpi_mul.active [1] $flatten\soc.\cpu.$logic_and$../picorv32.v:1938$1335_Y $flatten\soc.\cpu.$logic_and$../picorv32.v:1930$1327_Y $flatten\soc.\cpu.$logic_and$../picorv32.v:1925$1324_Y $flatten\soc.\cpu.$logic_and$../picorv32.v:1923$1320_Y $flatten\soc.\cpu.$logic_and$../picorv32.v:1922$1317_Y $flatten\soc.\cpu.$logic_and$../picorv32.v:1872$1302_Y $flatten\soc.\cpu.$logic_or$../picorv32.v:1857$1298_Y $flatten\soc.\cpu.$eq$../picorv32.v:1831$1280_Y $flatten\soc.\cpu.$logic_and$../picorv32.v:1696$1252_Y $flatten\soc.\cpu.$logic_and$../picorv32.v:1608$1238_Y $flatten\soc.\cpu.$logic_and$../picorv32.v:1605$1234_Y $flatten\soc.\cpu.$logic_and$../picorv32.v:1548$1221_Y $flatten\soc.\cpu.$logic_and$../picorv32.v:1538$1213_Y \soc.cpu.is_beq_bne_blt_bge_bltu_bgeu \soc.cpu.is_sll_srl_sra \soc.cpu.is_sb_sh_sw \soc.cpu.is_slli_srli_srai \soc.cpu.decoder_trigger \soc.cpu.instr_trap \soc.cpu.instr_jal \soc.cpu.mem_done \resetn $auto$opt_reduce.cc:137:opt_pmux$5827 $auto$opt_reduce.cc:137:opt_pmux$5839 $auto$opt_reduce.cc:137:opt_pmux$5889 }
  ctrl outputs: { $flatten\soc.\cpu.$procmux$1927_CMP $flatten\soc.\cpu.$procmux$1925_CMP $flatten\soc.\cpu.$procmux$1924_CMP $flatten\soc.\cpu.$procmux$1923_CMP $flatten\soc.\cpu.$procmux$1922_CMP $flatten\soc.\cpu.$procmux$1921_CMP $flatten\soc.\cpu.$procmux$1920_CMP $flatten\soc.\cpu.$0\cpu_state[7:0] $flatten\soc.\cpu.$eq$../picorv32.v:1313$1139_Y }
  transition: 8'10000000 26'-0---0----------------0--- -> 8'01000000 16'1000000010000000
  transition: 8'10000000 26'-0---0----------------1--- -> 8'10000000 16'1000000100000000
  transition: 8'10000000 26'-00-01----------------0--- -> 8'01000000 16'1000000010000000
  transition: 8'10000000 26'-00-01----------------1--- -> 8'10000000 16'1000000100000000
  transition: 8'10000000 26'-00011-------------------- -> 8'10000000 16'1000000100000000
  transition: 8'10000000 26'-00111----------------0--- -> 8'01000000 16'1000000010000000
  transition: 8'10000000 26'-00111----------------1--- -> 8'10000000 16'1000000100000000
  transition: 8'10000000 26'-010-1-------------------- -> 8'10000000 16'1000000100000000
  transition: 8'10000000 26'-01101----------------0--- -> 8'01000000 16'1000000010000000
  transition: 8'10000000 26'-01101----------------1--- -> 8'10000000 16'1000000100000000
  transition: 8'10000000 26'-01111----------------0--- -> 8'01000000 16'1000000010000000
  transition: 8'10000000 26'-01111----------------1--- -> 8'10000000 16'1000000100000000
  transition: 8'10000000 26'-1-0---------------------- -> 8'10000000 16'1000000100000000
  transition: 8'10000000 26'-1-1-0----------------0--- -> 8'01000000 16'1000000010000000
  transition: 8'10000000 26'-1-1-0----------------1--- -> 8'10000000 16'1000000100000000
  transition: 8'10000000 26'-10101----------------0--- -> 8'01000000 16'1000000010000000
  transition: 8'10000000 26'-10101----------------1--- -> 8'10000000 16'1000000100000000
  transition: 8'10000000 26'-10111----------------0--- -> 8'01000000 16'1000000010000000
  transition: 8'10000000 26'-10111----------------1--- -> 8'10000000 16'1000000100000000
  transition: 8'10000000 26'-11101----------------0--- -> 8'01000000 16'1000000010000000
  transition: 8'10000000 26'-11101----------------1--- -> 8'10000000 16'1000000100000000
  transition: 8'10000000 26'-11111----------------0--- -> 8'01000000 16'1000000010000000
  transition: 8'10000000 26'-11111----------------1--- -> 8'10000000 16'1000000100000000
  transition: 8'01000000 26'-0---0----------------0--- -> 8'01000000 16'0000000010000001
  transition: 8'01000000 26'-0---0------00----0---1--- -> 8'01000000 16'0000000010000001
  transition: 8'01000000 26'-0---0------00----1-0-1--- -> 8'00100000 16'0000000001000001
  transition: 8'01000000 26'-0---0------00----1-1-1--- -> 8'01000000 16'0000000010000001
  transition: 8'01000000 26'-0---0------10--------1--- -> 8'01000000 16'0000000010000001
  transition: 8'01000000 26'-0---0-------1--------1--- -> 8'01000000 16'0000000010000001
  transition: 8'01000000 26'-00-01----------------0--- -> 8'01000000 16'0000000010000001
  transition: 8'01000000 26'-00-01------00----0---1--- -> 8'01000000 16'0000000010000001
  transition: 8'01000000 26'-00-01------00----1-0-1--- -> 8'00100000 16'0000000001000001
  transition: 8'01000000 26'-00-01------00----1-1-1--- -> 8'01000000 16'0000000010000001
  transition: 8'01000000 26'-00-01------10--------1--- -> 8'01000000 16'0000000010000001
  transition: 8'01000000 26'-00-01-------1--------1--- -> 8'01000000 16'0000000010000001
  transition: 8'01000000 26'-00011-------------------- -> 8'10000000 16'0000000100000001
  transition: 8'01000000 26'-00111----------------0--- -> 8'01000000 16'0000000010000001
  transition: 8'01000000 26'-00111------00----0---1--- -> 8'01000000 16'0000000010000001
  transition: 8'01000000 26'-00111------00----1-0-1--- -> 8'00100000 16'0000000001000001
  transition: 8'01000000 26'-00111------00----1-1-1--- -> 8'01000000 16'0000000010000001
  transition: 8'01000000 26'-00111------10--------1--- -> 8'01000000 16'0000000010000001
  transition: 8'01000000 26'-00111-------1--------1--- -> 8'01000000 16'0000000010000001
  transition: 8'01000000 26'-010-1-------------------- -> 8'10000000 16'0000000100000001
  transition: 8'01000000 26'-01101----------------0--- -> 8'01000000 16'0000000010000001
  transition: 8'01000000 26'-01101------00----0---1--- -> 8'01000000 16'0000000010000001
  transition: 8'01000000 26'-01101------00----1-0-1--- -> 8'00100000 16'0000000001000001
  transition: 8'01000000 26'-01101------00----1-1-1--- -> 8'01000000 16'0000000010000001
  transition: 8'01000000 26'-01101------10--------1--- -> 8'01000000 16'0000000010000001
  transition: 8'01000000 26'-01101-------1--------1--- -> 8'01000000 16'0000000010000001
  transition: 8'01000000 26'-01111----------------0--- -> 8'01000000 16'0000000010000001
  transition: 8'01000000 26'-01111------00----0---1--- -> 8'01000000 16'0000000010000001
  transition: 8'01000000 26'-01111------00----1-0-1--- -> 8'00100000 16'0000000001000001
  transition: 8'01000000 26'-01111------00----1-1-1--- -> 8'01000000 16'0000000010000001
  transition: 8'01000000 26'-01111------10--------1--- -> 8'01000000 16'0000000010000001
  transition: 8'01000000 26'-01111-------1--------1--- -> 8'01000000 16'0000000010000001
  transition: 8'01000000 26'-1-0---------------------- -> 8'10000000 16'0000000100000001
  transition: 8'01000000 26'-1-1-0----------------0--- -> 8'01000000 16'0000000010000001
  transition: 8'01000000 26'-1-1-0------00----0---1--- -> 8'01000000 16'0000000010000001
  transition: 8'01000000 26'-1-1-0------00----1-0-1--- -> 8'00100000 16'0000000001000001
  transition: 8'01000000 26'-1-1-0------00----1-1-1--- -> 8'01000000 16'0000000010000001
  transition: 8'01000000 26'-1-1-0------10--------1--- -> 8'01000000 16'0000000010000001
  transition: 8'01000000 26'-1-1-0-------1--------1--- -> 8'01000000 16'0000000010000001
  transition: 8'01000000 26'-10101----------------0--- -> 8'01000000 16'0000000010000001
  transition: 8'01000000 26'-10101------00----0---1--- -> 8'01000000 16'0000000010000001
  transition: 8'01000000 26'-10101------00----1-0-1--- -> 8'00100000 16'0000000001000001
  transition: 8'01000000 26'-10101------00----1-1-1--- -> 8'01000000 16'0000000010000001
  transition: 8'01000000 26'-10101------10--------1--- -> 8'01000000 16'0000000010000001
  transition: 8'01000000 26'-10101-------1--------1--- -> 8'01000000 16'0000000010000001
  transition: 8'01000000 26'-10111----------------0--- -> 8'01000000 16'0000000010000001
  transition: 8'01000000 26'-10111------00----0---1--- -> 8'01000000 16'0000000010000001
  transition: 8'01000000 26'-10111------00----1-0-1--- -> 8'00100000 16'0000000001000001
  transition: 8'01000000 26'-10111------00----1-1-1--- -> 8'01000000 16'0000000010000001
  transition: 8'01000000 26'-10111------10--------1--- -> 8'01000000 16'0000000010000001
  transition: 8'01000000 26'-10111-------1--------1--- -> 8'01000000 16'0000000010000001
  transition: 8'01000000 26'-11101----------------0--- -> 8'01000000 16'0000000010000001
  transition: 8'01000000 26'-11101------00----0---1--- -> 8'01000000 16'0000000010000001
  transition: 8'01000000 26'-11101------00----1-0-1--- -> 8'00100000 16'0000000001000001
  transition: 8'01000000 26'-11101------00----1-1-1--- -> 8'01000000 16'0000000010000001
  transition: 8'01000000 26'-11101------10--------1--- -> 8'01000000 16'0000000010000001
  transition: 8'01000000 26'-11101-------1--------1--- -> 8'01000000 16'0000000010000001
  transition: 8'01000000 26'-11111----------------0--- -> 8'01000000 16'0000000010000001
  transition: 8'01000000 26'-11111------00----0---1--- -> 8'01000000 16'0000000010000001
  transition: 8'01000000 26'-11111------00----1-0-1--- -> 8'00100000 16'0000000001000001
  transition: 8'01000000 26'-11111------00----1-1-1--- -> 8'01000000 16'0000000010000001
  transition: 8'01000000 26'-11111------10--------1--- -> 8'01000000 16'0000000010000001
  transition: 8'01000000 26'-11111-------1--------1--- -> 8'01000000 16'0000000010000001
  transition: 8'00100000 26'-0---0----------------0--- -> 8'01000000 16'0100000010000000
  transition: 8'00100000 26'-0---0---0-----000-0--100- -> 8'00001000 16'0100000000010000
  transition: 8'00100000 26'-0---0---0------10----100- -> 8'00000010 16'0100000000000100
  transition: 8'00100000 26'-0---0---0-----1-0----100- -> 8'00000100 16'0100000000001000
  transition: 8'00100000 26'00---0-----0-------1--1--- -> 8'00100000 16'0100000001000000
  transition: 8'00100000 26'00---0----01-------1--1--- -> 8'10000000 16'0100000100000000
  transition: 8'00100000 26'00---0----11-------1--1--- -> 8'01000000 16'0100000010000000
  transition: 8'00100000 26'10---0-------------1--1--- -> 8'01000000 16'0100000010000000
  transition: 8'00100000 26'-0---0----------------1-1- -> 8'01000000 16'0100000010000000
  transition: 8'00100000 26'-0---0---1------------1--- -> 8'00000001 16'0100000000000010
  transition: 8'00100000 26'-0---0-----------1----1--- -> 8'00000100 16'0100000000001000
  transition: 8'00100000 26'-0---0----------------11-- -> 8'00001000 16'0100000000010000
  transition: 8'00100000 26'-00-01----------------0--- -> 8'01000000 16'0100000010000000
  transition: 8'00100000 26'-00-01---0-----000-0--100- -> 8'00001000 16'0100000000010000
  transition: 8'00100000 26'-00-01---0------10----100- -> 8'00000010 16'0100000000000100
  transition: 8'00100000 26'-00-01---0-----1-0----100- -> 8'00000100 16'0100000000001000
  transition: 8'00100000 26'000-01-----0-------1--1--- -> 8'00100000 16'0100000001000000
  transition: 8'00100000 26'000-01----01-------1--1--- -> 8'10000000 16'0100000100000000
  transition: 8'00100000 26'000-01----11-------1--1--- -> 8'01000000 16'0100000010000000
  transition: 8'00100000 26'100-01-------------1--1--- -> 8'01000000 16'0100000010000000
  transition: 8'00100000 26'-00-01----------------1-1- -> 8'01000000 16'0100000010000000
  transition: 8'00100000 26'-00-01---1------------1--- -> 8'00000001 16'0100000000000010
  transition: 8'00100000 26'-00-01-----------1----1--- -> 8'00000100 16'0100000000001000
  transition: 8'00100000 26'-00-01----------------11-- -> 8'00001000 16'0100000000010000
  transition: 8'00100000 26'-00011-------------------- -> 8'10000000 16'0100000100000000
  transition: 8'00100000 26'-00111----------------0--- -> 8'01000000 16'0100000010000000
  transition: 8'00100000 26'-00111---0-----000-0--100- -> 8'00001000 16'0100000000010000
  transition: 8'00100000 26'-00111---0------10----100- -> 8'00000010 16'0100000000000100
  transition: 8'00100000 26'-00111---0-----1-0----100- -> 8'00000100 16'0100000000001000
  transition: 8'00100000 26'000111-----0-------1--1--- -> 8'00100000 16'0100000001000000
  transition: 8'00100000 26'000111----01-------1--1--- -> 8'10000000 16'0100000100000000
  transition: 8'00100000 26'000111----11-------1--1--- -> 8'01000000 16'0100000010000000
  transition: 8'00100000 26'100111-------------1--1--- -> 8'01000000 16'0100000010000000
  transition: 8'00100000 26'-00111----------------1-1- -> 8'01000000 16'0100000010000000
  transition: 8'00100000 26'-00111---1------------1--- -> 8'00000001 16'0100000000000010
  transition: 8'00100000 26'-00111-----------1----1--- -> 8'00000100 16'0100000000001000
  transition: 8'00100000 26'-00111----------------11-- -> 8'00001000 16'0100000000010000
  transition: 8'00100000 26'-010-1-------------------- -> 8'10000000 16'0100000100000000
  transition: 8'00100000 26'-01101----------------0--- -> 8'01000000 16'0100000010000000
  transition: 8'00100000 26'-01101---0-----000-0--100- -> 8'00001000 16'0100000000010000
  transition: 8'00100000 26'-01101---0------10----100- -> 8'00000010 16'0100000000000100
  transition: 8'00100000 26'-01101---0-----1-0----100- -> 8'00000100 16'0100000000001000
  transition: 8'00100000 26'001101-----0-------1--1--- -> 8'00100000 16'0100000001000000
  transition: 8'00100000 26'001101----01-------1--1--- -> 8'10000000 16'0100000100000000
  transition: 8'00100000 26'001101----11-------1--1--- -> 8'01000000 16'0100000010000000
  transition: 8'00100000 26'101101-------------1--1--- -> 8'01000000 16'0100000010000000
  transition: 8'00100000 26'-01101----------------1-1- -> 8'01000000 16'0100000010000000
  transition: 8'00100000 26'-01101---1------------1--- -> 8'00000001 16'0100000000000010
  transition: 8'00100000 26'-01101-----------1----1--- -> 8'00000100 16'0100000000001000
  transition: 8'00100000 26'-01101----------------11-- -> 8'00001000 16'0100000000010000
  transition: 8'00100000 26'-01111----------------0--- -> 8'01000000 16'0100000010000000
  transition: 8'00100000 26'-01111---0-----000-0--100- -> 8'00001000 16'0100000000010000
  transition: 8'00100000 26'-01111---0------10----100- -> 8'00000010 16'0100000000000100
  transition: 8'00100000 26'-01111---0-----1-0----100- -> 8'00000100 16'0100000000001000
  transition: 8'00100000 26'001111-----0-------1--1--- -> 8'00100000 16'0100000001000000
  transition: 8'00100000 26'001111----01-------1--1--- -> 8'10000000 16'0100000100000000
  transition: 8'00100000 26'001111----11-------1--1--- -> 8'01000000 16'0100000010000000
  transition: 8'00100000 26'101111-------------1--1--- -> 8'01000000 16'0100000010000000
  transition: 8'00100000 26'-01111----------------1-1- -> 8'01000000 16'0100000010000000
  transition: 8'00100000 26'-01111---1------------1--- -> 8'00000001 16'0100000000000010
  transition: 8'00100000 26'-01111-----------1----1--- -> 8'00000100 16'0100000000001000
  transition: 8'00100000 26'-01111----------------11-- -> 8'00001000 16'0100000000010000
  transition: 8'00100000 26'-1-0---------------------- -> 8'10000000 16'0100000100000000
  transition: 8'00100000 26'-1-1-0----------------0--- -> 8'01000000 16'0100000010000000
  transition: 8'00100000 26'-1-1-0---0-----000-0--100- -> 8'00001000 16'0100000000010000
  transition: 8'00100000 26'-1-1-0---0------10----100- -> 8'00000010 16'0100000000000100
  transition: 8'00100000 26'-1-1-0---0-----1-0----100- -> 8'00000100 16'0100000000001000
  transition: 8'00100000 26'01-1-0-----0-------1--1--- -> 8'00100000 16'0100000001000000
  transition: 8'00100000 26'01-1-0----01-------1--1--- -> 8'10000000 16'0100000100000000
  transition: 8'00100000 26'01-1-0----11-------1--1--- -> 8'01000000 16'0100000010000000
  transition: 8'00100000 26'11-1-0-------------1--1--- -> 8'01000000 16'0100000010000000
  transition: 8'00100000 26'-1-1-0----------------1-1- -> 8'01000000 16'0100000010000000
  transition: 8'00100000 26'-1-1-0---1------------1--- -> 8'00000001 16'0100000000000010
  transition: 8'00100000 26'-1-1-0-----------1----1--- -> 8'00000100 16'0100000000001000
  transition: 8'00100000 26'-1-1-0----------------11-- -> 8'00001000 16'0100000000010000
  transition: 8'00100000 26'-10101----------------0--- -> 8'01000000 16'0100000010000000
  transition: 8'00100000 26'-10101---0-----000-0--100- -> 8'00001000 16'0100000000010000
  transition: 8'00100000 26'-10101---0------10----100- -> 8'00000010 16'0100000000000100
  transition: 8'00100000 26'-10101---0-----1-0----100- -> 8'00000100 16'0100000000001000
  transition: 8'00100000 26'010101-----0-------1--1--- -> 8'00100000 16'0100000001000000
  transition: 8'00100000 26'010101----01-------1--1--- -> 8'10000000 16'0100000100000000
  transition: 8'00100000 26'010101----11-------1--1--- -> 8'01000000 16'0100000010000000
  transition: 8'00100000 26'110101-------------1--1--- -> 8'01000000 16'0100000010000000
  transition: 8'00100000 26'-10101----------------1-1- -> 8'01000000 16'0100000010000000
  transition: 8'00100000 26'-10101---1------------1--- -> 8'00000001 16'0100000000000010
  transition: 8'00100000 26'-10101-----------1----1--- -> 8'00000100 16'0100000000001000
  transition: 8'00100000 26'-10101----------------11-- -> 8'00001000 16'0100000000010000
  transition: 8'00100000 26'-10111----------------0--- -> 8'01000000 16'0100000010000000
  transition: 8'00100000 26'-10111---0-----000-0--100- -> 8'00001000 16'0100000000010000
  transition: 8'00100000 26'-10111---0------10----100- -> 8'00000010 16'0100000000000100
  transition: 8'00100000 26'-10111---0-----1-0----100- -> 8'00000100 16'0100000000001000
  transition: 8'00100000 26'010111-----0-------1--1--- -> 8'00100000 16'0100000001000000
  transition: 8'00100000 26'010111----01-------1--1--- -> 8'10000000 16'0100000100000000
  transition: 8'00100000 26'010111----11-------1--1--- -> 8'01000000 16'0100000010000000
  transition: 8'00100000 26'110111-------------1--1--- -> 8'01000000 16'0100000010000000
  transition: 8'00100000 26'-10111----------------1-1- -> 8'01000000 16'0100000010000000
  transition: 8'00100000 26'-10111---1------------1--- -> 8'00000001 16'0100000000000010
  transition: 8'00100000 26'-10111-----------1----1--- -> 8'00000100 16'0100000000001000
  transition: 8'00100000 26'-10111----------------11-- -> 8'00001000 16'0100000000010000
  transition: 8'00100000 26'-11101----------------0--- -> 8'01000000 16'0100000010000000
  transition: 8'00100000 26'-11101---0-----000-0--100- -> 8'00001000 16'0100000000010000
  transition: 8'00100000 26'-11101---0------10----100- -> 8'00000010 16'0100000000000100
  transition: 8'00100000 26'-11101---0-----1-0----100- -> 8'00000100 16'0100000000001000
  transition: 8'00100000 26'011101-----0-------1--1--- -> 8'00100000 16'0100000001000000
  transition: 8'00100000 26'011101----01-------1--1--- -> 8'10000000 16'0100000100000000
  transition: 8'00100000 26'011101----11-------1--1--- -> 8'01000000 16'0100000010000000
  transition: 8'00100000 26'111101-------------1--1--- -> 8'01000000 16'0100000010000000
  transition: 8'00100000 26'-11101----------------1-1- -> 8'01000000 16'0100000010000000
  transition: 8'00100000 26'-11101---1------------1--- -> 8'00000001 16'0100000000000010
  transition: 8'00100000 26'-11101-----------1----1--- -> 8'00000100 16'0100000000001000
  transition: 8'00100000 26'-11101----------------11-- -> 8'00001000 16'0100000000010000
  transition: 8'00100000 26'-11111----------------0--- -> 8'01000000 16'0100000010000000
  transition: 8'00100000 26'-11111---0-----000-0--100- -> 8'00001000 16'0100000000010000
  transition: 8'00100000 26'-11111---0------10----100- -> 8'00000010 16'0100000000000100
  transition: 8'00100000 26'-11111---0-----1-0----100- -> 8'00000100 16'0100000000001000
  transition: 8'00100000 26'011111-----0-------1--1--- -> 8'00100000 16'0100000001000000
  transition: 8'00100000 26'011111----01-------1--1--- -> 8'10000000 16'0100000100000000
  transition: 8'00100000 26'011111----11-------1--1--- -> 8'01000000 16'0100000010000000
  transition: 8'00100000 26'111111-------------1--1--- -> 8'01000000 16'0100000010000000
  transition: 8'00100000 26'-11111----------------1-1- -> 8'01000000 16'0100000010000000
  transition: 8'00100000 26'-11111---1------------1--- -> 8'00000001 16'0100000000000010
  transition: 8'00100000 26'-11111-----------1----1--- -> 8'00000100 16'0100000000001000
  transition: 8'00100000 26'-11111----------------11-- -> 8'00001000 16'0100000000010000
  transition: 8'00001000 26'-0---0----------------0--- -> 8'01000000 16'0001000010000000
  transition: 8'00001000 26'-0---0--------0-------1--- -> 8'01000000 16'0001000010000000
  transition: 8'00001000 26'-0---0--------1------01--- -> 8'00001000 16'0001000000010000
  transition: 8'00001000 26'-0---0--------1------11--- -> 8'01000000 16'0001000010000000
  transition: 8'00001000 26'-00-01----------------0--- -> 8'01000000 16'0001000010000000
  transition: 8'00001000 26'-00-01--------0-------1--- -> 8'01000000 16'0001000010000000
  transition: 8'00001000 26'-00-01--------1------01--- -> 8'00001000 16'0001000000010000
  transition: 8'00001000 26'-00-01--------1------11--- -> 8'01000000 16'0001000010000000
  transition: 8'00001000 26'-00011-------------------- -> 8'10000000 16'0001000100000000
  transition: 8'00001000 26'-00111----------------0--- -> 8'01000000 16'0001000010000000
  transition: 8'00001000 26'-00111--------0-------1--- -> 8'01000000 16'0001000010000000
  transition: 8'00001000 26'-00111--------1------01--- -> 8'00001000 16'0001000000010000
  transition: 8'00001000 26'-00111--------1------11--- -> 8'01000000 16'0001000010000000
  transition: 8'00001000 26'-010-1-------------------- -> 8'10000000 16'0001000100000000
  transition: 8'00001000 26'-01101----------------0--- -> 8'01000000 16'0001000010000000
  transition: 8'00001000 26'-01101--------0-------1--- -> 8'01000000 16'0001000010000000
  transition: 8'00001000 26'-01101--------1------01--- -> 8'00001000 16'0001000000010000
  transition: 8'00001000 26'-01101--------1------11--- -> 8'01000000 16'0001000010000000
  transition: 8'00001000 26'-01111----------------0--- -> 8'01000000 16'0001000010000000
  transition: 8'00001000 26'-01111--------0-------1--- -> 8'01000000 16'0001000010000000
  transition: 8'00001000 26'-01111--------1------01--- -> 8'00001000 16'0001000000010000
  transition: 8'00001000 26'-01111--------1------11--- -> 8'01000000 16'0001000010000000
  transition: 8'00001000 26'-1-0---------------------- -> 8'10000000 16'0001000100000000
  transition: 8'00001000 26'-1-1-0----------------0--- -> 8'01000000 16'0001000010000000
  transition: 8'00001000 26'-1-1-0--------0-------1--- -> 8'01000000 16'0001000010000000
  transition: 8'00001000 26'-1-1-0--------1------01--- -> 8'00001000 16'0001000000010000
  transition: 8'00001000 26'-1-1-0--------1------11--- -> 8'01000000 16'0001000010000000
  transition: 8'00001000 26'-10101----------------0--- -> 8'01000000 16'0001000010000000
  transition: 8'00001000 26'-10101--------0-------1--- -> 8'01000000 16'0001000010000000
  transition: 8'00001000 26'-10101--------1------01--- -> 8'00001000 16'0001000000010000
  transition: 8'00001000 26'-10101--------1------11--- -> 8'01000000 16'0001000010000000
  transition: 8'00001000 26'-10111----------------0--- -> 8'01000000 16'0001000010000000
  transition: 8'00001000 26'-10111--------0-------1--- -> 8'01000000 16'0001000010000000
  transition: 8'00001000 26'-10111--------1------01--- -> 8'00001000 16'0001000000010000
  transition: 8'00001000 26'-10111--------1------11--- -> 8'01000000 16'0001000010000000
  transition: 8'00001000 26'-11101----------------0--- -> 8'01000000 16'0001000010000000
  transition: 8'00001000 26'-11101--------0-------1--- -> 8'01000000 16'0001000010000000
  transition: 8'00001000 26'-11101--------1------01--- -> 8'00001000 16'0001000000010000
  transition: 8'00001000 26'-11101--------1------11--- -> 8'01000000 16'0001000010000000
  transition: 8'00001000 26'-11111----------------0--- -> 8'01000000 16'0001000010000000
  transition: 8'00001000 26'-11111--------0-------1--- -> 8'01000000 16'0001000010000000
  transition: 8'00001000 26'-11111--------1------01--- -> 8'00001000 16'0001000000010000
  transition: 8'00001000 26'-11111--------1------11--- -> 8'01000000 16'0001000010000000
  transition: 8'00000100 26'-0---0----------------0--- -> 8'01000000 16'0000100010000000
  transition: 8'00000100 26'-0---0--0-------------1--- -> 8'00000100 16'0000100000001000
  transition: 8'00000100 26'-0---0--1-------------1--- -> 8'01000000 16'0000100010000000
  transition: 8'00000100 26'-00-01----------------0--- -> 8'01000000 16'0000100010000000
  transition: 8'00000100 26'-00-01--0-------------1--- -> 8'00000100 16'0000100000001000
  transition: 8'00000100 26'-00-01--1-------------1--- -> 8'01000000 16'0000100010000000
  transition: 8'00000100 26'-00011-------------------- -> 8'10000000 16'0000100100000000
  transition: 8'00000100 26'-00111----------------0--- -> 8'01000000 16'0000100010000000
  transition: 8'00000100 26'-00111--0-------------1--- -> 8'00000100 16'0000100000001000
  transition: 8'00000100 26'-00111--1-------------1--- -> 8'01000000 16'0000100010000000
  transition: 8'00000100 26'-010-1-------------------- -> 8'10000000 16'0000100100000000
  transition: 8'00000100 26'-01101----------------0--- -> 8'01000000 16'0000100010000000
  transition: 8'00000100 26'-01101--0-------------1--- -> 8'00000100 16'0000100000001000
  transition: 8'00000100 26'-01101--1-------------1--- -> 8'01000000 16'0000100010000000
  transition: 8'00000100 26'-01111----------------0--- -> 8'01000000 16'0000100010000000
  transition: 8'00000100 26'-01111--0-------------1--- -> 8'00000100 16'0000100000001000
  transition: 8'00000100 26'-01111--1-------------1--- -> 8'01000000 16'0000100010000000
  transition: 8'00000100 26'-1-0---------------------- -> 8'10000000 16'0000100100000000
  transition: 8'00000100 26'-1-1-0----------------0--- -> 8'01000000 16'0000100010000000
  transition: 8'00000100 26'-1-1-0--0-------------1--- -> 8'00000100 16'0000100000001000
  transition: 8'00000100 26'-1-1-0--1-------------1--- -> 8'01000000 16'0000100010000000
  transition: 8'00000100 26'-10101----------------0--- -> 8'01000000 16'0000100010000000
  transition: 8'00000100 26'-10101--0-------------1--- -> 8'00000100 16'0000100000001000
  transition: 8'00000100 26'-10101--1-------------1--- -> 8'01000000 16'0000100010000000
  transition: 8'00000100 26'-10111----------------0--- -> 8'01000000 16'0000100010000000
  transition: 8'00000100 26'-10111--0-------------1--- -> 8'00000100 16'0000100000001000
  transition: 8'00000100 26'-10111--1-------------1--- -> 8'01000000 16'0000100010000000
  transition: 8'00000100 26'-11101----------------0--- -> 8'01000000 16'0000100010000000
  transition: 8'00000100 26'-11101--0-------------1--- -> 8'00000100 16'0000100000001000
  transition: 8'00000100 26'-11101--1-------------1--- -> 8'01000000 16'0000100010000000
  transition: 8'00000100 26'-11111----------------0--- -> 8'01000000 16'0000100010000000
  transition: 8'00000100 26'-11111--0-------------1--- -> 8'00000100 16'0000100000001000
  transition: 8'00000100 26'-11111--1-------------1--- -> 8'01000000 16'0000100010000000
  transition: 8'00000010 26'-0---0----------------0--- -> 8'01000000 16'0000010010000000
  transition: 8'00000010 26'-0---0-0--------------1--- -> 8'00000010 16'0000010000000100
  transition: 8'00000010 26'-0---001--------------1--- -> 8'00000010 16'0000010000000100
  transition: 8'00000010 26'-0---011--------------1--- -> 8'01000000 16'0000010010000000
  transition: 8'00000010 26'-00-01----------------0--- -> 8'01000000 16'0000010010000000
  transition: 8'00000010 26'-00-01-0--------------1--- -> 8'00000010 16'0000010000000100
  transition: 8'00000010 26'-00-0101--------------1--- -> 8'00000010 16'0000010000000100
  transition: 8'00000010 26'-00-0111--------------1--- -> 8'01000000 16'0000010010000000
  transition: 8'00000010 26'-00011-------------------- -> 8'10000000 16'0000010100000000
  transition: 8'00000010 26'-00111----------------0--- -> 8'01000000 16'0000010010000000
  transition: 8'00000010 26'-00111-0--------------1--- -> 8'00000010 16'0000010000000100
  transition: 8'00000010 26'-0011101--------------1--- -> 8'00000010 16'0000010000000100
  transition: 8'00000010 26'-0011111--------------1--- -> 8'01000000 16'0000010010000000
  transition: 8'00000010 26'-010-1-------------------- -> 8'10000000 16'0000010100000000
  transition: 8'00000010 26'-01101----------------0--- -> 8'01000000 16'0000010010000000
  transition: 8'00000010 26'-01101-0--------------1--- -> 8'00000010 16'0000010000000100
  transition: 8'00000010 26'-0110101--------------1--- -> 8'00000010 16'0000010000000100
  transition: 8'00000010 26'-0110111--------------1--- -> 8'01000000 16'0000010010000000
  transition: 8'00000010 26'-01111----------------0--- -> 8'01000000 16'0000010010000000
  transition: 8'00000010 26'-01111-0--------------1--- -> 8'00000010 16'0000010000000100
  transition: 8'00000010 26'-0111101--------------1--- -> 8'00000010 16'0000010000000100
  transition: 8'00000010 26'-0111111--------------1--- -> 8'01000000 16'0000010010000000
  transition: 8'00000010 26'-1-0---------------------- -> 8'10000000 16'0000010100000000
  transition: 8'00000010 26'-1-1-0----------------0--- -> 8'01000000 16'0000010010000000
  transition: 8'00000010 26'-1-1-0-0--------------1--- -> 8'00000010 16'0000010000000100
  transition: 8'00000010 26'-1-1-001--------------1--- -> 8'00000010 16'0000010000000100
  transition: 8'00000010 26'-1-1-011--------------1--- -> 8'01000000 16'0000010010000000
  transition: 8'00000010 26'-10101----------------0--- -> 8'01000000 16'0000010010000000
  transition: 8'00000010 26'-10101-0--------------1--- -> 8'00000010 16'0000010000000100
  transition: 8'00000010 26'-1010101--------------1--- -> 8'00000010 16'0000010000000100
  transition: 8'00000010 26'-1010111--------------1--- -> 8'01000000 16'0000010010000000
  transition: 8'00000010 26'-10111----------------0--- -> 8'01000000 16'0000010010000000
  transition: 8'00000010 26'-10111-0--------------1--- -> 8'00000010 16'0000010000000100
  transition: 8'00000010 26'-1011101--------------1--- -> 8'00000010 16'0000010000000100
  transition: 8'00000010 26'-1011111--------------1--- -> 8'01000000 16'0000010010000000
  transition: 8'00000010 26'-11101----------------0--- -> 8'01000000 16'0000010010000000
  transition: 8'00000010 26'-11101-0--------------1--- -> 8'00000010 16'0000010000000100
  transition: 8'00000010 26'-1110101--------------1--- -> 8'00000010 16'0000010000000100
  transition: 8'00000010 26'-1110111--------------1--- -> 8'01000000 16'0000010010000000
  transition: 8'00000010 26'-11111----------------0--- -> 8'01000000 16'0000010010000000
  transition: 8'00000010 26'-11111-0--------------1--- -> 8'00000010 16'0000010000000100
  transition: 8'00000010 26'-1111101--------------1--- -> 8'00000010 16'0000010000000100
  transition: 8'00000010 26'-1111111--------------1--- -> 8'01000000 16'0000010010000000
  transition: 8'00000001 26'-0---0----------------0--- -> 8'01000000 16'0000001010000000
  transition: 8'00000001 26'-0---0-0--------------1--- -> 8'00000001 16'0000001000000010
  transition: 8'00000001 26'-0---001--------------1--- -> 8'00000001 16'0000001000000010
  transition: 8'00000001 26'-0---011--------------1--- -> 8'01000000 16'0000001010000000
  transition: 8'00000001 26'-00-01----------------0--- -> 8'01000000 16'0000001010000000
  transition: 8'00000001 26'-00-01-0--------------1--- -> 8'00000001 16'0000001000000010
  transition: 8'00000001 26'-00-0101--------------1--- -> 8'00000001 16'0000001000000010
  transition: 8'00000001 26'-00-0111--------------1--- -> 8'01000000 16'0000001010000000
  transition: 8'00000001 26'-00011-------------------- -> 8'10000000 16'0000001100000000
  transition: 8'00000001 26'-00111----------------0--- -> 8'01000000 16'0000001010000000
  transition: 8'00000001 26'-00111-0--------------1--- -> 8'00000001 16'0000001000000010
  transition: 8'00000001 26'-0011101--------------1--- -> 8'00000001 16'0000001000000010
  transition: 8'00000001 26'-0011111--------------1--- -> 8'01000000 16'0000001010000000
  transition: 8'00000001 26'-010-1-------------------- -> 8'10000000 16'0000001100000000
  transition: 8'00000001 26'-01101----------------0--- -> 8'01000000 16'0000001010000000
  transition: 8'00000001 26'-01101-0--------------1--- -> 8'00000001 16'0000001000000010
  transition: 8'00000001 26'-0110101--------------1--- -> 8'00000001 16'0000001000000010
  transition: 8'00000001 26'-0110111--------------1--- -> 8'01000000 16'0000001010000000
  transition: 8'00000001 26'-01111----------------0--- -> 8'01000000 16'0000001010000000
  transition: 8'00000001 26'-01111-0--------------1--- -> 8'00000001 16'0000001000000010
  transition: 8'00000001 26'-0111101--------------1--- -> 8'00000001 16'0000001000000010
  transition: 8'00000001 26'-0111111--------------1--- -> 8'01000000 16'0000001010000000
  transition: 8'00000001 26'-1-0---------------------- -> 8'10000000 16'0000001100000000
  transition: 8'00000001 26'-1-1-0----------------0--- -> 8'01000000 16'0000001010000000
  transition: 8'00000001 26'-1-1-0-0--------------1--- -> 8'00000001 16'0000001000000010
  transition: 8'00000001 26'-1-1-001--------------1--- -> 8'00000001 16'0000001000000010
  transition: 8'00000001 26'-1-1-011--------------1--- -> 8'01000000 16'0000001010000000
  transition: 8'00000001 26'-10101----------------0--- -> 8'01000000 16'0000001010000000
  transition: 8'00000001 26'-10101-0--------------1--- -> 8'00000001 16'0000001000000010
  transition: 8'00000001 26'-1010101--------------1--- -> 8'00000001 16'0000001000000010
  transition: 8'00000001 26'-1010111--------------1--- -> 8'01000000 16'0000001010000000
  transition: 8'00000001 26'-10111----------------0--- -> 8'01000000 16'0000001010000000
  transition: 8'00000001 26'-10111-0--------------1--- -> 8'00000001 16'0000001000000010
  transition: 8'00000001 26'-1011101--------------1--- -> 8'00000001 16'0000001000000010
  transition: 8'00000001 26'-1011111--------------1--- -> 8'01000000 16'0000001010000000
  transition: 8'00000001 26'-11101----------------0--- -> 8'01000000 16'0000001010000000
  transition: 8'00000001 26'-11101-0--------------1--- -> 8'00000001 16'0000001000000010
  transition: 8'00000001 26'-1110101--------------1--- -> 8'00000001 16'0000001000000010
  transition: 8'00000001 26'-1110111--------------1--- -> 8'01000000 16'0000001010000000
  transition: 8'00000001 26'-11111----------------0--- -> 8'01000000 16'0000001010000000
  transition: 8'00000001 26'-11111-0--------------1--- -> 8'00000001 16'0000001000000010
  transition: 8'00000001 26'-1111101--------------1--- -> 8'00000001 16'0000001000000010
  transition: 8'00000001 26'-1111111--------------1--- -> 8'01000000 16'0000001010000000
Extracting FSM `\soc.cpu.mem_wordsize' from module `\icebreaker'.
  found $dff cell for state register: $flatten\soc.\cpu.$procdff$5599
  root of input selection tree: $flatten\soc.\cpu.$0\mem_wordsize[1:0]
  found ctrl input: \resetn
  found ctrl input: $flatten\soc.\cpu.$procmux$1920_CMP
  found ctrl input: $flatten\soc.\cpu.$procmux$1921_CMP
  found ctrl input: $flatten\soc.\cpu.$eq$../picorv32.v:1313$1139_Y
  found ctrl input: $flatten\soc.\cpu.$logic_or$../picorv32.v:1857$1298_Y
  found ctrl input: \soc.cpu.mem_do_rdata
  found ctrl input: \soc.cpu.instr_lw
  found ctrl input: $flatten\soc.\cpu.$logic_or$../picorv32.v:1887$1307_Y
  found ctrl input: $flatten\soc.\cpu.$logic_or$../picorv32.v:1886$1306_Y
  found state code: 2'00
  found state code: 2'01
  found state code: 2'10
  found ctrl input: \soc.cpu.mem_do_wdata
  found ctrl input: \soc.cpu.instr_sw
  found ctrl input: \soc.cpu.instr_sh
  found ctrl input: \soc.cpu.instr_sb
  found ctrl output: $flatten\soc.\cpu.$eq$../picorv32.v:1923$1318_Y
  found ctrl output: $flatten\soc.\cpu.$eq$../picorv32.v:1930$1325_Y
  found ctrl output: $flatten\soc.\cpu.$procmux$4679_CMP
  ctrl inputs: { $flatten\soc.\cpu.$procmux$1921_CMP $flatten\soc.\cpu.$procmux$1920_CMP $flatten\soc.\cpu.$logic_or$../picorv32.v:1887$1307_Y $flatten\soc.\cpu.$logic_or$../picorv32.v:1886$1306_Y $flatten\soc.\cpu.$logic_or$../picorv32.v:1857$1298_Y $flatten\soc.\cpu.$eq$../picorv32.v:1313$1139_Y \soc.cpu.instr_sw \soc.cpu.instr_sh \soc.cpu.instr_sb \soc.cpu.instr_lw \soc.cpu.mem_do_wdata \soc.cpu.mem_do_rdata \resetn }
  ctrl outputs: { $flatten\soc.\cpu.$procmux$4679_CMP $flatten\soc.\cpu.$eq$../picorv32.v:1930$1325_Y $flatten\soc.\cpu.$eq$../picorv32.v:1923$1318_Y $flatten\soc.\cpu.$0\mem_wordsize[1:0] }
  transition:       2'00 13'------------0 ->       2'00 5'00100
  transition:       2'00 13'00---0------1 ->       2'00 5'00100
  transition:       2'00 13'-----1------1 ->       2'00 5'00100
  transition:       2'00 13'1---0-------1 ->       2'00 5'00100
  transition:       2'00 13'1---1-000-0-1 ->       2'00 5'00100
  transition:       2'00 13'1---1---1-0-1 ->       2'10 5'00110
  transition:       2'00 13'1---1--1--0-1 ->       2'01 5'00101
  transition:       2'00 13'1---1-1---0-1 ->       2'00 5'00100
  transition:       2'00 13'1---1-----1-1 ->       2'00 5'00100
  transition:       2'00 13'-1--0-------1 ->       2'00 5'00100
  transition:       2'00 13'-1001----0-01 ->       2'00 5'00100
  transition:       2'00 13'-1-11------01 ->       2'10 5'00110
  transition:       2'00 13'-11-1------01 ->       2'01 5'00101
  transition:       2'00 13'-1--1----1-01 ->       2'00 5'00100
  transition:       2'00 13'-1--1------11 ->       2'00 5'00100
  transition:       2'10 13'------------0 ->       2'10 5'10010
  transition:       2'10 13'00---0------1 ->       2'10 5'10010
  transition:       2'10 13'-----1------1 ->       2'00 5'10000
  transition:       2'10 13'1---0-------1 ->       2'10 5'10010
  transition:       2'10 13'1---1-000-0-1 ->       2'10 5'10010
  transition:       2'10 13'1---1---1-0-1 ->       2'10 5'10010
  transition:       2'10 13'1---1--1--0-1 ->       2'01 5'10001
  transition:       2'10 13'1---1-1---0-1 ->       2'00 5'10000
  transition:       2'10 13'1---1-----1-1 ->       2'10 5'10010
  transition:       2'10 13'-1--0-------1 ->       2'10 5'10010
  transition:       2'10 13'-1001----0-01 ->       2'10 5'10010
  transition:       2'10 13'-1-11------01 ->       2'10 5'10010
  transition:       2'10 13'-11-1------01 ->       2'01 5'10001
  transition:       2'10 13'-1--1----1-01 ->       2'00 5'10000
  transition:       2'10 13'-1--1------11 ->       2'10 5'10010
  transition:       2'01 13'------------0 ->       2'01 5'01001
  transition:       2'01 13'00---0------1 ->       2'01 5'01001
  transition:       2'01 13'-----1------1 ->       2'00 5'01000
  transition:       2'01 13'1---0-------1 ->       2'01 5'01001
  transition:       2'01 13'1---1-000-0-1 ->       2'01 5'01001
  transition:       2'01 13'1---1---1-0-1 ->       2'10 5'01010
  transition:       2'01 13'1---1--1--0-1 ->       2'01 5'01001
  transition:       2'01 13'1---1-1---0-1 ->       2'00 5'01000
  transition:       2'01 13'1---1-----1-1 ->       2'01 5'01001
  transition:       2'01 13'-1--0-------1 ->       2'01 5'01001
  transition:       2'01 13'-1001----0-01 ->       2'01 5'01001
  transition:       2'01 13'-1-11------01 ->       2'10 5'01010
  transition:       2'01 13'-11-1------01 ->       2'01 5'01001
  transition:       2'01 13'-1--1----1-01 ->       2'00 5'01000
  transition:       2'01 13'-1--1------11 ->       2'01 5'01001
Extracting FSM `\soc.spimemio.state' from module `\icebreaker'.
  found $dff cell for state register: $flatten\soc.\spimemio.$procdff$5768
  root of input selection tree: $flatten\soc.\spimemio.$0\state[3:0]
  found reset state: 4'0000 (guessed from mux tree)
  found ctrl input: $flatten\soc.\spimemio.$logic_or$spimemio.v:211$531_Y
  found ctrl input: \soc.spimemio.jump
  found ctrl input: $flatten\soc.\spimemio.$procmux$5112_CMP
  found ctrl input: $flatten\soc.\spimemio.$procmux$5115_CMP
  found ctrl input: $flatten\soc.\spimemio.$procmux$5118_CMP
  found ctrl input: $flatten\soc.\spimemio.$procmux$5121_CMP
  found ctrl input: $flatten\soc.\spimemio.$procmux$5124_CMP
  found ctrl input: $flatten\soc.\spimemio.$procmux$5127_CMP
  found ctrl input: $flatten\soc.\spimemio.$procmux$5130_CMP
  found ctrl input: $flatten\soc.\spimemio.$procmux$5135_CMP
  found ctrl input: $flatten\soc.\spimemio.$procmux$5138_CMP
  found ctrl input: $flatten\soc.\spimemio.$procmux$5098_CMP
  found ctrl input: $flatten\soc.\spimemio.$procmux$5144_CMP
  found ctrl input: $flatten\soc.\spimemio.$procmux$5101_CMP
  found ctrl input: $flatten\soc.\spimemio.$procmux$5150_CMP
  found ctrl input: $flatten\soc.\spimemio.$logic_or$spimemio.v:350$549_Y
  found ctrl input: \soc.spimemio.xfer.din_ready
  found state code: 4'1001
  found state code: 4'1100
  found state code: 4'1011
  found state code: 4'1010
  found ctrl input: $flatten\soc.\spimemio.$logic_or$spimemio.v:310$545_Y
  found state code: 4'1000
  found state code: 4'0111
  found ctrl input: $flatten\soc.\spimemio.$logic_and$spimemio.v:282$544_Y
  found state code: 4'0110
  found state code: 4'0101
  found ctrl input: \soc.spimemio.dout_valid
  found state code: 4'0100
  found state code: 4'0011
  found state code: 4'0010
  found state code: 4'0001
  found ctrl input: \soc.spimemio.config_cont
  found state code: 4'0000
  found ctrl output: $flatten\soc.\spimemio.$procmux$5098_CMP
  found ctrl output: $flatten\soc.\spimemio.$procmux$5101_CMP
  found ctrl output: $flatten\soc.\spimemio.$procmux$5112_CMP
  found ctrl output: $flatten\soc.\spimemio.$procmux$5115_CMP
  found ctrl output: $flatten\soc.\spimemio.$procmux$5121_CMP
  found ctrl output: $flatten\soc.\spimemio.$procmux$5118_CMP
  found ctrl output: $flatten\soc.\spimemio.$procmux$5124_CMP
  found ctrl output: $flatten\soc.\spimemio.$procmux$5127_CMP
  found ctrl output: $flatten\soc.\spimemio.$procmux$5130_CMP
  found ctrl output: $flatten\soc.\spimemio.$procmux$5135_CMP
  found ctrl output: $flatten\soc.\spimemio.$procmux$5138_CMP
  found ctrl output: $flatten\soc.\spimemio.$procmux$5144_CMP
  found ctrl output: $flatten\soc.\spimemio.$procmux$5150_CMP
  ctrl inputs: { \soc.spimemio.xfer.din_ready $flatten\soc.\spimemio.$logic_or$spimemio.v:350$549_Y $flatten\soc.\spimemio.$logic_or$spimemio.v:310$545_Y $flatten\soc.\spimemio.$logic_and$spimemio.v:282$544_Y $flatten\soc.\spimemio.$logic_or$spimemio.v:211$531_Y \soc.spimemio.config_cont \soc.spimemio.jump \soc.spimemio.dout_valid }
  ctrl outputs: { $flatten\soc.\spimemio.$procmux$5150_CMP $flatten\soc.\spimemio.$procmux$5144_CMP $flatten\soc.\spimemio.$procmux$5138_CMP $flatten\soc.\spimemio.$procmux$5135_CMP $flatten\soc.\spimemio.$procmux$5130_CMP $flatten\soc.\spimemio.$procmux$5127_CMP $flatten\soc.\spimemio.$procmux$5124_CMP $flatten\soc.\spimemio.$procmux$5121_CMP $flatten\soc.\spimemio.$procmux$5118_CMP $flatten\soc.\spimemio.$procmux$5115_CMP $flatten\soc.\spimemio.$procmux$5112_CMP $flatten\soc.\spimemio.$procmux$5101_CMP $flatten\soc.\spimemio.$procmux$5098_CMP $flatten\soc.\spimemio.$0\state[3:0] }
  transition:     4'0000 8'0---0-0- ->     4'0000 17'10000000000000000
  transition:     4'0000 8'1---0-0- ->     4'0001 17'10000000000000001
  transition:     4'0000 8'----001- ->     4'0100 17'10000000000000100
  transition:     4'0000 8'----011- ->     4'0101 17'10000000000000101
  transition:     4'0000 8'----1--- ->     4'0000 17'10000000000000000
  transition:     4'1000 8'0---0-0- ->     4'1000 17'00000010000001000
  transition:     4'1000 8'1---0-0- ->     4'1001 17'00000010000001001
  transition:     4'1000 8'----001- ->     4'0100 17'00000010000000100
  transition:     4'1000 8'----011- ->     4'0101 17'00000010000000101
  transition:     4'1000 8'----1--- ->     4'0000 17'00000010000000000
  transition:     4'0100 8'0---0-0- ->     4'0100 17'00100000000000100
  transition:     4'0100 8'1---0-0- ->     4'0101 17'00100000000000101
  transition:     4'0100 8'----001- ->     4'0100 17'00100000000000100
  transition:     4'0100 8'----011- ->     4'0101 17'00100000000000101
  transition:     4'0100 8'----1--- ->     4'0000 17'00100000000000000
  transition:     4'1100 8'-0--0-0- ->     4'1100 17'00000000001001100
  transition:     4'1100 8'01--0-0- ->     4'1100 17'00000000001001100
  transition:     4'1100 8'11--0-0- ->     4'1001 17'00000000001001001
  transition:     4'1100 8'----001- ->     4'0100 17'00000000001000100
  transition:     4'1100 8'----011- ->     4'0101 17'00000000001000101
  transition:     4'1100 8'----1--- ->     4'0000 17'00000000001000000
  transition:     4'0010 8'0---0-0- ->     4'0010 17'01000000000000010
  transition:     4'0010 8'1---0-0- ->     4'0011 17'01000000000000011
  transition:     4'0010 8'----001- ->     4'0100 17'01000000000000100
  transition:     4'0010 8'----011- ->     4'0101 17'01000000000000101
  transition:     4'0010 8'----1--- ->     4'0000 17'01000000000000000
  transition:     4'1010 8'0---0-0- ->     4'1010 17'00000000100001010
  transition:     4'1010 8'1---0-0- ->     4'1011 17'00000000100001011
  transition:     4'1010 8'----001- ->     4'0100 17'00000000100000100
  transition:     4'1010 8'----011- ->     4'0101 17'00000000100000101
  transition:     4'1010 8'----1--- ->     4'0000 17'00000000100000000
  transition:     4'0110 8'0---0-0- ->     4'0110 17'00001000000000110
  transition:     4'0110 8'1---0-0- ->     4'0111 17'00001000000000111
  transition:     4'0110 8'----001- ->     4'0100 17'00001000000000100
  transition:     4'0110 8'----011- ->     4'0101 17'00001000000000101
  transition:     4'0110 8'----1--- ->     4'0000 17'00001000000000000
  transition:     4'0001 8'----0-00 ->     4'0001 17'00000000000100001
  transition:     4'0001 8'----0-01 ->     4'0010 17'00000000000100010
  transition:     4'0001 8'----001- ->     4'0100 17'00000000000100100
  transition:     4'0001 8'----011- ->     4'0101 17'00000000000100101
  transition:     4'0001 8'----1--- ->     4'0000 17'00000000000100000
  transition:     4'1001 8'0---0-0- ->     4'1001 17'00000001000001001
  transition:     4'1001 8'1---0-0- ->     4'1010 17'00000001000001010
  transition:     4'1001 8'----001- ->     4'0100 17'00000001000000100
  transition:     4'1001 8'----011- ->     4'0101 17'00000001000000101
  transition:     4'1001 8'----1--- ->     4'0000 17'00000001000000000
  transition:     4'0101 8'---00-0- ->     4'0101 17'00010000000000101
  transition:     4'0101 8'0--10-0- ->     4'0101 17'00010000000000101
  transition:     4'0101 8'1--10-0- ->     4'0110 17'00010000000000110
  transition:     4'0101 8'----001- ->     4'0100 17'00010000000000100
  transition:     4'0101 8'----011- ->     4'0101 17'00010000000000101
  transition:     4'0101 8'----1--- ->     4'0000 17'00010000000000000
  transition:     4'0011 8'----0-00 ->     4'0011 17'00000000000010011
  transition:     4'0011 8'----0-01 ->     4'0100 17'00000000000010100
  transition:     4'0011 8'----001- ->     4'0100 17'00000000000010100
  transition:     4'0011 8'----011- ->     4'0101 17'00000000000010101
  transition:     4'0011 8'----1--- ->     4'0000 17'00000000000010000
  transition:     4'1011 8'0---0-0- ->     4'1011 17'00000000010001011
  transition:     4'1011 8'1---0-0- ->     4'1100 17'00000000010001100
  transition:     4'1011 8'----001- ->     4'0100 17'00000000010000100
  transition:     4'1011 8'----011- ->     4'0101 17'00000000010000101
  transition:     4'1011 8'----1--- ->     4'0000 17'00000000010000000
  transition:     4'0111 8'0---0-0- ->     4'0111 17'00000100000000111
  transition:     4'0111 8'1-0-0-0- ->     4'1001 17'00000100000001001
  transition:     4'0111 8'1-1-0-0- ->     4'1000 17'00000100000001000
  transition:     4'0111 8'----001- ->     4'0100 17'00000100000000100
  transition:     4'0111 8'----011- ->     4'0101 17'00000100000000101
  transition:     4'0111 8'----1--- ->     4'0000 17'00000100000000000

7.12.3. Executing FSM_OPT pass (simple optimizations of FSMs).
Optimizing FSM `$fsm$\soc.spimemio.state$5913' from module `\icebreaker'.
Optimizing FSM `$fsm$\soc.cpu.mem_wordsize$5908' from module `\icebreaker'.
Optimizing FSM `$fsm$\soc.cpu.cpu_state$5898' from module `\icebreaker'.
  Merging pattern 26'-10101----------------1--- and 26'-10111----------------1--- from group (0 0 16'1000000100000000).
  Merging pattern 26'-01101----------------1--- and 26'-01111----------------1--- from group (0 0 16'1000000100000000).
  Merging pattern 26'-11101----------------1--- and 26'-11111----------------1--- from group (0 0 16'1000000100000000).
  Merging pattern 26'-10111----------------1--- and 26'-10101----------------1--- from group (0 0 16'1000000100000000).
  Merging pattern 26'-01111----------------1--- and 26'-01101----------------1--- from group (0 0 16'1000000100000000).
  Merging pattern 26'-11111----------------1--- and 26'-11101----------------1--- from group (0 0 16'1000000100000000).
  Merging pattern 26'-101-1----------------1--- and 26'-111-1----------------1--- from group (0 0 16'1000000100000000).
  Merging pattern 26'-111-1----------------1--- and 26'-101-1----------------1--- from group (0 0 16'1000000100000000).
  Merging pattern 26'-1-1-0----------------1--- and 26'-1-1-1----------------1--- from group (0 0 16'1000000100000000).
  Merging pattern 26'-1-1-1----------------1--- and 26'-1-1-0----------------1--- from group (0 0 16'1000000100000000).
  Merging pattern 26'-10101----------------0--- and 26'-10111----------------0--- from group (0 1 16'1000000010000000).
  Merging pattern 26'-01101----------------0--- and 26'-01111----------------0--- from group (0 1 16'1000000010000000).
  Merging pattern 26'-11101----------------0--- and 26'-11111----------------0--- from group (0 1 16'1000000010000000).
  Merging pattern 26'-10111----------------0--- and 26'-10101----------------0--- from group (0 1 16'1000000010000000).
  Merging pattern 26'-01111----------------0--- and 26'-01101----------------0--- from group (0 1 16'1000000010000000).
  Merging pattern 26'-11111----------------0--- and 26'-11101----------------0--- from group (0 1 16'1000000010000000).
  Merging pattern 26'-101-1----------------0--- and 26'-111-1----------------0--- from group (0 1 16'1000000010000000).
  Merging pattern 26'-111-1----------------0--- and 26'-101-1----------------0--- from group (0 1 16'1000000010000000).
  Merging pattern 26'-1-1-0----------------0--- and 26'-1-1-1----------------0--- from group (0 1 16'1000000010000000).
  Merging pattern 26'-1-1-1----------------0--- and 26'-1-1-0----------------0--- from group (0 1 16'1000000010000000).
  Merging pattern 26'-10101----------------0--- and 26'-10111----------------0--- from group (1 1 16'0000000010000001).
  Merging pattern 26'-01101----------------0--- and 26'-01111----------------0--- from group (1 1 16'0000000010000001).
  Merging pattern 26'-11101----------------0--- and 26'-11111----------------0--- from group (1 1 16'0000000010000001).
  Merging pattern 26'-10111----------------0--- and 26'-10101----------------0--- from group (1 1 16'0000000010000001).
  Merging pattern 26'-01111----------------0--- and 26'-01101----------------0--- from group (1 1 16'0000000010000001).
  Merging pattern 26'-11111----------------0--- and 26'-11101----------------0--- from group (1 1 16'0000000010000001).
  Merging pattern 26'-10101------00----1-1-1--- and 26'-10111------00----1-1-1--- from group (1 1 16'0000000010000001).
  Merging pattern 26'-01101------00----1-1-1--- and 26'-01111------00----1-1-1--- from group (1 1 16'0000000010000001).
  Merging pattern 26'-11101------00----1-1-1--- and 26'-11111------00----1-1-1--- from group (1 1 16'0000000010000001).
  Merging pattern 26'-10111------00----1-1-1--- and 26'-10101------00----1-1-1--- from group (1 1 16'0000000010000001).
  Merging pattern 26'-01111------00----1-1-1--- and 26'-01101------00----1-1-1--- from group (1 1 16'0000000010000001).
  Merging pattern 26'-11111------00----1-1-1--- and 26'-11101------00----1-1-1--- from group (1 1 16'0000000010000001).
  Merging pattern 26'-10101------00----0---1--- and 26'-10111------00----0---1--- from group (1 1 16'0000000010000001).
  Merging pattern 26'-01101------00----0---1--- and 26'-01111------00----0---1--- from group (1 1 16'0000000010000001).
  Merging pattern 26'-11101------00----0---1--- and 26'-11111------00----0---1--- from group (1 1 16'0000000010000001).
  Merging pattern 26'-10111------00----0---1--- and 26'-10101------00----0---1--- from group (1 1 16'0000000010000001).
  Merging pattern 26'-01111------00----0---1--- and 26'-01101------00----0---1--- from group (1 1 16'0000000010000001).
  Merging pattern 26'-11111------00----0---1--- and 26'-11101------00----0---1--- from group (1 1 16'0000000010000001).
  Merging pattern 26'-10101------10--------1--- and 26'-10111------10--------1--- from group (1 1 16'0000000010000001).
  Merging pattern 26'-01101------10--------1--- and 26'-01111------10--------1--- from group (1 1 16'0000000010000001).
  Merging pattern 26'-11101------10--------1--- and 26'-11111------10--------1--- from group (1 1 16'0000000010000001).
  Merging pattern 26'-10111------10--------1--- and 26'-10101------10--------1--- from group (1 1 16'0000000010000001).
  Merging pattern 26'-01111------10--------1--- and 26'-01101------10--------1--- from group (1 1 16'0000000010000001).
  Merging pattern 26'-11111------10--------1--- and 26'-11101------10--------1--- from group (1 1 16'0000000010000001).
  Merging pattern 26'-10101-------1--------1--- and 26'-10111-------1--------1--- from group (1 1 16'0000000010000001).
  Merging pattern 26'-01101-------1--------1--- and 26'-01111-------1--------1--- from group (1 1 16'0000000010000001).
  Merging pattern 26'-11101-------1--------1--- and 26'-11111-------1--------1--- from group (1 1 16'0000000010000001).
  Merging pattern 26'-10111-------1--------1--- and 26'-10101-------1--------1--- from group (1 1 16'0000000010000001).
  Merging pattern 26'-01111-------1--------1--- and 26'-01101-------1--------1--- from group (1 1 16'0000000010000001).
  Merging pattern 26'-11111-------1--------1--- and 26'-11101-------1--------1--- from group (1 1 16'0000000010000001).
  Merging pattern 26'-101-1----------------0--- and 26'-111-1----------------0--- from group (1 1 16'0000000010000001).
  Merging pattern 26'-111-1----------------0--- and 26'-101-1----------------0--- from group (1 1 16'0000000010000001).
  Merging pattern 26'-101-1------00----1-1-1--- and 26'-111-1------00----1-1-1--- from group (1 1 16'0000000010000001).
  Merging pattern 26'-111-1------00----1-1-1--- and 26'-101-1------00----1-1-1--- from group (1 1 16'0000000010000001).
  Merging pattern 26'-101-1------00----0---1--- and 26'-111-1------00----0---1--- from group (1 1 16'0000000010000001).
  Merging pattern 26'-111-1------00----0---1--- and 26'-101-1------00----0---1--- from group (1 1 16'0000000010000001).
  Merging pattern 26'-101-1------10--------1--- and 26'-111-1------10--------1--- from group (1 1 16'0000000010000001).
  Merging pattern 26'-111-1------10--------1--- and 26'-101-1------10--------1--- from group (1 1 16'0000000010000001).
  Merging pattern 26'-101-1-------1--------1--- and 26'-111-1-------1--------1--- from group (1 1 16'0000000010000001).
  Merging pattern 26'-111-1-------1--------1--- and 26'-101-1-------1--------1--- from group (1 1 16'0000000010000001).
  Merging pattern 26'-1-1-0----------------0--- and 26'-1-1-1----------------0--- from group (1 1 16'0000000010000001).
  Merging pattern 26'-1-1-1----------------0--- and 26'-1-1-0----------------0--- from group (1 1 16'0000000010000001).
  Merging pattern 26'-1-1-0------00----1-1-1--- and 26'-1-1-1------00----1-1-1--- from group (1 1 16'0000000010000001).
  Merging pattern 26'-1-1-1------00----1-1-1--- and 26'-1-1-0------00----1-1-1--- from group (1 1 16'0000000010000001).
  Merging pattern 26'-1-1-0------00----0---1--- and 26'-1-1-1------00----0---1--- from group (1 1 16'0000000010000001).
  Merging pattern 26'-1-1-1------00----0---1--- and 26'-1-1-0------00----0---1--- from group (1 1 16'0000000010000001).
  Merging pattern 26'-1-1-0------10--------1--- and 26'-1-1-1------10--------1--- from group (1 1 16'0000000010000001).
  Merging pattern 26'-1-1-1------10--------1--- and 26'-1-1-0------10--------1--- from group (1 1 16'0000000010000001).
  Merging pattern 26'-1-1-0-------1--------1--- and 26'-1-1-1-------1--------1--- from group (1 1 16'0000000010000001).
  Merging pattern 26'-1-1-1-------1--------1--- and 26'-1-1-0-------1--------1--- from group (1 1 16'0000000010000001).
  Merging pattern 26'-10101------00----1-0-1--- and 26'-10111------00----1-0-1--- from group (1 2 16'0000000001000001).
  Merging pattern 26'-01101------00----1-0-1--- and 26'-01111------00----1-0-1--- from group (1 2 16'0000000001000001).
  Merging pattern 26'-11101------00----1-0-1--- and 26'-11111------00----1-0-1--- from group (1 2 16'0000000001000001).
  Merging pattern 26'-10111------00----1-0-1--- and 26'-10101------00----1-0-1--- from group (1 2 16'0000000001000001).
  Merging pattern 26'-01111------00----1-0-1--- and 26'-01101------00----1-0-1--- from group (1 2 16'0000000001000001).
  Merging pattern 26'-11111------00----1-0-1--- and 26'-11101------00----1-0-1--- from group (1 2 16'0000000001000001).
  Merging pattern 26'-101-1------00----1-0-1--- and 26'-111-1------00----1-0-1--- from group (1 2 16'0000000001000001).
  Merging pattern 26'-111-1------00----1-0-1--- and 26'-101-1------00----1-0-1--- from group (1 2 16'0000000001000001).
  Merging pattern 26'-1-1-0------00----1-0-1--- and 26'-1-1-1------00----1-0-1--- from group (1 2 16'0000000001000001).
  Merging pattern 26'-1-1-1------00----1-0-1--- and 26'-1-1-0------00----1-0-1--- from group (1 2 16'0000000001000001).
  Merging pattern 26'010101----01-------1--1--- and 26'010111----01-------1--1--- from group (2 0 16'0100000100000000).
  Merging pattern 26'001101----01-------1--1--- and 26'001111----01-------1--1--- from group (2 0 16'0100000100000000).
  Merging pattern 26'011101----01-------1--1--- and 26'011111----01-------1--1--- from group (2 0 16'0100000100000000).
  Merging pattern 26'010111----01-------1--1--- and 26'010101----01-------1--1--- from group (2 0 16'0100000100000000).
  Merging pattern 26'001111----01-------1--1--- and 26'001101----01-------1--1--- from group (2 0 16'0100000100000000).
  Merging pattern 26'011111----01-------1--1--- and 26'011101----01-------1--1--- from group (2 0 16'0100000100000000).
  Merging pattern 26'0101-1----01-------1--1--- and 26'0111-1----01-------1--1--- from group (2 0 16'0100000100000000).
  Merging pattern 26'0111-1----01-------1--1--- and 26'0101-1----01-------1--1--- from group (2 0 16'0100000100000000).
  Merging pattern 26'01-1-0----01-------1--1--- and 26'01-1-1----01-------1--1--- from group (2 0 16'0100000100000000).
  Merging pattern 26'01-1-1----01-------1--1--- and 26'01-1-0----01-------1--1--- from group (2 0 16'0100000100000000).
  Merging pattern 26'-10101----------------1-1- and 26'-10111----------------1-1- from group (2 1 16'0100000010000000).
  Merging pattern 26'-01101----------------1-1- and 26'-01111----------------1-1- from group (2 1 16'0100000010000000).
  Merging pattern 26'-11101----------------1-1- and 26'-11111----------------1-1- from group (2 1 16'0100000010000000).
  Merging pattern 26'-10111----------------1-1- and 26'-10101----------------1-1- from group (2 1 16'0100000010000000).
  Merging pattern 26'-01111----------------1-1- and 26'-01101----------------1-1- from group (2 1 16'0100000010000000).
  Merging pattern 26'-11111----------------1-1- and 26'-11101----------------1-1- from group (2 1 16'0100000010000000).
  Merging pattern 26'-10101----------------0--- and 26'-10111----------------0--- from group (2 1 16'0100000010000000).
  Merging pattern 26'-01101----------------0--- and 26'-01111----------------0--- from group (2 1 16'0100000010000000).
  Merging pattern 26'-11101----------------0--- and 26'-11111----------------0--- from group (2 1 16'0100000010000000).
  Merging pattern 26'-10111----------------0--- and 26'-10101----------------0--- from group (2 1 16'0100000010000000).
  Merging pattern 26'-01111----------------0--- and 26'-01101----------------0--- from group (2 1 16'0100000010000000).
  Merging pattern 26'-11111----------------0--- and 26'-11101----------------0--- from group (2 1 16'0100000010000000).
  Merging pattern 26'010101----11-------1--1--- and 26'010111----11-------1--1--- from group (2 1 16'0100000010000000).
  Merging pattern 26'001101----11-------1--1--- and 26'001111----11-------1--1--- from group (2 1 16'0100000010000000).
  Merging pattern 26'011101----11-------1--1--- and 26'011111----11-------1--1--- from group (2 1 16'0100000010000000).
  Merging pattern 26'010111----11-------1--1--- and 26'010101----11-------1--1--- from group (2 1 16'0100000010000000).
  Merging pattern 26'001111----11-------1--1--- and 26'001101----11-------1--1--- from group (2 1 16'0100000010000000).
  Merging pattern 26'011111----11-------1--1--- and 26'011101----11-------1--1--- from group (2 1 16'0100000010000000).
  Merging pattern 26'110101-------------1--1--- and 26'110111-------------1--1--- from group (2 1 16'0100000010000000).
  Merging pattern 26'101101-------------1--1--- and 26'101111-------------1--1--- from group (2 1 16'0100000010000000).
  Merging pattern 26'111101-------------1--1--- and 26'111111-------------1--1--- from group (2 1 16'0100000010000000).
  Merging pattern 26'110111-------------1--1--- and 26'110101-------------1--1--- from group (2 1 16'0100000010000000).
  Merging pattern 26'101111-------------1--1--- and 26'101101-------------1--1--- from group (2 1 16'0100000010000000).
  Merging pattern 26'111111-------------1--1--- and 26'111101-------------1--1--- from group (2 1 16'0100000010000000).
  Merging pattern 26'-101-1----------------1-1- and 26'-111-1----------------1-1- from group (2 1 16'0100000010000000).
  Merging pattern 26'-111-1----------------1-1- and 26'-101-1----------------1-1- from group (2 1 16'0100000010000000).
  Merging pattern 26'-101-1----------------0--- and 26'-111-1----------------0--- from group (2 1 16'0100000010000000).
  Merging pattern 26'-111-1----------------0--- and 26'-101-1----------------0--- from group (2 1 16'0100000010000000).
  Merging pattern 26'0101-1----11-------1--1--- and 26'0111-1----11-------1--1--- from group (2 1 16'0100000010000000).
  Merging pattern 26'0111-1----11-------1--1--- and 26'0101-1----11-------1--1--- from group (2 1 16'0100000010000000).
  Merging pattern 26'1101-1-------------1--1--- and 26'1111-1-------------1--1--- from group (2 1 16'0100000010000000).
  Merging pattern 26'1111-1-------------1--1--- and 26'1101-1-------------1--1--- from group (2 1 16'0100000010000000).
  Merging pattern 26'-1-1-0----------------1-1- and 26'-1-1-1----------------1-1- from group (2 1 16'0100000010000000).
  Merging pattern 26'-1-1-1----------------1-1- and 26'-1-1-0----------------1-1- from group (2 1 16'0100000010000000).
  Merging pattern 26'-1-1-0----------------0--- and 26'-1-1-1----------------0--- from group (2 1 16'0100000010000000).
  Merging pattern 26'-1-1-1----------------0--- and 26'-1-1-0----------------0--- from group (2 1 16'0100000010000000).
  Merging pattern 26'01-1-0----11-------1--1--- and 26'01-1-1----11-------1--1--- from group (2 1 16'0100000010000000).
  Merging pattern 26'01-1-1----11-------1--1--- and 26'01-1-0----11-------1--1--- from group (2 1 16'0100000010000000).
  Merging pattern 26'11-1-0-------------1--1--- and 26'11-1-1-------------1--1--- from group (2 1 16'0100000010000000).
  Merging pattern 26'11-1-1-------------1--1--- and 26'11-1-0-------------1--1--- from group (2 1 16'0100000010000000).
  Merging pattern 26'010101-----0-------1--1--- and 26'010111-----0-------1--1--- from group (2 2 16'0100000001000000).
  Merging pattern 26'001101-----0-------1--1--- and 26'001111-----0-------1--1--- from group (2 2 16'0100000001000000).
  Merging pattern 26'011101-----0-------1--1--- and 26'011111-----0-------1--1--- from group (2 2 16'0100000001000000).
  Merging pattern 26'010111-----0-------1--1--- and 26'010101-----0-------1--1--- from group (2 2 16'0100000001000000).
  Merging pattern 26'001111-----0-------1--1--- and 26'001101-----0-------1--1--- from group (2 2 16'0100000001000000).
  Merging pattern 26'011111-----0-------1--1--- and 26'011101-----0-------1--1--- from group (2 2 16'0100000001000000).
  Merging pattern 26'0101-1-----0-------1--1--- and 26'0111-1-----0-------1--1--- from group (2 2 16'0100000001000000).
  Merging pattern 26'0111-1-----0-------1--1--- and 26'0101-1-----0-------1--1--- from group (2 2 16'0100000001000000).
  Merging pattern 26'01-1-0-----0-------1--1--- and 26'01-1-1-----0-------1--1--- from group (2 2 16'0100000001000000).
  Merging pattern 26'01-1-1-----0-------1--1--- and 26'01-1-0-----0-------1--1--- from group (2 2 16'0100000001000000).
  Merging pattern 26'-10101---0-----000-0--100- and 26'-10111---0-----000-0--100- from group (2 3 16'0100000000010000).
  Merging pattern 26'-01101---0-----000-0--100- and 26'-01111---0-----000-0--100- from group (2 3 16'0100000000010000).
  Merging pattern 26'-11101---0-----000-0--100- and 26'-11111---0-----000-0--100- from group (2 3 16'0100000000010000).
  Merging pattern 26'-10111---0-----000-0--100- and 26'-10101---0-----000-0--100- from group (2 3 16'0100000000010000).
  Merging pattern 26'-01111---0-----000-0--100- and 26'-01101---0-----000-0--100- from group (2 3 16'0100000000010000).
  Merging pattern 26'-11111---0-----000-0--100- and 26'-11101---0-----000-0--100- from group (2 3 16'0100000000010000).
  Merging pattern 26'-10101----------------11-- and 26'-10111----------------11-- from group (2 3 16'0100000000010000).
  Merging pattern 26'-01101----------------11-- and 26'-01111----------------11-- from group (2 3 16'0100000000010000).
  Merging pattern 26'-11101----------------11-- and 26'-11111----------------11-- from group (2 3 16'0100000000010000).
  Merging pattern 26'-10111----------------11-- and 26'-10101----------------11-- from group (2 3 16'0100000000010000).
  Merging pattern 26'-01111----------------11-- and 26'-01101----------------11-- from group (2 3 16'0100000000010000).
  Merging pattern 26'-11111----------------11-- and 26'-11101----------------11-- from group (2 3 16'0100000000010000).
  Merging pattern 26'-101-1---0-----000-0--100- and 26'-111-1---0-----000-0--100- from group (2 3 16'0100000000010000).
  Merging pattern 26'-111-1---0-----000-0--100- and 26'-101-1---0-----000-0--100- from group (2 3 16'0100000000010000).
  Merging pattern 26'-101-1----------------11-- and 26'-111-1----------------11-- from group (2 3 16'0100000000010000).
  Merging pattern 26'-111-1----------------11-- and 26'-101-1----------------11-- from group (2 3 16'0100000000010000).
  Merging pattern 26'-1-1-0---0-----000-0--100- and 26'-1-1-1---0-----000-0--100- from group (2 3 16'0100000000010000).
  Merging pattern 26'-1-1-1---0-----000-0--100- and 26'-1-1-0---0-----000-0--100- from group (2 3 16'0100000000010000).
  Merging pattern 26'-1-1-0----------------11-- and 26'-1-1-1----------------11-- from group (2 3 16'0100000000010000).
  Merging pattern 26'-1-1-1----------------11-- and 26'-1-1-0----------------11-- from group (2 3 16'0100000000010000).
  Merging pattern 26'-10101---0-----1-0----100- and 26'-10111---0-----1-0----100- from group (2 4 16'0100000000001000).
  Merging pattern 26'-01101---0-----1-0----100- and 26'-01111---0-----1-0----100- from group (2 4 16'0100000000001000).
  Merging pattern 26'-11101---0-----1-0----100- and 26'-11111---0-----1-0----100- from group (2 4 16'0100000000001000).
  Merging pattern 26'-10111---0-----1-0----100- and 26'-10101---0-----1-0----100- from group (2 4 16'0100000000001000).
  Merging pattern 26'-01111---0-----1-0----100- and 26'-01101---0-----1-0----100- from group (2 4 16'0100000000001000).
  Merging pattern 26'-11111---0-----1-0----100- and 26'-11101---0-----1-0----100- from group (2 4 16'0100000000001000).
  Merging pattern 26'-10101-----------1----1--- and 26'-10111-----------1----1--- from group (2 4 16'0100000000001000).
  Merging pattern 26'-01101-----------1----1--- and 26'-01111-----------1----1--- from group (2 4 16'0100000000001000).
  Merging pattern 26'-11101-----------1----1--- and 26'-11111-----------1----1--- from group (2 4 16'0100000000001000).
  Merging pattern 26'-10111-----------1----1--- and 26'-10101-----------1----1--- from group (2 4 16'0100000000001000).
  Merging pattern 26'-01111-----------1----1--- and 26'-01101-----------1----1--- from group (2 4 16'0100000000001000).
  Merging pattern 26'-11111-----------1----1--- and 26'-11101-----------1----1--- from group (2 4 16'0100000000001000).
  Merging pattern 26'-101-1---0-----1-0----100- and 26'-111-1---0-----1-0----100- from group (2 4 16'0100000000001000).
  Merging pattern 26'-111-1---0-----1-0----100- and 26'-101-1---0-----1-0----100- from group (2 4 16'0100000000001000).
  Merging pattern 26'-101-1-----------1----1--- and 26'-111-1-----------1----1--- from group (2 4 16'0100000000001000).
  Merging pattern 26'-111-1-----------1----1--- and 26'-101-1-----------1----1--- from group (2 4 16'0100000000001000).
  Merging pattern 26'-1-1-0---0-----1-0----100- and 26'-1-1-1---0-----1-0----100- from group (2 4 16'0100000000001000).
  Merging pattern 26'-1-1-1---0-----1-0----100- and 26'-1-1-0---0-----1-0----100- from group (2 4 16'0100000000001000).
  Merging pattern 26'-1-1-0-----------1----1--- and 26'-1-1-1-----------1----1--- from group (2 4 16'0100000000001000).
  Merging pattern 26'-1-1-1-----------1----1--- and 26'-1-1-0-----------1----1--- from group (2 4 16'0100000000001000).
  Merging pattern 26'-10101---0------10----100- and 26'-10111---0------10----100- from group (2 5 16'0100000000000100).
  Merging pattern 26'-01101---0------10----100- and 26'-01111---0------10----100- from group (2 5 16'0100000000000100).
  Merging pattern 26'-11101---0------10----100- and 26'-11111---0------10----100- from group (2 5 16'0100000000000100).
  Merging pattern 26'-10111---0------10----100- and 26'-10101---0------10----100- from group (2 5 16'0100000000000100).
  Merging pattern 26'-01111---0------10----100- and 26'-01101---0------10----100- from group (2 5 16'0100000000000100).
  Merging pattern 26'-11111---0------10----100- and 26'-11101---0------10----100- from group (2 5 16'0100000000000100).
  Merging pattern 26'-101-1---0------10----100- and 26'-111-1---0------10----100- from group (2 5 16'0100000000000100).
  Merging pattern 26'-111-1---0------10----100- and 26'-101-1---0------10----100- from group (2 5 16'0100000000000100).
  Merging pattern 26'-1-1-0---0------10----100- and 26'-1-1-1---0------10----100- from group (2 5 16'0100000000000100).
  Merging pattern 26'-1-1-1---0------10----100- and 26'-1-1-0---0------10----100- from group (2 5 16'0100000000000100).
  Merging pattern 26'-10101---1------------1--- and 26'-10111---1------------1--- from group (2 6 16'0100000000000010).
  Merging pattern 26'-01101---1------------1--- and 26'-01111---1------------1--- from group (2 6 16'0100000000000010).
  Merging pattern 26'-11101---1------------1--- and 26'-11111---1------------1--- from group (2 6 16'0100000000000010).
  Merging pattern 26'-10111---1------------1--- and 26'-10101---1------------1--- from group (2 6 16'0100000000000010).
  Merging pattern 26'-01111---1------------1--- and 26'-01101---1------------1--- from group (2 6 16'0100000000000010).
  Merging pattern 26'-11111---1------------1--- and 26'-11101---1------------1--- from group (2 6 16'0100000000000010).
  Merging pattern 26'-101-1---1------------1--- and 26'-111-1---1------------1--- from group (2 6 16'0100000000000010).
  Merging pattern 26'-111-1---1------------1--- and 26'-101-1---1------------1--- from group (2 6 16'0100000000000010).
  Merging pattern 26'-1-1-0---1------------1--- and 26'-1-1-1---1------------1--- from group (2 6 16'0100000000000010).
  Merging pattern 26'-1-1-1---1------------1--- and 26'-1-1-0---1------------1--- from group (2 6 16'0100000000000010).
  Merging pattern 26'-10101----------------0--- and 26'-10111----------------0--- from group (3 1 16'0001000010000000).
  Merging pattern 26'-01101----------------0--- and 26'-01111----------------0--- from group (3 1 16'0001000010000000).
  Merging pattern 26'-11101----------------0--- and 26'-11111----------------0--- from group (3 1 16'0001000010000000).
  Merging pattern 26'-10111----------------0--- and 26'-10101----------------0--- from group (3 1 16'0001000010000000).
  Merging pattern 26'-01111----------------0--- and 26'-01101----------------0--- from group (3 1 16'0001000010000000).
  Merging pattern 26'-11111----------------0--- and 26'-11101----------------0--- from group (3 1 16'0001000010000000).
  Merging pattern 26'-10101--------1------11--- and 26'-10111--------1------11--- from group (3 1 16'0001000010000000).
  Merging pattern 26'-01101--------1------11--- and 26'-01111--------1------11--- from group (3 1 16'0001000010000000).
  Merging pattern 26'-11101--------1------11--- and 26'-11111--------1------11--- from group (3 1 16'0001000010000000).
  Merging pattern 26'-10111--------1------11--- and 26'-10101--------1------11--- from group (3 1 16'0001000010000000).
  Merging pattern 26'-01111--------1------11--- and 26'-01101--------1------11--- from group (3 1 16'0001000010000000).
  Merging pattern 26'-11111--------1------11--- and 26'-11101--------1------11--- from group (3 1 16'0001000010000000).
  Merging pattern 26'-10101--------0-------1--- and 26'-10111--------0-------1--- from group (3 1 16'0001000010000000).
  Merging pattern 26'-01101--------0-------1--- and 26'-01111--------0-------1--- from group (3 1 16'0001000010000000).
  Merging pattern 26'-11101--------0-------1--- and 26'-11111--------0-------1--- from group (3 1 16'0001000010000000).
  Merging pattern 26'-10111--------0-------1--- and 26'-10101--------0-------1--- from group (3 1 16'0001000010000000).
  Merging pattern 26'-01111--------0-------1--- and 26'-01101--------0-------1--- from group (3 1 16'0001000010000000).
  Merging pattern 26'-11111--------0-------1--- and 26'-11101--------0-------1--- from group (3 1 16'0001000010000000).
  Merging pattern 26'-101-1----------------0--- and 26'-111-1----------------0--- from group (3 1 16'0001000010000000).
  Merging pattern 26'-111-1----------------0--- and 26'-101-1----------------0--- from group (3 1 16'0001000010000000).
  Merging pattern 26'-101-1--------1------11--- and 26'-111-1--------1------11--- from group (3 1 16'0001000010000000).
  Merging pattern 26'-111-1--------1------11--- and 26'-101-1--------1------11--- from group (3 1 16'0001000010000000).
  Merging pattern 26'-101-1--------0-------1--- and 26'-111-1--------0-------1--- from group (3 1 16'0001000010000000).
  Merging pattern 26'-111-1--------0-------1--- and 26'-101-1--------0-------1--- from group (3 1 16'0001000010000000).
  Merging pattern 26'-1-1-0----------------0--- and 26'-1-1-1----------------0--- from group (3 1 16'0001000010000000).
  Merging pattern 26'-1-1-1----------------0--- and 26'-1-1-0----------------0--- from group (3 1 16'0001000010000000).
  Merging pattern 26'-1-1-0--------1------11--- and 26'-1-1-1--------1------11--- from group (3 1 16'0001000010000000).
  Merging pattern 26'-1-1-1--------1------11--- and 26'-1-1-0--------1------11--- from group (3 1 16'0001000010000000).
  Merging pattern 26'-1-1-0--------0-------1--- and 26'-1-1-1--------0-------1--- from group (3 1 16'0001000010000000).
  Merging pattern 26'-1-1-1--------0-------1--- and 26'-1-1-0--------0-------1--- from group (3 1 16'0001000010000000).
  Merging pattern 26'-10101--------1------01--- and 26'-10111--------1------01--- from group (3 3 16'0001000000010000).
  Merging pattern 26'-01101--------1------01--- and 26'-01111--------1------01--- from group (3 3 16'0001000000010000).
  Merging pattern 26'-11101--------1------01--- and 26'-11111--------1------01--- from group (3 3 16'0001000000010000).
  Merging pattern 26'-10111--------1------01--- and 26'-10101--------1------01--- from group (3 3 16'0001000000010000).
  Merging pattern 26'-01111--------1------01--- and 26'-01101--------1------01--- from group (3 3 16'0001000000010000).
  Merging pattern 26'-11111--------1------01--- and 26'-11101--------1------01--- from group (3 3 16'0001000000010000).
  Merging pattern 26'-101-1--------1------01--- and 26'-111-1--------1------01--- from group (3 3 16'0001000000010000).
  Merging pattern 26'-111-1--------1------01--- and 26'-101-1--------1------01--- from group (3 3 16'0001000000010000).
  Merging pattern 26'-1-1-0--------1------01--- and 26'-1-1-1--------1------01--- from group (3 3 16'0001000000010000).
  Merging pattern 26'-1-1-1--------1------01--- and 26'-1-1-0--------1------01--- from group (3 3 16'0001000000010000).
  Merging pattern 26'-10101----------------0--- and 26'-10111----------------0--- from group (4 1 16'0000100010000000).
  Merging pattern 26'-01101----------------0--- and 26'-01111----------------0--- from group (4 1 16'0000100010000000).
  Merging pattern 26'-11101----------------0--- and 26'-11111----------------0--- from group (4 1 16'0000100010000000).
  Merging pattern 26'-10111----------------0--- and 26'-10101----------------0--- from group (4 1 16'0000100010000000).
  Merging pattern 26'-01111----------------0--- and 26'-01101----------------0--- from group (4 1 16'0000100010000000).
  Merging pattern 26'-11111----------------0--- and 26'-11101----------------0--- from group (4 1 16'0000100010000000).
  Merging pattern 26'-10101--1-------------1--- and 26'-10111--1-------------1--- from group (4 1 16'0000100010000000).
  Merging pattern 26'-01101--1-------------1--- and 26'-01111--1-------------1--- from group (4 1 16'0000100010000000).
  Merging pattern 26'-11101--1-------------1--- and 26'-11111--1-------------1--- from group (4 1 16'0000100010000000).
  Merging pattern 26'-10111--1-------------1--- and 26'-10101--1-------------1--- from group (4 1 16'0000100010000000).
  Merging pattern 26'-01111--1-------------1--- and 26'-01101--1-------------1--- from group (4 1 16'0000100010000000).
  Merging pattern 26'-11111--1-------------1--- and 26'-11101--1-------------1--- from group (4 1 16'0000100010000000).
  Merging pattern 26'-101-1----------------0--- and 26'-111-1----------------0--- from group (4 1 16'0000100010000000).
  Merging pattern 26'-111-1----------------0--- and 26'-101-1----------------0--- from group (4 1 16'0000100010000000).
  Merging pattern 26'-101-1--1-------------1--- and 26'-111-1--1-------------1--- from group (4 1 16'0000100010000000).
  Merging pattern 26'-111-1--1-------------1--- and 26'-101-1--1-------------1--- from group (4 1 16'0000100010000000).
  Merging pattern 26'-1-1-0----------------0--- and 26'-1-1-1----------------0--- from group (4 1 16'0000100010000000).
  Merging pattern 26'-1-1-1----------------0--- and 26'-1-1-0----------------0--- from group (4 1 16'0000100010000000).
  Merging pattern 26'-1-1-0--1-------------1--- and 26'-1-1-1--1-------------1--- from group (4 1 16'0000100010000000).
  Merging pattern 26'-1-1-1--1-------------1--- and 26'-1-1-0--1-------------1--- from group (4 1 16'0000100010000000).
  Merging pattern 26'-10101--0-------------1--- and 26'-10111--0-------------1--- from group (4 4 16'0000100000001000).
  Merging pattern 26'-01101--0-------------1--- and 26'-01111--0-------------1--- from group (4 4 16'0000100000001000).
  Merging pattern 26'-11101--0-------------1--- and 26'-11111--0-------------1--- from group (4 4 16'0000100000001000).
  Merging pattern 26'-10111--0-------------1--- and 26'-10101--0-------------1--- from group (4 4 16'0000100000001000).
  Merging pattern 26'-01111--0-------------1--- and 26'-01101--0-------------1--- from group (4 4 16'0000100000001000).
  Merging pattern 26'-11111--0-------------1--- and 26'-11101--0-------------1--- from group (4 4 16'0000100000001000).
  Merging pattern 26'-101-1--0-------------1--- and 26'-111-1--0-------------1--- from group (4 4 16'0000100000001000).
  Merging pattern 26'-111-1--0-------------1--- and 26'-101-1--0-------------1--- from group (4 4 16'0000100000001000).
  Merging pattern 26'-1-1-0--0-------------1--- and 26'-1-1-1--0-------------1--- from group (4 4 16'0000100000001000).
  Merging pattern 26'-1-1-1--0-------------1--- and 26'-1-1-0--0-------------1--- from group (4 4 16'0000100000001000).
  Merging pattern 26'-10101----------------0--- and 26'-10111----------------0--- from group (5 1 16'0000010010000000).
  Merging pattern 26'-01101----------------0--- and 26'-01111----------------0--- from group (5 1 16'0000010010000000).
  Merging pattern 26'-11101----------------0--- and 26'-11111----------------0--- from group (5 1 16'0000010010000000).
  Merging pattern 26'-10111----------------0--- and 26'-10101----------------0--- from group (5 1 16'0000010010000000).
  Merging pattern 26'-01111----------------0--- and 26'-01101----------------0--- from group (5 1 16'0000010010000000).
  Merging pattern 26'-11111----------------0--- and 26'-11101----------------0--- from group (5 1 16'0000010010000000).
  Merging pattern 26'-1010111--------------1--- and 26'-1011111--------------1--- from group (5 1 16'0000010010000000).
  Merging pattern 26'-0110111--------------1--- and 26'-0111111--------------1--- from group (5 1 16'0000010010000000).
  Merging pattern 26'-1110111--------------1--- and 26'-1111111--------------1--- from group (5 1 16'0000010010000000).
  Merging pattern 26'-1011111--------------1--- and 26'-1010111--------------1--- from group (5 1 16'0000010010000000).
  Merging pattern 26'-0111111--------------1--- and 26'-0110111--------------1--- from group (5 1 16'0000010010000000).
  Merging pattern 26'-1111111--------------1--- and 26'-1110111--------------1--- from group (5 1 16'0000010010000000).
  Merging pattern 26'-101-1----------------0--- and 26'-111-1----------------0--- from group (5 1 16'0000010010000000).
  Merging pattern 26'-111-1----------------0--- and 26'-101-1----------------0--- from group (5 1 16'0000010010000000).
  Merging pattern 26'-101-111--------------1--- and 26'-111-111--------------1--- from group (5 1 16'0000010010000000).
  Merging pattern 26'-111-111--------------1--- and 26'-101-111--------------1--- from group (5 1 16'0000010010000000).
  Merging pattern 26'-1-1-0----------------0--- and 26'-1-1-1----------------0--- from group (5 1 16'0000010010000000).
  Merging pattern 26'-1-1-1----------------0--- and 26'-1-1-0----------------0--- from group (5 1 16'0000010010000000).
  Merging pattern 26'-1-1-011--------------1--- and 26'-1-1-111--------------1--- from group (5 1 16'0000010010000000).
  Merging pattern 26'-1-1-111--------------1--- and 26'-1-1-011--------------1--- from group (5 1 16'0000010010000000).
  Merging pattern 26'-10101-0--------------1--- and 26'-10111-0--------------1--- from group (5 5 16'0000010000000100).
  Merging pattern 26'-01101-0--------------1--- and 26'-01111-0--------------1--- from group (5 5 16'0000010000000100).
  Merging pattern 26'-11101-0--------------1--- and 26'-11111-0--------------1--- from group (5 5 16'0000010000000100).
  Merging pattern 26'-10111-0--------------1--- and 26'-10101-0--------------1--- from group (5 5 16'0000010000000100).
  Merging pattern 26'-01111-0--------------1--- and 26'-01101-0--------------1--- from group (5 5 16'0000010000000100).
  Merging pattern 26'-11111-0--------------1--- and 26'-11101-0--------------1--- from group (5 5 16'0000010000000100).
  Merging pattern 26'-1010101--------------1--- and 26'-1011101--------------1--- from group (5 5 16'0000010000000100).
  Merging pattern 26'-0110101--------------1--- and 26'-0111101--------------1--- from group (5 5 16'0000010000000100).
  Merging pattern 26'-1110101--------------1--- and 26'-1111101--------------1--- from group (5 5 16'0000010000000100).
  Merging pattern 26'-1011101--------------1--- and 26'-1010101--------------1--- from group (5 5 16'0000010000000100).
  Merging pattern 26'-0111101--------------1--- and 26'-0110101--------------1--- from group (5 5 16'0000010000000100).
  Merging pattern 26'-1111101--------------1--- and 26'-1110101--------------1--- from group (5 5 16'0000010000000100).
  Merging pattern 26'-101-1-0--------------1--- and 26'-111-1-0--------------1--- from group (5 5 16'0000010000000100).
  Merging pattern 26'-111-1-0--------------1--- and 26'-101-1-0--------------1--- from group (5 5 16'0000010000000100).
  Merging pattern 26'-101-101--------------1--- and 26'-111-101--------------1--- from group (5 5 16'0000010000000100).
  Merging pattern 26'-111-101--------------1--- and 26'-101-101--------------1--- from group (5 5 16'0000010000000100).
  Merging pattern 26'-1-1-0-0--------------1--- and 26'-1-1-1-0--------------1--- from group (5 5 16'0000010000000100).
  Merging pattern 26'-1-1-1-0--------------1--- and 26'-1-1-0-0--------------1--- from group (5 5 16'0000010000000100).
  Merging pattern 26'-1-1-001--------------1--- and 26'-1-1-101--------------1--- from group (5 5 16'0000010000000100).
  Merging pattern 26'-1-1-101--------------1--- and 26'-1-1-001--------------1--- from group (5 5 16'0000010000000100).
  Merging pattern 26'-10101----------------0--- and 26'-10111----------------0--- from group (6 1 16'0000001010000000).
  Merging pattern 26'-01101----------------0--- and 26'-01111----------------0--- from group (6 1 16'0000001010000000).
  Merging pattern 26'-11101----------------0--- and 26'-11111----------------0--- from group (6 1 16'0000001010000000).
  Merging pattern 26'-10111----------------0--- and 26'-10101----------------0--- from group (6 1 16'0000001010000000).
  Merging pattern 26'-01111----------------0--- and 26'-01101----------------0--- from group (6 1 16'0000001010000000).
  Merging pattern 26'-11111----------------0--- and 26'-11101----------------0--- from group (6 1 16'0000001010000000).
  Merging pattern 26'-1010111--------------1--- and 26'-1011111--------------1--- from group (6 1 16'0000001010000000).
  Merging pattern 26'-0110111--------------1--- and 26'-0111111--------------1--- from group (6 1 16'0000001010000000).
  Merging pattern 26'-1110111--------------1--- and 26'-1111111--------------1--- from group (6 1 16'0000001010000000).
  Merging pattern 26'-1011111--------------1--- and 26'-1010111--------------1--- from group (6 1 16'0000001010000000).
  Merging pattern 26'-0111111--------------1--- and 26'-0110111--------------1--- from group (6 1 16'0000001010000000).
  Merging pattern 26'-1111111--------------1--- and 26'-1110111--------------1--- from group (6 1 16'0000001010000000).
  Merging pattern 26'-101-1----------------0--- and 26'-111-1----------------0--- from group (6 1 16'0000001010000000).
  Merging pattern 26'-111-1----------------0--- and 26'-101-1----------------0--- from group (6 1 16'0000001010000000).
  Merging pattern 26'-101-111--------------1--- and 26'-111-111--------------1--- from group (6 1 16'0000001010000000).
  Merging pattern 26'-111-111--------------1--- and 26'-101-111--------------1--- from group (6 1 16'0000001010000000).
  Merging pattern 26'-1-1-0----------------0--- and 26'-1-1-1----------------0--- from group (6 1 16'0000001010000000).
  Merging pattern 26'-1-1-1----------------0--- and 26'-1-1-0----------------0--- from group (6 1 16'0000001010000000).
  Merging pattern 26'-1-1-011--------------1--- and 26'-1-1-111--------------1--- from group (6 1 16'0000001010000000).
  Merging pattern 26'-1-1-111--------------1--- and 26'-1-1-011--------------1--- from group (6 1 16'0000001010000000).
  Merging pattern 26'-10101-0--------------1--- and 26'-10111-0--------------1--- from group (6 6 16'0000001000000010).
  Merging pattern 26'-01101-0--------------1--- and 26'-01111-0--------------1--- from group (6 6 16'0000001000000010).
  Merging pattern 26'-11101-0--------------1--- and 26'-11111-0--------------1--- from group (6 6 16'0000001000000010).
  Merging pattern 26'-10111-0--------------1--- and 26'-10101-0--------------1--- from group (6 6 16'0000001000000010).
  Merging pattern 26'-01111-0--------------1--- and 26'-01101-0--------------1--- from group (6 6 16'0000001000000010).
  Merging pattern 26'-11111-0--------------1--- and 26'-11101-0--------------1--- from group (6 6 16'0000001000000010).
  Merging pattern 26'-1010101--------------1--- and 26'-1011101--------------1--- from group (6 6 16'0000001000000010).
  Merging pattern 26'-0110101--------------1--- and 26'-0111101--------------1--- from group (6 6 16'0000001000000010).
  Merging pattern 26'-1110101--------------1--- and 26'-1111101--------------1--- from group (6 6 16'0000001000000010).
  Merging pattern 26'-1011101--------------1--- and 26'-1010101--------------1--- from group (6 6 16'0000001000000010).
  Merging pattern 26'-0111101--------------1--- and 26'-0110101--------------1--- from group (6 6 16'0000001000000010).
  Merging pattern 26'-1111101--------------1--- and 26'-1110101--------------1--- from group (6 6 16'0000001000000010).
  Merging pattern 26'-101-1-0--------------1--- and 26'-111-1-0--------------1--- from group (6 6 16'0000001000000010).
  Merging pattern 26'-111-1-0--------------1--- and 26'-101-1-0--------------1--- from group (6 6 16'0000001000000010).
  Merging pattern 26'-101-101--------------1--- and 26'-111-101--------------1--- from group (6 6 16'0000001000000010).
  Merging pattern 26'-111-101--------------1--- and 26'-101-101--------------1--- from group (6 6 16'0000001000000010).
  Merging pattern 26'-1-1-0-0--------------1--- and 26'-1-1-1-0--------------1--- from group (6 6 16'0000001000000010).
  Merging pattern 26'-1-1-1-0--------------1--- and 26'-1-1-0-0--------------1--- from group (6 6 16'0000001000000010).
  Merging pattern 26'-1-1-001--------------1--- and 26'-1-1-101--------------1--- from group (6 6 16'0000001000000010).
  Merging pattern 26'-1-1-101--------------1--- and 26'-1-1-001--------------1--- from group (6 6 16'0000001000000010).
  Removing unused input signal $auto$opt_reduce.cc:137:opt_pmux$5889.

7.12.4. Executing OPT_CLEAN pass (remove unused cells and wires).
Finding unused cells or wires in module \icebreaker..
Removed 78 unused cells and 78 unused wires.
<suppressed ~79 debug messages>

7.12.5. Executing FSM_OPT pass (simple optimizations of FSMs).
Optimizing FSM `$fsm$\soc.cpu.cpu_state$5898' from module `\icebreaker'.
  Removing unused output signal $flatten\soc.\cpu.$0\cpu_state[7:0] [0].
  Removing unused output signal $flatten\soc.\cpu.$0\cpu_state[7:0] [1].
  Removing unused output signal $flatten\soc.\cpu.$0\cpu_state[7:0] [2].
  Removing unused output signal $flatten\soc.\cpu.$0\cpu_state[7:0] [3].
  Removing unused output signal $flatten\soc.\cpu.$0\cpu_state[7:0] [4].
  Removing unused output signal $flatten\soc.\cpu.$0\cpu_state[7:0] [5].
  Removing unused output signal $flatten\soc.\cpu.$0\cpu_state[7:0] [6].
  Removing unused output signal $flatten\soc.\cpu.$0\cpu_state[7:0] [7].
Optimizing FSM `$fsm$\soc.cpu.mem_wordsize$5908' from module `\icebreaker'.
  Removing unused output signal $flatten\soc.\cpu.$0\mem_wordsize[1:0] [0].
  Removing unused output signal $flatten\soc.\cpu.$0\mem_wordsize[1:0] [1].
Optimizing FSM `$fsm$\soc.spimemio.state$5913' from module `\icebreaker'.
  Removing unused output signal $flatten\soc.\spimemio.$0\state[3:0] [0].
  Removing unused output signal $flatten\soc.\spimemio.$0\state[3:0] [1].
  Removing unused output signal $flatten\soc.\spimemio.$0\state[3:0] [2].
  Removing unused output signal $flatten\soc.\spimemio.$0\state[3:0] [3].

7.12.6. Executing FSM_RECODE pass (re-assigning FSM state encoding).
Recoding FSM `$fsm$\soc.cpu.cpu_state$5898' from module `\icebreaker' using `auto' encoding:
  mapping auto encoding to `one-hot` for this FSM.
  10000000 -> ------1
  01000000 -> -----1-
  00100000 -> ----1--
  00001000 -> ---1---
  00000100 -> --1----
  00000010 -> -1-----
  00000001 -> 1------
Recoding FSM `$fsm$\soc.cpu.mem_wordsize$5908' from module `\icebreaker' using `auto' encoding:
  mapping auto encoding to `one-hot` for this FSM.
  00 -> --1
  10 -> -1-
  01 -> 1--
Recoding FSM `$fsm$\soc.spimemio.state$5913' from module `\icebreaker' using `auto' encoding:
  mapping auto encoding to `one-hot` for this FSM.
  0000 -> ------------1
  1000 -> -----------1-
  0100 -> ----------1--
  1100 -> ---------1---
  0010 -> --------1----
  1010 -> -------1-----
  0110 -> ------1------
  0001 -> -----1-------
  1001 -> ----1--------
  0101 -> ---1---------
  0011 -> --1----------
  1011 -> -1-----------
  0111 -> 1------------

7.12.7. Executing FSM_INFO pass (dumping all available information on FSM cells).

FSM `$fsm$\soc.cpu.cpu_state$5898' from module `icebreaker':
-------------------------------------

  Information on FSM $fsm$\soc.cpu.cpu_state$5898 (\soc.cpu.cpu_state):

  Number of input signals:   25
  Number of output signals:   8
  Number of state bits:       7

  Input signals:
    0: $auto$opt_reduce.cc:137:opt_pmux$5839
    1: $auto$opt_reduce.cc:137:opt_pmux$5827
    2: \resetn
    3: \soc.cpu.mem_done
    4: \soc.cpu.instr_jal
    5: \soc.cpu.instr_trap
    6: \soc.cpu.decoder_trigger
    7: \soc.cpu.is_slli_srli_srai
    8: \soc.cpu.is_sb_sh_sw
    9: \soc.cpu.is_sll_srl_sra
   10: \soc.cpu.is_beq_bne_blt_bge_bltu_bgeu
   11: $flatten\soc.\cpu.$logic_and$../picorv32.v:1538$1213_Y
   12: $flatten\soc.\cpu.$logic_and$../picorv32.v:1548$1221_Y
   13: $flatten\soc.\cpu.$logic_and$../picorv32.v:1605$1234_Y
   14: $flatten\soc.\cpu.$logic_and$../picorv32.v:1608$1238_Y
   15: $flatten\soc.\cpu.$logic_and$../picorv32.v:1696$1252_Y
   16: $flatten\soc.\cpu.$eq$../picorv32.v:1831$1280_Y
   17: $flatten\soc.\cpu.$logic_or$../picorv32.v:1857$1298_Y
   18: $flatten\soc.\cpu.$logic_and$../picorv32.v:1872$1302_Y
   19: $flatten\soc.\cpu.$logic_and$../picorv32.v:1922$1317_Y
   20: $flatten\soc.\cpu.$logic_and$../picorv32.v:1923$1320_Y
   21: $flatten\soc.\cpu.$logic_and$../picorv32.v:1925$1324_Y
   22: $flatten\soc.\cpu.$logic_and$../picorv32.v:1930$1327_Y
   23: $flatten\soc.\cpu.$logic_and$../picorv32.v:1938$1335_Y
   24: \soc.cpu.genblk1.pcpi_mul.active [1]

  Output signals:
    0: $flatten\soc.\cpu.$eq$../picorv32.v:1313$1139_Y
    1: $flatten\soc.\cpu.$procmux$1920_CMP
    2: $flatten\soc.\cpu.$procmux$1921_CMP
    3: $flatten\soc.\cpu.$procmux$1922_CMP
    4: $flatten\soc.\cpu.$procmux$1923_CMP
    5: $flatten\soc.\cpu.$procmux$1924_CMP
    6: $flatten\soc.\cpu.$procmux$1925_CMP
    7: $flatten\soc.\cpu.$procmux$1927_CMP

  State encoding:
    0:  7'------1
    1:  7'-----1-
    2:  7'----1--
    3:  7'---1---
    4:  7'--1----
    5:  7'-1-----
    6:  7'1------

  Transition Table (state_in, ctrl_in, state_out, ctrl_out):
      0:     0 25'-0---0----------------1--   ->     0 8'10000000
      1:     0 25'-00-01----------------1--   ->     0 8'10000000
      2:     0 25'-00111----------------1--   ->     0 8'10000000
      3:     0 25'-011-1----------------1--   ->     0 8'10000000
      4:     0 25'-1-1------------------1--   ->     0 8'10000000
      5:     0 25'-00011-------------------   ->     0 8'10000000
      6:     0 25'-010-1-------------------   ->     0 8'10000000
      7:     0 25'-1-0---------------------   ->     0 8'10000000
      8:     0 25'-0---0----------------0--   ->     1 8'10000000
      9:     0 25'-00-01----------------0--   ->     1 8'10000000
     10:     0 25'-00111----------------0--   ->     1 8'10000000
     11:     0 25'-011-1----------------0--   ->     1 8'10000000
     12:     0 25'-1-1------------------0--   ->     1 8'10000000
     13:     1 25'-00011-------------------   ->     0 8'00000001
     14:     1 25'-010-1-------------------   ->     0 8'00000001
     15:     1 25'-1-0---------------------   ->     0 8'00000001
     16:     1 25'-0---0----------------0--   ->     1 8'00000001
     17:     1 25'-00-01----------------0--   ->     1 8'00000001
     18:     1 25'-00111----------------0--   ->     1 8'00000001
     19:     1 25'-011-1----------------0--   ->     1 8'00000001
     20:     1 25'-1-1------------------0--   ->     1 8'00000001
     21:     1 25'-0---0------00----1-1-1--   ->     1 8'00000001
     22:     1 25'-00-01------00----1-1-1--   ->     1 8'00000001
     23:     1 25'-00111------00----1-1-1--   ->     1 8'00000001
     24:     1 25'-011-1------00----1-1-1--   ->     1 8'00000001
     25:     1 25'-1-1--------00----1-1-1--   ->     1 8'00000001
     26:     1 25'-0---0------00----0---1--   ->     1 8'00000001
     27:     1 25'-00-01------00----0---1--   ->     1 8'00000001
     28:     1 25'-00111------00----0---1--   ->     1 8'00000001
     29:     1 25'-011-1------00----0---1--   ->     1 8'00000001
     30:     1 25'-1-1--------00----0---1--   ->     1 8'00000001
     31:     1 25'-0---0------10--------1--   ->     1 8'00000001
     32:     1 25'-00-01------10--------1--   ->     1 8'00000001
     33:     1 25'-00111------10--------1--   ->     1 8'00000001
     34:     1 25'-011-1------10--------1--   ->     1 8'00000001
     35:     1 25'-1-1--------10--------1--   ->     1 8'00000001
     36:     1 25'-0---0-------1--------1--   ->     1 8'00000001
     37:     1 25'-00-01-------1--------1--   ->     1 8'00000001
     38:     1 25'-00111-------1--------1--   ->     1 8'00000001
     39:     1 25'-011-1-------1--------1--   ->     1 8'00000001
     40:     1 25'-1-1---------1--------1--   ->     1 8'00000001
     41:     1 25'-0---0------00----1-0-1--   ->     2 8'00000001
     42:     1 25'-00-01------00----1-0-1--   ->     2 8'00000001
     43:     1 25'-00111------00----1-0-1--   ->     2 8'00000001
     44:     1 25'-011-1------00----1-0-1--   ->     2 8'00000001
     45:     1 25'-1-1--------00----1-0-1--   ->     2 8'00000001
     46:     2 25'00---0----01-------1--1--   ->     0 8'01000000
     47:     2 25'000-01----01-------1--1--   ->     0 8'01000000
     48:     2 25'000111----01-------1--1--   ->     0 8'01000000
     49:     2 25'0011-1----01-------1--1--   ->     0 8'01000000
     50:     2 25'01-1------01-------1--1--   ->     0 8'01000000
     51:     2 25'-00011-------------------   ->     0 8'01000000
     52:     2 25'-010-1-------------------   ->     0 8'01000000
     53:     2 25'-1-0---------------------   ->     0 8'01000000
     54:     2 25'-0---0----------------1-1   ->     1 8'01000000
     55:     2 25'-00-01----------------1-1   ->     1 8'01000000
     56:     2 25'-00111----------------1-1   ->     1 8'01000000
     57:     2 25'-011-1----------------1-1   ->     1 8'01000000
     58:     2 25'-1-1------------------1-1   ->     1 8'01000000
     59:     2 25'-0---0----------------0--   ->     1 8'01000000
     60:     2 25'-00-01----------------0--   ->     1 8'01000000
     61:     2 25'-00111----------------0--   ->     1 8'01000000
     62:     2 25'-011-1----------------0--   ->     1 8'01000000
     63:     2 25'-1-1------------------0--   ->     1 8'01000000
     64:     2 25'00---0----11-------1--1--   ->     1 8'01000000
     65:     2 25'000-01----11-------1--1--   ->     1 8'01000000
     66:     2 25'000111----11-------1--1--   ->     1 8'01000000
     67:     2 25'0011-1----11-------1--1--   ->     1 8'01000000
     68:     2 25'01-1------11-------1--1--   ->     1 8'01000000
     69:     2 25'10---0-------------1--1--   ->     1 8'01000000
     70:     2 25'100-01-------------1--1--   ->     1 8'01000000
     71:     2 25'100111-------------1--1--   ->     1 8'01000000
     72:     2 25'1011-1-------------1--1--   ->     1 8'01000000
     73:     2 25'11-1---------------1--1--   ->     1 8'01000000
     74:     2 25'00---0-----0-------1--1--   ->     2 8'01000000
     75:     2 25'000-01-----0-------1--1--   ->     2 8'01000000
     76:     2 25'000111-----0-------1--1--   ->     2 8'01000000
     77:     2 25'0011-1-----0-------1--1--   ->     2 8'01000000
     78:     2 25'01-1-------0-------1--1--   ->     2 8'01000000
     79:     2 25'-0---0---0-----000-0--100   ->     3 8'01000000
     80:     2 25'-00-01---0-----000-0--100   ->     3 8'01000000
     81:     2 25'-00111---0-----000-0--100   ->     3 8'01000000
     82:     2 25'-011-1---0-----000-0--100   ->     3 8'01000000
     83:     2 25'-1-1-----0-----000-0--100   ->     3 8'01000000
     84:     2 25'-0---0----------------11-   ->     3 8'01000000
     85:     2 25'-00-01----------------11-   ->     3 8'01000000
     86:     2 25'-00111----------------11-   ->     3 8'01000000
     87:     2 25'-011-1----------------11-   ->     3 8'01000000
     88:     2 25'-1-1------------------11-   ->     3 8'01000000
     89:     2 25'-0---0---0-----1-0----100   ->     4 8'01000000
     90:     2 25'-00-01---0-----1-0----100   ->     4 8'01000000
     91:     2 25'-00111---0-----1-0----100   ->     4 8'01000000
     92:     2 25'-011-1---0-----1-0----100   ->     4 8'01000000
     93:     2 25'-1-1-----0-----1-0----100   ->     4 8'01000000
     94:     2 25'-0---0-----------1----1--   ->     4 8'01000000
     95:     2 25'-00-01-----------1----1--   ->     4 8'01000000
     96:     2 25'-00111-----------1----1--   ->     4 8'01000000
     97:     2 25'-011-1-----------1----1--   ->     4 8'01000000
     98:     2 25'-1-1-------------1----1--   ->     4 8'01000000
     99:     2 25'-0---0---0------10----100   ->     5 8'01000000
    100:     2 25'-00-01---0------10----100   ->     5 8'01000000
    101:     2 25'-00111---0------10----100   ->     5 8'01000000
    102:     2 25'-011-1---0------10----100   ->     5 8'01000000
    103:     2 25'-1-1-----0------10----100   ->     5 8'01000000
    104:     2 25'-0---0---1------------1--   ->     6 8'01000000
    105:     2 25'-00-01---1------------1--   ->     6 8'01000000
    106:     2 25'-00111---1------------1--   ->     6 8'01000000
    107:     2 25'-011-1---1------------1--   ->     6 8'01000000
    108:     2 25'-1-1-----1------------1--   ->     6 8'01000000
    109:     3 25'-00011-------------------   ->     0 8'00010000
    110:     3 25'-010-1-------------------   ->     0 8'00010000
    111:     3 25'-1-0---------------------   ->     0 8'00010000
    112:     3 25'-0---0----------------0--   ->     1 8'00010000
    113:     3 25'-00-01----------------0--   ->     1 8'00010000
    114:     3 25'-00111----------------0--   ->     1 8'00010000
    115:     3 25'-011-1----------------0--   ->     1 8'00010000
    116:     3 25'-1-1------------------0--   ->     1 8'00010000
    117:     3 25'-0---0--------1------11--   ->     1 8'00010000
    118:     3 25'-00-01--------1------11--   ->     1 8'00010000
    119:     3 25'-00111--------1------11--   ->     1 8'00010000
    120:     3 25'-011-1--------1------11--   ->     1 8'00010000
    121:     3 25'-1-1----------1------11--   ->     1 8'00010000
    122:     3 25'-0---0--------0-------1--   ->     1 8'00010000
    123:     3 25'-00-01--------0-------1--   ->     1 8'00010000
    124:     3 25'-00111--------0-------1--   ->     1 8'00010000
    125:     3 25'-011-1--------0-------1--   ->     1 8'00010000
    126:     3 25'-1-1----------0-------1--   ->     1 8'00010000
    127:     3 25'-0---0--------1------01--   ->     3 8'00010000
    128:     3 25'-00-01--------1------01--   ->     3 8'00010000
    129:     3 25'-00111--------1------01--   ->     3 8'00010000
    130:     3 25'-011-1--------1------01--   ->     3 8'00010000
    131:     3 25'-1-1----------1------01--   ->     3 8'00010000
    132:     4 25'-00011-------------------   ->     0 8'00001000
    133:     4 25'-010-1-------------------   ->     0 8'00001000
    134:     4 25'-1-0---------------------   ->     0 8'00001000
    135:     4 25'-0---0----------------0--   ->     1 8'00001000
    136:     4 25'-00-01----------------0--   ->     1 8'00001000
    137:     4 25'-00111----------------0--   ->     1 8'00001000
    138:     4 25'-011-1----------------0--   ->     1 8'00001000
    139:     4 25'-1-1------------------0--   ->     1 8'00001000
    140:     4 25'-0---0--1-------------1--   ->     1 8'00001000
    141:     4 25'-00-01--1-------------1--   ->     1 8'00001000
    142:     4 25'-00111--1-------------1--   ->     1 8'00001000
    143:     4 25'-011-1--1-------------1--   ->     1 8'00001000
    144:     4 25'-1-1----1-------------1--   ->     1 8'00001000
    145:     4 25'-0---0--0-------------1--   ->     4 8'00001000
    146:     4 25'-00-01--0-------------1--   ->     4 8'00001000
    147:     4 25'-00111--0-------------1--   ->     4 8'00001000
    148:     4 25'-011-1--0-------------1--   ->     4 8'00001000
    149:     4 25'-1-1----0-------------1--   ->     4 8'00001000
    150:     5 25'-00011-------------------   ->     0 8'00000100
    151:     5 25'-010-1-------------------   ->     0 8'00000100
    152:     5 25'-1-0---------------------   ->     0 8'00000100
    153:     5 25'-0---0----------------0--   ->     1 8'00000100
    154:     5 25'-00-01----------------0--   ->     1 8'00000100
    155:     5 25'-00111----------------0--   ->     1 8'00000100
    156:     5 25'-011-1----------------0--   ->     1 8'00000100
    157:     5 25'-1-1------------------0--   ->     1 8'00000100
    158:     5 25'-0---011--------------1--   ->     1 8'00000100
    159:     5 25'-00-0111--------------1--   ->     1 8'00000100
    160:     5 25'-0011111--------------1--   ->     1 8'00000100
    161:     5 25'-011-111--------------1--   ->     1 8'00000100
    162:     5 25'-1-1--11--------------1--   ->     1 8'00000100
    163:     5 25'-0---0-0--------------1--   ->     5 8'00000100
    164:     5 25'-00-01-0--------------1--   ->     5 8'00000100
    165:     5 25'-00111-0--------------1--   ->     5 8'00000100
    166:     5 25'-011-1-0--------------1--   ->     5 8'00000100
    167:     5 25'-1-1---0--------------1--   ->     5 8'00000100
    168:     5 25'-0---001--------------1--   ->     5 8'00000100
    169:     5 25'-00-0101--------------1--   ->     5 8'00000100
    170:     5 25'-0011101--------------1--   ->     5 8'00000100
    171:     5 25'-011-101--------------1--   ->     5 8'00000100
    172:     5 25'-1-1--01--------------1--   ->     5 8'00000100
    173:     6 25'-00011-------------------   ->     0 8'00000010
    174:     6 25'-010-1-------------------   ->     0 8'00000010
    175:     6 25'-1-0---------------------   ->     0 8'00000010
    176:     6 25'-0---0----------------0--   ->     1 8'00000010
    177:     6 25'-00-01----------------0--   ->     1 8'00000010
    178:     6 25'-00111----------------0--   ->     1 8'00000010
    179:     6 25'-011-1----------------0--   ->     1 8'00000010
    180:     6 25'-1-1------------------0--   ->     1 8'00000010
    181:     6 25'-0---011--------------1--   ->     1 8'00000010
    182:     6 25'-00-0111--------------1--   ->     1 8'00000010
    183:     6 25'-0011111--------------1--   ->     1 8'00000010
    184:     6 25'-011-111--------------1--   ->     1 8'00000010
    185:     6 25'-1-1--11--------------1--   ->     1 8'00000010
    186:     6 25'-0---0-0--------------1--   ->     6 8'00000010
    187:     6 25'-00-01-0--------------1--   ->     6 8'00000010
    188:     6 25'-00111-0--------------1--   ->     6 8'00000010
    189:     6 25'-011-1-0--------------1--   ->     6 8'00000010
    190:     6 25'-1-1---0--------------1--   ->     6 8'00000010
    191:     6 25'-0---001--------------1--   ->     6 8'00000010
    192:     6 25'-00-0101--------------1--   ->     6 8'00000010
    193:     6 25'-0011101--------------1--   ->     6 8'00000010
    194:     6 25'-011-101--------------1--   ->     6 8'00000010
    195:     6 25'-1-1--01--------------1--   ->     6 8'00000010

-------------------------------------

FSM `$fsm$\soc.cpu.mem_wordsize$5908' from module `icebreaker':
-------------------------------------

  Information on FSM $fsm$\soc.cpu.mem_wordsize$5908 (\soc.cpu.mem_wordsize):

  Number of input signals:   13
  Number of output signals:   3
  Number of state bits:       3

  Input signals:
    0: \resetn
    1: \soc.cpu.mem_do_rdata
    2: \soc.cpu.mem_do_wdata
    3: \soc.cpu.instr_lw
    4: \soc.cpu.instr_sb
    5: \soc.cpu.instr_sh
    6: \soc.cpu.instr_sw
    7: $flatten\soc.\cpu.$eq$../picorv32.v:1313$1139_Y
    8: $flatten\soc.\cpu.$logic_or$../picorv32.v:1857$1298_Y
    9: $flatten\soc.\cpu.$logic_or$../picorv32.v:1886$1306_Y
   10: $flatten\soc.\cpu.$logic_or$../picorv32.v:1887$1307_Y
   11: $flatten\soc.\cpu.$procmux$1920_CMP
   12: $flatten\soc.\cpu.$procmux$1921_CMP

  Output signals:
    0: $flatten\soc.\cpu.$eq$../picorv32.v:1923$1318_Y
    1: $flatten\soc.\cpu.$eq$../picorv32.v:1930$1325_Y
    2: $flatten\soc.\cpu.$procmux$4679_CMP

  State encoding:
    0:      3'--1
    1:      3'-1-
    2:      3'1--

  Transition Table (state_in, ctrl_in, state_out, ctrl_out):
      0:     0 13'------------0   ->     0 3'001
      1:     0 13'-1001----0-01   ->     0 3'001
      2:     0 13'-1--1----1-01   ->     0 3'001
      3:     0 13'-1--1------11   ->     0 3'001
      4:     0 13'1---1-000-0-1   ->     0 3'001
      5:     0 13'1---1-1---0-1   ->     0 3'001
      6:     0 13'1---1-----1-1   ->     0 3'001
      7:     0 13'00---0------1   ->     0 3'001
      8:     0 13'-----1------1   ->     0 3'001
      9:     0 13'-1--0-------1   ->     0 3'001
     10:     0 13'1---0-------1   ->     0 3'001
     11:     0 13'-1-11------01   ->     1 3'001
     12:     0 13'1---1---1-0-1   ->     1 3'001
     13:     0 13'-11-1------01   ->     2 3'001
     14:     0 13'1---1--1--0-1   ->     2 3'001
     15:     1 13'-1--1----1-01   ->     0 3'100
     16:     1 13'1---1-1---0-1   ->     0 3'100
     17:     1 13'-----1------1   ->     0 3'100
     18:     1 13'------------0   ->     1 3'100
     19:     1 13'-1001----0-01   ->     1 3'100
     20:     1 13'-1-11------01   ->     1 3'100
     21:     1 13'-1--1------11   ->     1 3'100
     22:     1 13'1---1-000-0-1   ->     1 3'100
     23:     1 13'1---1---1-0-1   ->     1 3'100
     24:     1 13'1---1-----1-1   ->     1 3'100
     25:     1 13'00---0------1   ->     1 3'100
     26:     1 13'-1--0-------1   ->     1 3'100
     27:     1 13'1---0-------1   ->     1 3'100
     28:     1 13'-11-1------01   ->     2 3'100
     29:     1 13'1---1--1--0-1   ->     2 3'100
     30:     2 13'-1--1----1-01   ->     0 3'010
     31:     2 13'1---1-1---0-1   ->     0 3'010
     32:     2 13'-----1------1   ->     0 3'010
     33:     2 13'-1-11------01   ->     1 3'010
     34:     2 13'1---1---1-0-1   ->     1 3'010
     35:     2 13'------------0   ->     2 3'010
     36:     2 13'-1001----0-01   ->     2 3'010
     37:     2 13'-11-1------01   ->     2 3'010
     38:     2 13'-1--1------11   ->     2 3'010
     39:     2 13'1---1-000-0-1   ->     2 3'010
     40:     2 13'1---1--1--0-1   ->     2 3'010
     41:     2 13'1---1-----1-1   ->     2 3'010
     42:     2 13'00---0------1   ->     2 3'010
     43:     2 13'-1--0-------1   ->     2 3'010
     44:     2 13'1---0-------1   ->     2 3'010

-------------------------------------

FSM `$fsm$\soc.spimemio.state$5913' from module `icebreaker':
-------------------------------------

  Information on FSM $fsm$\soc.spimemio.state$5913 (\soc.spimemio.state):

  Number of input signals:    8
  Number of output signals:  13
  Number of state bits:      13

  Input signals:
    0: \soc.spimemio.dout_valid
    1: \soc.spimemio.jump
    2: \soc.spimemio.config_cont
    3: $flatten\soc.\spimemio.$logic_or$spimemio.v:211$531_Y
    4: $flatten\soc.\spimemio.$logic_and$spimemio.v:282$544_Y
    5: $flatten\soc.\spimemio.$logic_or$spimemio.v:310$545_Y
    6: $flatten\soc.\spimemio.$logic_or$spimemio.v:350$549_Y
    7: \soc.spimemio.xfer.din_ready

  Output signals:
    0: $flatten\soc.\spimemio.$procmux$5098_CMP
    1: $flatten\soc.\spimemio.$procmux$5101_CMP
    2: $flatten\soc.\spimemio.$procmux$5112_CMP
    3: $flatten\soc.\spimemio.$procmux$5115_CMP
    4: $flatten\soc.\spimemio.$procmux$5118_CMP
    5: $flatten\soc.\spimemio.$procmux$5121_CMP
    6: $flatten\soc.\spimemio.$procmux$5124_CMP
    7: $flatten\soc.\spimemio.$procmux$5127_CMP
    8: $flatten\soc.\spimemio.$procmux$5130_CMP
    9: $flatten\soc.\spimemio.$procmux$5135_CMP
   10: $flatten\soc.\spimemio.$procmux$5138_CMP
   11: $flatten\soc.\spimemio.$procmux$5144_CMP
   12: $flatten\soc.\spimemio.$procmux$5150_CMP

  State encoding:
    0: 13'------------1  <RESET STATE>
    1: 13'-----------1-
    2: 13'----------1--
    3: 13'---------1---
    4: 13'--------1----
    5: 13'-------1-----
    6: 13'------1------
    7: 13'-----1-------
    8: 13'----1--------
    9: 13'---1---------
   10: 13'--1----------
   11: 13'-1-----------
   12: 13'1------------

  Transition Table (state_in, ctrl_in, state_out, ctrl_out):
      0:     0 8'0---0-0-   ->     0 13'1000000000000
      1:     0 8'----1---   ->     0 13'1000000000000
      2:     0 8'----001-   ->     2 13'1000000000000
      3:     0 8'1---0-0-   ->     7 13'1000000000000
      4:     0 8'----011-   ->     9 13'1000000000000
      5:     1 8'----1---   ->     0 13'0000001000000
      6:     1 8'0---0-0-   ->     1 13'0000001000000
      7:     1 8'----001-   ->     2 13'0000001000000
      8:     1 8'1---0-0-   ->     8 13'0000001000000
      9:     1 8'----011-   ->     9 13'0000001000000
     10:     2 8'----1---   ->     0 13'0010000000000
     11:     2 8'0---0-0-   ->     2 13'0010000000000
     12:     2 8'----001-   ->     2 13'0010000000000
     13:     2 8'1---0-0-   ->     9 13'0010000000000
     14:     2 8'----011-   ->     9 13'0010000000000
     15:     3 8'----1---   ->     0 13'0000000000100
     16:     3 8'----001-   ->     2 13'0000000000100
     17:     3 8'-0--0-0-   ->     3 13'0000000000100
     18:     3 8'01--0-0-   ->     3 13'0000000000100
     19:     3 8'11--0-0-   ->     8 13'0000000000100
     20:     3 8'----011-   ->     9 13'0000000000100
     21:     4 8'----1---   ->     0 13'0100000000000
     22:     4 8'----001-   ->     2 13'0100000000000
     23:     4 8'0---0-0-   ->     4 13'0100000000000
     24:     4 8'----011-   ->     9 13'0100000000000
     25:     4 8'1---0-0-   ->    10 13'0100000000000
     26:     5 8'----1---   ->     0 13'0000000010000
     27:     5 8'----001-   ->     2 13'0000000010000
     28:     5 8'0---0-0-   ->     5 13'0000000010000
     29:     5 8'----011-   ->     9 13'0000000010000
     30:     5 8'1---0-0-   ->    11 13'0000000010000
     31:     6 8'----1---   ->     0 13'0000100000000
     32:     6 8'----001-   ->     2 13'0000100000000
     33:     6 8'0---0-0-   ->     6 13'0000100000000
     34:     6 8'----011-   ->     9 13'0000100000000
     35:     6 8'1---0-0-   ->    12 13'0000100000000
     36:     7 8'----1---   ->     0 13'0000000000010
     37:     7 8'----001-   ->     2 13'0000000000010
     38:     7 8'----0-01   ->     4 13'0000000000010
     39:     7 8'----0-00   ->     7 13'0000000000010
     40:     7 8'----011-   ->     9 13'0000000000010
     41:     8 8'----1---   ->     0 13'0000000100000
     42:     8 8'----001-   ->     2 13'0000000100000
     43:     8 8'1---0-0-   ->     5 13'0000000100000
     44:     8 8'0---0-0-   ->     8 13'0000000100000
     45:     8 8'----011-   ->     9 13'0000000100000
     46:     9 8'----1---   ->     0 13'0001000000000
     47:     9 8'----001-   ->     2 13'0001000000000
     48:     9 8'1--10-0-   ->     6 13'0001000000000
     49:     9 8'---00-0-   ->     9 13'0001000000000
     50:     9 8'0--10-0-   ->     9 13'0001000000000
     51:     9 8'----011-   ->     9 13'0001000000000
     52:    10 8'----1---   ->     0 13'0000000000001
     53:    10 8'----0-01   ->     2 13'0000000000001
     54:    10 8'----001-   ->     2 13'0000000000001
     55:    10 8'----011-   ->     9 13'0000000000001
     56:    10 8'----0-00   ->    10 13'0000000000001
     57:    11 8'----1---   ->     0 13'0000000001000
     58:    11 8'----001-   ->     2 13'0000000001000
     59:    11 8'1---0-0-   ->     3 13'0000000001000
     60:    11 8'----011-   ->     9 13'0000000001000
     61:    11 8'0---0-0-   ->    11 13'0000000001000
     62:    12 8'----1---   ->     0 13'0000010000000
     63:    12 8'1-1-0-0-   ->     1 13'0000010000000
     64:    12 8'----001-   ->     2 13'0000010000000
     65:    12 8'1-0-0-0-   ->     8 13'0000010000000
     66:    12 8'----011-   ->     9 13'0000010000000
     67:    12 8'0---0-0-   ->    12 13'0000010000000

-------------------------------------

7.12.8. Executing FSM_MAP pass (mapping FSMs to basic logic).
Mapping FSM `$fsm$\soc.cpu.cpu_state$5898' from module `\icebreaker'.
Mapping FSM `$fsm$\soc.cpu.mem_wordsize$5908' from module `\icebreaker'.
Mapping FSM `$fsm$\soc.spimemio.state$5913' from module `\icebreaker'.

7.13. Executing OPT pass (performing simple optimizations).

7.13.1. Executing OPT_EXPR pass (perform const folding).
Optimizing module icebreaker.
<suppressed ~19 debug messages>

7.13.2. Executing OPT_MERGE pass (detect identical cells).
Finding identical cells in module `\icebreaker'.
Computing hashes of 1747 cells of `\icebreaker'.
Finding duplicate cells in `\icebreaker'.
Computing hashes of 1699 cells of `\icebreaker'.
Finding duplicate cells in `\icebreaker'.
<suppressed ~144 debug messages>
Removed a total of 48 cells.

7.13.3. Executing OPT_MUXTREE pass (detect dead branches in mux trees).
Running muxtree optimizer on module \icebreaker..
  Creating internal representation of mux trees.
  Evaluating internal representation of mux trees.
  Analyzing evaluation results.
    dead port 1/2 on $mux $flatten\soc.\cpu.$procmux$2843.
    dead port 2/2 on $mux $flatten\soc.\cpu.$procmux$2843.
    dead port 2/4 on $pmux $flatten\soc.\cpu.$procmux$2639.
    dead port 1/2 on $mux $flatten\soc.\cpu.$procmux$2592.
    dead port 2/2 on $mux $flatten\soc.\cpu.$procmux$2592.
    dead port 4/7 on $pmux $flatten\soc.\cpu.$procmux$2579.
    dead port 1/4 on $pmux $flatten\soc.\cpu.$procmux$3121.
    dead port 2/4 on $pmux $flatten\soc.\cpu.$procmux$3121.
    dead port 3/4 on $pmux $flatten\soc.\cpu.$procmux$3121.
    dead port 4/4 on $pmux $flatten\soc.\cpu.$procmux$3121.
    dead port 2/5 on $pmux $flatten\soc.\cpu.$procmux$3111.
    dead port 1/3 on $pmux $flatten\soc.\cpu.$procmux$3320.
    dead port 3/6 on $pmux $flatten\soc.\cpu.$procmux$2827.
Removed 13 multiplexer ports.
<suppressed ~1561 debug messages>

7.13.4. Executing OPT_REDUCE pass (consolidate $*mux and $reduce_* inputs).
  Optimizing cells in module \icebreaker.
    New input vector for $reduce_or cell $auto$opt_reduce.cc:131:opt_pmux$5874: { \soc.cpu.cpu_state [6:4] \soc.cpu.cpu_state [2:0] }
    New input vector for $reduce_or cell $auto$opt_reduce.cc:131:opt_pmux$5876: \soc.cpu.cpu_state [5:0]
    New input vector for $reduce_or cell $auto$opt_reduce.cc:131:opt_pmux$5850: { \soc.cpu.cpu_state [6:2] \soc.cpu.cpu_state [0] }
    New input vector for $reduce_or cell $auto$opt_reduce.cc:131:opt_pmux$5880: { \soc.cpu.cpu_state [6] \soc.cpu.cpu_state [4:0] }
  Optimizing cells in module \icebreaker.
Performed a total of 4 changes.

7.13.5. Executing OPT_MERGE pass (detect identical cells).
Finding identical cells in module `\icebreaker'.
Computing hashes of 1696 cells of `\icebreaker'.
Finding duplicate cells in `\icebreaker'.
Removed a total of 0 cells.

7.13.6. Executing OPT_DFF pass (perform DFF optimizations).
Adding EN signal on $procdff$5798 ($dff) from module icebreaker (D = $procmux$5548_Y, Q = \iomem_ready).
Adding EN signal on $procdff$5799 ($dff) from module icebreaker (D = \gpio, Q = \iomem_rdata).
Adding SRST signal on $procdff$5800 ($dff) from module icebreaker (D = { $procmux$5517_Y $procmux$5524_Y $procmux$5531_Y $procmux$5538_Y }, Q = \gpio, rval = 0).
Adding EN signal on $auto$ff.cc:337:slice$6765 ($sdff) from module icebreaker (D = \soc.cpu.mem_wdata [7:0], Q = \gpio [7:0]).
Adding EN signal on $auto$ff.cc:337:slice$6765 ($sdff) from module icebreaker (D = \soc.cpu.mem_wdata [15:8], Q = \gpio [15:8]).
Adding EN signal on $auto$ff.cc:337:slice$6765 ($sdff) from module icebreaker (D = \soc.cpu.mem_wdata [23:16], Q = \gpio [23:16]).
Adding EN signal on $auto$ff.cc:337:slice$6765 ($sdff) from module icebreaker (D = \soc.cpu.mem_wdata [31:24], Q = \gpio [31:24]).
Adding EN signal on $flatten\seven_segment_ctrl.$procdff$5793 ($dff) from module icebreaker (D = { $flatten\seven_segment_ctrl.$procmux$5506_Y $flatten\seven_segment_ctrl.$procmux$5511_Y }, Q = \seven_segment_ctrl.dout).
Adding SRST signal on $flatten\soc.\cpu.$procdff$5625 ($dff) from module icebreaker (D = $flatten\soc.\cpu.$procmux$2687_Y, Q = \soc.cpu.latched_rd, rval = 5'00010).
Adding EN signal on $auto$ff.cc:337:slice$6779 ($sdff) from module icebreaker (D = $flatten\soc.\cpu.$procmux$2687_Y, Q = \soc.cpu.latched_rd).
Adding SRST signal on $flatten\soc.\simpleuart.$procdff$5783 ($dff) from module icebreaker (D = $flatten\soc.\simpleuart.$procmux$5420_Y [8:0], Q = \soc.simpleuart.send_pattern [8:0], rval = 9'111111111).
Adding SRST signal on $flatten\soc.\simpleuart.$procdff$5783 ($dff) from module icebreaker (D = $flatten\soc.\simpleuart.$procmux$5417_Y [9], Q = \soc.simpleuart.send_pattern [9], rval = 1'1).
Adding EN signal on $auto$ff.cc:337:slice$6792 ($sdff) from module icebreaker (D = 1'1, Q = \soc.simpleuart.send_pattern [9]).
Adding EN signal on $auto$ff.cc:337:slice$6787 ($sdff) from module icebreaker (D = $flatten\soc.\simpleuart.$procmux$5420_Y [8:0], Q = \soc.simpleuart.send_pattern [8:0]).
Adding SRST signal on $flatten\soc.\simpleuart.$procdff$5784 ($dff) from module icebreaker (D = $flatten\soc.\simpleuart.$procmux$5412_Y, Q = \soc.simpleuart.send_bitcnt, rval = 4'0000).
Adding EN signal on $auto$ff.cc:337:slice$6801 ($sdff) from module icebreaker (D = $flatten\soc.\simpleuart.$procmux$5412_Y, Q = \soc.simpleuart.send_bitcnt).
Adding SRST signal on $flatten\soc.\simpleuart.$procdff$5785 ($dff) from module icebreaker (D = $flatten\soc.\simpleuart.$add$simpleuart.v:112$489_Y, Q = \soc.simpleuart.send_divcnt, rval = 0).
Adding SRST signal on $flatten\soc.\simpleuart.$procdff$5786 ($dff) from module icebreaker (D = $flatten\soc.\simpleuart.$procmux$5401_Y, Q = \soc.simpleuart.send_dummy, rval = 1'1).
Adding EN signal on $auto$ff.cc:337:slice$6810 ($sdff) from module icebreaker (D = $flatten\soc.\simpleuart.$procmux$5401_Y, Q = \soc.simpleuart.send_dummy).
Adding SRST signal on $flatten\soc.\simpleuart.$procdff$5787 ($dff) from module icebreaker (D = $flatten\soc.\simpleuart.$procmux$5473_Y, Q = \soc.simpleuart.recv_state, rval = 4'0000).
Adding EN signal on $auto$ff.cc:337:slice$6814 ($sdff) from module icebreaker (D = $flatten\soc.\simpleuart.$procmux$5473_Y, Q = \soc.simpleuart.recv_state).
Adding SRST signal on $flatten\soc.\simpleuart.$procdff$5788 ($dff) from module icebreaker (D = $flatten\soc.\simpleuart.$procmux$5431_Y, Q = \soc.simpleuart.recv_divcnt, rval = 0).
Adding SRST signal on $flatten\soc.\simpleuart.$procdff$5789 ($dff) from module icebreaker (D = $flatten\soc.\simpleuart.$procmux$5461_Y, Q = \soc.simpleuart.recv_pattern, rval = 8'00000000).
Adding EN signal on $auto$ff.cc:337:slice$6827 ($sdff) from module icebreaker (D = { \ser_rx \soc.simpleuart.recv_pattern [7:1] }, Q = \soc.simpleuart.recv_pattern).
Adding SRST signal on $flatten\soc.\simpleuart.$procdff$5790 ($dff) from module icebreaker (D = $flatten\soc.\simpleuart.$procmux$5453_Y, Q = \soc.simpleuart.recv_buf_data, rval = 8'00000000).
Adding EN signal on $auto$ff.cc:337:slice$6833 ($sdff) from module icebreaker (D = \soc.simpleuart.recv_pattern, Q = \soc.simpleuart.recv_buf_data).
Adding SRST signal on $flatten\soc.\simpleuart.$procdff$5791 ($dff) from module icebreaker (D = $flatten\soc.\simpleuart.$procmux$5445_Y, Q = \soc.simpleuart.recv_buf_valid, rval = 1'0).
Adding SRST signal on $flatten\soc.\simpleuart.$procdff$5792 ($dff) from module icebreaker (D = { $flatten\soc.\simpleuart.$procmux$5484_Y $flatten\soc.\simpleuart.$procmux$5489_Y $flatten\soc.\simpleuart.$procmux$5494_Y $flatten\soc.\simpleuart.$procmux$5499_Y }, Q = \soc.simpleuart.cfg_divider, rval = 1).
Adding EN signal on $auto$ff.cc:337:slice$6838 ($sdff) from module icebreaker (D = \soc.cpu.mem_wdata [7:0], Q = \soc.simpleuart.cfg_divider [7:0]).
Adding EN signal on $auto$ff.cc:337:slice$6838 ($sdff) from module icebreaker (D = \soc.cpu.mem_wdata [15:8], Q = \soc.simpleuart.cfg_divider [15:8]).
Adding EN signal on $auto$ff.cc:337:slice$6838 ($sdff) from module icebreaker (D = \soc.cpu.mem_wdata [23:16], Q = \soc.simpleuart.cfg_divider [23:16]).
Adding EN signal on $auto$ff.cc:337:slice$6838 ($sdff) from module icebreaker (D = \soc.cpu.mem_wdata [31:24], Q = \soc.simpleuart.cfg_divider [31:24]).
Adding EN signal on $flatten\soc.\cpu.$procdff$5590 ($dff) from module icebreaker (D = $flatten\soc.\cpu.$procmux$3345_Y [31], Q = \soc.cpu.reg_op1 [31]).
Adding EN signal on $flatten\soc.\cpu.$procdff$5590 ($dff) from module icebreaker (D = $flatten\soc.\cpu.$procmux$3345_Y [30:0], Q = \soc.cpu.reg_op1 [30:0]).
Adding SRST signal on $flatten\soc.\cpu.$procdff$5592 ($dff) from module icebreaker (D = $flatten\soc.\cpu.$procmux$2579_Y, Q = \soc.cpu.reg_out, rval = 131072).
Adding SRST signal on $flatten\soc.\cpu.$procdff$5598 ($dff) from module icebreaker (D = $flatten\soc.\cpu.$procmux$3248_Y, Q = \soc.cpu.timer, rval = 0).
Adding SRST signal on $flatten\soc.\cpu.$procdff$5600 ($dff) from module icebreaker (D = $flatten\soc.\cpu.$procmux$3200_Y, Q = \soc.cpu.mem_do_prefetch, rval = 1'0).
Adding EN signal on $auto$ff.cc:337:slice$6881 ($sdff) from module icebreaker (D = $flatten\soc.\cpu.$logic_and$../picorv32.v:1573$1231_Y, Q = \soc.cpu.mem_do_prefetch).
Adding SRST signal on $flatten\soc.\cpu.$procdff$5622 ($dff) from module icebreaker (D = $flatten\soc.\cpu.$procmux$2739_Y, Q = \soc.cpu.latched_is_lu, rval = 1'0).
Adding EN signal on $auto$ff.cc:337:slice$6891 ($sdff) from module icebreaker (D = $flatten\soc.\cpu.$procmux$2739_Y, Q = \soc.cpu.latched_is_lu).
Adding SRST signal on $flatten\soc.\cpu.$procdff$5601 ($dff) from module icebreaker (D = $flatten\soc.\cpu.$procmux$3175_Y, Q = \soc.cpu.mem_do_rinst, rval = 1'1).
Adding EN signal on $auto$ff.cc:337:slice$6901 ($sdff) from module icebreaker (D = $flatten\soc.\cpu.$procmux$3175_Y, Q = \soc.cpu.mem_do_rinst).
Adding SRST signal on $flatten\soc.\cpu.$procdff$5602 ($dff) from module icebreaker (D = $flatten\soc.\cpu.$procmux$3101_Y, Q = \soc.cpu.mem_do_rdata, rval = 1'1).
Adding EN signal on $auto$ff.cc:337:slice$6917 ($sdff) from module icebreaker (D = 1'0, Q = \soc.cpu.mem_do_rdata).
Adding SRST signal on $flatten\soc.\cpu.$procdff$5582 ($dff) from module icebreaker (D = $flatten\soc.\cpu.$procmux$3484_Y, Q = \soc.cpu.pcpi_valid, rval = 1'0).
Adding EN signal on $auto$ff.cc:337:slice$6919 ($sdff) from module icebreaker (D = $flatten\soc.\cpu.$procmux$3480_Y, Q = \soc.cpu.pcpi_valid).
Adding SRST signal on $flatten\soc.\cpu.$procdff$5581 ($dff) from module icebreaker (D = $flatten\soc.\cpu.$procmux$2666_Y, Q = \soc.cpu.trap, rval = 1'0).
Adding SRST signal on $flatten\soc.\cpu.$procdff$5613 ($dff) from module icebreaker (D = $flatten\soc.\cpu.$procmux$2885_Y, Q = \soc.cpu.irq_state, rval = 2'00).
Adding EN signal on $auto$ff.cc:337:slice$6924 ($sdff) from module icebreaker (D = $flatten\soc.\cpu.$ternary$../picorv32.v:1540$1217_Y, Q = \soc.cpu.irq_state).
Adding SRST signal on $flatten\soc.\cpu.$procdff$5603 ($dff) from module icebreaker (D = $flatten\soc.\cpu.$procmux$3097_Y, Q = \soc.cpu.mem_do_wdata, rval = 1'1).
Adding EN signal on $auto$ff.cc:337:slice$6928 ($sdff) from module icebreaker (D = 1'0, Q = \soc.cpu.mem_do_wdata).
Adding SRST signal on $flatten\soc.\cpu.$procdff$5617 ($dff) from module icebreaker (D = $flatten\soc.\cpu.$procmux$2827_Y, Q = \soc.cpu.latched_store, rval = 1'1).
Adding EN signal on $auto$ff.cc:337:slice$6930 ($sdff) from module icebreaker (D = $flatten\soc.\cpu.$procmux$2827_Y, Q = \soc.cpu.latched_store).
Adding SRST signal on $flatten\soc.\cpu.$procdff$5606 ($dff) from module icebreaker (D = $flatten\soc.\cpu.$procmux$2445_Y, Q = \soc.cpu.decoder_pseudo_trigger, rval = 1'0).
Adding EN signal on $flatten\soc.\spimemio.$procdff$5754 ($dff) from module icebreaker (D = { \soc.spimemio.xfer.ibuffer \soc.spimemio.buffer }, Q = \soc.spimemio.rdata).
Adding SRST signal on $flatten\soc.\spimemio.$procdff$5755 ($dff) from module icebreaker (D = $flatten\soc.\spimemio.$procmux$5097_Y, Q = \soc.spimemio.xfer_resetn, rval = 1'0).
Adding SRST signal on $flatten\soc.\spimemio.$procdff$5756 ($dff) from module icebreaker (D = $flatten\soc.\spimemio.$procmux$5199_Y, Q = \soc.spimemio.din_valid, rval = 1'0).
Adding EN signal on $flatten\soc.\spimemio.$procdff$5757 ($dff) from module icebreaker (D = $flatten\soc.\spimemio.$procmux$5311_Y, Q = \soc.spimemio.din_data).
Adding SRST signal on $flatten\soc.\spimemio.$procdff$5758 ($dff) from module icebreaker (D = $flatten\soc.\spimemio.$procmux$5292_Y, Q = \soc.spimemio.din_tag, rval = 4'0000).
Adding EN signal on $auto$ff.cc:337:slice$6961 ($sdff) from module icebreaker (D = $flatten\soc.\spimemio.$procmux$5292_Y, Q = \soc.spimemio.din_tag).
Adding SRST signal on $flatten\soc.\spimemio.$procdff$5760 ($dff) from module icebreaker (D = $flatten\soc.\spimemio.$procmux$5282_Y, Q = \soc.spimemio.din_qspi, rval = 1'0).
Adding SRST signal on $flatten\soc.\spimemio.$procdff$5761 ($dff) from module icebreaker (D = $flatten\soc.\spimemio.$procmux$5263_Y, Q = \soc.spimemio.din_ddr, rval = 1'0).
Adding SRST signal on $flatten\soc.\spimemio.$procdff$5762 ($dff) from module icebreaker (D = $flatten\soc.\spimemio.$procmux$5242_Y, Q = \soc.spimemio.din_rd, rval = 1'0).
Adding EN signal on $auto$ff.cc:337:slice$6973 ($sdff) from module icebreaker (D = 1'1, Q = \soc.spimemio.din_rd).
Adding EN signal on $flatten\soc.\spimemio.$procdff$5763 ($dff) from module icebreaker (D = \soc.spimemio.xfer.ibuffer, Q = \soc.spimemio.buffer [7:0]).
Adding EN signal on $flatten\soc.\spimemio.$procdff$5763 ($dff) from module icebreaker (D = \soc.spimemio.xfer.ibuffer, Q = \soc.spimemio.buffer [15:8]).
Adding EN signal on $flatten\soc.\spimemio.$procdff$5763 ($dff) from module icebreaker (D = \soc.spimemio.xfer.ibuffer, Q = \soc.spimemio.buffer [23:16]).
Adding EN signal on $flatten\soc.\spimemio.$procdff$5764 ($dff) from module icebreaker (D = $flatten\soc.\spimemio.$ternary$spimemio.v:226$542_Y [23:0], Q = \soc.spimemio.rd_addr).
Adding SRST signal on $flatten\soc.\spimemio.$procdff$5765 ($dff) from module icebreaker (D = $flatten\soc.\spimemio.$procmux$5183_Y, Q = \soc.spimemio.rd_valid, rval = 1'0).
Adding EN signal on $auto$ff.cc:337:slice$6999 ($sdff) from module icebreaker (D = 1'1, Q = \soc.spimemio.rd_valid).
Adding EN signal on $flatten\soc.\spimemio.$procdff$5766 ($dff) from module icebreaker (D = $flatten\soc.\spimemio.$procmux$5178_Y, Q = \soc.spimemio.rd_wait).
Adding SRST signal on $auto$ff.cc:337:slice$7003 ($dffe) from module icebreaker (D = $flatten\soc.\spimemio.$procmux$5176_Y, Q = \soc.spimemio.rd_wait, rval = 1'0).
Adding EN signal on $flatten\soc.\spimemio.$procdff$5767 ($dff) from module icebreaker (D = $flatten\soc.\spimemio.$procmux$5171_Y, Q = \soc.spimemio.rd_inc).
Adding SRST signal on $auto$ff.cc:337:slice$7011 ($dffe) from module icebreaker (D = $flatten\soc.\spimemio.$procmux$5159_Y, Q = \soc.spimemio.rd_inc, rval = 1'0).
Adding SRST signal on $flatten\soc.\spimemio.$procdff$5773 ($dff) from module icebreaker (D = $flatten\soc.\spimemio.$logic_or$spimemio.v:100$509_Y, Q = \soc.spimemio.softreset, rval = 1'1).
Adding SRST signal on $flatten\soc.\spimemio.$procdff$5774 ($dff) from module icebreaker (D = $flatten\soc.\spimemio.$procmux$5382_Y, Q = \soc.spimemio.config_en, rval = 1'1).
Adding EN signal on $auto$ff.cc:337:slice$7022 ($sdff) from module icebreaker (D = \soc.cpu.mem_wdata [31], Q = \soc.spimemio.config_en).
Adding SRST signal on $flatten\soc.\spimemio.$procdff$5775 ($dff) from module icebreaker (D = $flatten\soc.\spimemio.$procmux$5377_Y, Q = \soc.spimemio.config_ddr, rval = 1'0).
Adding EN signal on $auto$ff.cc:337:slice$7024 ($sdff) from module icebreaker (D = \soc.cpu.mem_wdata [22], Q = \soc.spimemio.config_ddr).
Adding SRST signal on $flatten\soc.\spimemio.$procdff$5776 ($dff) from module icebreaker (D = $flatten\soc.\spimemio.$procmux$5372_Y, Q = \soc.spimemio.config_qspi, rval = 1'0).
Adding EN signal on $auto$ff.cc:337:slice$7026 ($sdff) from module icebreaker (D = \soc.cpu.mem_wdata [21], Q = \soc.spimemio.config_qspi).
Adding SRST signal on $flatten\soc.\spimemio.$procdff$5777 ($dff) from module icebreaker (D = $flatten\soc.\spimemio.$procmux$5367_Y, Q = \soc.spimemio.config_cont, rval = 1'0).
Adding EN signal on $auto$ff.cc:337:slice$7028 ($sdff) from module icebreaker (D = \soc.cpu.mem_wdata [20], Q = \soc.spimemio.config_cont).
Adding SRST signal on $flatten\soc.\spimemio.$procdff$5778 ($dff) from module icebreaker (D = $flatten\soc.\spimemio.$procmux$5362_Y, Q = \soc.spimemio.config_dummy, rval = 4'1000).
Adding EN signal on $auto$ff.cc:337:slice$7030 ($sdff) from module icebreaker (D = \soc.cpu.mem_wdata [19:16], Q = \soc.spimemio.config_dummy).
Adding SRST signal on $flatten\soc.\spimemio.$procdff$5779 ($dff) from module icebreaker (D = $flatten\soc.\spimemio.$procmux$5357_Y, Q = \soc.spimemio.config_oe, rval = 4'0000).
Adding EN signal on $auto$ff.cc:337:slice$7032 ($sdff) from module icebreaker (D = \soc.cpu.mem_wdata [11:8], Q = \soc.spimemio.config_oe).
Adding SRST signal on $flatten\soc.\spimemio.$procdff$5780 ($dff) from module icebreaker (D = $flatten\soc.\spimemio.$procmux$5352_Y, Q = \soc.spimemio.config_csb, rval = 1'0).
Adding EN signal on $auto$ff.cc:337:slice$7034 ($sdff) from module icebreaker (D = \soc.cpu.mem_wdata [5], Q = \soc.spimemio.config_csb).
Adding SRST signal on $flatten\soc.\spimemio.$procdff$5781 ($dff) from module icebreaker (D = $flatten\soc.\spimemio.$procmux$5347_Y, Q = \soc.spimemio.config_clk, rval = 1'0).
Adding EN signal on $auto$ff.cc:337:slice$7036 ($sdff) from module icebreaker (D = \soc.cpu.mem_wdata [4], Q = \soc.spimemio.config_clk).
Adding SRST signal on $flatten\soc.\spimemio.$procdff$5782 ($dff) from module icebreaker (D = $flatten\soc.\spimemio.$procmux$5342_Y, Q = \soc.spimemio.config_do, rval = 4'0000).
Adding EN signal on $auto$ff.cc:337:slice$7038 ($sdff) from module icebreaker (D = \soc.cpu.mem_wdata [3:0], Q = \soc.spimemio.config_do).
Adding SRST signal on $flatten\soc.\spimemio.\xfer.$procdff$5578 ($dff) from module icebreaker (D = \soc.spimemio.xfer.fetch, Q = \soc.spimemio.xfer.last_fetch, rval = 1'1).
Adding SRST signal on $flatten\soc.\spimemio.\xfer.$procdff$5577 ($dff) from module icebreaker (D = \soc.spimemio.xfer.next_fetch, Q = \soc.spimemio.xfer.fetch, rval = 1'1).
Adding SRST signal on $flatten\soc.\spimemio.\xfer.$procdff$5576 ($dff) from module icebreaker (D = $flatten\soc.\spimemio.\xfer.$procmux$1526_Y, Q = \soc.spimemio.xfer.xfer_tag, rval = 4'0000).
Adding EN signal on $auto$ff.cc:337:slice$7044 ($sdff) from module icebreaker (D = \soc.spimemio.din_tag, Q = \soc.spimemio.xfer.xfer_tag).
Adding SRST signal on $flatten\soc.\spimemio.\xfer.$procdff$5575 ($dff) from module icebreaker (D = $flatten\soc.\spimemio.\xfer.$procmux$1531_Y, Q = \soc.spimemio.xfer.xfer_rd, rval = 1'0).
Adding EN signal on $auto$ff.cc:337:slice$7046 ($sdff) from module icebreaker (D = \soc.spimemio.din_rd, Q = \soc.spimemio.xfer.xfer_rd).
Adding SRST signal on $flatten\soc.\spimemio.\xfer.$procdff$5574 ($dff) from module icebreaker (D = $flatten\soc.\spimemio.\xfer.$procmux$1536_Y, Q = \soc.spimemio.xfer.xfer_qspi, rval = 1'0).
Adding EN signal on $auto$ff.cc:337:slice$7048 ($sdff) from module icebreaker (D = \soc.spimemio.din_qspi, Q = \soc.spimemio.xfer.xfer_qspi).
Adding SRST signal on $flatten\soc.\spimemio.\xfer.$procdff$5572 ($dff) from module icebreaker (D = $flatten\soc.\spimemio.\xfer.$procmux$1549_Y, Q = \soc.spimemio.xfer.dummy_count, rval = 4'0000).
Adding EN signal on $auto$ff.cc:337:slice$7050 ($sdff) from module icebreaker (D = $flatten\soc.\spimemio.\xfer.$procmux$1549_Y, Q = \soc.spimemio.xfer.dummy_count).
Adding SRST signal on $flatten\soc.\spimemio.\xfer.$procdff$5571 ($dff) from module icebreaker (D = $flatten\soc.\spimemio.\xfer.$procmux$1559_Y [3], Q = \soc.spimemio.xfer.count [3], rval = 1'0).
Adding SRST signal on $flatten\soc.\spimemio.\xfer.$procdff$5571 ($dff) from module icebreaker (D = $flatten\soc.\spimemio.\xfer.$procmux$1557_Y [2:0], Q = \soc.spimemio.xfer.count [2:0], rval = 3'000).
Adding EN signal on $auto$ff.cc:337:slice$7055 ($sdff) from module icebreaker (D = $flatten\soc.\spimemio.\xfer.$2\next_count[3:0] [2:0], Q = \soc.spimemio.xfer.count [2:0]).
Adding EN signal on $auto$ff.cc:337:slice$7054 ($sdff) from module icebreaker (D = $flatten\soc.\spimemio.\xfer.$procmux$1559_Y [3], Q = \soc.spimemio.xfer.count [3]).
Adding EN signal on $flatten\soc.\spimemio.\xfer.$procdff$5570 ($dff) from module icebreaker (D = $flatten\soc.\spimemio.\xfer.$2\next_ibuffer[7:0], Q = \soc.spimemio.xfer.ibuffer).
Adding EN signal on $flatten\soc.\spimemio.\xfer.$procdff$5569 ($dff) from module icebreaker (D = $flatten\soc.\spimemio.\xfer.$procmux$1577_Y, Q = \soc.spimemio.xfer.obuffer).
Adding SRST signal on $flatten\soc.\spimemio.\xfer.$procdff$5568 ($dff) from module icebreaker (D = $flatten\soc.\spimemio.\xfer.$procmux$1582_Y, Q = \soc.spimemio.xfer.xfer_ddr, rval = 1'0).
Adding EN signal on $auto$ff.cc:337:slice$7108 ($sdff) from module icebreaker (D = \soc.spimemio.xfer.din_ddr, Q = \soc.spimemio.xfer.xfer_ddr).
Adding SRST signal on $flatten\soc.\spimemio.\xfer.$procdff$5567 ($dff) from module icebreaker (D = $flatten\soc.\spimemio.\xfer.$procmux$1587_Y, Q = \soc.spimemio.xfer.xfer_dspi, rval = 1'0).
Adding EN signal on $auto$ff.cc:337:slice$7110 ($sdff) from module icebreaker (D = \soc.spimemio.xfer.din_dspi, Q = \soc.spimemio.xfer.xfer_dspi).
Adding SRST signal on $flatten\soc.\spimemio.\xfer.$procdff$5566 ($dff) from module icebreaker (D = $flatten\soc.\spimemio.\xfer.$procmux$1595_Y, Q = \soc.spimemio.xfer.flash_clk, rval = 1'0).
Adding EN signal on $auto$ff.cc:337:slice$7112 ($sdff) from module icebreaker (D = $flatten\soc.\spimemio.\xfer.$procmux$1595_Y, Q = \soc.spimemio.xfer.flash_clk).
Adding SRST signal on $flatten\soc.\spimemio.\xfer.$procdff$5565 ($dff) from module icebreaker (D = $flatten\soc.\spimemio.\xfer.$procmux$1602_Y, Q = \soc.spimemio.xfer.flash_csb, rval = 1'1).
Adding EN signal on $auto$ff.cc:337:slice$7120 ($sdff) from module icebreaker (D = 1'0, Q = \soc.spimemio.xfer.flash_csb).
Adding SRST signal on $flatten\soc.\cpu.$procdff$5596 ($dff) from module icebreaker (D = $flatten\soc.\cpu.$procmux$3266_Y, Q = \soc.cpu.irq_mask, rval = 32'11111111111111111111111111111111).
Adding EN signal on $auto$ff.cc:337:slice$7122 ($sdff) from module icebreaker (D = \soc.cpu.cpuregs_rs1, Q = \soc.cpu.irq_mask).
Adding SRST signal on $flatten\soc.\cpu.$procdff$5624 ($dff) from module icebreaker (D = $flatten\soc.\cpu.$procmux$2713_Y, Q = \soc.cpu.latched_is_lb, rval = 1'0).
Adding EN signal on $auto$ff.cc:337:slice$7126 ($sdff) from module icebreaker (D = $flatten\soc.\cpu.$procmux$2713_Y, Q = \soc.cpu.latched_is_lb).
Adding SRST signal on $flatten\soc.\cpu.$procdff$5623 ($dff) from module icebreaker (D = $flatten\soc.\cpu.$procmux$2726_Y, Q = \soc.cpu.latched_is_lh, rval = 1'0).
Adding EN signal on $auto$ff.cc:337:slice$7136 ($sdff) from module icebreaker (D = $flatten\soc.\cpu.$procmux$2726_Y, Q = \soc.cpu.latched_is_lh).
Adding SRST signal on $flatten\soc.\cpu.$procdff$5597 ($dff) from module icebreaker (D = { $flatten\soc.\cpu.$2\next_irq_pending[31:0] [31:3] $flatten\soc.\cpu.$2\next_irq_pending[31:0] [1] }, Q = { \soc.cpu.irq_pending [31:3] \soc.cpu.irq_pending [1] }, rval = 30'000000000000000000000000000000).
Adding EN signal on $auto$ff.cc:337:slice$7146 ($sdff) from module icebreaker (D = $flatten\soc.\cpu.$2\next_irq_pending[31:0] [1], Q = \soc.cpu.irq_pending [1]).
Adding EN signal on $auto$ff.cc:337:slice$7146 ($sdff) from module icebreaker (D = $flatten\soc.\cpu.$2\next_irq_pending[31:0] [31:3], Q = \soc.cpu.irq_pending [31:3]).
Adding SRST signal on $flatten\soc.\cpu.$procdff$5587 ($dff) from module icebreaker (D = $flatten\soc.\cpu.$procmux$3440_Y, Q = \soc.cpu.count_instr, rval = 64'0000000000000000000000000000000000000000000000000000000000000000).
Adding EN signal on $auto$ff.cc:337:slice$7170 ($sdff) from module icebreaker (D = $flatten\soc.\cpu.$add$../picorv32.v:1564$1227_Y, Q = \soc.cpu.count_instr).
Adding SRST signal on $flatten\soc.\cpu.$procdff$5618 ($dff) from module icebreaker (D = $flatten\soc.\cpu.$procmux$2820_Y, Q = \soc.cpu.latched_stalu, rval = 1'0).
Adding EN signal on $auto$ff.cc:337:slice$7178 ($sdff) from module icebreaker (D = $flatten\soc.\cpu.$procmux$2820_Y, Q = \soc.cpu.latched_stalu).
Adding EN signal on $flatten\soc.\cpu.$procdff$5591 ($dff) from module icebreaker (D = $flatten\soc.\cpu.$procmux$3323_Y, Q = \soc.cpu.reg_op2).
Adding SRST signal on $flatten\soc.\cpu.$procdff$5627 ($dff) from module icebreaker (D = $flatten\soc.\cpu.$procmux$2672_Y, Q = \soc.cpu.pcpi_timeout_counter, rval = 4'1111).
Adding EN signal on $auto$ff.cc:337:slice$7189 ($sdff) from module icebreaker (D = $flatten\soc.\cpu.$sub$../picorv32.v:1426$1171_Y [3:0], Q = \soc.cpu.pcpi_timeout_counter).
Adding SRST signal on $flatten\soc.\cpu.$procdff$5628 ($dff) from module icebreaker (D = $flatten\soc.\cpu.$logic_not$../picorv32.v:1429$1172_Y, Q = \soc.cpu.pcpi_timeout, rval = 1'0).
Adding SRST signal on $flatten\soc.\cpu.$procdff$5630 ($dff) from module icebreaker (D = $flatten\soc.\cpu.$procmux$2431_Y, Q = \soc.cpu.do_waitirq, rval = 1'0).
Adding SRST signal on $flatten\soc.\cpu.$procdff$5586 ($dff) from module icebreaker (D = $flatten\soc.\cpu.$add$../picorv32.v:1433$1173_Y, Q = \soc.cpu.count_cycle, rval = 64'0000000000000000000000000000000000000000000000000000000000000000).
Adding SRST signal on $flatten\soc.\cpu.$procdff$5589 ($dff) from module icebreaker (D = $flatten\soc.\cpu.$procmux$3408_Y, Q = \soc.cpu.reg_next_pc, rval = 1048576).
Adding EN signal on $auto$ff.cc:337:slice$7202 ($sdff) from module icebreaker (D = $flatten\soc.\cpu.$procmux$3406_Y, Q = \soc.cpu.reg_next_pc).
Adding SRST signal on $flatten\soc.\cpu.$procdff$5594 ($dff) from module icebreaker (D = $flatten\soc.\cpu.$procmux$3310_Y, Q = \soc.cpu.irq_delay, rval = 1'0).
Adding EN signal on $auto$ff.cc:337:slice$7204 ($sdff) from module icebreaker (D = \soc.cpu.irq_active, Q = \soc.cpu.irq_delay).
Adding SRST signal on $flatten\soc.\spimem_cache.$procdff$5735 ($dff) from module icebreaker (D = $flatten\soc.\spimem_cache.$procmux$5018_Y, Q = \soc.spimem_cache.hit_count, rval = 0).
Adding SRST signal on $flatten\soc.\spimem_cache.$procdff$5736 ($dff) from module icebreaker (D = $flatten\soc.\spimem_cache.$procmux$5007_Y, Q = \soc.spimem_cache.miss_count, rval = 0).
Adding SRST signal on $flatten\soc.\spimem_cache.$procdff$5737 ($dff) from module icebreaker (D = $flatten\soc.\spimem_cache.$procmux$4993_Y, Q = \soc.spimem_cache.fifo_head, rval = 3'000).
Adding EN signal on $auto$ff.cc:337:slice$7214 ($sdff) from module icebreaker (D = $flatten\soc.\spimem_cache.$ternary$picosoc.v:471$669_Y [2:0], Q = \soc.spimem_cache.fifo_head).
Adding EN signal on $flatten\soc.\cpu.$procdff$5731 ($dff) from module icebreaker (D = \soc.cpu.mem_rdata, Q = \soc.cpu.mem_rdata_q).
Adding EN signal on $flatten\soc.\cpu.$procdff$5726 ($dff) from module icebreaker (D = $flatten\soc.\cpu.$0\mem_state[1:0], Q = \soc.cpu.mem_state).
Adding EN signal on $flatten\soc.\cpu.$procdff$5725 ($dff) from module icebreaker (D = $flatten\soc.\cpu.$procmux$4407_Y, Q = \soc.cpu.mem_wstrb).
Adding EN signal on $flatten\soc.\cpu.$procdff$5724 ($dff) from module icebreaker (D = \soc.cpu.mem_la_wdata, Q = \soc.cpu.mem_wdata).
Adding EN signal on $flatten\soc.\cpu.$procdff$5723 ($dff) from module icebreaker (D = \soc.cpu.mem_la_addr, Q = \soc.cpu.mem_addr).
Adding EN signal on $flatten\soc.\cpu.$procdff$5653 ($dff) from module icebreaker (D = $flatten\soc.\cpu.$logic_and$../picorv32.v:1054$940_Y, Q = \soc.cpu.instr_sh).
Adding EN signal on $flatten\soc.\cpu.$procdff$5703 ($dff) from module icebreaker (D = $flatten\soc.\cpu.$eq$../picorv32.v:877$860_Y, Q = \soc.cpu.is_alu_reg_imm).
Adding SRST signal on $flatten\soc.\cpu.$procdff$5701 ($dff) from module icebreaker (D = $flatten\soc.\cpu.$procmux$3781_Y, Q = \soc.cpu.is_beq_bne_blt_bge_bltu_bgeu, rval = 1'0).
Adding EN signal on $auto$ff.cc:337:slice$7249 ($sdff) from module icebreaker (D = $flatten\soc.\cpu.$eq$../picorv32.v:874$857_Y, Q = \soc.cpu.is_beq_bne_blt_bge_bltu_bgeu).
Adding SRST signal on $flatten\soc.\cpu.$procdff$5698 ($dff) from module icebreaker (D = $flatten\soc.\cpu.$reduce_or$../picorv32.v:860$837_Y, Q = \soc.cpu.is_lui_auipc_jal_jalr_addi_add_sub, rval = 1'0).
Adding EN signal on $flatten\soc.\cpu.$procdff$5697 ($dff) from module icebreaker (D = $flatten\soc.\cpu.$logic_and$../picorv32.v:1110$1093_Y, Q = \soc.cpu.is_sll_srl_sra).
Adding EN signal on $flatten\soc.\cpu.$procdff$5696 ($dff) from module icebreaker (D = $flatten\soc.\cpu.$eq$../picorv32.v:876$859_Y, Q = \soc.cpu.is_sb_sh_sw).
Adding EN signal on $flatten\soc.\cpu.$procdff$5695 ($dff) from module icebreaker (D = $flatten\soc.\cpu.$logic_or$../picorv32.v:1101$1082_Y, Q = \soc.cpu.is_jalr_addi_slti_sltiu_xori_ori_andi).
Adding SRST signal on $flatten\soc.\cpu.$procdff$5705 ($dff) from module icebreaker (D = $flatten\soc.\cpu.$reduce_or$../picorv32.v:864$841_Y, Q = \soc.cpu.is_compare, rval = 1'0).
Adding EN signal on $flatten\soc.\cpu.$procdff$5704 ($dff) from module icebreaker (D = $flatten\soc.\cpu.$eq$../picorv32.v:878$861_Y, Q = \soc.cpu.is_alu_reg_reg).
Adding EN signal on $flatten\soc.\cpu.$procdff$5652 ($dff) from module icebreaker (D = $flatten\soc.\cpu.$logic_and$../picorv32.v:1053$938_Y, Q = \soc.cpu.instr_sb).
Adding EN signal on $flatten\soc.\cpu.$procdff$5694 ($dff) from module icebreaker (D = $flatten\soc.\cpu.$logic_and$../picorv32.v:1095$1073_Y, Q = \soc.cpu.is_slli_srli_srai).
Adding EN signal on $flatten\soc.\cpu.$procdff$5693 ($dff) from module icebreaker (D = $flatten\soc.\cpu.$eq$../picorv32.v:875$858_Y, Q = \soc.cpu.is_lb_lh_lw_lbu_lhu).
Adding EN signal on $flatten\soc.\cpu.\genblk1.pcpi_mul.$procdff$5559 ($dff) from module icebreaker (D = $flatten\soc.\cpu.\genblk1.pcpi_mul.$procmux$1460_Y, Q = \soc.cpu.genblk1.pcpi_mul.rs2).
Adding SRST signal on $auto$ff.cc:337:slice$7264 ($dffe) from module icebreaker (D = \soc.cpu.reg_op2 [31], Q = \soc.cpu.genblk1.pcpi_mul.rs2 [32], rval = 1'0).
Adding EN signal on $flatten\soc.\cpu.\genblk1.pcpi_mul.$procdff$5558 ($dff) from module icebreaker (D = $flatten\soc.\cpu.\genblk1.pcpi_mul.$procmux$1466_Y, Q = \soc.cpu.genblk1.pcpi_mul.rs1).
Adding SRST signal on $auto$ff.cc:337:slice$7267 ($dffe) from module icebreaker (D = \soc.cpu.reg_op1 [31], Q = \soc.cpu.genblk1.pcpi_mul.rs1 [32], rval = 1'0).
Adding SRST signal on $flatten\soc.\cpu.\genblk1.pcpi_mul.$procdff$5557 ($dff) from module icebreaker (D = { \soc.cpu.genblk1.pcpi_mul.active [2:0] $flatten\soc.\cpu.\genblk1.pcpi_mul.$procmux$1454_Y }, Q = \soc.cpu.genblk1.pcpi_mul.active, rval = 4'0000).
Adding EN signal on $flatten\soc.\cpu.$procdff$5691 ($dff) from module icebreaker (D = 1'0, Q = \soc.cpu.compressed_instr).
Adding SRST signal on $flatten\soc.\cpu.$procdff$5588 ($dff) from module icebreaker (D = $flatten\soc.\cpu.$procmux$3420_Y, Q = \soc.cpu.reg_pc, rval = 1048576).
Adding EN signal on $auto$ff.cc:337:slice$7272 ($sdff) from module icebreaker (D = $flatten\soc.\cpu.$3\current_pc[31:0], Q = \soc.cpu.reg_pc).
Adding EN signal on $flatten\soc.\cpu.$procdff$5690 ($dff) from module icebreaker (D = { \soc.cpu.mem_rdata_latched [31] \soc.cpu.mem_rdata_latched [31] \soc.cpu.mem_rdata_latched [31] \soc.cpu.mem_rdata_latched [31] \soc.cpu.mem_rdata_latched [31] \soc.cpu.mem_rdata_latched [31] \soc.cpu.mem_rdata_latched [31] \soc.cpu.mem_rdata_latched [31] \soc.cpu.mem_rdata_latched [31] \soc.cpu.mem_rdata_latched [31] \soc.cpu.mem_rdata_latched [31] \soc.cpu.mem_rdata_latched [31] \soc.cpu.mem_rdata_latched [19:12] \soc.cpu.mem_rdata_latched [20] \soc.cpu.mem_rdata_latched [30:21] 1'0 }, Q = \soc.cpu.decoded_imm_j).
Adding EN signal on $flatten\soc.\cpu.$procdff$5651 ($dff) from module icebreaker (D = $flatten\soc.\cpu.$logic_and$../picorv32.v:1051$936_Y, Q = \soc.cpu.instr_lhu).
Adding EN signal on $flatten\soc.\cpu.$procdff$5689 ($dff) from module icebreaker (D = $flatten\soc.\cpu.$procmux$3827_Y, Q = \soc.cpu.decoded_imm).
Adding EN signal on $flatten\soc.\cpu.$procdff$5688 ($dff) from module icebreaker (D = \soc.cpu.mem_rdata_latched [24:20], Q = \soc.cpu.decoded_rs2).
Adding EN signal on $flatten\soc.\cpu.$procdff$5650 ($dff) from module icebreaker (D = $flatten\soc.\cpu.$logic_and$../picorv32.v:1050$934_Y, Q = \soc.cpu.instr_lbu).
Adding EN signal on $flatten\soc.\cpu.$procdff$5687 ($dff) from module icebreaker (D = { $flatten\soc.\cpu.$procmux$3582_Y $flatten\soc.\cpu.$procmux$3666_Y }, Q = \soc.cpu.decoded_rs1).
Adding SRST signal on $auto$ff.cc:337:slice$7279 ($dffe) from module icebreaker (D = \soc.cpu.mem_rdata_latched [19:15], Q = \soc.cpu.decoded_rs1, rval = 5'00011).
Adding EN signal on $flatten\soc.\cpu.$procdff$5686 ($dff) from module icebreaker (D = \soc.cpu.mem_rdata_latched [11:7], Q = \soc.cpu.decoded_rd).
Adding SRST signal on $flatten\soc.\cpu.$procdff$5595 ($dff) from module icebreaker (D = $flatten\soc.\cpu.$procmux$3285_Y, Q = \soc.cpu.irq_active, rval = 1'0).
Adding EN signal on $auto$ff.cc:337:slice$7282 ($sdff) from module icebreaker (D = $flatten\soc.\cpu.$procmux$3285_Y, Q = \soc.cpu.irq_active).
Adding EN signal on $flatten\soc.\cpu.$procdff$5685 ($dff) from module icebreaker (D = $flatten\soc.\cpu.$logic_and$../picorv32.v:1093$1060_Y, Q = \soc.cpu.instr_timer).
Adding EN signal on $flatten\soc.\cpu.$procdff$5684 ($dff) from module icebreaker (D = $flatten\soc.\cpu.$logic_and$../picorv32.v:872$855_Y, Q = \soc.cpu.instr_waitirq).
Adding EN signal on $flatten\soc.\cpu.$procdff$5683 ($dff) from module icebreaker (D = $flatten\soc.\cpu.$logic_and$../picorv32.v:1092$1056_Y, Q = \soc.cpu.instr_maskirq).
Adding EN signal on $flatten\soc.\cpu.$procdff$5682 ($dff) from module icebreaker (D = $flatten\soc.\cpu.$logic_and$../picorv32.v:871$851_Y, Q = \soc.cpu.instr_retirq).
Adding EN signal on $flatten\soc.\cpu.$procdff$5681 ($dff) from module icebreaker (D = 1'0, Q = \soc.cpu.instr_setq).
Adding EN signal on $flatten\soc.\cpu.$procdff$5680 ($dff) from module icebreaker (D = 1'0, Q = \soc.cpu.instr_getq).
Adding SRST signal on $flatten\soc.\cpu.$procdff$5679 ($dff) from module icebreaker (D = $flatten\soc.\cpu.$procmux$3927_Y, Q = \soc.cpu.instr_fence, rval = 1'0).
Adding EN signal on $auto$ff.cc:337:slice$7298 ($sdff) from module icebreaker (D = $flatten\soc.\cpu.$logic_and$../picorv32.v:1088$1043_Y, Q = \soc.cpu.instr_fence).
Adding EN signal on $flatten\soc.\cpu.$procdff$5678 ($dff) from module icebreaker (D = $flatten\soc.\cpu.$logic_and$../picorv32.v:1086$1037_Y, Q = \soc.cpu.instr_ecall_ebreak).
Adding SRST signal on $flatten\soc.\cpu.$procdff$5619 ($dff) from module icebreaker (D = $flatten\soc.\cpu.$procmux$2784_Y, Q = \soc.cpu.latched_branch, rval = 1'0).
Adding EN signal on $auto$ff.cc:337:slice$7301 ($sdff) from module icebreaker (D = $flatten\soc.\cpu.$procmux$2784_Y, Q = \soc.cpu.latched_branch).
Adding EN signal on $flatten\soc.\cpu.$procdff$5620 ($dff) from module icebreaker (D = \soc.cpu.compressed_instr, Q = \soc.cpu.latched_compr).
Adding EN signal on $flatten\soc.\cpu.$procdff$5677 ($dff) from module icebreaker (D = $flatten\soc.\cpu.$logic_and$../picorv32.v:1084$1030_Y, Q = \soc.cpu.instr_rdinstrh).
Adding EN signal on $flatten\soc.\cpu.$procdff$5676 ($dff) from module icebreaker (D = $flatten\soc.\cpu.$logic_and$../picorv32.v:1083$1026_Y, Q = \soc.cpu.instr_rdinstr).
Adding EN signal on $flatten\soc.\cpu.$procdff$5675 ($dff) from module icebreaker (D = $flatten\soc.\cpu.$logic_and$../picorv32.v:1081$1022_Y, Q = \soc.cpu.instr_rdcycleh).
Adding EN signal on $flatten\soc.\cpu.$procdff$5674 ($dff) from module icebreaker (D = $flatten\soc.\cpu.$logic_and$../picorv32.v:1079$1014_Y, Q = \soc.cpu.instr_rdcycle).
Adding SRST signal on $flatten\soc.\cpu.$procdff$5673 ($dff) from module icebreaker (D = $flatten\soc.\cpu.$procmux$3941_Y, Q = \soc.cpu.instr_and, rval = 1'0).
Adding EN signal on $auto$ff.cc:337:slice$7318 ($sdff) from module icebreaker (D = $flatten\soc.\cpu.$logic_and$../picorv32.v:1077$1006_Y, Q = \soc.cpu.instr_and).
Adding SRST signal on $flatten\soc.\cpu.$procdff$5672 ($dff) from module icebreaker (D = $flatten\soc.\cpu.$procmux$3945_Y, Q = \soc.cpu.instr_or, rval = 1'0).
Adding EN signal on $auto$ff.cc:337:slice$7320 ($sdff) from module icebreaker (D = $flatten\soc.\cpu.$logic_and$../picorv32.v:1076$1002_Y, Q = \soc.cpu.instr_or).
Adding SRST signal on $flatten\soc.\cpu.$procdff$5671 ($dff) from module icebreaker (D = $flatten\soc.\cpu.$procmux$3949_Y, Q = \soc.cpu.instr_sra, rval = 1'0).
Adding EN signal on $auto$ff.cc:337:slice$7322 ($sdff) from module icebreaker (D = $flatten\soc.\cpu.$logic_and$../picorv32.v:1075$998_Y, Q = \soc.cpu.instr_sra).
Adding SRST signal on $flatten\soc.\cpu.$procdff$5670 ($dff) from module icebreaker (D = $flatten\soc.\cpu.$procmux$3953_Y, Q = \soc.cpu.instr_srl, rval = 1'0).
Adding EN signal on $auto$ff.cc:337:slice$7324 ($sdff) from module icebreaker (D = $flatten\soc.\cpu.$logic_and$../picorv32.v:1074$994_Y, Q = \soc.cpu.instr_srl).
Adding SRST signal on $flatten\soc.\cpu.$procdff$5669 ($dff) from module icebreaker (D = $flatten\soc.\cpu.$procmux$3957_Y, Q = \soc.cpu.instr_xor, rval = 1'0).
Adding EN signal on $auto$ff.cc:337:slice$7326 ($sdff) from module icebreaker (D = $flatten\soc.\cpu.$logic_and$../picorv32.v:1073$990_Y, Q = \soc.cpu.instr_xor).
Adding SRST signal on $flatten\soc.\cpu.$procdff$5668 ($dff) from module icebreaker (D = $flatten\soc.\cpu.$procmux$3961_Y, Q = \soc.cpu.instr_sltu, rval = 1'0).
Adding EN signal on $auto$ff.cc:337:slice$7328 ($sdff) from module icebreaker (D = $flatten\soc.\cpu.$logic_and$../picorv32.v:1072$986_Y, Q = \soc.cpu.instr_sltu).
Adding SRST signal on $flatten\soc.\cpu.$procdff$5667 ($dff) from module icebreaker (D = $flatten\soc.\cpu.$procmux$3965_Y, Q = \soc.cpu.instr_slt, rval = 1'0).
Adding EN signal on $auto$ff.cc:337:slice$7330 ($sdff) from module icebreaker (D = $flatten\soc.\cpu.$logic_and$../picorv32.v:1071$982_Y, Q = \soc.cpu.instr_slt).
Adding SRST signal on $flatten\soc.\cpu.$procdff$5666 ($dff) from module icebreaker (D = $flatten\soc.\cpu.$procmux$3969_Y, Q = \soc.cpu.instr_sll, rval = 1'0).
Adding EN signal on $auto$ff.cc:337:slice$7332 ($sdff) from module icebreaker (D = $flatten\soc.\cpu.$logic_and$../picorv32.v:1070$978_Y, Q = \soc.cpu.instr_sll).
Adding SRST signal on $flatten\soc.\cpu.$procdff$5665 ($dff) from module icebreaker (D = $flatten\soc.\cpu.$procmux$3973_Y, Q = \soc.cpu.instr_sub, rval = 1'0).
Adding EN signal on $auto$ff.cc:337:slice$7334 ($sdff) from module icebreaker (D = $flatten\soc.\cpu.$logic_and$../picorv32.v:1069$974_Y, Q = \soc.cpu.instr_sub).
Adding SRST signal on $flatten\soc.\cpu.$procdff$5664 ($dff) from module icebreaker (D = $flatten\soc.\cpu.$procmux$3977_Y, Q = \soc.cpu.instr_add, rval = 1'0).
Adding EN signal on $auto$ff.cc:337:slice$7336 ($sdff) from module icebreaker (D = $flatten\soc.\cpu.$logic_and$../picorv32.v:1068$970_Y, Q = \soc.cpu.instr_add).
Adding EN signal on $flatten\soc.\cpu.$procdff$5663 ($dff) from module icebreaker (D = $flatten\soc.\cpu.$logic_and$../picorv32.v:1066$966_Y, Q = \soc.cpu.instr_srai).
Adding EN signal on $flatten\soc.\cpu.$procdff$5640 ($dff) from module icebreaker (D = $flatten\soc.\cpu.$logic_and$../picorv32.v:870$848_Y, Q = \soc.cpu.instr_jalr).
Adding EN signal on $flatten\soc.\cpu.$procdff$5662 ($dff) from module icebreaker (D = $flatten\soc.\cpu.$logic_and$../picorv32.v:1065$962_Y, Q = \soc.cpu.instr_srli).
Adding EN signal on $flatten\soc.\cpu.$procdff$5721 ($dff) from module icebreaker (D = $flatten\soc.\cpu.$0\mem_valid[0:0], Q = \soc.cpu.mem_valid).
Adding EN signal on $flatten\soc.\cpu.$procdff$5661 ($dff) from module icebreaker (D = $flatten\soc.\cpu.$logic_and$../picorv32.v:1064$958_Y, Q = \soc.cpu.instr_slli).
Adding SRST signal on $flatten\soc.\cpu.$procdff$5660 ($dff) from module icebreaker (D = $flatten\soc.\cpu.$procmux$3987_Y, Q = \soc.cpu.instr_andi, rval = 1'0).
Adding EN signal on $auto$ff.cc:337:slice$7353 ($sdff) from module icebreaker (D = $flatten\soc.\cpu.$logic_and$../picorv32.v:1062$954_Y, Q = \soc.cpu.instr_andi).
Adding SRST signal on $flatten\soc.\cpu.$procdff$5659 ($dff) from module icebreaker (D = $flatten\soc.\cpu.$procmux$3991_Y, Q = \soc.cpu.instr_ori, rval = 1'0).
Adding EN signal on $auto$ff.cc:337:slice$7355 ($sdff) from module icebreaker (D = $flatten\soc.\cpu.$logic_and$../picorv32.v:1061$952_Y, Q = \soc.cpu.instr_ori).
Adding SRST signal on $flatten\soc.\cpu.$procdff$5658 ($dff) from module icebreaker (D = $flatten\soc.\cpu.$procmux$3995_Y, Q = \soc.cpu.instr_xori, rval = 1'0).
Adding EN signal on $auto$ff.cc:337:slice$7357 ($sdff) from module icebreaker (D = $flatten\soc.\cpu.$logic_and$../picorv32.v:1060$950_Y, Q = \soc.cpu.instr_xori).
Adding SRST signal on $flatten\soc.\cpu.$procdff$5657 ($dff) from module icebreaker (D = $flatten\soc.\cpu.$procmux$3999_Y, Q = \soc.cpu.instr_sltiu, rval = 1'0).
Adding EN signal on $auto$ff.cc:337:slice$7359 ($sdff) from module icebreaker (D = $flatten\soc.\cpu.$logic_and$../picorv32.v:1059$948_Y, Q = \soc.cpu.instr_sltiu).
Adding SRST signal on $flatten\soc.\cpu.$procdff$5656 ($dff) from module icebreaker (D = $flatten\soc.\cpu.$procmux$4003_Y, Q = \soc.cpu.instr_slti, rval = 1'0).
Adding EN signal on $auto$ff.cc:337:slice$7361 ($sdff) from module icebreaker (D = $flatten\soc.\cpu.$logic_and$../picorv32.v:1058$946_Y, Q = \soc.cpu.instr_slti).
Adding SRST signal on $flatten\soc.\cpu.$procdff$5655 ($dff) from module icebreaker (D = $flatten\soc.\cpu.$procmux$4007_Y, Q = \soc.cpu.instr_addi, rval = 1'0).
Adding EN signal on $auto$ff.cc:337:slice$7363 ($sdff) from module icebreaker (D = $flatten\soc.\cpu.$logic_and$../picorv32.v:1057$944_Y, Q = \soc.cpu.instr_addi).
Adding EN signal on $flatten\soc.\cpu.$procdff$5654 ($dff) from module icebreaker (D = $flatten\soc.\cpu.$logic_and$../picorv32.v:1055$942_Y, Q = \soc.cpu.instr_sw).
Adding EN signal on $flatten\soc.\cpu.$procdff$5639 ($dff) from module icebreaker (D = $flatten\soc.\cpu.$eq$../picorv32.v:869$845_Y, Q = \soc.cpu.instr_jal).
Adding EN signal on $flatten\soc.\cpu.$procdff$5649 ($dff) from module icebreaker (D = $flatten\soc.\cpu.$logic_and$../picorv32.v:1049$932_Y, Q = \soc.cpu.instr_lw).
Adding EN signal on $flatten\soc.\cpu.$procdff$5648 ($dff) from module icebreaker (D = $flatten\soc.\cpu.$logic_and$../picorv32.v:1048$930_Y, Q = \soc.cpu.instr_lh).
Adding EN signal on $flatten\soc.\cpu.$procdff$5647 ($dff) from module icebreaker (D = $flatten\soc.\cpu.$logic_and$../picorv32.v:1047$928_Y, Q = \soc.cpu.instr_lb).
Adding SRST signal on $flatten\soc.\cpu.$procdff$5646 ($dff) from module icebreaker (D = $flatten\soc.\cpu.$procmux$4027_Y, Q = \soc.cpu.instr_bgeu, rval = 1'0).
Adding EN signal on $auto$ff.cc:337:slice$7370 ($sdff) from module icebreaker (D = $flatten\soc.\cpu.$logic_and$../picorv32.v:1045$926_Y, Q = \soc.cpu.instr_bgeu).
Adding SRST signal on $flatten\soc.\cpu.$procdff$5645 ($dff) from module icebreaker (D = $flatten\soc.\cpu.$procmux$4031_Y, Q = \soc.cpu.instr_bltu, rval = 1'0).
Adding EN signal on $auto$ff.cc:337:slice$7372 ($sdff) from module icebreaker (D = $flatten\soc.\cpu.$logic_and$../picorv32.v:1044$924_Y, Q = \soc.cpu.instr_bltu).
Adding SRST signal on $flatten\soc.\cpu.$procdff$5644 ($dff) from module icebreaker (D = $flatten\soc.\cpu.$procmux$4035_Y, Q = \soc.cpu.instr_bge, rval = 1'0).
Adding EN signal on $auto$ff.cc:337:slice$7374 ($sdff) from module icebreaker (D = $flatten\soc.\cpu.$logic_and$../picorv32.v:1043$922_Y, Q = \soc.cpu.instr_bge).
Adding SRST signal on $flatten\soc.\cpu.$procdff$5643 ($dff) from module icebreaker (D = $flatten\soc.\cpu.$procmux$4039_Y, Q = \soc.cpu.instr_blt, rval = 1'0).
Adding EN signal on $auto$ff.cc:337:slice$7376 ($sdff) from module icebreaker (D = $flatten\soc.\cpu.$logic_and$../picorv32.v:1042$920_Y, Q = \soc.cpu.instr_blt).
Adding SRST signal on $flatten\soc.\cpu.$procdff$5642 ($dff) from module icebreaker (D = $flatten\soc.\cpu.$procmux$4043_Y, Q = \soc.cpu.instr_bne, rval = 1'0).
Adding EN signal on $auto$ff.cc:337:slice$7378 ($sdff) from module icebreaker (D = $flatten\soc.\cpu.$logic_and$../picorv32.v:1041$918_Y, Q = \soc.cpu.instr_bne).
Adding SRST signal on $flatten\soc.\cpu.$procdff$5641 ($dff) from module icebreaker (D = $flatten\soc.\cpu.$procmux$4047_Y, Q = \soc.cpu.instr_beq, rval = 1'0).
Adding EN signal on $auto$ff.cc:337:slice$7380 ($sdff) from module icebreaker (D = $flatten\soc.\cpu.$logic_and$../picorv32.v:1040$916_Y, Q = \soc.cpu.instr_beq).
Adding EN signal on $flatten\soc.\cpu.$procdff$5638 ($dff) from module icebreaker (D = $flatten\soc.\cpu.$eq$../picorv32.v:868$844_Y, Q = \soc.cpu.instr_auipc).
Adding EN signal on $flatten\soc.\cpu.$procdff$5637 ($dff) from module icebreaker (D = $flatten\soc.\cpu.$eq$../picorv32.v:867$843_Y, Q = \soc.cpu.instr_lui).
Adding EN signal on $flatten\soc.\cpu.$procdff$5636 ($dff) from module icebreaker (D = \soc.cpu.mem_rdata_q, Q = \soc.cpu.pcpi_insn).
Setting constant 0-bit at position 0 on $auto$ff.cc:337:slice$7297 ($dffe) from module icebreaker.
Setting constant 0-bit at position 0 on $auto$ff.cc:337:slice$7296 ($dffe) from module icebreaker.
Setting constant 0-bit at position 0 on $auto$ff.cc:337:slice$7274 ($dffe) from module icebreaker.
Setting constant 0-bit at position 0 on $auto$ff.cc:337:slice$7271 ($dffe) from module icebreaker.
Setting constant 1-bit at position 0 on $auto$ff.cc:337:slice$6797 ($sdffe) from module icebreaker.

7.13.7. Executing OPT_CLEAN pass (remove unused cells and wires).
Finding unused cells or wires in module \icebreaker..
Removed 306 unused cells and 364 unused wires.
<suppressed ~308 debug messages>

7.13.8. Executing OPT_EXPR pass (perform const folding).
Optimizing module icebreaker.
<suppressed ~36 debug messages>

7.13.9. Rerunning OPT passes. (Maybe there is more to do..)

7.13.10. Executing OPT_MUXTREE pass (detect dead branches in mux trees).
Running muxtree optimizer on module \icebreaker..
  Creating internal representation of mux trees.
  Evaluating internal representation of mux trees.
  Analyzing evaluation results.
Removed 0 multiplexer ports.
<suppressed ~594 debug messages>

7.13.11. Executing OPT_REDUCE pass (consolidate $*mux and $reduce_* inputs).
  Optimizing cells in module \icebreaker.
    New input vector for $reduce_and cell $auto$opt_dff.cc:252:make_patterns_logic$7188: { \soc.cpu.cpu_state [2] \reset_cnt }
    New input vector for $reduce_and cell $auto$opt_dff.cc:278:combine_resets$6942: { $flatten\soc.\cpu.$logic_or$../picorv32.v:1857$1298_Y \reset_cnt $auto$fsm_map.cc:102:implement_pattern_cache$6191 }
    New input vector for $reduce_and cell $auto$opt_dff.cc:252:make_patterns_logic$6890: { \soc.cpu.cpu_state [1] \soc.cpu.decoder_trigger \reset_cnt $auto$rtlil.cc:3197:Not$6884 $auto$rtlil.cc:3197:Not$6886 $auto$rtlil.cc:3197:Not$6888 }
    New input vector for $reduce_and cell $auto$opt_dff.cc:252:make_patterns_logic$6878: { \reset_cnt $auto$opt_dff.cc:234:make_patterns_logic$6863 $auto$opt_dff.cc:234:make_patterns_logic$6865 $auto$opt_dff.cc:234:make_patterns_logic$6867 $auto$opt_dff.cc:234:make_patterns_logic$6869 $auto$opt_dff.cc:234:make_patterns_logic$6871 $auto$opt_dff.cc:234:make_patterns_logic$6873 $auto$opt_dff.cc:234:make_patterns_logic$6875 }
    New input vector for $reduce_and cell $auto$opt_dff.cc:252:make_patterns_logic$6764: { $logic_and$icebreaker.v:113$397_Y \reset_cnt }
    New input vector for $reduce_and cell $auto$opt_dff.cc:252:make_patterns_logic$7313: { \soc.cpu.cpu_state [1] \reset_cnt $auto$rtlil.cc:3197:Not$7311 }
    New input vector for $reduce_and cell $auto$opt_dff.cc:252:make_patterns_logic$6861: { \reset_cnt $auto$opt_dff.cc:234:make_patterns_logic$6844 $auto$opt_dff.cc:234:make_patterns_logic$6846 $auto$opt_dff.cc:234:make_patterns_logic$6848 $auto$opt_dff.cc:234:make_patterns_logic$6850 $auto$opt_dff.cc:234:make_patterns_logic$6852 $auto$opt_dff.cc:234:make_patterns_logic$6854 $auto$opt_dff.cc:234:make_patterns_logic$6856 $auto$opt_dff.cc:234:make_patterns_logic$6858 }
    New ctrl vector for $pmux cell $flatten\soc.\cpu.$procmux$1941: { \soc.cpu.cpu_state [1] \soc.cpu.cpu_state [2] }
  Optimizing cells in module \icebreaker.
Performed a total of 8 changes.

7.13.12. Executing OPT_MERGE pass (detect identical cells).
Finding identical cells in module `\icebreaker'.
Computing hashes of 1584 cells of `\icebreaker'.
Finding duplicate cells in `\icebreaker'.
Computing hashes of 1537 cells of `\icebreaker'.
Finding duplicate cells in `\icebreaker'.
Computing hashes of 1532 cells of `\icebreaker'.
Finding duplicate cells in `\icebreaker'.
<suppressed ~156 debug messages>
Removed a total of 52 cells.

7.13.13. Executing OPT_DFF pass (perform DFF optimizations).
Setting constant 0-bit at position 0 on $auto$ff.cc:337:slice$7309 ($dffe) from module icebreaker.

7.13.14. Executing OPT_CLEAN pass (remove unused cells and wires).
Finding unused cells or wires in module \icebreaker..
Removed 1 unused cells and 54 unused wires.
<suppressed ~2 debug messages>

7.13.15. Executing OPT_EXPR pass (perform const folding).
Optimizing module icebreaker.
<suppressed ~2 debug messages>

7.13.16. Rerunning OPT passes. (Maybe there is more to do..)

7.13.17. Executing OPT_MUXTREE pass (detect dead branches in mux trees).
Running muxtree optimizer on module \icebreaker..
  Creating internal representation of mux trees.
  Evaluating internal representation of mux trees.
  Analyzing evaluation results.
Removed 0 multiplexer ports.
<suppressed ~594 debug messages>

7.13.18. Executing OPT_REDUCE pass (consolidate $*mux and $reduce_* inputs).
  Optimizing cells in module \icebreaker.
Performed a total of 0 changes.

7.13.19. Executing OPT_MERGE pass (detect identical cells).
Finding identical cells in module `\icebreaker'.
Computing hashes of 1528 cells of `\icebreaker'.
Finding duplicate cells in `\icebreaker'.
Removed a total of 0 cells.

7.13.20. Executing OPT_DFF pass (perform DFF optimizations).

7.13.21. Executing OPT_CLEAN pass (remove unused cells and wires).
Finding unused cells or wires in module \icebreaker..
Removed 0 unused cells and 2 unused wires.
<suppressed ~1 debug messages>

7.13.22. Executing OPT_EXPR pass (perform const folding).
Optimizing module icebreaker.

7.13.23. Rerunning OPT passes. (Maybe there is more to do..)

7.13.24. Executing OPT_MUXTREE pass (detect dead branches in mux trees).
Running muxtree optimizer on module \icebreaker..
  Creating internal representation of mux trees.
  Evaluating internal representation of mux trees.
  Analyzing evaluation results.
Removed 0 multiplexer ports.
<suppressed ~594 debug messages>

7.13.25. Executing OPT_REDUCE pass (consolidate $*mux and $reduce_* inputs).
  Optimizing cells in module \icebreaker.
Performed a total of 0 changes.

7.13.26. Executing OPT_MERGE pass (detect identical cells).
Finding identical cells in module `\icebreaker'.
Computing hashes of 1528 cells of `\icebreaker'.
Finding duplicate cells in `\icebreaker'.
Removed a total of 0 cells.

7.13.27. Executing OPT_DFF pass (perform DFF optimizations).

7.13.28. Executing OPT_CLEAN pass (remove unused cells and wires).
Finding unused cells or wires in module \icebreaker..

7.13.29. Executing OPT_EXPR pass (perform const folding).
Optimizing module icebreaker.

7.13.30. Finished fast OPT passes. (There is nothing left to do.)

7.14. Executing WREDUCE pass (reducing word size of cells).
Removed top 29 address bits (of 32) from memory init port icebreaker.$flatten\soc.\spimem_cache.$auto$proc_memwr.cc:45:proc_memwr$5810 (soc.spimem_cache.cache_valid).
Removed top 29 address bits (of 32) from memory init port icebreaker.$flatten\soc.\spimem_cache.$auto$proc_memwr.cc:45:proc_memwr$5809 (soc.spimem_cache.cache_valid).
Removed top 29 address bits (of 32) from memory init port icebreaker.$flatten\soc.\spimem_cache.$auto$proc_memwr.cc:45:proc_memwr$5808 (soc.spimem_cache.cache_valid).
Removed top 29 address bits (of 32) from memory init port icebreaker.$flatten\soc.\spimem_cache.$auto$proc_memwr.cc:45:proc_memwr$5807 (soc.spimem_cache.cache_valid).
Removed top 29 address bits (of 32) from memory init port icebreaker.$flatten\soc.\spimem_cache.$auto$proc_memwr.cc:45:proc_memwr$5806 (soc.spimem_cache.cache_valid).
Removed top 29 address bits (of 32) from memory init port icebreaker.$flatten\soc.\spimem_cache.$auto$proc_memwr.cc:45:proc_memwr$5805 (soc.spimem_cache.cache_valid).
Removed top 29 address bits (of 32) from memory init port icebreaker.$flatten\soc.\spimem_cache.$auto$proc_memwr.cc:45:proc_memwr$5804 (soc.spimem_cache.cache_valid).
Removed top 29 address bits (of 32) from memory init port icebreaker.$flatten\soc.\spimem_cache.$auto$proc_memwr.cc:45:proc_memwr$5803 (soc.spimem_cache.cache_valid).
Removed top 29 address bits (of 32) from memory read port icebreaker.$flatten\soc.\spimem_cache.$memrd$\cache_valid$picosoc.v:435$562 (soc.spimem_cache.cache_valid).
Removed top 29 address bits (of 32) from memory read port icebreaker.$flatten\soc.\spimem_cache.$memrd$\cache_data$picosoc.v:437$601 (soc.spimem_cache.cache_data).
Removed top 29 address bits (of 32) from memory read port icebreaker.$flatten\soc.\spimem_cache.$memrd$\cache_addr$picosoc.v:435$598 (soc.spimem_cache.cache_addr).
Removed top 29 address bits (of 32) from memory read port icebreaker.$flatten\soc.\spimem_cache.$memrd$\cache_valid$picosoc.v:435$597 (soc.spimem_cache.cache_valid).
Removed top 29 address bits (of 32) from memory read port icebreaker.$flatten\soc.\spimem_cache.$memrd$\cache_data$picosoc.v:437$596 (soc.spimem_cache.cache_data).
Removed top 29 address bits (of 32) from memory read port icebreaker.$flatten\soc.\spimem_cache.$memrd$\cache_addr$picosoc.v:435$593 (soc.spimem_cache.cache_addr).
Removed top 29 address bits (of 32) from memory read port icebreaker.$flatten\soc.\spimem_cache.$memrd$\cache_valid$picosoc.v:435$592 (soc.spimem_cache.cache_valid).
Removed top 29 address bits (of 32) from memory read port icebreaker.$flatten\soc.\spimem_cache.$memrd$\cache_data$picosoc.v:437$591 (soc.spimem_cache.cache_data).
Removed top 29 address bits (of 32) from memory read port icebreaker.$flatten\soc.\spimem_cache.$memrd$\cache_addr$picosoc.v:435$588 (soc.spimem_cache.cache_addr).
Removed top 29 address bits (of 32) from memory read port icebreaker.$flatten\soc.\spimem_cache.$memrd$\cache_valid$picosoc.v:435$587 (soc.spimem_cache.cache_valid).
Removed top 29 address bits (of 32) from memory read port icebreaker.$flatten\soc.\spimem_cache.$memrd$\cache_data$picosoc.v:437$586 (soc.spimem_cache.cache_data).
Removed top 29 address bits (of 32) from memory read port icebreaker.$flatten\soc.\spimem_cache.$memrd$\cache_addr$picosoc.v:435$583 (soc.spimem_cache.cache_addr).
Removed top 29 address bits (of 32) from memory read port icebreaker.$flatten\soc.\spimem_cache.$memrd$\cache_valid$picosoc.v:435$582 (soc.spimem_cache.cache_valid).
Removed top 29 address bits (of 32) from memory read port icebreaker.$flatten\soc.\spimem_cache.$memrd$\cache_data$picosoc.v:437$581 (soc.spimem_cache.cache_data).
Removed top 29 address bits (of 32) from memory read port icebreaker.$flatten\soc.\spimem_cache.$memrd$\cache_addr$picosoc.v:435$578 (soc.spimem_cache.cache_addr).
Removed top 29 address bits (of 32) from memory read port icebreaker.$flatten\soc.\spimem_cache.$memrd$\cache_valid$picosoc.v:435$577 (soc.spimem_cache.cache_valid).
Removed top 29 address bits (of 32) from memory read port icebreaker.$flatten\soc.\spimem_cache.$memrd$\cache_data$picosoc.v:437$576 (soc.spimem_cache.cache_data).
Removed top 29 address bits (of 32) from memory read port icebreaker.$flatten\soc.\spimem_cache.$memrd$\cache_addr$picosoc.v:435$573 (soc.spimem_cache.cache_addr).
Removed top 29 address bits (of 32) from memory read port icebreaker.$flatten\soc.\spimem_cache.$memrd$\cache_valid$picosoc.v:435$572 (soc.spimem_cache.cache_valid).
Removed top 29 address bits (of 32) from memory read port icebreaker.$flatten\soc.\spimem_cache.$memrd$\cache_data$picosoc.v:437$571 (soc.spimem_cache.cache_data).
Removed top 29 address bits (of 32) from memory read port icebreaker.$flatten\soc.\spimem_cache.$memrd$\cache_addr$picosoc.v:435$568 (soc.spimem_cache.cache_addr).
Removed top 29 address bits (of 32) from memory read port icebreaker.$flatten\soc.\spimem_cache.$memrd$\cache_valid$picosoc.v:435$567 (soc.spimem_cache.cache_valid).
Removed top 29 address bits (of 32) from memory read port icebreaker.$flatten\soc.\spimem_cache.$memrd$\cache_data$picosoc.v:437$566 (soc.spimem_cache.cache_data).
Removed top 29 address bits (of 32) from memory read port icebreaker.$flatten\soc.\spimem_cache.$memrd$\cache_addr$picosoc.v:435$563 (soc.spimem_cache.cache_addr).
Removed top 28 address bits (of 32) from memory init port icebreaker.$flatten\seven_segment_ctrl.\msb_nibble.$auto$mem.cc:351:emit$1441 ($flatten\seven_segment_ctrl.\msb_nibble.$auto$proc_rom.cc:155:do_switch$1439).
Removed top 28 address bits (of 32) from memory init port icebreaker.$flatten\seven_segment_ctrl.\lsb_nibble.$auto$mem.cc:351:emit$1441 ($flatten\seven_segment_ctrl.\lsb_nibble.$auto$proc_rom.cc:155:do_switch$1439).
Removed top 11 bits (of 31) from FF cell icebreaker.$auto$ff.cc:337:slice$7385 ($dffe).
Removed top 1 bits (of 2) from port B of cell icebreaker.$auto$opt_dff.cc:235:make_patterns_logic$7349 ($ne).
Removed top 2 bits (of 4) from port B of cell icebreaker.$auto$opt_dff.cc:235:make_patterns_logic$7347 ($ne).
Removed top 2 bits (of 3) from port B of cell icebreaker.$auto$opt_dff.cc:235:make_patterns_logic$7345 ($ne).
Removed top 1 bits (of 2) from port B of cell icebreaker.$auto$opt_dff.cc:235:make_patterns_logic$7289 ($ne).
Removed top 1 bits (of 4) from FF cell icebreaker.$auto$ff.cc:337:slice$7270 ($sdff).
Removed top 1 bits (of 2) from port B of cell icebreaker.$auto$opt_dff.cc:235:make_patterns_logic$7158 ($ne).
Removed top 1 bits (of 2) from port B of cell icebreaker.$auto$opt_dff.cc:235:make_patterns_logic$7156 ($ne).
Removed top 1 bits (of 2) from port B of cell icebreaker.$auto$opt_dff.cc:235:make_patterns_logic$7154 ($ne).
Removed top 2 bits (of 3) from port B of cell icebreaker.$auto$opt_dff.cc:235:make_patterns_logic$7097 ($ne).
Removed top 2 bits (of 3) from port B of cell icebreaker.$auto$opt_dff.cc:235:make_patterns_logic$7095 ($ne).
Removed top 1 bits (of 2) from port B of cell icebreaker.$auto$opt_dff.cc:235:make_patterns_logic$7073 ($ne).
Removed top 1 bits (of 2) from port B of cell icebreaker.$auto$opt_dff.cc:235:make_patterns_logic$6966 ($ne).
Removed top 1 bits (of 2) from port B of cell icebreaker.$auto$opt_dff.cc:235:make_patterns_logic$6956 ($ne).
Removed top 1 bits (of 3) from port B of cell icebreaker.$auto$opt_dff.cc:235:make_patterns_logic$6937 ($ne).
Removed top 2 bits (of 3) from port B of cell icebreaker.$auto$opt_dff.cc:235:make_patterns_logic$6914 ($ne).
Removed top 2 bits (of 4) from port B of cell icebreaker.$auto$opt_dff.cc:235:make_patterns_logic$6910 ($ne).
Removed top 2 bits (of 6) from port B of cell icebreaker.$auto$opt_dff.cc:235:make_patterns_logic$6906 ($ne).
Removed top 1 bits (of 3) from port B of cell icebreaker.$auto$opt_dff.cc:235:make_patterns_logic$6904 ($ne).
Removed top 3 bits (of 4) from port B of cell icebreaker.$auto$opt_dff.cc:235:make_patterns_logic$6872 ($ne).
Removed top 1 bits (of 2) from port B of cell icebreaker.$auto$opt_dff.cc:235:make_patterns_logic$6859 ($ne).
Removed top 1 bits (of 2) from port B of cell icebreaker.$auto$opt_dff.cc:235:make_patterns_logic$6857 ($ne).
Removed top 2 bits (of 3) from port B of cell icebreaker.$auto$opt_dff.cc:235:make_patterns_logic$6853 ($ne).
Removed top 1 bits (of 3) from port B of cell icebreaker.$auto$fsm_map.cc:77:implement_pattern_cache$6732 ($eq).
Removed top 1 bits (of 4) from port B of cell icebreaker.$auto$fsm_map.cc:77:implement_pattern_cache$6724 ($eq).
Removed top 2 bits (of 3) from port B of cell icebreaker.$auto$fsm_map.cc:77:implement_pattern_cache$6667 ($eq).
Removed top 1 bits (of 4) from port B of cell icebreaker.$auto$fsm_map.cc:77:implement_pattern_cache$6658 ($eq).
Removed top 2 bits (of 3) from port B of cell icebreaker.$auto$fsm_map.cc:77:implement_pattern_cache$6651 ($eq).
Removed top 3 bits (of 4) from port B of cell icebreaker.$auto$fsm_map.cc:77:implement_pattern_cache$6610 ($eq).
Removed top 1 bits (of 7) from port B of cell icebreaker.$auto$fsm_map.cc:77:implement_pattern_cache$6497 ($eq).
Removed top 2 bits (of 8) from port B of cell icebreaker.$auto$fsm_map.cc:77:implement_pattern_cache$6493 ($eq).
Removed top 3 bits (of 7) from port B of cell icebreaker.$auto$fsm_map.cc:77:implement_pattern_cache$6489 ($eq).
Removed top 3 bits (of 5) from port B of cell icebreaker.$auto$fsm_map.cc:77:implement_pattern_cache$6485 ($eq).
Removed top 1 bits (of 6) from port B of cell icebreaker.$auto$fsm_map.cc:77:implement_pattern_cache$6477 ($eq).
Removed top 2 bits (of 7) from port B of cell icebreaker.$auto$fsm_map.cc:77:implement_pattern_cache$6473 ($eq).
Removed top 3 bits (of 6) from port B of cell icebreaker.$auto$fsm_map.cc:77:implement_pattern_cache$6469 ($eq).
Removed top 3 bits (of 4) from port B of cell icebreaker.$auto$fsm_map.cc:77:implement_pattern_cache$6465 ($eq).
Removed top 1 bits (of 6) from port B of cell icebreaker.$auto$fsm_map.cc:77:implement_pattern_cache$6457 ($eq).
Removed top 2 bits (of 7) from port B of cell icebreaker.$auto$fsm_map.cc:77:implement_pattern_cache$6453 ($eq).
Removed top 3 bits (of 6) from port B of cell icebreaker.$auto$fsm_map.cc:77:implement_pattern_cache$6449 ($eq).
Removed top 2 bits (of 4) from port B of cell icebreaker.$auto$fsm_map.cc:77:implement_pattern_cache$6445 ($eq).
Removed top 1 bits (of 10) from port B of cell icebreaker.$auto$fsm_map.cc:77:implement_pattern_cache$6396 ($eq).
Removed top 2 bits (of 11) from port B of cell icebreaker.$auto$fsm_map.cc:77:implement_pattern_cache$6392 ($eq).
Removed top 3 bits (of 10) from port B of cell icebreaker.$auto$fsm_map.cc:77:implement_pattern_cache$6388 ($eq).
Removed top 3 bits (of 8) from port B of cell icebreaker.$auto$fsm_map.cc:77:implement_pattern_cache$6384 ($eq).
Removed top 1 bits (of 6) from port B of cell icebreaker.$auto$fsm_map.cc:77:implement_pattern_cache$6375 ($eq).
Removed top 2 bits (of 7) from port B of cell icebreaker.$auto$fsm_map.cc:77:implement_pattern_cache$6371 ($eq).
Removed top 3 bits (of 6) from port B of cell icebreaker.$auto$fsm_map.cc:77:implement_pattern_cache$6367 ($eq).
Removed top 3 bits (of 4) from port B of cell icebreaker.$auto$fsm_map.cc:77:implement_pattern_cache$6363 ($eq).
Removed top 1 bits (of 6) from port B of cell icebreaker.$auto$fsm_map.cc:77:implement_pattern_cache$6355 ($eq).
Removed top 2 bits (of 7) from port B of cell icebreaker.$auto$fsm_map.cc:77:implement_pattern_cache$6351 ($eq).
Removed top 3 bits (of 6) from port B of cell icebreaker.$auto$fsm_map.cc:77:implement_pattern_cache$6347 ($eq).
Removed top 2 bits (of 4) from port B of cell icebreaker.$auto$fsm_map.cc:77:implement_pattern_cache$6343 ($eq).
Removed top 1 bits (of 10) from port B of cell icebreaker.$auto$fsm_map.cc:77:implement_pattern_cache$6335 ($eq).
Removed top 2 bits (of 11) from port B of cell icebreaker.$auto$fsm_map.cc:77:implement_pattern_cache$6331 ($eq).
Removed top 3 bits (of 10) from port B of cell icebreaker.$auto$fsm_map.cc:77:implement_pattern_cache$6327 ($eq).
Removed top 3 bits (of 8) from port B of cell icebreaker.$auto$fsm_map.cc:77:implement_pattern_cache$6323 ($eq).
Removed top 1 bits (of 7) from port B of cell icebreaker.$auto$fsm_map.cc:77:implement_pattern_cache$6314 ($eq).
Removed top 2 bits (of 8) from port B of cell icebreaker.$auto$fsm_map.cc:77:implement_pattern_cache$6310 ($eq).
Removed top 3 bits (of 7) from port B of cell icebreaker.$auto$fsm_map.cc:77:implement_pattern_cache$6306 ($eq).
Removed top 2 bits (of 5) from port B of cell icebreaker.$auto$fsm_map.cc:77:implement_pattern_cache$6302 ($eq).
Removed top 1 bits (of 6) from port B of cell icebreaker.$auto$fsm_map.cc:77:implement_pattern_cache$6294 ($eq).
Removed top 2 bits (of 7) from port B of cell icebreaker.$auto$fsm_map.cc:77:implement_pattern_cache$6290 ($eq).
Removed top 3 bits (of 6) from port B of cell icebreaker.$auto$fsm_map.cc:77:implement_pattern_cache$6286 ($eq).
Removed top 2 bits (of 4) from port B of cell icebreaker.$auto$fsm_map.cc:77:implement_pattern_cache$6282 ($eq).
Removed top 1 bits (of 12) from port B of cell icebreaker.$auto$fsm_map.cc:77:implement_pattern_cache$6274 ($eq).
Removed top 2 bits (of 13) from port B of cell icebreaker.$auto$fsm_map.cc:77:implement_pattern_cache$6270 ($eq).
Removed top 3 bits (of 12) from port B of cell icebreaker.$auto$fsm_map.cc:77:implement_pattern_cache$6266 ($eq).
Removed top 7 bits (of 10) from port B of cell icebreaker.$auto$fsm_map.cc:77:implement_pattern_cache$6262 ($eq).
Removed top 1 bits (of 6) from port B of cell icebreaker.$auto$fsm_map.cc:77:implement_pattern_cache$6257 ($eq).
Removed top 2 bits (of 8) from port B of cell icebreaker.$auto$fsm_map.cc:77:implement_pattern_cache$6253 ($eq).
Removed top 3 bits (of 9) from port B of cell icebreaker.$auto$fsm_map.cc:77:implement_pattern_cache$6249 ($eq).
Removed top 4 bits (of 8) from port B of cell icebreaker.$auto$fsm_map.cc:77:implement_pattern_cache$6245 ($eq).
Removed top 4 bits (of 6) from port B of cell icebreaker.$auto$fsm_map.cc:77:implement_pattern_cache$6241 ($eq).
Removed top 1 bits (of 9) from port B of cell icebreaker.$auto$fsm_map.cc:77:implement_pattern_cache$6233 ($eq).
Removed top 2 bits (of 10) from port B of cell icebreaker.$auto$fsm_map.cc:77:implement_pattern_cache$6229 ($eq).
Removed top 3 bits (of 9) from port B of cell icebreaker.$auto$fsm_map.cc:77:implement_pattern_cache$6225 ($eq).
Removed top 4 bits (of 7) from port B of cell icebreaker.$auto$fsm_map.cc:77:implement_pattern_cache$6221 ($eq).
Removed top 1 bits (of 7) from port B of cell icebreaker.$auto$fsm_map.cc:77:implement_pattern_cache$6208 ($eq).
Removed top 2 bits (of 8) from port B of cell icebreaker.$auto$fsm_map.cc:77:implement_pattern_cache$6202 ($eq).
Removed top 3 bits (of 7) from port B of cell icebreaker.$auto$fsm_map.cc:77:implement_pattern_cache$6196 ($eq).
Removed top 2 bits (of 5) from port B of cell icebreaker.$auto$fsm_map.cc:77:implement_pattern_cache$6190 ($eq).
Removed top 1 bits (of 6) from port B of cell icebreaker.$auto$fsm_map.cc:77:implement_pattern_cache$6182 ($eq).
Removed top 2 bits (of 7) from port B of cell icebreaker.$auto$fsm_map.cc:77:implement_pattern_cache$6178 ($eq).
Removed top 3 bits (of 6) from port B of cell icebreaker.$auto$fsm_map.cc:77:implement_pattern_cache$6174 ($eq).
Removed top 2 bits (of 4) from port B of cell icebreaker.$auto$fsm_map.cc:77:implement_pattern_cache$6170 ($eq).
Removed top 1 bits (of 6) from port B of cell icebreaker.$auto$fsm_map.cc:77:implement_pattern_cache$6162 ($eq).
Removed top 2 bits (of 7) from port B of cell icebreaker.$auto$fsm_map.cc:77:implement_pattern_cache$6158 ($eq).
Removed top 3 bits (of 6) from port B of cell icebreaker.$auto$fsm_map.cc:77:implement_pattern_cache$6154 ($eq).
Removed top 2 bits (of 4) from port B of cell icebreaker.$auto$fsm_map.cc:77:implement_pattern_cache$6150 ($eq).
Removed top 1 bits (of 7) from port B of cell icebreaker.$auto$fsm_map.cc:77:implement_pattern_cache$6142 ($eq).
Removed top 2 bits (of 8) from port B of cell icebreaker.$auto$fsm_map.cc:77:implement_pattern_cache$6138 ($eq).
Removed top 3 bits (of 7) from port B of cell icebreaker.$auto$fsm_map.cc:77:implement_pattern_cache$6134 ($eq).
Removed top 2 bits (of 5) from port B of cell icebreaker.$auto$fsm_map.cc:77:implement_pattern_cache$6130 ($eq).
Removed top 1 bits (of 6) from port B of cell icebreaker.$auto$fsm_map.cc:77:implement_pattern_cache$6122 ($eq).
Removed top 2 bits (of 7) from port B of cell icebreaker.$auto$fsm_map.cc:77:implement_pattern_cache$6118 ($eq).
Removed top 3 bits (of 6) from port B of cell icebreaker.$auto$fsm_map.cc:77:implement_pattern_cache$6114 ($eq).
Removed top 3 bits (of 4) from port B of cell icebreaker.$auto$fsm_map.cc:77:implement_pattern_cache$6110 ($eq).
Removed top 1 bits (of 8) from port B of cell icebreaker.$auto$fsm_map.cc:77:implement_pattern_cache$6102 ($eq).
Removed top 2 bits (of 9) from port B of cell icebreaker.$auto$fsm_map.cc:77:implement_pattern_cache$6098 ($eq).
Removed top 3 bits (of 8) from port B of cell icebreaker.$auto$fsm_map.cc:77:implement_pattern_cache$6094 ($eq).
Removed top 5 bits (of 6) from port B of cell icebreaker.$auto$fsm_map.cc:77:implement_pattern_cache$6090 ($eq).
Removed top 1 bits (of 7) from port B of cell icebreaker.$auto$fsm_map.cc:77:implement_pattern_cache$6066 ($eq).
Removed top 2 bits (of 9) from port B of cell icebreaker.$auto$fsm_map.cc:77:implement_pattern_cache$6062 ($eq).
Removed top 3 bits (of 10) from port B of cell icebreaker.$auto$fsm_map.cc:77:implement_pattern_cache$6058 ($eq).
Removed top 4 bits (of 9) from port B of cell icebreaker.$auto$fsm_map.cc:77:implement_pattern_cache$6054 ($eq).
Removed top 3 bits (of 7) from port B of cell icebreaker.$auto$fsm_map.cc:77:implement_pattern_cache$6050 ($eq).
Removed top 1 bits (of 9) from port B of cell icebreaker.$auto$fsm_map.cc:77:implement_pattern_cache$6042 ($eq).
Removed top 2 bits (of 10) from port B of cell icebreaker.$auto$fsm_map.cc:77:implement_pattern_cache$6038 ($eq).
Removed top 3 bits (of 9) from port B of cell icebreaker.$auto$fsm_map.cc:77:implement_pattern_cache$6034 ($eq).
Removed top 4 bits (of 7) from port B of cell icebreaker.$auto$fsm_map.cc:77:implement_pattern_cache$6030 ($eq).
Removed top 1 bits (of 7) from port B of cell icebreaker.$auto$fsm_map.cc:77:implement_pattern_cache$6022 ($eq).
Removed top 2 bits (of 8) from port B of cell icebreaker.$auto$fsm_map.cc:77:implement_pattern_cache$6018 ($eq).
Removed top 3 bits (of 7) from port B of cell icebreaker.$auto$fsm_map.cc:77:implement_pattern_cache$6014 ($eq).
Removed top 2 bits (of 5) from port B of cell icebreaker.$auto$fsm_map.cc:77:implement_pattern_cache$6010 ($eq).
Removed top 1 bits (of 5) from port B of cell icebreaker.$auto$fsm_map.cc:77:implement_pattern_cache$6006 ($eq).
Removed top 2 bits (of 6) from port B of cell icebreaker.$auto$fsm_map.cc:77:implement_pattern_cache$6004 ($eq).
Removed top 3 bits (of 5) from port B of cell icebreaker.$auto$fsm_map.cc:77:implement_pattern_cache$6002 ($eq).
Removed top 1 bits (of 6) from port B of cell icebreaker.$auto$fsm_map.cc:77:implement_pattern_cache$5992 ($eq).
Removed top 2 bits (of 7) from port B of cell icebreaker.$auto$fsm_map.cc:77:implement_pattern_cache$5988 ($eq).
Removed top 3 bits (of 6) from port B of cell icebreaker.$auto$fsm_map.cc:77:implement_pattern_cache$5984 ($eq).
Removed top 2 bits (of 4) from port B of cell icebreaker.$auto$fsm_map.cc:77:implement_pattern_cache$5980 ($eq).
Removed top 1 bits (of 4) from port B of cell icebreaker.$auto$fsm_map.cc:77:implement_pattern_cache$5975 ($eq).
Removed top 3 bits (of 5) from port B of cell icebreaker.$auto$fsm_map.cc:77:implement_pattern_cache$5973 ($eq).
Removed top 1 bits (of 5) from port B of cell icebreaker.$auto$fsm_map.cc:77:implement_pattern_cache$5965 ($eq).
Removed top 2 bits (of 6) from port B of cell icebreaker.$auto$fsm_map.cc:77:implement_pattern_cache$5961 ($eq).
Removed top 3 bits (of 5) from port B of cell icebreaker.$auto$fsm_map.cc:77:implement_pattern_cache$5957 ($eq).
Removed top 2 bits (of 3) from port B of cell icebreaker.$auto$fsm_map.cc:77:implement_pattern_cache$5953 ($eq).
Removed top 1 bits (of 7) from port B of cell icebreaker.$auto$fsm_map.cc:77:implement_pattern_cache$5949 ($eq).
Removed top 2 bits (of 9) from port B of cell icebreaker.$auto$fsm_map.cc:77:implement_pattern_cache$5945 ($eq).
Removed top 3 bits (of 10) from port B of cell icebreaker.$auto$fsm_map.cc:77:implement_pattern_cache$5941 ($eq).
Removed top 4 bits (of 9) from port B of cell icebreaker.$auto$fsm_map.cc:77:implement_pattern_cache$5937 ($eq).
Removed top 4 bits (of 7) from port B of cell icebreaker.$auto$fsm_map.cc:77:implement_pattern_cache$5933 ($eq).
Removed top 5 bits (of 6) from port B of cell icebreaker.$add$icebreaker.v:56$389 ($add).
Removed top 6 bits (of 8) from port B of cell icebreaker.$eq$icebreaker.v:113$396 ($eq).
Removed top 31 bits (of 32) from port B of cell icebreaker.$flatten\seven_segment_ctrl.$add$icebreaker.v:197$457 ($add).
Removed top 22 bits (of 32) from port Y of cell icebreaker.$flatten\seven_segment_ctrl.$add$icebreaker.v:197$457 ($add).
Removed top 31 bits (of 32) from port B of cell icebreaker.$flatten\soc.\simpleuart.$add$simpleuart.v:74$480 ($add).
Removed top 31 bits (of 32) from port B of cell icebreaker.$flatten\soc.\simpleuart.$add$simpleuart.v:99$486 ($add).
Removed top 28 bits (of 32) from port Y of cell icebreaker.$flatten\soc.\simpleuart.$add$simpleuart.v:99$486 ($add).
Removed top 31 bits (of 32) from port B of cell icebreaker.$flatten\soc.\simpleuart.$add$simpleuart.v:112$489 ($add).
Removed top 31 bits (of 32) from port B of cell icebreaker.$flatten\soc.\simpleuart.$sub$simpleuart.v:132$497 ($sub).
Removed top 28 bits (of 32) from port Y of cell icebreaker.$flatten\soc.\simpleuart.$sub$simpleuart.v:132$497 ($sub).
Removed top 1 bits (of 10) from mux cell icebreaker.$flatten\soc.\simpleuart.$procmux$5417 ($mux).
Removed top 1 bits (of 10) from mux cell icebreaker.$flatten\soc.\simpleuart.$procmux$5420 ($mux).
Removed top 3 bits (of 4) from port B of cell icebreaker.$flatten\soc.\simpleuart.$procmux$5477_CMP0 ($eq).
Removed top 3 bits (of 4) from port B of cell icebreaker.$flatten\soc.\spimemio.$eq$spimemio.v:221$532 ($eq).
Removed top 2 bits (of 4) from port B of cell icebreaker.$flatten\soc.\spimemio.$eq$spimemio.v:222$534 ($eq).
Removed top 2 bits (of 4) from port B of cell icebreaker.$flatten\soc.\spimemio.$eq$spimemio.v:223$536 ($eq).
Removed top 1 bits (of 4) from port B of cell icebreaker.$flatten\soc.\spimemio.$eq$spimemio.v:224$538 ($eq).
Removed top 29 bits (of 32) from port B of cell icebreaker.$flatten\soc.\spimemio.$add$spimemio.v:226$540 ($add).
Removed top 7 bits (of 32) from port Y of cell icebreaker.$flatten\soc.\spimemio.$add$spimemio.v:226$540 ($add).
Removed top 8 bits (of 32) from mux cell icebreaker.$flatten\soc.\spimemio.$ternary$spimemio.v:226$542 ($mux).
Removed top 1 bits (of 8) from mux cell icebreaker.$flatten\soc.\spimemio.$ternary$spimemio.v:316$547 ($mux).
Removed top 1 bits (of 2) from port B of cell icebreaker.$flatten\soc.\spimemio.$procmux$5326_CMP0 ($eq).
Removed top 1 bits (of 2) from port B of cell icebreaker.$flatten\soc.\spimemio.\xfer.$procmux$1616_CMP0 ($eq).
Removed top 28 bits (of 32) from mux cell icebreaker.$flatten\soc.\spimemio.\xfer.$ternary$spimemio.v:567$1406 ($mux).
Removed top 2 bits (of 4) from port B of cell icebreaker.$flatten\soc.\spimemio.\xfer.$sub$spimemio.v:524$1389 ($sub).
Removed top 1 bits (of 4) from port B of cell icebreaker.$flatten\soc.\spimemio.\xfer.$sub$spimemio.v:491$1377 ($sub).
Removed top 3 bits (of 4) from port B of cell icebreaker.$flatten\soc.\spimemio.\xfer.$sub$spimemio.v:471$1370 ($sub).
Removed top 31 bits (of 32) from port B of cell icebreaker.$flatten\soc.\spimem_cache.$add$picosoc.v:464$658 ($add).
Removed top 31 bits (of 32) from port B of cell icebreaker.$flatten\soc.\spimem_cache.$add$picosoc.v:471$668 ($add).
Removed top 28 bits (of 32) from port Y of cell icebreaker.$flatten\soc.\spimem_cache.$add$picosoc.v:471$668 ($add).
Removed top 29 bits (of 32) from mux cell icebreaker.$flatten\soc.\spimem_cache.$ternary$picosoc.v:471$669 ($mux).
Removed top 31 bits (of 32) from port B of cell icebreaker.$flatten\soc.\spimem_cache.$add$picosoc.v:472$670 ($add).
Removed top 3 bits (of 4) from port A of cell icebreaker.$flatten\soc.\cpu.$shl$../picorv32.v:419$765 ($shl).
Removed top 30 bits (of 32) from mux cell icebreaker.$flatten\soc.\cpu.$ternary$../picorv32.v:617$824 ($mux).
Removed top 1 bits (of 7) from port B of cell icebreaker.$flatten\soc.\cpu.$eq$../picorv32.v:867$843 ($eq).
Removed top 2 bits (of 7) from port B of cell icebreaker.$flatten\soc.\cpu.$eq$../picorv32.v:868$844 ($eq).
Removed top 4 bits (of 7) from port B of cell icebreaker.$flatten\soc.\cpu.$eq$../picorv32.v:872$854 ($eq).
Removed top 5 bits (of 7) from port B of cell icebreaker.$flatten\soc.\cpu.$eq$../picorv32.v:875$858 ($eq).
Removed top 1 bits (of 7) from port B of cell icebreaker.$flatten\soc.\cpu.$eq$../picorv32.v:876$859 ($eq).
Removed top 2 bits (of 7) from port B of cell icebreaker.$flatten\soc.\cpu.$eq$../picorv32.v:877$860 ($eq).
Removed top 1 bits (of 7) from port B of cell icebreaker.$flatten\soc.\cpu.$eq$../picorv32.v:878$861 ($eq).
Removed top 3 bits (of 7) from port B of cell icebreaker.$flatten\soc.\cpu.$eq$../picorv32.v:889$867 ($eq).
Removed top 5 bits (of 7) from port B of cell icebreaker.$flatten\soc.\cpu.$eq$../picorv32.v:889$868 ($eq).
Removed top 3 bits (of 7) from port B of cell icebreaker.$flatten\soc.\cpu.$eq$../picorv32.v:1088$1041 ($eq).
Removed top 5 bits (of 7) from port B of cell icebreaker.$flatten\soc.\cpu.$eq$../picorv32.v:1092$1055 ($eq).
Removed top 3 bits (of 7) from port B of cell icebreaker.$flatten\soc.\cpu.$eq$../picorv32.v:1093$1058 ($eq).
Removed top 4 bits (of 7) from port B of cell icebreaker.$flatten\soc.\cpu.$eq$../picorv32.v:1093$1059 ($eq).
Removed top 1 bits (of 3) from port B of cell icebreaker.$flatten\soc.\cpu.$eq$../picorv32.v:1104$1077 ($eq).
Removed top 1 bits (of 3) from port B of cell icebreaker.$flatten\soc.\cpu.$eq$../picorv32.v:1103$1078 ($eq).
Removed top 1 bits (of 7) from port B of cell icebreaker.$flatten\soc.\cpu.$eq$../picorv32.v:1113$1084 ($eq).
Removed top 2 bits (of 3) from port B of cell icebreaker.$flatten\soc.\cpu.$eq$../picorv32.v:1111$1089 ($eq).
Removed top 29 bits (of 32) from port B of cell icebreaker.$flatten\soc.\cpu.$add$../picorv32.v:1317$1141 ($add).
Removed top 31 bits (of 32) from port B of cell icebreaker.$flatten\soc.\cpu.$sub$../picorv32.v:1426$1171 ($sub).
Removed top 28 bits (of 32) from port Y of cell icebreaker.$flatten\soc.\cpu.$sub$../picorv32.v:1426$1171 ($sub).
Removed top 31 bits (of 32) from port B of cell icebreaker.$flatten\soc.\cpu.$add$../picorv32.v:1433$1173 ($add).
Removed top 1 bits (of 2) from port B of cell icebreaker.$flatten\soc.\cpu.$eq$../picorv32.v:1541$1215 ($eq).
Removed top 29 bits (of 32) from mux cell icebreaker.$flatten\soc.\cpu.$ternary$../picorv32.v:1546$1218 ($mux).
Removed top 29 bits (of 32) from port B of cell icebreaker.$flatten\soc.\cpu.$add$../picorv32.v:1560$1226 ($add).
Removed top 31 bits (of 32) from port B of cell icebreaker.$flatten\soc.\cpu.$add$../picorv32.v:1564$1227 ($add).
Removed top 29 bits (of 32) from port B of cell icebreaker.$flatten\soc.\cpu.$ge$../picorv32.v:1835$1281 ($ge).
Removed top 29 bits (of 32) from port B of cell icebreaker.$flatten\soc.\cpu.$sub$../picorv32.v:1842$1289 ($sub).
Removed top 27 bits (of 32) from port Y of cell icebreaker.$flatten\soc.\cpu.$sub$../picorv32.v:1842$1289 ($sub).
Removed top 31 bits (of 32) from port B of cell icebreaker.$flatten\soc.\cpu.$sub$../picorv32.v:1850$1296 ($sub).
Removed top 27 bits (of 32) from port Y of cell icebreaker.$flatten\soc.\cpu.$sub$../picorv32.v:1850$1296 ($sub).
Removed top 31 bits (of 32) from port B of cell icebreaker.$flatten\soc.\cpu.$sub$../picorv32.v:1918$1313 ($sub).
Removed top 29 bits (of 32) from mux cell icebreaker.$flatten\soc.\cpu.$procmux$2371 ($mux).
Removed top 1 bits (of 2) from port B of cell icebreaker.$flatten\soc.\cpu.$procmux$4676_CMP0 ($eq).
Removed top 1 bits (of 2) from port B of cell icebreaker.$flatten\soc.\cpu.$procmux$4444_CMP0 ($eq).
Removed top 2 bits (of 3) from port B of cell icebreaker.$flatten\soc.\cpu.\genblk1.pcpi_mul.$procmux$1505_CMP0 ($eq).
Removed top 1 bits (of 3) from port B of cell icebreaker.$flatten\soc.\cpu.\genblk1.pcpi_mul.$procmux$1497_CMP0 ($eq).
Removed top 1 bits (of 3) from port B of cell icebreaker.$flatten\soc.\cpu.\genblk1.pcpi_mul.$procmux$1490_CMP0 ($eq).
Removed cell icebreaker.$flatten\soc.\cpu.\genblk1.pcpi_mul.$procmux$1466 ($mux).
Removed cell icebreaker.$flatten\soc.\cpu.\genblk1.pcpi_mul.$procmux$1460 ($mux).
Removed top 32 bits (of 64) from mux cell icebreaker.$flatten\soc.\cpu.\genblk1.pcpi_mul.$ternary$../picorv32.v:2411$1427 ($mux).
Converting cell icebreaker.$flatten\soc.\cpu.\genblk1.pcpi_mul.$mul$../picorv32.v:2371$1420 ($mul) from unsigned to signed.
Removed top 31 bits (of 64) from port A of cell icebreaker.$flatten\soc.\cpu.\genblk1.pcpi_mul.$mul$../picorv32.v:2371$1420 ($mul).
Removed top 31 bits (of 64) from port B of cell icebreaker.$flatten\soc.\cpu.\genblk1.pcpi_mul.$mul$../picorv32.v:2371$1420 ($mul).
Removed top 6 bits (of 7) from port B of cell icebreaker.$flatten\soc.\cpu.\genblk1.pcpi_mul.$eq$../picorv32.v:2345$1413 ($eq).
Removed top 1 bits (of 7) from port B of cell icebreaker.$flatten\soc.\cpu.\genblk1.pcpi_mul.$eq$../picorv32.v:2345$1411 ($eq).
Removed top 14 bits (of 32) from port B of cell icebreaker.$flatten\soc.$lt$picosoc.v:262$453 ($lt).
Removed top 6 bits (of 32) from port B of cell icebreaker.$flatten\soc.$lt$picosoc.v:189$439 ($lt).
Removed top 14 bits (of 32) from port B of cell icebreaker.$flatten\soc.$ge$picosoc.v:189$437 ($ge).
Removed top 6 bits (of 32) from port B of cell icebreaker.$flatten\soc.$eq$picosoc.v:145$414 ($eq).
Removed top 6 bits (of 32) from port B of cell icebreaker.$flatten\soc.$eq$picosoc.v:142$412 ($eq).
Removed top 6 bits (of 32) from port B of cell icebreaker.$flatten\soc.$eq$picosoc.v:139$410 ($eq).
Removed top 7 bits (of 8) from port B of cell icebreaker.$flatten\soc.$gt$picosoc.v:134$408 ($gt).
Removed top 6 bits (of 32) from port B of cell icebreaker.$flatten\soc.$eq$picosoc.v:125$402 ($eq).
Removed top 6 bits (of 32) from port B of cell icebreaker.$flatten\soc.$eq$picosoc.v:124$400 ($eq).
Removed top 1 bits (of 3) from FF cell icebreaker.$auto$ff.cc:337:slice$7270 ($sdff).
Removed top 7 bits (of 32) from port B of cell icebreaker.$flatten\soc.\spimemio.$ne$spimemio.v:72$504 ($ne).
Removed top 1 bits (of 4) from port Y of cell icebreaker.$flatten\soc.\spimem_cache.$add$picosoc.v:471$668 ($add).
Removed top 27 bits (of 32) from wire icebreaker.$flatten\soc.\cpu.$sub$../picorv32.v:1850$1296_Y.
Removed top 29 bits (of 32) from wire icebreaker.$flatten\soc.\cpu.$14\next_irq_pending[31:0].
Removed top 29 bits (of 32) from wire icebreaker.$flatten\soc.\cpu.$ternary$../picorv32.v:1546$1218_Y.
Removed top 29 bits (of 32) from wire icebreaker.$flatten\soc.\cpu.$1\next_irq_pending[31:0].
Removed top 28 bits (of 32) from wire icebreaker.$flatten\soc.\cpu.$sub$../picorv32.v:1426$1171_Y.
Removed top 27 bits (of 32) from wire icebreaker.$flatten\soc.\cpu.$sub$../picorv32.v:1842$1289_Y.
Removed top 29 bits (of 32) from wire icebreaker.$flatten\soc.\cpu.$0\irq_pending[31:0].
Removed top 29 bits (of 32) from wire icebreaker.$flatten\soc.\spimem_cache.$ternary$picosoc.v:471$669_Y.
Removed top 29 bits (of 32) from wire icebreaker.$flatten\soc.\spimem_cache.$add$picosoc.v:471$668_Y.
Removed top 3 bits (of 4) from wire icebreaker.$flatten\soc.\spimemio.\xfer.$reduce_or$spimemio.v:471$1369_Y.
Removed top 28 bits (of 32) from wire icebreaker.$flatten\soc.\spimemio.\xfer.$ternary$spimemio.v:567$1406_Y.
Removed top 1 bits (of 8) from wire icebreaker.$flatten\soc.\spimemio.$ternary$spimemio.v:316$547_Y.
Removed top 8 bits (of 32) from wire icebreaker.$flatten\soc.\spimemio.$ternary$spimemio.v:226$542_Y.
Removed top 7 bits (of 32) from wire icebreaker.$flatten\soc.\spimemio.$add$spimemio.v:226$540_Y.
Removed top 1 bits (of 10) from wire icebreaker.$flatten\soc.\simpleuart.$procmux$5420_Y.
Removed top 1 bits (of 10) from wire icebreaker.$flatten\soc.\simpleuart.$procmux$5417_Y.
Removed top 28 bits (of 32) from wire icebreaker.$flatten\soc.\simpleuart.$sub$simpleuart.v:132$497_Y.
Removed top 28 bits (of 32) from wire icebreaker.$flatten\soc.\simpleuart.$add$simpleuart.v:99$486_Y.
Removed top 5 bits (of 6) from wire icebreaker.$logic_not$icebreaker.v:56$388_Y.

7.15. Executing PEEPOPT pass (run peephole optimizers).

7.16. Executing OPT_CLEAN pass (remove unused cells and wires).
Finding unused cells or wires in module \icebreaker..
Removed 0 unused cells and 24 unused wires.
<suppressed ~1 debug messages>

7.17. Executing SHARE pass (SAT-based resource sharing).
Found 4 cells in module icebreaker that may be considered for resource sharing.
  Analyzing resource sharing options for $flatten\seven_segment_ctrl.\msb_nibble.$auto$mem.cc:305:emit$1440 ($memrd_v2):
    Found 1 activation_patterns using ctrl signal \seven_segment_ctrl.msb_not_lsb.
    No candidates found.
  Analyzing resource sharing options for $flatten\seven_segment_ctrl.\lsb_nibble.$auto$mem.cc:305:emit$1440 ($memrd_v2):
    Found 1 activation_patterns using ctrl signal \seven_segment_ctrl.msb_not_lsb.
    No candidates found.
  Analyzing resource sharing options for $flatten\soc.\cpu.\cpuregs.$memrd$\regs$picosoc.v:498$1437 ($memrd):
    Found 2 activation_patterns using ctrl signal { $flatten\soc.\cpu.$reduce_bool$../picorv32.v:1391$1155_Y \soc.cpu.cpu_state [2] \soc.cpu.is_slli_srli_srai \resetn $auto$opt_reduce.cc:137:opt_pmux$5827 $auto$opt_reduce.cc:137:opt_pmux$5831 $auto$opt_reduce.cc:137:opt_pmux$5835 }.
    Found 1 candidates: $flatten\soc.\cpu.\cpuregs.$memrd$\regs$picosoc.v:497$1436
    Analyzing resource sharing with $flatten\soc.\cpu.\cpuregs.$memrd$\regs$picosoc.v:497$1436 ($memrd):
      Found 1 activation_patterns using ctrl signal $flatten\soc.\cpu.$reduce_bool$../picorv32.v:1390$1153_Y.
      Activation pattern for cell $flatten\soc.\cpu.\cpuregs.$memrd$\regs$picosoc.v:498$1437: { $flatten\soc.\cpu.$reduce_bool$../picorv32.v:1391$1155_Y $auto$opt_reduce.cc:137:opt_pmux$5827 $auto$opt_reduce.cc:137:opt_pmux$5835 } = 3'100
      Activation pattern for cell $flatten\soc.\cpu.\cpuregs.$memrd$\regs$picosoc.v:498$1437: { $flatten\soc.\cpu.$reduce_bool$../picorv32.v:1391$1155_Y \soc.cpu.cpu_state [2] \soc.cpu.is_slli_srli_srai \resetn $auto$opt_reduce.cc:137:opt_pmux$5831 } = 5'11010
      Activation pattern for cell $flatten\soc.\cpu.\cpuregs.$memrd$\regs$picosoc.v:497$1436: $flatten\soc.\cpu.$reduce_bool$../picorv32.v:1390$1153_Y = 1'1
      Size of SAT problem: 9 cells, 146 variables, 314 clauses
      According to the SAT solver this pair of cells can not be shared.
      Model from SAT solver: { $flatten\soc.\cpu.$reduce_bool$../picorv32.v:1391$1155_Y $flatten\soc.\cpu.$reduce_bool$../picorv32.v:1390$1153_Y \soc.cpu.cpu_state [2] \soc.cpu.is_slli_srli_srai \resetn $auto$opt_reduce.cc:137:opt_pmux$5827 $auto$opt_reduce.cc:137:opt_pmux$5831 $auto$opt_reduce.cc:137:opt_pmux$5835 } = 8'11000000
  Analyzing resource sharing options for $flatten\soc.\cpu.\cpuregs.$memrd$\regs$picosoc.v:497$1436 ($memrd):
    Found 1 activation_patterns using ctrl signal $flatten\soc.\cpu.$reduce_bool$../picorv32.v:1390$1153_Y.
    No candidates found.

7.18. Executing TECHMAP pass (map to technology primitives).

7.18.1. Executing Verilog-2005 frontend: /homes/cl2033/oss-cad-suite/lib/../share/yosys/cmp2lut.v
Parsing Verilog input from `/homes/cl2033/oss-cad-suite/lib/../share/yosys/cmp2lut.v' to AST representation.
Generating RTLIL representation for module `\_90_lut_cmp_'.
Successfully finished Verilog frontend.

7.18.2. Continuing TECHMAP pass.
No more expansions possible.
<suppressed ~244 debug messages>

7.19. Executing OPT_EXPR pass (perform const folding).
Optimizing module icebreaker.

7.20. Executing OPT_CLEAN pass (remove unused cells and wires).
Finding unused cells or wires in module \icebreaker..

7.21. Executing MEMORY_DFF pass (merging $dff cells to $memrd).
Checking read port `\soc.cpu.cpuregs.regs'[0] in module `\icebreaker': no output FF found.
Checking read port `\soc.cpu.cpuregs.regs'[1] in module `\icebreaker': no output FF found.
Checking read port `\soc.spimem_cache.cache_valid'[0] in module `\icebreaker': no output FF found.
Checking read port `\soc.spimem_cache.cache_valid'[1] in module `\icebreaker': no output FF found.
Checking read port `\soc.spimem_cache.cache_valid'[2] in module `\icebreaker': no output FF found.
Checking read port `\soc.spimem_cache.cache_valid'[3] in module `\icebreaker': no output FF found.
Checking read port `\soc.spimem_cache.cache_valid'[4] in module `\icebreaker': no output FF found.
Checking read port `\soc.spimem_cache.cache_valid'[5] in module `\icebreaker': no output FF found.
Checking read port `\soc.spimem_cache.cache_valid'[6] in module `\icebreaker': no output FF found.
Checking read port `\soc.spimem_cache.cache_valid'[7] in module `\icebreaker': no output FF found.
Checking read port `\soc.spimem_cache.cache_data'[0] in module `\icebreaker': no output FF found.
Checking read port `\soc.spimem_cache.cache_data'[1] in module `\icebreaker': no output FF found.
Checking read port `\soc.spimem_cache.cache_data'[2] in module `\icebreaker': no output FF found.
Checking read port `\soc.spimem_cache.cache_data'[3] in module `\icebreaker': no output FF found.
Checking read port `\soc.spimem_cache.cache_data'[4] in module `\icebreaker': no output FF found.
Checking read port `\soc.spimem_cache.cache_data'[5] in module `\icebreaker': no output FF found.
Checking read port `\soc.spimem_cache.cache_data'[6] in module `\icebreaker': no output FF found.
Checking read port `\soc.spimem_cache.cache_data'[7] in module `\icebreaker': no output FF found.
Checking read port `\soc.spimem_cache.cache_addr'[0] in module `\icebreaker': no output FF found.
Checking read port `\soc.spimem_cache.cache_addr'[1] in module `\icebreaker': no output FF found.
Checking read port `\soc.spimem_cache.cache_addr'[2] in module `\icebreaker': no output FF found.
Checking read port `\soc.spimem_cache.cache_addr'[3] in module `\icebreaker': no output FF found.
Checking read port `\soc.spimem_cache.cache_addr'[4] in module `\icebreaker': no output FF found.
Checking read port `\soc.spimem_cache.cache_addr'[5] in module `\icebreaker': no output FF found.
Checking read port `\soc.spimem_cache.cache_addr'[6] in module `\icebreaker': no output FF found.
Checking read port `\soc.spimem_cache.cache_addr'[7] in module `\icebreaker': no output FF found.
Checking read port `$flatten\seven_segment_ctrl.\msb_nibble.$auto$proc_rom.cc:155:do_switch$1439'[0] in module `\icebreaker': no output FF found.
Checking read port `$flatten\seven_segment_ctrl.\lsb_nibble.$auto$proc_rom.cc:155:do_switch$1439'[0] in module `\icebreaker': no output FF found.
Checking read port address `\soc.cpu.cpuregs.regs'[0] in module `\icebreaker': merged address FF to cell.
Checking read port address `\soc.cpu.cpuregs.regs'[1] in module `\icebreaker': merged address FF to cell.
Checking read port address `\soc.spimem_cache.cache_valid'[0] in module `\icebreaker': no address FF found.
Checking read port address `\soc.spimem_cache.cache_valid'[1] in module `\icebreaker': no address FF found.
Checking read port address `\soc.spimem_cache.cache_valid'[2] in module `\icebreaker': no address FF found.
Checking read port address `\soc.spimem_cache.cache_valid'[3] in module `\icebreaker': no address FF found.
Checking read port address `\soc.spimem_cache.cache_valid'[4] in module `\icebreaker': no address FF found.
Checking read port address `\soc.spimem_cache.cache_valid'[5] in module `\icebreaker': no address FF found.
Checking read port address `\soc.spimem_cache.cache_valid'[6] in module `\icebreaker': no address FF found.
Checking read port address `\soc.spimem_cache.cache_valid'[7] in module `\icebreaker': no address FF found.
Checking read port address `\soc.spimem_cache.cache_data'[0] in module `\icebreaker': no address FF found.
Checking read port address `\soc.spimem_cache.cache_data'[1] in module `\icebreaker': no address FF found.
Checking read port address `\soc.spimem_cache.cache_data'[2] in module `\icebreaker': no address FF found.
Checking read port address `\soc.spimem_cache.cache_data'[3] in module `\icebreaker': no address FF found.
Checking read port address `\soc.spimem_cache.cache_data'[4] in module `\icebreaker': no address FF found.
Checking read port address `\soc.spimem_cache.cache_data'[5] in module `\icebreaker': no address FF found.
Checking read port address `\soc.spimem_cache.cache_data'[6] in module `\icebreaker': no address FF found.
Checking read port address `\soc.spimem_cache.cache_data'[7] in module `\icebreaker': no address FF found.
Checking read port address `\soc.spimem_cache.cache_addr'[0] in module `\icebreaker': no address FF found.
Checking read port address `\soc.spimem_cache.cache_addr'[1] in module `\icebreaker': no address FF found.
Checking read port address `\soc.spimem_cache.cache_addr'[2] in module `\icebreaker': no address FF found.
Checking read port address `\soc.spimem_cache.cache_addr'[3] in module `\icebreaker': no address FF found.
Checking read port address `\soc.spimem_cache.cache_addr'[4] in module `\icebreaker': no address FF found.
Checking read port address `\soc.spimem_cache.cache_addr'[5] in module `\icebreaker': no address FF found.
Checking read port address `\soc.spimem_cache.cache_addr'[6] in module `\icebreaker': no address FF found.
Checking read port address `\soc.spimem_cache.cache_addr'[7] in module `\icebreaker': no address FF found.
Checking read port address `$flatten\seven_segment_ctrl.\msb_nibble.$auto$proc_rom.cc:155:do_switch$1439'[0] in module `\icebreaker': merged address FF to cell.
Checking read port address `$flatten\seven_segment_ctrl.\lsb_nibble.$auto$proc_rom.cc:155:do_switch$1439'[0] in module `\icebreaker': merged address FF to cell.

7.22. Executing WREDUCE pass (reducing word size of cells).

7.23. Executing TECHMAP pass (map to technology primitives).

7.23.1. Executing Verilog-2005 frontend: /homes/cl2033/oss-cad-suite/lib/../share/yosys/mul2dsp.v
Parsing Verilog input from `/homes/cl2033/oss-cad-suite/lib/../share/yosys/mul2dsp.v' to AST representation.
Generating RTLIL representation for module `\_80_mul'.
Generating RTLIL representation for module `\_90_soft_mul'.
Successfully finished Verilog frontend.

7.23.2. Executing Verilog-2005 frontend: /homes/cl2033/oss-cad-suite/lib/../share/yosys/ice40/dsp_map.v
Parsing Verilog input from `/homes/cl2033/oss-cad-suite/lib/../share/yosys/ice40/dsp_map.v' to AST representation.
Generating RTLIL representation for module `$__MUL16X16'.
Successfully finished Verilog frontend.

7.23.3. Continuing TECHMAP pass.
Using template $paramod$5efeea90693f84d3d630c641baa632b310460194\_80_mul for cells of type $mul.
Using template $paramod$fe3f08c82dc5cecd4a24543ed8a4e62df626c9e1\_80_mul for cells of type $__mul.
Using template $paramod$2ffd9f5c4d2342f026c1383579123954dafb052e\_90_soft_mul for cells of type $__mul.
Using template $paramod$92398c55cd62669b28876c227b4269e3610ebe7b\_80_mul for cells of type $__mul.
Using template $paramod$04102eddbb25e3003f2ea9d39f38ce53d47fc2f5\_90_soft_mul for cells of type $__mul.
Using template $paramod$c33ca6cc290ce647b4a8312d13907f93404a692e$__MUL16X16 for cells of type $__MUL16X16.
No more expansions possible.
<suppressed ~376 debug messages>

7.24. Executing OPT_EXPR pass (perform const folding).
Optimizing module icebreaker.
<suppressed ~6 debug messages>

7.25. Executing WREDUCE pass (reducing word size of cells).
Removed top 1 bits (of 17) from port Y of cell icebreaker.$techmap$flatten\soc.\cpu.\genblk1.pcpi_mul.$mul$../picorv32.v:2371$1420.genblk1.genblk1.genblk1.genblk1.genblk1.genblk1.sliceA[1].mul.$add$/homes/cl2033/oss-cad-suite/lib/../share/yosys/mul2dsp.v:230$7489 ($add).
Removed top 1 bits (of 17) from port A of cell icebreaker.$techmap$flatten\soc.\cpu.\genblk1.pcpi_mul.$mul$../picorv32.v:2371$1420.genblk1.genblk1.genblk1.genblk1.genblk1.genblk1.sliceA[1].mul.$add$/homes/cl2033/oss-cad-suite/lib/../share/yosys/mul2dsp.v:230$7489 ($add).
Removed top 1 bits (of 17) from port B of cell icebreaker.$techmap$flatten\soc.\cpu.\genblk1.pcpi_mul.$mul$../picorv32.v:2371$1420.genblk1.genblk1.genblk1.genblk1.genblk1.genblk1.sliceA[1].mul.$add$/homes/cl2033/oss-cad-suite/lib/../share/yosys/mul2dsp.v:230$7489 ($add).
Removed top 1 bits (of 33) from port A of cell icebreaker.$techmap$flatten\soc.\cpu.\genblk1.pcpi_mul.$mul$../picorv32.v:2371$1420.genblk1.genblk1.genblk1.genblk1.genblk1.genblk1.sliceA[1].mul.$add$/homes/cl2033/oss-cad-suite/lib/../share/yosys/mul2dsp.v:216$7486 ($add).
Removed top 17 bits (of 33) from port B of cell icebreaker.$techmap$flatten\soc.\cpu.\genblk1.pcpi_mul.$mul$../picorv32.v:2371$1420.genblk1.genblk1.genblk1.genblk1.genblk1.genblk1.sliceA[1].mul.$add$/homes/cl2033/oss-cad-suite/lib/../share/yosys/mul2dsp.v:216$7486 ($add).
Removed top 1 bits (of 33) from port Y of cell icebreaker.$techmap$flatten\soc.\cpu.\genblk1.pcpi_mul.$mul$../picorv32.v:2371$1420.genblk1.genblk1.genblk1.genblk1.genblk1.genblk1.sliceA[1].mul.$add$/homes/cl2033/oss-cad-suite/lib/../share/yosys/mul2dsp.v:216$7486 ($add).
Removed top 1 bits (of 33) from port A of cell icebreaker.$techmap$flatten\soc.\cpu.\genblk1.pcpi_mul.$mul$../picorv32.v:2371$1420.genblk1.genblk1.genblk1.genblk1.genblk1.genblk1.sliceA[0].mul.$add$/homes/cl2033/oss-cad-suite/lib/../share/yosys/mul2dsp.v:216$7486 ($add).
Removed top 17 bits (of 33) from port B of cell icebreaker.$techmap$flatten\soc.\cpu.\genblk1.pcpi_mul.$mul$../picorv32.v:2371$1420.genblk1.genblk1.genblk1.genblk1.genblk1.genblk1.sliceA[0].mul.$add$/homes/cl2033/oss-cad-suite/lib/../share/yosys/mul2dsp.v:216$7486 ($add).
Removed top 15 bits (of 48) from port B of cell icebreaker.$techmap$flatten\soc.\cpu.\genblk1.pcpi_mul.$mul$../picorv32.v:2371$1420.$add$/homes/cl2033/oss-cad-suite/lib/../share/yosys/mul2dsp.v:159$7479 ($add).

7.26. Executing ICE40_DSP pass (map multipliers).
Checking icebreaker.$flatten\soc.\cpu.\genblk1.pcpi_mul.$mul$../picorv32.v:2371$1420.genblk1.genblk1.genblk1.genblk1.genblk1.genblk1.sliceA[0].mul.genblk1.genblk1.genblk1.genblk1.genblk1.genblk1.genblk1.sliceB[1].mul for iCE40 DSP inference.
  clock: \clk (posedge) ffA:$auto$ff.cc:337:slice$7269 ffB:$auto$ff.cc:337:slice$7266
  adder $techmap$flatten\soc.\cpu.\genblk1.pcpi_mul.$mul$../picorv32.v:2371$1420.genblk1.genblk1.genblk1.genblk1.genblk1.genblk1.sliceA[0].mul.$add$/homes/cl2033/oss-cad-suite/lib/../share/yosys/mul2dsp.v:216$7486 ($add)
Checking icebreaker.$flatten\soc.\cpu.\genblk1.pcpi_mul.$mul$../picorv32.v:2371$1420.genblk1.genblk1.genblk1.genblk1.genblk1.genblk1.sliceA[1].mul.genblk1.genblk1.genblk1.genblk1.genblk1.genblk1.genblk1.sliceB[0].mul for iCE40 DSP inference.
  clock: \clk (posedge) ffA:$auto$ff.cc:337:slice$7269 ffB:$auto$ff.cc:337:slice$7266
Checking icebreaker.$flatten\soc.\cpu.\genblk1.pcpi_mul.$mul$../picorv32.v:2371$1420.genblk1.genblk1.genblk1.genblk1.genblk1.genblk1.sliceA[1].mul.genblk1.genblk1.genblk1.genblk1.genblk1.genblk1.genblk1.sliceB[1].mul for iCE40 DSP inference.
  clock: \clk (posedge) ffA:$auto$ff.cc:337:slice$7269 ffB:$auto$ff.cc:337:slice$7266
  adder $techmap$flatten\soc.\cpu.\genblk1.pcpi_mul.$mul$../picorv32.v:2371$1420.genblk1.genblk1.genblk1.genblk1.genblk1.genblk1.sliceA[1].mul.$add$/homes/cl2033/oss-cad-suite/lib/../share/yosys/mul2dsp.v:216$7486 ($add)
Checking icebreaker.$flatten\soc.\cpu.\genblk1.pcpi_mul.$mul$../picorv32.v:2371$1420.genblk1.genblk1.genblk1.genblk1.genblk1.genblk1.sliceA[0].mul.genblk1.genblk1.genblk1.genblk1.genblk1.genblk1.genblk1.sliceB[0].mul for iCE40 DSP inference.
  clock: \clk (posedge) ffA:$auto$ff.cc:337:slice$7269 ffB:$auto$ff.cc:337:slice$7266 ffO:$flatten\soc.\cpu.\genblk1.pcpi_mul.$procdff$5562
<suppressed ~40 debug messages>

7.27. Executing ALUMACC pass (create $alu and $macc cells).
Extracting $alu and $macc cells in module icebreaker:
  creating $macc model for $techmap$flatten\soc.\cpu.\genblk1.pcpi_mul.$mul$../picorv32.v:2371$1420.genblk1.genblk1.genblk1.genblk1.genblk1.genblk1.sliceA[1].mul.$add$/homes/cl2033/oss-cad-suite/lib/../share/yosys/mul2dsp.v:230$7489 ($add).
  creating $macc model for $techmap$flatten\soc.\cpu.\genblk1.pcpi_mul.$mul$../picorv32.v:2371$1420.genblk1.genblk1.genblk1.genblk1.genblk1.genblk1.sliceA[0].mul.$add$/homes/cl2033/oss-cad-suite/lib/../share/yosys/mul2dsp.v:230$7489 ($add).
  creating $macc model for $flatten\soc.\cpu.\genblk1.pcpi_mul.$mul$../picorv32.v:2371$1420.genblk1.genblk1.genblk1.genblk1.genblk1.genblk1.sliceA.last ($mul).
  creating $macc model for $flatten\soc.\cpu.\genblk1.pcpi_mul.$mul$../picorv32.v:2371$1420.genblk1.genblk1.genblk1.genblk1.genblk1.genblk1.sliceA[0].mul.genblk1.genblk1.genblk1.genblk1.genblk1.genblk1.genblk1.mul_sliceB_last ($mul).
  creating $macc model for $techmap$flatten\soc.\cpu.\genblk1.pcpi_mul.$mul$../picorv32.v:2371$1420.$add$/homes/cl2033/oss-cad-suite/lib/../share/yosys/mul2dsp.v:173$7482 ($add).
  creating $macc model for $techmap$flatten\soc.\cpu.\genblk1.pcpi_mul.$mul$../picorv32.v:2371$1420.$add$/homes/cl2033/oss-cad-suite/lib/../share/yosys/mul2dsp.v:159$7479 ($add).
  creating $macc model for $flatten\soc.\cpu.$add$../picorv32.v:1564$1227 ($add).
  creating $macc model for $flatten\soc.\cpu.$add$../picorv32.v:1433$1173 ($add).
  creating $macc model for $flatten\soc.\cpu.$sub$../picorv32.v:1426$1171 ($sub).
  creating $macc model for $flatten\soc.\cpu.$add$../picorv32.v:1317$1141 ($add).
  creating $macc model for $flatten\soc.\cpu.$add$../picorv32.v:1560$1226 ($add).
  creating $macc model for $flatten\soc.\cpu.$add$../picorv32.v:1897$1308 ($add).
  creating $macc model for $flatten\soc.\cpu.\genblk1.pcpi_mul.$mul$../picorv32.v:2371$1420.genblk1.genblk1.genblk1.genblk1.genblk1.genblk1.sliceA[1].mul.genblk1.genblk1.genblk1.genblk1.genblk1.genblk1.genblk1.mul_sliceB_last ($mul).
  creating $macc model for $flatten\soc.\spimem_cache.$add$picosoc.v:472$670 ($add).
  creating $macc model for $flatten\soc.\spimem_cache.$add$picosoc.v:471$668 ($add).
  creating $macc model for $flatten\soc.\spimem_cache.$add$picosoc.v:464$658 ($add).
  creating $macc model for $flatten\soc.\spimemio.\xfer.$sub$spimemio.v:471$1370 ($sub).
  creating $macc model for $flatten\soc.\spimemio.\xfer.$sub$spimemio.v:491$1377 ($sub).
  creating $macc model for $flatten\soc.\spimemio.\xfer.$sub$spimemio.v:524$1389 ($sub).
  creating $macc model for $flatten\soc.\spimemio.\xfer.$sub$spimemio.v:554$1399 ($sub).
  creating $macc model for $flatten\soc.\cpu.$sub$../picorv32.v:1850$1296 ($sub).
  creating $macc model for $flatten\soc.\cpu.$sub$../picorv32.v:1918$1313 ($sub).
  creating $macc model for $flatten\soc.\cpu.$add$../picorv32.v:1240$1349 ($add).
  creating $macc model for $flatten\soc.\cpu.$sub$../picorv32.v:1240$1348 ($sub).
  creating $macc model for $flatten\soc.\cpu.$add$../picorv32.v:1806$1275 ($add).
  creating $macc model for $flatten\soc.\cpu.$sub$../picorv32.v:1842$1289 ($sub).
  creating $macc model for $flatten\soc.\cpu.$add$../picorv32.v:1569$1228 ($add).
  creating $macc model for $flatten\soc.\spimemio.$add$spimemio.v:226$540 ($add).
  creating $macc model for $flatten\soc.\simpleuart.$sub$simpleuart.v:132$497 ($sub).
  creating $macc model for $flatten\soc.\simpleuart.$add$simpleuart.v:112$489 ($add).
  creating $macc model for $flatten\soc.\simpleuart.$add$simpleuart.v:99$486 ($add).
  creating $macc model for $flatten\soc.\simpleuart.$add$simpleuart.v:74$480 ($add).
  creating $macc model for $flatten\seven_segment_ctrl.$add$icebreaker.v:197$457 ($add).
  creating $macc model for $add$icebreaker.v:56$389 ($add).
  merging $macc model for $flatten\soc.\cpu.\genblk1.pcpi_mul.$mul$../picorv32.v:2371$1420.genblk1.genblk1.genblk1.genblk1.genblk1.genblk1.sliceA[0].mul.genblk1.genblk1.genblk1.genblk1.genblk1.genblk1.genblk1.mul_sliceB_last into $techmap$flatten\soc.\cpu.\genblk1.pcpi_mul.$mul$../picorv32.v:2371$1420.genblk1.genblk1.genblk1.genblk1.genblk1.genblk1.sliceA[0].mul.$add$/homes/cl2033/oss-cad-suite/lib/../share/yosys/mul2dsp.v:230$7489.
  creating $alu model for $macc $flatten\seven_segment_ctrl.$add$icebreaker.v:197$457.
  creating $alu model for $macc $flatten\soc.\simpleuart.$add$simpleuart.v:74$480.
  creating $alu model for $macc $flatten\soc.\simpleuart.$add$simpleuart.v:99$486.
  creating $alu model for $macc $flatten\soc.\simpleuart.$add$simpleuart.v:112$489.
  creating $alu model for $macc $flatten\soc.\simpleuart.$sub$simpleuart.v:132$497.
  creating $alu model for $macc $flatten\soc.\spimemio.$add$spimemio.v:226$540.
  creating $alu model for $macc $flatten\soc.\cpu.$add$../picorv32.v:1569$1228.
  creating $alu model for $macc $flatten\soc.\cpu.$sub$../picorv32.v:1842$1289.
  creating $alu model for $macc $flatten\soc.\cpu.$add$../picorv32.v:1806$1275.
  creating $alu model for $macc $flatten\soc.\cpu.$sub$../picorv32.v:1240$1348.
  creating $alu model for $macc $flatten\soc.\cpu.$add$../picorv32.v:1240$1349.
  creating $alu model for $macc $flatten\soc.\cpu.$sub$../picorv32.v:1918$1313.
  creating $alu model for $macc $flatten\soc.\cpu.$sub$../picorv32.v:1850$1296.
  creating $alu model for $macc $flatten\soc.\spimemio.\xfer.$sub$spimemio.v:554$1399.
  creating $alu model for $macc $flatten\soc.\spimemio.\xfer.$sub$spimemio.v:524$1389.
  creating $alu model for $macc $flatten\soc.\spimemio.\xfer.$sub$spimemio.v:491$1377.
  creating $alu model for $macc $flatten\soc.\spimemio.\xfer.$sub$spimemio.v:471$1370.
  creating $alu model for $macc $flatten\soc.\spimem_cache.$add$picosoc.v:464$658.
  creating $alu model for $macc $flatten\soc.\spimem_cache.$add$picosoc.v:471$668.
  creating $alu model for $macc $flatten\soc.\spimem_cache.$add$picosoc.v:472$670.
  creating $alu model for $macc $flatten\soc.\cpu.$add$../picorv32.v:1897$1308.
  creating $alu model for $macc $flatten\soc.\cpu.$add$../picorv32.v:1560$1226.
  creating $alu model for $macc $flatten\soc.\cpu.$add$../picorv32.v:1317$1141.
  creating $alu model for $macc $flatten\soc.\cpu.$sub$../picorv32.v:1426$1171.
  creating $alu model for $macc $flatten\soc.\cpu.$add$../picorv32.v:1433$1173.
  creating $alu model for $macc $flatten\soc.\cpu.$add$../picorv32.v:1564$1227.
  creating $alu model for $macc $techmap$flatten\soc.\cpu.\genblk1.pcpi_mul.$mul$../picorv32.v:2371$1420.$add$/homes/cl2033/oss-cad-suite/lib/../share/yosys/mul2dsp.v:159$7479.
  creating $alu model for $macc $techmap$flatten\soc.\cpu.\genblk1.pcpi_mul.$mul$../picorv32.v:2371$1420.$add$/homes/cl2033/oss-cad-suite/lib/../share/yosys/mul2dsp.v:173$7482.
  creating $alu model for $macc $add$icebreaker.v:56$389.
  creating $alu model for $macc $techmap$flatten\soc.\cpu.\genblk1.pcpi_mul.$mul$../picorv32.v:2371$1420.genblk1.genblk1.genblk1.genblk1.genblk1.genblk1.sliceA[1].mul.$add$/homes/cl2033/oss-cad-suite/lib/../share/yosys/mul2dsp.v:230$7489.
  creating $macc cell for $flatten\soc.\cpu.\genblk1.pcpi_mul.$mul$../picorv32.v:2371$1420.genblk1.genblk1.genblk1.genblk1.genblk1.genblk1.sliceA.last: $auto$alumacc.cc:382:replace_macc$7529
  creating $macc cell for $techmap$flatten\soc.\cpu.\genblk1.pcpi_mul.$mul$../picorv32.v:2371$1420.genblk1.genblk1.genblk1.genblk1.genblk1.genblk1.sliceA[0].mul.$add$/homes/cl2033/oss-cad-suite/lib/../share/yosys/mul2dsp.v:230$7489: $auto$alumacc.cc:382:replace_macc$7530
  creating $macc cell for $flatten\soc.\cpu.\genblk1.pcpi_mul.$mul$../picorv32.v:2371$1420.genblk1.genblk1.genblk1.genblk1.genblk1.genblk1.sliceA[1].mul.genblk1.genblk1.genblk1.genblk1.genblk1.genblk1.genblk1.mul_sliceB_last: $auto$alumacc.cc:382:replace_macc$7531
  creating $alu model for $flatten\soc.$lt$picosoc.v:262$453 ($lt): new $alu
  creating $alu model for $flatten\soc.$lt$picosoc.v:189$439 ($lt): new $alu
  creating $alu model for $flatten\soc.$ge$picosoc.v:189$437 ($ge): merged with $flatten\soc.$lt$picosoc.v:262$453.
  creating $alu model for $flatten\soc.\cpu.$lt$../picorv32.v:1243$1353 ($lt): merged with $flatten\soc.\cpu.$sub$../picorv32.v:1240$1348.
  creating $alu model for $flatten\soc.\cpu.$lt$../picorv32.v:1242$1352 ($lt): merged with $flatten\soc.\cpu.$sub$../picorv32.v:1240$1348.
  creating $alu model for $flatten\soc.\cpu.$ge$../picorv32.v:1835$1281 ($ge): merged with $flatten\soc.\cpu.$sub$../picorv32.v:1842$1289.
  creating $alu model for $flatten\soc.$gt$picosoc.v:134$408 ($gt): new $alu
  creating $alu model for $flatten\soc.\simpleuart.$gt$simpleuart.v:130$495 ($gt): new $alu
  creating $alu model for $flatten\soc.\simpleuart.$gt$simpleuart.v:97$485 ($gt): new $alu
  creating $alu model for $flatten\soc.\simpleuart.$gt$simpleuart.v:84$483 ($gt): new $alu
  creating $alu model for $flatten\soc.\cpu.$eq$../picorv32.v:1241$1351 ($eq): merged with $flatten\soc.\cpu.$sub$../picorv32.v:1240$1348.
  creating $alu model for $flatten\soc.$eq$picosoc.v:139$410 ($eq): merged with $flatten\soc.$lt$picosoc.v:189$439.
  creating $alu cell for $flatten\soc.\simpleuart.$gt$simpleuart.v:84$483: $auto$alumacc.cc:512:replace_alu$7538
  creating $alu cell for $flatten\soc.\simpleuart.$gt$simpleuart.v:97$485: $auto$alumacc.cc:512:replace_alu$7549
  creating $alu cell for $flatten\soc.\simpleuart.$gt$simpleuart.v:130$495: $auto$alumacc.cc:512:replace_alu$7560
  creating $alu cell for $flatten\soc.$gt$picosoc.v:134$408: $auto$alumacc.cc:512:replace_alu$7571
  creating $alu cell for $flatten\soc.$lt$picosoc.v:189$439, $flatten\soc.$eq$picosoc.v:139$410: $auto$alumacc.cc:512:replace_alu$7582
  creating $alu cell for $flatten\soc.$lt$picosoc.v:262$453, $flatten\soc.$ge$picosoc.v:189$437: $auto$alumacc.cc:512:replace_alu$7589
  creating $alu cell for $techmap$flatten\soc.\cpu.\genblk1.pcpi_mul.$mul$../picorv32.v:2371$1420.genblk1.genblk1.genblk1.genblk1.genblk1.genblk1.sliceA[1].mul.$add$/homes/cl2033/oss-cad-suite/lib/../share/yosys/mul2dsp.v:230$7489: $auto$alumacc.cc:512:replace_alu$7602
  creating $alu cell for $add$icebreaker.v:56$389: $auto$alumacc.cc:512:replace_alu$7605
  creating $alu cell for $techmap$flatten\soc.\cpu.\genblk1.pcpi_mul.$mul$../picorv32.v:2371$1420.$add$/homes/cl2033/oss-cad-suite/lib/../share/yosys/mul2dsp.v:173$7482: $auto$alumacc.cc:512:replace_alu$7608
  creating $alu cell for $techmap$flatten\soc.\cpu.\genblk1.pcpi_mul.$mul$../picorv32.v:2371$1420.$add$/homes/cl2033/oss-cad-suite/lib/../share/yosys/mul2dsp.v:159$7479: $auto$alumacc.cc:512:replace_alu$7611
  creating $alu cell for $flatten\soc.\cpu.$add$../picorv32.v:1564$1227: $auto$alumacc.cc:512:replace_alu$7614
  creating $alu cell for $flatten\soc.\cpu.$add$../picorv32.v:1433$1173: $auto$alumacc.cc:512:replace_alu$7617
  creating $alu cell for $flatten\soc.\cpu.$sub$../picorv32.v:1426$1171: $auto$alumacc.cc:512:replace_alu$7620
  creating $alu cell for $flatten\soc.\cpu.$add$../picorv32.v:1317$1141: $auto$alumacc.cc:512:replace_alu$7623
  creating $alu cell for $flatten\soc.\cpu.$add$../picorv32.v:1560$1226: $auto$alumacc.cc:512:replace_alu$7626
  creating $alu cell for $flatten\soc.\cpu.$add$../picorv32.v:1897$1308: $auto$alumacc.cc:512:replace_alu$7629
  creating $alu cell for $flatten\soc.\spimem_cache.$add$picosoc.v:472$670: $auto$alumacc.cc:512:replace_alu$7632
  creating $alu cell for $flatten\soc.\spimem_cache.$add$picosoc.v:471$668: $auto$alumacc.cc:512:replace_alu$7635
  creating $alu cell for $flatten\soc.\spimem_cache.$add$picosoc.v:464$658: $auto$alumacc.cc:512:replace_alu$7638
  creating $alu cell for $flatten\soc.\spimemio.\xfer.$sub$spimemio.v:471$1370: $auto$alumacc.cc:512:replace_alu$7641
  creating $alu cell for $flatten\soc.\spimemio.\xfer.$sub$spimemio.v:491$1377: $auto$alumacc.cc:512:replace_alu$7644
  creating $alu cell for $flatten\soc.\spimemio.\xfer.$sub$spimemio.v:524$1389: $auto$alumacc.cc:512:replace_alu$7647
  creating $alu cell for $flatten\soc.\spimemio.\xfer.$sub$spimemio.v:554$1399: $auto$alumacc.cc:512:replace_alu$7650
  creating $alu cell for $flatten\soc.\cpu.$sub$../picorv32.v:1850$1296: $auto$alumacc.cc:512:replace_alu$7653
  creating $alu cell for $flatten\soc.\cpu.$sub$../picorv32.v:1918$1313: $auto$alumacc.cc:512:replace_alu$7656
  creating $alu cell for $flatten\soc.\cpu.$add$../picorv32.v:1240$1349: $auto$alumacc.cc:512:replace_alu$7659
  creating $alu cell for $flatten\soc.\cpu.$sub$../picorv32.v:1240$1348, $flatten\soc.\cpu.$lt$../picorv32.v:1243$1353, $flatten\soc.\cpu.$lt$../picorv32.v:1242$1352, $flatten\soc.\cpu.$eq$../picorv32.v:1241$1351: $auto$alumacc.cc:512:replace_alu$7662
  creating $alu cell for $flatten\soc.\cpu.$add$../picorv32.v:1806$1275: $auto$alumacc.cc:512:replace_alu$7673
  creating $alu cell for $flatten\soc.\cpu.$sub$../picorv32.v:1842$1289, $flatten\soc.\cpu.$ge$../picorv32.v:1835$1281: $auto$alumacc.cc:512:replace_alu$7676
  creating $alu cell for $flatten\soc.\cpu.$add$../picorv32.v:1569$1228: $auto$alumacc.cc:512:replace_alu$7689
  creating $alu cell for $flatten\soc.\spimemio.$add$spimemio.v:226$540: $auto$alumacc.cc:512:replace_alu$7692
  creating $alu cell for $flatten\soc.\simpleuart.$sub$simpleuart.v:132$497: $auto$alumacc.cc:512:replace_alu$7695
  creating $alu cell for $flatten\soc.\simpleuart.$add$simpleuart.v:112$489: $auto$alumacc.cc:512:replace_alu$7698
  creating $alu cell for $flatten\soc.\simpleuart.$add$simpleuart.v:99$486: $auto$alumacc.cc:512:replace_alu$7701
  creating $alu cell for $flatten\soc.\simpleuart.$add$simpleuart.v:74$480: $auto$alumacc.cc:512:replace_alu$7704
  creating $alu cell for $flatten\seven_segment_ctrl.$add$icebreaker.v:197$457: $auto$alumacc.cc:512:replace_alu$7707
  created 36 $alu and 3 $macc cells.

7.28. Executing OPT pass (performing simple optimizations).

7.28.1. Executing OPT_EXPR pass (perform const folding).
Optimizing module icebreaker.
<suppressed ~7 debug messages>

7.28.2. Executing OPT_MERGE pass (detect identical cells).
Finding identical cells in module `\icebreaker'.
Computing hashes of 1576 cells of `\icebreaker'.
Finding duplicate cells in `\icebreaker'.
Computing hashes of 1567 cells of `\icebreaker'.
Finding duplicate cells in `\icebreaker'.
<suppressed ~27 debug messages>
Removed a total of 9 cells.

7.28.3. Executing OPT_MUXTREE pass (detect dead branches in mux trees).
Running muxtree optimizer on module \icebreaker..
  Creating internal representation of mux trees.
  Evaluating internal representation of mux trees.
  Analyzing evaluation results.
Removed 0 multiplexer ports.
<suppressed ~601 debug messages>

7.28.4. Executing OPT_REDUCE pass (consolidate $*mux and $reduce_* inputs).
  Optimizing cells in module \icebreaker.
Performed a total of 0 changes.

7.28.5. Executing OPT_MERGE pass (detect identical cells).
Finding identical cells in module `\icebreaker'.
Computing hashes of 1567 cells of `\icebreaker'.
Finding duplicate cells in `\icebreaker'.
Removed a total of 0 cells.

7.28.6. Executing OPT_DFF pass (perform DFF optimizations).

7.28.7. Executing OPT_CLEAN pass (remove unused cells and wires).
Finding unused cells or wires in module \icebreaker..
Removed 1 unused cells and 88 unused wires.
<suppressed ~2 debug messages>

7.28.8. Executing OPT_EXPR pass (perform const folding).
Optimizing module icebreaker.

7.28.9. Rerunning OPT passes. (Maybe there is more to do..)

7.28.10. Executing OPT_MUXTREE pass (detect dead branches in mux trees).
Running muxtree optimizer on module \icebreaker..
  Creating internal representation of mux trees.
  Evaluating internal representation of mux trees.
  Analyzing evaluation results.
Removed 0 multiplexer ports.
<suppressed ~601 debug messages>

7.28.11. Executing OPT_REDUCE pass (consolidate $*mux and $reduce_* inputs).
  Optimizing cells in module \icebreaker.
Performed a total of 0 changes.

7.28.12. Executing OPT_MERGE pass (detect identical cells).
Finding identical cells in module `\icebreaker'.
Computing hashes of 1566 cells of `\icebreaker'.
Finding duplicate cells in `\icebreaker'.
Removed a total of 0 cells.

7.28.13. Executing OPT_DFF pass (perform DFF optimizations).

7.28.14. Executing OPT_CLEAN pass (remove unused cells and wires).
Finding unused cells or wires in module \icebreaker..

7.28.15. Executing OPT_EXPR pass (perform const folding).
Optimizing module icebreaker.

7.28.16. Finished fast OPT passes. (There is nothing left to do.)

7.29. Executing MEMORY pass.

7.29.1. Executing OPT_MEM pass (optimize memories).
Performed a total of 0 transformations.

7.29.2. Executing OPT_MEM_PRIORITY pass (removing unnecessary memory write priority relations).
Performed a total of 28 transformations.

7.29.3. Executing OPT_MEM_FEEDBACK pass (finding memory read-to-write feedback paths).
  Analyzing icebreaker.soc.spimem_cache.cache_valid write port 0.
  Analyzing icebreaker.soc.spimem_cache.cache_valid write port 1.
  Analyzing icebreaker.soc.spimem_cache.cache_valid write port 2.
  Analyzing icebreaker.soc.spimem_cache.cache_valid write port 3.
  Analyzing icebreaker.soc.spimem_cache.cache_valid write port 4.
  Analyzing icebreaker.soc.spimem_cache.cache_valid write port 5.
  Analyzing icebreaker.soc.spimem_cache.cache_valid write port 6.
  Analyzing icebreaker.soc.spimem_cache.cache_valid write port 7.
  Analyzing icebreaker.soc.spimem_cache.cache_valid write port 8.
  Analyzing icebreaker.soc.spimem_cache.cache_data write port 0.
  Analyzing icebreaker.soc.spimem_cache.cache_addr write port 0.

7.29.4. Executing MEMORY_BMUX2ROM pass (converting muxes to ROMs).

7.29.5. Executing MEMORY_DFF pass (merging $dff cells to $memrd).
Checking read port `\soc.spimem_cache.cache_valid'[0] in module `\icebreaker': no output FF found.
Checking read port `\soc.spimem_cache.cache_valid'[1] in module `\icebreaker': no output FF found.
Checking read port `\soc.spimem_cache.cache_valid'[2] in module `\icebreaker': no output FF found.
Checking read port `\soc.spimem_cache.cache_valid'[3] in module `\icebreaker': no output FF found.
Checking read port `\soc.spimem_cache.cache_valid'[4] in module `\icebreaker': no output FF found.
Checking read port `\soc.spimem_cache.cache_valid'[5] in module `\icebreaker': no output FF found.
Checking read port `\soc.spimem_cache.cache_valid'[6] in module `\icebreaker': no output FF found.
Checking read port `\soc.spimem_cache.cache_valid'[7] in module `\icebreaker': no output FF found.
Checking read port `\soc.spimem_cache.cache_data'[0] in module `\icebreaker': no output FF found.
Checking read port `\soc.spimem_cache.cache_data'[1] in module `\icebreaker': no output FF found.
Checking read port `\soc.spimem_cache.cache_data'[2] in module `\icebreaker': no output FF found.
Checking read port `\soc.spimem_cache.cache_data'[3] in module `\icebreaker': no output FF found.
Checking read port `\soc.spimem_cache.cache_data'[4] in module `\icebreaker': no output FF found.
Checking read port `\soc.spimem_cache.cache_data'[5] in module `\icebreaker': no output FF found.
Checking read port `\soc.spimem_cache.cache_data'[6] in module `\icebreaker': no output FF found.
Checking read port `\soc.spimem_cache.cache_data'[7] in module `\icebreaker': no output FF found.
Checking read port `\soc.spimem_cache.cache_addr'[0] in module `\icebreaker': no output FF found.
Checking read port `\soc.spimem_cache.cache_addr'[1] in module `\icebreaker': no output FF found.
Checking read port `\soc.spimem_cache.cache_addr'[2] in module `\icebreaker': no output FF found.
Checking read port `\soc.spimem_cache.cache_addr'[3] in module `\icebreaker': no output FF found.
Checking read port `\soc.spimem_cache.cache_addr'[4] in module `\icebreaker': no output FF found.
Checking read port `\soc.spimem_cache.cache_addr'[5] in module `\icebreaker': no output FF found.
Checking read port `\soc.spimem_cache.cache_addr'[6] in module `\icebreaker': no output FF found.
Checking read port `\soc.spimem_cache.cache_addr'[7] in module `\icebreaker': no output FF found.
Checking read port address `\soc.spimem_cache.cache_valid'[0] in module `\icebreaker': no address FF found.
Checking read port address `\soc.spimem_cache.cache_valid'[1] in module `\icebreaker': no address FF found.
Checking read port address `\soc.spimem_cache.cache_valid'[2] in module `\icebreaker': no address FF found.
Checking read port address `\soc.spimem_cache.cache_valid'[3] in module `\icebreaker': no address FF found.
Checking read port address `\soc.spimem_cache.cache_valid'[4] in module `\icebreaker': no address FF found.
Checking read port address `\soc.spimem_cache.cache_valid'[5] in module `\icebreaker': no address FF found.
Checking read port address `\soc.spimem_cache.cache_valid'[6] in module `\icebreaker': no address FF found.
Checking read port address `\soc.spimem_cache.cache_valid'[7] in module `\icebreaker': no address FF found.
Checking read port address `\soc.spimem_cache.cache_data'[0] in module `\icebreaker': no address FF found.
Checking read port address `\soc.spimem_cache.cache_data'[1] in module `\icebreaker': no address FF found.
Checking read port address `\soc.spimem_cache.cache_data'[2] in module `\icebreaker': no address FF found.
Checking read port address `\soc.spimem_cache.cache_data'[3] in module `\icebreaker': no address FF found.
Checking read port address `\soc.spimem_cache.cache_data'[4] in module `\icebreaker': no address FF found.
Checking read port address `\soc.spimem_cache.cache_data'[5] in module `\icebreaker': no address FF found.
Checking read port address `\soc.spimem_cache.cache_data'[6] in module `\icebreaker': no address FF found.
Checking read port address `\soc.spimem_cache.cache_data'[7] in module `\icebreaker': no address FF found.
Checking read port address `\soc.spimem_cache.cache_addr'[0] in module `\icebreaker': no address FF found.
Checking read port address `\soc.spimem_cache.cache_addr'[1] in module `\icebreaker': no address FF found.
Checking read port address `\soc.spimem_cache.cache_addr'[2] in module `\icebreaker': no address FF found.
Checking read port address `\soc.spimem_cache.cache_addr'[3] in module `\icebreaker': no address FF found.
Checking read port address `\soc.spimem_cache.cache_addr'[4] in module `\icebreaker': no address FF found.
Checking read port address `\soc.spimem_cache.cache_addr'[5] in module `\icebreaker': no address FF found.
Checking read port address `\soc.spimem_cache.cache_addr'[6] in module `\icebreaker': no address FF found.
Checking read port address `\soc.spimem_cache.cache_addr'[7] in module `\icebreaker': no address FF found.

7.29.6. Executing OPT_CLEAN pass (remove unused cells and wires).
Finding unused cells or wires in module \icebreaker..

7.29.7. Executing MEMORY_SHARE pass (consolidating $memrd/$memwr cells).
Consolidating read ports of memory icebreaker.soc.cpu.cpuregs.regs by address:
Consolidating read ports of memory icebreaker.soc.spimem_cache.cache_valid by address:
  Merging ports 0, 7 (address 3'001).
  Merging ports 1, 2 (address 3'010).
  Merging ports 3, 4 (address 3'100).
  Merging ports 3, 5 (address 3'100).
  Merging ports 3, 6 (address 3'100).
Consolidating read ports of memory icebreaker.soc.spimem_cache.cache_valid by address:
  Merging ports 0, 1 (address 3'000).
  Merging ports 0, 2 (address 3'000).
Consolidating write ports of memory icebreaker.soc.spimem_cache.cache_valid by address:
  Merging ports 0, 1 (address 3'000).
  Merging ports 0, 2 (address 3'000).
  Merging ports 0, 3 (address 3'000).
  Merging ports 0, 4 (address 3'000).
  Merging ports 6, 7 (address 3'110).
Consolidating write ports of memory icebreaker.soc.spimem_cache.cache_valid by address:
  Merging ports 1, 2 (address 3'101).
Consolidating write ports of memory icebreaker.soc.spimem_cache.cache_valid by address:
Consolidating read ports of memory icebreaker.soc.spimem_cache.cache_data by address:
  Merging ports 0, 1 (address 3'000).
  Merging ports 0, 2 (address 3'000).
  Merging ports 0, 3 (address 3'000).
  Merging ports 0, 4 (address 3'000).
  Merging ports 6, 7 (address 3'110).
Consolidating read ports of memory icebreaker.soc.spimem_cache.cache_data by address:
  Merging ports 1, 2 (address 3'101).
Consolidating read ports of memory icebreaker.soc.spimem_cache.cache_data by address:
Consolidating read ports of memory icebreaker.soc.spimem_cache.cache_addr by address:
  Merging ports 0, 1 (address 3'000).
  Merging ports 0, 2 (address 3'000).
  Merging ports 0, 3 (address 3'000).
  Merging ports 0, 4 (address 3'000).
  Merging ports 6, 7 (address 3'110).
Consolidating read ports of memory icebreaker.soc.spimem_cache.cache_addr by address:
  Merging ports 1, 2 (address 3'101).
Consolidating read ports of memory icebreaker.soc.spimem_cache.cache_addr by address:
Consolidating write ports of memory icebreaker.soc.spimem_cache.cache_valid using sat-based resource sharing:

7.29.8. Executing OPT_MEM_WIDEN pass (optimize memories where all ports are wide).
Performed a total of 0 transformations.

7.29.9. Executing OPT_CLEAN pass (remove unused cells and wires).
Finding unused cells or wires in module \icebreaker..
Removed 0 unused cells and 29 unused wires.
<suppressed ~1 debug messages>

7.29.10. Executing MEMORY_COLLECT pass (generating $mem cells).

7.30. Executing OPT_CLEAN pass (remove unused cells and wires).
Finding unused cells or wires in module \icebreaker..

7.31. Executing MEMORY_LIBMAP pass (mapping memories to cells).
mapping memory icebreaker.soc.cpu.cpuregs.regs via $__ICE40_RAM4K_
using FF mapping for memory icebreaker.soc.spimem_cache.cache_valid
using FF mapping for memory icebreaker.soc.spimem_cache.cache_data
using FF mapping for memory icebreaker.soc.spimem_cache.cache_addr
using FF mapping for memory icebreaker.$flatten\seven_segment_ctrl.\lsb_nibble.$auto$proc_rom.cc:155:do_switch$1439
using FF mapping for memory icebreaker.$flatten\seven_segment_ctrl.\msb_nibble.$auto$proc_rom.cc:155:do_switch$1439
<suppressed ~235 debug messages>

7.32. Executing TECHMAP pass (map to technology primitives).

7.32.1. Executing Verilog-2005 frontend: /homes/cl2033/oss-cad-suite/lib/../share/yosys/ice40/brams_map.v
Parsing Verilog input from `/homes/cl2033/oss-cad-suite/lib/../share/yosys/ice40/brams_map.v' to AST representation.
Generating RTLIL representation for module `$__ICE40_RAM4K_'.
Successfully finished Verilog frontend.

7.32.2. Executing Verilog-2005 frontend: /homes/cl2033/oss-cad-suite/lib/../share/yosys/ice40/spram_map.v
Parsing Verilog input from `/homes/cl2033/oss-cad-suite/lib/../share/yosys/ice40/spram_map.v' to AST representation.
Generating RTLIL representation for module `$__ICE40_SPRAM_'.
Successfully finished Verilog frontend.

7.32.3. Continuing TECHMAP pass.
Using template $paramod$a1f6b5309207cf102bfb625dccbd224ad06df61d$__ICE40_RAM4K_ for cells of type $__ICE40_RAM4K_.
No more expansions possible.
<suppressed ~31 debug messages>

7.33. Executing ICE40_BRAMINIT pass.

7.34. Executing OPT pass (performing simple optimizations).

7.34.1. Executing OPT_EXPR pass (perform const folding).
Optimizing module icebreaker.
<suppressed ~195 debug messages>

7.34.2. Executing OPT_MERGE pass (detect identical cells).
Finding identical cells in module `\icebreaker'.
Computing hashes of 1486 cells of `\icebreaker'.
Finding duplicate cells in `\icebreaker'.
Computing hashes of 1464 cells of `\icebreaker'.
Finding duplicate cells in `\icebreaker'.
<suppressed ~66 debug messages>
Removed a total of 22 cells.

7.34.3. Executing OPT_DFF pass (perform DFF optimizations).
Adding EN signal on $auto$ff.cc:337:slice$6994 ($dffe) from module icebreaker (D = $auto$wreduce.cc:514:run$7398 [1:0], Q = \soc.spimemio.rd_addr [1:0]).
Adding SRST signal on $auto$ff.cc:337:slice$7221 ($dffe) from module icebreaker (D = $flatten\soc.\cpu.$procmux$4379_Y, Q = \soc.cpu.mem_state, rval = 2'00).
Removing always-active EN on $auto$mem.cc:1169:emulate_transparency$7788 ($dffe) from module icebreaker.
Adding SRST signal on $auto$ff.cc:337:slice$7341 ($dffe) from module icebreaker (D = $flatten\soc.\cpu.$procmux$4437_Y, Q = \soc.cpu.mem_valid, rval = 1'0).

7.34.4. Executing OPT_CLEAN pass (remove unused cells and wires).
Finding unused cells or wires in module \icebreaker..
Removed 17 unused cells and 242 unused wires.
<suppressed ~21 debug messages>

7.34.5. Rerunning OPT passes. (Removed registers in this run.)

7.34.6. Executing OPT_EXPR pass (perform const folding).
Optimizing module icebreaker.
<suppressed ~2 debug messages>

7.34.7. Executing OPT_MERGE pass (detect identical cells).
Finding identical cells in module `\icebreaker'.
Computing hashes of 1449 cells of `\icebreaker'.
Finding duplicate cells in `\icebreaker'.
Removed a total of 0 cells.

7.34.8. Executing OPT_DFF pass (perform DFF optimizations).
Adding EN signal on $flatten\soc.\cpu.$procdff$5593 ($dff) from module icebreaker (D = $flatten\soc.\cpu.$0\reg_sh[4:0] [1:0], Q = \soc.cpu.reg_sh [1:0]).
Setting constant 1-bit at position 0 on $flatten\soc.\cpu.\genblk1.pcpi_mul.$procdff$5562 ($dff) from module icebreaker.
Setting constant 1-bit at position 1 on $flatten\soc.\cpu.\genblk1.pcpi_mul.$procdff$5562 ($dff) from module icebreaker.
Setting constant 1-bit at position 2 on $flatten\soc.\cpu.\genblk1.pcpi_mul.$procdff$5562 ($dff) from module icebreaker.
Setting constant 1-bit at position 3 on $flatten\soc.\cpu.\genblk1.pcpi_mul.$procdff$5562 ($dff) from module icebreaker.
Setting constant 1-bit at position 4 on $flatten\soc.\cpu.\genblk1.pcpi_mul.$procdff$5562 ($dff) from module icebreaker.
Setting constant 1-bit at position 5 on $flatten\soc.\cpu.\genblk1.pcpi_mul.$procdff$5562 ($dff) from module icebreaker.
Setting constant 1-bit at position 6 on $flatten\soc.\cpu.\genblk1.pcpi_mul.$procdff$5562 ($dff) from module icebreaker.
Setting constant 1-bit at position 7 on $flatten\soc.\cpu.\genblk1.pcpi_mul.$procdff$5562 ($dff) from module icebreaker.
Setting constant 1-bit at position 8 on $flatten\soc.\cpu.\genblk1.pcpi_mul.$procdff$5562 ($dff) from module icebreaker.
Setting constant 1-bit at position 9 on $flatten\soc.\cpu.\genblk1.pcpi_mul.$procdff$5562 ($dff) from module icebreaker.
Setting constant 1-bit at position 10 on $flatten\soc.\cpu.\genblk1.pcpi_mul.$procdff$5562 ($dff) from module icebreaker.
Setting constant 1-bit at position 11 on $flatten\soc.\cpu.\genblk1.pcpi_mul.$procdff$5562 ($dff) from module icebreaker.
Setting constant 1-bit at position 12 on $flatten\soc.\cpu.\genblk1.pcpi_mul.$procdff$5562 ($dff) from module icebreaker.
Setting constant 1-bit at position 13 on $flatten\soc.\cpu.\genblk1.pcpi_mul.$procdff$5562 ($dff) from module icebreaker.
Setting constant 1-bit at position 14 on $flatten\soc.\cpu.\genblk1.pcpi_mul.$procdff$5562 ($dff) from module icebreaker.
Setting constant 1-bit at position 15 on $flatten\soc.\cpu.\genblk1.pcpi_mul.$procdff$5562 ($dff) from module icebreaker.

7.34.9. Executing OPT_CLEAN pass (remove unused cells and wires).
Finding unused cells or wires in module \icebreaker..
Removed 0 unused cells and 2 unused wires.
<suppressed ~1 debug messages>

7.34.10. Rerunning OPT passes. (Removed registers in this run.)

7.34.11. Executing OPT_EXPR pass (perform const folding).
Optimizing module icebreaker.

7.34.12. Executing OPT_MERGE pass (detect identical cells).
Finding identical cells in module `\icebreaker'.
Computing hashes of 1451 cells of `\icebreaker'.
Finding duplicate cells in `\icebreaker'.
Removed a total of 0 cells.

7.34.13. Executing OPT_DFF pass (perform DFF optimizations).

7.34.14. Executing OPT_CLEAN pass (remove unused cells and wires).
Finding unused cells or wires in module \icebreaker..

7.34.15. Finished fast OPT passes.

7.35. Executing MEMORY_MAP pass (converting memories to logic and flip-flops).
Mapping memory \soc.spimem_cache.cache_valid in module \icebreaker:
  created 8 $dff cells and 0 static cells of width 1.
  read interface: 0 $dff and 0 $mux cells.
  write interface: 24 write mux blocks.
Mapping memory \soc.spimem_cache.cache_data in module \icebreaker:
  created 8 $dff cells and 0 static cells of width 32.
  read interface: 0 $dff and 1 $mux cells.
  write interface: 8 write mux blocks.
Mapping memory \soc.spimem_cache.cache_addr in module \icebreaker:
  created 8 $dff cells and 0 static cells of width 24.
  read interface: 0 $dff and 1 $mux cells.
  write interface: 8 write mux blocks.
Mapping memory $flatten\seven_segment_ctrl.\lsb_nibble.$auto$proc_rom.cc:155:do_switch$1439 in module \icebreaker:
  created 16 $dff cells and 0 static cells of width 7.
Extracted data FF from read port 0 of icebreaker.$flatten\seven_segment_ctrl.\lsb_nibble.$auto$proc_rom.cc:155:do_switch$1439: $$flatten\seven_segment_ctrl.\lsb_nibble.$auto$proc_rom.cc:155:do_switch$1439$rdreg[0]
  read interface: 1 $dff and 15 $mux cells.
  write interface: 0 write mux blocks.
Mapping memory $flatten\seven_segment_ctrl.\msb_nibble.$auto$proc_rom.cc:155:do_switch$1439 in module \icebreaker:
  created 16 $dff cells and 0 static cells of width 7.
Extracted data FF from read port 0 of icebreaker.$flatten\seven_segment_ctrl.\msb_nibble.$auto$proc_rom.cc:155:do_switch$1439: $$flatten\seven_segment_ctrl.\msb_nibble.$auto$proc_rom.cc:155:do_switch$1439$rdreg[0]
  read interface: 1 $dff and 15 $mux cells.
  write interface: 0 write mux blocks.

7.36. Executing OPT pass (performing simple optimizations).

7.36.1. Executing OPT_EXPR pass (perform const folding).
Optimizing module icebreaker.
<suppressed ~43 debug messages>

7.36.2. Executing OPT_MERGE pass (detect identical cells).
Finding identical cells in module `\icebreaker'.
Computing hashes of 1573 cells of `\icebreaker'.
Finding duplicate cells in `\icebreaker'.
Computing hashes of 1557 cells of `\icebreaker'.
Finding duplicate cells in `\icebreaker'.
<suppressed ~48 debug messages>
Removed a total of 16 cells.

7.36.3. Executing OPT_MUXTREE pass (detect dead branches in mux trees).
Running muxtree optimizer on module \icebreaker..
  Creating internal representation of mux trees.
  Evaluating internal representation of mux trees.
  Analyzing evaluation results.
    dead port 1/2 on $mux $flatten\soc.\spimem_cache.$procmux$4960.
    dead port 2/2 on $mux $flatten\soc.\spimem_cache.$procmux$4960.
Removed 2 multiplexer ports.
<suppressed ~559 debug messages>

7.36.4. Executing OPT_REDUCE pass (consolidate $*mux and $reduce_* inputs).
  Optimizing cells in module \icebreaker.
    New input vector for $reduce_and cell $auto$opt_dff.cc:252:make_patterns_logic$7958: { $flatten\soc.\spimemio.$logic_and$spimemio.v:224$539_Y $auto$rtlil.cc:3197:Not$6945 $auto$opt_dff.cc:234:make_patterns_logic$7955 }
    Consolidated identical input bits for $mux cell $memory$flatten\seven_segment_ctrl.\lsb_nibble.$auto$proc_rom.cc:155:do_switch$1439$rdmux[0][3][5]$8259:
      Old ports: A=7'1110111, B=7'1111100, Y=$memory$flatten\seven_segment_ctrl.\lsb_nibble.$auto$proc_rom.cc:155:do_switch$1439$rdmux[0][2][2]$b$8240
      New ports: A=2'01, B=2'10, Y={ $memory$flatten\seven_segment_ctrl.\lsb_nibble.$auto$proc_rom.cc:155:do_switch$1439$rdmux[0][2][2]$b$8240 [3] $memory$flatten\seven_segment_ctrl.\lsb_nibble.$auto$proc_rom.cc:155:do_switch$1439$rdmux[0][2][2]$b$8240 [0] }
      New connections: { $memory$flatten\seven_segment_ctrl.\lsb_nibble.$auto$proc_rom.cc:155:do_switch$1439$rdmux[0][2][2]$b$8240 [6:4] $memory$flatten\seven_segment_ctrl.\lsb_nibble.$auto$proc_rom.cc:155:do_switch$1439$rdmux[0][2][2]$b$8240 [2:1] } = { 4'1111 $memory$flatten\seven_segment_ctrl.\lsb_nibble.$auto$proc_rom.cc:155:do_switch$1439$rdmux[0][2][2]$b$8240 [0] }
    Consolidated identical input bits for $mux cell $memory$flatten\seven_segment_ctrl.\lsb_nibble.$auto$proc_rom.cc:155:do_switch$1439$rdmux[0][3][6]$8262:
      Old ports: A=7'0111001, B=7'1011110, Y=$memory$flatten\seven_segment_ctrl.\lsb_nibble.$auto$proc_rom.cc:155:do_switch$1439$rdmux[0][2][3]$a$8242
      New ports: A=2'01, B=2'10, Y=$memory$flatten\seven_segment_ctrl.\lsb_nibble.$auto$proc_rom.cc:155:do_switch$1439$rdmux[0][2][3]$a$8242 [1:0]
      New connections: $memory$flatten\seven_segment_ctrl.\lsb_nibble.$auto$proc_rom.cc:155:do_switch$1439$rdmux[0][2][3]$a$8242 [6:2] = { $memory$flatten\seven_segment_ctrl.\lsb_nibble.$auto$proc_rom.cc:155:do_switch$1439$rdmux[0][2][3]$a$8242 [1:0] 2'11 $memory$flatten\seven_segment_ctrl.\lsb_nibble.$auto$proc_rom.cc:155:do_switch$1439$rdmux[0][2][3]$a$8242 [1] }
    Consolidated identical input bits for $mux cell $memory$flatten\seven_segment_ctrl.\msb_nibble.$auto$proc_rom.cc:155:do_switch$1439$rdmux[0][3][6]$8307:
      Old ports: A=7'0111001, B=7'1011110, Y=$memory$flatten\seven_segment_ctrl.\msb_nibble.$auto$proc_rom.cc:155:do_switch$1439$rdmux[0][2][3]$a$8287
      New ports: A=2'01, B=2'10, Y=$memory$flatten\seven_segment_ctrl.\msb_nibble.$auto$proc_rom.cc:155:do_switch$1439$rdmux[0][2][3]$a$8287 [1:0]
      New connections: $memory$flatten\seven_segment_ctrl.\msb_nibble.$auto$proc_rom.cc:155:do_switch$1439$rdmux[0][2][3]$a$8287 [6:2] = { $memory$flatten\seven_segment_ctrl.\msb_nibble.$auto$proc_rom.cc:155:do_switch$1439$rdmux[0][2][3]$a$8287 [1:0] 2'11 $memory$flatten\seven_segment_ctrl.\msb_nibble.$auto$proc_rom.cc:155:do_switch$1439$rdmux[0][2][3]$a$8287 [1] }
    Consolidated identical input bits for $mux cell $memory$flatten\seven_segment_ctrl.\lsb_nibble.$auto$proc_rom.cc:155:do_switch$1439$rdmux[0][3][2]$8250:
      Old ports: A=7'1100110, B=7'1101101, Y=$memory$flatten\seven_segment_ctrl.\lsb_nibble.$auto$proc_rom.cc:155:do_switch$1439$rdmux[0][2][1]$a$8236
      New ports: A=2'10, B=2'01, Y=$memory$flatten\seven_segment_ctrl.\lsb_nibble.$auto$proc_rom.cc:155:do_switch$1439$rdmux[0][2][1]$a$8236 [1:0]
      New connections: $memory$flatten\seven_segment_ctrl.\lsb_nibble.$auto$proc_rom.cc:155:do_switch$1439$rdmux[0][2][1]$a$8236 [6:2] = { 3'110 $memory$flatten\seven_segment_ctrl.\lsb_nibble.$auto$proc_rom.cc:155:do_switch$1439$rdmux[0][2][1]$a$8236 [0] 1'1 }
    Consolidated identical input bits for $mux cell $memory$flatten\seven_segment_ctrl.\lsb_nibble.$auto$proc_rom.cc:155:do_switch$1439$rdmux[0][3][4]$8256:
      Old ports: A=7'1111111, B=7'1101111, Y=$memory$flatten\seven_segment_ctrl.\lsb_nibble.$auto$proc_rom.cc:155:do_switch$1439$rdmux[0][2][2]$a$8239
      New ports: A=1'1, B=1'0, Y=$memory$flatten\seven_segment_ctrl.\lsb_nibble.$auto$proc_rom.cc:155:do_switch$1439$rdmux[0][2][2]$a$8239 [4]
      New connections: { $memory$flatten\seven_segment_ctrl.\lsb_nibble.$auto$proc_rom.cc:155:do_switch$1439$rdmux[0][2][2]$a$8239 [6:5] $memory$flatten\seven_segment_ctrl.\lsb_nibble.$auto$proc_rom.cc:155:do_switch$1439$rdmux[0][2][2]$a$8239 [3:0] } = 6'111111
    Consolidated identical input bits for $mux cell $memory$flatten\seven_segment_ctrl.\msb_nibble.$auto$proc_rom.cc:155:do_switch$1439$rdmux[0][3][3]$8298:
      Old ports: A=7'1111101, B=7'0000111, Y=$memory$flatten\seven_segment_ctrl.\msb_nibble.$auto$proc_rom.cc:155:do_switch$1439$rdmux[0][2][1]$b$8282
      New ports: A=2'10, B=2'01, Y={ $memory$flatten\seven_segment_ctrl.\msb_nibble.$auto$proc_rom.cc:155:do_switch$1439$rdmux[0][2][1]$b$8282 [3] $memory$flatten\seven_segment_ctrl.\msb_nibble.$auto$proc_rom.cc:155:do_switch$1439$rdmux[0][2][1]$b$8282 [1] }
      New connections: { $memory$flatten\seven_segment_ctrl.\msb_nibble.$auto$proc_rom.cc:155:do_switch$1439$rdmux[0][2][1]$b$8282 [6:4] $memory$flatten\seven_segment_ctrl.\msb_nibble.$auto$proc_rom.cc:155:do_switch$1439$rdmux[0][2][1]$b$8282 [2] $memory$flatten\seven_segment_ctrl.\msb_nibble.$auto$proc_rom.cc:155:do_switch$1439$rdmux[0][2][1]$b$8282 [0] } = { $memory$flatten\seven_segment_ctrl.\msb_nibble.$auto$proc_rom.cc:155:do_switch$1439$rdmux[0][2][1]$b$8282 [3] $memory$flatten\seven_segment_ctrl.\msb_nibble.$auto$proc_rom.cc:155:do_switch$1439$rdmux[0][2][1]$b$8282 [3] $memory$flatten\seven_segment_ctrl.\msb_nibble.$auto$proc_rom.cc:155:do_switch$1439$rdmux[0][2][1]$b$8282 [3] 2'11 }
    Consolidated identical input bits for $mux cell $memory$flatten\seven_segment_ctrl.\lsb_nibble.$auto$proc_rom.cc:155:do_switch$1439$rdmux[0][3][3]$8253:
      Old ports: A=7'1111101, B=7'0000111, Y=$memory$flatten\seven_segment_ctrl.\lsb_nibble.$auto$proc_rom.cc:155:do_switch$1439$rdmux[0][2][1]$b$8237
      New ports: A=2'10, B=2'01, Y={ $memory$flatten\seven_segment_ctrl.\lsb_nibble.$auto$proc_rom.cc:155:do_switch$1439$rdmux[0][2][1]$b$8237 [3] $memory$flatten\seven_segment_ctrl.\lsb_nibble.$auto$proc_rom.cc:155:do_switch$1439$rdmux[0][2][1]$b$8237 [1] }
      New connections: { $memory$flatten\seven_segment_ctrl.\lsb_nibble.$auto$proc_rom.cc:155:do_switch$1439$rdmux[0][2][1]$b$8237 [6:4] $memory$flatten\seven_segment_ctrl.\lsb_nibble.$auto$proc_rom.cc:155:do_switch$1439$rdmux[0][2][1]$b$8237 [2] $memory$flatten\seven_segment_ctrl.\lsb_nibble.$auto$proc_rom.cc:155:do_switch$1439$rdmux[0][2][1]$b$8237 [0] } = { $memory$flatten\seven_segment_ctrl.\lsb_nibble.$auto$proc_rom.cc:155:do_switch$1439$rdmux[0][2][1]$b$8237 [3] $memory$flatten\seven_segment_ctrl.\lsb_nibble.$auto$proc_rom.cc:155:do_switch$1439$rdmux[0][2][1]$b$8237 [3] $memory$flatten\seven_segment_ctrl.\lsb_nibble.$auto$proc_rom.cc:155:do_switch$1439$rdmux[0][2][1]$b$8237 [3] 2'11 }
    Consolidated identical input bits for $mux cell $memory$flatten\seven_segment_ctrl.\lsb_nibble.$auto$proc_rom.cc:155:do_switch$1439$rdmux[0][3][1]$8247:
      Old ports: A=7'1011011, B=7'1001111, Y=$memory$flatten\seven_segment_ctrl.\lsb_nibble.$auto$proc_rom.cc:155:do_switch$1439$rdmux[0][2][0]$b$8234
      New ports: A=2'10, B=2'01, Y={ $memory$flatten\seven_segment_ctrl.\lsb_nibble.$auto$proc_rom.cc:155:do_switch$1439$rdmux[0][2][0]$b$8234 [4] $memory$flatten\seven_segment_ctrl.\lsb_nibble.$auto$proc_rom.cc:155:do_switch$1439$rdmux[0][2][0]$b$8234 [2] }
      New connections: { $memory$flatten\seven_segment_ctrl.\lsb_nibble.$auto$proc_rom.cc:155:do_switch$1439$rdmux[0][2][0]$b$8234 [6:5] $memory$flatten\seven_segment_ctrl.\lsb_nibble.$auto$proc_rom.cc:155:do_switch$1439$rdmux[0][2][0]$b$8234 [3] $memory$flatten\seven_segment_ctrl.\lsb_nibble.$auto$proc_rom.cc:155:do_switch$1439$rdmux[0][2][0]$b$8234 [1:0] } = 5'10111
    Consolidated identical input bits for $mux cell $memory$flatten\seven_segment_ctrl.\lsb_nibble.$auto$proc_rom.cc:155:do_switch$1439$rdmux[0][3][0]$8244:
      Old ports: A=7'0111111, B=7'0000110, Y=$memory$flatten\seven_segment_ctrl.\lsb_nibble.$auto$proc_rom.cc:155:do_switch$1439$rdmux[0][2][0]$a$8233
      New ports: A=1'1, B=1'0, Y=$memory$flatten\seven_segment_ctrl.\lsb_nibble.$auto$proc_rom.cc:155:do_switch$1439$rdmux[0][2][0]$a$8233 [0]
      New connections: $memory$flatten\seven_segment_ctrl.\lsb_nibble.$auto$proc_rom.cc:155:do_switch$1439$rdmux[0][2][0]$a$8233 [6:1] = { 1'0 $memory$flatten\seven_segment_ctrl.\lsb_nibble.$auto$proc_rom.cc:155:do_switch$1439$rdmux[0][2][0]$a$8233 [0] $memory$flatten\seven_segment_ctrl.\lsb_nibble.$auto$proc_rom.cc:155:do_switch$1439$rdmux[0][2][0]$a$8233 [0] $memory$flatten\seven_segment_ctrl.\lsb_nibble.$auto$proc_rom.cc:155:do_switch$1439$rdmux[0][2][0]$a$8233 [0] 2'11 }
    Consolidated identical input bits for $mux cell $memory$flatten\seven_segment_ctrl.\msb_nibble.$auto$proc_rom.cc:155:do_switch$1439$rdmux[0][3][5]$8304:
      Old ports: A=7'1110111, B=7'1111100, Y=$memory$flatten\seven_segment_ctrl.\msb_nibble.$auto$proc_rom.cc:155:do_switch$1439$rdmux[0][2][2]$b$8285
      New ports: A=2'01, B=2'10, Y={ $memory$flatten\seven_segment_ctrl.\msb_nibble.$auto$proc_rom.cc:155:do_switch$1439$rdmux[0][2][2]$b$8285 [3] $memory$flatten\seven_segment_ctrl.\msb_nibble.$auto$proc_rom.cc:155:do_switch$1439$rdmux[0][2][2]$b$8285 [0] }
      New connections: { $memory$flatten\seven_segment_ctrl.\msb_nibble.$auto$proc_rom.cc:155:do_switch$1439$rdmux[0][2][2]$b$8285 [6:4] $memory$flatten\seven_segment_ctrl.\msb_nibble.$auto$proc_rom.cc:155:do_switch$1439$rdmux[0][2][2]$b$8285 [2:1] } = { 4'1111 $memory$flatten\seven_segment_ctrl.\msb_nibble.$auto$proc_rom.cc:155:do_switch$1439$rdmux[0][2][2]$b$8285 [0] }
    Consolidated identical input bits for $mux cell $memory$flatten\seven_segment_ctrl.\msb_nibble.$auto$proc_rom.cc:155:do_switch$1439$rdmux[0][3][0]$8289:
      Old ports: A=7'0111111, B=7'0000110, Y=$memory$flatten\seven_segment_ctrl.\msb_nibble.$auto$proc_rom.cc:155:do_switch$1439$rdmux[0][2][0]$a$8278
      New ports: A=1'1, B=1'0, Y=$memory$flatten\seven_segment_ctrl.\msb_nibble.$auto$proc_rom.cc:155:do_switch$1439$rdmux[0][2][0]$a$8278 [0]
      New connections: $memory$flatten\seven_segment_ctrl.\msb_nibble.$auto$proc_rom.cc:155:do_switch$1439$rdmux[0][2][0]$a$8278 [6:1] = { 1'0 $memory$flatten\seven_segment_ctrl.\msb_nibble.$auto$proc_rom.cc:155:do_switch$1439$rdmux[0][2][0]$a$8278 [0] $memory$flatten\seven_segment_ctrl.\msb_nibble.$auto$proc_rom.cc:155:do_switch$1439$rdmux[0][2][0]$a$8278 [0] $memory$flatten\seven_segment_ctrl.\msb_nibble.$auto$proc_rom.cc:155:do_switch$1439$rdmux[0][2][0]$a$8278 [0] 2'11 }
    Consolidated identical input bits for $mux cell $memory$flatten\seven_segment_ctrl.\msb_nibble.$auto$proc_rom.cc:155:do_switch$1439$rdmux[0][3][4]$8301:
      Old ports: A=7'1111111, B=7'1101111, Y=$memory$flatten\seven_segment_ctrl.\msb_nibble.$auto$proc_rom.cc:155:do_switch$1439$rdmux[0][2][2]$a$8284
      New ports: A=1'1, B=1'0, Y=$memory$flatten\seven_segment_ctrl.\msb_nibble.$auto$proc_rom.cc:155:do_switch$1439$rdmux[0][2][2]$a$8284 [4]
      New connections: { $memory$flatten\seven_segment_ctrl.\msb_nibble.$auto$proc_rom.cc:155:do_switch$1439$rdmux[0][2][2]$a$8284 [6:5] $memory$flatten\seven_segment_ctrl.\msb_nibble.$auto$proc_rom.cc:155:do_switch$1439$rdmux[0][2][2]$a$8284 [3:0] } = 6'111111
    Consolidated identical input bits for $mux cell $memory$flatten\seven_segment_ctrl.\msb_nibble.$auto$proc_rom.cc:155:do_switch$1439$rdmux[0][3][2]$8295:
      Old ports: A=7'1100110, B=7'1101101, Y=$memory$flatten\seven_segment_ctrl.\msb_nibble.$auto$proc_rom.cc:155:do_switch$1439$rdmux[0][2][1]$a$8281
      New ports: A=2'10, B=2'01, Y=$memory$flatten\seven_segment_ctrl.\msb_nibble.$auto$proc_rom.cc:155:do_switch$1439$rdmux[0][2][1]$a$8281 [1:0]
      New connections: $memory$flatten\seven_segment_ctrl.\msb_nibble.$auto$proc_rom.cc:155:do_switch$1439$rdmux[0][2][1]$a$8281 [6:2] = { 3'110 $memory$flatten\seven_segment_ctrl.\msb_nibble.$auto$proc_rom.cc:155:do_switch$1439$rdmux[0][2][1]$a$8281 [0] 1'1 }
    Consolidated identical input bits for $mux cell $memory$flatten\seven_segment_ctrl.\msb_nibble.$auto$proc_rom.cc:155:do_switch$1439$rdmux[0][3][1]$8292:
      Old ports: A=7'1011011, B=7'1001111, Y=$memory$flatten\seven_segment_ctrl.\msb_nibble.$auto$proc_rom.cc:155:do_switch$1439$rdmux[0][2][0]$b$8279
      New ports: A=2'10, B=2'01, Y={ $memory$flatten\seven_segment_ctrl.\msb_nibble.$auto$proc_rom.cc:155:do_switch$1439$rdmux[0][2][0]$b$8279 [4] $memory$flatten\seven_segment_ctrl.\msb_nibble.$auto$proc_rom.cc:155:do_switch$1439$rdmux[0][2][0]$b$8279 [2] }
      New connections: { $memory$flatten\seven_segment_ctrl.\msb_nibble.$auto$proc_rom.cc:155:do_switch$1439$rdmux[0][2][0]$b$8279 [6:5] $memory$flatten\seven_segment_ctrl.\msb_nibble.$auto$proc_rom.cc:155:do_switch$1439$rdmux[0][2][0]$b$8279 [3] $memory$flatten\seven_segment_ctrl.\msb_nibble.$auto$proc_rom.cc:155:do_switch$1439$rdmux[0][2][0]$b$8279 [1:0] } = 5'10111
    Consolidated identical input bits for $mux cell $flatten\soc.\cpu.$ternary$../picorv32.v:1546$1218:
      Old ports: A=3'011, B=3'100, Y=$auto$wreduce.cc:514:run$7388 [2:0]
      New ports: A=2'01, B=2'10, Y={ $auto$wreduce.cc:514:run$7388 [2] $auto$wreduce.cc:514:run$7388 [0] }
      New connections: $auto$wreduce.cc:514:run$7388 [1] = $auto$wreduce.cc:514:run$7388 [0]
    Consolidated identical input bits for $mux cell $flatten\soc.\cpu.$ternary$../picorv32.v:1541$1216:
      Old ports: A=2'00, B=2'10, Y=$flatten\soc.\cpu.$ternary$../picorv32.v:1541$1216_Y
      New ports: A=1'0, B=1'1, Y=$flatten\soc.\cpu.$ternary$../picorv32.v:1541$1216_Y [1]
      New connections: $flatten\soc.\cpu.$ternary$../picorv32.v:1541$1216_Y [0] = 1'0
    New ctrl vector for $pmux cell $flatten\soc.\cpu.$procmux$3137: { $auto$opt_reduce.cc:137:opt_pmux$8314 $auto$opt_reduce.cc:137:opt_pmux$5827 }
    Consolidated identical input bits for $pmux cell $flatten\soc.\cpu.$procmux$2571:
      Old ports: A=\soc.cpu.mem_rdata_word, B={ \soc.cpu.mem_rdata_word [15] \soc.cpu.mem_rdata_word [15] \soc.cpu.mem_rdata_word [15] \soc.cpu.mem_rdata_word [15] \soc.cpu.mem_rdata_word [15] \soc.cpu.mem_rdata_word [15] \soc.cpu.mem_rdata_word [15] \soc.cpu.mem_rdata_word [15] \soc.cpu.mem_rdata_word [15] \soc.cpu.mem_rdata_word [15] \soc.cpu.mem_rdata_word [15] \soc.cpu.mem_rdata_word [15] \soc.cpu.mem_rdata_word [15] \soc.cpu.mem_rdata_word [15] \soc.cpu.mem_rdata_word [15] \soc.cpu.mem_rdata_word [15] \soc.cpu.mem_rdata_word [15:0] \soc.cpu.mem_rdata_word [7] \soc.cpu.mem_rdata_word [7] \soc.cpu.mem_rdata_word [7] \soc.cpu.mem_rdata_word [7] \soc.cpu.mem_rdata_word [7] \soc.cpu.mem_rdata_word [7] \soc.cpu.mem_rdata_word [7] \soc.cpu.mem_rdata_word [7] \soc.cpu.mem_rdata_word [7] \soc.cpu.mem_rdata_word [7] \soc.cpu.mem_rdata_word [7] \soc.cpu.mem_rdata_word [7] \soc.cpu.mem_rdata_word [7] \soc.cpu.mem_rdata_word [7] \soc.cpu.mem_rdata_word [7] \soc.cpu.mem_rdata_word [7] \soc.cpu.mem_rdata_word [7] \soc.cpu.mem_rdata_word [7] \soc.cpu.mem_rdata_word [7] \soc.cpu.mem_rdata_word [7] \soc.cpu.mem_rdata_word [7] \soc.cpu.mem_rdata_word [7] \soc.cpu.mem_rdata_word [7] \soc.cpu.mem_rdata_word [7] \soc.cpu.mem_rdata_word [7:0] }, Y=$flatten\soc.\cpu.$procmux$2571_Y
      New ports: A=\soc.cpu.mem_rdata_word [31:8], B={ \soc.cpu.mem_rdata_word [15] \soc.cpu.mem_rdata_word [15] \soc.cpu.mem_rdata_word [15] \soc.cpu.mem_rdata_word [15] \soc.cpu.mem_rdata_word [15] \soc.cpu.mem_rdata_word [15] \soc.cpu.mem_rdata_word [15] \soc.cpu.mem_rdata_word [15] \soc.cpu.mem_rdata_word [15] \soc.cpu.mem_rdata_word [15] \soc.cpu.mem_rdata_word [15] \soc.cpu.mem_rdata_word [15] \soc.cpu.mem_rdata_word [15] \soc.cpu.mem_rdata_word [15] \soc.cpu.mem_rdata_word [15] \soc.cpu.mem_rdata_word [15] \soc.cpu.mem_rdata_word [15:7] \soc.cpu.mem_rdata_word [7] \soc.cpu.mem_rdata_word [7] \soc.cpu.mem_rdata_word [7] \soc.cpu.mem_rdata_word [7] \soc.cpu.mem_rdata_word [7] \soc.cpu.mem_rdata_word [7] \soc.cpu.mem_rdata_word [7] \soc.cpu.mem_rdata_word [7] \soc.cpu.mem_rdata_word [7] \soc.cpu.mem_rdata_word [7] \soc.cpu.mem_rdata_word [7] \soc.cpu.mem_rdata_word [7] \soc.cpu.mem_rdata_word [7] \soc.cpu.mem_rdata_word [7] \soc.cpu.mem_rdata_word [7] \soc.cpu.mem_rdata_word [7] \soc.cpu.mem_rdata_word [7] \soc.cpu.mem_rdata_word [7] \soc.cpu.mem_rdata_word [7] \soc.cpu.mem_rdata_word [7] \soc.cpu.mem_rdata_word [7] \soc.cpu.mem_rdata_word [7] \soc.cpu.mem_rdata_word [7] }, Y=$flatten\soc.\cpu.$procmux$2571_Y [31:8]
      New connections: $flatten\soc.\cpu.$procmux$2571_Y [7:0] = \soc.cpu.mem_rdata_word [7:0]
    Consolidated identical input bits for $mux cell $flatten\soc.\cpu.$procmux$3401:
      Old ports: A={ $flatten\soc.\cpu.$3\current_pc[31:0] [31:2] $auto$alumacc.cc:528:replace_alu$7627 [1:0] }, B={ $flatten\soc.\cpu.$add$../picorv32.v:1552$1224_Y [31:2] $auto$alumacc.cc:528:replace_alu$7627 [1:0] }, Y=$flatten\soc.\cpu.$procmux$3401_Y
      New ports: A=$flatten\soc.\cpu.$3\current_pc[31:0] [31:2], B=$flatten\soc.\cpu.$add$../picorv32.v:1552$1224_Y [31:2], Y=$flatten\soc.\cpu.$procmux$3401_Y [31:2]
      New connections: $flatten\soc.\cpu.$procmux$3401_Y [1:0] = $auto$alumacc.cc:528:replace_alu$7627 [1:0]
    Consolidated identical input bits for $mux cell $flatten\soc.\cpu.$procmux$3395:
      Old ports: A={ $flatten\soc.\cpu.$add$../picorv32.v:1552$1224_Y [31:2] $auto$alumacc.cc:528:replace_alu$7627 [1:0] }, B={ $flatten\soc.\cpu.$add$../picorv32.v:1569$1228_Y [31:1] $auto$alumacc.cc:528:replace_alu$7627 [0] }, Y=$flatten\soc.\cpu.$procmux$3395_Y
      New ports: A={ $flatten\soc.\cpu.$add$../picorv32.v:1552$1224_Y [31:2] $auto$alumacc.cc:528:replace_alu$7627 [1] }, B=$flatten\soc.\cpu.$add$../picorv32.v:1569$1228_Y [31:1], Y=$flatten\soc.\cpu.$procmux$3395_Y [31:1]
      New connections: $flatten\soc.\cpu.$procmux$3395_Y [0] = $auto$alumacc.cc:528:replace_alu$7627 [0]
    Consolidated identical input bits for $mux cell $flatten\soc.\cpu.$ternary$../picorv32.v:617$824:
      Old ports: A=2'11, B=2'00, Y=$flatten\soc.\cpu.$procmux$4385_Y
      New ports: A=1'1, B=1'0, Y=$flatten\soc.\cpu.$procmux$4385_Y [0]
      New connections: $flatten\soc.\cpu.$procmux$4385_Y [1] = $flatten\soc.\cpu.$procmux$4385_Y [0]
    Consolidated identical input bits for $mux cell $flatten\soc.\cpu.$ternary$../picorv32.v:411$764:
      Old ports: A=4'0011, B=4'1100, Y=$flatten\soc.\cpu.$ternary$../picorv32.v:411$764_Y
      New ports: A=2'01, B=2'10, Y={ $flatten\soc.\cpu.$ternary$../picorv32.v:411$764_Y [2] $flatten\soc.\cpu.$ternary$../picorv32.v:411$764_Y [0] }
      New connections: { $flatten\soc.\cpu.$ternary$../picorv32.v:411$764_Y [3] $flatten\soc.\cpu.$ternary$../picorv32.v:411$764_Y [1] } = { $flatten\soc.\cpu.$ternary$../picorv32.v:411$764_Y [2] $flatten\soc.\cpu.$ternary$../picorv32.v:411$764_Y [0] }
    Consolidated identical input bits for $mux cell $flatten\soc.\cpu.$ternary$../picorv32.v:382$749:
      Old ports: A={ \soc.cpu.reg_op1 [31:2] 2'00 }, B={ \soc.cpu.next_pc [31:2] 2'00 }, Y=\soc.cpu.mem_la_addr
      New ports: A=\soc.cpu.reg_op1 [31:2], B=\soc.cpu.next_pc [31:2], Y=\soc.cpu.mem_la_addr [31:2]
      New connections: \soc.cpu.mem_la_addr [1:0] = 2'00
    Consolidated identical input bits for $pmux cell $flatten\soc.\cpu.$procmux$4698:
      Old ports: A=\soc.cpu.reg_op2, B={ \soc.cpu.reg_op2 [15:0] \soc.cpu.reg_op2 [15:0] \soc.cpu.reg_op2 [7:0] \soc.cpu.reg_op2 [7:0] \soc.cpu.reg_op2 [7:0] \soc.cpu.reg_op2 [7:0] }, Y=\soc.cpu.mem_la_wdata
      New ports: A=\soc.cpu.reg_op2 [31:8], B={ \soc.cpu.reg_op2 [15:0] \soc.cpu.reg_op2 [15:0] \soc.cpu.reg_op2 [7:0] \soc.cpu.reg_op2 [7:0] }, Y=\soc.cpu.mem_la_wdata [31:8]
      New connections: \soc.cpu.mem_la_wdata [7:0] = \soc.cpu.reg_op2 [7:0]
    Consolidated identical input bits for $mux cell $flatten\soc.\spimemio.\xfer.$procmux$1610:
      Old ports: A=\soc.spimemio.xfer.count, B={ $flatten\soc.\spimemio.\xfer.$sub$spimemio.v:524$1389_Y [3:1] \soc.spimemio.xfer.count [0] }, Y=$flatten\soc.\spimemio.\xfer.$5\next_count[3:0]
      New ports: A=\soc.spimemio.xfer.count [3:1], B=$flatten\soc.\spimemio.\xfer.$sub$spimemio.v:524$1389_Y [3:1], Y=$flatten\soc.\spimemio.\xfer.$5\next_count[3:0] [3:1]
      New connections: $flatten\soc.\spimemio.\xfer.$5\next_count[3:0] [0] = \soc.spimemio.xfer.count [0]
    Consolidated identical input bits for $pmux cell $flatten\soc.\cpu.$procmux$4673:
      Old ports: A={ 24'000000000000000000000000 \soc.cpu.mem_rdata [7:0] }, B={ 24'000000000000000000000000 \soc.cpu.mem_rdata [15:8] 24'000000000000000000000000 \soc.cpu.mem_rdata [23:16] 24'000000000000000000000000 \soc.cpu.mem_rdata [31:24] }, Y=$flatten\soc.\cpu.$3\mem_rdata_word[31:0]
      New ports: A=\soc.cpu.mem_rdata [7:0], B={ \soc.cpu.mem_rdata [15:8] \soc.cpu.mem_rdata [23:16] \soc.cpu.mem_rdata [31:24] }, Y=$flatten\soc.\cpu.$3\mem_rdata_word[31:0] [7:0]
      New connections: $flatten\soc.\cpu.$3\mem_rdata_word[31:0] [31:8] = 24'000000000000000000000000
    New ctrl vector for $pmux cell $flatten\soc.\cpu.$procmux$4379: { $flatten\soc.\cpu.$procmux$4389_CMP $auto$opt_reduce.cc:137:opt_pmux$8316 }
    Consolidated identical input bits for $mux cell $flatten\soc.\spimemio.\xfer.$procmux$1651:
      Old ports: A=\soc.spimemio.xfer.count, B={ $flatten\soc.\spimemio.\xfer.$sub$spimemio.v:491$1377_Y [3:2] \soc.spimemio.xfer.count [1:0] }, Y=$flatten\soc.\spimemio.\xfer.$4\next_count[3:0]
      New ports: A=\soc.spimemio.xfer.count [3:2], B=$flatten\soc.\spimemio.\xfer.$sub$spimemio.v:491$1377_Y [3:2], Y=$flatten\soc.\spimemio.\xfer.$4\next_count[3:0] [3:2]
      New connections: $flatten\soc.\spimemio.\xfer.$4\next_count[3:0] [1:0] = \soc.spimemio.xfer.count [1:0]
    New ctrl vector for $pmux cell $flatten\soc.\cpu.$procmux$2827: { \soc.cpu.cpu_state [3] $auto$opt_reduce.cc:137:opt_pmux$8318 }
    Consolidated identical input bits for $mux cell $flatten\soc.\cpu.$procmux$4682:
      Old ports: A={ 16'0000000000000000 \soc.cpu.mem_rdata [15:0] }, B={ 16'0000000000000000 \soc.cpu.mem_rdata [31:16] }, Y=$flatten\soc.\cpu.$2\mem_rdata_word[31:0]
      New ports: A=\soc.cpu.mem_rdata [15:0], B=\soc.cpu.mem_rdata [31:16], Y=$flatten\soc.\cpu.$2\mem_rdata_word[31:0] [15:0]
      New connections: $flatten\soc.\cpu.$2\mem_rdata_word[31:0] [31:16] = 16'0000000000000000
    New ctrl vector for $pmux cell $flatten\soc.\spimemio.\xfer.$procmux$1739: { $flatten\soc.\spimemio.\xfer.$procmux$1617_CMP $auto$opt_reduce.cc:137:opt_pmux$8320 }
    Consolidated identical input bits for $pmux cell $flatten\soc.\spimemio.\xfer.$procmux$1749:
      Old ports: A={ \soc.spimemio.xfer.obuffer [5:0] 2'00 }, B={ \soc.spimemio.xfer.obuffer [6:0] 1'0 \soc.spimemio.xfer.obuffer [3:0] 4'0000 \soc.spimemio.xfer.obuffer [3:0] 4'0000 }, Y=\soc.spimemio.xfer.next_obuffer
      New ports: A={ \soc.spimemio.xfer.obuffer [5:0] 1'0 }, B={ \soc.spimemio.xfer.obuffer [6:0] \soc.spimemio.xfer.obuffer [3:0] 3'000 \soc.spimemio.xfer.obuffer [3:0] 3'000 }, Y=\soc.spimemio.xfer.next_obuffer [7:1]
      New connections: \soc.spimemio.xfer.next_obuffer [0] = 1'0
    New ctrl vector for $pmux cell $flatten\soc.\spimemio.\xfer.$procmux$1749: { $flatten\soc.\spimemio.\xfer.$procmux$1617_CMP $auto$opt_reduce.cc:137:opt_pmux$8322 }
    Consolidated identical input bits for $pmux cell $flatten\soc.\spimemio.$procmux$5323:
      Old ports: A=8'11101101, B=24'111010111011101100000011, Y=$flatten\soc.\spimemio.$procmux$5323_Y
      New ports: A=5'10110, B=15'101010110100001, Y={ $flatten\soc.\spimemio.$procmux$5323_Y [6] $flatten\soc.\spimemio.$procmux$5323_Y [4:1] }
      New connections: { $flatten\soc.\spimemio.$procmux$5323_Y [7] $flatten\soc.\spimemio.$procmux$5323_Y [5] $flatten\soc.\spimemio.$procmux$5323_Y [0] } = { $flatten\soc.\spimemio.$procmux$5323_Y [3] $flatten\soc.\spimemio.$procmux$5323_Y [3] 1'1 }
    Consolidated identical input bits for $pmux cell $flatten\soc.\spimemio.$procmux$5292:
      Old ports: A=4'0000, B=20'00000001001000110100, Y=$flatten\soc.\spimemio.$procmux$5292_Y
      New ports: A=3'000, B=15'000001010011100, Y=$flatten\soc.\spimemio.$procmux$5292_Y [2:0]
      New connections: $flatten\soc.\spimemio.$procmux$5292_Y [3] = 1'0
    New ctrl vector for $pmux cell $flatten\soc.\spimemio.$procmux$5292: { \soc.spimemio.state [8] \soc.spimemio.state [5] \soc.spimemio.state [11] \soc.spimemio.state [3] }
    New ctrl vector for $pmux cell $flatten\soc.\cpu.$procmux$3345: { \soc.cpu.cpu_state [4] $auto$opt_reduce.cc:137:opt_pmux$8324 }
    Consolidated identical input bits for $mux cell $flatten\soc.\spimemio.$ternary$spimemio.v:316$547:
      Old ports: A=7'1111111, B=7'0100101, Y=$auto$wreduce.cc:514:run$7397 [6:0]
      New ports: A=1'1, B=1'0, Y=$auto$wreduce.cc:514:run$7397 [1]
      New connections: { $auto$wreduce.cc:514:run$7397 [6:2] $auto$wreduce.cc:514:run$7397 [0] } = { $auto$wreduce.cc:514:run$7397 [1] 1'1 $auto$wreduce.cc:514:run$7397 [1] $auto$wreduce.cc:514:run$7397 [1] 2'11 }
    Consolidated identical input bits for $mux cell $flatten\soc.\simpleuart.$ternary$simpleuart.v:53$475:
      Old ports: A=32'11111111111111111111111111111111, B={ 24'000000000000000000000000 \soc.simpleuart.recv_buf_data }, Y=\soc.simpleuart_reg_dat_do
      New ports: A=9'111111111, B={ 1'0 \soc.simpleuart.recv_buf_data }, Y=\soc.simpleuart_reg_dat_do [8:0]
      New connections: \soc.simpleuart_reg_dat_do [31:9] = { \soc.simpleuart_reg_dat_do [8] \soc.simpleuart_reg_dat_do [8] \soc.simpleuart_reg_dat_do [8] \soc.simpleuart_reg_dat_do [8] \soc.simpleuart_reg_dat_do [8] \soc.simpleuart_reg_dat_do [8] \soc.simpleuart_reg_dat_do [8] \soc.simpleuart_reg_dat_do [8] \soc.simpleuart_reg_dat_do [8] \soc.simpleuart_reg_dat_do [8] \soc.simpleuart_reg_dat_do [8] \soc.simpleuart_reg_dat_do [8] \soc.simpleuart_reg_dat_do [8] \soc.simpleuart_reg_dat_do [8] \soc.simpleuart_reg_dat_do [8] \soc.simpleuart_reg_dat_do [8] \soc.simpleuart_reg_dat_do [8] \soc.simpleuart_reg_dat_do [8] \soc.simpleuart_reg_dat_do [8] \soc.simpleuart_reg_dat_do [8] \soc.simpleuart_reg_dat_do [8] \soc.simpleuart_reg_dat_do [8] \soc.simpleuart_reg_dat_do [8] }
    Consolidated identical input bits for $mux cell $memory$flatten\seven_segment_ctrl.\lsb_nibble.$auto$proc_rom.cc:155:do_switch$1439$rdmux[0][3][7]$8265:
      Old ports: A=7'1111001, B=7'1110001, Y=$memory$flatten\seven_segment_ctrl.\lsb_nibble.$auto$proc_rom.cc:155:do_switch$1439$rdmux[0][2][3]$b$8243
      New ports: A=1'1, B=1'0, Y=$memory$flatten\seven_segment_ctrl.\lsb_nibble.$auto$proc_rom.cc:155:do_switch$1439$rdmux[0][2][3]$b$8243 [3]
      New connections: { $memory$flatten\seven_segment_ctrl.\lsb_nibble.$auto$proc_rom.cc:155:do_switch$1439$rdmux[0][2][3]$b$8243 [6:4] $memory$flatten\seven_segment_ctrl.\lsb_nibble.$auto$proc_rom.cc:155:do_switch$1439$rdmux[0][2][3]$b$8243 [2:0] } = 6'111001
    Consolidated identical input bits for $mux cell $memory$flatten\seven_segment_ctrl.\msb_nibble.$auto$proc_rom.cc:155:do_switch$1439$rdmux[0][3][7]$8310:
      Old ports: A=7'1111001, B=7'1110001, Y=$memory$flatten\seven_segment_ctrl.\msb_nibble.$auto$proc_rom.cc:155:do_switch$1439$rdmux[0][2][3]$b$8288
      New ports: A=1'1, B=1'0, Y=$memory$flatten\seven_segment_ctrl.\msb_nibble.$auto$proc_rom.cc:155:do_switch$1439$rdmux[0][2][3]$b$8288 [3]
      New connections: { $memory$flatten\seven_segment_ctrl.\msb_nibble.$auto$proc_rom.cc:155:do_switch$1439$rdmux[0][2][3]$b$8288 [6:4] $memory$flatten\seven_segment_ctrl.\msb_nibble.$auto$proc_rom.cc:155:do_switch$1439$rdmux[0][2][3]$b$8288 [2:0] } = 6'111001
    New input vector for $reduce_or cell $auto$opt_reduce.cc:131:opt_pmux$8317: { \soc.cpu.cpu_state [6] \soc.cpu.cpu_state [4] \soc.cpu.cpu_state [2] }
  Optimizing cells in module \icebreaker.
    Consolidated identical input bits for $mux cell $memory$flatten\seven_segment_ctrl.\msb_nibble.$auto$proc_rom.cc:155:do_switch$1439$rdmux[0][2][3]$8286:
      Old ports: A=$memory$flatten\seven_segment_ctrl.\msb_nibble.$auto$proc_rom.cc:155:do_switch$1439$rdmux[0][2][3]$a$8287, B=$memory$flatten\seven_segment_ctrl.\msb_nibble.$auto$proc_rom.cc:155:do_switch$1439$rdmux[0][2][3]$b$8288, Y=$memory$flatten\seven_segment_ctrl.\msb_nibble.$auto$proc_rom.cc:155:do_switch$1439$rdmux[0][1][1]$b$8276
      New ports: A={ $memory$flatten\seven_segment_ctrl.\msb_nibble.$auto$proc_rom.cc:155:do_switch$1439$rdmux[0][2][3]$a$8287 [1] 1'1 $memory$flatten\seven_segment_ctrl.\msb_nibble.$auto$proc_rom.cc:155:do_switch$1439$rdmux[0][2][3]$a$8287 [1:0] }, B={ 1'1 $memory$flatten\seven_segment_ctrl.\msb_nibble.$auto$proc_rom.cc:155:do_switch$1439$rdmux[0][2][3]$b$8288 [3] 2'01 }, Y={ $memory$flatten\seven_segment_ctrl.\msb_nibble.$auto$proc_rom.cc:155:do_switch$1439$rdmux[0][1][1]$b$8276 [6] $memory$flatten\seven_segment_ctrl.\msb_nibble.$auto$proc_rom.cc:155:do_switch$1439$rdmux[0][1][1]$b$8276 [3] $memory$flatten\seven_segment_ctrl.\msb_nibble.$auto$proc_rom.cc:155:do_switch$1439$rdmux[0][1][1]$b$8276 [1:0] }
      New connections: { $memory$flatten\seven_segment_ctrl.\msb_nibble.$auto$proc_rom.cc:155:do_switch$1439$rdmux[0][1][1]$b$8276 [5:4] $memory$flatten\seven_segment_ctrl.\msb_nibble.$auto$proc_rom.cc:155:do_switch$1439$rdmux[0][1][1]$b$8276 [2] } = { $memory$flatten\seven_segment_ctrl.\msb_nibble.$auto$proc_rom.cc:155:do_switch$1439$rdmux[0][1][1]$b$8276 [0] 1'1 $memory$flatten\seven_segment_ctrl.\msb_nibble.$auto$proc_rom.cc:155:do_switch$1439$rdmux[0][1][1]$b$8276 [1] }
    Consolidated identical input bits for $mux cell $memory$flatten\seven_segment_ctrl.\msb_nibble.$auto$proc_rom.cc:155:do_switch$1439$rdmux[0][2][2]$8283:
      Old ports: A=$memory$flatten\seven_segment_ctrl.\msb_nibble.$auto$proc_rom.cc:155:do_switch$1439$rdmux[0][2][2]$a$8284, B=$memory$flatten\seven_segment_ctrl.\msb_nibble.$auto$proc_rom.cc:155:do_switch$1439$rdmux[0][2][2]$b$8285, Y=$memory$flatten\seven_segment_ctrl.\msb_nibble.$auto$proc_rom.cc:155:do_switch$1439$rdmux[0][1][1]$a$8275
      New ports: A={ $memory$flatten\seven_segment_ctrl.\msb_nibble.$auto$proc_rom.cc:155:do_switch$1439$rdmux[0][2][2]$a$8284 [4] 2'11 }, B={ 1'1 $memory$flatten\seven_segment_ctrl.\msb_nibble.$auto$proc_rom.cc:155:do_switch$1439$rdmux[0][2][2]$b$8285 [3] $memory$flatten\seven_segment_ctrl.\msb_nibble.$auto$proc_rom.cc:155:do_switch$1439$rdmux[0][2][2]$b$8285 [0] }, Y={ $memory$flatten\seven_segment_ctrl.\msb_nibble.$auto$proc_rom.cc:155:do_switch$1439$rdmux[0][1][1]$a$8275 [4:3] $memory$flatten\seven_segment_ctrl.\msb_nibble.$auto$proc_rom.cc:155:do_switch$1439$rdmux[0][1][1]$a$8275 [0] }
      New connections: { $memory$flatten\seven_segment_ctrl.\msb_nibble.$auto$proc_rom.cc:155:do_switch$1439$rdmux[0][1][1]$a$8275 [6:5] $memory$flatten\seven_segment_ctrl.\msb_nibble.$auto$proc_rom.cc:155:do_switch$1439$rdmux[0][1][1]$a$8275 [2:1] } = { 3'111 $memory$flatten\seven_segment_ctrl.\msb_nibble.$auto$proc_rom.cc:155:do_switch$1439$rdmux[0][1][1]$a$8275 [0] }
    Consolidated identical input bits for $mux cell $memory$flatten\seven_segment_ctrl.\msb_nibble.$auto$proc_rom.cc:155:do_switch$1439$rdmux[0][2][0]$8277:
      Old ports: A=$memory$flatten\seven_segment_ctrl.\msb_nibble.$auto$proc_rom.cc:155:do_switch$1439$rdmux[0][2][0]$a$8278, B=$memory$flatten\seven_segment_ctrl.\msb_nibble.$auto$proc_rom.cc:155:do_switch$1439$rdmux[0][2][0]$b$8279, Y=$memory$flatten\seven_segment_ctrl.\msb_nibble.$auto$proc_rom.cc:155:do_switch$1439$rdmux[0][1][0]$a$8272
      New ports: A={ 1'0 $memory$flatten\seven_segment_ctrl.\msb_nibble.$auto$proc_rom.cc:155:do_switch$1439$rdmux[0][2][0]$a$8278 [0] $memory$flatten\seven_segment_ctrl.\msb_nibble.$auto$proc_rom.cc:155:do_switch$1439$rdmux[0][2][0]$a$8278 [0] 1'1 $memory$flatten\seven_segment_ctrl.\msb_nibble.$auto$proc_rom.cc:155:do_switch$1439$rdmux[0][2][0]$a$8278 [0] }, B={ 2'10 $memory$flatten\seven_segment_ctrl.\msb_nibble.$auto$proc_rom.cc:155:do_switch$1439$rdmux[0][2][0]$b$8279 [4] $memory$flatten\seven_segment_ctrl.\msb_nibble.$auto$proc_rom.cc:155:do_switch$1439$rdmux[0][2][0]$b$8279 [2] 1'1 }, Y={ $memory$flatten\seven_segment_ctrl.\msb_nibble.$auto$proc_rom.cc:155:do_switch$1439$rdmux[0][1][0]$a$8272 [6:4] $memory$flatten\seven_segment_ctrl.\msb_nibble.$auto$proc_rom.cc:155:do_switch$1439$rdmux[0][1][0]$a$8272 [2] $memory$flatten\seven_segment_ctrl.\msb_nibble.$auto$proc_rom.cc:155:do_switch$1439$rdmux[0][1][0]$a$8272 [0] }
      New connections: { $memory$flatten\seven_segment_ctrl.\msb_nibble.$auto$proc_rom.cc:155:do_switch$1439$rdmux[0][1][0]$a$8272 [3] $memory$flatten\seven_segment_ctrl.\msb_nibble.$auto$proc_rom.cc:155:do_switch$1439$rdmux[0][1][0]$a$8272 [1] } = { $memory$flatten\seven_segment_ctrl.\msb_nibble.$auto$proc_rom.cc:155:do_switch$1439$rdmux[0][1][0]$a$8272 [0] 1'1 }
    Consolidated identical input bits for $mux cell $memory$flatten\seven_segment_ctrl.\msb_nibble.$auto$proc_rom.cc:155:do_switch$1439$rdmux[0][2][1]$8280:
      Old ports: A=$memory$flatten\seven_segment_ctrl.\msb_nibble.$auto$proc_rom.cc:155:do_switch$1439$rdmux[0][2][1]$a$8281, B=$memory$flatten\seven_segment_ctrl.\msb_nibble.$auto$proc_rom.cc:155:do_switch$1439$rdmux[0][2][1]$b$8282, Y=$memory$flatten\seven_segment_ctrl.\msb_nibble.$auto$proc_rom.cc:155:do_switch$1439$rdmux[0][1][0]$b$8273
      New ports: A={ 2'10 $memory$flatten\seven_segment_ctrl.\msb_nibble.$auto$proc_rom.cc:155:do_switch$1439$rdmux[0][2][1]$a$8281 [0] $memory$flatten\seven_segment_ctrl.\msb_nibble.$auto$proc_rom.cc:155:do_switch$1439$rdmux[0][2][1]$a$8281 [1:0] }, B={ $memory$flatten\seven_segment_ctrl.\msb_nibble.$auto$proc_rom.cc:155:do_switch$1439$rdmux[0][2][1]$b$8282 [3] $memory$flatten\seven_segment_ctrl.\msb_nibble.$auto$proc_rom.cc:155:do_switch$1439$rdmux[0][2][1]$b$8282 [3] $memory$flatten\seven_segment_ctrl.\msb_nibble.$auto$proc_rom.cc:155:do_switch$1439$rdmux[0][2][1]$b$8282 [3] $memory$flatten\seven_segment_ctrl.\msb_nibble.$auto$proc_rom.cc:155:do_switch$1439$rdmux[0][2][1]$b$8282 [1] 1'1 }, Y={ $memory$flatten\seven_segment_ctrl.\msb_nibble.$auto$proc_rom.cc:155:do_switch$1439$rdmux[0][1][0]$b$8273 [5:3] $memory$flatten\seven_segment_ctrl.\msb_nibble.$auto$proc_rom.cc:155:do_switch$1439$rdmux[0][1][0]$b$8273 [1:0] }
      New connections: { $memory$flatten\seven_segment_ctrl.\msb_nibble.$auto$proc_rom.cc:155:do_switch$1439$rdmux[0][1][0]$b$8273 [6] $memory$flatten\seven_segment_ctrl.\msb_nibble.$auto$proc_rom.cc:155:do_switch$1439$rdmux[0][1][0]$b$8273 [2] } = { $memory$flatten\seven_segment_ctrl.\msb_nibble.$auto$proc_rom.cc:155:do_switch$1439$rdmux[0][1][0]$b$8273 [5] 1'1 }
    Consolidated identical input bits for $mux cell $memory$flatten\seven_segment_ctrl.\lsb_nibble.$auto$proc_rom.cc:155:do_switch$1439$rdmux[0][2][3]$8241:
      Old ports: A=$memory$flatten\seven_segment_ctrl.\lsb_nibble.$auto$proc_rom.cc:155:do_switch$1439$rdmux[0][2][3]$a$8242, B=$memory$flatten\seven_segment_ctrl.\lsb_nibble.$auto$proc_rom.cc:155:do_switch$1439$rdmux[0][2][3]$b$8243, Y=$memory$flatten\seven_segment_ctrl.\lsb_nibble.$auto$proc_rom.cc:155:do_switch$1439$rdmux[0][1][1]$b$8231
      New ports: A={ $memory$flatten\seven_segment_ctrl.\lsb_nibble.$auto$proc_rom.cc:155:do_switch$1439$rdmux[0][2][3]$a$8242 [1] 1'1 $memory$flatten\seven_segment_ctrl.\lsb_nibble.$auto$proc_rom.cc:155:do_switch$1439$rdmux[0][2][3]$a$8242 [1:0] }, B={ 1'1 $memory$flatten\seven_segment_ctrl.\lsb_nibble.$auto$proc_rom.cc:155:do_switch$1439$rdmux[0][2][3]$b$8243 [3] 2'01 }, Y={ $memory$flatten\seven_segment_ctrl.\lsb_nibble.$auto$proc_rom.cc:155:do_switch$1439$rdmux[0][1][1]$b$8231 [6] $memory$flatten\seven_segment_ctrl.\lsb_nibble.$auto$proc_rom.cc:155:do_switch$1439$rdmux[0][1][1]$b$8231 [3] $memory$flatten\seven_segment_ctrl.\lsb_nibble.$auto$proc_rom.cc:155:do_switch$1439$rdmux[0][1][1]$b$8231 [1:0] }
      New connections: { $memory$flatten\seven_segment_ctrl.\lsb_nibble.$auto$proc_rom.cc:155:do_switch$1439$rdmux[0][1][1]$b$8231 [5:4] $memory$flatten\seven_segment_ctrl.\lsb_nibble.$auto$proc_rom.cc:155:do_switch$1439$rdmux[0][1][1]$b$8231 [2] } = { $memory$flatten\seven_segment_ctrl.\lsb_nibble.$auto$proc_rom.cc:155:do_switch$1439$rdmux[0][1][1]$b$8231 [0] 1'1 $memory$flatten\seven_segment_ctrl.\lsb_nibble.$auto$proc_rom.cc:155:do_switch$1439$rdmux[0][1][1]$b$8231 [1] }
    Consolidated identical input bits for $mux cell $memory$flatten\seven_segment_ctrl.\lsb_nibble.$auto$proc_rom.cc:155:do_switch$1439$rdmux[0][2][0]$8232:
      Old ports: A=$memory$flatten\seven_segment_ctrl.\lsb_nibble.$auto$proc_rom.cc:155:do_switch$1439$rdmux[0][2][0]$a$8233, B=$memory$flatten\seven_segment_ctrl.\lsb_nibble.$auto$proc_rom.cc:155:do_switch$1439$rdmux[0][2][0]$b$8234, Y=$memory$flatten\seven_segment_ctrl.\lsb_nibble.$auto$proc_rom.cc:155:do_switch$1439$rdmux[0][1][0]$a$8227
      New ports: A={ 1'0 $memory$flatten\seven_segment_ctrl.\lsb_nibble.$auto$proc_rom.cc:155:do_switch$1439$rdmux[0][2][0]$a$8233 [0] $memory$flatten\seven_segment_ctrl.\lsb_nibble.$auto$proc_rom.cc:155:do_switch$1439$rdmux[0][2][0]$a$8233 [0] 1'1 $memory$flatten\seven_segment_ctrl.\lsb_nibble.$auto$proc_rom.cc:155:do_switch$1439$rdmux[0][2][0]$a$8233 [0] }, B={ 2'10 $memory$flatten\seven_segment_ctrl.\lsb_nibble.$auto$proc_rom.cc:155:do_switch$1439$rdmux[0][2][0]$b$8234 [4] $memory$flatten\seven_segment_ctrl.\lsb_nibble.$auto$proc_rom.cc:155:do_switch$1439$rdmux[0][2][0]$b$8234 [2] 1'1 }, Y={ $memory$flatten\seven_segment_ctrl.\lsb_nibble.$auto$proc_rom.cc:155:do_switch$1439$rdmux[0][1][0]$a$8227 [6:4] $memory$flatten\seven_segment_ctrl.\lsb_nibble.$auto$proc_rom.cc:155:do_switch$1439$rdmux[0][1][0]$a$8227 [2] $memory$flatten\seven_segment_ctrl.\lsb_nibble.$auto$proc_rom.cc:155:do_switch$1439$rdmux[0][1][0]$a$8227 [0] }
      New connections: { $memory$flatten\seven_segment_ctrl.\lsb_nibble.$auto$proc_rom.cc:155:do_switch$1439$rdmux[0][1][0]$a$8227 [3] $memory$flatten\seven_segment_ctrl.\lsb_nibble.$auto$proc_rom.cc:155:do_switch$1439$rdmux[0][1][0]$a$8227 [1] } = { $memory$flatten\seven_segment_ctrl.\lsb_nibble.$auto$proc_rom.cc:155:do_switch$1439$rdmux[0][1][0]$a$8227 [0] 1'1 }
    Consolidated identical input bits for $mux cell $memory$flatten\seven_segment_ctrl.\lsb_nibble.$auto$proc_rom.cc:155:do_switch$1439$rdmux[0][2][2]$8238:
      Old ports: A=$memory$flatten\seven_segment_ctrl.\lsb_nibble.$auto$proc_rom.cc:155:do_switch$1439$rdmux[0][2][2]$a$8239, B=$memory$flatten\seven_segment_ctrl.\lsb_nibble.$auto$proc_rom.cc:155:do_switch$1439$rdmux[0][2][2]$b$8240, Y=$memory$flatten\seven_segment_ctrl.\lsb_nibble.$auto$proc_rom.cc:155:do_switch$1439$rdmux[0][1][1]$a$8230
      New ports: A={ $memory$flatten\seven_segment_ctrl.\lsb_nibble.$auto$proc_rom.cc:155:do_switch$1439$rdmux[0][2][2]$a$8239 [4] 2'11 }, B={ 1'1 $memory$flatten\seven_segment_ctrl.\lsb_nibble.$auto$proc_rom.cc:155:do_switch$1439$rdmux[0][2][2]$b$8240 [3] $memory$flatten\seven_segment_ctrl.\lsb_nibble.$auto$proc_rom.cc:155:do_switch$1439$rdmux[0][2][2]$b$8240 [0] }, Y={ $memory$flatten\seven_segment_ctrl.\lsb_nibble.$auto$proc_rom.cc:155:do_switch$1439$rdmux[0][1][1]$a$8230 [4:3] $memory$flatten\seven_segment_ctrl.\lsb_nibble.$auto$proc_rom.cc:155:do_switch$1439$rdmux[0][1][1]$a$8230 [0] }
      New connections: { $memory$flatten\seven_segment_ctrl.\lsb_nibble.$auto$proc_rom.cc:155:do_switch$1439$rdmux[0][1][1]$a$8230 [6:5] $memory$flatten\seven_segment_ctrl.\lsb_nibble.$auto$proc_rom.cc:155:do_switch$1439$rdmux[0][1][1]$a$8230 [2:1] } = { 3'111 $memory$flatten\seven_segment_ctrl.\lsb_nibble.$auto$proc_rom.cc:155:do_switch$1439$rdmux[0][1][1]$a$8230 [0] }
    Consolidated identical input bits for $mux cell $memory$flatten\seven_segment_ctrl.\lsb_nibble.$auto$proc_rom.cc:155:do_switch$1439$rdmux[0][2][1]$8235:
      Old ports: A=$memory$flatten\seven_segment_ctrl.\lsb_nibble.$auto$proc_rom.cc:155:do_switch$1439$rdmux[0][2][1]$a$8236, B=$memory$flatten\seven_segment_ctrl.\lsb_nibble.$auto$proc_rom.cc:155:do_switch$1439$rdmux[0][2][1]$b$8237, Y=$memory$flatten\seven_segment_ctrl.\lsb_nibble.$auto$proc_rom.cc:155:do_switch$1439$rdmux[0][1][0]$b$8228
      New ports: A={ 2'10 $memory$flatten\seven_segment_ctrl.\lsb_nibble.$auto$proc_rom.cc:155:do_switch$1439$rdmux[0][2][1]$a$8236 [0] $memory$flatten\seven_segment_ctrl.\lsb_nibble.$auto$proc_rom.cc:155:do_switch$1439$rdmux[0][2][1]$a$8236 [1:0] }, B={ $memory$flatten\seven_segment_ctrl.\lsb_nibble.$auto$proc_rom.cc:155:do_switch$1439$rdmux[0][2][1]$b$8237 [3] $memory$flatten\seven_segment_ctrl.\lsb_nibble.$auto$proc_rom.cc:155:do_switch$1439$rdmux[0][2][1]$b$8237 [3] $memory$flatten\seven_segment_ctrl.\lsb_nibble.$auto$proc_rom.cc:155:do_switch$1439$rdmux[0][2][1]$b$8237 [3] $memory$flatten\seven_segment_ctrl.\lsb_nibble.$auto$proc_rom.cc:155:do_switch$1439$rdmux[0][2][1]$b$8237 [1] 1'1 }, Y={ $memory$flatten\seven_segment_ctrl.\lsb_nibble.$auto$proc_rom.cc:155:do_switch$1439$rdmux[0][1][0]$b$8228 [5:3] $memory$flatten\seven_segment_ctrl.\lsb_nibble.$auto$proc_rom.cc:155:do_switch$1439$rdmux[0][1][0]$b$8228 [1:0] }
      New connections: { $memory$flatten\seven_segment_ctrl.\lsb_nibble.$auto$proc_rom.cc:155:do_switch$1439$rdmux[0][1][0]$b$8228 [6] $memory$flatten\seven_segment_ctrl.\lsb_nibble.$auto$proc_rom.cc:155:do_switch$1439$rdmux[0][1][0]$b$8228 [2] } = { $memory$flatten\seven_segment_ctrl.\lsb_nibble.$auto$proc_rom.cc:155:do_switch$1439$rdmux[0][1][0]$b$8228 [5] 1'1 }
    Consolidated identical input bits for $mux cell $flatten\soc.\cpu.$procmux$3397:
      Old ports: A={ $flatten\soc.\cpu.$3\current_pc[31:0] [31:2] $auto$alumacc.cc:528:replace_alu$7627 [1:0] }, B=$flatten\soc.\cpu.$procmux$3395_Y, Y=$flatten\soc.\cpu.$procmux$3397_Y
      New ports: A={ $flatten\soc.\cpu.$3\current_pc[31:0] [31:2] $auto$alumacc.cc:528:replace_alu$7627 [1] }, B=$flatten\soc.\cpu.$procmux$3395_Y [31:1], Y=$flatten\soc.\cpu.$procmux$3397_Y [31:1]
      New connections: $flatten\soc.\cpu.$procmux$3397_Y [0] = $auto$alumacc.cc:528:replace_alu$7627 [0]
    Consolidated identical input bits for $mux cell $flatten\soc.\spimemio.$procmux$5313:
      Old ports: A={ 1'1 $auto$wreduce.cc:514:run$7397 [6:0] }, B={ 4'0000 \soc.spimemio.config_dummy }, Y=$flatten\soc.\spimemio.$procmux$5313_Y
      New ports: A={ 1'1 $auto$wreduce.cc:514:run$7397 [1] $auto$wreduce.cc:514:run$7397 [1] 1'1 $auto$wreduce.cc:514:run$7397 [1] 1'1 }, B={ 2'00 \soc.spimemio.config_dummy }, Y=$flatten\soc.\spimemio.$procmux$5313_Y [5:0]
      New connections: $flatten\soc.\spimemio.$procmux$5313_Y [7:6] = $flatten\soc.\spimemio.$procmux$5313_Y [5:4]
  Optimizing cells in module \icebreaker.
    Consolidated identical input bits for $mux cell $flatten\soc.\cpu.$procmux$3403:
      Old ports: A=$flatten\soc.\cpu.$procmux$3397_Y, B=$flatten\soc.\cpu.$procmux$3401_Y, Y=$flatten\soc.\cpu.$procmux$3403_Y
      New ports: A=$flatten\soc.\cpu.$procmux$3397_Y [31:1], B={ $flatten\soc.\cpu.$procmux$3401_Y [31:2] $auto$alumacc.cc:528:replace_alu$7627 [1] }, Y=$flatten\soc.\cpu.$procmux$3403_Y [31:1]
      New connections: $flatten\soc.\cpu.$procmux$3403_Y [0] = $auto$alumacc.cc:528:replace_alu$7627 [0]
  Optimizing cells in module \icebreaker.
    Consolidated identical input bits for $mux cell $flatten\soc.\cpu.$procmux$3406:
      Old ports: A=$flatten\soc.\cpu.$procmux$3403_Y, B={ $flatten\soc.\cpu.$3\current_pc[31:0] [31:2] $auto$alumacc.cc:528:replace_alu$7627 [1:0] }, Y=$flatten\soc.\cpu.$procmux$3406_Y
      New ports: A=$flatten\soc.\cpu.$procmux$3403_Y [31:1], B={ $flatten\soc.\cpu.$3\current_pc[31:0] [31:2] $auto$alumacc.cc:528:replace_alu$7627 [1] }, Y=$flatten\soc.\cpu.$procmux$3406_Y [31:1]
      New connections: $flatten\soc.\cpu.$procmux$3406_Y [0] = $auto$alumacc.cc:528:replace_alu$7627 [0]
  Optimizing cells in module \icebreaker.
Performed a total of 55 changes.

7.36.5. Executing OPT_MERGE pass (detect identical cells).
Finding identical cells in module `\icebreaker'.
Computing hashes of 1562 cells of `\icebreaker'.
Finding duplicate cells in `\icebreaker'.
Computing hashes of 1549 cells of `\icebreaker'.
Finding duplicate cells in `\icebreaker'.
<suppressed ~39 debug messages>
Removed a total of 13 cells.

7.36.6. Executing OPT_DFF pass (perform DFF optimizations).

7.36.7. Executing OPT_CLEAN pass (remove unused cells and wires).
Finding unused cells or wires in module \icebreaker..
Removed 0 unused cells and 134 unused wires.
<suppressed ~1 debug messages>

7.36.8. Executing OPT_EXPR pass (perform const folding).
Optimizing module icebreaker.

7.36.9. Rerunning OPT passes. (Maybe there is more to do..)

7.36.10. Executing OPT_MUXTREE pass (detect dead branches in mux trees).
Running muxtree optimizer on module \icebreaker..
  Creating internal representation of mux trees.
  Evaluating internal representation of mux trees.
  Analyzing evaluation results.
Removed 0 multiplexer ports.
<suppressed ~569 debug messages>

7.36.11. Executing OPT_REDUCE pass (consolidate $*mux and $reduce_* inputs).
  Optimizing cells in module \icebreaker.
Performed a total of 0 changes.

7.36.12. Executing OPT_MERGE pass (detect identical cells).
Finding identical cells in module `\icebreaker'.
Computing hashes of 1549 cells of `\icebreaker'.
Finding duplicate cells in `\icebreaker'.
Removed a total of 0 cells.

7.36.13. Executing OPT_DFF pass (perform DFF optimizations).
Adding EN signal on $memory\soc.spimem_cache.cache_addr[0]$8172 ($dff) from module icebreaker (D = \soc.cpu.mem_addr [23:0], Q = \soc.spimem_cache.cache_addr[0]).
Adding SRST signal on $auto$ff.cc:337:slice$7091 ($dffe) from module icebreaker (D = \soc.spimemio.din_data [0], Q = \soc.spimemio.xfer.obuffer [0], rval = 1'0).
Adding EN signal on $memory\soc.spimem_cache.cache_addr[1]$8174 ($dff) from module icebreaker (D = \soc.cpu.mem_addr [23:0], Q = \soc.spimem_cache.cache_addr[1]).
Adding EN signal on $memory\soc.spimem_cache.cache_addr[5]$8182 ($dff) from module icebreaker (D = \soc.cpu.mem_addr [23:0], Q = \soc.spimem_cache.cache_addr[5]).
Adding SRST signal on $memory\soc.spimem_cache.cache_valid[0]$7967 ($dff) from module icebreaker (D = $memory\soc.spimem_cache.cache_valid$wrmux[0][0][0]$y$7988, Q = \soc.spimem_cache.cache_valid[0], rval = 1'1).
Adding EN signal on $auto$ff.cc:337:slice$8330 ($sdff) from module icebreaker (D = 1'0, Q = \soc.spimem_cache.cache_valid[0]).
Adding SRST signal on $memory\soc.spimem_cache.cache_valid[1]$7969 ($dff) from module icebreaker (D = $memory\soc.spimem_cache.cache_valid$wrmux[1][0][0]$y$8012, Q = \soc.spimem_cache.cache_valid[1], rval = 1'1).
Adding EN signal on $auto$ff.cc:337:slice$8332 ($sdff) from module icebreaker (D = 1'0, Q = \soc.spimem_cache.cache_valid[1]).
Adding SRST signal on $memory\soc.spimem_cache.cache_valid[2]$7971 ($dff) from module icebreaker (D = $memory\soc.spimem_cache.cache_valid$wrmux[2][0][0]$y$8028, Q = \soc.spimem_cache.cache_valid[2], rval = 1'1).
Adding EN signal on $auto$ff.cc:337:slice$8334 ($sdff) from module icebreaker (D = 1'0, Q = \soc.spimem_cache.cache_valid[2]).
Adding SRST signal on $memory\soc.spimem_cache.cache_valid[3]$7973 ($dff) from module icebreaker (D = $memory\soc.spimem_cache.cache_valid$wrmux[3][0][0]$y$8046, Q = \soc.spimem_cache.cache_valid[3], rval = 1'1).
Adding EN signal on $auto$ff.cc:337:slice$8336 ($sdff) from module icebreaker (D = 1'0, Q = \soc.spimem_cache.cache_valid[3]).
Adding SRST signal on $memory\soc.spimem_cache.cache_valid[4]$7975 ($dff) from module icebreaker (D = $memory\soc.spimem_cache.cache_valid$wrmux[4][0][0]$y$8060, Q = \soc.spimem_cache.cache_valid[4], rval = 1'1).
Adding EN signal on $auto$ff.cc:337:slice$8338 ($sdff) from module icebreaker (D = 1'0, Q = \soc.spimem_cache.cache_valid[4]).
Adding SRST signal on $memory\soc.spimem_cache.cache_valid[5]$7977 ($dff) from module icebreaker (D = $memory\soc.spimem_cache.cache_valid$wrmux[5][1][0]$y$8084, Q = \soc.spimem_cache.cache_valid[5], rval = 1'1).
Adding EN signal on $auto$ff.cc:337:slice$8340 ($sdff) from module icebreaker (D = 1'0, Q = \soc.spimem_cache.cache_valid[5]).
Adding SRST signal on $memory\soc.spimem_cache.cache_valid[6]$7979 ($dff) from module icebreaker (D = $memory\soc.spimem_cache.cache_valid$wrmux[6][1][0]$y$8098, Q = \soc.spimem_cache.cache_valid[6], rval = 1'1).
Adding EN signal on $auto$ff.cc:337:slice$8342 ($sdff) from module icebreaker (D = 1'0, Q = \soc.spimem_cache.cache_valid[6]).
Adding SRST signal on $memory\soc.spimem_cache.cache_valid[7]$7981 ($dff) from module icebreaker (D = $memory\soc.spimem_cache.cache_valid$wrmux[7][1][0]$y$8114, Q = \soc.spimem_cache.cache_valid[7], rval = 1'1).
Adding EN signal on $auto$ff.cc:337:slice$8344 ($sdff) from module icebreaker (D = 1'0, Q = \soc.spimem_cache.cache_valid[7]).
Adding EN signal on $memory\soc.spimem_cache.cache_addr[2]$8176 ($dff) from module icebreaker (D = \soc.cpu.mem_addr [23:0], Q = \soc.spimem_cache.cache_addr[2]).
Adding EN signal on $memory\soc.spimem_cache.cache_addr[6]$8184 ($dff) from module icebreaker (D = \soc.cpu.mem_addr [23:0], Q = \soc.spimem_cache.cache_addr[6]).
Adding EN signal on $memory\soc.spimem_cache.cache_addr[3]$8178 ($dff) from module icebreaker (D = \soc.cpu.mem_addr [23:0], Q = \soc.spimem_cache.cache_addr[3]).
Adding EN signal on $memory\soc.spimem_cache.cache_addr[7]$8186 ($dff) from module icebreaker (D = \soc.cpu.mem_addr [23:0], Q = \soc.spimem_cache.cache_addr[7]).
Adding EN signal on $memory\soc.spimem_cache.cache_addr[4]$8180 ($dff) from module icebreaker (D = \soc.cpu.mem_addr [23:0], Q = \soc.spimem_cache.cache_addr[4]).
Adding EN signal on $memory\soc.spimem_cache.cache_data[0]$8121 ($dff) from module icebreaker (D = \soc.spimemio.rdata, Q = \soc.spimem_cache.cache_data[0]).
Adding EN signal on $memory\soc.spimem_cache.cache_data[1]$8123 ($dff) from module icebreaker (D = \soc.spimemio.rdata, Q = \soc.spimem_cache.cache_data[1]).
Adding EN signal on $memory\soc.spimem_cache.cache_data[2]$8125 ($dff) from module icebreaker (D = \soc.spimemio.rdata, Q = \soc.spimem_cache.cache_data[2]).
Adding EN signal on $memory\soc.spimem_cache.cache_data[3]$8127 ($dff) from module icebreaker (D = \soc.spimemio.rdata, Q = \soc.spimem_cache.cache_data[3]).
Adding EN signal on $memory\soc.spimem_cache.cache_data[4]$8129 ($dff) from module icebreaker (D = \soc.spimemio.rdata, Q = \soc.spimem_cache.cache_data[4]).
Adding EN signal on $memory\soc.spimem_cache.cache_data[5]$8131 ($dff) from module icebreaker (D = \soc.spimemio.rdata, Q = \soc.spimem_cache.cache_data[5]).
Adding EN signal on $memory\soc.spimem_cache.cache_data[6]$8133 ($dff) from module icebreaker (D = \soc.spimemio.rdata, Q = \soc.spimem_cache.cache_data[6]).
Adding EN signal on $memory\soc.spimem_cache.cache_data[7]$8135 ($dff) from module icebreaker (D = \soc.spimemio.rdata, Q = \soc.spimem_cache.cache_data[7]).
Setting constant 0-bit at position 0 on $auto$ff.cc:337:slice$7242 ($dffe) from module icebreaker.
Setting constant 0-bit at position 1 on $auto$ff.cc:337:slice$7242 ($dffe) from module icebreaker.
Setting constant 0-bit at position 3 on $auto$ff.cc:337:slice$6962 ($sdffe) from module icebreaker.

7.36.14. Executing OPT_CLEAN pass (remove unused cells and wires).
Finding unused cells or wires in module \icebreaker..
Removed 32 unused cells and 32 unused wires.
<suppressed ~33 debug messages>

7.36.15. Executing OPT_EXPR pass (perform const folding).
Optimizing module icebreaker.
<suppressed ~4 debug messages>

7.36.16. Rerunning OPT passes. (Maybe there is more to do..)

7.36.17. Executing OPT_MUXTREE pass (detect dead branches in mux trees).
Running muxtree optimizer on module \icebreaker..
  Creating internal representation of mux trees.
  Evaluating internal representation of mux trees.
  Analyzing evaluation results.
Removed 0 multiplexer ports.
<suppressed ~513 debug messages>

7.36.18. Executing OPT_REDUCE pass (consolidate $*mux and $reduce_* inputs).
  Optimizing cells in module \icebreaker.
    Consolidated identical input bits for $mux cell $flatten\soc.\spimemio.$procmux$5316:
      Old ports: A={ \soc.cpu.mem_addr [7:2] 2'00 }, B=8'00000000, Y=$flatten\soc.\spimemio.$procmux$5316_Y
      New ports: A=\soc.cpu.mem_addr [7:2], B=6'000000, Y=$flatten\soc.\spimemio.$procmux$5316_Y [7:2]
      New connections: $flatten\soc.\spimemio.$procmux$5316_Y [1:0] = 2'00
    Consolidated identical input bits for $mux cell $flatten\soc.\spimemio.$ternary$spimemio.v:226$542:
      Old ports: A={ \soc.cpu.mem_addr [23:2] 2'00 }, B={ $auto$wreduce.cc:514:run$7399 [23:2] 2'x }, Y=$auto$wreduce.cc:514:run$7398 [23:0]
      New ports: A={ \soc.cpu.mem_addr [23:2] 1'0 }, B={ $auto$wreduce.cc:514:run$7399 [23:2] 1'x }, Y={ $auto$wreduce.cc:514:run$7398 [23:2] $auto$wreduce.cc:514:run$7398 [0] }
      New connections: $auto$wreduce.cc:514:run$7398 [1] = $auto$wreduce.cc:514:run$7398 [0]
  Optimizing cells in module \icebreaker.
Performed a total of 2 changes.

7.36.19. Executing OPT_MERGE pass (detect identical cells).
Finding identical cells in module `\icebreaker'.
Computing hashes of 1516 cells of `\icebreaker'.
Finding duplicate cells in `\icebreaker'.
Removed a total of 0 cells.

7.36.20. Executing OPT_DFF pass (perform DFF optimizations).
Setting constant 0-bit at position 0 on $auto$ff.cc:337:slice$8350 ($dffe) from module icebreaker.
Setting constant 0-bit at position 1 on $auto$ff.cc:337:slice$8350 ($dffe) from module icebreaker.
Setting constant 0-bit at position 0 on $auto$ff.cc:337:slice$8349 ($dffe) from module icebreaker.
Setting constant 0-bit at position 1 on $auto$ff.cc:337:slice$8349 ($dffe) from module icebreaker.
Setting constant 0-bit at position 0 on $auto$ff.cc:337:slice$8348 ($dffe) from module icebreaker.
Setting constant 0-bit at position 1 on $auto$ff.cc:337:slice$8348 ($dffe) from module icebreaker.
Setting constant 0-bit at position 0 on $auto$ff.cc:337:slice$8347 ($dffe) from module icebreaker.
Setting constant 0-bit at position 1 on $auto$ff.cc:337:slice$8347 ($dffe) from module icebreaker.
Setting constant 0-bit at position 0 on $auto$ff.cc:337:slice$8346 ($dffe) from module icebreaker.
Setting constant 0-bit at position 1 on $auto$ff.cc:337:slice$8346 ($dffe) from module icebreaker.
Setting constant 0-bit at position 0 on $auto$ff.cc:337:slice$8329 ($dffe) from module icebreaker.
Setting constant 0-bit at position 1 on $auto$ff.cc:337:slice$8329 ($dffe) from module icebreaker.
Setting constant 0-bit at position 0 on $auto$ff.cc:337:slice$8328 ($dffe) from module icebreaker.
Setting constant 0-bit at position 1 on $auto$ff.cc:337:slice$8328 ($dffe) from module icebreaker.
Setting constant 0-bit at position 3 on $auto$ff.cc:337:slice$7045 ($sdffe) from module icebreaker.
Setting constant 0-bit at position 0 on $auto$ff.cc:337:slice$8325 ($dffe) from module icebreaker.
Setting constant 0-bit at position 1 on $auto$ff.cc:337:slice$8325 ($dffe) from module icebreaker.

7.36.21. Executing OPT_CLEAN pass (remove unused cells and wires).
Finding unused cells or wires in module \icebreaker..

7.36.22. Executing OPT_EXPR pass (perform const folding).
Optimizing module icebreaker.

7.36.23. Rerunning OPT passes. (Maybe there is more to do..)

7.36.24. Executing OPT_MUXTREE pass (detect dead branches in mux trees).
Running muxtree optimizer on module \icebreaker..
  Creating internal representation of mux trees.
  Evaluating internal representation of mux trees.
  Analyzing evaluation results.
Removed 0 multiplexer ports.
<suppressed ~513 debug messages>

7.36.25. Executing OPT_REDUCE pass (consolidate $*mux and $reduce_* inputs).
  Optimizing cells in module \icebreaker.
Performed a total of 0 changes.

7.36.26. Executing OPT_MERGE pass (detect identical cells).
Finding identical cells in module `\icebreaker'.
Computing hashes of 1516 cells of `\icebreaker'.
Finding duplicate cells in `\icebreaker'.
Removed a total of 0 cells.

7.36.27. Executing OPT_DFF pass (perform DFF optimizations).
Setting constant 0-bit at position 3 on $flatten\soc.\spimemio.\xfer.$procdff$5580 ($dff) from module icebreaker.

7.36.28. Executing OPT_CLEAN pass (remove unused cells and wires).
Finding unused cells or wires in module \icebreaker..

7.36.29. Executing OPT_EXPR pass (perform const folding).
Optimizing module icebreaker.

7.36.30. Rerunning OPT passes. (Maybe there is more to do..)

7.36.31. Executing OPT_MUXTREE pass (detect dead branches in mux trees).
Running muxtree optimizer on module \icebreaker..
  Creating internal representation of mux trees.
  Evaluating internal representation of mux trees.
  Analyzing evaluation results.
Removed 0 multiplexer ports.
<suppressed ~513 debug messages>

7.36.32. Executing OPT_REDUCE pass (consolidate $*mux and $reduce_* inputs).
  Optimizing cells in module \icebreaker.
Performed a total of 0 changes.

7.36.33. Executing OPT_MERGE pass (detect identical cells).
Finding identical cells in module `\icebreaker'.
Computing hashes of 1516 cells of `\icebreaker'.
Finding duplicate cells in `\icebreaker'.
Removed a total of 0 cells.

7.36.34. Executing OPT_DFF pass (perform DFF optimizations).

7.36.35. Executing OPT_CLEAN pass (remove unused cells and wires).
Finding unused cells or wires in module \icebreaker..

7.36.36. Executing OPT_EXPR pass (perform const folding).
Optimizing module icebreaker.

7.36.37. Finished fast OPT passes. (There is nothing left to do.)

7.37. Executing ICE40_WRAPCARRY pass (wrap carries).

7.38. Executing TECHMAP pass (map to technology primitives).

7.38.1. Executing Verilog-2005 frontend: /homes/cl2033/oss-cad-suite/lib/../share/yosys/techmap.v
Parsing Verilog input from `/homes/cl2033/oss-cad-suite/lib/../share/yosys/techmap.v' to AST representation.
Generating RTLIL representation for module `\_90_simplemap_bool_ops'.
Generating RTLIL representation for module `\_90_simplemap_reduce_ops'.
Generating RTLIL representation for module `\_90_simplemap_logic_ops'.
Generating RTLIL representation for module `\_90_simplemap_compare_ops'.
Generating RTLIL representation for module `\_90_simplemap_various'.
Generating RTLIL representation for module `\_90_simplemap_registers'.
Generating RTLIL representation for module `\_90_shift_ops_shr_shl_sshl_sshr'.
Generating RTLIL representation for module `\_90_shift_shiftx'.
Generating RTLIL representation for module `\_90_fa'.
Generating RTLIL representation for module `\_90_lcu_brent_kung'.
Generating RTLIL representation for module `\_90_alu'.
Generating RTLIL representation for module `\_90_macc'.
Generating RTLIL representation for module `\_90_alumacc'.
Generating RTLIL representation for module `$__div_mod_u'.
Generating RTLIL representation for module `$__div_mod_trunc'.
Generating RTLIL representation for module `\_90_div'.
Generating RTLIL representation for module `\_90_mod'.
Generating RTLIL representation for module `$__div_mod_floor'.
Generating RTLIL representation for module `\_90_divfloor'.
Generating RTLIL representation for module `\_90_modfloor'.
Generating RTLIL representation for module `\_90_pow'.
Generating RTLIL representation for module `\_90_pmux'.
Generating RTLIL representation for module `\_90_demux'.
Generating RTLIL representation for module `\_90_lut'.
Generating RTLIL representation for module `$connect'.
Generating RTLIL representation for module `$input_port'.
Successfully finished Verilog frontend.

7.38.2. Executing Verilog-2005 frontend: /homes/cl2033/oss-cad-suite/lib/../share/yosys/ice40/arith_map.v
Parsing Verilog input from `/homes/cl2033/oss-cad-suite/lib/../share/yosys/ice40/arith_map.v' to AST representation.
Generating RTLIL representation for module `\_80_ice40_alu'.
Successfully finished Verilog frontend.

7.38.3. Continuing TECHMAP pass.
Using extmapper simplemap for cells of type $dff.
Using extmapper simplemap for cells of type $dffe.
Using extmapper simplemap for cells of type $sdffe.
Using extmapper simplemap for cells of type $sdffce.
Using extmapper simplemap for cells of type $reduce_or.
Using extmapper simplemap for cells of type $and.
Using extmapper simplemap for cells of type $not.
Using extmapper simplemap for cells of type $ne.
Using extmapper simplemap for cells of type $reduce_and.
Using extmapper simplemap for cells of type $mux.
Using extmapper simplemap for cells of type $eq.
Using template $paramod$754650b284649a026620fc6856e5b6886cbfe794\_80_ice40_alu for cells of type $alu.
Using template $paramod$6a42b6fefed750f8a1c58eab59479d960557103c\_80_ice40_alu for cells of type $alu.
Using template $paramod$32a7b7b86c07519b7537abc18e96f0331f97914d\_80_ice40_alu for cells of type $alu.
Using template $paramod$8742280fdebca84e1c87f2a86ed84f62d558f4cc\_80_ice40_alu for cells of type $alu.
Using template $paramod$16349e5f556ea87a576d7d9941c668f31b6ef10b\_80_ice40_alu for cells of type $alu.
Using template $paramod$8fabc56b80a569262acfc42757a02ca0b8e91278\_90_pmux for cells of type $pmux.
Using template $paramod$ebf89ea36a793f0f77858f212141d47c833068ad\_80_ice40_alu for cells of type $alu.
Using extmapper simplemap for cells of type $or.
Using template $paramod$b8c0a997bce700f23568a5ada79cc6781d1f5ca0\_80_ice40_alu for cells of type $alu.
Using template $paramod$fbc7873bff55778c0b3173955b7e4bce1d9d6834\_80_ice40_alu for cells of type $alu.
Using extmapper simplemap for cells of type $xor.
Using template $paramod$c04af8dbf0e5d1d69bbccb2c7bd8a93fc9ef54dc\_80_ice40_alu for cells of type $alu.
Using template $paramod$dc04b7d98e503a7bab16fce2df70e6e2c5ca34d6\_80_ice40_alu for cells of type $alu.
Using template $paramod$ba698a254f9a5947e85cbe7beae6b161eefc5386\_90_alu for cells of type $alu.
Using template $paramod$3ef7d3dd227da7627a99c5e5a6a4deb817573e39\_80_ice40_alu for cells of type $alu.
Using template $paramod$44a13d10af618e7fbe7b9aad2f6151ffcee1e2fa\_80_ice40_alu for cells of type $alu.
Using template $paramod$cc80a4e89b0341cb117f5d28b0e7244620640141\_80_ice40_alu for cells of type $alu.
Using template $paramod$6df0329addda9228fcc2546de2aaf14ad26c98e1\_80_ice40_alu for cells of type $alu.
Using template $paramod$f2669549f09b95f02f9cc0de2d22c189491fb0c0\_80_ice40_alu for cells of type $alu.
Using template $paramod$2653f68ddb8eab7b1907b4a20767b72a824a7a36\_80_ice40_alu for cells of type $alu.
Using template $paramod$32efbfac1c4dc57230cf86180788fdfd12e3b511\_80_ice40_alu for cells of type $alu.
Using template $paramod$675ee3ed071b156aa661bdfa838b7e469d095ac0\_80_ice40_alu for cells of type $alu.
Using template $paramod$10ed987432f06055e5279101f9ec60a49861b43c\_80_ice40_alu for cells of type $alu.
Using template $paramod$403a3c2fa431a154c52a6a5429d7a6260b5d144f\_80_ice40_alu for cells of type $alu.
Using extmapper maccmap for cells of type $macc_v2.
  add { 1'0 \soc.cpu.genblk1.pcpi_mul.rs1 [31:16] } * \soc.cpu.genblk1.pcpi_mul.rs2 [32] (17x1 bits, signed)
  add { 1'0 \soc.cpu.genblk1.pcpi_mul.rs1 [15:0] } * \soc.cpu.genblk1.pcpi_mul.rs2 [32] (17x1 bits, signed)
  add $flatten\soc.\cpu.\genblk1.pcpi_mul.$mul$../picorv32.v:2371$1420.genblk1.genblk1.genblk1.genblk1.genblk1.genblk1.sliceA[0].mul.genblk1.genblk1.genblk1.genblk1.genblk1.genblk1.genblk1.blk.partial_sum[1] [48:32] (17 bits, unsigned)
  packed 1 (1) bits / 1 words into adder tree
  add \soc.cpu.genblk1.pcpi_mul.rs2 * \soc.cpu.genblk1.pcpi_mul.rs1 [32] (33x1 bits, signed)
Using extmapper simplemap for cells of type $reduce_bool.
Using extmapper simplemap for cells of type $sdff.
Using extmapper simplemap for cells of type $logic_not.
Using extmapper simplemap for cells of type $logic_and.
Using template $paramod$54d740639e1393b22262823179ff783ea9f17a35\_90_pmux for cells of type $pmux.
Using template $paramod$c2e415ef15bc3ccd2723772353a6b450d3d76206\_90_pmux for cells of type $pmux.
Using extmapper simplemap for cells of type $logic_or.
Using template $paramod$d629d85c8826a74239b9178d1930215a43b0ceb0\_90_pmux for cells of type $pmux.
Using template $paramod$d31bf4d7d72e59528d18fbd4f322e9d608532043\_90_pmux for cells of type $pmux.
Using template $paramod$fedb90247e1daaa8b0af86a595f377181f141d27\_90_pmux for cells of type $pmux.
Using template $paramod$d7387fdb214042e5ef2d69a3f74948694b4bb65e\_90_pmux for cells of type $pmux.
Using template $paramod$c5c783b17ab1d780abfad8cfe6563a0a7b47a3b0\_90_pmux for cells of type $pmux.
Using template $paramod$b756e651b7db7aeb455331d9a2df073db93fcc2e\_90_pmux for cells of type $pmux.
Using template $paramod$fc16b9f758000d363d24f130038bd99b46b4fa1b\_90_pmux for cells of type $pmux.
Using template $paramod$constmap:574a95964644c704a7e64c257267b27c2c48aa52$paramod$77562a466236eb4a6d905351a0995599b75075cb\_90_shift_ops_shr_shl_sshl_sshr for cells of type $shl.
Using template $paramod$bf2533632d512eac76dd186c0da49367e29b8e98\_90_pmux for cells of type $pmux.
Using template $paramod$645fe0cc96ae5edb83bff90cc2c78f4a20ca3e3c\_90_pmux for cells of type $pmux.
Using template $paramod$521ce43182eecb9f60c72393a788160d2c356bf5\_90_pmux for cells of type $pmux.
Using template $paramod$cc1e387d9d5ac1d3f6e6bed180038d9c0ac48d0c\_90_pmux for cells of type $pmux.
Using template $paramod$b098bc6f249c0ac91c4d6e19d54b23c285914115\_90_pmux for cells of type $pmux.
Using template $paramod$2407ada40cc3dda6c6015be2b49b748cddb5a800\_90_pmux for cells of type $pmux.
Using template $paramod$59b03ae2620a41577de8da5f5c97b2919e82362b\_90_pmux for cells of type $pmux.
Using template $paramod$dbef6e48cd28208af1b77a9bd7dfc80580f16131\_80_ice40_alu for cells of type $alu.
Using template $paramod$3bb72ad0665cdca279bbc49ed6a39f403f16497f\_80_ice40_alu for cells of type $alu.
Using extmapper simplemap for cells of type $pos.
Using template $paramod\_90_fa\WIDTH=32'00000000000000000000000000000010 for cells of type $fa.
Using template $paramod\_90_lcu_brent_kung\WIDTH=32'00000000000000000000000000000010 for cells of type $lcu.
No more expansions possible.
<suppressed ~3370 debug messages>

7.39. Executing OPT pass (performing simple optimizations).

7.39.1. Executing OPT_EXPR pass (perform const folding).
Optimizing module icebreaker.
<suppressed ~3555 debug messages>

7.39.2. Executing OPT_MERGE pass (detect identical cells).
Finding identical cells in module `\icebreaker'.
Computing hashes of 13040 cells of `\icebreaker'.
Finding duplicate cells in `\icebreaker'.
Computing hashes of 11674 cells of `\icebreaker'.
Finding duplicate cells in `\icebreaker'.
Computing hashes of 11219 cells of `\icebreaker'.
Finding duplicate cells in `\icebreaker'.
Computing hashes of 11106 cells of `\icebreaker'.
Finding duplicate cells in `\icebreaker'.
Computing hashes of 11093 cells of `\icebreaker'.
Finding duplicate cells in `\icebreaker'.
Computing hashes of 11090 cells of `\icebreaker'.
Finding duplicate cells in `\icebreaker'.
<suppressed ~5850 debug messages>
Removed a total of 1950 cells.

7.39.3. Executing OPT_DFF pass (perform DFF optimizations).
Adding SRST signal on $auto$ff.cc:337:slice$9053 ($_DFFE_PP_) from module icebreaker (D = 1'x, Q = \soc.spimemio.rd_addr [0], rval = 1'0).
Setting constant 0-bit at position 0 on $auto$ff.cc:337:slice$28638 ($_SDFFCE_PN0P_) from module icebreaker.

7.39.4. Executing OPT_CLEAN pass (remove unused cells and wires).
Finding unused cells or wires in module \icebreaker..
Removed 797 unused cells and 4184 unused wires.
<suppressed ~798 debug messages>

7.39.5. Rerunning OPT passes. (Removed registers in this run.)

7.39.6. Executing OPT_EXPR pass (perform const folding).
Optimizing module icebreaker.
<suppressed ~6 debug messages>

7.39.7. Executing OPT_MERGE pass (detect identical cells).
Finding identical cells in module `\icebreaker'.
Computing hashes of 10286 cells of `\icebreaker'.
Finding duplicate cells in `\icebreaker'.
Removed a total of 0 cells.

7.39.8. Executing OPT_DFF pass (perform DFF optimizations).
Adding SRST signal on $auto$ff.cc:337:slice$10745 ($_SDFF_PP0_) from module icebreaker (D = $flatten\soc.\spimemio.$procmux$5199.Y_B, Q = \soc.spimemio.din_valid, rval = 1'0).
Adding SRST signal on $auto$ff.cc:337:slice$10744 ($_DFFE_PP_) from module icebreaker (D = $flatten\soc.\spimemio.$procmux$5311.Y_B [7], Q = \soc.spimemio.din_data [7], rval = 1'1).
Adding SRST signal on $auto$ff.cc:337:slice$9838 ($_DFFE_PP_) from module icebreaker (D = $flatten\soc.\cpu.$procmux$3827.Y_B [31], Q = \soc.cpu.decoded_imm [31], rval = 1'0).
Adding SRST signal on $auto$ff.cc:337:slice$9808 ($_DFFE_PP_) from module icebreaker (D = $flatten\soc.\cpu.$procmux$3827.Y_B [1], Q = \soc.cpu.decoded_imm [1], rval = 1'0).
Adding SRST signal on $auto$ff.cc:337:slice$9809 ($_DFFE_PP_) from module icebreaker (D = $flatten\soc.\cpu.$procmux$3827.Y_B [2], Q = \soc.cpu.decoded_imm [2], rval = 1'0).
Adding SRST signal on $auto$ff.cc:337:slice$9810 ($_DFFE_PP_) from module icebreaker (D = $flatten\soc.\cpu.$procmux$3827.Y_B [3], Q = \soc.cpu.decoded_imm [3], rval = 1'0).
Adding SRST signal on $auto$ff.cc:337:slice$9811 ($_DFFE_PP_) from module icebreaker (D = $flatten\soc.\cpu.$procmux$3827.Y_B [4], Q = \soc.cpu.decoded_imm [4], rval = 1'0).
Adding SRST signal on $auto$ff.cc:337:slice$9812 ($_DFFE_PP_) from module icebreaker (D = $flatten\soc.\cpu.$procmux$3827.Y_B [5], Q = \soc.cpu.decoded_imm [5], rval = 1'0).
Adding SRST signal on $auto$ff.cc:337:slice$9813 ($_DFFE_PP_) from module icebreaker (D = $flatten\soc.\cpu.$procmux$3827.Y_B [6], Q = \soc.cpu.decoded_imm [6], rval = 1'0).
Adding SRST signal on $auto$ff.cc:337:slice$9814 ($_DFFE_PP_) from module icebreaker (D = $flatten\soc.\cpu.$procmux$3827.Y_B [7], Q = \soc.cpu.decoded_imm [7], rval = 1'0).
Adding SRST signal on $auto$ff.cc:337:slice$9815 ($_DFFE_PP_) from module icebreaker (D = $flatten\soc.\cpu.$procmux$3827.Y_B [8], Q = \soc.cpu.decoded_imm [8], rval = 1'0).
Adding SRST signal on $auto$ff.cc:337:slice$9816 ($_DFFE_PP_) from module icebreaker (D = $flatten\soc.\cpu.$procmux$3827.Y_B [9], Q = \soc.cpu.decoded_imm [9], rval = 1'0).
Adding SRST signal on $auto$ff.cc:337:slice$9817 ($_DFFE_PP_) from module icebreaker (D = $flatten\soc.\cpu.$procmux$3827.Y_B [10], Q = \soc.cpu.decoded_imm [10], rval = 1'0).
Adding SRST signal on $auto$ff.cc:337:slice$9818 ($_DFFE_PP_) from module icebreaker (D = $flatten\soc.\cpu.$procmux$3827.Y_B [11], Q = \soc.cpu.decoded_imm [11], rval = 1'0).
Adding SRST signal on $auto$ff.cc:337:slice$9819 ($_DFFE_PP_) from module icebreaker (D = $flatten\soc.\cpu.$procmux$3827.Y_B [12], Q = \soc.cpu.decoded_imm [12], rval = 1'0).
Adding SRST signal on $auto$ff.cc:337:slice$9820 ($_DFFE_PP_) from module icebreaker (D = $flatten\soc.\cpu.$procmux$3827.Y_B [13], Q = \soc.cpu.decoded_imm [13], rval = 1'0).
Adding SRST signal on $auto$ff.cc:337:slice$9821 ($_DFFE_PP_) from module icebreaker (D = $flatten\soc.\cpu.$procmux$3827.Y_B [14], Q = \soc.cpu.decoded_imm [14], rval = 1'0).
Adding SRST signal on $auto$ff.cc:337:slice$9822 ($_DFFE_PP_) from module icebreaker (D = $flatten\soc.\cpu.$procmux$3827.Y_B [15], Q = \soc.cpu.decoded_imm [15], rval = 1'0).
Adding SRST signal on $auto$ff.cc:337:slice$9823 ($_DFFE_PP_) from module icebreaker (D = $flatten\soc.\cpu.$procmux$3827.Y_B [16], Q = \soc.cpu.decoded_imm [16], rval = 1'0).
Adding SRST signal on $auto$ff.cc:337:slice$9824 ($_DFFE_PP_) from module icebreaker (D = $flatten\soc.\cpu.$procmux$3827.Y_B [17], Q = \soc.cpu.decoded_imm [17], rval = 1'0).
Adding SRST signal on $auto$ff.cc:337:slice$9825 ($_DFFE_PP_) from module icebreaker (D = $flatten\soc.\cpu.$procmux$3827.Y_B [18], Q = \soc.cpu.decoded_imm [18], rval = 1'0).
Adding SRST signal on $auto$ff.cc:337:slice$9826 ($_DFFE_PP_) from module icebreaker (D = $flatten\soc.\cpu.$procmux$3827.Y_B [19], Q = \soc.cpu.decoded_imm [19], rval = 1'0).
Adding SRST signal on $auto$ff.cc:337:slice$9827 ($_DFFE_PP_) from module icebreaker (D = $flatten\soc.\cpu.$procmux$3827.Y_B [20], Q = \soc.cpu.decoded_imm [20], rval = 1'0).
Adding SRST signal on $auto$ff.cc:337:slice$9828 ($_DFFE_PP_) from module icebreaker (D = $flatten\soc.\cpu.$procmux$3827.Y_B [21], Q = \soc.cpu.decoded_imm [21], rval = 1'0).
Adding SRST signal on $auto$ff.cc:337:slice$9829 ($_DFFE_PP_) from module icebreaker (D = $flatten\soc.\cpu.$procmux$3827.Y_B [22], Q = \soc.cpu.decoded_imm [22], rval = 1'0).
Adding SRST signal on $auto$ff.cc:337:slice$9830 ($_DFFE_PP_) from module icebreaker (D = $flatten\soc.\cpu.$procmux$3827.Y_B [23], Q = \soc.cpu.decoded_imm [23], rval = 1'0).
Adding SRST signal on $auto$ff.cc:337:slice$9831 ($_DFFE_PP_) from module icebreaker (D = $flatten\soc.\cpu.$procmux$3827.Y_B [24], Q = \soc.cpu.decoded_imm [24], rval = 1'0).
Adding SRST signal on $auto$ff.cc:337:slice$9832 ($_DFFE_PP_) from module icebreaker (D = $flatten\soc.\cpu.$procmux$3827.Y_B [25], Q = \soc.cpu.decoded_imm [25], rval = 1'0).
Adding SRST signal on $auto$ff.cc:337:slice$9833 ($_DFFE_PP_) from module icebreaker (D = $flatten\soc.\cpu.$procmux$3827.Y_B [26], Q = \soc.cpu.decoded_imm [26], rval = 1'0).
Adding SRST signal on $auto$ff.cc:337:slice$9834 ($_DFFE_PP_) from module icebreaker (D = $flatten\soc.\cpu.$procmux$3827.Y_B [27], Q = \soc.cpu.decoded_imm [27], rval = 1'0).
Adding SRST signal on $auto$ff.cc:337:slice$9835 ($_DFFE_PP_) from module icebreaker (D = $flatten\soc.\cpu.$procmux$3827.Y_B [28], Q = \soc.cpu.decoded_imm [28], rval = 1'0).
Adding SRST signal on $auto$ff.cc:337:slice$9836 ($_DFFE_PP_) from module icebreaker (D = $flatten\soc.\cpu.$procmux$3827.Y_B [29], Q = \soc.cpu.decoded_imm [29], rval = 1'0).
Adding SRST signal on $auto$ff.cc:337:slice$9837 ($_DFFE_PP_) from module icebreaker (D = $flatten\soc.\cpu.$procmux$3827.Y_B [30], Q = \soc.cpu.decoded_imm [30], rval = 1'0).
Adding EN signal on $auto$ff.cc:337:slice$10151 ($_SDFFE_PN0P_) from module icebreaker (D = $flatten\soc.\cpu.$procmux$2310.B_AND_S [32], Q = \soc.cpu.reg_next_pc [0]).
Adding EN signal on $auto$ff.cc:337:slice$10610 ($_SDFFE_PP0P_) from module icebreaker (D = $flatten\soc.\spimemio.\xfer.$procmux$1729.Y_B [0], Q = \soc.spimemio.xfer.count [0]).
Adding SRST signal on $auto$ff.cc:337:slice$10737 ($_DFFE_PP_) from module icebreaker (D = $flatten\soc.\spimemio.$procmux$5311.Y_B [0], Q = \soc.spimemio.din_data [0], rval = 1'1).
Adding SRST signal on $auto$ff.cc:337:slice$10738 ($_DFFE_PP_) from module icebreaker (D = $flatten\soc.\spimemio.$procmux$5311.Y_B [1], Q = \soc.spimemio.din_data [1], rval = 1'1).
Adding SRST signal on $auto$ff.cc:337:slice$10739 ($_DFFE_PP_) from module icebreaker (D = $flatten\soc.\spimemio.$procmux$5311.Y_B [2], Q = \soc.spimemio.din_data [2], rval = 1'1).
Adding SRST signal on $auto$ff.cc:337:slice$10740 ($_DFFE_PP_) from module icebreaker (D = $flatten\soc.\spimemio.$procmux$5311.Y_B [3], Q = \soc.spimemio.din_data [3], rval = 1'1).
Adding SRST signal on $auto$ff.cc:337:slice$10741 ($_DFFE_PP_) from module icebreaker (D = $flatten\soc.\spimemio.$procmux$5311.Y_B [4], Q = \soc.spimemio.din_data [4], rval = 1'1).
Adding SRST signal on $auto$ff.cc:337:slice$10742 ($_DFFE_PP_) from module icebreaker (D = $flatten\soc.\spimemio.$procmux$5311.Y_B [5], Q = \soc.spimemio.din_data [5], rval = 1'1).
Adding SRST signal on $auto$ff.cc:337:slice$10743 ($_DFFE_PP_) from module icebreaker (D = $flatten\soc.\spimemio.$procmux$5311.Y_B [6], Q = \soc.spimemio.din_data [6], rval = 1'1).

7.39.9. Executing OPT_CLEAN pass (remove unused cells and wires).
Finding unused cells or wires in module \icebreaker..
Removed 42 unused cells and 8 unused wires.
<suppressed ~43 debug messages>

7.39.10. Rerunning OPT passes. (Removed registers in this run.)

7.39.11. Executing OPT_EXPR pass (perform const folding).
Optimizing module icebreaker.

7.39.12. Executing OPT_MERGE pass (detect identical cells).
Finding identical cells in module `\icebreaker'.
Computing hashes of 10248 cells of `\icebreaker'.
Finding duplicate cells in `\icebreaker'.
Removed a total of 0 cells.

7.39.13. Executing OPT_DFF pass (perform DFF optimizations).

7.39.14. Executing OPT_CLEAN pass (remove unused cells and wires).
Finding unused cells or wires in module \icebreaker..

7.39.15. Finished fast OPT passes.

7.40. Executing ICE40_OPT pass (performing simple optimizations).

7.40.1. Running ICE40 specific optimizations.
Optimized $__ICE40_CARRY_WRAPPER cell back to logic (without SB_CARRY) icebreaker.$auto$alumacc.cc:512:replace_alu$7538.slice[0].carry: CO=$auto$alumacc.cc:512:replace_alu$7538.BB [0]
Optimized $__ICE40_CARRY_WRAPPER cell back to logic (without SB_CARRY) icebreaker.$auto$alumacc.cc:512:replace_alu$7571.slice[0].carry: CO=\soc.cpu.mem_addr [24]
Optimized $__ICE40_CARRY_WRAPPER cell back to logic (without SB_CARRY) icebreaker.$auto$alumacc.cc:512:replace_alu$7582.slice[0].carry: CO=\soc.cpu.mem_addr [25]
Optimized $__ICE40_CARRY_WRAPPER cell back to logic (without SB_CARRY) icebreaker.$auto$alumacc.cc:512:replace_alu$7589.slice[0].carry: CO=\soc.cpu.mem_addr [17]
Optimized $__ICE40_CARRY_WRAPPER cell back to logic (without SB_CARRY) icebreaker.$auto$alumacc.cc:512:replace_alu$7614.slice[0].carry: CO=\soc.cpu.count_instr [0]
Optimized $__ICE40_CARRY_WRAPPER cell back to logic (without SB_CARRY) icebreaker.$auto$alumacc.cc:512:replace_alu$7617.slice[0].carry: CO=\soc.cpu.count_cycle [0]
Optimized $__ICE40_CARRY_WRAPPER cell back to logic (without SB_CARRY) icebreaker.$auto$alumacc.cc:512:replace_alu$7620.slice[0].carry: CO=\soc.cpu.pcpi_timeout_counter [0]
Optimized $__ICE40_CARRY_WRAPPER cell back to logic (without SB_CARRY) icebreaker.$auto$alumacc.cc:512:replace_alu$7623.slice[0].carry: CO=\soc.cpu.reg_pc [2]
Optimized $__ICE40_CARRY_WRAPPER cell back to logic (without SB_CARRY) icebreaker.$auto$alumacc.cc:512:replace_alu$7626.slice[0].carry: CO=$auto$alumacc.cc:512:replace_alu$7626.B [0]
Optimized $__ICE40_CARRY_WRAPPER cell back to logic (without SB_CARRY) icebreaker.$auto$alumacc.cc:512:replace_alu$7632.slice[0].carry: CO=\soc.spimem_cache.miss_count [0]
Optimized $__ICE40_CARRY_WRAPPER cell back to logic (without SB_CARRY) icebreaker.$auto$alumacc.cc:512:replace_alu$7635.slice[0].carry: CO=\soc.spimem_cache.fifo_head [0]
Optimized $__ICE40_CARRY_WRAPPER cell back to logic (without SB_CARRY) icebreaker.$auto$alumacc.cc:512:replace_alu$7638.slice[0].carry: CO=\soc.spimem_cache.hit_count [0]
Optimized $__ICE40_CARRY_WRAPPER cell back to logic (without SB_CARRY) icebreaker.$auto$alumacc.cc:512:replace_alu$7653.slice[0].carry: CO=\soc.cpu.reg_sh [0]
Optimized $__ICE40_CARRY_WRAPPER cell back to logic (without SB_CARRY) icebreaker.$auto$alumacc.cc:512:replace_alu$7656.slice[0].carry: CO=\soc.cpu.timer [0]
Optimized $__ICE40_CARRY_WRAPPER cell back to logic (without SB_CARRY) icebreaker.$auto$alumacc.cc:512:replace_alu$7676.slice[0].carry: CO=\soc.cpu.reg_sh [2]
Optimized $__ICE40_CARRY_WRAPPER cell back to logic (without SB_CARRY) icebreaker.$auto$alumacc.cc:512:replace_alu$7692.slice[0].carry: CO=\soc.spimemio.rd_addr [2]
Optimized $__ICE40_CARRY_WRAPPER cell back to logic (without SB_CARRY) icebreaker.$auto$alumacc.cc:512:replace_alu$7692.slice[22].carry: CO=1'0
Optimized $__ICE40_CARRY_WRAPPER cell back to logic (without SB_CARRY) icebreaker.$auto$alumacc.cc:512:replace_alu$7695.slice[0].carry: CO=\soc.simpleuart.send_bitcnt [0]
Optimized $__ICE40_CARRY_WRAPPER cell back to logic (without SB_CARRY) icebreaker.$auto$alumacc.cc:512:replace_alu$7698.slice[0].carry: CO=\soc.simpleuart.send_divcnt [0]
Optimized $__ICE40_CARRY_WRAPPER cell back to logic (without SB_CARRY) icebreaker.$auto$alumacc.cc:512:replace_alu$7701.slice[0].carry: CO=\soc.simpleuart.recv_state [0]
Optimized $__ICE40_CARRY_WRAPPER cell back to logic (without SB_CARRY) icebreaker.$auto$alumacc.cc:512:replace_alu$7704.slice[0].carry: CO=\soc.simpleuart.recv_divcnt [0]
Optimized $__ICE40_CARRY_WRAPPER cell back to logic (without SB_CARRY) icebreaker.$auto$alumacc.cc:512:replace_alu$7707.slice[0].carry: CO=\seven_segment_ctrl.clkdiv [0]

7.40.2. Executing OPT_EXPR pass (perform const folding).
Optimizing module icebreaker.
<suppressed ~85 debug messages>

7.40.3. Executing OPT_MERGE pass (detect identical cells).
Finding identical cells in module `\icebreaker'.
Computing hashes of 10183 cells of `\icebreaker'.
Finding duplicate cells in `\icebreaker'.
Removed a total of 0 cells.

7.40.4. Executing OPT_DFF pass (perform DFF optimizations).

7.40.5. Executing OPT_CLEAN pass (remove unused cells and wires).
Finding unused cells or wires in module \icebreaker..
Removed 4 unused cells and 3 unused wires.
<suppressed ~5 debug messages>

7.40.6. Rerunning OPT passes. (Removed registers in this run.)

7.40.7. Running ICE40 specific optimizations.

7.40.8. Executing OPT_EXPR pass (perform const folding).
Optimizing module icebreaker.

7.40.9. Executing OPT_MERGE pass (detect identical cells).
Finding identical cells in module `\icebreaker'.
Computing hashes of 10179 cells of `\icebreaker'.
Finding duplicate cells in `\icebreaker'.
Removed a total of 0 cells.

7.40.10. Executing OPT_DFF pass (perform DFF optimizations).

7.40.11. Executing OPT_CLEAN pass (remove unused cells and wires).
Finding unused cells or wires in module \icebreaker..

7.40.12. Finished OPT passes. (There is nothing left to do.)

7.41. Executing DFFLEGALIZE pass (convert FFs to types supported by the target).

7.42. Executing TECHMAP pass (map to technology primitives).

7.42.1. Executing Verilog-2005 frontend: /homes/cl2033/oss-cad-suite/lib/../share/yosys/ice40/ff_map.v
Parsing Verilog input from `/homes/cl2033/oss-cad-suite/lib/../share/yosys/ice40/ff_map.v' to AST representation.
Generating RTLIL representation for module `$_DFF_N_'.
Generating RTLIL representation for module `$_DFF_P_'.
Generating RTLIL representation for module `$_DFFE_NP_'.
Generating RTLIL representation for module `$_DFFE_PP_'.
Generating RTLIL representation for module `$_DFF_NP0_'.
Generating RTLIL representation for module `$_DFF_NP1_'.
Generating RTLIL representation for module `$_DFF_PP0_'.
Generating RTLIL representation for module `$_DFF_PP1_'.
Generating RTLIL representation for module `$_DFFE_NP0P_'.
Generating RTLIL representation for module `$_DFFE_NP1P_'.
Generating RTLIL representation for module `$_DFFE_PP0P_'.
Generating RTLIL representation for module `$_DFFE_PP1P_'.
Generating RTLIL representation for module `$_SDFF_NP0_'.
Generating RTLIL representation for module `$_SDFF_NP1_'.
Generating RTLIL representation for module `$_SDFF_PP0_'.
Generating RTLIL representation for module `$_SDFF_PP1_'.
Generating RTLIL representation for module `$_SDFFCE_NP0P_'.
Generating RTLIL representation for module `$_SDFFCE_NP1P_'.
Generating RTLIL representation for module `$_SDFFCE_PP0P_'.
Generating RTLIL representation for module `$_SDFFCE_PP1P_'.
Successfully finished Verilog frontend.

7.42.2. Continuing TECHMAP pass.
Using template $_SDFFCE_PP1P_ for cells of type $_SDFFCE_PP1P_.
Using template $_SDFFCE_PP0P_ for cells of type $_SDFFCE_PP0P_.
Using template $_SDFF_PP0_ for cells of type $_SDFF_PP0_.
Using template $_DFF_P_ for cells of type $_DFF_P_.
Using template $_DFF_N_ for cells of type $_DFF_N_.
Using template $_DFFE_PP_ for cells of type $_DFFE_PP_.
Using template $_SDFF_PP1_ for cells of type $_SDFF_PP1_.
No more expansions possible.
<suppressed ~1786 debug messages>

7.43. Executing OPT_EXPR pass (perform const folding).
Optimizing module icebreaker.

7.44. Executing SIMPLEMAP pass (map simple cells to gate primitives).
Mapping icebreaker.$auto$alumacc.cc:512:replace_alu$7614.slice[0].carry ($lut).
Mapping icebreaker.$auto$alumacc.cc:512:replace_alu$7617.slice[0].carry ($lut).
Mapping icebreaker.$auto$alumacc.cc:512:replace_alu$7620.slice[0].carry ($lut).
Mapping icebreaker.$auto$alumacc.cc:512:replace_alu$7623.slice[0].carry ($lut).
Mapping icebreaker.$auto$alumacc.cc:512:replace_alu$7626.slice[0].carry ($lut).
Mapping icebreaker.$auto$alumacc.cc:512:replace_alu$7632.slice[0].carry ($lut).
Mapping icebreaker.$auto$alumacc.cc:512:replace_alu$7635.slice[0].carry ($lut).
Mapping icebreaker.$auto$alumacc.cc:512:replace_alu$7638.slice[0].carry ($lut).
Mapping icebreaker.$auto$alumacc.cc:512:replace_alu$7653.slice[0].carry ($lut).
Mapping icebreaker.$auto$alumacc.cc:512:replace_alu$7656.slice[0].carry ($lut).
Mapping icebreaker.$auto$alumacc.cc:512:replace_alu$7676.slice[0].carry ($lut).
Mapping icebreaker.$auto$alumacc.cc:512:replace_alu$7692.slice[0].carry ($lut).
Mapping icebreaker.$auto$alumacc.cc:512:replace_alu$7692.slice[22].carry ($lut).
Mapping icebreaker.$auto$alumacc.cc:512:replace_alu$7695.slice[0].carry ($lut).
Mapping icebreaker.$auto$alumacc.cc:512:replace_alu$7698.slice[0].carry ($lut).
Mapping icebreaker.$auto$alumacc.cc:512:replace_alu$7701.slice[0].carry ($lut).
Mapping icebreaker.$auto$alumacc.cc:512:replace_alu$7704.slice[0].carry ($lut).
Mapping icebreaker.$auto$alumacc.cc:512:replace_alu$7707.slice[0].carry ($lut).

7.45. Executing ICE40_OPT pass (performing simple optimizations).

7.45.1. Running ICE40 specific optimizations.

7.45.2. Executing OPT_EXPR pass (perform const folding).
Optimizing module icebreaker.
<suppressed ~548 debug messages>

7.45.3. Executing OPT_MERGE pass (detect identical cells).
Finding identical cells in module `\icebreaker'.
Computing hashes of 11209 cells of `\icebreaker'.
Finding duplicate cells in `\icebreaker'.
Computing hashes of 10245 cells of `\icebreaker'.
Finding duplicate cells in `\icebreaker'.
<suppressed ~2892 debug messages>
Removed a total of 964 cells.

7.45.4. Executing OPT_DFF pass (perform DFF optimizations).

7.45.5. Executing OPT_CLEAN pass (remove unused cells and wires).
Finding unused cells or wires in module \icebreaker..
Removed 0 unused cells and 10098 unused wires.
<suppressed ~1 debug messages>

7.45.6. Rerunning OPT passes. (Removed registers in this run.)

7.45.7. Running ICE40 specific optimizations.

7.45.8. Executing OPT_EXPR pass (perform const folding).
Optimizing module icebreaker.

7.45.9. Executing OPT_MERGE pass (detect identical cells).
Finding identical cells in module `\icebreaker'.
Computing hashes of 10245 cells of `\icebreaker'.
Finding duplicate cells in `\icebreaker'.
Removed a total of 0 cells.

7.45.10. Executing OPT_DFF pass (perform DFF optimizations).

7.45.11. Executing OPT_CLEAN pass (remove unused cells and wires).
Finding unused cells or wires in module \icebreaker..

7.45.12. Finished OPT passes. (There is nothing left to do.)

7.46. Executing TECHMAP pass (map to technology primitives).

7.46.1. Executing Verilog-2005 frontend: /homes/cl2033/oss-cad-suite/lib/../share/yosys/ice40/latches_map.v
Parsing Verilog input from `/homes/cl2033/oss-cad-suite/lib/../share/yosys/ice40/latches_map.v' to AST representation.
Generating RTLIL representation for module `$_DLATCH_N_'.
Generating RTLIL representation for module `$_DLATCH_P_'.
Successfully finished Verilog frontend.

7.46.2. Continuing TECHMAP pass.
No more expansions possible.
<suppressed ~4 debug messages>

7.47. Executing Verilog-2005 frontend: /homes/cl2033/oss-cad-suite/lib/../share/yosys/ice40/abc9_model.v
Parsing Verilog input from `/homes/cl2033/oss-cad-suite/lib/../share/yosys/ice40/abc9_model.v' to AST representation.
Generating RTLIL representation for module `$__ICE40_CARRY_WRAPPER'.
Successfully finished Verilog frontend.

7.48. Executing ABC9 pass.

7.48.1. Executing ABC9_OPS pass (helper functions for ABC9).

7.48.2. Executing ABC9_OPS pass (helper functions for ABC9).

7.48.3. Executing SCC pass (detecting logic loops).
Found 0 SCCs in module icebreaker.
Found 0 SCCs.

7.48.4. Executing ABC9_OPS pass (helper functions for ABC9).

7.48.5. Executing TECHMAP pass (map to technology primitives).

7.48.5.1. Executing Verilog-2005 frontend: /homes/cl2033/oss-cad-suite/lib/../share/yosys/techmap.v
Parsing Verilog input from `/homes/cl2033/oss-cad-suite/lib/../share/yosys/techmap.v' to AST representation.
Generating RTLIL representation for module `\_90_simplemap_bool_ops'.
Generating RTLIL representation for module `\_90_simplemap_reduce_ops'.
Generating RTLIL representation for module `\_90_simplemap_logic_ops'.
Generating RTLIL representation for module `\_90_simplemap_compare_ops'.
Generating RTLIL representation for module `\_90_simplemap_various'.
Generating RTLIL representation for module `\_90_simplemap_registers'.
Generating RTLIL representation for module `\_90_shift_ops_shr_shl_sshl_sshr'.
Generating RTLIL representation for module `\_90_shift_shiftx'.
Generating RTLIL representation for module `\_90_fa'.
Generating RTLIL representation for module `\_90_lcu_brent_kung'.
Generating RTLIL representation for module `\_90_alu'.
Generating RTLIL representation for module `\_90_macc'.
Generating RTLIL representation for module `\_90_alumacc'.
Generating RTLIL representation for module `$__div_mod_u'.
Generating RTLIL representation for module `$__div_mod_trunc'.
Generating RTLIL representation for module `\_90_div'.
Generating RTLIL representation for module `\_90_mod'.
Generating RTLIL representation for module `$__div_mod_floor'.
Generating RTLIL representation for module `\_90_divfloor'.
Generating RTLIL representation for module `\_90_modfloor'.
Generating RTLIL representation for module `\_90_pow'.
Generating RTLIL representation for module `\_90_pmux'.
Generating RTLIL representation for module `\_90_demux'.
Generating RTLIL representation for module `\_90_lut'.
Generating RTLIL representation for module `$connect'.
Generating RTLIL representation for module `$input_port'.
Successfully finished Verilog frontend.

7.48.5.2. Continuing TECHMAP pass.
No more expansions possible.
<suppressed ~131 debug messages>

7.48.6. Executing OPT pass (performing simple optimizations).

7.48.6.1. Executing OPT_EXPR pass (perform const folding).

7.48.6.2. Executing OPT_MERGE pass (detect identical cells).
Removed a total of 0 cells.

7.48.6.3. Executing OPT_MUXTREE pass (detect dead branches in mux trees).
Removed 0 multiplexer ports.

7.48.6.4. Executing OPT_REDUCE pass (consolidate $*mux and $reduce_* inputs).
Performed a total of 0 changes.

7.48.6.5. Executing OPT_MERGE pass (detect identical cells).
Removed a total of 0 cells.

7.48.6.6. Executing OPT_DFF pass (perform DFF optimizations).

7.48.6.7. Executing OPT_CLEAN pass (remove unused cells and wires).

7.48.6.8. Executing OPT_EXPR pass (perform const folding).

7.48.6.9. Finished fast OPT passes. (There is nothing left to do.)

7.48.7. Executing TECHMAP pass (map to technology primitives).

7.48.7.1. Executing Verilog-2005 frontend: /homes/cl2033/oss-cad-suite/lib/../share/yosys/abc9_map.v
Parsing Verilog input from `/homes/cl2033/oss-cad-suite/lib/../share/yosys/abc9_map.v' to AST representation.
Successfully finished Verilog frontend.

7.48.7.2. Continuing TECHMAP pass.
No more expansions possible.
<suppressed ~2 debug messages>

7.48.8. Executing Verilog-2005 frontend: /homes/cl2033/oss-cad-suite/lib/../share/yosys/abc9_model.v
Parsing Verilog input from `/homes/cl2033/oss-cad-suite/lib/../share/yosys/abc9_model.v' to AST representation.
Generating RTLIL representation for module `$__ABC9_DELAY'.
Generating RTLIL representation for module `$__ABC9_SCC_BREAKER'.
Generating RTLIL representation for module `$__DFF_N__$abc9_flop'.
Generating RTLIL representation for module `$__DFF_P__$abc9_flop'.
Successfully finished Verilog frontend.

7.48.9. Executing ABC9_OPS pass (helper functions for ABC9).
<suppressed ~2706 debug messages>

7.48.10. Executing ABC9_OPS pass (helper functions for ABC9).

7.48.11. Executing ABC9_OPS pass (helper functions for ABC9).
<suppressed ~2 debug messages>

7.48.12. Executing TECHMAP pass (map to technology primitives).

7.48.12.1. Executing Verilog-2005 frontend: /homes/cl2033/oss-cad-suite/lib/../share/yosys/techmap.v
Parsing Verilog input from `/homes/cl2033/oss-cad-suite/lib/../share/yosys/techmap.v' to AST representation.
Generating RTLIL representation for module `\_90_simplemap_bool_ops'.
Generating RTLIL representation for module `\_90_simplemap_reduce_ops'.
Generating RTLIL representation for module `\_90_simplemap_logic_ops'.
Generating RTLIL representation for module `\_90_simplemap_compare_ops'.
Generating RTLIL representation for module `\_90_simplemap_various'.
Generating RTLIL representation for module `\_90_simplemap_registers'.
Generating RTLIL representation for module `\_90_shift_ops_shr_shl_sshl_sshr'.
Generating RTLIL representation for module `\_90_shift_shiftx'.
Generating RTLIL representation for module `\_90_fa'.
Generating RTLIL representation for module `\_90_lcu_brent_kung'.
Generating RTLIL representation for module `\_90_alu'.
Generating RTLIL representation for module `\_90_macc'.
Generating RTLIL representation for module `\_90_alumacc'.
Generating RTLIL representation for module `$__div_mod_u'.
Generating RTLIL representation for module `$__div_mod_trunc'.
Generating RTLIL representation for module `\_90_div'.
Generating RTLIL representation for module `\_90_mod'.
Generating RTLIL representation for module `$__div_mod_floor'.
Generating RTLIL representation for module `\_90_divfloor'.
Generating RTLIL representation for module `\_90_modfloor'.
Generating RTLIL representation for module `\_90_pow'.
Generating RTLIL representation for module `\_90_pmux'.
Generating RTLIL representation for module `\_90_demux'.
Generating RTLIL representation for module `\_90_lut'.
Generating RTLIL representation for module `$connect'.
Generating RTLIL representation for module `$input_port'.
Successfully finished Verilog frontend.

7.48.12.2. Continuing TECHMAP pass.
Using template $paramod$__ICE40_CARRY_WRAPPER\LUT=16'0110100110010110\I3_IS_CI=1'1 for cells of type $paramod$__ICE40_CARRY_WRAPPER\LUT=16'0110100110010110\I3_IS_CI=1'1.
Using template SB_CARRY for cells of type SB_CARRY.
Using template $paramod\SB_LUT4\LUT_INIT=16'0110100110010110 for cells of type SB_LUT4.
Using extmapper simplemap for cells of type $mux.
Using extmapper simplemap for cells of type $logic_or.
Using extmapper simplemap for cells of type $logic_and.
No more expansions possible.
<suppressed ~158 debug messages>

7.48.13. Executing OPT pass (performing simple optimizations).

7.48.13.1. Executing OPT_EXPR pass (perform const folding).
Optimizing module icebreaker.
<suppressed ~4 debug messages>

7.48.13.2. Executing OPT_MERGE pass (detect identical cells).
Finding identical cells in module `\icebreaker'.
Computing hashes of 30 cells of `\icebreaker'.
Finding duplicate cells in `\icebreaker'.
Computing hashes of 20 cells of `\icebreaker'.
Finding duplicate cells in `\icebreaker'.
Computing hashes of 18 cells of `\icebreaker'.
Finding duplicate cells in `\icebreaker'.
<suppressed ~29 debug messages>
Removed a total of 12 cells.

7.48.13.3. Executing OPT_MUXTREE pass (detect dead branches in mux trees).
Running muxtree optimizer on module \icebreaker..
  Creating internal representation of mux trees.
  No muxes found in this module.
Removed 0 multiplexer ports.

7.48.13.4. Executing OPT_REDUCE pass (consolidate $*mux and $reduce_* inputs).
  Optimizing cells in module \icebreaker.
Performed a total of 0 changes.

7.48.13.5. Executing OPT_MERGE pass (detect identical cells).
Finding identical cells in module `\icebreaker'.
Computing hashes of 18 cells of `\icebreaker'.
Finding duplicate cells in `\icebreaker'.
Removed a total of 0 cells.

7.48.13.6. Executing OPT_DFF pass (perform DFF optimizations).

7.48.13.7. Executing OPT_CLEAN pass (remove unused cells and wires).
Finding unused cells or wires in module \icebreaker..
Removed 0 unused cells and 24 unused wires.
<suppressed ~1 debug messages>

7.48.13.8. Executing OPT_EXPR pass (perform const folding).
Optimizing module icebreaker.

7.48.13.9. Rerunning OPT passes. (Maybe there is more to do..)

7.48.13.10. Executing OPT_MUXTREE pass (detect dead branches in mux trees).
Running muxtree optimizer on module \icebreaker..
  Creating internal representation of mux trees.
  No muxes found in this module.
Removed 0 multiplexer ports.

7.48.13.11. Executing OPT_REDUCE pass (consolidate $*mux and $reduce_* inputs).
  Optimizing cells in module \icebreaker.
Performed a total of 0 changes.

7.48.13.12. Executing OPT_MERGE pass (detect identical cells).
Finding identical cells in module `\icebreaker'.
Computing hashes of 18 cells of `\icebreaker'.
Finding duplicate cells in `\icebreaker'.
Removed a total of 0 cells.

7.48.13.13. Executing OPT_DFF pass (perform DFF optimizations).

7.48.13.14. Executing OPT_CLEAN pass (remove unused cells and wires).
Finding unused cells or wires in module \icebreaker..

7.48.13.15. Executing OPT_EXPR pass (perform const folding).
Optimizing module icebreaker.

7.48.13.16. Finished fast OPT passes. (There is nothing left to do.)

7.48.14. Executing AIGMAP pass (map logic to AIG).
Module icebreaker: replaced 7 cells with 43 new cells, skipped 11 cells.
  replaced 2 cell types:
       5 $_MUX_
       2 $_OR_
  not replaced 3 cell types:
       2 $_AND_
       1 $_NOT_
       8 $specify2

7.48.15. Executing AIGMAP pass (map logic to AIG).
Module icebreaker: replaced 4823 cells with 26729 new cells, skipped 8126 cells.
  replaced 5 cell types:
       8 $_ANDNOT_
    2103 $_MUX_
      38 $_ORNOT_
    2280 $_OR_
     394 $_XOR_
  not replaced 23 cell types:
    2131 $_AND_
     651 $_NOT_
      12 $scopeinfo
       4 SB_MAC16
       4 SB_IO
     184 SB_DFF
     868 SB_DFFE
     267 SB_DFFSR
       4 SB_DFFSS
     362 SB_DFFESR
      75 SB_DFFESS
       4 SB_DFFN
       4 SB_SPRAM256KA
       4 $paramod$__ABC9_DELAY\DELAY=32'00000000000000000000000010000101
      64 $paramod$__ABC9_DELAY\DELAY=32'00000000000000000000000010100001
       4 $paramod$65b9e5893759870fd62e6b87dc6ba151fdc97e95\SB_RAM40_4K
      44 $paramod$__ABC9_DELAY\DELAY=32'00000000000000000000000011100000
       4 $paramod$__ABC9_DELAY\DELAY=32'00000000000000000000000001100010
       8 $paramod$__ABC9_DELAY\DELAY=32'00000000000000000000000100001011
      64 $paramod$__ABC9_DELAY\DELAY=32'00000000000000000000000100010010
     752 $paramod$__ABC9_DELAY\DELAY=32'00000000000000000000000011001011
    1764 $paramod$__ABC9_DELAY\DELAY=32'00000000000000000000000000010101
     848 $paramod$__ICE40_CARRY_WRAPPER\LUT=16'0110100110010110\I3_IS_CI=1'1

7.48.15.1. Executing ABC9_OPS pass (helper functions for ABC9).

7.48.15.2. Executing ABC9_OPS pass (helper functions for ABC9).

7.48.15.3. Executing XAIGER backend.
<suppressed ~1839 debug messages>
Extracted 11948 AND gates and 36684 wires from module `icebreaker' to a netlist network with 2031 inputs and 2975 outputs.

7.48.15.4. Executing ABC9_EXE pass (technology mapping using ABC9).

7.48.15.5. Executing ABC9.
Running ABC command: "<yosys-exe-dir>/yosys-abc" -s -f <abc-temp-dir>/abc.script 2>&1
ABC: ======== ABC command line "source <abc-temp-dir>/abc.script"
ABC: + read_lut <abc-temp-dir>/input.lut 
ABC: + read_box <abc-temp-dir>/input.box 
ABC: + &read <abc-temp-dir>/input.xaig 
ABC: + &ps 
ABC: <abc-temp-dir>/input : i/o =   2031/   2975  and =   11305  lev =   47 (1.74)  mem = 0.38 MB  box = 3552  bb = 2704
ABC: Warning: AIG with boxes has internal fanout in 0 complex flops and 1 carries.
ABC: + &scorr 
ABC: Warning: The network is combinational.
ABC: + &sweep 
ABC: + &dc2 
ABC: + &dch -f -r 
ABC: + &ps 
ABC: <abc-temp-dir>/input : i/o =   2031/   2975  and =   15805  lev =   50 (1.33)  mem = 0.43 MB  ch = 2153  box = 3539  bb = 2704
ABC: cst =       0  cls =   1649  lit =    2153  unused =   18408  proof =     0
ABC: Warning: AIG with boxes has internal fanout in 0 complex flops and 1 carries.
ABC: + &if -W 250 -v 
ABC: K = 4. Memory (bytes): Truth =    0. Cut =   52. Obj =  136. Set =  564. CutMin = no
ABC: Node =   15805.  Ch =  1649.  Total mem =    4.65 MB. Peak cut mem =    0.20 MB.
ABC: P:  Del = 9017.00.  Ar =    4900.0.  Edge =    17221.  Cut =    85018.  T =     0.01 sec
ABC: P:  Del = 9017.00.  Ar =    4619.0.  Edge =    16668.  Cut =    81575.  T =     0.01 sec
ABC: P:  Del = 9017.00.  Ar =    4113.0.  Edge =    13983.  Cut =    91025.  T =     0.01 sec
ABC: F:  Del = 9017.00.  Ar =    3848.0.  Edge =    13424.  Cut =    76889.  T =     0.01 sec
ABC: A:  Del = 9017.00.  Ar =    3690.0.  Edge =    12469.  Cut =    77540.  T =     0.02 sec
ABC: A:  Del = 9017.00.  Ar =    3660.0.  Edge =    12398.  Cut =    77668.  T =     0.02 sec
ABC: Total time =     0.09 sec
ABC: + &write -n <abc-temp-dir>/output.aig 
ABC: + &mfs 
ABC: + &ps -l 
ABC: <abc-temp-dir>/input : i/o =   2031/   2975  and =    9647  lev =   36 (1.42)  mem = 0.36 MB  box = 3539  bb = 2704
ABC: Mapping (K=4)  :  lut =   3427  edge =   11553  lev =   15 (0.83)  levB =   64  mem = 0.17 MB
ABC: LUT = 3427 : 2=634 18.5 %  3=887 25.9 %  4=1906 55.6 %  Ave = 3.37
ABC: Warning: AIG with boxes has internal fanout in 0 complex flops and 1 carries.
ABC: + &write -n <abc-temp-dir>/output.aig 
ABC: + &verify 
ABC: Networks are equivalent.  Time =     0.38 sec
ABC: + time 
ABC: elapse: 5.74 seconds, total: 5.74 seconds

7.48.15.6. Executing AIGER frontend.
<suppressed ~10036 debug messages>
Removed 13073 unused cells and 29478 unused wires.

7.48.15.7. Executing ABC9_OPS pass (helper functions for ABC9).
ABC RESULTS:              $lut cells:     3504
ABC RESULTS:   $paramod$__ICE40_CARRY_WRAPPER\LUT=16'0110100110010110\I3_IS_CI=1'1 cells:      835
ABC RESULTS:           input signals:      214
ABC RESULTS:          output signals:     2836
Removing temp directory.

7.48.16. Executing TECHMAP pass (map to technology primitives).

7.48.16.1. Executing Verilog-2005 frontend: /homes/cl2033/oss-cad-suite/lib/../share/yosys/abc9_unmap.v
Parsing Verilog input from `/homes/cl2033/oss-cad-suite/lib/../share/yosys/abc9_unmap.v' to AST representation.
Generating RTLIL representation for module `$__DFF_x__$abc9_flop'.
Generating RTLIL representation for module `$__ABC9_SCC_BREAKER'.
Successfully finished Verilog frontend.

7.48.16.2. Continuing TECHMAP pass.
Using template $paramod$__ICE40_CARRY_WRAPPER\LUT=16'0110100110010110\I3_IS_CI=1'1 for cells of type $paramod$__ICE40_CARRY_WRAPPER\LUT=16'0110100110010110\I3_IS_CI=1'1.
Using template $paramod$65b9e5893759870fd62e6b87dc6ba151fdc97e95\SB_RAM40_4K for cells of type $paramod$65b9e5893759870fd62e6b87dc6ba151fdc97e95\SB_RAM40_4K.
No more expansions possible.
<suppressed ~846 debug messages>

7.49. Executing ICE40_WRAPCARRY pass (wrap carries).

7.50. Executing TECHMAP pass (map to technology primitives).

7.50.1. Executing Verilog-2005 frontend: /homes/cl2033/oss-cad-suite/lib/../share/yosys/ice40/ff_map.v
Parsing Verilog input from `/homes/cl2033/oss-cad-suite/lib/../share/yosys/ice40/ff_map.v' to AST representation.
Generating RTLIL representation for module `$_DFF_N_'.
Generating RTLIL representation for module `$_DFF_P_'.
Generating RTLIL representation for module `$_DFFE_NP_'.
Generating RTLIL representation for module `$_DFFE_PP_'.
Generating RTLIL representation for module `$_DFF_NP0_'.
Generating RTLIL representation for module `$_DFF_NP1_'.
Generating RTLIL representation for module `$_DFF_PP0_'.
Generating RTLIL representation for module `$_DFF_PP1_'.
Generating RTLIL representation for module `$_DFFE_NP0P_'.
Generating RTLIL representation for module `$_DFFE_NP1P_'.
Generating RTLIL representation for module `$_DFFE_PP0P_'.
Generating RTLIL representation for module `$_DFFE_PP1P_'.
Generating RTLIL representation for module `$_SDFF_NP0_'.
Generating RTLIL representation for module `$_SDFF_NP1_'.
Generating RTLIL representation for module `$_SDFF_PP0_'.
Generating RTLIL representation for module `$_SDFF_PP1_'.
Generating RTLIL representation for module `$_SDFFCE_NP0P_'.
Generating RTLIL representation for module `$_SDFFCE_NP1P_'.
Generating RTLIL representation for module `$_SDFFCE_PP0P_'.
Generating RTLIL representation for module `$_SDFFCE_PP1P_'.
Successfully finished Verilog frontend.

7.50.2. Continuing TECHMAP pass.
No more expansions possible.
<suppressed ~22 debug messages>
Removed 708 unused cells and 43303 unused wires.

7.51. Executing OPT_LUT pass (optimize LUTs).
Discovering LUTs.
Number of LUTs:     4223
  1-LUT               77
  2-LUT              657
  3-LUT             1583
  4-LUT             1906
  with \SB_CARRY    (#0)  686
  with \SB_CARRY    (#1)  695

Eliminating LUTs.
Number of LUTs:     4223
  1-LUT               77
  2-LUT              657
  3-LUT             1583
  4-LUT             1906
  with \SB_CARRY    (#0)  686
  with \SB_CARRY    (#1)  695

Combining LUTs.
Number of LUTs:     4180
  1-LUT               77
  2-LUT              613
  3-LUT             1549
  4-LUT             1941
  with \SB_CARRY    (#0)  686
  with \SB_CARRY    (#1)  695

Eliminated 0 LUTs.
Combined 43 LUTs.
<suppressed ~29001 debug messages>

7.52. Executing TECHMAP pass (map to technology primitives).

7.52.1. Executing Verilog-2005 frontend: /homes/cl2033/oss-cad-suite/lib/../share/yosys/ice40/cells_map.v
Parsing Verilog input from `/homes/cl2033/oss-cad-suite/lib/../share/yosys/ice40/cells_map.v' to AST representation.
Generating RTLIL representation for module `$lut'.
Successfully finished Verilog frontend.

7.52.2. Continuing TECHMAP pass.
Using template $paramod$fd904e9e35cfd343a9df248824bd3f1408724879$lut for cells of type $lut.
Using template $paramod$lut\WIDTH=32'00000000000000000000000000000011\LUT=8'00000001 for cells of type $lut.
Using template $paramod$f9813472aa48e533b3838c6f2316dc2e78c66111$lut for cells of type $lut.
Using template $paramod$lut\WIDTH=32'00000000000000000000000000000010\LUT=4'0001 for cells of type $lut.
Using template $paramod$9d707d218adbd63b6f9a0c79d7ee037306fb6296$lut for cells of type $lut.
Using template $paramod$lut\WIDTH=32'00000000000000000000000000000011\LUT=8'00011101 for cells of type $lut.
Using template $paramod$lut\WIDTH=32'00000000000000000000000000000010\LUT=4'1000 for cells of type $lut.
Using template $paramod$e49f6e3576ef1a6d2f58c54414dbb786af8cc869$lut for cells of type $lut.
Using template $paramod$lut\WIDTH=32'00000000000000000000000000000011\LUT=8'11111000 for cells of type $lut.
Using template $paramod$lut\WIDTH=32'00000000000000000000000000000010\LUT=4'0110 for cells of type $lut.
Using template $paramod$7d35f3eb4056e6484203c99fe42cfcf1dfaba704$lut for cells of type $lut.
Using template $paramod$19e5b38cca183d8b6b3a15d20dc995c09cd71893$lut for cells of type $lut.
Using template $paramod$8d7a8d6e3356de09670738ba85f2c6b874f6b06d$lut for cells of type $lut.
Using template $paramod$lut\WIDTH=32'00000000000000000000000000000011\LUT=8'10000000 for cells of type $lut.
Using template $paramod$df196ed0a1da5c4a58c5e08a1dac304fd3fccaab$lut for cells of type $lut.
Using template $paramod$lut\WIDTH=32'00000000000000000000000000000010\LUT=4'0100 for cells of type $lut.
Using template $paramod$lut\WIDTH=32'00000000000000000000000000000011\LUT=8'01000000 for cells of type $lut.
Using template $paramod$782961deb8dc512aef835b73aa3765da3ab3c15c$lut for cells of type $lut.
Using template $paramod$lut\WIDTH=32'00000000000000000000000000000010\LUT=4'0010 for cells of type $lut.
Using template $paramod$1241d759e3df4cac11dc7c99c36b0d1b07f7a673$lut for cells of type $lut.
Using template $paramod$234fd643079033ba0cbc98ff572df9b7b7a0dc86$lut for cells of type $lut.
Using template $paramod$571404c0889eaf57f492cb5e37f8acb5df5852f9$lut for cells of type $lut.
Using template $paramod$253532b742d151c01e8e51f153c24d934b8f6185$lut for cells of type $lut.
Using template $paramod$lut\WIDTH=32'00000000000000000000000000000001\LUT=2'01 for cells of type $lut.
Using template $paramod$lut\WIDTH=32'00000000000000000000000000000011\LUT=8'00001001 for cells of type $lut.
Using template $paramod$30305e55a780880b9c824fe3509a4d981acb0f2b$lut for cells of type $lut.
Using template $paramod$lut\WIDTH=32'00000000000000000000000000000011\LUT=8'00100000 for cells of type $lut.
Using template $paramod$lut\WIDTH=32'00000000000000000000000000000011\LUT=8'10010000 for cells of type $lut.
Using template $paramod$332a399730bfc61adea04021a76b1c4e4030f37d$lut for cells of type $lut.
Using template $paramod$a59507d273cd827eb6c46c37820d50a1b717efdf$lut for cells of type $lut.
Using template $paramod$c1a19a87ccbbb03d43a72335db63f692ddf82cc1$lut for cells of type $lut.
Using template $paramod$e8b805c60b05d29dea83383ec9e8df8657d8e0fa$lut for cells of type $lut.
Using template $paramod$6ce6c9ed24092f88d858965e9e9a15c5bec9d6d7$lut for cells of type $lut.
Using template $paramod$658b9ed803f0d3d335616d3858b53e0a2522f1e8$lut for cells of type $lut.
Using template $paramod$272652f6c6fbe9a75eff76e45cc7e2788835518b$lut for cells of type $lut.
Using template $paramod$lut\WIDTH=32'00000000000000000000000000000011\LUT=8'00010000 for cells of type $lut.
Using template $paramod$lut\WIDTH=32'00000000000000000000000000000011\LUT=8'11100000 for cells of type $lut.
Using template $paramod$lut\WIDTH=32'00000000000000000000000000000011\LUT=8'00000010 for cells of type $lut.
Using template $paramod$lut\WIDTH=32'00000000000000000000000000000011\LUT=8'01010001 for cells of type $lut.
Using template $paramod$992bdc10cff2c6edd722994f0e1044bc863f79f7$lut for cells of type $lut.
Using template $paramod$a5516fc31d1e552de2435200bb732b4d4ad63a9c$lut for cells of type $lut.
Using template $paramod$161491d8314cab9d5d32db4aa31f31f4ef4f6dc6$lut for cells of type $lut.
Using template $paramod$fca001e3e0b52158a872e76e56c01ec10dfbb1de$lut for cells of type $lut.
Using template $paramod$b93d1ea7a612a32c185108f67a153d44ffb9aac2$lut for cells of type $lut.
Using template $paramod$ba7c22fadfbf9ee7abcb895a21403114111dd201$lut for cells of type $lut.
Using template $paramod$41326ad8644342a66dfb051d050f2b6fbf15015b$lut for cells of type $lut.
Using template $paramod$b4410865e8124402796f9dfbf73ef8d279fdbd08$lut for cells of type $lut.
Using template $paramod$lut\WIDTH=32'00000000000000000000000000000010\LUT=4'1001 for cells of type $lut.
Using template $paramod$5c7d886f3b88971ac55fed4bca034a87bf180f7d$lut for cells of type $lut.
Using template $paramod$6d6beead1425af15cf78b27fd9b11b41b5d4bce8$lut for cells of type $lut.
Using template $paramod$364c9ffbffac467d60dfec81bba4e18476c15602$lut for cells of type $lut.
Using template $paramod$2b29ccbd5fb8b9c557f92ddec1023c75686f32ae$lut for cells of type $lut.
Using template $paramod$47a8214374025465e226fa66bee690ff33268a25$lut for cells of type $lut.
Using template $paramod$lut\WIDTH=32'00000000000000000000000000000011\LUT=8'10110000 for cells of type $lut.
Using template $paramod$lut\WIDTH=32'00000000000000000000000000000011\LUT=8'11010000 for cells of type $lut.
Using template $paramod$lut\WIDTH=32'00000000000000000000000000000011\LUT=8'00001011 for cells of type $lut.
Using template $paramod$8614da24b3846fe751594d00fba789cfcb7b874c$lut for cells of type $lut.
Using template $paramod$f8f63b209b7230e81958663ff24fef1613156af7$lut for cells of type $lut.
Using template $paramod$63e3dfc669f1d4289cb743e89c076050008f92d1$lut for cells of type $lut.
Using template $paramod$c28a8b7ce0535d090c4cfb52e9c74affd52b110c$lut for cells of type $lut.
Using template $paramod$2b187743e9a5d701dd1d8451ad4fa986c1aea139$lut for cells of type $lut.
Using template $paramod$ce57c8604805f80ab07a0434d106bb987e82ae6c$lut for cells of type $lut.
Using template $paramod$lut\WIDTH=32'00000000000000000000000000000011\LUT=8'01000111 for cells of type $lut.
Using template $paramod$d50c45f171f91e8a1ab05cfc9389403110a01e5a$lut for cells of type $lut.
Using template $paramod$baa939b0bd5b3e0c8760492528669bd58f640542$lut for cells of type $lut.
Using template $paramod$b26fbfdb68e98cf016d61a8611b449e9f4a30f3c$lut for cells of type $lut.
Using template $paramod$lut\WIDTH=32'00000000000000000000000000000011\LUT=8'00001101 for cells of type $lut.
Using template $paramod$b4f85a6321a00b090afc4e21d68e7b99eb94d149$lut for cells of type $lut.
Using template $paramod$c71ed138d834112b80a85f4478e2e21f72e5c48b$lut for cells of type $lut.
Using template $paramod$lut\WIDTH=32'00000000000000000000000000000011\LUT=8'10000010 for cells of type $lut.
Using template $paramod$lut\WIDTH=32'00000000000000000000000000000011\LUT=8'01111111 for cells of type $lut.
Using template $paramod$15e09ab8f7df8d225706de985558fe8eca7cc41f$lut for cells of type $lut.
Using template $paramod$dbdbcb07b9994e498bb1324e5c006c6aa08a7a37$lut for cells of type $lut.
Using template $paramod$873c285bdccf0ac2b60d2304ea5cd14bf211d2a6$lut for cells of type $lut.
Using template $paramod$b40080b643baa8bb528ec249e10d82b2d80dfed9$lut for cells of type $lut.
Using template $paramod$lut\WIDTH=32'00000000000000000000000000000011\LUT=8'10101100 for cells of type $lut.
Using template $paramod$a9ebd93bc2fc1a9f7fc387533c3e17044ba51058$lut for cells of type $lut.
Using template $paramod$ee454ad2383885733a4273245816698f8443c10b$lut for cells of type $lut.
Using template $paramod$338ce46cf7ff44b9974887dd2adee6c4e0530bed$lut for cells of type $lut.
Using template $paramod$lut\WIDTH=32'00000000000000000000000000000011\LUT=8'00000111 for cells of type $lut.
Using template $paramod$lut\WIDTH=32'00000000000000000000000000000011\LUT=8'11000100 for cells of type $lut.
Using template $paramod$6e238df02989b317f10820a22773676e71120644$lut for cells of type $lut.
Using template $paramod$lut\WIDTH=32'00000000000000000000000000000011\LUT=8'01000101 for cells of type $lut.
Using template $paramod$lut\WIDTH=32'00000000000000000000000000000011\LUT=8'01001100 for cells of type $lut.
Using template $paramod$bba54c1ef87367812b4c15f4aed5ac70773df775$lut for cells of type $lut.
Using template $paramod$8b24407096beec47292ddeb1567a058197a320b9$lut for cells of type $lut.
Using template $paramod$2c01c78b93f77b5e79eae85526677e695be05a34$lut for cells of type $lut.
Using template $paramod$27dd7ea71d2126c74d85758e5a06b7f432d9242f$lut for cells of type $lut.
Using template $paramod$lut\WIDTH=32'00000000000000000000000000000010\LUT=4'1110 for cells of type $lut.
Using template $paramod$lut\WIDTH=32'00000000000000000000000000000011\LUT=8'11011000 for cells of type $lut.
Using template $paramod$beae4210b922fc9ba2fcc4008a7474b475e38c50$lut for cells of type $lut.
Using template $paramod$8f8f3ed0dfbd822273417c0b66ef033f29ee6b95$lut for cells of type $lut.
Using template $paramod$eab8c2e20ad6848564bec45c7148558972138f5b$lut for cells of type $lut.
Using template $paramod$lut\WIDTH=32'00000000000000000000000000000011\LUT=8'00100011 for cells of type $lut.
Using template $paramod$95405290ab850162780aaf9d904598a9a9ee1d4b$lut for cells of type $lut.
Using template $paramod$1be3a10aca64bc8b3d140a9dcfb9bac7a6744be9$lut for cells of type $lut.
Using template $paramod$1780bd352ec1af971e2f8a4e64b861091a94595b$lut for cells of type $lut.
Using template $paramod$lut\WIDTH=32'00000000000000000000000000000011\LUT=8'01110000 for cells of type $lut.
Using template $paramod$e5e9da8fed769f971686eed8c5eea50e61f73aaa$lut for cells of type $lut.
Using template $paramod$lut\WIDTH=32'00000000000000000000000000000011\LUT=8'00010101 for cells of type $lut.
Using template $paramod$11ec7271d8e6e5aeaace08c13e4c601f10e31038$lut for cells of type $lut.
Using template $paramod$517625bf4a7b846fd553901d881a35fcc8afe4c4$lut for cells of type $lut.
Using template $paramod$c7754eeb17b54dfe53ea4a973db3714d78ced2f9$lut for cells of type $lut.
Using template $paramod$ac0fa5d7a90a8bbe2427a08d007dd31ff56eaf3f$lut for cells of type $lut.
Using template $paramod$e0286d7bdebdb6346cb367bb1962e01892ba2e32$lut for cells of type $lut.
Using template $paramod$lut\WIDTH=32'00000000000000000000000000000011\LUT=8'00100111 for cells of type $lut.
Using template $paramod$lut\WIDTH=32'00000000000000000000000000000011\LUT=8'00001110 for cells of type $lut.
Using template $paramod$0392318cefd9d15f572622bd5a88290120220d9c$lut for cells of type $lut.
Using template $paramod$aff3a645bb9f572421a4f0f49cf8987ceb4bcdc5$lut for cells of type $lut.
Using template $paramod$3718b46f9fc8e7db62b1202aeaec21c3331ed565$lut for cells of type $lut.
Using template $paramod$1114d560ed98e9182fe073c9893577168d869f6b$lut for cells of type $lut.
Using template $paramod$179512a187da069f3b79ef6612a41e494e7d54b6$lut for cells of type $lut.
Using template $paramod$0ee0167fb5dd83bdfe7197fff23e2c7146c57037$lut for cells of type $lut.
Using template $paramod$efc60783c939ae41b2f3555af407b17c007b27f8$lut for cells of type $lut.
Using template $paramod$5348912da867a611a8088b6b8b27a62d65f1de6e$lut for cells of type $lut.
Using template $paramod$64ed40f74e19bff7f50592ea328f713c3f8b3f50$lut for cells of type $lut.
Using template $paramod$31f0a66a4b242b524303bfb4ac95c05ad74158f8$lut for cells of type $lut.
Using template $paramod$58bd588a49a6a3b9d057d75f907cb4932e1635f6$lut for cells of type $lut.
Using template $paramod$66658cbed86a8310f9b7ba1190d35eff90ee749b$lut for cells of type $lut.
Using template $paramod$620586420e818d3afa7e5b51fcf19f5c6ea83ad4$lut for cells of type $lut.
Using template $paramod$608f40069c27841a5b3bdf03643a34bdc8974072$lut for cells of type $lut.
Using template $paramod$097592bb16245531f0716c5ddb18d7090f9c7d9d$lut for cells of type $lut.
Using template $paramod$f5c23b297b0a8ca096118d63d2c74ddd6cbea134$lut for cells of type $lut.
Using template $paramod$3f1902fc3f0b2933ccafdaca77cf77fabde31645$lut for cells of type $lut.
Using template $paramod$lut\WIDTH=32'00000000000000000000000000000011\LUT=8'11001010 for cells of type $lut.
Using template $paramod$3702268f692b8bf258e428f65d3bca4e1f76d98b$lut for cells of type $lut.
Using template $paramod$97108e3cc0d0482a6e72e932e86430aa2177750b$lut for cells of type $lut.
Using template $paramod$3a0a392069bc969f34c65c546a8c56fbbb67e282$lut for cells of type $lut.
Using template $paramod$af01034afe1bdbc87587d263805971d96e724ed7$lut for cells of type $lut.
Using template $paramod$37c9af120c85145419565a9ccf4ceb7397fbbe92$lut for cells of type $lut.
Using template $paramod$27190b166827ead7a5b229ee873e4b91ee0faf61$lut for cells of type $lut.
Using template $paramod$3ae9f1cda205b669870c653a21d45eee50078e98$lut for cells of type $lut.
Using template $paramod$5c36a508e8885449eeca65fa0c02b7154f6a3130$lut for cells of type $lut.
Using template $paramod$219b71aec9a19e7a27754ed85a7d6cdad9e5ec96$lut for cells of type $lut.
Using template $paramod$20235ca863361fbc253329cfc7eeea38c77404dc$lut for cells of type $lut.
Using template $paramod$4fd3428c4b8b1accf8f8fb4bb88555a2b5fa688d$lut for cells of type $lut.
Using template $paramod$8fd8efe0a495790cc9ddc97266933ea8a8cd7b45$lut for cells of type $lut.
Using template $paramod$6e46ec5a196ba1a24b8e69ab094cadc07c13ac1f$lut for cells of type $lut.
Using template $paramod$lut\WIDTH=32'00000000000000000000000000000011\LUT=8'10001011 for cells of type $lut.
Using template $paramod$ec0df19840033c8b18208b7471309a53c2b25de8$lut for cells of type $lut.
Using template $paramod$lut\WIDTH=32'00000000000000000000000000000011\LUT=8'10111000 for cells of type $lut.
Using template $paramod$be48d952fcad8a16b8d84daa4c48a3065f343e5e$lut for cells of type $lut.
Using template $paramod$lut\WIDTH=32'00000000000000000000000000000011\LUT=8'00010011 for cells of type $lut.
Using template $paramod$79432275bae6ba3c8cd1f392a278d15c8c6d8c77$lut for cells of type $lut.
Using template $paramod$ab9e2dbf312b614b00e2956932705316bd566a24$lut for cells of type $lut.
Using template $paramod$lut\WIDTH=32'00000000000000000000000000000011\LUT=8'10001010 for cells of type $lut.
Using template $paramod$15a361e9afe53d073e5f05a5a1fc7d88e6644bc6$lut for cells of type $lut.
Using template $paramod$f87bcf1791971b4eaa30f3f28437044fef878a04$lut for cells of type $lut.
Using template $paramod$lut\WIDTH=32'00000000000000000000000000000011\LUT=8'01010100 for cells of type $lut.
Using template $paramod$7883547d2f6fa3a72889a7bcc143227c28d0318a$lut for cells of type $lut.
Using template $paramod$59f2a3e232df3029c8bc36978b9bbe72a71dfb5a$lut for cells of type $lut.
Using template $paramod$82b4a585d1edcb5c6e755dc9bd3392228a1c1304$lut for cells of type $lut.
Using template $paramod$6f3f060a82077d7722793a80a7f81ffcda8e7f4d$lut for cells of type $lut.
Using template $paramod$091020fc4c81b92d40cf9301ee038f3ac6e03908$lut for cells of type $lut.
Using template $paramod$c6a0421f5b5114b68e9782f0585d571421cf8f01$lut for cells of type $lut.
Using template $paramod$ba7b4568c306470a7f204c239212739869e234a1$lut for cells of type $lut.
Using template $paramod$d9f23974f72a3ab437d1a63d2f34fd3483a6f58d$lut for cells of type $lut.
Using template $paramod$323dbb47a6d14615772fecb6fe7c4bec277e6c6b$lut for cells of type $lut.
Using template $paramod$lut\WIDTH=32'00000000000000000000000000000011\LUT=8'10100010 for cells of type $lut.
Using template $paramod$b4f15f202f50520dbc381cd0880ac94f830f05a8$lut for cells of type $lut.
Using template $paramod$e85b6eba0dacefc5f73f8748159b8b9599212afc$lut for cells of type $lut.
Using template $paramod$f58e0d90afc57a738914697b6a4a7319b30d7e7e$lut for cells of type $lut.
Using template $paramod$449d02d5b7b3745f7d49b45f23eba3c9f4eb52ba$lut for cells of type $lut.
Using template $paramod$f7a897257decedfb6cc642e53d65fef7fc0df390$lut for cells of type $lut.
Using template $paramod$a1d323730045824cfc84bb9f4ee8031f1c4dcc9e$lut for cells of type $lut.
Using template $paramod$5f99aa1a31b4f0c356281a67e16706e1e689d29f$lut for cells of type $lut.
Using template $paramod$fda6887b37f599177ed9cb69271d882b63df7e66$lut for cells of type $lut.
Using template $paramod$18df3812bc12364e5ebcb6c3ed05c0294e4c26fc$lut for cells of type $lut.
Using template $paramod$4541c098116f7292d10d7d30a0922be20fa68a41$lut for cells of type $lut.
Using template $paramod$daac9b1e7bb2ac018f7132a3fbe0026ddd7b1a71$lut for cells of type $lut.
Using template $paramod$a03ef989f8f4e1878ce2f5c4e0e3d2dfb54307ef$lut for cells of type $lut.
Using template $paramod$b18f60dfd13c21d3e472b89652353f3f5342b450$lut for cells of type $lut.
Using template $paramod$6b0849254d6c87461fb93e37cc18f089f61eb912$lut for cells of type $lut.
Using template $paramod$3039c7f41767c4672f4e3f22ad78f16d42720fbf$lut for cells of type $lut.
Using template $paramod$546e7058455ceb43ea5ad2690dc4a23d958e04ec$lut for cells of type $lut.
Using template $paramod$a197ef6f3b51d411ae3e5b42b5d77a606c4fb11a$lut for cells of type $lut.
Using template $paramod$8702d826849a5d8af6dd5fde2d287a6443f7d076$lut for cells of type $lut.
Using template $paramod$3cd7ba4e37ac845a21f7d679f20c35087949289b$lut for cells of type $lut.
Using template $paramod$048d747237dc7c0c9b3ac38b28fd102440b9c369$lut for cells of type $lut.
Using template $paramod$lut\WIDTH=32'00000000000000000000000000000011\LUT=8'11101100 for cells of type $lut.
Using template $paramod$509383819812d331dca6b49338d0f34aecd1e133$lut for cells of type $lut.
Using template $paramod$86d1a43c2f1d620ff2cef866448dd1258c868fad$lut for cells of type $lut.
Using template $paramod$58df2c605746858c7e53492c8f57d6f1fafa12d2$lut for cells of type $lut.
Using template $paramod$lut\WIDTH=32'00000000000000000000000000000010\LUT=4'1011 for cells of type $lut.
Using template $paramod$b12c06dcea4e94212d81ae51560e40391ac83400$lut for cells of type $lut.
Using template $paramod$7491e7206ae8c682d288373efe06a43b67c277cf$lut for cells of type $lut.
Using template $paramod$lut\WIDTH=32'00000000000000000000000000000011\LUT=8'00101111 for cells of type $lut.
Using template $paramod$38f9bf4dd2329347b8471f0a98443dd323386889$lut for cells of type $lut.
Using template $paramod$6be53ab59e0a69757fc32adb071ddcb64e8c87b6$lut for cells of type $lut.
Using template $paramod$feac1814a13647ff95d85e23385825c648d6c2ee$lut for cells of type $lut.
Using template $paramod$e01a027fedb28671a20c130493a89c7afd4e87d3$lut for cells of type $lut.
Using template $paramod$32ccf65669c41e1e3bce1f16051f6d60ad96a2a0$lut for cells of type $lut.
Using template $paramod$8512f4fb47fa9596f76cdbe5b407a5b54df368e7$lut for cells of type $lut.
Using template $paramod$cad45b6c9da81941161a13849773fe2ed4bc1c6f$lut for cells of type $lut.
Using template $paramod$lut\WIDTH=32'00000000000000000000000000000011\LUT=8'10000100 for cells of type $lut.
Using template $paramod$b287726797d0722f64e731f1134f7c05af8f1578$lut for cells of type $lut.
Using template $paramod$ab5c02e04aac2a755a7077d4a47f25280e3bc179$lut for cells of type $lut.
Using template $paramod$66cfa457f3bf0a90e11a4f3cf9336b993db8c18a$lut for cells of type $lut.
Using template $paramod$77268019239d7d46332da9cb6aa01cbf3ba29ee3$lut for cells of type $lut.
Using template $paramod$e8b1383c6901b56df73ac402d78a5e0a42461be0$lut for cells of type $lut.
Using template $paramod$a50be0e6fa3a01511bb234559cb74fb8bd3e2061$lut for cells of type $lut.
Using template $paramod$lut\WIDTH=32'00000000000000000000000000000011\LUT=8'11001011 for cells of type $lut.
Using template $paramod$e51a8a571bee774247b38f52d6e85fd62ae52cea$lut for cells of type $lut.
Using template $paramod$84abafac600770dbecbd08e858f90b0a8d019d50$lut for cells of type $lut.
Using template $paramod$6a9b42dd2737c91073e6a695b8ac858c4a8587d7$lut for cells of type $lut.
Using template $paramod$lut\WIDTH=32'00000000000000000000000000000011\LUT=8'11110001 for cells of type $lut.
Using template $paramod$lut\WIDTH=32'00000000000000000000000000000010\LUT=4'0111 for cells of type $lut.
Using template $paramod$lut\WIDTH=32'00000000000000000000000000000011\LUT=8'11110010 for cells of type $lut.
Using template $paramod$lut\WIDTH=32'00000000000000000000000000000011\LUT=8'01110101 for cells of type $lut.
Using template $paramod$0d3ac82cf5b8a192d5ff4c23e3143360366ae882$lut for cells of type $lut.
Using template $paramod$lut\WIDTH=32'00000000000000000000000000000011\LUT=8'11001110 for cells of type $lut.
Using template $paramod$b009a26b33c3ca109c016cf968a774c0d66687bb$lut for cells of type $lut.
Using template $paramod$d6ca727e39f31d51d29072e0f33aa09c65e37336$lut for cells of type $lut.
Using template $paramod$46d981b5eabc08c1691f743d7a017e4435316de4$lut for cells of type $lut.
Using template $paramod$5e9374f44a27c3f8a1c38af244ec43ceb4fb8d4f$lut for cells of type $lut.
Using template $paramod$lut\WIDTH=32'00000000000000000000000000000011\LUT=8'11111110 for cells of type $lut.
Using template $paramod$5c32c59025c0b98f20e63f249d83e7ebb4b085e3$lut for cells of type $lut.
Using template $paramod$lut\WIDTH=32'00000000000000000000000000000011\LUT=8'10101110 for cells of type $lut.
Using template $paramod$2d07c1a6c53c7b878509360922c4fa5ebedc3011$lut for cells of type $lut.
Using template $paramod$lut\WIDTH=32'00000000000000000000000000000011\LUT=8'00111101 for cells of type $lut.
Using template $paramod$891d17c049ef97ffbed57a5d4edf3f9e83d4f776$lut for cells of type $lut.
Using template $paramod$lut\WIDTH=32'00000000000000000000000000000011\LUT=8'01101001 for cells of type $lut.
Using template $paramod$764f077a69bdc32449880eb7993086f6ef26b3ee$lut for cells of type $lut.
Using template $paramod$359fe4e746656bf9c72aecaff84fc7bdea9f55a5$lut for cells of type $lut.
Using template $paramod$5dc745bb48e2cf535179547ba13f0fe5364d6d54$lut for cells of type $lut.
Using template $paramod$b33d93970f22483a5f9c7de8e357c06241c9728e$lut for cells of type $lut.
Using template $paramod$lut\WIDTH=32'00000000000000000000000000000011\LUT=8'00001000 for cells of type $lut.
Using template $paramod$c685a6e5e211287be351ac5f1078c1501564ce89$lut for cells of type $lut.
Using template $paramod$3258fabf91107b4a007ae89b2246a16c31e8ae28$lut for cells of type $lut.
Using template $paramod$3751cff910103888107374559f35d9f1f2f94946$lut for cells of type $lut.
Using template $paramod$a2fbe7162371720a9cacb366ff4e9708d3a1f291$lut for cells of type $lut.
Using template $paramod$lut\WIDTH=32'00000000000000000000000000000010\LUT=4'1101 for cells of type $lut.
Using template $paramod$1843b3c15f2447d117e2d5de9b00f791ef5f9fa3$lut for cells of type $lut.
Using template $paramod$ec6c71d259df49ae0842190ffaff1179e43a8db4$lut for cells of type $lut.
Using template $paramod$101238f3d8d49ab12a9b49a2f01cd503b26e9c61$lut for cells of type $lut.
Using template $paramod$aabc38448f9289a9f09f7f433eb20ae11e3f6ed9$lut for cells of type $lut.
Using template $paramod$923a34bca12d215b7d61635060bb4ef616b5625f$lut for cells of type $lut.
Using template $paramod$52953750219effadf43093a566baf492fdd6b6c8$lut for cells of type $lut.
Using template $paramod$7f8dcbbcc0931c3398304053d9bb53ce1acb1b1f$lut for cells of type $lut.
Using template $paramod$4e9e23686d07a1fd91232ab07371e48a0e62a680$lut for cells of type $lut.
Using template $paramod$9a6965d4f53d69e345bd8d48283856520a30225e$lut for cells of type $lut.
Using template $paramod$a81cf453a316218febe7a33c0cf3157f69dfa7dc$lut for cells of type $lut.
Using template $paramod$9e354de8d358bf081aa0c089488ea3bc5b7c2fd9$lut for cells of type $lut.
Using template $paramod$6cf3af45e53e3262a3cbe3667dbe8957fd5e9d12$lut for cells of type $lut.
Using template $paramod$1dd08ae0c9c75c235d9038ee381888349f8b521a$lut for cells of type $lut.
Using template $paramod$29fb0dcbea7e19908c494ce4a8a756b15e2a78b6$lut for cells of type $lut.
Using template $paramod$965f8f2fa1a796a6c51222eabb50fbd26e97d98b$lut for cells of type $lut.
Using template $paramod$193d365ba3260f56de4ca734b1cedcf9dc72302b$lut for cells of type $lut.
Using template $paramod$lut\WIDTH=32'00000000000000000000000000000011\LUT=8'01110010 for cells of type $lut.
Using template $paramod$5d16e795d6c582b27c818459b159f81a7f4525c4$lut for cells of type $lut.
Using template $paramod$52acd744af558b1acd7f06b0e1d721506b042b9b$lut for cells of type $lut.
Using template $paramod$b1eed235f4595099c4d6771c299862db0590e4ad$lut for cells of type $lut.
Using template $paramod$d546db88fc169832512e499a9cdf9a41b89ab74e$lut for cells of type $lut.
Using template $paramod$lut\WIDTH=32'00000000000000000000000000000011\LUT=8'10001111 for cells of type $lut.
Using template $paramod$f3b603d1450c2c61ce732232fcb5fe1f2884aa83$lut for cells of type $lut.
Using template $paramod$b431bfd938e35871dd0b7668e1503c7e8b9d491c$lut for cells of type $lut.
Using template $paramod$lut\WIDTH=32'00000000000000000000000000000011\LUT=8'11101010 for cells of type $lut.
Using template $paramod$lut\WIDTH=32'00000000000000000000000000000011\LUT=8'00111011 for cells of type $lut.
Using template $paramod$lut\WIDTH=32'00000000000000000000000000000011\LUT=8'00110111 for cells of type $lut.
Using template $paramod$lut\WIDTH=32'00000000000000000000000000000011\LUT=8'11011100 for cells of type $lut.
Using template $paramod$f41ad5097d9f0f76cacde91c023873087e38be33$lut for cells of type $lut.
Using template $paramod$e6b62369302e1a57b32042fd2a7836dbed452325$lut for cells of type $lut.
Using template $paramod$e4f8d81c24db5be4d13730546a4ee5ffc8be826a$lut for cells of type $lut.
Using template $paramod$lut\WIDTH=32'00000000000000000000000000000011\LUT=8'01010010 for cells of type $lut.
Using template $paramod$lut\WIDTH=32'00000000000000000000000000000011\LUT=8'00101010 for cells of type $lut.
Using template $paramod$ad823946862e656cf7f96d606b18b8f972dc6d6c$lut for cells of type $lut.
Using template $paramod$f5f41ee5d60dede31a2b59f58ec46b167939d713$lut for cells of type $lut.
Using template $paramod$9ea238b3c4036add2bd96e5aaac8768e1ad77c5a$lut for cells of type $lut.
Using template $paramod$e46703b423a661cd7d311c41833ea655969702cc$lut for cells of type $lut.
Using template $paramod$cae45ff85b946d8cfe295bf4feda7db55ee71cea$lut for cells of type $lut.
Using template $paramod$4c8de682f2508054a5f7f13444038e3331866a9d$lut for cells of type $lut.
Using template $paramod$e0bde73e598487237493c8a43ca52c95a3727354$lut for cells of type $lut.
Using template $paramod$lut\WIDTH=32'00000000000000000000000000000011\LUT=8'11100100 for cells of type $lut.
Using template $paramod$ff315d5084ed3c80e34901fe05add0db5feb0b93$lut for cells of type $lut.
Using template $paramod$75d5c453cca75cc7a7ca320c4fb7be0932b6aaa7$lut for cells of type $lut.
Using template $paramod$lut\WIDTH=32'00000000000000000000000000000011\LUT=8'01001110 for cells of type $lut.
Using template $paramod$e4b832d686d12318ec0715f027fe549b42e45c20$lut for cells of type $lut.
Using template $paramod$lut\WIDTH=32'00000000000000000000000000000011\LUT=8'10111111 for cells of type $lut.
Using template $paramod$723be7177967d6866729df0ff463a602326a012e$lut for cells of type $lut.
Using template $paramod$9264cd5418c36d754331aa206e64072e8dbf89db$lut for cells of type $lut.
Using template $paramod$70a934594406e8042bf2854c778fef542ef3ea5f$lut for cells of type $lut.
Using template $paramod$498daa9936ffa1c0b12d774cacc95a35d14b818e$lut for cells of type $lut.
Using template $paramod$lut\WIDTH=32'00000000000000000000000000000011\LUT=8'11100010 for cells of type $lut.
Using template $paramod$e0cf532d3d0f888b696f053ed709f92544222805$lut for cells of type $lut.
Using template $paramod$8d6488bf3eded5ffc8423c5b07a7c26381708325$lut for cells of type $lut.
Using template $paramod$dc2c6712e2363e0ec4d02acb1b3c7aca5011dab3$lut for cells of type $lut.
Using template $paramod$176a6ceafa512d807921d7dfc76320dfbbfb5fe4$lut for cells of type $lut.
Using template $paramod$6de442abe246ff8c0692702d40d84ce1c07479d9$lut for cells of type $lut.
Using template $paramod$23c406d3302544ed79a645df17e697e360ff2a8d$lut for cells of type $lut.
Using template $paramod$lut\WIDTH=32'00000000000000000000000000000011\LUT=8'11101111 for cells of type $lut.
Using template $paramod$ed7c2114137350227a95d36eacb018e373765cc2$lut for cells of type $lut.
Using template $paramod$5552b23a89809fed2b1588e8f91bb3893be2e6ce$lut for cells of type $lut.
Using template $paramod$047ec0a110b3f33933a5b165fc8e4bbf23b12f0a$lut for cells of type $lut.
Using template $paramod$f5c118b1371bfc24986fe89a9f3e936c05edfbc3$lut for cells of type $lut.
Using template $paramod$e484b1e0bd351ba5af34f5fd66a8e850cc5b8335$lut for cells of type $lut.
Using template $paramod$d74f27ecdfbf562ce0161f824cec9778b19ee549$lut for cells of type $lut.
Using template $paramod$48ed08ac863093cb81be5bfb1a860b60659d37e0$lut for cells of type $lut.
Using template $paramod$c9374e4aadca7f30556fc688a64b8e22d24fd5a5$lut for cells of type $lut.
Using template $paramod$e5759512db67494ff77fbdfc66dff4006376568f$lut for cells of type $lut.
Using template $paramod$lut\WIDTH=32'00000000000000000000000000000011\LUT=8'00011011 for cells of type $lut.
Using template $paramod$2de23df76a24087ecc0fa38a78ecc970cd3f2492$lut for cells of type $lut.
Using template $paramod$79364b9974cfc81fb54c164d10340bf9c7bccd7f$lut for cells of type $lut.
Using template $paramod$e412821338883e25f2e0d1a1d7fada158db69807$lut for cells of type $lut.
Using template $paramod$e8ba44e4a3ee29c32776f6151b0293be3e5fa416$lut for cells of type $lut.
Using template $paramod$4d5682dd6afedfd6df0816b3bca3365bbde91748$lut for cells of type $lut.
Using template $paramod$e2f682077d75dd018226341dd2d7343aa220f0c8$lut for cells of type $lut.
Using template $paramod$lut\WIDTH=32'00000000000000000000000000000011\LUT=8'11110100 for cells of type $lut.
Using template $paramod$3eb8805ccd6f91bad96dcbf190c2fb4f72f4634f$lut for cells of type $lut.
Using template $paramod$05ac1639ab7543654a2476d11c1711de01f760e6$lut for cells of type $lut.
Using template $paramod$2902eb8ec3ca272968b5d8a7010e48f85069ed0f$lut for cells of type $lut.
Using template $paramod$lut\WIDTH=32'00000000000000000000000000000011\LUT=8'10001101 for cells of type $lut.
Using template $paramod$7a0b348a7069d0c8f44afe945e212fcf3f3fd64c$lut for cells of type $lut.
Using template $paramod$lut\WIDTH=32'00000000000000000000000000000011\LUT=8'10110011 for cells of type $lut.
Using template $paramod$c471af5667a682bd131a5b479e58e470d1b2b7cd$lut for cells of type $lut.
Using template $paramod$d35161d1d7976dcc02e7c7d51172431be85143b4$lut for cells of type $lut.
Using template $paramod$4e79aa6839e287ee36e65fa83c13a532a028e9cd$lut for cells of type $lut.
Using template $paramod$lut\WIDTH=32'00000000000000000000000000000011\LUT=8'10101000 for cells of type $lut.
Using template $paramod$lut\WIDTH=32'00000000000000000000000000000011\LUT=8'00110001 for cells of type $lut.
Using template $paramod$4cab3b31c601551ff65536bf4f533afa0b2094ee$lut for cells of type $lut.
Using template $paramod$f65af1b660a013aeaba9a5dc41e6bdede642e3c3$lut for cells of type $lut.
Using template $paramod$a1cfe99817bd6d57a83efd5e1c3fc26a743b692f$lut for cells of type $lut.
Using template $paramod$1bf62ab10e48d71d6497bccacf5c70420c470fe9$lut for cells of type $lut.
Using template $paramod$lut\WIDTH=32'00000000000000000000000000000011\LUT=8'11110111 for cells of type $lut.
Using template $paramod$32abbd1d449a67fb913b4733374e345d4c17175b$lut for cells of type $lut.
Using template $paramod$b19788283dc842f2fb05a9f39a9441055f36b13a$lut for cells of type $lut.
Using template $paramod$018d71a0fe325d6362687fe53ac13dd6340e400d$lut for cells of type $lut.
Using template $paramod$1b53a9695a0f80de7517b50863b438fd2b7f56da$lut for cells of type $lut.
Using template $paramod$8d0f2c5f145938efe1b2edc77e3fd17de7330ca5$lut for cells of type $lut.
Using template $paramod$bc9180cdfcd49ad6f178d338e90551ccba0f90ae$lut for cells of type $lut.
Using template $paramod$28ba90bb95963b63750b27cda749dbcd75757c3a$lut for cells of type $lut.
Using template $paramod$lut\WIDTH=32'00000000000000000000000000000011\LUT=8'00000110 for cells of type $lut.
Using template $paramod$lut\WIDTH=32'00000000000000000000000000000011\LUT=8'11111011 for cells of type $lut.
Using template $paramod$7d3cbfc289ec00e0691f33de08826f2254fca668$lut for cells of type $lut.
Using template $paramod$432f26b811c14bf54c5e87c8670ec65cbcaf38ac$lut for cells of type $lut.
Using template $paramod$c5f3c57a6d466a2f42208bafb8985b96ce884440$lut for cells of type $lut.
Using template $paramod$5321e04f7ce32c091123c3570ab562efb1c81402$lut for cells of type $lut.
Using template $paramod$c217e185eb8e6463ca272982ba8c5940fa90d81f$lut for cells of type $lut.
Using template $paramod$de5328836923c44c99600bcab852423201246f91$lut for cells of type $lut.
Using template $paramod$581b84176f11a18f327b1ea6c43637b3f5543297$lut for cells of type $lut.
Using template $paramod$fb5ee0bdef1c4e74aaf1fd8efae98b46a2f5e564$lut for cells of type $lut.
Using template $paramod$d61dc5ff3a9102f3e1b420770cb57c48730b6a64$lut for cells of type $lut.
Using template $paramod$9d1915f40715c7f715525567f7dfd63744c26c4a$lut for cells of type $lut.
Using template $paramod$c11ee6bbb8d9fd9cf391261624c378fb45e86b84$lut for cells of type $lut.
Using template $paramod$0aae27145afd1348566af63c85046495acb0e0d8$lut for cells of type $lut.
Using template $paramod$b80e608920ce9cfa1f5c7d21df7a72954e9b0a70$lut for cells of type $lut.
Using template $paramod$b2e8d279775d333b39e310bd45fd5952acdde290$lut for cells of type $lut.
Using template $paramod$6b7c9c56fc2a32a479d463d5f3b0d3f4673b67f1$lut for cells of type $lut.
Using template $paramod$1816ab9d89d34338423e92baed3cee854d70815a$lut for cells of type $lut.
Using template $paramod$4b2297966ddb718657b80566604f97685ffc0120$lut for cells of type $lut.
Using template $paramod$2ea69c779d6c1b79ac5a87b0d1523c67d5628dba$lut for cells of type $lut.
Using template $paramod$f671b3f3b0498606c282f75758f0d20cff9551f9$lut for cells of type $lut.
Using template $paramod$18085fe4c0c6485495a847949cd87d0e8f3957d3$lut for cells of type $lut.
Using template $paramod$1da7671d5a831182fa319b389380f67221c32724$lut for cells of type $lut.
Using template $paramod$2764c23c9c6883d20ec8a0ee0d366b993e546e7c$lut for cells of type $lut.
Using template $paramod$cca91865608dd586e73a3282da74e475e61aca04$lut for cells of type $lut.
Using template $paramod$lut\WIDTH=32'00000000000000000000000000000011\LUT=8'00111010 for cells of type $lut.
Using template $paramod$622f15e1486e14083b8aad1ca2a797d1b21b4f3f$lut for cells of type $lut.
Using template $paramod$lut\WIDTH=32'00000000000000000000000000000011\LUT=8'00000100 for cells of type $lut.
Using template $paramod$86a2012952f04cefa72e370aab0057e92dde5981$lut for cells of type $lut.
Using template $paramod$a3077fa2cf8e48a37d410abdac8a7cce2583fbf3$lut for cells of type $lut.
Using template $paramod$779a912c2e61b008e2ba6da235f91f694eb7e6d7$lut for cells of type $lut.
Using template $paramod$3f6d9d99ea7ef3b700f056470f3d63fc0240b099$lut for cells of type $lut.
Using template $paramod$6c51c1ba6c39f0c09b896d52432b366f116bd3c1$lut for cells of type $lut.
Using template $paramod$5a3b726670ce434c27ab6d39e16edfbe9baa03b2$lut for cells of type $lut.
Using template $paramod$6051cc942ebe6def12ad03e74fc57fd19331d317$lut for cells of type $lut.
Using template $paramod$0e0870bf79131706bf05dca665a87ceb3317ed10$lut for cells of type $lut.
Using template $paramod$9dd298ae76fb41ac94779a83c068607fbc09ce4f$lut for cells of type $lut.
Using template $paramod$lut\WIDTH=32'00000000000000000000000000000011\LUT=8'01101100 for cells of type $lut.
Using template $paramod$lut\WIDTH=32'00000000000000000000000000000011\LUT=8'10100011 for cells of type $lut.
Using template $paramod$22b583baaf1c06bace285d55a1fce13b27d2a529$lut for cells of type $lut.
Using template $paramod$7aa8140c7d6de3160b21e7ff84e0f93f69f7fcc6$lut for cells of type $lut.
Using template $paramod$6021d979c3a6f6d4d7d9e4026bc9b37c0a94c801$lut for cells of type $lut.
Using template $paramod$cad8f5c808e91f937dcf797b89e646787b39867a$lut for cells of type $lut.
Using template $paramod$3bd67bc7f88e9d6e493163d4a469370103f69341$lut for cells of type $lut.
Using template $paramod$22401499cdd44f3533d03c4b246566376c46a67b$lut for cells of type $lut.
Using template $paramod$5e27b944082fd8a7cce15aadbe1382d5535f275b$lut for cells of type $lut.
Using template $paramod$lut\WIDTH=32'00000000000000000000000000000011\LUT=8'00110101 for cells of type $lut.
Using template $paramod$979c14d8d4c23e2c6576f7cb9e6f640bbc3eeaf6$lut for cells of type $lut.
Using template $paramod$6ffaa13445c33f3193b27ae6b9f5de8e6953d01b$lut for cells of type $lut.
Using template $paramod$d644d9cf6c4533d3c532b4c582e56aa5923bbd67$lut for cells of type $lut.
Using template $paramod$20e9f4e7bcc74bf9939ab3af7dfd12864bf7d0ff$lut for cells of type $lut.
Using template $paramod$81d8a60fd95b1a9f9ef71c12a774ae6988cb9fd5$lut for cells of type $lut.
Using template $paramod$aa87f4b44361d4073f55a64babebb83974861eee$lut for cells of type $lut.
Using template $paramod$aef10123829eaafb02498459a742fc3907f4dd74$lut for cells of type $lut.
Using template $paramod$lut\WIDTH=32'00000000000000000000000000000011\LUT=8'01010011 for cells of type $lut.
Using template $paramod$7b809938766c3068dc017c276033f224fcfb7189$lut for cells of type $lut.
Using template $paramod$12e02a8d7fd736dab9f544ee94424add261abffb$lut for cells of type $lut.
Using template $paramod$64669a7e87c28e39425dffff48145545533b4971$lut for cells of type $lut.
Using template $paramod$ab8bb87959c5d7cfa27886cee1355b38e054a61a$lut for cells of type $lut.
Using template $paramod$0c5a54c406cdb1ed108583f5d43071050a5e4d5c$lut for cells of type $lut.
Using template $paramod$7bdafbcc070ca3a98b9a76179d525bdc1c294233$lut for cells of type $lut.
Using template $paramod$92c3899764cd8074859d6a5a5b733cffe8a391b3$lut for cells of type $lut.
Using template $paramod$17501b83e92414784378d9e96f0093d9409cae7a$lut for cells of type $lut.
Using template $paramod$7ea2352f8f054781a715aeddf3e67f1db65f005a$lut for cells of type $lut.
No more expansions possible.
<suppressed ~9305 debug messages>
Removed 0 unused cells and 9674 unused wires.

7.53. Executing AUTONAME pass.
Renamed 10473 objects in module icebreaker (1207 iterations).
<suppressed ~10473 debug messages>

7.54. Executing HIERARCHY pass (managing design hierarchy).
Attribute `top' found on module `icebreaker'. Setting top module to icebreaker.

7.54.1. Analyzing design hierarchy..
Top module:  \icebreaker

7.54.2. Analyzing design hierarchy..
Top module:  \icebreaker
Removed 0 unused modules.

7.55. Printing statistics.

=== icebreaker ===

        +----------Local Count, excluding submodules.
        | 
     4115 wires
    12138 wire bits
     4115 public wires
    12138 public wire bits
       24 ports
       24 port bits
       28 cells
       12   $scopeinfo
        4   SB_IO
        4   SB_MAC16
        4   SB_RAM40_4K
        4   SB_SPRAM256KA
     6750 submodules
      806   SB_CARRY
      184   SB_DFF
      868   SB_DFFE
      362   SB_DFFESR
       75   SB_DFFESS
        4   SB_DFFN
      267   SB_DFFSR
        4   SB_DFFSS
     4180   SB_LUT4

=== design hierarchy ===

        +----------Count including submodules.
        | 
       28 icebreaker

        +----------Count including submodules.
        | 
     4115 wires
    12138 wire bits
     4115 public wires
    12138 public wire bits
       24 ports
       24 port bits
        - memories
        - memory bits
        - processes
       28 cells
       12   $scopeinfo
        4   SB_IO
        4   SB_MAC16
        4   SB_RAM40_4K
        4   SB_SPRAM256KA
     6750 submodules
      806   SB_CARRY
      184   SB_DFF
      868   SB_DFFE
      362   SB_DFFESR
       75   SB_DFFESS
        4   SB_DFFN
      267   SB_DFFSR
        4   SB_DFFSS
     4180   SB_LUT4

7.56. Executing CHECK pass (checking for obvious problems).
Checking module icebreaker...
Found and reported 0 problems.

7.57. Executing JSON backend.

End of script. Logfile hash: 69742e9b76, CPU: user 8.55s system 0.15s, MEM: 472.95 MB peak
Yosys 0.63+97 (git sha1 1111a401f, clang++ 18.1.8 -fPIC -O3)
Time spent: 39% 1x abc9_exe (5 sec), 22% 1x autoname (3 sec), ...
