
 /----------------------------------------------------------------------------\
 |  yosys -- Yosys Open SYnthesis Suite                                       |
 |  Copyright (C) 2012 - 2026  Claire Xenia Wolf <claire@yosyshq.com>         |
 |  Distributed under an ISC-like license, type "license" to see terms        |
 \----------------------------------------------------------------------------/
 Yosys 0.63+97 (git sha1 1111a401f, clang++ 18.1.8 -fPIC -O3)

-- Parsing `icebreaker.v' using frontend ` -vlog2k' --

1. Executing Verilog-2005 frontend: icebreaker.v
Parsing Verilog input from `icebreaker.v' to AST representation.
Storing AST representation for module `$abstract\icebreaker'.
Storing AST representation for module `$abstract\seven_seg_ctrl'.
Storing AST representation for module `$abstract\seven_seg_hex'.
Successfully finished Verilog frontend.

-- Parsing `ice40up5k_spram.v' using frontend ` -vlog2k' --

2. Executing Verilog-2005 frontend: ice40up5k_spram.v
Parsing Verilog input from `ice40up5k_spram.v' to AST representation.
Storing AST representation for module `$abstract\ice40up5k_spram'.
Successfully finished Verilog frontend.

-- Parsing `spimemio.v' using frontend ` -vlog2k' --

3. Executing Verilog-2005 frontend: spimemio.v
Parsing Verilog input from `spimemio.v' to AST representation.
Storing AST representation for module `$abstract\spimemio'.
Storing AST representation for module `$abstract\spimemio_xfer'.
Successfully finished Verilog frontend.

-- Parsing `simpleuart.v' using frontend ` -vlog2k' --

4. Executing Verilog-2005 frontend: simpleuart.v
Parsing Verilog input from `simpleuart.v' to AST representation.
Storing AST representation for module `$abstract\simpleuart'.
Successfully finished Verilog frontend.

-- Parsing `picosoc.v' using frontend ` -vlog2k' --

5. Executing Verilog-2005 frontend: picosoc.v
Parsing Verilog input from `picosoc.v' to AST representation.
Storing AST representation for module `$abstract\picosoc'.
Storing AST representation for module `$abstract\spimem_cache_forward'.
Storing AST representation for module `$abstract\spimem_cache_direct_mapped'.
Storing AST representation for module `$abstract\picosoc_regs'.
Storing AST representation for module `$abstract\picosoc_mem'.
Successfully finished Verilog frontend.

-- Parsing `../picorv32.v' using frontend ` -vlog2k' --

6. Executing Verilog-2005 frontend: ../picorv32.v
Parsing Verilog input from `../picorv32.v' to AST representation.
Storing AST representation for module `$abstract\picorv32'.
Storing AST representation for module `$abstract\picorv32_regs'.
Storing AST representation for module `$abstract\picorv32_pcpi_mul'.
Storing AST representation for module `$abstract\picorv32_pcpi_fast_mul'.
Storing AST representation for module `$abstract\picorv32_pcpi_div'.
Storing AST representation for module `$abstract\picorv32_axi'.
Storing AST representation for module `$abstract\picorv32_axi_adapter'.
Storing AST representation for module `$abstract\picorv32_wb'.
Successfully finished Verilog frontend.

-- Running command `synth_ice40 -dsp -top icebreaker -json icebreaker.json' --

7. Executing SYNTH_ICE40 pass.

7.1. Executing Verilog-2005 frontend: /homes/cl2033/oss-cad-suite/lib/../share/yosys/ice40/cells_sim.v
Parsing Verilog input from `/homes/cl2033/oss-cad-suite/lib/../share/yosys/ice40/cells_sim.v' to AST representation.
Generating RTLIL representation for module `\SB_IO'.
Generating RTLIL representation for module `\SB_GB_IO'.
Generating RTLIL representation for module `\SB_GB'.
Generating RTLIL representation for module `\SB_LUT4'.
Generating RTLIL representation for module `\SB_CARRY'.
Generating RTLIL representation for module `\SB_DFF'.
Generating RTLIL representation for module `\SB_DFFE'.
Generating RTLIL representation for module `\SB_DFFSR'.
Generating RTLIL representation for module `\SB_DFFR'.
Generating RTLIL representation for module `\SB_DFFSS'.
Generating RTLIL representation for module `\SB_DFFS'.
Generating RTLIL representation for module `\SB_DFFESR'.
Generating RTLIL representation for module `\SB_DFFER'.
Generating RTLIL representation for module `\SB_DFFESS'.
Generating RTLIL representation for module `\SB_DFFES'.
Generating RTLIL representation for module `\SB_DFFN'.
Generating RTLIL representation for module `\SB_DFFNE'.
Generating RTLIL representation for module `\SB_DFFNSR'.
Generating RTLIL representation for module `\SB_DFFNR'.
Generating RTLIL representation for module `\SB_DFFNSS'.
Generating RTLIL representation for module `\SB_DFFNS'.
Generating RTLIL representation for module `\SB_DFFNESR'.
Generating RTLIL representation for module `\SB_DFFNER'.
Generating RTLIL representation for module `\SB_DFFNESS'.
Generating RTLIL representation for module `\SB_DFFNES'.
Generating RTLIL representation for module `\SB_RAM40_4K'.
Generating RTLIL representation for module `\SB_RAM40_4KNR'.
Generating RTLIL representation for module `\SB_RAM40_4KNW'.
Generating RTLIL representation for module `\SB_RAM40_4KNRNW'.
Generating RTLIL representation for module `\ICESTORM_LC'.
Generating RTLIL representation for module `\SB_PLL40_CORE'.
Generating RTLIL representation for module `\SB_PLL40_PAD'.
Generating RTLIL representation for module `\SB_PLL40_2_PAD'.
Generating RTLIL representation for module `\SB_PLL40_2F_CORE'.
Generating RTLIL representation for module `\SB_PLL40_2F_PAD'.
Generating RTLIL representation for module `\SB_WARMBOOT'.
Generating RTLIL representation for module `\SB_SPRAM256KA'.
Generating RTLIL representation for module `\SB_HFOSC'.
Generating RTLIL representation for module `\SB_LFOSC'.
Generating RTLIL representation for module `\SB_RGBA_DRV'.
Generating RTLIL representation for module `\SB_LED_DRV_CUR'.
Generating RTLIL representation for module `\SB_RGB_DRV'.
Generating RTLIL representation for module `\SB_I2C'.
Generating RTLIL representation for module `\SB_SPI'.
Generating RTLIL representation for module `\SB_LEDDA_IP'.
Generating RTLIL representation for module `\SB_FILTER_50NS'.
Generating RTLIL representation for module `\SB_IO_I3C'.
Generating RTLIL representation for module `\SB_IO_OD'.
Generating RTLIL representation for module `\SB_MAC16'.
Generating RTLIL representation for module `\ICESTORM_RAM'.
Successfully finished Verilog frontend.

7.2. Executing HIERARCHY pass (managing design hierarchy).

7.3. Executing AST frontend in derive mode using pre-parsed AST for module `\icebreaker'.
Generating RTLIL representation for module `\icebreaker'.

7.3.1. Analyzing design hierarchy..
Top module:  \icebreaker
Parameter \BARREL_SHIFTER = 0
Parameter \ENABLE_MUL = 0
Parameter \ENABLE_DIV = 0
Parameter \ENABLE_FAST_MUL = 1
Parameter \MEM_WORDS = 32768

7.3.2. Executing AST frontend in derive mode using pre-parsed AST for module `\picosoc'.
Parameter \BARREL_SHIFTER = 0
Parameter \ENABLE_MUL = 0
Parameter \ENABLE_DIV = 0
Parameter \ENABLE_FAST_MUL = 1
Parameter \MEM_WORDS = 32768
Generating RTLIL representation for module `$paramod$f03d4e23a3a44173f9a2edec4a46578428035902\picosoc'.

7.3.3. Executing AST frontend in derive mode using pre-parsed AST for module `\seven_seg_ctrl'.
Generating RTLIL representation for module `\seven_seg_ctrl'.

7.3.4. Analyzing design hierarchy..
Top module:  \icebreaker
Used module:     $paramod$f03d4e23a3a44173f9a2edec4a46578428035902\picosoc
Used module:     \seven_seg_ctrl

7.3.5. Executing AST frontend in derive mode using pre-parsed AST for module `\seven_seg_hex'.
Generating RTLIL representation for module `\seven_seg_hex'.
Parameter \WORDS = 32768

7.3.6. Executing AST frontend in derive mode using pre-parsed AST for module `\ice40up5k_spram'.
Parameter \WORDS = 32768
Generating RTLIL representation for module `$paramod\ice40up5k_spram\WORDS=s32'00000000000000001000000000000000'.

7.3.7. Executing AST frontend in derive mode using pre-parsed AST for module `\simpleuart'.
Generating RTLIL representation for module `\simpleuart'.

7.3.8. Executing AST frontend in derive mode using pre-parsed AST for module `\spimemio'.
Generating RTLIL representation for module `\spimemio'.

7.3.9. Executing AST frontend in derive mode using pre-parsed AST for module `\spimem_cache_forward'.
Generating RTLIL representation for module `\spimem_cache_forward'.
Warning: reg '\spimem_valid' is assigned in a continuous assignment at picosoc.v:296.9-296.47.
Warning: reg '\spimem_addr' is assigned in a continuous assignment at picosoc.v:297.9-297.31.
Warning: reg '\cpu_ready' is assigned in a continuous assignment at picosoc.v:299.9-299.61.
Warning: reg '\cpu_rdata' is assigned in a continuous assignment at picosoc.v:300.9-300.62.
Parameter \ENABLE_COUNTERS = 1'1
Parameter \BARREL_SHIFTER = 1'0
Parameter \COMPRESSED_ISA = 1'0
Parameter \ENABLE_MUL = 1'0
Parameter \ENABLE_FAST_MUL = 1'1
Parameter \ENABLE_DIV = 1'0
Parameter \ENABLE_IRQ = 1
Parameter \ENABLE_IRQ_QREGS = 1'0
Parameter \PROGADDR_RESET = 1048576
Parameter \PROGADDR_IRQ = 0
Parameter \STACKADDR = 131072

7.3.10. Executing AST frontend in derive mode using pre-parsed AST for module `\picorv32'.
Parameter \ENABLE_COUNTERS = 1'1
Parameter \BARREL_SHIFTER = 1'0
Parameter \COMPRESSED_ISA = 1'0
Parameter \ENABLE_MUL = 1'0
Parameter \ENABLE_FAST_MUL = 1'1
Parameter \ENABLE_DIV = 1'0
Parameter \ENABLE_IRQ = 1
Parameter \ENABLE_IRQ_QREGS = 1'0
Parameter \PROGADDR_RESET = 1048576
Parameter \PROGADDR_IRQ = 0
Parameter \STACKADDR = 131072
Generating RTLIL representation for module `$paramod$d10354c6a96dde45072006c7ddf03c042761ad93\picorv32'.

7.3.11. Analyzing design hierarchy..
Top module:  \icebreaker
Used module:     $paramod$f03d4e23a3a44173f9a2edec4a46578428035902\picosoc
Used module:         $paramod\ice40up5k_spram\WORDS=s32'00000000000000001000000000000000
Used module:         \simpleuart
Used module:         \spimemio
Used module:         \spimem_cache_forward
Used module:         $paramod$d10354c6a96dde45072006c7ddf03c042761ad93\picorv32
Used module:     \seven_seg_ctrl
Used module:         \seven_seg_hex

7.3.12. Executing AST frontend in derive mode using pre-parsed AST for module `\spimemio_xfer'.
Generating RTLIL representation for module `\spimemio_xfer'.

7.3.13. Executing AST frontend in derive mode using pre-parsed AST for module `\picorv32_pcpi_fast_mul'.
Generating RTLIL representation for module `\picorv32_pcpi_fast_mul'.

7.3.14. Executing AST frontend in derive mode using pre-parsed AST for module `\picosoc_regs'.
Generating RTLIL representation for module `\picosoc_regs'.

7.3.15. Analyzing design hierarchy..
Top module:  \icebreaker
Used module:     $paramod$f03d4e23a3a44173f9a2edec4a46578428035902\picosoc
Used module:         $paramod\ice40up5k_spram\WORDS=s32'00000000000000001000000000000000
Used module:         \simpleuart
Used module:         \spimemio
Used module:             \spimemio_xfer
Used module:         \spimem_cache_forward
Used module:         $paramod$d10354c6a96dde45072006c7ddf03c042761ad93\picorv32
Used module:             \picorv32_pcpi_fast_mul
Used module:             \picosoc_regs
Used module:     \seven_seg_ctrl
Used module:         \seven_seg_hex

7.3.16. Analyzing design hierarchy..
Top module:  \icebreaker
Used module:     $paramod$f03d4e23a3a44173f9a2edec4a46578428035902\picosoc
Used module:         $paramod\ice40up5k_spram\WORDS=s32'00000000000000001000000000000000
Used module:         \simpleuart
Used module:         \spimemio
Used module:             \spimemio_xfer
Used module:         \spimem_cache_forward
Used module:         $paramod$d10354c6a96dde45072006c7ddf03c042761ad93\picorv32
Used module:             \picorv32_pcpi_fast_mul
Used module:             \picosoc_regs
Used module:     \seven_seg_ctrl
Used module:         \seven_seg_hex
Removing unused module `$abstract\picorv32_wb'.
Removing unused module `$abstract\picorv32_axi_adapter'.
Removing unused module `$abstract\picorv32_axi'.
Removing unused module `$abstract\picorv32_pcpi_div'.
Removing unused module `$abstract\picorv32_pcpi_fast_mul'.
Removing unused module `$abstract\picorv32_pcpi_mul'.
Removing unused module `$abstract\picorv32_regs'.
Removing unused module `$abstract\picorv32'.
Removing unused module `$abstract\picosoc_mem'.
Removing unused module `$abstract\picosoc_regs'.
Removing unused module `$abstract\spimem_cache_direct_mapped'.
Removing unused module `$abstract\spimem_cache_forward'.
Removing unused module `$abstract\picosoc'.
Removing unused module `$abstract\simpleuart'.
Removing unused module `$abstract\spimemio_xfer'.
Removing unused module `$abstract\spimemio'.
Removing unused module `$abstract\ice40up5k_spram'.
Removing unused module `$abstract\seven_seg_hex'.
Removing unused module `$abstract\seven_seg_ctrl'.
Removing unused module `$abstract\icebreaker'.
Removed 20 unused modules.

7.4. Executing PROC pass (convert processes to netlists).

7.4.1. Executing PROC_CLEAN pass (remove empty switches from decision trees).
Found and cleaned up 16 empty switches in `$paramod$d10354c6a96dde45072006c7ddf03c042761ad93\picorv32.$proc$../picorv32.v:1402$1052'.
Found and cleaned up 1 empty switch in `$paramod$d10354c6a96dde45072006c7ddf03c042761ad93\picorv32.$proc$../picorv32.v:1387$1038'.
Found and cleaned up 6 empty switches in `$paramod$d10354c6a96dde45072006c7ddf03c042761ad93\picorv32.$proc$../picorv32.v:546$681'.
Removing empty process `$paramod$d10354c6a96dde45072006c7ddf03c042761ad93\picorv32.$proc$../picorv32.v:546$681'.
Cleaned up 23 empty switches.

7.4.2. Executing PROC_RMDEAD pass (remove dead branches from decision trees).
Marked 1 switch rules as full_case in process $proc$picosoc.v:411$1315 in module picosoc_regs.
Marked 3 switch rules as full_case in process $proc$../picorv32.v:2378$1308 in module picorv32_pcpi_fast_mul.
Marked 2 switch rules as full_case in process $proc$../picorv32.v:2348$1301 in module picorv32_pcpi_fast_mul.
Marked 2 switch rules as full_case in process $proc$spimemio.v:535$1277 in module spimemio_xfer.
Marked 5 switch rules as full_case in process $proc$spimemio.v:447$1253 in module spimemio_xfer.
Marked 41 switch rules as full_case in process $proc$../picorv32.v:1402$1052 in module $paramod$d10354c6a96dde45072006c7ddf03c042761ad93\picorv32.
Marked 2 switch rules as full_case in process $proc$../picorv32.v:1309$1024 in module $paramod$d10354c6a96dde45072006c7ddf03c042761ad93\picorv32.
Marked 2 switch rules as full_case in process $proc$../picorv32.v:1295$1019 in module $paramod$d10354c6a96dde45072006c7ddf03c042761ad93\picorv32.
Marked 8 switch rules as full_case in process $proc$../picorv32.v:1186$984 in module $paramod$d10354c6a96dde45072006c7ddf03c042761ad93\picorv32.
Marked 3 switch rules as full_case in process $proc$../picorv32.v:858$721 in module $paramod$d10354c6a96dde45072006c7ddf03c042761ad93\picorv32.
Marked 3 switch rules as full_case in process $proc$../picorv32.v:809$719 in module $paramod$d10354c6a96dde45072006c7ddf03c042761ad93\picorv32.
Marked 2 switch rules as full_case in process $proc$../picorv32.v:778$715 in module $paramod$d10354c6a96dde45072006c7ddf03c042761ad93\picorv32.
Marked 48 switch rules as full_case in process $proc$../picorv32.v:701$714 in module $paramod$d10354c6a96dde45072006c7ddf03c042761ad93\picorv32.
Marked 4 switch rules as full_case in process $proc$../picorv32.v:565$690 in module $paramod$d10354c6a96dde45072006c7ddf03c042761ad93\picorv32.
Marked 1 switch rules as full_case in process $proc$../picorv32.v:430$652 in module $paramod$d10354c6a96dde45072006c7ddf03c042761ad93\picorv32.
Removed 2 dead cases from process $proc$../picorv32.v:401$649 in module $paramod$d10354c6a96dde45072006c7ddf03c042761ad93\picorv32.
Marked 2 switch rules as full_case in process $proc$../picorv32.v:401$649 in module $paramod$d10354c6a96dde45072006c7ddf03c042761ad93\picorv32.
Marked 1 switch rules as full_case in process $proc$../picorv32.v:390$644 in module $paramod$d10354c6a96dde45072006c7ddf03c042761ad93\picorv32.
Marked 1 switch rules as full_case in process $proc$../picorv32.v:325$570 in module $paramod$d10354c6a96dde45072006c7ddf03c042761ad93\picorv32.
Marked 2 switch rules as full_case in process $proc$picosoc.v:302$553 in module spimem_cache_forward.
Marked 3 switch rules as full_case in process $proc$spimemio.v:207$527 in module spimemio.
Marked 1 switch rules as full_case in process $proc$spimemio.v:99$505 in module spimemio.
Marked 3 switch rules as full_case in process $proc$simpleuart.v:109$485 in module simpleuart.
Marked 2 switch rules as full_case in process $proc$simpleuart.v:66$476 in module simpleuart.
Marked 1 switch rules as full_case in process $proc$simpleuart.v:55$474 in module simpleuart.
Removed 1 dead cases from process $proc$icebreaker.v:218$463 in module seven_seg_hex.
Marked 1 switch rules as full_case in process $proc$icebreaker.v:218$463 in module seven_seg_hex.
Marked 1 switch rules as full_case in process $proc$icebreaker.v:196$454 in module seven_seg_ctrl.
Marked 1 switch rules as full_case in process $proc$icebreaker.v:108$390 in module icebreaker.
Removed a total of 3 dead cases.

7.4.3. Executing PROC_PRUNE pass (remove redundant assignments in processes).
Removed 9 redundant assignments.
Promoted 97 assignments to connections.

7.4.4. Executing PROC_INIT pass (extract init attributes).
Found init rule in `\seven_seg_ctrl.$proc$icebreaker.v:194$462'.
  Set init value: \msb_not_lsb = 1'0
Found init rule in `\seven_seg_ctrl.$proc$icebreaker.v:193$461'.
  Set init value: \clkdiv_pulse = 1'0
Found init rule in `\seven_seg_ctrl.$proc$icebreaker.v:192$460'.
  Set init value: \clkdiv = 10'0000000000
Found init rule in `\icebreaker.$proc$icebreaker.v:52$396'.
  Set init value: \reset_cnt = 6'000000

7.4.5. Executing PROC_ARST pass (detect async resets in processes).

7.4.6. Executing PROC_ROM pass (convert switches to ROMs).
Converted 1 switch.
<suppressed ~274 debug messages>

7.4.7. Executing PROC_MUX pass (convert decision trees to multiplexers).
Creating decoders for process `\picosoc_regs.$proc$picosoc.v:411$1315'.
     1/3: $1$memwr$\regs$picosoc.v:412$1314_EN[31:0]$1321
     2/3: $1$memwr$\regs$picosoc.v:412$1314_DATA[31:0]$1320
     3/3: $1$memwr$\regs$picosoc.v:412$1314_ADDR[4:0]$1319
Creating decoders for process `\picorv32_pcpi_fast_mul.$proc$../picorv32.v:2378$1308'.
     1/4: $0\active[3:0] [3:1]
     2/4: $0\active[3:0] [0]
     3/4: $0\rs2[32:0]
     4/4: $0\rs1[32:0]
Creating decoders for process `\picorv32_pcpi_fast_mul.$proc$../picorv32.v:2364$1303'.
     1/4: $0\rd_q[63:0]
     2/4: $0\rd[63:0]
     3/4: $0\rs2_q[32:0]
     4/4: $0\rs1_q[32:0]
Creating decoders for process `\picorv32_pcpi_fast_mul.$proc$../picorv32.v:2348$1301'.
     1/8: $2\instr_mul[0:0]
     2/8: $2\instr_mulhu[0:0]
     3/8: $2\instr_mulhsu[0:0]
     4/8: $2\instr_mulh[0:0]
     5/8: $1\instr_mulhu[0:0]
     6/8: $1\instr_mulhsu[0:0]
     7/8: $1\instr_mulh[0:0]
     8/8: $1\instr_mul[0:0]
Creating decoders for process `\spimemio_xfer.$proc$spimemio.v:535$1277'.
     1/14: $0\last_fetch[0:0]
     2/14: $0\fetch[0:0]
     3/14: $0\xfer_tag[3:0]
     4/14: $0\xfer_rd[0:0]
     5/14: $0\xfer_qspi[0:0]
     6/14: $0\xfer_cont[0:0]
     7/14: $0\dummy_count[3:0]
     8/14: $0\count[3:0]
     9/14: $0\ibuffer[7:0]
    10/14: $0\obuffer[7:0]
    11/14: $0\xfer_ddr[0:0]
    12/14: $0\xfer_dspi[0:0]
    13/14: $0\flash_clk[0:0]
    14/14: $0\flash_csb[0:0]
Creating decoders for process `\spimemio_xfer.$proc$spimemio.v:447$1253'.
     1/33: $5\next_count[3:0]
     2/33: $5\next_obuffer[7:0]
     3/33: $5\next_ibuffer[7:0]
     4/33: $4\next_count[3:0]
     5/33: $4\next_obuffer[7:0]
     6/33: $4\next_ibuffer[7:0]
     7/33: $3\next_count[3:0]
     8/33: $3\next_obuffer[7:0]
     9/33: $3\next_ibuffer[7:0]
    10/33: $2\next_fetch[0:0]
    11/33: $2\next_count[3:0]
    12/33: $2\next_ibuffer[7:0]
    13/33: $2\next_obuffer[7:0]
    14/33: $2\flash_io0_do[0:0]
    15/33: $2\flash_io0_oe[0:0]
    16/33: $2\flash_io3_do[0:0]
    17/33: $2\flash_io3_oe[0:0]
    18/33: $2\flash_io2_do[0:0]
    19/33: $2\flash_io2_oe[0:0]
    20/33: $2\flash_io1_do[0:0]
    21/33: $2\flash_io1_oe[0:0]
    22/33: $1\next_fetch[0:0]
    23/33: $1\next_count[3:0]
    24/33: $1\next_ibuffer[7:0]
    25/33: $1\next_obuffer[7:0]
    26/33: $1\flash_io3_do[0:0]
    27/33: $1\flash_io3_oe[0:0]
    28/33: $1\flash_io2_do[0:0]
    29/33: $1\flash_io2_oe[0:0]
    30/33: $1\flash_io1_do[0:0]
    31/33: $1\flash_io1_oe[0:0]
    32/33: $1\flash_io0_do[0:0]
    33/33: $1\flash_io0_oe[0:0]
Creating decoders for process `\spimemio_xfer.$proc$spimemio.v:436$1244'.
Creating decoders for process `$paramod$d10354c6a96dde45072006c7ddf03c042761ad93\picorv32.$proc$../picorv32.v:1402$1052'.
     1/86: $23\next_irq_pending[2:2]
     2/86: $22\next_irq_pending[2:2]
     3/86: $21\next_irq_pending[2:2]
     4/86: $20\next_irq_pending[2:2]
     5/86: $19\next_irq_pending[2:2]
     6/86: $18\next_irq_pending[2:2]
     7/86: $17\next_irq_pending[2:2]
     8/86: $16\next_irq_pending[0:0]
     9/86: $15\next_irq_pending[0:0]
    10/86: $14\next_irq_pending[31:0] [0]
    11/86: $14\next_irq_pending[31:0] [31:1]
    12/86: $2\next_irq_pending[31:0] [31:2]
    13/86: $3\set_mem_do_rdata[0:0]
    14/86: $2\next_irq_pending[31:0] [1]
    15/86: $3\set_mem_do_wdata[0:0]
    16/86: $2\next_irq_pending[31:0] [0]
    17/86: $4\set_mem_do_rinst[0:0]
    18/86: $3\set_mem_do_rinst[0:0]
    19/86: $4\set_mem_do_wdata[0:0]
    20/86: $12\next_irq_pending[1:1]
    21/86: $11\next_irq_pending[1:1]
    22/86: $10\next_irq_pending[1:1]
    23/86: $4\set_mem_do_rdata[0:0]
    24/86: $8\next_irq_pending[1:1]
    25/86: $7\next_irq_pending[1:1]
    26/86: $6\next_irq_pending[1:1]
    27/86: $5\next_irq_pending[1:1]
    28/86: $4\next_irq_pending[1:1]
    29/86: $13\next_irq_pending[1:1]
    30/86: $5\set_mem_do_rinst[0:0]
    31/86: $9\next_irq_pending[1:1]
    32/86: $3\next_irq_pending[31:0]
    33/86: $3\current_pc[31:0]
    34/86: $2\current_pc[31:0]
    35/86: $2\set_mem_do_wdata[0:0]
    36/86: $2\set_mem_do_rdata[0:0]
    37/86: $2\set_mem_do_rinst[0:0]
    38/86: $1\next_irq_pending[31:0]
    39/86: $1\current_pc[31:0]
    40/86: $1\set_mem_do_wdata[0:0]
    41/86: $1\set_mem_do_rdata[0:0]
    42/86: $1\set_mem_do_rinst[0:0]
    43/86: $0\trace_data[35:0]
    44/86: $0\count_cycle[63:0]
    45/86: $0\pcpi_timeout[0:0]
    46/86: $0\trace_valid[0:0]
    47/86: $0\do_waitirq[0:0]
    48/86: $0\decoder_pseudo_trigger[0:0]
    49/86: $0\decoder_trigger[0:0]
    50/86: $0\alu_wait_2[0:0]
    51/86: $0\alu_wait[0:0]
    52/86: $0\reg_out[31:0]
    53/86: $0\reg_sh[4:0]
    54/86: $0\trap[0:0]
    55/86: $0\pcpi_timeout_counter[3:0]
    56/86: $0\latched_rd[4:0]
    57/86: $0\latched_is_lb[0:0]
    58/86: $0\latched_is_lh[0:0]
    59/86: $0\latched_is_lu[0:0]
    60/86: $0\latched_trace[0:0]
    61/86: $0\latched_compr[0:0]
    62/86: $0\latched_branch[0:0]
    63/86: $0\latched_stalu[0:0]
    64/86: $0\latched_store[0:0]
    65/86: $0\irq_state[1:0]
    66/86: $0\cpu_state[7:0]
    67/86: $0\dbg_rs2val_valid[0:0]
    68/86: $0\dbg_rs1val_valid[0:0]
    69/86: $0\dbg_rs2val[31:0]
    70/86: $0\dbg_rs1val[31:0]
    71/86: $0\mem_do_wdata[0:0]
    72/86: $0\mem_do_rdata[0:0]
    73/86: $0\mem_do_rinst[0:0]
    74/86: $0\mem_do_prefetch[0:0]
    75/86: $0\mem_wordsize[1:0]
    76/86: $0\timer[31:0]
    77/86: $0\irq_mask[31:0]
    78/86: $0\irq_active[0:0]
    79/86: $0\irq_delay[0:0]
    80/86: $0\reg_op2[31:0]
    81/86: $0\reg_op1[31:0]
    82/86: $0\reg_next_pc[31:0]
    83/86: $0\reg_pc[31:0]
    84/86: $0\count_instr[63:0]
    85/86: $0\eoi[31:0]
    86/86: $0\pcpi_valid[0:0]
Creating decoders for process `$paramod$d10354c6a96dde45072006c7ddf03c042761ad93\picorv32.$proc$../picorv32.v:1387$1038'.
Creating decoders for process `$paramod$d10354c6a96dde45072006c7ddf03c042761ad93\picorv32.$proc$../picorv32.v:1309$1024'.
     1/4: $2\cpuregs_write[0:0]
     2/4: $2\cpuregs_wrdata[31:0]
     3/4: $1\cpuregs_wrdata[31:0]
     4/4: $1\cpuregs_write[0:0]
Creating decoders for process `$paramod$d10354c6a96dde45072006c7ddf03c042761ad93\picorv32.$proc$../picorv32.v:1295$1019'.
     1/2: $2\clear_prefetched_high_word[0:0]
     2/2: $1\clear_prefetched_high_word[0:0]
Creating decoders for process `$paramod$d10354c6a96dde45072006c7ddf03c042761ad93\picorv32.$proc$../picorv32.v:1293$1018'.
Creating decoders for process `$paramod$d10354c6a96dde45072006c7ddf03c042761ad93\picorv32.$proc$../picorv32.v:1249$996'.
     1/2: $1\alu_out[31:0]
     2/2: $1\alu_out_0[0:0]
Creating decoders for process `$paramod$d10354c6a96dde45072006c7ddf03c042761ad93\picorv32.$proc$../picorv32.v:1186$984'.
     1/8: $8\dbg_ascii_state[127:0]
     2/8: $7\dbg_ascii_state[127:0]
     3/8: $6\dbg_ascii_state[127:0]
     4/8: $5\dbg_ascii_state[127:0]
     5/8: $4\dbg_ascii_state[127:0]
     6/8: $3\dbg_ascii_state[127:0]
     7/8: $2\dbg_ascii_state[127:0]
     8/8: $1\dbg_ascii_state[127:0]
Creating decoders for process `$paramod$d10354c6a96dde45072006c7ddf03c042761ad93\picorv32.$proc$../picorv32.v:858$721'.
     1/77: $0\decoded_rs1[4:0] [4]
     2/77: $0\decoded_imm_j[31:0] [10]
     3/77: $0\decoded_imm_j[31:0] [7]
     4/77: $0\decoded_imm_j[31:0] [6]
     5/77: $0\decoded_imm_j[31:0] [3:1]
     6/77: $0\decoded_imm_j[31:0] [5]
     7/77: $0\decoded_imm_j[31:0] [9:8]
     8/77: $0\decoded_imm_j[31:0] [31:20]
     9/77: $0\decoded_imm_j[31:0] [4]
    10/77: $0\decoded_imm_j[31:0] [11]
    11/77: $0\decoded_imm_j[31:0] [0]
    12/77: $0\decoded_rs1[4:0] [3:0]
    13/77: $0\is_lui_auipc_jal_jalr_addi_add_sub[0:0]
    14/77: $0\is_alu_reg_reg[0:0]
    15/77: $0\is_alu_reg_imm[0:0]
    16/77: $0\is_beq_bne_blt_bge_bltu_bgeu[0:0]
    17/77: $0\is_sll_srl_sra[0:0]
    18/77: $0\is_sb_sh_sw[0:0]
    19/77: $0\is_jalr_addi_slti_sltiu_xori_ori_andi[0:0]
    20/77: $0\is_slli_srli_srai[0:0]
    21/77: $0\is_lb_lh_lw_lbu_lhu[0:0]
    22/77: $0\compressed_instr[0:0]
    23/77: $0\is_compare[0:0]
    24/77: $0\decoded_imm[31:0]
    25/77: $0\decoded_rs2[4:0]
    26/77: $0\decoded_imm_j[31:0] [19:12]
    27/77: $0\decoded_rd[4:0]
    28/77: $0\instr_timer[0:0]
    29/77: $0\instr_waitirq[0:0]
    30/77: $0\instr_maskirq[0:0]
    31/77: $0\instr_retirq[0:0]
    32/77: $0\instr_setq[0:0]
    33/77: $0\instr_getq[0:0]
    34/77: $0\instr_fence[0:0]
    35/77: $0\instr_ecall_ebreak[0:0]
    36/77: $0\instr_rdinstrh[0:0]
    37/77: $0\instr_rdinstr[0:0]
    38/77: $0\instr_rdcycleh[0:0]
    39/77: $0\instr_rdcycle[0:0]
    40/77: $0\instr_and[0:0]
    41/77: $0\instr_or[0:0]
    42/77: $0\instr_sra[0:0]
    43/77: $0\instr_srl[0:0]
    44/77: $0\instr_xor[0:0]
    45/77: $0\instr_sltu[0:0]
    46/77: $0\instr_slt[0:0]
    47/77: $0\instr_sll[0:0]
    48/77: $0\instr_sub[0:0]
    49/77: $0\instr_add[0:0]
    50/77: $0\instr_srai[0:0]
    51/77: $0\instr_srli[0:0]
    52/77: $0\instr_slli[0:0]
    53/77: $0\instr_andi[0:0]
    54/77: $0\instr_ori[0:0]
    55/77: $0\instr_xori[0:0]
    56/77: $0\instr_sltiu[0:0]
    57/77: $0\instr_slti[0:0]
    58/77: $0\instr_addi[0:0]
    59/77: $0\instr_sw[0:0]
    60/77: $0\instr_sh[0:0]
    61/77: $0\instr_sb[0:0]
    62/77: $0\instr_lhu[0:0]
    63/77: $0\instr_lbu[0:0]
    64/77: $0\instr_lw[0:0]
    65/77: $0\instr_lh[0:0]
    66/77: $0\instr_lb[0:0]
    67/77: $0\instr_bgeu[0:0]
    68/77: $0\instr_bltu[0:0]
    69/77: $0\instr_bge[0:0]
    70/77: $0\instr_blt[0:0]
    71/77: $0\instr_bne[0:0]
    72/77: $0\instr_beq[0:0]
    73/77: $0\instr_jalr[0:0]
    74/77: $0\instr_jal[0:0]
    75/77: $0\instr_auipc[0:0]
    76/77: $0\instr_lui[0:0]
    77/77: $0\pcpi_insn[31:0]
Creating decoders for process `$paramod$d10354c6a96dde45072006c7ddf03c042761ad93\picorv32.$proc$../picorv32.v:809$719'.
     1/13: $3\dbg_insn_opcode[31:0]
     2/13: $2\dbg_insn_rd[4:0]
     3/13: $2\dbg_insn_rs2[4:0]
     4/13: $2\dbg_insn_rs1[4:0]
     5/13: $2\dbg_insn_opcode[31:0]
     6/13: $2\dbg_insn_imm[31:0]
     7/13: $2\dbg_ascii_instr[63:0]
     8/13: $1\dbg_insn_rd[4:0]
     9/13: $1\dbg_insn_rs2[4:0]
    10/13: $1\dbg_insn_rs1[4:0]
    11/13: $1\dbg_insn_imm[31:0]
    12/13: $1\dbg_ascii_instr[63:0]
    13/13: $1\dbg_insn_opcode[31:0]
Creating decoders for process `$paramod$d10354c6a96dde45072006c7ddf03c042761ad93\picorv32.$proc$../picorv32.v:778$715'.
     1/8: $0\cached_insn_rd[4:0]
     2/8: $0\cached_insn_rs2[4:0]
     3/8: $0\cached_insn_rs1[4:0]
     4/8: $0\cached_insn_opcode[31:0]
     5/8: $0\cached_insn_imm[31:0]
     6/8: $0\cached_ascii_instr[63:0]
     7/8: $0\dbg_valid_insn[0:0]
     8/8: $0\dbg_insn_addr[31:0]
Creating decoders for process `$paramod$d10354c6a96dde45072006c7ddf03c042761ad93\picorv32.$proc$../picorv32.v:701$714'.
     1/48: $48\new_ascii_instr[63:0]
     2/48: $47\new_ascii_instr[63:0]
     3/48: $46\new_ascii_instr[63:0]
     4/48: $45\new_ascii_instr[63:0]
     5/48: $44\new_ascii_instr[63:0]
     6/48: $43\new_ascii_instr[63:0]
     7/48: $42\new_ascii_instr[63:0]
     8/48: $41\new_ascii_instr[63:0]
     9/48: $40\new_ascii_instr[63:0]
    10/48: $39\new_ascii_instr[63:0]
    11/48: $38\new_ascii_instr[63:0]
    12/48: $37\new_ascii_instr[63:0]
    13/48: $36\new_ascii_instr[63:0]
    14/48: $35\new_ascii_instr[63:0]
    15/48: $34\new_ascii_instr[63:0]
    16/48: $33\new_ascii_instr[63:0]
    17/48: $32\new_ascii_instr[63:0]
    18/48: $31\new_ascii_instr[63:0]
    19/48: $30\new_ascii_instr[63:0]
    20/48: $29\new_ascii_instr[63:0]
    21/48: $28\new_ascii_instr[63:0]
    22/48: $27\new_ascii_instr[63:0]
    23/48: $26\new_ascii_instr[63:0]
    24/48: $25\new_ascii_instr[63:0]
    25/48: $24\new_ascii_instr[63:0]
    26/48: $23\new_ascii_instr[63:0]
    27/48: $22\new_ascii_instr[63:0]
    28/48: $21\new_ascii_instr[63:0]
    29/48: $20\new_ascii_instr[63:0]
    30/48: $19\new_ascii_instr[63:0]
    31/48: $18\new_ascii_instr[63:0]
    32/48: $17\new_ascii_instr[63:0]
    33/48: $16\new_ascii_instr[63:0]
    34/48: $15\new_ascii_instr[63:0]
    35/48: $14\new_ascii_instr[63:0]
    36/48: $13\new_ascii_instr[63:0]
    37/48: $12\new_ascii_instr[63:0]
    38/48: $11\new_ascii_instr[63:0]
    39/48: $10\new_ascii_instr[63:0]
    40/48: $9\new_ascii_instr[63:0]
    41/48: $8\new_ascii_instr[63:0]
    42/48: $7\new_ascii_instr[63:0]
    43/48: $6\new_ascii_instr[63:0]
    44/48: $5\new_ascii_instr[63:0]
    45/48: $4\new_ascii_instr[63:0]
    46/48: $3\new_ascii_instr[63:0]
    47/48: $2\new_ascii_instr[63:0]
    48/48: $1\new_ascii_instr[63:0]
Creating decoders for process `$paramod$d10354c6a96dde45072006c7ddf03c042761ad93\picorv32.$proc$../picorv32.v:565$690'.
     1/9: $0\mem_16bit_buffer[15:0]
     2/9: $0\prefetched_high_word[0:0]
     3/9: $0\mem_la_secondword[0:0]
     4/9: $0\mem_state[1:0]
     5/9: $0\mem_wstrb[3:0]
     6/9: $0\mem_wdata[31:0]
     7/9: $0\mem_addr[31:0]
     8/9: $0\mem_instr[0:0]
     9/9: $0\mem_valid[0:0]
Creating decoders for process `$paramod$d10354c6a96dde45072006c7ddf03c042761ad93\picorv32.$proc$../picorv32.v:1239$1233'.
Creating decoders for process `$paramod$d10354c6a96dde45072006c7ddf03c042761ad93\picorv32.$proc$../picorv32.v:430$652'.
     1/9: $0\mem_rdata_q[31:0] [31]
     2/9: $0\mem_rdata_q[31:0] [7]
     3/9: $0\mem_rdata_q[31:0] [24:20]
     4/9: $0\mem_rdata_q[31:0] [19:15]
     5/9: $0\mem_rdata_q[31:0] [6:0]
     6/9: $0\mem_rdata_q[31:0] [14:12]
     7/9: $0\mem_rdata_q[31:0] [11:8]
     8/9: $0\mem_rdata_q[31:0] [30:25]
     9/9: $0\next_insn_opcode[31:0]
Creating decoders for process `$paramod$d10354c6a96dde45072006c7ddf03c042761ad93\picorv32.$proc$../picorv32.v:401$649'.
     1/5: $3\mem_rdata_word[31:0]
     2/5: $2\mem_rdata_word[31:0]
     3/5: $1\mem_rdata_word[31:0]
     4/5: $1\mem_la_wstrb[3:0]
     5/5: $1\mem_la_wdata[31:0]
Creating decoders for process `$paramod$d10354c6a96dde45072006c7ddf03c042761ad93\picorv32.$proc$../picorv32.v:390$644'.
     1/2: $0\last_mem_valid[0:0]
     2/2: $0\mem_la_firstword_reg[0:0]
Creating decoders for process `$paramod$d10354c6a96dde45072006c7ddf03c042761ad93\picorv32.$proc$../picorv32.v:325$570'.
     1/2: $1\pcpi_int_rd[31:0]
     2/2: $1\pcpi_int_wr[0:0]
Creating decoders for process `\spimem_cache_forward.$proc$picosoc.v:302$553'.
     1/2: $0\miss_count[31:0]
     2/2: $0\hit_count[31:0]
Creating decoders for process `\spimemio.$proc$spimemio.v:207$527'.
     1/17: $0\buffer[23:0] [23:16]
     2/17: $0\buffer[23:0] [15:8]
     3/17: $0\buffer[23:0] [7:0]
     4/17: $0\xfer_resetn[0:0]
     5/17: $0\state[3:0]
     6/17: $0\rd_inc[0:0]
     7/17: $0\rd_wait[0:0]
     8/17: $0\rd_valid[0:0]
     9/17: $0\rd_addr[23:0]
    10/17: $0\din_valid[0:0]
    11/17: $0\din_rd[0:0]
    12/17: $0\din_ddr[0:0]
    13/17: $0\din_qspi[0:0]
    14/17: $0\din_cont[0:0]
    15/17: $0\din_tag[3:0]
    16/17: $0\din_data[7:0]
    17/17: $0\rdata[31:0]
Creating decoders for process `\spimemio.$proc$spimemio.v:151$509'.
Creating decoders for process `\spimemio.$proc$spimemio.v:99$505'.
     1/10: $0\softreset[0:0]
     2/10: $0\config_do[3:0]
     3/10: $0\config_clk[0:0]
     4/10: $0\config_csb[0:0]
     5/10: $0\config_oe[3:0]
     6/10: $0\config_dummy[3:0]
     7/10: $0\config_cont[0:0]
     8/10: $0\config_qspi[0:0]
     9/10: $0\config_ddr[0:0]
    10/10: $0\config_en[0:0]
Creating decoders for process `\simpleuart.$proc$simpleuart.v:109$485'.
     1/4: $0\send_divcnt[31:0]
     2/4: $0\send_dummy[0:0]
     3/4: $0\send_bitcnt[3:0]
     4/4: $0\send_pattern[9:0]
Creating decoders for process `\simpleuart.$proc$simpleuart.v:66$476'.
     1/5: $0\recv_divcnt[31:0]
     2/5: $0\recv_buf_valid[0:0]
     3/5: $0\recv_buf_data[7:0]
     4/5: $0\recv_pattern[7:0]
     5/5: $0\recv_state[3:0]
Creating decoders for process `\simpleuart.$proc$simpleuart.v:55$474'.
     1/4: $0\cfg_divider[31:0] [31:24]
     2/4: $0\cfg_divider[31:0] [23:16]
     3/4: $0\cfg_divider[31:0] [15:8]
     4/4: $0\cfg_divider[31:0] [7:0]
Creating decoders for process `\seven_seg_hex.$proc$icebreaker.v:218$463'.
     1/1: $1\dout[6:0]
Creating decoders for process `\seven_seg_ctrl.$proc$icebreaker.v:194$462'.
Creating decoders for process `\seven_seg_ctrl.$proc$icebreaker.v:193$461'.
Creating decoders for process `\seven_seg_ctrl.$proc$icebreaker.v:192$460'.
Creating decoders for process `\seven_seg_ctrl.$proc$icebreaker.v:196$454'.
     1/2: $0\dout[7:0] [7]
     2/2: $0\dout[7:0] [6:0]
Creating decoders for process `$paramod$f03d4e23a3a44173f9a2edec4a46578428035902\picosoc.$proc$picosoc.v:255$444'.
Creating decoders for process `$paramod$f03d4e23a3a44173f9a2edec4a46578428035902\picosoc.$proc$picosoc.v:93$397'.
Creating decoders for process `\icebreaker.$proc$icebreaker.v:52$396'.
Creating decoders for process `\icebreaker.$proc$icebreaker.v:108$390'.
     1/6: $0\gpio[31:0] [31:24]
     2/6: $0\gpio[31:0] [23:16]
     3/6: $0\gpio[31:0] [15:8]
     4/6: $0\gpio[31:0] [7:0]
     5/6: $0\iomem_rdata[31:0]
     6/6: $0\iomem_ready[0:0]
Creating decoders for process `\icebreaker.$proc$icebreaker.v:55$385'.

7.4.8. Executing PROC_DLATCH pass (convert process syncs to latches).
No latch inferred for signal `\picorv32_pcpi_fast_mul.\instr_mul' from process `\picorv32_pcpi_fast_mul.$proc$../picorv32.v:2348$1301'.
No latch inferred for signal `\picorv32_pcpi_fast_mul.\instr_mulh' from process `\picorv32_pcpi_fast_mul.$proc$../picorv32.v:2348$1301'.
No latch inferred for signal `\picorv32_pcpi_fast_mul.\instr_mulhsu' from process `\picorv32_pcpi_fast_mul.$proc$../picorv32.v:2348$1301'.
No latch inferred for signal `\picorv32_pcpi_fast_mul.\instr_mulhu' from process `\picorv32_pcpi_fast_mul.$proc$../picorv32.v:2348$1301'.
No latch inferred for signal `\spimemio_xfer.\flash_io0_oe' from process `\spimemio_xfer.$proc$spimemio.v:447$1253'.
No latch inferred for signal `\spimemio_xfer.\flash_io0_do' from process `\spimemio_xfer.$proc$spimemio.v:447$1253'.
No latch inferred for signal `\spimemio_xfer.\flash_io1_oe' from process `\spimemio_xfer.$proc$spimemio.v:447$1253'.
No latch inferred for signal `\spimemio_xfer.\flash_io1_do' from process `\spimemio_xfer.$proc$spimemio.v:447$1253'.
No latch inferred for signal `\spimemio_xfer.\flash_io2_oe' from process `\spimemio_xfer.$proc$spimemio.v:447$1253'.
No latch inferred for signal `\spimemio_xfer.\flash_io2_do' from process `\spimemio_xfer.$proc$spimemio.v:447$1253'.
No latch inferred for signal `\spimemio_xfer.\flash_io3_oe' from process `\spimemio_xfer.$proc$spimemio.v:447$1253'.
No latch inferred for signal `\spimemio_xfer.\flash_io3_do' from process `\spimemio_xfer.$proc$spimemio.v:447$1253'.
No latch inferred for signal `\spimemio_xfer.\next_obuffer' from process `\spimemio_xfer.$proc$spimemio.v:447$1253'.
No latch inferred for signal `\spimemio_xfer.\next_ibuffer' from process `\spimemio_xfer.$proc$spimemio.v:447$1253'.
No latch inferred for signal `\spimemio_xfer.\next_count' from process `\spimemio_xfer.$proc$spimemio.v:447$1253'.
No latch inferred for signal `\spimemio_xfer.\next_fetch' from process `\spimemio_xfer.$proc$spimemio.v:447$1253'.
No latch inferred for signal `$paramod$d10354c6a96dde45072006c7ddf03c042761ad93\picorv32.\cpuregs_rs1' from process `$paramod$d10354c6a96dde45072006c7ddf03c042761ad93\picorv32.$proc$../picorv32.v:1387$1038'.
No latch inferred for signal `$paramod$d10354c6a96dde45072006c7ddf03c042761ad93\picorv32.\cpuregs_rs2' from process `$paramod$d10354c6a96dde45072006c7ddf03c042761ad93\picorv32.$proc$../picorv32.v:1387$1038'.
No latch inferred for signal `$paramod$d10354c6a96dde45072006c7ddf03c042761ad93\picorv32.\decoded_rs' from process `$paramod$d10354c6a96dde45072006c7ddf03c042761ad93\picorv32.$proc$../picorv32.v:1387$1038'.
No latch inferred for signal `$paramod$d10354c6a96dde45072006c7ddf03c042761ad93\picorv32.\cpuregs_write' from process `$paramod$d10354c6a96dde45072006c7ddf03c042761ad93\picorv32.$proc$../picorv32.v:1309$1024'.
No latch inferred for signal `$paramod$d10354c6a96dde45072006c7ddf03c042761ad93\picorv32.\cpuregs_wrdata' from process `$paramod$d10354c6a96dde45072006c7ddf03c042761ad93\picorv32.$proc$../picorv32.v:1309$1024'.
No latch inferred for signal `$paramod$d10354c6a96dde45072006c7ddf03c042761ad93\picorv32.\clear_prefetched_high_word' from process `$paramod$d10354c6a96dde45072006c7ddf03c042761ad93\picorv32.$proc$../picorv32.v:1295$1019'.
No latch inferred for signal `$paramod$d10354c6a96dde45072006c7ddf03c042761ad93\picorv32.\alu_out' from process `$paramod$d10354c6a96dde45072006c7ddf03c042761ad93\picorv32.$proc$../picorv32.v:1249$996'.
No latch inferred for signal `$paramod$d10354c6a96dde45072006c7ddf03c042761ad93\picorv32.\alu_out_0' from process `$paramod$d10354c6a96dde45072006c7ddf03c042761ad93\picorv32.$proc$../picorv32.v:1249$996'.
No latch inferred for signal `$paramod$d10354c6a96dde45072006c7ddf03c042761ad93\picorv32.\dbg_ascii_state' from process `$paramod$d10354c6a96dde45072006c7ddf03c042761ad93\picorv32.$proc$../picorv32.v:1186$984'.
No latch inferred for signal `$paramod$d10354c6a96dde45072006c7ddf03c042761ad93\picorv32.\dbg_insn_opcode' from process `$paramod$d10354c6a96dde45072006c7ddf03c042761ad93\picorv32.$proc$../picorv32.v:809$719'.
No latch inferred for signal `$paramod$d10354c6a96dde45072006c7ddf03c042761ad93\picorv32.\dbg_ascii_instr' from process `$paramod$d10354c6a96dde45072006c7ddf03c042761ad93\picorv32.$proc$../picorv32.v:809$719'.
No latch inferred for signal `$paramod$d10354c6a96dde45072006c7ddf03c042761ad93\picorv32.\dbg_insn_imm' from process `$paramod$d10354c6a96dde45072006c7ddf03c042761ad93\picorv32.$proc$../picorv32.v:809$719'.
No latch inferred for signal `$paramod$d10354c6a96dde45072006c7ddf03c042761ad93\picorv32.\dbg_insn_rs1' from process `$paramod$d10354c6a96dde45072006c7ddf03c042761ad93\picorv32.$proc$../picorv32.v:809$719'.
No latch inferred for signal `$paramod$d10354c6a96dde45072006c7ddf03c042761ad93\picorv32.\dbg_insn_rs2' from process `$paramod$d10354c6a96dde45072006c7ddf03c042761ad93\picorv32.$proc$../picorv32.v:809$719'.
No latch inferred for signal `$paramod$d10354c6a96dde45072006c7ddf03c042761ad93\picorv32.\dbg_insn_rd' from process `$paramod$d10354c6a96dde45072006c7ddf03c042761ad93\picorv32.$proc$../picorv32.v:809$719'.
No latch inferred for signal `$paramod$d10354c6a96dde45072006c7ddf03c042761ad93\picorv32.\new_ascii_instr' from process `$paramod$d10354c6a96dde45072006c7ddf03c042761ad93\picorv32.$proc$../picorv32.v:701$714'.
No latch inferred for signal `$paramod$d10354c6a96dde45072006c7ddf03c042761ad93\picorv32.\alu_add_sub' from process `$paramod$d10354c6a96dde45072006c7ddf03c042761ad93\picorv32.$proc$../picorv32.v:1239$1233'.
No latch inferred for signal `$paramod$d10354c6a96dde45072006c7ddf03c042761ad93\picorv32.\alu_shl' from process `$paramod$d10354c6a96dde45072006c7ddf03c042761ad93\picorv32.$proc$../picorv32.v:1239$1233'.
No latch inferred for signal `$paramod$d10354c6a96dde45072006c7ddf03c042761ad93\picorv32.\alu_shr' from process `$paramod$d10354c6a96dde45072006c7ddf03c042761ad93\picorv32.$proc$../picorv32.v:1239$1233'.
No latch inferred for signal `$paramod$d10354c6a96dde45072006c7ddf03c042761ad93\picorv32.\alu_eq' from process `$paramod$d10354c6a96dde45072006c7ddf03c042761ad93\picorv32.$proc$../picorv32.v:1239$1233'.
No latch inferred for signal `$paramod$d10354c6a96dde45072006c7ddf03c042761ad93\picorv32.\alu_ltu' from process `$paramod$d10354c6a96dde45072006c7ddf03c042761ad93\picorv32.$proc$../picorv32.v:1239$1233'.
No latch inferred for signal `$paramod$d10354c6a96dde45072006c7ddf03c042761ad93\picorv32.\alu_lts' from process `$paramod$d10354c6a96dde45072006c7ddf03c042761ad93\picorv32.$proc$../picorv32.v:1239$1233'.
No latch inferred for signal `$paramod$d10354c6a96dde45072006c7ddf03c042761ad93\picorv32.\mem_la_wdata' from process `$paramod$d10354c6a96dde45072006c7ddf03c042761ad93\picorv32.$proc$../picorv32.v:401$649'.
No latch inferred for signal `$paramod$d10354c6a96dde45072006c7ddf03c042761ad93\picorv32.\mem_la_wstrb' from process `$paramod$d10354c6a96dde45072006c7ddf03c042761ad93\picorv32.$proc$../picorv32.v:401$649'.
No latch inferred for signal `$paramod$d10354c6a96dde45072006c7ddf03c042761ad93\picorv32.\mem_rdata_word' from process `$paramod$d10354c6a96dde45072006c7ddf03c042761ad93\picorv32.$proc$../picorv32.v:401$649'.
No latch inferred for signal `$paramod$d10354c6a96dde45072006c7ddf03c042761ad93\picorv32.\pcpi_int_wr' from process `$paramod$d10354c6a96dde45072006c7ddf03c042761ad93\picorv32.$proc$../picorv32.v:325$570'.
No latch inferred for signal `$paramod$d10354c6a96dde45072006c7ddf03c042761ad93\picorv32.\pcpi_int_rd' from process `$paramod$d10354c6a96dde45072006c7ddf03c042761ad93\picorv32.$proc$../picorv32.v:325$570'.
No latch inferred for signal `$paramod$d10354c6a96dde45072006c7ddf03c042761ad93\picorv32.\pcpi_int_wait' from process `$paramod$d10354c6a96dde45072006c7ddf03c042761ad93\picorv32.$proc$../picorv32.v:325$570'.
No latch inferred for signal `$paramod$d10354c6a96dde45072006c7ddf03c042761ad93\picorv32.\pcpi_int_ready' from process `$paramod$d10354c6a96dde45072006c7ddf03c042761ad93\picorv32.$proc$../picorv32.v:325$570'.
No latch inferred for signal `\seven_seg_hex.\dout' from process `\seven_seg_hex.$proc$icebreaker.v:218$463'.
No latch inferred for signal `$paramod$f03d4e23a3a44173f9a2edec4a46578428035902\picosoc.\irq' from process `$paramod$f03d4e23a3a44173f9a2edec4a46578428035902\picosoc.$proc$picosoc.v:93$397'.

7.4.9. Executing PROC_DFF pass (convert process syncs to FFs).
Creating register for signal `\picosoc_regs.$memwr$\regs$picosoc.v:412$1314_ADDR' using process `\picosoc_regs.$proc$picosoc.v:411$1315'.
  created $dff cell `$procdff$5109' with positive edge clock.
Creating register for signal `\picosoc_regs.$memwr$\regs$picosoc.v:412$1314_DATA' using process `\picosoc_regs.$proc$picosoc.v:411$1315'.
  created $dff cell `$procdff$5110' with positive edge clock.
Creating register for signal `\picosoc_regs.$memwr$\regs$picosoc.v:412$1314_EN' using process `\picosoc_regs.$proc$picosoc.v:411$1315'.
  created $dff cell `$procdff$5111' with positive edge clock.
Creating register for signal `\picorv32_pcpi_fast_mul.\shift_out' using process `\picorv32_pcpi_fast_mul.$proc$../picorv32.v:2378$1308'.
  created $dff cell `$procdff$5112' with positive edge clock.
Creating register for signal `\picorv32_pcpi_fast_mul.\active' using process `\picorv32_pcpi_fast_mul.$proc$../picorv32.v:2378$1308'.
  created $dff cell `$procdff$5113' with positive edge clock.
Creating register for signal `\picorv32_pcpi_fast_mul.\rs1' using process `\picorv32_pcpi_fast_mul.$proc$../picorv32.v:2378$1308'.
  created $dff cell `$procdff$5114' with positive edge clock.
Creating register for signal `\picorv32_pcpi_fast_mul.\rs2' using process `\picorv32_pcpi_fast_mul.$proc$../picorv32.v:2378$1308'.
  created $dff cell `$procdff$5115' with positive edge clock.
Creating register for signal `\picorv32_pcpi_fast_mul.\rs1_q' using process `\picorv32_pcpi_fast_mul.$proc$../picorv32.v:2364$1303'.
  created $dff cell `$procdff$5116' with positive edge clock.
Creating register for signal `\picorv32_pcpi_fast_mul.\rs2_q' using process `\picorv32_pcpi_fast_mul.$proc$../picorv32.v:2364$1303'.
  created $dff cell `$procdff$5117' with positive edge clock.
Creating register for signal `\picorv32_pcpi_fast_mul.\rd' using process `\picorv32_pcpi_fast_mul.$proc$../picorv32.v:2364$1303'.
  created $dff cell `$procdff$5118' with positive edge clock.
Creating register for signal `\picorv32_pcpi_fast_mul.\rd_q' using process `\picorv32_pcpi_fast_mul.$proc$../picorv32.v:2364$1303'.
  created $dff cell `$procdff$5119' with positive edge clock.
Creating register for signal `\picorv32_pcpi_fast_mul.\pcpi_insn_valid_q' using process `\picorv32_pcpi_fast_mul.$proc$../picorv32.v:2364$1303'.
  created $dff cell `$procdff$5120' with positive edge clock.
Creating register for signal `\spimemio_xfer.\flash_csb' using process `\spimemio_xfer.$proc$spimemio.v:535$1277'.
  created $dff cell `$procdff$5121' with positive edge clock.
Creating register for signal `\spimemio_xfer.\flash_clk' using process `\spimemio_xfer.$proc$spimemio.v:535$1277'.
  created $dff cell `$procdff$5122' with positive edge clock.
Creating register for signal `\spimemio_xfer.\xfer_dspi' using process `\spimemio_xfer.$proc$spimemio.v:535$1277'.
  created $dff cell `$procdff$5123' with positive edge clock.
Creating register for signal `\spimemio_xfer.\xfer_ddr' using process `\spimemio_xfer.$proc$spimemio.v:535$1277'.
  created $dff cell `$procdff$5124' with positive edge clock.
Creating register for signal `\spimemio_xfer.\obuffer' using process `\spimemio_xfer.$proc$spimemio.v:535$1277'.
  created $dff cell `$procdff$5125' with positive edge clock.
Creating register for signal `\spimemio_xfer.\ibuffer' using process `\spimemio_xfer.$proc$spimemio.v:535$1277'.
  created $dff cell `$procdff$5126' with positive edge clock.
Creating register for signal `\spimemio_xfer.\count' using process `\spimemio_xfer.$proc$spimemio.v:535$1277'.
  created $dff cell `$procdff$5127' with positive edge clock.
Creating register for signal `\spimemio_xfer.\dummy_count' using process `\spimemio_xfer.$proc$spimemio.v:535$1277'.
  created $dff cell `$procdff$5128' with positive edge clock.
Creating register for signal `\spimemio_xfer.\xfer_cont' using process `\spimemio_xfer.$proc$spimemio.v:535$1277'.
  created $dff cell `$procdff$5129' with positive edge clock.
Creating register for signal `\spimemio_xfer.\xfer_qspi' using process `\spimemio_xfer.$proc$spimemio.v:535$1277'.
  created $dff cell `$procdff$5130' with positive edge clock.
Creating register for signal `\spimemio_xfer.\xfer_rd' using process `\spimemio_xfer.$proc$spimemio.v:535$1277'.
  created $dff cell `$procdff$5131' with positive edge clock.
Creating register for signal `\spimemio_xfer.\xfer_tag' using process `\spimemio_xfer.$proc$spimemio.v:535$1277'.
  created $dff cell `$procdff$5132' with positive edge clock.
Creating register for signal `\spimemio_xfer.\fetch' using process `\spimemio_xfer.$proc$spimemio.v:535$1277'.
  created $dff cell `$procdff$5133' with positive edge clock.
Creating register for signal `\spimemio_xfer.\last_fetch' using process `\spimemio_xfer.$proc$spimemio.v:535$1277'.
  created $dff cell `$procdff$5134' with positive edge clock.
Creating register for signal `\spimemio_xfer.\xfer_ddr_q' using process `\spimemio_xfer.$proc$spimemio.v:436$1244'.
  created $dff cell `$procdff$5135' with positive edge clock.
Creating register for signal `\spimemio_xfer.\xfer_tag_q' using process `\spimemio_xfer.$proc$spimemio.v:436$1244'.
  created $dff cell `$procdff$5136' with positive edge clock.
Creating register for signal `$paramod$d10354c6a96dde45072006c7ddf03c042761ad93\picorv32.\trap' using process `$paramod$d10354c6a96dde45072006c7ddf03c042761ad93\picorv32.$proc$../picorv32.v:1402$1052'.
  created $dff cell `$procdff$5137' with positive edge clock.
Creating register for signal `$paramod$d10354c6a96dde45072006c7ddf03c042761ad93\picorv32.\pcpi_valid' using process `$paramod$d10354c6a96dde45072006c7ddf03c042761ad93\picorv32.$proc$../picorv32.v:1402$1052'.
  created $dff cell `$procdff$5138' with positive edge clock.
Creating register for signal `$paramod$d10354c6a96dde45072006c7ddf03c042761ad93\picorv32.\eoi' using process `$paramod$d10354c6a96dde45072006c7ddf03c042761ad93\picorv32.$proc$../picorv32.v:1402$1052'.
  created $dff cell `$procdff$5139' with positive edge clock.
Creating register for signal `$paramod$d10354c6a96dde45072006c7ddf03c042761ad93\picorv32.\trace_valid' using process `$paramod$d10354c6a96dde45072006c7ddf03c042761ad93\picorv32.$proc$../picorv32.v:1402$1052'.
  created $dff cell `$procdff$5140' with positive edge clock.
Creating register for signal `$paramod$d10354c6a96dde45072006c7ddf03c042761ad93\picorv32.\trace_data' using process `$paramod$d10354c6a96dde45072006c7ddf03c042761ad93\picorv32.$proc$../picorv32.v:1402$1052'.
  created $dff cell `$procdff$5141' with positive edge clock.
Creating register for signal `$paramod$d10354c6a96dde45072006c7ddf03c042761ad93\picorv32.\count_cycle' using process `$paramod$d10354c6a96dde45072006c7ddf03c042761ad93\picorv32.$proc$../picorv32.v:1402$1052'.
  created $dff cell `$procdff$5142' with positive edge clock.
Creating register for signal `$paramod$d10354c6a96dde45072006c7ddf03c042761ad93\picorv32.\count_instr' using process `$paramod$d10354c6a96dde45072006c7ddf03c042761ad93\picorv32.$proc$../picorv32.v:1402$1052'.
  created $dff cell `$procdff$5143' with positive edge clock.
Creating register for signal `$paramod$d10354c6a96dde45072006c7ddf03c042761ad93\picorv32.\reg_pc' using process `$paramod$d10354c6a96dde45072006c7ddf03c042761ad93\picorv32.$proc$../picorv32.v:1402$1052'.
  created $dff cell `$procdff$5144' with positive edge clock.
Creating register for signal `$paramod$d10354c6a96dde45072006c7ddf03c042761ad93\picorv32.\reg_next_pc' using process `$paramod$d10354c6a96dde45072006c7ddf03c042761ad93\picorv32.$proc$../picorv32.v:1402$1052'.
  created $dff cell `$procdff$5145' with positive edge clock.
Creating register for signal `$paramod$d10354c6a96dde45072006c7ddf03c042761ad93\picorv32.\reg_op1' using process `$paramod$d10354c6a96dde45072006c7ddf03c042761ad93\picorv32.$proc$../picorv32.v:1402$1052'.
  created $dff cell `$procdff$5146' with positive edge clock.
Creating register for signal `$paramod$d10354c6a96dde45072006c7ddf03c042761ad93\picorv32.\reg_op2' using process `$paramod$d10354c6a96dde45072006c7ddf03c042761ad93\picorv32.$proc$../picorv32.v:1402$1052'.
  created $dff cell `$procdff$5147' with positive edge clock.
Creating register for signal `$paramod$d10354c6a96dde45072006c7ddf03c042761ad93\picorv32.\reg_out' using process `$paramod$d10354c6a96dde45072006c7ddf03c042761ad93\picorv32.$proc$../picorv32.v:1402$1052'.
  created $dff cell `$procdff$5148' with positive edge clock.
Creating register for signal `$paramod$d10354c6a96dde45072006c7ddf03c042761ad93\picorv32.\reg_sh' using process `$paramod$d10354c6a96dde45072006c7ddf03c042761ad93\picorv32.$proc$../picorv32.v:1402$1052'.
  created $dff cell `$procdff$5149' with positive edge clock.
Creating register for signal `$paramod$d10354c6a96dde45072006c7ddf03c042761ad93\picorv32.\irq_delay' using process `$paramod$d10354c6a96dde45072006c7ddf03c042761ad93\picorv32.$proc$../picorv32.v:1402$1052'.
  created $dff cell `$procdff$5150' with positive edge clock.
Creating register for signal `$paramod$d10354c6a96dde45072006c7ddf03c042761ad93\picorv32.\irq_active' using process `$paramod$d10354c6a96dde45072006c7ddf03c042761ad93\picorv32.$proc$../picorv32.v:1402$1052'.
  created $dff cell `$procdff$5151' with positive edge clock.
Creating register for signal `$paramod$d10354c6a96dde45072006c7ddf03c042761ad93\picorv32.\irq_mask' using process `$paramod$d10354c6a96dde45072006c7ddf03c042761ad93\picorv32.$proc$../picorv32.v:1402$1052'.
  created $dff cell `$procdff$5152' with positive edge clock.
Creating register for signal `$paramod$d10354c6a96dde45072006c7ddf03c042761ad93\picorv32.\irq_pending' using process `$paramod$d10354c6a96dde45072006c7ddf03c042761ad93\picorv32.$proc$../picorv32.v:1402$1052'.
  created $dff cell `$procdff$5153' with positive edge clock.
Creating register for signal `$paramod$d10354c6a96dde45072006c7ddf03c042761ad93\picorv32.\timer' using process `$paramod$d10354c6a96dde45072006c7ddf03c042761ad93\picorv32.$proc$../picorv32.v:1402$1052'.
  created $dff cell `$procdff$5154' with positive edge clock.
Creating register for signal `$paramod$d10354c6a96dde45072006c7ddf03c042761ad93\picorv32.\mem_wordsize' using process `$paramod$d10354c6a96dde45072006c7ddf03c042761ad93\picorv32.$proc$../picorv32.v:1402$1052'.
  created $dff cell `$procdff$5155' with positive edge clock.
Creating register for signal `$paramod$d10354c6a96dde45072006c7ddf03c042761ad93\picorv32.\mem_do_prefetch' using process `$paramod$d10354c6a96dde45072006c7ddf03c042761ad93\picorv32.$proc$../picorv32.v:1402$1052'.
  created $dff cell `$procdff$5156' with positive edge clock.
Creating register for signal `$paramod$d10354c6a96dde45072006c7ddf03c042761ad93\picorv32.\mem_do_rinst' using process `$paramod$d10354c6a96dde45072006c7ddf03c042761ad93\picorv32.$proc$../picorv32.v:1402$1052'.
  created $dff cell `$procdff$5157' with positive edge clock.
Creating register for signal `$paramod$d10354c6a96dde45072006c7ddf03c042761ad93\picorv32.\mem_do_rdata' using process `$paramod$d10354c6a96dde45072006c7ddf03c042761ad93\picorv32.$proc$../picorv32.v:1402$1052'.
  created $dff cell `$procdff$5158' with positive edge clock.
Creating register for signal `$paramod$d10354c6a96dde45072006c7ddf03c042761ad93\picorv32.\mem_do_wdata' using process `$paramod$d10354c6a96dde45072006c7ddf03c042761ad93\picorv32.$proc$../picorv32.v:1402$1052'.
  created $dff cell `$procdff$5159' with positive edge clock.
Creating register for signal `$paramod$d10354c6a96dde45072006c7ddf03c042761ad93\picorv32.\decoder_trigger' using process `$paramod$d10354c6a96dde45072006c7ddf03c042761ad93\picorv32.$proc$../picorv32.v:1402$1052'.
  created $dff cell `$procdff$5160' with positive edge clock.
Creating register for signal `$paramod$d10354c6a96dde45072006c7ddf03c042761ad93\picorv32.\decoder_trigger_q' using process `$paramod$d10354c6a96dde45072006c7ddf03c042761ad93\picorv32.$proc$../picorv32.v:1402$1052'.
  created $dff cell `$procdff$5161' with positive edge clock.
Creating register for signal `$paramod$d10354c6a96dde45072006c7ddf03c042761ad93\picorv32.\decoder_pseudo_trigger' using process `$paramod$d10354c6a96dde45072006c7ddf03c042761ad93\picorv32.$proc$../picorv32.v:1402$1052'.
  created $dff cell `$procdff$5162' with positive edge clock.
Creating register for signal `$paramod$d10354c6a96dde45072006c7ddf03c042761ad93\picorv32.\decoder_pseudo_trigger_q' using process `$paramod$d10354c6a96dde45072006c7ddf03c042761ad93\picorv32.$proc$../picorv32.v:1402$1052'.
  created $dff cell `$procdff$5163' with positive edge clock.
Creating register for signal `$paramod$d10354c6a96dde45072006c7ddf03c042761ad93\picorv32.\dbg_rs1val' using process `$paramod$d10354c6a96dde45072006c7ddf03c042761ad93\picorv32.$proc$../picorv32.v:1402$1052'.
  created $dff cell `$procdff$5164' with positive edge clock.
Creating register for signal `$paramod$d10354c6a96dde45072006c7ddf03c042761ad93\picorv32.\dbg_rs2val' using process `$paramod$d10354c6a96dde45072006c7ddf03c042761ad93\picorv32.$proc$../picorv32.v:1402$1052'.
  created $dff cell `$procdff$5165' with positive edge clock.
Creating register for signal `$paramod$d10354c6a96dde45072006c7ddf03c042761ad93\picorv32.\dbg_rs1val_valid' using process `$paramod$d10354c6a96dde45072006c7ddf03c042761ad93\picorv32.$proc$../picorv32.v:1402$1052'.
  created $dff cell `$procdff$5166' with positive edge clock.
Creating register for signal `$paramod$d10354c6a96dde45072006c7ddf03c042761ad93\picorv32.\dbg_rs2val_valid' using process `$paramod$d10354c6a96dde45072006c7ddf03c042761ad93\picorv32.$proc$../picorv32.v:1402$1052'.
  created $dff cell `$procdff$5167' with positive edge clock.
Creating register for signal `$paramod$d10354c6a96dde45072006c7ddf03c042761ad93\picorv32.\cpu_state' using process `$paramod$d10354c6a96dde45072006c7ddf03c042761ad93\picorv32.$proc$../picorv32.v:1402$1052'.
  created $dff cell `$procdff$5168' with positive edge clock.
Creating register for signal `$paramod$d10354c6a96dde45072006c7ddf03c042761ad93\picorv32.\irq_state' using process `$paramod$d10354c6a96dde45072006c7ddf03c042761ad93\picorv32.$proc$../picorv32.v:1402$1052'.
  created $dff cell `$procdff$5169' with positive edge clock.
Creating register for signal `$paramod$d10354c6a96dde45072006c7ddf03c042761ad93\picorv32.\set_mem_do_rinst' using process `$paramod$d10354c6a96dde45072006c7ddf03c042761ad93\picorv32.$proc$../picorv32.v:1402$1052'.
  created $dff cell `$procdff$5170' with positive edge clock.
Creating register for signal `$paramod$d10354c6a96dde45072006c7ddf03c042761ad93\picorv32.\set_mem_do_rdata' using process `$paramod$d10354c6a96dde45072006c7ddf03c042761ad93\picorv32.$proc$../picorv32.v:1402$1052'.
  created $dff cell `$procdff$5171' with positive edge clock.
Creating register for signal `$paramod$d10354c6a96dde45072006c7ddf03c042761ad93\picorv32.\set_mem_do_wdata' using process `$paramod$d10354c6a96dde45072006c7ddf03c042761ad93\picorv32.$proc$../picorv32.v:1402$1052'.
  created $dff cell `$procdff$5172' with positive edge clock.
Creating register for signal `$paramod$d10354c6a96dde45072006c7ddf03c042761ad93\picorv32.\latched_store' using process `$paramod$d10354c6a96dde45072006c7ddf03c042761ad93\picorv32.$proc$../picorv32.v:1402$1052'.
  created $dff cell `$procdff$5173' with positive edge clock.
Creating register for signal `$paramod$d10354c6a96dde45072006c7ddf03c042761ad93\picorv32.\latched_stalu' using process `$paramod$d10354c6a96dde45072006c7ddf03c042761ad93\picorv32.$proc$../picorv32.v:1402$1052'.
  created $dff cell `$procdff$5174' with positive edge clock.
Creating register for signal `$paramod$d10354c6a96dde45072006c7ddf03c042761ad93\picorv32.\latched_branch' using process `$paramod$d10354c6a96dde45072006c7ddf03c042761ad93\picorv32.$proc$../picorv32.v:1402$1052'.
  created $dff cell `$procdff$5175' with positive edge clock.
Creating register for signal `$paramod$d10354c6a96dde45072006c7ddf03c042761ad93\picorv32.\latched_compr' using process `$paramod$d10354c6a96dde45072006c7ddf03c042761ad93\picorv32.$proc$../picorv32.v:1402$1052'.
  created $dff cell `$procdff$5176' with positive edge clock.
Creating register for signal `$paramod$d10354c6a96dde45072006c7ddf03c042761ad93\picorv32.\latched_trace' using process `$paramod$d10354c6a96dde45072006c7ddf03c042761ad93\picorv32.$proc$../picorv32.v:1402$1052'.
  created $dff cell `$procdff$5177' with positive edge clock.
Creating register for signal `$paramod$d10354c6a96dde45072006c7ddf03c042761ad93\picorv32.\latched_is_lu' using process `$paramod$d10354c6a96dde45072006c7ddf03c042761ad93\picorv32.$proc$../picorv32.v:1402$1052'.
  created $dff cell `$procdff$5178' with positive edge clock.
Creating register for signal `$paramod$d10354c6a96dde45072006c7ddf03c042761ad93\picorv32.\latched_is_lh' using process `$paramod$d10354c6a96dde45072006c7ddf03c042761ad93\picorv32.$proc$../picorv32.v:1402$1052'.
  created $dff cell `$procdff$5179' with positive edge clock.
Creating register for signal `$paramod$d10354c6a96dde45072006c7ddf03c042761ad93\picorv32.\latched_is_lb' using process `$paramod$d10354c6a96dde45072006c7ddf03c042761ad93\picorv32.$proc$../picorv32.v:1402$1052'.
  created $dff cell `$procdff$5180' with positive edge clock.
Creating register for signal `$paramod$d10354c6a96dde45072006c7ddf03c042761ad93\picorv32.\latched_rd' using process `$paramod$d10354c6a96dde45072006c7ddf03c042761ad93\picorv32.$proc$../picorv32.v:1402$1052'.
  created $dff cell `$procdff$5181' with positive edge clock.
Creating register for signal `$paramod$d10354c6a96dde45072006c7ddf03c042761ad93\picorv32.\current_pc' using process `$paramod$d10354c6a96dde45072006c7ddf03c042761ad93\picorv32.$proc$../picorv32.v:1402$1052'.
  created $dff cell `$procdff$5182' with positive edge clock.
Creating register for signal `$paramod$d10354c6a96dde45072006c7ddf03c042761ad93\picorv32.\pcpi_timeout_counter' using process `$paramod$d10354c6a96dde45072006c7ddf03c042761ad93\picorv32.$proc$../picorv32.v:1402$1052'.
  created $dff cell `$procdff$5183' with positive edge clock.
Creating register for signal `$paramod$d10354c6a96dde45072006c7ddf03c042761ad93\picorv32.\pcpi_timeout' using process `$paramod$d10354c6a96dde45072006c7ddf03c042761ad93\picorv32.$proc$../picorv32.v:1402$1052'.
  created $dff cell `$procdff$5184' with positive edge clock.
Creating register for signal `$paramod$d10354c6a96dde45072006c7ddf03c042761ad93\picorv32.\next_irq_pending' using process `$paramod$d10354c6a96dde45072006c7ddf03c042761ad93\picorv32.$proc$../picorv32.v:1402$1052'.
  created $dff cell `$procdff$5185' with positive edge clock.
Creating register for signal `$paramod$d10354c6a96dde45072006c7ddf03c042761ad93\picorv32.\do_waitirq' using process `$paramod$d10354c6a96dde45072006c7ddf03c042761ad93\picorv32.$proc$../picorv32.v:1402$1052'.
  created $dff cell `$procdff$5186' with positive edge clock.
Creating register for signal `$paramod$d10354c6a96dde45072006c7ddf03c042761ad93\picorv32.\alu_out_q' using process `$paramod$d10354c6a96dde45072006c7ddf03c042761ad93\picorv32.$proc$../picorv32.v:1402$1052'.
  created $dff cell `$procdff$5187' with positive edge clock.
Creating register for signal `$paramod$d10354c6a96dde45072006c7ddf03c042761ad93\picorv32.\alu_out_0_q' using process `$paramod$d10354c6a96dde45072006c7ddf03c042761ad93\picorv32.$proc$../picorv32.v:1402$1052'.
  created $dff cell `$procdff$5188' with positive edge clock.
Creating register for signal `$paramod$d10354c6a96dde45072006c7ddf03c042761ad93\picorv32.\alu_wait' using process `$paramod$d10354c6a96dde45072006c7ddf03c042761ad93\picorv32.$proc$../picorv32.v:1402$1052'.
  created $dff cell `$procdff$5189' with positive edge clock.
Creating register for signal `$paramod$d10354c6a96dde45072006c7ddf03c042761ad93\picorv32.\alu_wait_2' using process `$paramod$d10354c6a96dde45072006c7ddf03c042761ad93\picorv32.$proc$../picorv32.v:1402$1052'.
  created $dff cell `$procdff$5190' with positive edge clock.
Creating register for signal `$paramod$d10354c6a96dde45072006c7ddf03c042761ad93\picorv32.\clear_prefetched_high_word_q' using process `$paramod$d10354c6a96dde45072006c7ddf03c042761ad93\picorv32.$proc$../picorv32.v:1293$1018'.
  created $dff cell `$procdff$5191' with positive edge clock.
Creating register for signal `$paramod$d10354c6a96dde45072006c7ddf03c042761ad93\picorv32.\pcpi_insn' using process `$paramod$d10354c6a96dde45072006c7ddf03c042761ad93\picorv32.$proc$../picorv32.v:858$721'.
  created $dff cell `$procdff$5192' with positive edge clock.
Creating register for signal `$paramod$d10354c6a96dde45072006c7ddf03c042761ad93\picorv32.\instr_lui' using process `$paramod$d10354c6a96dde45072006c7ddf03c042761ad93\picorv32.$proc$../picorv32.v:858$721'.
  created $dff cell `$procdff$5193' with positive edge clock.
Creating register for signal `$paramod$d10354c6a96dde45072006c7ddf03c042761ad93\picorv32.\instr_auipc' using process `$paramod$d10354c6a96dde45072006c7ddf03c042761ad93\picorv32.$proc$../picorv32.v:858$721'.
  created $dff cell `$procdff$5194' with positive edge clock.
Creating register for signal `$paramod$d10354c6a96dde45072006c7ddf03c042761ad93\picorv32.\instr_jal' using process `$paramod$d10354c6a96dde45072006c7ddf03c042761ad93\picorv32.$proc$../picorv32.v:858$721'.
  created $dff cell `$procdff$5195' with positive edge clock.
Creating register for signal `$paramod$d10354c6a96dde45072006c7ddf03c042761ad93\picorv32.\instr_jalr' using process `$paramod$d10354c6a96dde45072006c7ddf03c042761ad93\picorv32.$proc$../picorv32.v:858$721'.
  created $dff cell `$procdff$5196' with positive edge clock.
Creating register for signal `$paramod$d10354c6a96dde45072006c7ddf03c042761ad93\picorv32.\instr_beq' using process `$paramod$d10354c6a96dde45072006c7ddf03c042761ad93\picorv32.$proc$../picorv32.v:858$721'.
  created $dff cell `$procdff$5197' with positive edge clock.
Creating register for signal `$paramod$d10354c6a96dde45072006c7ddf03c042761ad93\picorv32.\instr_bne' using process `$paramod$d10354c6a96dde45072006c7ddf03c042761ad93\picorv32.$proc$../picorv32.v:858$721'.
  created $dff cell `$procdff$5198' with positive edge clock.
Creating register for signal `$paramod$d10354c6a96dde45072006c7ddf03c042761ad93\picorv32.\instr_blt' using process `$paramod$d10354c6a96dde45072006c7ddf03c042761ad93\picorv32.$proc$../picorv32.v:858$721'.
  created $dff cell `$procdff$5199' with positive edge clock.
Creating register for signal `$paramod$d10354c6a96dde45072006c7ddf03c042761ad93\picorv32.\instr_bge' using process `$paramod$d10354c6a96dde45072006c7ddf03c042761ad93\picorv32.$proc$../picorv32.v:858$721'.
  created $dff cell `$procdff$5200' with positive edge clock.
Creating register for signal `$paramod$d10354c6a96dde45072006c7ddf03c042761ad93\picorv32.\instr_bltu' using process `$paramod$d10354c6a96dde45072006c7ddf03c042761ad93\picorv32.$proc$../picorv32.v:858$721'.
  created $dff cell `$procdff$5201' with positive edge clock.
Creating register for signal `$paramod$d10354c6a96dde45072006c7ddf03c042761ad93\picorv32.\instr_bgeu' using process `$paramod$d10354c6a96dde45072006c7ddf03c042761ad93\picorv32.$proc$../picorv32.v:858$721'.
  created $dff cell `$procdff$5202' with positive edge clock.
Creating register for signal `$paramod$d10354c6a96dde45072006c7ddf03c042761ad93\picorv32.\instr_lb' using process `$paramod$d10354c6a96dde45072006c7ddf03c042761ad93\picorv32.$proc$../picorv32.v:858$721'.
  created $dff cell `$procdff$5203' with positive edge clock.
Creating register for signal `$paramod$d10354c6a96dde45072006c7ddf03c042761ad93\picorv32.\instr_lh' using process `$paramod$d10354c6a96dde45072006c7ddf03c042761ad93\picorv32.$proc$../picorv32.v:858$721'.
  created $dff cell `$procdff$5204' with positive edge clock.
Creating register for signal `$paramod$d10354c6a96dde45072006c7ddf03c042761ad93\picorv32.\instr_lw' using process `$paramod$d10354c6a96dde45072006c7ddf03c042761ad93\picorv32.$proc$../picorv32.v:858$721'.
  created $dff cell `$procdff$5205' with positive edge clock.
Creating register for signal `$paramod$d10354c6a96dde45072006c7ddf03c042761ad93\picorv32.\instr_lbu' using process `$paramod$d10354c6a96dde45072006c7ddf03c042761ad93\picorv32.$proc$../picorv32.v:858$721'.
  created $dff cell `$procdff$5206' with positive edge clock.
Creating register for signal `$paramod$d10354c6a96dde45072006c7ddf03c042761ad93\picorv32.\instr_lhu' using process `$paramod$d10354c6a96dde45072006c7ddf03c042761ad93\picorv32.$proc$../picorv32.v:858$721'.
  created $dff cell `$procdff$5207' with positive edge clock.
Creating register for signal `$paramod$d10354c6a96dde45072006c7ddf03c042761ad93\picorv32.\instr_sb' using process `$paramod$d10354c6a96dde45072006c7ddf03c042761ad93\picorv32.$proc$../picorv32.v:858$721'.
  created $dff cell `$procdff$5208' with positive edge clock.
Creating register for signal `$paramod$d10354c6a96dde45072006c7ddf03c042761ad93\picorv32.\instr_sh' using process `$paramod$d10354c6a96dde45072006c7ddf03c042761ad93\picorv32.$proc$../picorv32.v:858$721'.
  created $dff cell `$procdff$5209' with positive edge clock.
Creating register for signal `$paramod$d10354c6a96dde45072006c7ddf03c042761ad93\picorv32.\instr_sw' using process `$paramod$d10354c6a96dde45072006c7ddf03c042761ad93\picorv32.$proc$../picorv32.v:858$721'.
  created $dff cell `$procdff$5210' with positive edge clock.
Creating register for signal `$paramod$d10354c6a96dde45072006c7ddf03c042761ad93\picorv32.\instr_addi' using process `$paramod$d10354c6a96dde45072006c7ddf03c042761ad93\picorv32.$proc$../picorv32.v:858$721'.
  created $dff cell `$procdff$5211' with positive edge clock.
Creating register for signal `$paramod$d10354c6a96dde45072006c7ddf03c042761ad93\picorv32.\instr_slti' using process `$paramod$d10354c6a96dde45072006c7ddf03c042761ad93\picorv32.$proc$../picorv32.v:858$721'.
  created $dff cell `$procdff$5212' with positive edge clock.
Creating register for signal `$paramod$d10354c6a96dde45072006c7ddf03c042761ad93\picorv32.\instr_sltiu' using process `$paramod$d10354c6a96dde45072006c7ddf03c042761ad93\picorv32.$proc$../picorv32.v:858$721'.
  created $dff cell `$procdff$5213' with positive edge clock.
Creating register for signal `$paramod$d10354c6a96dde45072006c7ddf03c042761ad93\picorv32.\instr_xori' using process `$paramod$d10354c6a96dde45072006c7ddf03c042761ad93\picorv32.$proc$../picorv32.v:858$721'.
  created $dff cell `$procdff$5214' with positive edge clock.
Creating register for signal `$paramod$d10354c6a96dde45072006c7ddf03c042761ad93\picorv32.\instr_ori' using process `$paramod$d10354c6a96dde45072006c7ddf03c042761ad93\picorv32.$proc$../picorv32.v:858$721'.
  created $dff cell `$procdff$5215' with positive edge clock.
Creating register for signal `$paramod$d10354c6a96dde45072006c7ddf03c042761ad93\picorv32.\instr_andi' using process `$paramod$d10354c6a96dde45072006c7ddf03c042761ad93\picorv32.$proc$../picorv32.v:858$721'.
  created $dff cell `$procdff$5216' with positive edge clock.
Creating register for signal `$paramod$d10354c6a96dde45072006c7ddf03c042761ad93\picorv32.\instr_slli' using process `$paramod$d10354c6a96dde45072006c7ddf03c042761ad93\picorv32.$proc$../picorv32.v:858$721'.
  created $dff cell `$procdff$5217' with positive edge clock.
Creating register for signal `$paramod$d10354c6a96dde45072006c7ddf03c042761ad93\picorv32.\instr_srli' using process `$paramod$d10354c6a96dde45072006c7ddf03c042761ad93\picorv32.$proc$../picorv32.v:858$721'.
  created $dff cell `$procdff$5218' with positive edge clock.
Creating register for signal `$paramod$d10354c6a96dde45072006c7ddf03c042761ad93\picorv32.\instr_srai' using process `$paramod$d10354c6a96dde45072006c7ddf03c042761ad93\picorv32.$proc$../picorv32.v:858$721'.
  created $dff cell `$procdff$5219' with positive edge clock.
Creating register for signal `$paramod$d10354c6a96dde45072006c7ddf03c042761ad93\picorv32.\instr_add' using process `$paramod$d10354c6a96dde45072006c7ddf03c042761ad93\picorv32.$proc$../picorv32.v:858$721'.
  created $dff cell `$procdff$5220' with positive edge clock.
Creating register for signal `$paramod$d10354c6a96dde45072006c7ddf03c042761ad93\picorv32.\instr_sub' using process `$paramod$d10354c6a96dde45072006c7ddf03c042761ad93\picorv32.$proc$../picorv32.v:858$721'.
  created $dff cell `$procdff$5221' with positive edge clock.
Creating register for signal `$paramod$d10354c6a96dde45072006c7ddf03c042761ad93\picorv32.\instr_sll' using process `$paramod$d10354c6a96dde45072006c7ddf03c042761ad93\picorv32.$proc$../picorv32.v:858$721'.
  created $dff cell `$procdff$5222' with positive edge clock.
Creating register for signal `$paramod$d10354c6a96dde45072006c7ddf03c042761ad93\picorv32.\instr_slt' using process `$paramod$d10354c6a96dde45072006c7ddf03c042761ad93\picorv32.$proc$../picorv32.v:858$721'.
  created $dff cell `$procdff$5223' with positive edge clock.
Creating register for signal `$paramod$d10354c6a96dde45072006c7ddf03c042761ad93\picorv32.\instr_sltu' using process `$paramod$d10354c6a96dde45072006c7ddf03c042761ad93\picorv32.$proc$../picorv32.v:858$721'.
  created $dff cell `$procdff$5224' with positive edge clock.
Creating register for signal `$paramod$d10354c6a96dde45072006c7ddf03c042761ad93\picorv32.\instr_xor' using process `$paramod$d10354c6a96dde45072006c7ddf03c042761ad93\picorv32.$proc$../picorv32.v:858$721'.
  created $dff cell `$procdff$5225' with positive edge clock.
Creating register for signal `$paramod$d10354c6a96dde45072006c7ddf03c042761ad93\picorv32.\instr_srl' using process `$paramod$d10354c6a96dde45072006c7ddf03c042761ad93\picorv32.$proc$../picorv32.v:858$721'.
  created $dff cell `$procdff$5226' with positive edge clock.
Creating register for signal `$paramod$d10354c6a96dde45072006c7ddf03c042761ad93\picorv32.\instr_sra' using process `$paramod$d10354c6a96dde45072006c7ddf03c042761ad93\picorv32.$proc$../picorv32.v:858$721'.
  created $dff cell `$procdff$5227' with positive edge clock.
Creating register for signal `$paramod$d10354c6a96dde45072006c7ddf03c042761ad93\picorv32.\instr_or' using process `$paramod$d10354c6a96dde45072006c7ddf03c042761ad93\picorv32.$proc$../picorv32.v:858$721'.
  created $dff cell `$procdff$5228' with positive edge clock.
Creating register for signal `$paramod$d10354c6a96dde45072006c7ddf03c042761ad93\picorv32.\instr_and' using process `$paramod$d10354c6a96dde45072006c7ddf03c042761ad93\picorv32.$proc$../picorv32.v:858$721'.
  created $dff cell `$procdff$5229' with positive edge clock.
Creating register for signal `$paramod$d10354c6a96dde45072006c7ddf03c042761ad93\picorv32.\instr_rdcycle' using process `$paramod$d10354c6a96dde45072006c7ddf03c042761ad93\picorv32.$proc$../picorv32.v:858$721'.
  created $dff cell `$procdff$5230' with positive edge clock.
Creating register for signal `$paramod$d10354c6a96dde45072006c7ddf03c042761ad93\picorv32.\instr_rdcycleh' using process `$paramod$d10354c6a96dde45072006c7ddf03c042761ad93\picorv32.$proc$../picorv32.v:858$721'.
  created $dff cell `$procdff$5231' with positive edge clock.
Creating register for signal `$paramod$d10354c6a96dde45072006c7ddf03c042761ad93\picorv32.\instr_rdinstr' using process `$paramod$d10354c6a96dde45072006c7ddf03c042761ad93\picorv32.$proc$../picorv32.v:858$721'.
  created $dff cell `$procdff$5232' with positive edge clock.
Creating register for signal `$paramod$d10354c6a96dde45072006c7ddf03c042761ad93\picorv32.\instr_rdinstrh' using process `$paramod$d10354c6a96dde45072006c7ddf03c042761ad93\picorv32.$proc$../picorv32.v:858$721'.
  created $dff cell `$procdff$5233' with positive edge clock.
Creating register for signal `$paramod$d10354c6a96dde45072006c7ddf03c042761ad93\picorv32.\instr_ecall_ebreak' using process `$paramod$d10354c6a96dde45072006c7ddf03c042761ad93\picorv32.$proc$../picorv32.v:858$721'.
  created $dff cell `$procdff$5234' with positive edge clock.
Creating register for signal `$paramod$d10354c6a96dde45072006c7ddf03c042761ad93\picorv32.\instr_fence' using process `$paramod$d10354c6a96dde45072006c7ddf03c042761ad93\picorv32.$proc$../picorv32.v:858$721'.
  created $dff cell `$procdff$5235' with positive edge clock.
Creating register for signal `$paramod$d10354c6a96dde45072006c7ddf03c042761ad93\picorv32.\instr_getq' using process `$paramod$d10354c6a96dde45072006c7ddf03c042761ad93\picorv32.$proc$../picorv32.v:858$721'.
  created $dff cell `$procdff$5236' with positive edge clock.
Creating register for signal `$paramod$d10354c6a96dde45072006c7ddf03c042761ad93\picorv32.\instr_setq' using process `$paramod$d10354c6a96dde45072006c7ddf03c042761ad93\picorv32.$proc$../picorv32.v:858$721'.
  created $dff cell `$procdff$5237' with positive edge clock.
Creating register for signal `$paramod$d10354c6a96dde45072006c7ddf03c042761ad93\picorv32.\instr_retirq' using process `$paramod$d10354c6a96dde45072006c7ddf03c042761ad93\picorv32.$proc$../picorv32.v:858$721'.
  created $dff cell `$procdff$5238' with positive edge clock.
Creating register for signal `$paramod$d10354c6a96dde45072006c7ddf03c042761ad93\picorv32.\instr_maskirq' using process `$paramod$d10354c6a96dde45072006c7ddf03c042761ad93\picorv32.$proc$../picorv32.v:858$721'.
  created $dff cell `$procdff$5239' with positive edge clock.
Creating register for signal `$paramod$d10354c6a96dde45072006c7ddf03c042761ad93\picorv32.\instr_waitirq' using process `$paramod$d10354c6a96dde45072006c7ddf03c042761ad93\picorv32.$proc$../picorv32.v:858$721'.
  created $dff cell `$procdff$5240' with positive edge clock.
Creating register for signal `$paramod$d10354c6a96dde45072006c7ddf03c042761ad93\picorv32.\instr_timer' using process `$paramod$d10354c6a96dde45072006c7ddf03c042761ad93\picorv32.$proc$../picorv32.v:858$721'.
  created $dff cell `$procdff$5241' with positive edge clock.
Creating register for signal `$paramod$d10354c6a96dde45072006c7ddf03c042761ad93\picorv32.\decoded_rd' using process `$paramod$d10354c6a96dde45072006c7ddf03c042761ad93\picorv32.$proc$../picorv32.v:858$721'.
  created $dff cell `$procdff$5242' with positive edge clock.
Creating register for signal `$paramod$d10354c6a96dde45072006c7ddf03c042761ad93\picorv32.\decoded_rs1' using process `$paramod$d10354c6a96dde45072006c7ddf03c042761ad93\picorv32.$proc$../picorv32.v:858$721'.
  created $dff cell `$procdff$5243' with positive edge clock.
Creating register for signal `$paramod$d10354c6a96dde45072006c7ddf03c042761ad93\picorv32.\decoded_rs2' using process `$paramod$d10354c6a96dde45072006c7ddf03c042761ad93\picorv32.$proc$../picorv32.v:858$721'.
  created $dff cell `$procdff$5244' with positive edge clock.
Creating register for signal `$paramod$d10354c6a96dde45072006c7ddf03c042761ad93\picorv32.\decoded_imm' using process `$paramod$d10354c6a96dde45072006c7ddf03c042761ad93\picorv32.$proc$../picorv32.v:858$721'.
  created $dff cell `$procdff$5245' with positive edge clock.
Creating register for signal `$paramod$d10354c6a96dde45072006c7ddf03c042761ad93\picorv32.\decoded_imm_j' using process `$paramod$d10354c6a96dde45072006c7ddf03c042761ad93\picorv32.$proc$../picorv32.v:858$721'.
  created $dff cell `$procdff$5246' with positive edge clock.
Creating register for signal `$paramod$d10354c6a96dde45072006c7ddf03c042761ad93\picorv32.\compressed_instr' using process `$paramod$d10354c6a96dde45072006c7ddf03c042761ad93\picorv32.$proc$../picorv32.v:858$721'.
  created $dff cell `$procdff$5247' with positive edge clock.
Creating register for signal `$paramod$d10354c6a96dde45072006c7ddf03c042761ad93\picorv32.\is_lui_auipc_jal' using process `$paramod$d10354c6a96dde45072006c7ddf03c042761ad93\picorv32.$proc$../picorv32.v:858$721'.
  created $dff cell `$procdff$5248' with positive edge clock.
Creating register for signal `$paramod$d10354c6a96dde45072006c7ddf03c042761ad93\picorv32.\is_lb_lh_lw_lbu_lhu' using process `$paramod$d10354c6a96dde45072006c7ddf03c042761ad93\picorv32.$proc$../picorv32.v:858$721'.
  created $dff cell `$procdff$5249' with positive edge clock.
Creating register for signal `$paramod$d10354c6a96dde45072006c7ddf03c042761ad93\picorv32.\is_slli_srli_srai' using process `$paramod$d10354c6a96dde45072006c7ddf03c042761ad93\picorv32.$proc$../picorv32.v:858$721'.
  created $dff cell `$procdff$5250' with positive edge clock.
Creating register for signal `$paramod$d10354c6a96dde45072006c7ddf03c042761ad93\picorv32.\is_jalr_addi_slti_sltiu_xori_ori_andi' using process `$paramod$d10354c6a96dde45072006c7ddf03c042761ad93\picorv32.$proc$../picorv32.v:858$721'.
  created $dff cell `$procdff$5251' with positive edge clock.
Creating register for signal `$paramod$d10354c6a96dde45072006c7ddf03c042761ad93\picorv32.\is_sb_sh_sw' using process `$paramod$d10354c6a96dde45072006c7ddf03c042761ad93\picorv32.$proc$../picorv32.v:858$721'.
  created $dff cell `$procdff$5252' with positive edge clock.
Creating register for signal `$paramod$d10354c6a96dde45072006c7ddf03c042761ad93\picorv32.\is_sll_srl_sra' using process `$paramod$d10354c6a96dde45072006c7ddf03c042761ad93\picorv32.$proc$../picorv32.v:858$721'.
  created $dff cell `$procdff$5253' with positive edge clock.
Creating register for signal `$paramod$d10354c6a96dde45072006c7ddf03c042761ad93\picorv32.\is_lui_auipc_jal_jalr_addi_add_sub' using process `$paramod$d10354c6a96dde45072006c7ddf03c042761ad93\picorv32.$proc$../picorv32.v:858$721'.
  created $dff cell `$procdff$5254' with positive edge clock.
Creating register for signal `$paramod$d10354c6a96dde45072006c7ddf03c042761ad93\picorv32.\is_slti_blt_slt' using process `$paramod$d10354c6a96dde45072006c7ddf03c042761ad93\picorv32.$proc$../picorv32.v:858$721'.
  created $dff cell `$procdff$5255' with positive edge clock.
Creating register for signal `$paramod$d10354c6a96dde45072006c7ddf03c042761ad93\picorv32.\is_sltiu_bltu_sltu' using process `$paramod$d10354c6a96dde45072006c7ddf03c042761ad93\picorv32.$proc$../picorv32.v:858$721'.
  created $dff cell `$procdff$5256' with positive edge clock.
Creating register for signal `$paramod$d10354c6a96dde45072006c7ddf03c042761ad93\picorv32.\is_beq_bne_blt_bge_bltu_bgeu' using process `$paramod$d10354c6a96dde45072006c7ddf03c042761ad93\picorv32.$proc$../picorv32.v:858$721'.
  created $dff cell `$procdff$5257' with positive edge clock.
Creating register for signal `$paramod$d10354c6a96dde45072006c7ddf03c042761ad93\picorv32.\is_lbu_lhu_lw' using process `$paramod$d10354c6a96dde45072006c7ddf03c042761ad93\picorv32.$proc$../picorv32.v:858$721'.
  created $dff cell `$procdff$5258' with positive edge clock.
Creating register for signal `$paramod$d10354c6a96dde45072006c7ddf03c042761ad93\picorv32.\is_alu_reg_imm' using process `$paramod$d10354c6a96dde45072006c7ddf03c042761ad93\picorv32.$proc$../picorv32.v:858$721'.
  created $dff cell `$procdff$5259' with positive edge clock.
Creating register for signal `$paramod$d10354c6a96dde45072006c7ddf03c042761ad93\picorv32.\is_alu_reg_reg' using process `$paramod$d10354c6a96dde45072006c7ddf03c042761ad93\picorv32.$proc$../picorv32.v:858$721'.
  created $dff cell `$procdff$5260' with positive edge clock.
Creating register for signal `$paramod$d10354c6a96dde45072006c7ddf03c042761ad93\picorv32.\is_compare' using process `$paramod$d10354c6a96dde45072006c7ddf03c042761ad93\picorv32.$proc$../picorv32.v:858$721'.
  created $dff cell `$procdff$5261' with positive edge clock.
Creating register for signal `$paramod$d10354c6a96dde45072006c7ddf03c042761ad93\picorv32.\dbg_insn_addr' using process `$paramod$d10354c6a96dde45072006c7ddf03c042761ad93\picorv32.$proc$../picorv32.v:778$715'.
  created $dff cell `$procdff$5262' with positive edge clock.
Creating register for signal `$paramod$d10354c6a96dde45072006c7ddf03c042761ad93\picorv32.\q_ascii_instr' using process `$paramod$d10354c6a96dde45072006c7ddf03c042761ad93\picorv32.$proc$../picorv32.v:778$715'.
  created $dff cell `$procdff$5263' with positive edge clock.
Creating register for signal `$paramod$d10354c6a96dde45072006c7ddf03c042761ad93\picorv32.\q_insn_imm' using process `$paramod$d10354c6a96dde45072006c7ddf03c042761ad93\picorv32.$proc$../picorv32.v:778$715'.
  created $dff cell `$procdff$5264' with positive edge clock.
Creating register for signal `$paramod$d10354c6a96dde45072006c7ddf03c042761ad93\picorv32.\q_insn_opcode' using process `$paramod$d10354c6a96dde45072006c7ddf03c042761ad93\picorv32.$proc$../picorv32.v:778$715'.
  created $dff cell `$procdff$5265' with positive edge clock.
Creating register for signal `$paramod$d10354c6a96dde45072006c7ddf03c042761ad93\picorv32.\q_insn_rs1' using process `$paramod$d10354c6a96dde45072006c7ddf03c042761ad93\picorv32.$proc$../picorv32.v:778$715'.
  created $dff cell `$procdff$5266' with positive edge clock.
Creating register for signal `$paramod$d10354c6a96dde45072006c7ddf03c042761ad93\picorv32.\q_insn_rs2' using process `$paramod$d10354c6a96dde45072006c7ddf03c042761ad93\picorv32.$proc$../picorv32.v:778$715'.
  created $dff cell `$procdff$5267' with positive edge clock.
Creating register for signal `$paramod$d10354c6a96dde45072006c7ddf03c042761ad93\picorv32.\q_insn_rd' using process `$paramod$d10354c6a96dde45072006c7ddf03c042761ad93\picorv32.$proc$../picorv32.v:778$715'.
  created $dff cell `$procdff$5268' with positive edge clock.
Creating register for signal `$paramod$d10354c6a96dde45072006c7ddf03c042761ad93\picorv32.\dbg_next' using process `$paramod$d10354c6a96dde45072006c7ddf03c042761ad93\picorv32.$proc$../picorv32.v:778$715'.
  created $dff cell `$procdff$5269' with positive edge clock.
Creating register for signal `$paramod$d10354c6a96dde45072006c7ddf03c042761ad93\picorv32.\dbg_valid_insn' using process `$paramod$d10354c6a96dde45072006c7ddf03c042761ad93\picorv32.$proc$../picorv32.v:778$715'.
  created $dff cell `$procdff$5270' with positive edge clock.
Creating register for signal `$paramod$d10354c6a96dde45072006c7ddf03c042761ad93\picorv32.\cached_ascii_instr' using process `$paramod$d10354c6a96dde45072006c7ddf03c042761ad93\picorv32.$proc$../picorv32.v:778$715'.
  created $dff cell `$procdff$5271' with positive edge clock.
Creating register for signal `$paramod$d10354c6a96dde45072006c7ddf03c042761ad93\picorv32.\cached_insn_imm' using process `$paramod$d10354c6a96dde45072006c7ddf03c042761ad93\picorv32.$proc$../picorv32.v:778$715'.
  created $dff cell `$procdff$5272' with positive edge clock.
Creating register for signal `$paramod$d10354c6a96dde45072006c7ddf03c042761ad93\picorv32.\cached_insn_opcode' using process `$paramod$d10354c6a96dde45072006c7ddf03c042761ad93\picorv32.$proc$../picorv32.v:778$715'.
  created $dff cell `$procdff$5273' with positive edge clock.
Creating register for signal `$paramod$d10354c6a96dde45072006c7ddf03c042761ad93\picorv32.\cached_insn_rs1' using process `$paramod$d10354c6a96dde45072006c7ddf03c042761ad93\picorv32.$proc$../picorv32.v:778$715'.
  created $dff cell `$procdff$5274' with positive edge clock.
Creating register for signal `$paramod$d10354c6a96dde45072006c7ddf03c042761ad93\picorv32.\cached_insn_rs2' using process `$paramod$d10354c6a96dde45072006c7ddf03c042761ad93\picorv32.$proc$../picorv32.v:778$715'.
  created $dff cell `$procdff$5275' with positive edge clock.
Creating register for signal `$paramod$d10354c6a96dde45072006c7ddf03c042761ad93\picorv32.\cached_insn_rd' using process `$paramod$d10354c6a96dde45072006c7ddf03c042761ad93\picorv32.$proc$../picorv32.v:778$715'.
  created $dff cell `$procdff$5276' with positive edge clock.
Creating register for signal `$paramod$d10354c6a96dde45072006c7ddf03c042761ad93\picorv32.\mem_valid' using process `$paramod$d10354c6a96dde45072006c7ddf03c042761ad93\picorv32.$proc$../picorv32.v:565$690'.
  created $dff cell `$procdff$5277' with positive edge clock.
Creating register for signal `$paramod$d10354c6a96dde45072006c7ddf03c042761ad93\picorv32.\mem_instr' using process `$paramod$d10354c6a96dde45072006c7ddf03c042761ad93\picorv32.$proc$../picorv32.v:565$690'.
  created $dff cell `$procdff$5278' with positive edge clock.
Creating register for signal `$paramod$d10354c6a96dde45072006c7ddf03c042761ad93\picorv32.\mem_addr' using process `$paramod$d10354c6a96dde45072006c7ddf03c042761ad93\picorv32.$proc$../picorv32.v:565$690'.
  created $dff cell `$procdff$5279' with positive edge clock.
Creating register for signal `$paramod$d10354c6a96dde45072006c7ddf03c042761ad93\picorv32.\mem_wdata' using process `$paramod$d10354c6a96dde45072006c7ddf03c042761ad93\picorv32.$proc$../picorv32.v:565$690'.
  created $dff cell `$procdff$5280' with positive edge clock.
Creating register for signal `$paramod$d10354c6a96dde45072006c7ddf03c042761ad93\picorv32.\mem_wstrb' using process `$paramod$d10354c6a96dde45072006c7ddf03c042761ad93\picorv32.$proc$../picorv32.v:565$690'.
  created $dff cell `$procdff$5281' with positive edge clock.
Creating register for signal `$paramod$d10354c6a96dde45072006c7ddf03c042761ad93\picorv32.\mem_state' using process `$paramod$d10354c6a96dde45072006c7ddf03c042761ad93\picorv32.$proc$../picorv32.v:565$690'.
  created $dff cell `$procdff$5282' with positive edge clock.
Creating register for signal `$paramod$d10354c6a96dde45072006c7ddf03c042761ad93\picorv32.\mem_la_secondword' using process `$paramod$d10354c6a96dde45072006c7ddf03c042761ad93\picorv32.$proc$../picorv32.v:565$690'.
  created $dff cell `$procdff$5283' with positive edge clock.
Creating register for signal `$paramod$d10354c6a96dde45072006c7ddf03c042761ad93\picorv32.\prefetched_high_word' using process `$paramod$d10354c6a96dde45072006c7ddf03c042761ad93\picorv32.$proc$../picorv32.v:565$690'.
  created $dff cell `$procdff$5284' with positive edge clock.
Creating register for signal `$paramod$d10354c6a96dde45072006c7ddf03c042761ad93\picorv32.\mem_16bit_buffer' using process `$paramod$d10354c6a96dde45072006c7ddf03c042761ad93\picorv32.$proc$../picorv32.v:565$690'.
  created $dff cell `$procdff$5285' with positive edge clock.
Creating register for signal `$paramod$d10354c6a96dde45072006c7ddf03c042761ad93\picorv32.\next_insn_opcode' using process `$paramod$d10354c6a96dde45072006c7ddf03c042761ad93\picorv32.$proc$../picorv32.v:430$652'.
  created $dff cell `$procdff$5286' with positive edge clock.
Creating register for signal `$paramod$d10354c6a96dde45072006c7ddf03c042761ad93\picorv32.\mem_rdata_q' using process `$paramod$d10354c6a96dde45072006c7ddf03c042761ad93\picorv32.$proc$../picorv32.v:430$652'.
  created $dff cell `$procdff$5287' with positive edge clock.
Creating register for signal `$paramod$d10354c6a96dde45072006c7ddf03c042761ad93\picorv32.\mem_la_firstword_reg' using process `$paramod$d10354c6a96dde45072006c7ddf03c042761ad93\picorv32.$proc$../picorv32.v:390$644'.
  created $dff cell `$procdff$5288' with positive edge clock.
Creating register for signal `$paramod$d10354c6a96dde45072006c7ddf03c042761ad93\picorv32.\last_mem_valid' using process `$paramod$d10354c6a96dde45072006c7ddf03c042761ad93\picorv32.$proc$../picorv32.v:390$644'.
  created $dff cell `$procdff$5289' with positive edge clock.
Creating register for signal `\spimem_cache_forward.\hit_count' using process `\spimem_cache_forward.$proc$picosoc.v:302$553'.
  created $dff cell `$procdff$5290' with positive edge clock.
Creating register for signal `\spimem_cache_forward.\miss_count' using process `\spimem_cache_forward.$proc$picosoc.v:302$553'.
  created $dff cell `$procdff$5291' with positive edge clock.
Creating register for signal `\spimemio.\rdata' using process `\spimemio.$proc$spimemio.v:207$527'.
  created $dff cell `$procdff$5292' with positive edge clock.
Creating register for signal `\spimemio.\xfer_resetn' using process `\spimemio.$proc$spimemio.v:207$527'.
  created $dff cell `$procdff$5293' with positive edge clock.
Creating register for signal `\spimemio.\din_valid' using process `\spimemio.$proc$spimemio.v:207$527'.
  created $dff cell `$procdff$5294' with positive edge clock.
Creating register for signal `\spimemio.\din_data' using process `\spimemio.$proc$spimemio.v:207$527'.
  created $dff cell `$procdff$5295' with positive edge clock.
Creating register for signal `\spimemio.\din_tag' using process `\spimemio.$proc$spimemio.v:207$527'.
  created $dff cell `$procdff$5296' with positive edge clock.
Creating register for signal `\spimemio.\din_cont' using process `\spimemio.$proc$spimemio.v:207$527'.
  created $dff cell `$procdff$5297' with positive edge clock.
Creating register for signal `\spimemio.\din_qspi' using process `\spimemio.$proc$spimemio.v:207$527'.
  created $dff cell `$procdff$5298' with positive edge clock.
Creating register for signal `\spimemio.\din_ddr' using process `\spimemio.$proc$spimemio.v:207$527'.
  created $dff cell `$procdff$5299' with positive edge clock.
Creating register for signal `\spimemio.\din_rd' using process `\spimemio.$proc$spimemio.v:207$527'.
  created $dff cell `$procdff$5300' with positive edge clock.
Creating register for signal `\spimemio.\buffer' using process `\spimemio.$proc$spimemio.v:207$527'.
  created $dff cell `$procdff$5301' with positive edge clock.
Creating register for signal `\spimemio.\rd_addr' using process `\spimemio.$proc$spimemio.v:207$527'.
  created $dff cell `$procdff$5302' with positive edge clock.
Creating register for signal `\spimemio.\rd_valid' using process `\spimemio.$proc$spimemio.v:207$527'.
  created $dff cell `$procdff$5303' with positive edge clock.
Creating register for signal `\spimemio.\rd_wait' using process `\spimemio.$proc$spimemio.v:207$527'.
  created $dff cell `$procdff$5304' with positive edge clock.
Creating register for signal `\spimemio.\rd_inc' using process `\spimemio.$proc$spimemio.v:207$527'.
  created $dff cell `$procdff$5305' with positive edge clock.
Creating register for signal `\spimemio.\state' using process `\spimemio.$proc$spimemio.v:207$527'.
  created $dff cell `$procdff$5306' with positive edge clock.
Creating register for signal `\spimemio.\xfer_io0_90' using process `\spimemio.$proc$spimemio.v:151$509'.
  created $dff cell `$procdff$5307' with negative edge clock.
Creating register for signal `\spimemio.\xfer_io1_90' using process `\spimemio.$proc$spimemio.v:151$509'.
  created $dff cell `$procdff$5308' with negative edge clock.
Creating register for signal `\spimemio.\xfer_io2_90' using process `\spimemio.$proc$spimemio.v:151$509'.
  created $dff cell `$procdff$5309' with negative edge clock.
Creating register for signal `\spimemio.\xfer_io3_90' using process `\spimemio.$proc$spimemio.v:151$509'.
  created $dff cell `$procdff$5310' with negative edge clock.
Creating register for signal `\spimemio.\softreset' using process `\spimemio.$proc$spimemio.v:99$505'.
  created $dff cell `$procdff$5311' with positive edge clock.
Creating register for signal `\spimemio.\config_en' using process `\spimemio.$proc$spimemio.v:99$505'.
  created $dff cell `$procdff$5312' with positive edge clock.
Creating register for signal `\spimemio.\config_ddr' using process `\spimemio.$proc$spimemio.v:99$505'.
  created $dff cell `$procdff$5313' with positive edge clock.
Creating register for signal `\spimemio.\config_qspi' using process `\spimemio.$proc$spimemio.v:99$505'.
  created $dff cell `$procdff$5314' with positive edge clock.
Creating register for signal `\spimemio.\config_cont' using process `\spimemio.$proc$spimemio.v:99$505'.
  created $dff cell `$procdff$5315' with positive edge clock.
Creating register for signal `\spimemio.\config_dummy' using process `\spimemio.$proc$spimemio.v:99$505'.
  created $dff cell `$procdff$5316' with positive edge clock.
Creating register for signal `\spimemio.\config_oe' using process `\spimemio.$proc$spimemio.v:99$505'.
  created $dff cell `$procdff$5317' with positive edge clock.
Creating register for signal `\spimemio.\config_csb' using process `\spimemio.$proc$spimemio.v:99$505'.
  created $dff cell `$procdff$5318' with positive edge clock.
Creating register for signal `\spimemio.\config_clk' using process `\spimemio.$proc$spimemio.v:99$505'.
  created $dff cell `$procdff$5319' with positive edge clock.
Creating register for signal `\spimemio.\config_do' using process `\spimemio.$proc$spimemio.v:99$505'.
  created $dff cell `$procdff$5320' with positive edge clock.
Creating register for signal `\simpleuart.\send_pattern' using process `\simpleuart.$proc$simpleuart.v:109$485'.
  created $dff cell `$procdff$5321' with positive edge clock.
Creating register for signal `\simpleuart.\send_bitcnt' using process `\simpleuart.$proc$simpleuart.v:109$485'.
  created $dff cell `$procdff$5322' with positive edge clock.
Creating register for signal `\simpleuart.\send_divcnt' using process `\simpleuart.$proc$simpleuart.v:109$485'.
  created $dff cell `$procdff$5323' with positive edge clock.
Creating register for signal `\simpleuart.\send_dummy' using process `\simpleuart.$proc$simpleuart.v:109$485'.
  created $dff cell `$procdff$5324' with positive edge clock.
Creating register for signal `\simpleuart.\recv_state' using process `\simpleuart.$proc$simpleuart.v:66$476'.
  created $dff cell `$procdff$5325' with positive edge clock.
Creating register for signal `\simpleuart.\recv_divcnt' using process `\simpleuart.$proc$simpleuart.v:66$476'.
  created $dff cell `$procdff$5326' with positive edge clock.
Creating register for signal `\simpleuart.\recv_pattern' using process `\simpleuart.$proc$simpleuart.v:66$476'.
  created $dff cell `$procdff$5327' with positive edge clock.
Creating register for signal `\simpleuart.\recv_buf_data' using process `\simpleuart.$proc$simpleuart.v:66$476'.
  created $dff cell `$procdff$5328' with positive edge clock.
Creating register for signal `\simpleuart.\recv_buf_valid' using process `\simpleuart.$proc$simpleuart.v:66$476'.
  created $dff cell `$procdff$5329' with positive edge clock.
Creating register for signal `\simpleuart.\cfg_divider' using process `\simpleuart.$proc$simpleuart.v:55$474'.
  created $dff cell `$procdff$5330' with positive edge clock.
Creating register for signal `\seven_seg_ctrl.\dout' using process `\seven_seg_ctrl.$proc$icebreaker.v:196$454'.
  created $dff cell `$procdff$5331' with positive edge clock.
Creating register for signal `\seven_seg_ctrl.\clkdiv' using process `\seven_seg_ctrl.$proc$icebreaker.v:196$454'.
  created $dff cell `$procdff$5332' with positive edge clock.
Creating register for signal `\seven_seg_ctrl.\clkdiv_pulse' using process `\seven_seg_ctrl.$proc$icebreaker.v:196$454'.
  created $dff cell `$procdff$5333' with positive edge clock.
Creating register for signal `\seven_seg_ctrl.\msb_not_lsb' using process `\seven_seg_ctrl.$proc$icebreaker.v:196$454'.
  created $dff cell `$procdff$5334' with positive edge clock.
Creating register for signal `$paramod$f03d4e23a3a44173f9a2edec4a46578428035902\picosoc.\ram_ready' using process `$paramod$f03d4e23a3a44173f9a2edec4a46578428035902\picosoc.$proc$picosoc.v:255$444'.
  created $dff cell `$procdff$5335' with positive edge clock.
Creating register for signal `\icebreaker.\iomem_ready' using process `\icebreaker.$proc$icebreaker.v:108$390'.
  created $dff cell `$procdff$5336' with positive edge clock.
Creating register for signal `\icebreaker.\iomem_rdata' using process `\icebreaker.$proc$icebreaker.v:108$390'.
  created $dff cell `$procdff$5337' with positive edge clock.
Creating register for signal `\icebreaker.\gpio' using process `\icebreaker.$proc$icebreaker.v:108$390'.
  created $dff cell `$procdff$5338' with positive edge clock.
Creating register for signal `\icebreaker.\reset_cnt' using process `\icebreaker.$proc$icebreaker.v:55$385'.
  created $dff cell `$procdff$5339' with positive edge clock.

7.4.10. Executing PROC_MEMWR pass (convert process memory writes to cells).

7.4.11. Executing PROC_CLEAN pass (remove empty switches from decision trees).
Found and cleaned up 1 empty switch in `\picosoc_regs.$proc$picosoc.v:411$1315'.
Removing empty process `picosoc_regs.$proc$picosoc.v:411$1315'.
Found and cleaned up 4 empty switches in `\picorv32_pcpi_fast_mul.$proc$../picorv32.v:2378$1308'.
Removing empty process `picorv32_pcpi_fast_mul.$proc$../picorv32.v:2378$1308'.
Found and cleaned up 3 empty switches in `\picorv32_pcpi_fast_mul.$proc$../picorv32.v:2364$1303'.
Removing empty process `picorv32_pcpi_fast_mul.$proc$../picorv32.v:2364$1303'.
Found and cleaned up 2 empty switches in `\picorv32_pcpi_fast_mul.$proc$../picorv32.v:2348$1301'.
Removing empty process `picorv32_pcpi_fast_mul.$proc$../picorv32.v:2348$1301'.
Found and cleaned up 4 empty switches in `\spimemio_xfer.$proc$spimemio.v:535$1277'.
Removing empty process `spimemio_xfer.$proc$spimemio.v:535$1277'.
Found and cleaned up 5 empty switches in `\spimemio_xfer.$proc$spimemio.v:447$1253'.
Removing empty process `spimemio_xfer.$proc$spimemio.v:447$1253'.
Removing empty process `spimemio_xfer.$proc$spimemio.v:436$1244'.
Found and cleaned up 61 empty switches in `$paramod$d10354c6a96dde45072006c7ddf03c042761ad93\picorv32.$proc$../picorv32.v:1402$1052'.
Removing empty process `$paramod$d10354c6a96dde45072006c7ddf03c042761ad93\picorv32.$proc$../picorv32.v:1402$1052'.
Removing empty process `$paramod$d10354c6a96dde45072006c7ddf03c042761ad93\picorv32.$proc$../picorv32.v:1387$1038'.
Found and cleaned up 2 empty switches in `$paramod$d10354c6a96dde45072006c7ddf03c042761ad93\picorv32.$proc$../picorv32.v:1309$1024'.
Removing empty process `$paramod$d10354c6a96dde45072006c7ddf03c042761ad93\picorv32.$proc$../picorv32.v:1309$1024'.
Found and cleaned up 2 empty switches in `$paramod$d10354c6a96dde45072006c7ddf03c042761ad93\picorv32.$proc$../picorv32.v:1295$1019'.
Removing empty process `$paramod$d10354c6a96dde45072006c7ddf03c042761ad93\picorv32.$proc$../picorv32.v:1295$1019'.
Removing empty process `$paramod$d10354c6a96dde45072006c7ddf03c042761ad93\picorv32.$proc$../picorv32.v:1293$1018'.
Found and cleaned up 2 empty switches in `$paramod$d10354c6a96dde45072006c7ddf03c042761ad93\picorv32.$proc$../picorv32.v:1249$996'.
Removing empty process `$paramod$d10354c6a96dde45072006c7ddf03c042761ad93\picorv32.$proc$../picorv32.v:1249$996'.
Found and cleaned up 8 empty switches in `$paramod$d10354c6a96dde45072006c7ddf03c042761ad93\picorv32.$proc$../picorv32.v:1186$984'.
Removing empty process `$paramod$d10354c6a96dde45072006c7ddf03c042761ad93\picorv32.$proc$../picorv32.v:1186$984'.
Found and cleaned up 22 empty switches in `$paramod$d10354c6a96dde45072006c7ddf03c042761ad93\picorv32.$proc$../picorv32.v:858$721'.
Removing empty process `$paramod$d10354c6a96dde45072006c7ddf03c042761ad93\picorv32.$proc$../picorv32.v:858$721'.
Found and cleaned up 3 empty switches in `$paramod$d10354c6a96dde45072006c7ddf03c042761ad93\picorv32.$proc$../picorv32.v:809$719'.
Removing empty process `$paramod$d10354c6a96dde45072006c7ddf03c042761ad93\picorv32.$proc$../picorv32.v:809$719'.
Found and cleaned up 5 empty switches in `$paramod$d10354c6a96dde45072006c7ddf03c042761ad93\picorv32.$proc$../picorv32.v:778$715'.
Removing empty process `$paramod$d10354c6a96dde45072006c7ddf03c042761ad93\picorv32.$proc$../picorv32.v:778$715'.
Found and cleaned up 48 empty switches in `$paramod$d10354c6a96dde45072006c7ddf03c042761ad93\picorv32.$proc$../picorv32.v:701$714'.
Removing empty process `$paramod$d10354c6a96dde45072006c7ddf03c042761ad93\picorv32.$proc$../picorv32.v:701$714'.
Found and cleaned up 16 empty switches in `$paramod$d10354c6a96dde45072006c7ddf03c042761ad93\picorv32.$proc$../picorv32.v:565$690'.
Removing empty process `$paramod$d10354c6a96dde45072006c7ddf03c042761ad93\picorv32.$proc$../picorv32.v:565$690'.
Removing empty process `$paramod$d10354c6a96dde45072006c7ddf03c042761ad93\picorv32.$proc$../picorv32.v:1239$1233'.
Found and cleaned up 19 empty switches in `$paramod$d10354c6a96dde45072006c7ddf03c042761ad93\picorv32.$proc$../picorv32.v:430$652'.
Removing empty process `$paramod$d10354c6a96dde45072006c7ddf03c042761ad93\picorv32.$proc$../picorv32.v:430$652'.
Found and cleaned up 3 empty switches in `$paramod$d10354c6a96dde45072006c7ddf03c042761ad93\picorv32.$proc$../picorv32.v:401$649'.
Removing empty process `$paramod$d10354c6a96dde45072006c7ddf03c042761ad93\picorv32.$proc$../picorv32.v:401$649'.
Found and cleaned up 2 empty switches in `$paramod$d10354c6a96dde45072006c7ddf03c042761ad93\picorv32.$proc$../picorv32.v:390$644'.
Removing empty process `$paramod$d10354c6a96dde45072006c7ddf03c042761ad93\picorv32.$proc$../picorv32.v:390$644'.
Found and cleaned up 1 empty switch in `$paramod$d10354c6a96dde45072006c7ddf03c042761ad93\picorv32.$proc$../picorv32.v:325$570'.
Removing empty process `$paramod$d10354c6a96dde45072006c7ddf03c042761ad93\picorv32.$proc$../picorv32.v:325$570'.
Found and cleaned up 6 empty switches in `\spimem_cache_forward.$proc$picosoc.v:302$553'.
Removing empty process `spimem_cache_forward.$proc$picosoc.v:302$553'.
Found and cleaned up 25 empty switches in `\spimemio.$proc$spimemio.v:207$527'.
Removing empty process `spimemio.$proc$spimemio.v:207$527'.
Removing empty process `spimemio.$proc$spimemio.v:151$509'.
Found and cleaned up 5 empty switches in `\spimemio.$proc$spimemio.v:99$505'.
Removing empty process `spimemio.$proc$spimemio.v:99$505'.
Found and cleaned up 5 empty switches in `\simpleuart.$proc$simpleuart.v:109$485'.
Removing empty process `simpleuart.$proc$simpleuart.v:109$485'.
Found and cleaned up 7 empty switches in `\simpleuart.$proc$simpleuart.v:66$476'.
Removing empty process `simpleuart.$proc$simpleuart.v:66$476'.
Found and cleaned up 5 empty switches in `\simpleuart.$proc$simpleuart.v:55$474'.
Removing empty process `simpleuart.$proc$simpleuart.v:55$474'.
Found and cleaned up 1 empty switch in `\seven_seg_hex.$proc$icebreaker.v:218$463'.
Removing empty process `seven_seg_hex.$proc$icebreaker.v:218$463'.
Removing empty process `seven_seg_ctrl.$proc$icebreaker.v:194$462'.
Removing empty process `seven_seg_ctrl.$proc$icebreaker.v:193$461'.
Removing empty process `seven_seg_ctrl.$proc$icebreaker.v:192$460'.
Found and cleaned up 2 empty switches in `\seven_seg_ctrl.$proc$icebreaker.v:196$454'.
Removing empty process `seven_seg_ctrl.$proc$icebreaker.v:196$454'.
Removing empty process `$paramod$f03d4e23a3a44173f9a2edec4a46578428035902\picosoc.$proc$picosoc.v:255$444'.
Removing empty process `$paramod$f03d4e23a3a44173f9a2edec4a46578428035902\picosoc.$proc$picosoc.v:93$397'.
Removing empty process `icebreaker.$proc$icebreaker.v:52$396'.
Found and cleaned up 6 empty switches in `\icebreaker.$proc$icebreaker.v:108$390'.
Removing empty process `icebreaker.$proc$icebreaker.v:108$390'.
Removing empty process `icebreaker.$proc$icebreaker.v:55$385'.
Cleaned up 275 empty switches.

7.4.12. Executing OPT_EXPR pass (perform const folding).
Optimizing module picosoc_regs.
Optimizing module picorv32_pcpi_fast_mul.
<suppressed ~12 debug messages>
Optimizing module spimemio_xfer.
<suppressed ~33 debug messages>
Optimizing module $paramod$d10354c6a96dde45072006c7ddf03c042761ad93\picorv32.
<suppressed ~675 debug messages>
Optimizing module spimem_cache_forward.
<suppressed ~9 debug messages>
Optimizing module spimemio.
<suppressed ~15 debug messages>
Optimizing module simpleuart.
<suppressed ~17 debug messages>
Optimizing module $paramod\ice40up5k_spram\WORDS=s32'00000000000000001000000000000000.
Optimizing module seven_seg_hex.
Optimizing module seven_seg_ctrl.
Optimizing module $paramod$f03d4e23a3a44173f9a2edec4a46578428035902\picosoc.
Optimizing module icebreaker.
<suppressed ~6 debug messages>

7.5. Executing FLATTEN pass (flatten design).
Deleting now unused module picosoc_regs.
Deleting now unused module picorv32_pcpi_fast_mul.
Deleting now unused module spimemio_xfer.
Deleting now unused module $paramod$d10354c6a96dde45072006c7ddf03c042761ad93\picorv32.
Deleting now unused module spimem_cache_forward.
Deleting now unused module spimemio.
Deleting now unused module simpleuart.
Deleting now unused module $paramod\ice40up5k_spram\WORDS=s32'00000000000000001000000000000000.
Deleting now unused module seven_seg_hex.
Deleting now unused module seven_seg_ctrl.
Deleting now unused module $paramod$f03d4e23a3a44173f9a2edec4a46578428035902\picosoc.
<suppressed ~12 debug messages>

7.6. Executing TRIBUF pass.

7.7. Executing DEMINOUT pass (demote inout ports to input or output).

7.8. Executing OPT_EXPR pass (perform const folding).
Optimizing module icebreaker.
<suppressed ~6 debug messages>

7.9. Executing OPT_CLEAN pass (remove unused cells and wires).
Finding unused cells or wires in module \icebreaker..
Removed 681 unused cells and 2605 unused wires.
<suppressed ~754 debug messages>

7.10. Executing CHECK pass (checking for obvious problems).
Checking module icebreaker...
Found and reported 0 problems.

7.11. Executing OPT pass (performing simple optimizations).

7.11.1. Executing OPT_EXPR pass (perform const folding).
Optimizing module icebreaker.

7.11.2. Executing OPT_MERGE pass (detect identical cells).
Finding identical cells in module `\icebreaker'.
Computing hashes of 1796 cells of `\icebreaker'.
Finding duplicate cells in `\icebreaker'.
Computing hashes of 1446 cells of `\icebreaker'.
Finding duplicate cells in `\icebreaker'.
Computing hashes of 1428 cells of `\icebreaker'.
Finding duplicate cells in `\icebreaker'.
Computing hashes of 1426 cells of `\icebreaker'.
Finding duplicate cells in `\icebreaker'.
<suppressed ~1110 debug messages>
Removed a total of 370 cells.

7.11.3. Executing OPT_MUXTREE pass (detect dead branches in mux trees).
Running muxtree optimizer on module \icebreaker..
  Creating internal representation of mux trees.
  Evaluating internal representation of mux trees.
      Replacing known input bits on port B of cell $flatten\soc.\cpu.$procmux$4603: \soc.cpu.genblk1.pcpi_mul.active [1] -> 1'1
  Analyzing evaluation results.
    dead port 2/2 on $mux $flatten\soc.\cpu.$procmux$2185.
    dead port 2/2 on $mux $flatten\soc.\cpu.$procmux$2182.
    dead port 2/2 on $mux $flatten\soc.\cpu.$procmux$2170.
    dead port 2/2 on $mux $flatten\soc.\cpu.$procmux$2167.
    dead port 2/2 on $mux $flatten\soc.\cpu.$procmux$2165.
    dead port 1/2 on $mux $flatten\soc.\cpu.$procmux$2163.
    dead port 2/2 on $mux $flatten\soc.\cpu.$procmux$2160.
    dead port 2/2 on $mux $flatten\soc.\cpu.$procmux$2137.
    dead port 2/2 on $mux $flatten\soc.\cpu.$procmux$2134.
    dead port 2/2 on $mux $flatten\soc.\cpu.$procmux$2129.
    dead port 2/2 on $mux $flatten\soc.\cpu.$procmux$2119.
    dead port 2/2 on $mux $flatten\soc.\cpu.$procmux$2116.
    dead port 2/2 on $mux $flatten\soc.\cpu.$procmux$2114.
    dead port 1/2 on $mux $flatten\soc.\cpu.$procmux$2112.
    dead port 2/2 on $mux $flatten\soc.\cpu.$procmux$2109.
    dead port 2/2 on $mux $flatten\soc.\cpu.$procmux$2095.
    dead port 2/2 on $mux $flatten\soc.\cpu.$procmux$2092.
    dead port 2/2 on $mux $flatten\soc.\cpu.$procmux$2071.
    dead port 2/2 on $mux $flatten\soc.\cpu.$procmux$2068.
    dead port 2/2 on $mux $flatten\soc.\cpu.$procmux$2066.
    dead port 2/2 on $mux $flatten\soc.\cpu.$procmux$2047.
    dead port 2/2 on $mux $flatten\soc.\cpu.$procmux$2044.
    dead port 4/8 on $pmux $flatten\soc.\cpu.$procmux$3261.
    dead port 5/8 on $pmux $flatten\soc.\cpu.$procmux$3261.
    dead port 2/2 on $mux $flatten\soc.\cpu.$procmux$2042.
    dead port 2/2 on $mux $flatten\soc.\cpu.$procmux$2023.
    dead port 2/2 on $mux $flatten\soc.\cpu.$procmux$2020.
    dead port 2/2 on $mux $flatten\soc.\cpu.$procmux$2018.
    dead port 2/2 on $mux $flatten\soc.\cpu.$procmux$1996.
    dead port 2/2 on $mux $flatten\soc.\cpu.$procmux$1993.
    dead port 2/2 on $mux $flatten\soc.\cpu.$procmux$1991.
    dead port 1/2 on $mux $flatten\soc.\cpu.$procmux$1989.
    dead port 2/2 on $mux $flatten\soc.\cpu.$procmux$1966.
    dead port 2/2 on $mux $flatten\soc.\cpu.$procmux$1963.
    dead port 2/2 on $mux $flatten\soc.\cpu.$procmux$3402.
    dead port 2/2 on $mux $flatten\soc.\cpu.$procmux$1961.
    dead port 2/2 on $mux $flatten\soc.\cpu.$procmux$1954.
    dead port 2/2 on $mux $flatten\soc.\cpu.$procmux$1951.
    dead port 2/2 on $mux $flatten\soc.\cpu.$procmux$1939.
    dead port 2/2 on $mux $flatten\soc.\cpu.$procmux$1936.
    dead port 2/2 on $mux $flatten\soc.\cpu.$procmux$1934.
    dead port 2/2 on $mux $flatten\soc.\cpu.$procmux$1921.
    dead port 2/2 on $mux $flatten\soc.\cpu.$procmux$1918.
    dead port 2/2 on $mux $flatten\soc.\cpu.$procmux$1916.
    dead port 1/2 on $mux $flatten\soc.\cpu.$procmux$1914.
    dead port 2/2 on $mux $flatten\soc.\cpu.$procmux$1900.
    dead port 2/2 on $mux $flatten\soc.\cpu.$procmux$1897.
    dead port 2/2 on $mux $flatten\soc.\cpu.$procmux$1895.
    dead port 2/2 on $mux $flatten\soc.\cpu.$procmux$1887.
    dead port 2/2 on $mux $flatten\soc.\cpu.$procmux$1884.
    dead port 2/2 on $mux $flatten\soc.\cpu.$procmux$1875.
    dead port 2/2 on $mux $flatten\soc.\cpu.$procmux$1872.
    dead port 2/2 on $mux $flatten\soc.\cpu.$procmux$1860.
    dead port 4/8 on $pmux $flatten\soc.\cpu.$procmux$2736.
    dead port 5/8 on $pmux $flatten\soc.\cpu.$procmux$2736.
    dead port 2/2 on $mux $flatten\soc.\cpu.$procmux$1847.
    dead port 2/2 on $mux $flatten\soc.\cpu.$procmux$1844.
    dead port 2/2 on $mux $flatten\soc.\cpu.$procmux$1837.
    dead port 2/2 on $mux $flatten\soc.\cpu.$procmux$1824.
    dead port 2/2 on $mux $flatten\soc.\cpu.$procmux$1821.
    dead port 2/2 on $mux $flatten\soc.\cpu.$procmux$1815.
    dead port 2/2 on $mux $flatten\soc.\cpu.$procmux$1795.
    dead port 2/2 on $mux $flatten\soc.\cpu.$procmux$1786.
    dead port 2/2 on $mux $flatten\soc.\cpu.$procmux$1780.
    dead port 2/2 on $mux $flatten\soc.\cpu.$procmux$1778.
    dead port 2/2 on $mux $flatten\soc.\cpu.$procmux$1771.
    dead port 2/2 on $mux $flatten\soc.\cpu.$procmux$1765.
    dead port 2/2 on $mux $flatten\soc.\cpu.$procmux$1763.
    dead port 2/2 on $mux $flatten\soc.\cpu.$procmux$1753.
    dead port 2/3 on $pmux $flatten\soc.\cpu.$procmux$4598.
    dead port 3/3 on $pmux $flatten\soc.\cpu.$procmux$4598.
    dead port 2/2 on $mux $flatten\soc.\cpu.$procmux$4603.
    dead port 7/12 on $pmux $flatten\soc.\cpu.$procmux$3023.
    dead port 8/12 on $pmux $flatten\soc.\cpu.$procmux$3023.
    dead port 1/8 on $pmux $flatten\soc.\cpu.$procmux$3426.
    dead port 2/8 on $pmux $flatten\soc.\cpu.$procmux$3426.
    dead port 7/11 on $pmux $flatten\soc.\cpu.$procmux$2529.
    dead port 8/11 on $pmux $flatten\soc.\cpu.$procmux$2529.
    dead port 4/8 on $pmux $flatten\soc.\cpu.$procmux$2485.
    dead port 5/8 on $pmux $flatten\soc.\cpu.$procmux$2485.
    dead port 2/2 on $mux $flatten\soc.\cpu.\genblk1.pcpi_mul.$procmux$1392.
    dead port 2/2 on $mux $flatten\soc.\cpu.\genblk1.pcpi_mul.$procmux$1384.
    dead port 2/2 on $mux $flatten\soc.\cpu.\genblk1.pcpi_mul.$procmux$1377.
    dead port 2/2 on $mux $flatten\soc.\cpu.\genblk1.pcpi_mul.$procmux$1371.
    dead port 2/2 on $mux $flatten\soc.\cpu.$procmux$3411.
    dead port 2/2 on $mux $flatten\soc.\spimemio.\xfer.$procmux$1511.
    dead port 1/4 on $pmux $flatten\soc.\spimemio.\xfer.$procmux$1513.
    dead port 2/4 on $pmux $flatten\soc.\spimemio.\xfer.$procmux$1513.
    dead port 3/4 on $pmux $flatten\soc.\spimemio.\xfer.$procmux$1513.
    dead port 2/2 on $mux $flatten\soc.\spimemio.\xfer.$procmux$1517.
    dead port 2/2 on $mux $flatten\soc.\spimemio.\xfer.$procmux$1524.
    dead port 1/4 on $pmux $flatten\soc.\spimemio.\xfer.$procmux$1526.
    dead port 2/4 on $pmux $flatten\soc.\spimemio.\xfer.$procmux$1526.
    dead port 3/4 on $pmux $flatten\soc.\spimemio.\xfer.$procmux$1526.
    dead port 2/2 on $mux $flatten\soc.\spimemio.\xfer.$procmux$1530.
    dead port 2/2 on $mux $flatten\soc.\spimemio.\xfer.$procmux$1550.
    dead port 2/2 on $mux $flatten\soc.\spimemio.\xfer.$procmux$1552.
    dead port 2/2 on $mux $flatten\soc.\spimemio.\xfer.$procmux$1561.
    dead port 2/2 on $mux $flatten\soc.\spimemio.\xfer.$procmux$1563.
    dead port 2/2 on $mux $flatten\soc.\spimemio.\xfer.$procmux$1585.
    dead port 2/2 on $mux $flatten\soc.\spimemio.\xfer.$procmux$1587.
    dead port 2/2 on $mux $flatten\soc.\spimemio.\xfer.$procmux$1597.
    dead port 2/2 on $mux $flatten\soc.\spimemio.\xfer.$procmux$1599.
    dead port 2/2 on $mux $flatten\soc.\spimemio.\xfer.$procmux$1609.
    dead port 2/2 on $mux $flatten\soc.\spimemio.\xfer.$procmux$1619.
    dead port 2/2 on $mux $flatten\soc.\spimemio.\xfer.$procmux$1629.
    dead port 2/2 on $mux $flatten\soc.\spimemio.\xfer.$procmux$1639.
    dead port 2/2 on $mux $flatten\soc.\cpu.$procmux$4564.
    dead port 2/2 on $mux $flatten\soc.\spimemio.\xfer.$procmux$1649.
    dead port 2/2 on $mux $flatten\soc.\spimemio.\xfer.$procmux$1659.
    dead port 2/2 on $mux $flatten\soc.\spimemio.\xfer.$procmux$1667.
    dead port 2/2 on $mux $flatten\soc.\cpu.$procmux$4571.
    dead port 2/2 on $mux $flatten\soc.\spimemio.\xfer.$procmux$1675.
    dead port 2/2 on $mux $flatten\soc.\spimemio.\xfer.$procmux$1683.
    dead port 2/2 on $mux $flatten\soc.\spimemio.\xfer.$procmux$1691.
    dead port 2/2 on $mux $flatten\soc.\spimemio.\xfer.$procmux$1701.
    dead port 2/2 on $mux $flatten\soc.\spimemio.\xfer.$procmux$1711.
    dead port 2/2 on $mux $flatten\soc.\cpu.$procmux$2254.
    dead port 7/12 on $pmux $flatten\soc.\cpu.$procmux$2823.
    dead port 8/12 on $pmux $flatten\soc.\cpu.$procmux$2823.
    dead port 7/11 on $pmux $flatten\soc.\cpu.$procmux$3209.
    dead port 8/11 on $pmux $flatten\soc.\cpu.$procmux$3209.
    dead port 2/2 on $mux $flatten\soc.\cpu.$procmux$2241.
    dead port 2/2 on $mux $flatten\soc.\cpu.$procmux$2228.
Removed 124 multiplexer ports.
<suppressed ~1853 debug messages>

7.11.4. Executing OPT_REDUCE pass (consolidate $*mux and $reduce_* inputs).
  Optimizing cells in module \icebreaker.
    New ctrl vector for $pmux cell $flatten\soc.\cpu.$procmux$1850: { $flatten\soc.\cpu.$procmux$2856_CMP $auto$opt_reduce.cc:137:opt_pmux$5354 }
    New ctrl vector for $pmux cell $flatten\soc.\cpu.$procmux$2713: { $flatten\soc.\cpu.$procmux$2856_CMP $flatten\soc.\cpu.$procmux$3220_CMP $flatten\soc.\cpu.$procmux$2817_CMP $flatten\soc.\cpu.$procmux$2802_CMP $auto$opt_reduce.cc:137:opt_pmux$5356 }
    New ctrl vector for $pmux cell $flatten\soc.\cpu.$procmux$1827: { $flatten\soc.\cpu.$procmux$2856_CMP $flatten\soc.\cpu.$procmux$3220_CMP $flatten\soc.\cpu.$procmux$2817_CMP $auto$opt_reduce.cc:137:opt_pmux$5358 }
    New ctrl vector for $pmux cell $flatten\soc.\cpu.$procmux$3397: $auto$opt_reduce.cc:137:opt_pmux$5360
    New ctrl vector for $pmux cell $flatten\soc.\cpu.$procmux$1805: { $flatten\soc.\cpu.$procmux$2856_CMP $auto$opt_reduce.cc:137:opt_pmux$5362 }
    New ctrl vector for $pmux cell $flatten\soc.\cpu.$procmux$2218: { $flatten\soc.\cpu.$procmux$3239_CMP $auto$opt_reduce.cc:137:opt_pmux$5364 }
    New ctrl vector for $pmux cell $flatten\soc.\cpu.$procmux$3023: { \soc.cpu.instr_trap $flatten\soc.\cpu.$logic_and$../picorv32.v:1696$1138_Y $auto$opt_reduce.cc:137:opt_pmux$5368 $auto$opt_reduce.cc:137:opt_pmux$5366 }
    New ctrl vector for $pmux cell $flatten\soc.\cpu.$procmux$2573: { $flatten\soc.\cpu.$procmux$2856_CMP $flatten\soc.\cpu.$procmux$2802_CMP }
    New ctrl vector for $pmux cell $flatten\soc.\cpu.$procmux$2529: { \soc.cpu.is_slli_srli_srai $auto$opt_reduce.cc:137:opt_pmux$5370 }
    New ctrl vector for $pmux cell $flatten\soc.\cpu.$procmux$2997: { $flatten\soc.\cpu.$procmux$2856_CMP $flatten\soc.\cpu.$procmux$3220_CMP $flatten\soc.\cpu.$procmux$2817_CMP $flatten\soc.\cpu.$procmux$3256_CMP }
    Consolidated identical input bits for $mux cell $flatten\soc.\cpu.\cpuregs.$procmux$1329:
      Old ports: A=0, B=32'11111111111111111111111111111111, Y=$flatten\soc.\cpu.\cpuregs.$0$memwr$\regs$picosoc.v:412$1314_EN[31:0]$1318
      New ports: A=1'0, B=1'1, Y=$flatten\soc.\cpu.\cpuregs.$0$memwr$\regs$picosoc.v:412$1314_EN[31:0]$1318 [0]
      New connections: $flatten\soc.\cpu.\cpuregs.$0$memwr$\regs$picosoc.v:412$1314_EN[31:0]$1318 [31:1] = { $flatten\soc.\cpu.\cpuregs.$0$memwr$\regs$picosoc.v:412$1314_EN[31:0]$1318 [0] $flatten\soc.\cpu.\cpuregs.$0$memwr$\regs$picosoc.v:412$1314_EN[31:0]$1318 [0] $flatten\soc.\cpu.\cpuregs.$0$memwr$\regs$picosoc.v:412$1314_EN[31:0]$1318 [0] $flatten\soc.\cpu.\cpuregs.$0$memwr$\regs$picosoc.v:412$1314_EN[31:0]$1318 [0] $flatten\soc.\cpu.\cpuregs.$0$memwr$\regs$picosoc.v:412$1314_EN[31:0]$1318 [0] $flatten\soc.\cpu.\cpuregs.$0$memwr$\regs$picosoc.v:412$1314_EN[31:0]$1318 [0] $flatten\soc.\cpu.\cpuregs.$0$memwr$\regs$picosoc.v:412$1314_EN[31:0]$1318 [0] $flatten\soc.\cpu.\cpuregs.$0$memwr$\regs$picosoc.v:412$1314_EN[31:0]$1318 [0] $flatten\soc.\cpu.\cpuregs.$0$memwr$\regs$picosoc.v:412$1314_EN[31:0]$1318 [0] $flatten\soc.\cpu.\cpuregs.$0$memwr$\regs$picosoc.v:412$1314_EN[31:0]$1318 [0] $flatten\soc.\cpu.\cpuregs.$0$memwr$\regs$picosoc.v:412$1314_EN[31:0]$1318 [0] $flatten\soc.\cpu.\cpuregs.$0$memwr$\regs$picosoc.v:412$1314_EN[31:0]$1318 [0] $flatten\soc.\cpu.\cpuregs.$0$memwr$\regs$picosoc.v:412$1314_EN[31:0]$1318 [0] $flatten\soc.\cpu.\cpuregs.$0$memwr$\regs$picosoc.v:412$1314_EN[31:0]$1318 [0] $flatten\soc.\cpu.\cpuregs.$0$memwr$\regs$picosoc.v:412$1314_EN[31:0]$1318 [0] $flatten\soc.\cpu.\cpuregs.$0$memwr$\regs$picosoc.v:412$1314_EN[31:0]$1318 [0] $flatten\soc.\cpu.\cpuregs.$0$memwr$\regs$picosoc.v:412$1314_EN[31:0]$1318 [0] $flatten\soc.\cpu.\cpuregs.$0$memwr$\regs$picosoc.v:412$1314_EN[31:0]$1318 [0] $flatten\soc.\cpu.\cpuregs.$0$memwr$\regs$picosoc.v:412$1314_EN[31:0]$1318 [0] $flatten\soc.\cpu.\cpuregs.$0$memwr$\regs$picosoc.v:412$1314_EN[31:0]$1318 [0] $flatten\soc.\cpu.\cpuregs.$0$memwr$\regs$picosoc.v:412$1314_EN[31:0]$1318 [0] $flatten\soc.\cpu.\cpuregs.$0$memwr$\regs$picosoc.v:412$1314_EN[31:0]$1318 [0] $flatten\soc.\cpu.\cpuregs.$0$memwr$\regs$picosoc.v:412$1314_EN[31:0]$1318 [0] $flatten\soc.\cpu.\cpuregs.$0$memwr$\regs$picosoc.v:412$1314_EN[31:0]$1318 [0] $flatten\soc.\cpu.\cpuregs.$0$memwr$\regs$picosoc.v:412$1314_EN[31:0]$1318 [0] $flatten\soc.\cpu.\cpuregs.$0$memwr$\regs$picosoc.v:412$1314_EN[31:0]$1318 [0] $flatten\soc.\cpu.\cpuregs.$0$memwr$\regs$picosoc.v:412$1314_EN[31:0]$1318 [0] $flatten\soc.\cpu.\cpuregs.$0$memwr$\regs$picosoc.v:412$1314_EN[31:0]$1318 [0] $flatten\soc.\cpu.\cpuregs.$0$memwr$\regs$picosoc.v:412$1314_EN[31:0]$1318 [0] $flatten\soc.\cpu.\cpuregs.$0$memwr$\regs$picosoc.v:412$1314_EN[31:0]$1318 [0] $flatten\soc.\cpu.\cpuregs.$0$memwr$\regs$picosoc.v:412$1314_EN[31:0]$1318 [0] }
    New ctrl vector for $pmux cell $flatten\soc.\spimemio.\xfer.$procmux$1500: $auto$opt_reduce.cc:137:opt_pmux$5372
    New ctrl vector for $pmux cell $flatten\soc.\cpu.$procmux$3261: { \soc.cpu.is_lui_auipc_jal $auto$opt_reduce.cc:137:opt_pmux$5374 }
    New ctrl vector for $pmux cell $flatten\soc.\spimemio.\xfer.$procmux$1645: { $flatten\soc.\spimemio.\xfer.$procmux$1503_CMP $auto$opt_reduce.cc:137:opt_pmux$5376 }
    New ctrl vector for $pmux cell $flatten\soc.\spimemio.\xfer.$procmux$1655: { $flatten\soc.\spimemio.\xfer.$procmux$1503_CMP $auto$opt_reduce.cc:137:opt_pmux$5378 }
    New ctrl vector for $pmux cell $flatten\soc.\spimemio.\xfer.$procmux$1664: $auto$opt_reduce.cc:137:opt_pmux$5380
    New ctrl vector for $pmux cell $flatten\soc.\spimemio.\xfer.$procmux$1672: $auto$opt_reduce.cc:137:opt_pmux$5382
    New ctrl vector for $pmux cell $flatten\soc.\spimemio.\xfer.$procmux$1680: $auto$opt_reduce.cc:137:opt_pmux$5384
    New ctrl vector for $pmux cell $flatten\soc.\spimemio.\xfer.$procmux$1688: $auto$opt_reduce.cc:137:opt_pmux$5386
    New ctrl vector for $pmux cell $flatten\soc.\spimemio.\xfer.$procmux$1697: { $flatten\soc.\spimemio.\xfer.$procmux$1503_CMP $auto$opt_reduce.cc:137:opt_pmux$5388 }
    New ctrl vector for $pmux cell $flatten\soc.\spimemio.\xfer.$procmux$1707: { $flatten\soc.\spimemio.\xfer.$procmux$1503_CMP $auto$opt_reduce.cc:137:opt_pmux$5390 }
    New ctrl vector for $pmux cell $flatten\soc.\spimemio.$procmux$4848: { $flatten\soc.\spimemio.$procmux$4878_CMP $auto$opt_reduce.cc:137:opt_pmux$5392 $flatten\soc.\spimemio.$procmux$4852_CMP $flatten\soc.\spimemio.$procmux$4868_CMP $flatten\soc.\spimemio.$procmux$4850_CMP $flatten\soc.\spimemio.$procmux$4849_CMP }
    New ctrl vector for $pmux cell $flatten\soc.\cpu.$procmux$2823: { \soc.cpu.instr_trap $auto$opt_reduce.cc:137:opt_pmux$5396 $flatten\soc.\cpu.$logic_and$../picorv32.v:1696$1138_Y \soc.cpu.is_slli_srli_srai $auto$opt_reduce.cc:137:opt_pmux$5394 }
    New ctrl vector for $pmux cell $flatten\soc.\cpu.$procmux$3209: { $auto$opt_reduce.cc:137:opt_pmux$5400 $auto$opt_reduce.cc:137:opt_pmux$5398 }
    New ctrl vector for $pmux cell $flatten\soc.\cpu.$procmux$2244: { $flatten\soc.\cpu.$procmux$2802_CMP $auto$opt_reduce.cc:137:opt_pmux$5402 }
    New ctrl vector for $pmux cell $flatten\soc.\simpleuart.$procmux$5017: $auto$opt_reduce.cc:137:opt_pmux$5404
    New ctrl vector for $pmux cell $flatten\soc.\cpu.$procmux$2231: { $auto$opt_reduce.cc:137:opt_pmux$5406 $flatten\soc.\cpu.$procmux$3232_CMP }
    New ctrl vector for $pmux cell $flatten\soc.\cpu.$procmux$2736: { \soc.cpu.instr_trap $auto$opt_reduce.cc:137:opt_pmux$5408 }
    New input vector for $reduce_or cell $auto$opt_reduce.cc:131:opt_pmux$5367: { \soc.cpu.is_slli_srli_srai \soc.cpu.instr_timer \soc.cpu.instr_maskirq \soc.cpu.instr_retirq \soc.cpu.instr_rdinstrh \soc.cpu.instr_rdinstr \soc.cpu.instr_rdcycleh \soc.cpu.instr_rdcycle }
    New input vector for $reduce_or cell $auto$opt_reduce.cc:131:opt_pmux$5369: { $flatten\soc.\cpu.$logic_and$../picorv32.v:1696$1138_Y \soc.cpu.is_jalr_addi_slti_sltiu_xori_ori_andi \soc.cpu.is_lui_auipc_jal \soc.cpu.instr_timer \soc.cpu.instr_maskirq \soc.cpu.instr_retirq \soc.cpu.instr_rdinstrh \soc.cpu.instr_rdinstr \soc.cpu.instr_rdcycleh \soc.cpu.instr_rdcycle }
    New input vector for $reduce_or cell $auto$opt_reduce.cc:131:opt_pmux$5373: { \soc.cpu.instr_timer \soc.cpu.instr_maskirq \soc.cpu.instr_retirq \soc.cpu.instr_rdinstrh \soc.cpu.instr_rdinstr \soc.cpu.instr_rdcycleh \soc.cpu.instr_rdcycle }
    New input vector for $reduce_or cell $auto$opt_reduce.cc:131:opt_pmux$5395: { \soc.cpu.instr_timer \soc.cpu.instr_maskirq \soc.cpu.instr_retirq \soc.cpu.instr_rdinstrh \soc.cpu.instr_rdinstr \soc.cpu.instr_rdcycleh \soc.cpu.instr_rdcycle }
    New input vector for $reduce_or cell $auto$opt_reduce.cc:131:opt_pmux$5399: { $flatten\soc.\cpu.$logic_and$../picorv32.v:1696$1138_Y \soc.cpu.is_slli_srli_srai \soc.cpu.instr_timer \soc.cpu.instr_maskirq \soc.cpu.instr_retirq \soc.cpu.instr_rdinstrh \soc.cpu.instr_rdinstr \soc.cpu.instr_rdcycleh \soc.cpu.instr_rdcycle }
    New input vector for $reduce_or cell $auto$opt_reduce.cc:131:opt_pmux$5407: { \soc.cpu.instr_timer \soc.cpu.instr_maskirq \soc.cpu.instr_retirq \soc.cpu.instr_rdinstrh \soc.cpu.instr_rdinstr \soc.cpu.instr_rdcycleh \soc.cpu.instr_rdcycle }
  Optimizing cells in module \icebreaker.
Performed a total of 34 changes.

7.11.5. Executing OPT_MERGE pass (detect identical cells).
Finding identical cells in module `\icebreaker'.
Computing hashes of 1351 cells of `\icebreaker'.
Finding duplicate cells in `\icebreaker'.
Computing hashes of 1313 cells of `\icebreaker'.
Finding duplicate cells in `\icebreaker'.
Computing hashes of 1305 cells of `\icebreaker'.
Finding duplicate cells in `\icebreaker'.
Computing hashes of 1301 cells of `\icebreaker'.
Finding duplicate cells in `\icebreaker'.
Computing hashes of 1300 cells of `\icebreaker'.
Finding duplicate cells in `\icebreaker'.
<suppressed ~153 debug messages>
Removed a total of 51 cells.

7.11.6. Executing OPT_DFF pass (perform DFF optimizations).

7.11.7. Executing OPT_CLEAN pass (remove unused cells and wires).
Finding unused cells or wires in module \icebreaker..
Removed 3 unused cells and 525 unused wires.
<suppressed ~6 debug messages>

7.11.8. Executing OPT_EXPR pass (perform const folding).
Optimizing module icebreaker.

7.11.9. Rerunning OPT passes. (Maybe there is more to do..)

7.11.10. Executing OPT_MUXTREE pass (detect dead branches in mux trees).
Running muxtree optimizer on module \icebreaker..
  Creating internal representation of mux trees.
  Evaluating internal representation of mux trees.
  Analyzing evaluation results.
Removed 0 multiplexer ports.
<suppressed ~1622 debug messages>

7.11.11. Executing OPT_REDUCE pass (consolidate $*mux and $reduce_* inputs).
  Optimizing cells in module \icebreaker.
    New ctrl vector for $pmux cell $flatten\soc.\cpu.$procmux$3370: $auto$opt_reduce.cc:137:opt_pmux$5410
    New ctrl vector for $pmux cell $flatten\soc.\cpu.$procmux$2352: { $flatten\soc.\cpu.$procmux$1809_CMP $auto$opt_reduce.cc:137:opt_pmux$5412 }
    New ctrl vector for $pmux cell $flatten\soc.\cpu.$procmux$2782: { $flatten\soc.\cpu.$eq$../picorv32.v:1313$1025_Y $flatten\soc.\cpu.$procmux$1811_CMP $flatten\soc.\cpu.$procmux$1810_CMP $flatten\soc.\cpu.$procmux$1809_CMP $flatten\soc.\cpu.$procmux$1808_CMP $auto$opt_reduce.cc:137:opt_pmux$5414 }
    New ctrl vector for $pmux cell $flatten\soc.\cpu.$procmux$2335: $auto$opt_reduce.cc:137:opt_pmux$5416
    New ctrl vector for $pmux cell $flatten\soc.\cpu.$procmux$1827: { $flatten\soc.\cpu.$eq$../picorv32.v:1313$1025_Y $auto$opt_reduce.cc:137:opt_pmux$5418 $auto$opt_reduce.cc:137:opt_pmux$5358 }
    New ctrl vector for $pmux cell $flatten\soc.\spimemio.$procmux$4755: { $flatten\soc.\spimemio.$procmux$4691_CMP $auto$opt_reduce.cc:137:opt_pmux$5420 $flatten\soc.\spimemio.$procmux$4668_CMP }
    New ctrl vector for $pmux cell $flatten\soc.\spimemio.$procmux$4653: $auto$opt_reduce.cc:137:opt_pmux$5422
    New ctrl vector for $pmux cell $flatten\soc.\cpu.$procmux$4323: { $flatten\soc.\cpu.$logic_and$../picorv32.v:380$619_Y $auto$opt_reduce.cc:137:opt_pmux$5424 }
  Optimizing cells in module \icebreaker.
Performed a total of 8 changes.

7.11.12. Executing OPT_MERGE pass (detect identical cells).
Finding identical cells in module `\icebreaker'.
Computing hashes of 1305 cells of `\icebreaker'.
Finding duplicate cells in `\icebreaker'.
Computing hashes of 1302 cells of `\icebreaker'.
Finding duplicate cells in `\icebreaker'.
<suppressed ~9 debug messages>
Removed a total of 3 cells.

7.11.13. Executing OPT_DFF pass (perform DFF optimizations).

7.11.14. Executing OPT_CLEAN pass (remove unused cells and wires).
Finding unused cells or wires in module \icebreaker..
Removed 0 unused cells and 3 unused wires.
<suppressed ~1 debug messages>

7.11.15. Executing OPT_EXPR pass (perform const folding).
Optimizing module icebreaker.

7.11.16. Rerunning OPT passes. (Maybe there is more to do..)

7.11.17. Executing OPT_MUXTREE pass (detect dead branches in mux trees).
Running muxtree optimizer on module \icebreaker..
  Creating internal representation of mux trees.
  Evaluating internal representation of mux trees.
  Analyzing evaluation results.
Removed 0 multiplexer ports.
<suppressed ~1565 debug messages>

7.11.18. Executing OPT_REDUCE pass (consolidate $*mux and $reduce_* inputs).
  Optimizing cells in module \icebreaker.
Performed a total of 0 changes.

7.11.19. Executing OPT_MERGE pass (detect identical cells).
Finding identical cells in module `\icebreaker'.
Computing hashes of 1302 cells of `\icebreaker'.
Finding duplicate cells in `\icebreaker'.
Removed a total of 0 cells.

7.11.20. Executing OPT_DFF pass (perform DFF optimizations).

7.11.21. Executing OPT_CLEAN pass (remove unused cells and wires).
Finding unused cells or wires in module \icebreaker..

7.11.22. Executing OPT_EXPR pass (perform const folding).
Optimizing module icebreaker.

7.11.23. Finished fast OPT passes. (There is nothing left to do.)

7.12. Executing FSM pass (extract and optimize FSM).

7.12.1. Executing FSM_DETECT pass (finding FSMs in design).
Not marking icebreaker.soc.cpu.irq_state as FSM state register:
    Users of register don't seem to benefit from recoding.
Found FSM state register icebreaker.soc.cpu.cpu_state.
Found FSM state register icebreaker.soc.cpu.mem_wordsize.
Not marking icebreaker.soc.cpu.mem_state as FSM state register:
    Users of register don't seem to benefit from recoding.
Not marking icebreaker.soc.spimem_cache.hit_count as FSM state register:
    Users of register don't seem to benefit from recoding.
Found FSM state register icebreaker.soc.spimemio.state.
Not marking icebreaker.soc.spimemio.din_tag as FSM state register:
    Users of register don't seem to benefit from recoding.

7.12.2. Executing FSM_EXTRACT pass (extracting FSM from design).
Extracting FSM `\soc.cpu.cpu_state' from module `\icebreaker'.
  found $dff cell for state register: $flatten\soc.\cpu.$procdff$5168
  root of input selection tree: $flatten\soc.\cpu.$0\cpu_state[7:0]
  found ctrl input: $flatten\soc.\cpu.$logic_and$../picorv32.v:1938$1221_Y
  found ctrl input: $flatten\soc.\cpu.$logic_and$../picorv32.v:1922$1203_Y
  found ctrl input: \resetn
  found state code: 8'01000000
  found ctrl input: $auto$opt_reduce.cc:137:opt_pmux$5412
  found ctrl input: $flatten\soc.\cpu.$procmux$1808_CMP
  found ctrl input: $flatten\soc.\cpu.$procmux$1809_CMP
  found ctrl input: $flatten\soc.\cpu.$procmux$1810_CMP
  found ctrl input: $flatten\soc.\cpu.$procmux$1811_CMP
  found ctrl input: $flatten\soc.\cpu.$eq$../picorv32.v:1313$1025_Y
  found ctrl input: $flatten\soc.\cpu.$logic_or$../picorv32.v:1857$1184_Y
  found ctrl input: $flatten\soc.\cpu.$logic_and$../picorv32.v:1872$1188_Y
  found ctrl input: $flatten\soc.\cpu.$eq$../picorv32.v:1831$1166_Y
  found ctrl input: \soc.cpu.is_beq_bne_blt_bge_bltu_bgeu
  found ctrl input: \soc.cpu.mem_done
  found ctrl input: \soc.cpu.is_sll_srl_sra
  found ctrl input: \soc.cpu.is_sb_sh_sw
  found ctrl input: \soc.cpu.instr_trap
  found state code: 8'00001000
  found state code: 8'00000100
  found state code: 8'00000010
  found ctrl input: \soc.cpu.genblk1.pcpi_mul.active [1]
  found ctrl input: $flatten\soc.\cpu.$logic_and$../picorv32.v:1605$1120_Y
  found ctrl input: $flatten\soc.\cpu.$logic_and$../picorv32.v:1608$1124_Y
  found state code: 8'10000000
  found ctrl input: $auto$opt_reduce.cc:137:opt_pmux$5366
  found ctrl input: \soc.cpu.is_slli_srli_srai
  found ctrl input: $flatten\soc.\cpu.$logic_and$../picorv32.v:1696$1138_Y
  found ctrl input: $auto$opt_reduce.cc:137:opt_pmux$5374
  found state code: 8'00000001
  found ctrl input: $flatten\soc.\cpu.$logic_and$../picorv32.v:1538$1099_Y
  found ctrl input: $flatten\soc.\cpu.$logic_and$../picorv32.v:1548$1107_Y
  found ctrl input: \soc.cpu.decoder_trigger
  found ctrl input: \soc.cpu.instr_jal
  found state code: 8'00100000
  found ctrl input: $flatten\soc.\cpu.$logic_and$../picorv32.v:1930$1213_Y
  found ctrl input: $flatten\soc.\cpu.$logic_and$../picorv32.v:1923$1206_Y
  found ctrl input: $flatten\soc.\cpu.$logic_and$../picorv32.v:1925$1210_Y
  found ctrl output: $flatten\soc.\cpu.$procmux$1813_CMP
  found ctrl output: $flatten\soc.\cpu.$procmux$1809_CMP
  found ctrl output: $flatten\soc.\cpu.$procmux$1810_CMP
  found ctrl output: $flatten\soc.\cpu.$eq$../picorv32.v:1313$1025_Y
  found ctrl output: $flatten\soc.\cpu.$procmux$1811_CMP
  found ctrl output: $flatten\soc.\cpu.$procmux$1806_CMP
  found ctrl output: $flatten\soc.\cpu.$procmux$1807_CMP
  found ctrl output: $flatten\soc.\cpu.$procmux$1808_CMP
  ctrl inputs: { \soc.cpu.genblk1.pcpi_mul.active [1] $flatten\soc.\cpu.$logic_and$../picorv32.v:1938$1221_Y $flatten\soc.\cpu.$logic_and$../picorv32.v:1930$1213_Y $flatten\soc.\cpu.$logic_and$../picorv32.v:1925$1210_Y $flatten\soc.\cpu.$logic_and$../picorv32.v:1923$1206_Y $flatten\soc.\cpu.$logic_and$../picorv32.v:1922$1203_Y $flatten\soc.\cpu.$logic_and$../picorv32.v:1872$1188_Y $flatten\soc.\cpu.$logic_or$../picorv32.v:1857$1184_Y $flatten\soc.\cpu.$eq$../picorv32.v:1831$1166_Y $flatten\soc.\cpu.$logic_and$../picorv32.v:1696$1138_Y $flatten\soc.\cpu.$logic_and$../picorv32.v:1608$1124_Y $flatten\soc.\cpu.$logic_and$../picorv32.v:1605$1120_Y $flatten\soc.\cpu.$logic_and$../picorv32.v:1548$1107_Y $flatten\soc.\cpu.$logic_and$../picorv32.v:1538$1099_Y \soc.cpu.is_beq_bne_blt_bge_bltu_bgeu \soc.cpu.is_sll_srl_sra \soc.cpu.is_sb_sh_sw \soc.cpu.is_slli_srli_srai \soc.cpu.decoder_trigger \soc.cpu.instr_trap \soc.cpu.instr_jal \soc.cpu.mem_done \resetn $auto$opt_reduce.cc:137:opt_pmux$5366 $auto$opt_reduce.cc:137:opt_pmux$5374 $auto$opt_reduce.cc:137:opt_pmux$5412 }
  ctrl outputs: { $flatten\soc.\cpu.$procmux$1813_CMP $flatten\soc.\cpu.$procmux$1811_CMP $flatten\soc.\cpu.$procmux$1810_CMP $flatten\soc.\cpu.$procmux$1809_CMP $flatten\soc.\cpu.$procmux$1808_CMP $flatten\soc.\cpu.$procmux$1807_CMP $flatten\soc.\cpu.$procmux$1806_CMP $flatten\soc.\cpu.$0\cpu_state[7:0] $flatten\soc.\cpu.$eq$../picorv32.v:1313$1025_Y }
  transition: 8'10000000 26'-0---0----------------0--- -> 8'01000000 16'1000000010000000
  transition: 8'10000000 26'-0---0----------------1--- -> 8'10000000 16'1000000100000000
  transition: 8'10000000 26'-00-01----------------0--- -> 8'01000000 16'1000000010000000
  transition: 8'10000000 26'-00-01----------------1--- -> 8'10000000 16'1000000100000000
  transition: 8'10000000 26'-00011-------------------- -> 8'10000000 16'1000000100000000
  transition: 8'10000000 26'-00111----------------0--- -> 8'01000000 16'1000000010000000
  transition: 8'10000000 26'-00111----------------1--- -> 8'10000000 16'1000000100000000
  transition: 8'10000000 26'-010-1-------------------- -> 8'10000000 16'1000000100000000
  transition: 8'10000000 26'-01101----------------0--- -> 8'01000000 16'1000000010000000
  transition: 8'10000000 26'-01101----------------1--- -> 8'10000000 16'1000000100000000
  transition: 8'10000000 26'-01111----------------0--- -> 8'01000000 16'1000000010000000
  transition: 8'10000000 26'-01111----------------1--- -> 8'10000000 16'1000000100000000
  transition: 8'10000000 26'-1-0---------------------- -> 8'10000000 16'1000000100000000
  transition: 8'10000000 26'-1-1-0----------------0--- -> 8'01000000 16'1000000010000000
  transition: 8'10000000 26'-1-1-0----------------1--- -> 8'10000000 16'1000000100000000
  transition: 8'10000000 26'-10101----------------0--- -> 8'01000000 16'1000000010000000
  transition: 8'10000000 26'-10101----------------1--- -> 8'10000000 16'1000000100000000
  transition: 8'10000000 26'-10111----------------0--- -> 8'01000000 16'1000000010000000
  transition: 8'10000000 26'-10111----------------1--- -> 8'10000000 16'1000000100000000
  transition: 8'10000000 26'-11101----------------0--- -> 8'01000000 16'1000000010000000
  transition: 8'10000000 26'-11101----------------1--- -> 8'10000000 16'1000000100000000
  transition: 8'10000000 26'-11111----------------0--- -> 8'01000000 16'1000000010000000
  transition: 8'10000000 26'-11111----------------1--- -> 8'10000000 16'1000000100000000
  transition: 8'01000000 26'-0---0----------------0--- -> 8'01000000 16'0000000010000001
  transition: 8'01000000 26'-0---0------00----0---1--- -> 8'01000000 16'0000000010000001
  transition: 8'01000000 26'-0---0------00----1-0-1--- -> 8'00100000 16'0000000001000001
  transition: 8'01000000 26'-0---0------00----1-1-1--- -> 8'01000000 16'0000000010000001
  transition: 8'01000000 26'-0---0------10--------1--- -> 8'01000000 16'0000000010000001
  transition: 8'01000000 26'-0---0-------1--------1--- -> 8'01000000 16'0000000010000001
  transition: 8'01000000 26'-00-01----------------0--- -> 8'01000000 16'0000000010000001
  transition: 8'01000000 26'-00-01------00----0---1--- -> 8'01000000 16'0000000010000001
  transition: 8'01000000 26'-00-01------00----1-0-1--- -> 8'00100000 16'0000000001000001
  transition: 8'01000000 26'-00-01------00----1-1-1--- -> 8'01000000 16'0000000010000001
  transition: 8'01000000 26'-00-01------10--------1--- -> 8'01000000 16'0000000010000001
  transition: 8'01000000 26'-00-01-------1--------1--- -> 8'01000000 16'0000000010000001
  transition: 8'01000000 26'-00011-------------------- -> 8'10000000 16'0000000100000001
  transition: 8'01000000 26'-00111----------------0--- -> 8'01000000 16'0000000010000001
  transition: 8'01000000 26'-00111------00----0---1--- -> 8'01000000 16'0000000010000001
  transition: 8'01000000 26'-00111------00----1-0-1--- -> 8'00100000 16'0000000001000001
  transition: 8'01000000 26'-00111------00----1-1-1--- -> 8'01000000 16'0000000010000001
  transition: 8'01000000 26'-00111------10--------1--- -> 8'01000000 16'0000000010000001
  transition: 8'01000000 26'-00111-------1--------1--- -> 8'01000000 16'0000000010000001
  transition: 8'01000000 26'-010-1-------------------- -> 8'10000000 16'0000000100000001
  transition: 8'01000000 26'-01101----------------0--- -> 8'01000000 16'0000000010000001
  transition: 8'01000000 26'-01101------00----0---1--- -> 8'01000000 16'0000000010000001
  transition: 8'01000000 26'-01101------00----1-0-1--- -> 8'00100000 16'0000000001000001
  transition: 8'01000000 26'-01101------00----1-1-1--- -> 8'01000000 16'0000000010000001
  transition: 8'01000000 26'-01101------10--------1--- -> 8'01000000 16'0000000010000001
  transition: 8'01000000 26'-01101-------1--------1--- -> 8'01000000 16'0000000010000001
  transition: 8'01000000 26'-01111----------------0--- -> 8'01000000 16'0000000010000001
  transition: 8'01000000 26'-01111------00----0---1--- -> 8'01000000 16'0000000010000001
  transition: 8'01000000 26'-01111------00----1-0-1--- -> 8'00100000 16'0000000001000001
  transition: 8'01000000 26'-01111------00----1-1-1--- -> 8'01000000 16'0000000010000001
  transition: 8'01000000 26'-01111------10--------1--- -> 8'01000000 16'0000000010000001
  transition: 8'01000000 26'-01111-------1--------1--- -> 8'01000000 16'0000000010000001
  transition: 8'01000000 26'-1-0---------------------- -> 8'10000000 16'0000000100000001
  transition: 8'01000000 26'-1-1-0----------------0--- -> 8'01000000 16'0000000010000001
  transition: 8'01000000 26'-1-1-0------00----0---1--- -> 8'01000000 16'0000000010000001
  transition: 8'01000000 26'-1-1-0------00----1-0-1--- -> 8'00100000 16'0000000001000001
  transition: 8'01000000 26'-1-1-0------00----1-1-1--- -> 8'01000000 16'0000000010000001
  transition: 8'01000000 26'-1-1-0------10--------1--- -> 8'01000000 16'0000000010000001
  transition: 8'01000000 26'-1-1-0-------1--------1--- -> 8'01000000 16'0000000010000001
  transition: 8'01000000 26'-10101----------------0--- -> 8'01000000 16'0000000010000001
  transition: 8'01000000 26'-10101------00----0---1--- -> 8'01000000 16'0000000010000001
  transition: 8'01000000 26'-10101------00----1-0-1--- -> 8'00100000 16'0000000001000001
  transition: 8'01000000 26'-10101------00----1-1-1--- -> 8'01000000 16'0000000010000001
  transition: 8'01000000 26'-10101------10--------1--- -> 8'01000000 16'0000000010000001
  transition: 8'01000000 26'-10101-------1--------1--- -> 8'01000000 16'0000000010000001
  transition: 8'01000000 26'-10111----------------0--- -> 8'01000000 16'0000000010000001
  transition: 8'01000000 26'-10111------00----0---1--- -> 8'01000000 16'0000000010000001
  transition: 8'01000000 26'-10111------00----1-0-1--- -> 8'00100000 16'0000000001000001
  transition: 8'01000000 26'-10111------00----1-1-1--- -> 8'01000000 16'0000000010000001
  transition: 8'01000000 26'-10111------10--------1--- -> 8'01000000 16'0000000010000001
  transition: 8'01000000 26'-10111-------1--------1--- -> 8'01000000 16'0000000010000001
  transition: 8'01000000 26'-11101----------------0--- -> 8'01000000 16'0000000010000001
  transition: 8'01000000 26'-11101------00----0---1--- -> 8'01000000 16'0000000010000001
  transition: 8'01000000 26'-11101------00----1-0-1--- -> 8'00100000 16'0000000001000001
  transition: 8'01000000 26'-11101------00----1-1-1--- -> 8'01000000 16'0000000010000001
  transition: 8'01000000 26'-11101------10--------1--- -> 8'01000000 16'0000000010000001
  transition: 8'01000000 26'-11101-------1--------1--- -> 8'01000000 16'0000000010000001
  transition: 8'01000000 26'-11111----------------0--- -> 8'01000000 16'0000000010000001
  transition: 8'01000000 26'-11111------00----0---1--- -> 8'01000000 16'0000000010000001
  transition: 8'01000000 26'-11111------00----1-0-1--- -> 8'00100000 16'0000000001000001
  transition: 8'01000000 26'-11111------00----1-1-1--- -> 8'01000000 16'0000000010000001
  transition: 8'01000000 26'-11111------10--------1--- -> 8'01000000 16'0000000010000001
  transition: 8'01000000 26'-11111-------1--------1--- -> 8'01000000 16'0000000010000001
  transition: 8'00100000 26'-0---0----------------0--- -> 8'01000000 16'0100000010000000
  transition: 8'00100000 26'-0---0---0-----000-0--100- -> 8'00001000 16'0100000000010000
  transition: 8'00100000 26'-0---0---0------10----100- -> 8'00000010 16'0100000000000100
  transition: 8'00100000 26'-0---0---0-----1-0----100- -> 8'00000100 16'0100000000001000
  transition: 8'00100000 26'00---0-----0-------1--1--- -> 8'00100000 16'0100000001000000
  transition: 8'00100000 26'00---0----01-------1--1--- -> 8'10000000 16'0100000100000000
  transition: 8'00100000 26'00---0----11-------1--1--- -> 8'01000000 16'0100000010000000
  transition: 8'00100000 26'10---0-------------1--1--- -> 8'01000000 16'0100000010000000
  transition: 8'00100000 26'-0---0----------------1-1- -> 8'01000000 16'0100000010000000
  transition: 8'00100000 26'-0---0---1------------1--- -> 8'00000001 16'0100000000000010
  transition: 8'00100000 26'-0---0-----------1----1--- -> 8'00000100 16'0100000000001000
  transition: 8'00100000 26'-0---0----------------11-- -> 8'00001000 16'0100000000010000
  transition: 8'00100000 26'-00-01----------------0--- -> 8'01000000 16'0100000010000000
  transition: 8'00100000 26'-00-01---0-----000-0--100- -> 8'00001000 16'0100000000010000
  transition: 8'00100000 26'-00-01---0------10----100- -> 8'00000010 16'0100000000000100
  transition: 8'00100000 26'-00-01---0-----1-0----100- -> 8'00000100 16'0100000000001000
  transition: 8'00100000 26'000-01-----0-------1--1--- -> 8'00100000 16'0100000001000000
  transition: 8'00100000 26'000-01----01-------1--1--- -> 8'10000000 16'0100000100000000
  transition: 8'00100000 26'000-01----11-------1--1--- -> 8'01000000 16'0100000010000000
  transition: 8'00100000 26'100-01-------------1--1--- -> 8'01000000 16'0100000010000000
  transition: 8'00100000 26'-00-01----------------1-1- -> 8'01000000 16'0100000010000000
  transition: 8'00100000 26'-00-01---1------------1--- -> 8'00000001 16'0100000000000010
  transition: 8'00100000 26'-00-01-----------1----1--- -> 8'00000100 16'0100000000001000
  transition: 8'00100000 26'-00-01----------------11-- -> 8'00001000 16'0100000000010000
  transition: 8'00100000 26'-00011-------------------- -> 8'10000000 16'0100000100000000
  transition: 8'00100000 26'-00111----------------0--- -> 8'01000000 16'0100000010000000
  transition: 8'00100000 26'-00111---0-----000-0--100- -> 8'00001000 16'0100000000010000
  transition: 8'00100000 26'-00111---0------10----100- -> 8'00000010 16'0100000000000100
  transition: 8'00100000 26'-00111---0-----1-0----100- -> 8'00000100 16'0100000000001000
  transition: 8'00100000 26'000111-----0-------1--1--- -> 8'00100000 16'0100000001000000
  transition: 8'00100000 26'000111----01-------1--1--- -> 8'10000000 16'0100000100000000
  transition: 8'00100000 26'000111----11-------1--1--- -> 8'01000000 16'0100000010000000
  transition: 8'00100000 26'100111-------------1--1--- -> 8'01000000 16'0100000010000000
  transition: 8'00100000 26'-00111----------------1-1- -> 8'01000000 16'0100000010000000
  transition: 8'00100000 26'-00111---1------------1--- -> 8'00000001 16'0100000000000010
  transition: 8'00100000 26'-00111-----------1----1--- -> 8'00000100 16'0100000000001000
  transition: 8'00100000 26'-00111----------------11-- -> 8'00001000 16'0100000000010000
  transition: 8'00100000 26'-010-1-------------------- -> 8'10000000 16'0100000100000000
  transition: 8'00100000 26'-01101----------------0--- -> 8'01000000 16'0100000010000000
  transition: 8'00100000 26'-01101---0-----000-0--100- -> 8'00001000 16'0100000000010000
  transition: 8'00100000 26'-01101---0------10----100- -> 8'00000010 16'0100000000000100
  transition: 8'00100000 26'-01101---0-----1-0----100- -> 8'00000100 16'0100000000001000
  transition: 8'00100000 26'001101-----0-------1--1--- -> 8'00100000 16'0100000001000000
  transition: 8'00100000 26'001101----01-------1--1--- -> 8'10000000 16'0100000100000000
  transition: 8'00100000 26'001101----11-------1--1--- -> 8'01000000 16'0100000010000000
  transition: 8'00100000 26'101101-------------1--1--- -> 8'01000000 16'0100000010000000
  transition: 8'00100000 26'-01101----------------1-1- -> 8'01000000 16'0100000010000000
  transition: 8'00100000 26'-01101---1------------1--- -> 8'00000001 16'0100000000000010
  transition: 8'00100000 26'-01101-----------1----1--- -> 8'00000100 16'0100000000001000
  transition: 8'00100000 26'-01101----------------11-- -> 8'00001000 16'0100000000010000
  transition: 8'00100000 26'-01111----------------0--- -> 8'01000000 16'0100000010000000
  transition: 8'00100000 26'-01111---0-----000-0--100- -> 8'00001000 16'0100000000010000
  transition: 8'00100000 26'-01111---0------10----100- -> 8'00000010 16'0100000000000100
  transition: 8'00100000 26'-01111---0-----1-0----100- -> 8'00000100 16'0100000000001000
  transition: 8'00100000 26'001111-----0-------1--1--- -> 8'00100000 16'0100000001000000
  transition: 8'00100000 26'001111----01-------1--1--- -> 8'10000000 16'0100000100000000
  transition: 8'00100000 26'001111----11-------1--1--- -> 8'01000000 16'0100000010000000
  transition: 8'00100000 26'101111-------------1--1--- -> 8'01000000 16'0100000010000000
  transition: 8'00100000 26'-01111----------------1-1- -> 8'01000000 16'0100000010000000
  transition: 8'00100000 26'-01111---1------------1--- -> 8'00000001 16'0100000000000010
  transition: 8'00100000 26'-01111-----------1----1--- -> 8'00000100 16'0100000000001000
  transition: 8'00100000 26'-01111----------------11-- -> 8'00001000 16'0100000000010000
  transition: 8'00100000 26'-1-0---------------------- -> 8'10000000 16'0100000100000000
  transition: 8'00100000 26'-1-1-0----------------0--- -> 8'01000000 16'0100000010000000
  transition: 8'00100000 26'-1-1-0---0-----000-0--100- -> 8'00001000 16'0100000000010000
  transition: 8'00100000 26'-1-1-0---0------10----100- -> 8'00000010 16'0100000000000100
  transition: 8'00100000 26'-1-1-0---0-----1-0----100- -> 8'00000100 16'0100000000001000
  transition: 8'00100000 26'01-1-0-----0-------1--1--- -> 8'00100000 16'0100000001000000
  transition: 8'00100000 26'01-1-0----01-------1--1--- -> 8'10000000 16'0100000100000000
  transition: 8'00100000 26'01-1-0----11-------1--1--- -> 8'01000000 16'0100000010000000
  transition: 8'00100000 26'11-1-0-------------1--1--- -> 8'01000000 16'0100000010000000
  transition: 8'00100000 26'-1-1-0----------------1-1- -> 8'01000000 16'0100000010000000
  transition: 8'00100000 26'-1-1-0---1------------1--- -> 8'00000001 16'0100000000000010
  transition: 8'00100000 26'-1-1-0-----------1----1--- -> 8'00000100 16'0100000000001000
  transition: 8'00100000 26'-1-1-0----------------11-- -> 8'00001000 16'0100000000010000
  transition: 8'00100000 26'-10101----------------0--- -> 8'01000000 16'0100000010000000
  transition: 8'00100000 26'-10101---0-----000-0--100- -> 8'00001000 16'0100000000010000
  transition: 8'00100000 26'-10101---0------10----100- -> 8'00000010 16'0100000000000100
  transition: 8'00100000 26'-10101---0-----1-0----100- -> 8'00000100 16'0100000000001000
  transition: 8'00100000 26'010101-----0-------1--1--- -> 8'00100000 16'0100000001000000
  transition: 8'00100000 26'010101----01-------1--1--- -> 8'10000000 16'0100000100000000
  transition: 8'00100000 26'010101----11-------1--1--- -> 8'01000000 16'0100000010000000
  transition: 8'00100000 26'110101-------------1--1--- -> 8'01000000 16'0100000010000000
  transition: 8'00100000 26'-10101----------------1-1- -> 8'01000000 16'0100000010000000
  transition: 8'00100000 26'-10101---1------------1--- -> 8'00000001 16'0100000000000010
  transition: 8'00100000 26'-10101-----------1----1--- -> 8'00000100 16'0100000000001000
  transition: 8'00100000 26'-10101----------------11-- -> 8'00001000 16'0100000000010000
  transition: 8'00100000 26'-10111----------------0--- -> 8'01000000 16'0100000010000000
  transition: 8'00100000 26'-10111---0-----000-0--100- -> 8'00001000 16'0100000000010000
  transition: 8'00100000 26'-10111---0------10----100- -> 8'00000010 16'0100000000000100
  transition: 8'00100000 26'-10111---0-----1-0----100- -> 8'00000100 16'0100000000001000
  transition: 8'00100000 26'010111-----0-------1--1--- -> 8'00100000 16'0100000001000000
  transition: 8'00100000 26'010111----01-------1--1--- -> 8'10000000 16'0100000100000000
  transition: 8'00100000 26'010111----11-------1--1--- -> 8'01000000 16'0100000010000000
  transition: 8'00100000 26'110111-------------1--1--- -> 8'01000000 16'0100000010000000
  transition: 8'00100000 26'-10111----------------1-1- -> 8'01000000 16'0100000010000000
  transition: 8'00100000 26'-10111---1------------1--- -> 8'00000001 16'0100000000000010
  transition: 8'00100000 26'-10111-----------1----1--- -> 8'00000100 16'0100000000001000
  transition: 8'00100000 26'-10111----------------11-- -> 8'00001000 16'0100000000010000
  transition: 8'00100000 26'-11101----------------0--- -> 8'01000000 16'0100000010000000
  transition: 8'00100000 26'-11101---0-----000-0--100- -> 8'00001000 16'0100000000010000
  transition: 8'00100000 26'-11101---0------10----100- -> 8'00000010 16'0100000000000100
  transition: 8'00100000 26'-11101---0-----1-0----100- -> 8'00000100 16'0100000000001000
  transition: 8'00100000 26'011101-----0-------1--1--- -> 8'00100000 16'0100000001000000
  transition: 8'00100000 26'011101----01-------1--1--- -> 8'10000000 16'0100000100000000
  transition: 8'00100000 26'011101----11-------1--1--- -> 8'01000000 16'0100000010000000
  transition: 8'00100000 26'111101-------------1--1--- -> 8'01000000 16'0100000010000000
  transition: 8'00100000 26'-11101----------------1-1- -> 8'01000000 16'0100000010000000
  transition: 8'00100000 26'-11101---1------------1--- -> 8'00000001 16'0100000000000010
  transition: 8'00100000 26'-11101-----------1----1--- -> 8'00000100 16'0100000000001000
  transition: 8'00100000 26'-11101----------------11-- -> 8'00001000 16'0100000000010000
  transition: 8'00100000 26'-11111----------------0--- -> 8'01000000 16'0100000010000000
  transition: 8'00100000 26'-11111---0-----000-0--100- -> 8'00001000 16'0100000000010000
  transition: 8'00100000 26'-11111---0------10----100- -> 8'00000010 16'0100000000000100
  transition: 8'00100000 26'-11111---0-----1-0----100- -> 8'00000100 16'0100000000001000
  transition: 8'00100000 26'011111-----0-------1--1--- -> 8'00100000 16'0100000001000000
  transition: 8'00100000 26'011111----01-------1--1--- -> 8'10000000 16'0100000100000000
  transition: 8'00100000 26'011111----11-------1--1--- -> 8'01000000 16'0100000010000000
  transition: 8'00100000 26'111111-------------1--1--- -> 8'01000000 16'0100000010000000
  transition: 8'00100000 26'-11111----------------1-1- -> 8'01000000 16'0100000010000000
  transition: 8'00100000 26'-11111---1------------1--- -> 8'00000001 16'0100000000000010
  transition: 8'00100000 26'-11111-----------1----1--- -> 8'00000100 16'0100000000001000
  transition: 8'00100000 26'-11111----------------11-- -> 8'00001000 16'0100000000010000
  transition: 8'00001000 26'-0---0----------------0--- -> 8'01000000 16'0001000010000000
  transition: 8'00001000 26'-0---0--------0-------1--- -> 8'01000000 16'0001000010000000
  transition: 8'00001000 26'-0---0--------1------01--- -> 8'00001000 16'0001000000010000
  transition: 8'00001000 26'-0---0--------1------11--- -> 8'01000000 16'0001000010000000
  transition: 8'00001000 26'-00-01----------------0--- -> 8'01000000 16'0001000010000000
  transition: 8'00001000 26'-00-01--------0-------1--- -> 8'01000000 16'0001000010000000
  transition: 8'00001000 26'-00-01--------1------01--- -> 8'00001000 16'0001000000010000
  transition: 8'00001000 26'-00-01--------1------11--- -> 8'01000000 16'0001000010000000
  transition: 8'00001000 26'-00011-------------------- -> 8'10000000 16'0001000100000000
  transition: 8'00001000 26'-00111----------------0--- -> 8'01000000 16'0001000010000000
  transition: 8'00001000 26'-00111--------0-------1--- -> 8'01000000 16'0001000010000000
  transition: 8'00001000 26'-00111--------1------01--- -> 8'00001000 16'0001000000010000
  transition: 8'00001000 26'-00111--------1------11--- -> 8'01000000 16'0001000010000000
  transition: 8'00001000 26'-010-1-------------------- -> 8'10000000 16'0001000100000000
  transition: 8'00001000 26'-01101----------------0--- -> 8'01000000 16'0001000010000000
  transition: 8'00001000 26'-01101--------0-------1--- -> 8'01000000 16'0001000010000000
  transition: 8'00001000 26'-01101--------1------01--- -> 8'00001000 16'0001000000010000
  transition: 8'00001000 26'-01101--------1------11--- -> 8'01000000 16'0001000010000000
  transition: 8'00001000 26'-01111----------------0--- -> 8'01000000 16'0001000010000000
  transition: 8'00001000 26'-01111--------0-------1--- -> 8'01000000 16'0001000010000000
  transition: 8'00001000 26'-01111--------1------01--- -> 8'00001000 16'0001000000010000
  transition: 8'00001000 26'-01111--------1------11--- -> 8'01000000 16'0001000010000000
  transition: 8'00001000 26'-1-0---------------------- -> 8'10000000 16'0001000100000000
  transition: 8'00001000 26'-1-1-0----------------0--- -> 8'01000000 16'0001000010000000
  transition: 8'00001000 26'-1-1-0--------0-------1--- -> 8'01000000 16'0001000010000000
  transition: 8'00001000 26'-1-1-0--------1------01--- -> 8'00001000 16'0001000000010000
  transition: 8'00001000 26'-1-1-0--------1------11--- -> 8'01000000 16'0001000010000000
  transition: 8'00001000 26'-10101----------------0--- -> 8'01000000 16'0001000010000000
  transition: 8'00001000 26'-10101--------0-------1--- -> 8'01000000 16'0001000010000000
  transition: 8'00001000 26'-10101--------1------01--- -> 8'00001000 16'0001000000010000
  transition: 8'00001000 26'-10101--------1------11--- -> 8'01000000 16'0001000010000000
  transition: 8'00001000 26'-10111----------------0--- -> 8'01000000 16'0001000010000000
  transition: 8'00001000 26'-10111--------0-------1--- -> 8'01000000 16'0001000010000000
  transition: 8'00001000 26'-10111--------1------01--- -> 8'00001000 16'0001000000010000
  transition: 8'00001000 26'-10111--------1------11--- -> 8'01000000 16'0001000010000000
  transition: 8'00001000 26'-11101----------------0--- -> 8'01000000 16'0001000010000000
  transition: 8'00001000 26'-11101--------0-------1--- -> 8'01000000 16'0001000010000000
  transition: 8'00001000 26'-11101--------1------01--- -> 8'00001000 16'0001000000010000
  transition: 8'00001000 26'-11101--------1------11--- -> 8'01000000 16'0001000010000000
  transition: 8'00001000 26'-11111----------------0--- -> 8'01000000 16'0001000010000000
  transition: 8'00001000 26'-11111--------0-------1--- -> 8'01000000 16'0001000010000000
  transition: 8'00001000 26'-11111--------1------01--- -> 8'00001000 16'0001000000010000
  transition: 8'00001000 26'-11111--------1------11--- -> 8'01000000 16'0001000010000000
  transition: 8'00000100 26'-0---0----------------0--- -> 8'01000000 16'0000100010000000
  transition: 8'00000100 26'-0---0--0-------------1--- -> 8'00000100 16'0000100000001000
  transition: 8'00000100 26'-0---0--1-------------1--- -> 8'01000000 16'0000100010000000
  transition: 8'00000100 26'-00-01----------------0--- -> 8'01000000 16'0000100010000000
  transition: 8'00000100 26'-00-01--0-------------1--- -> 8'00000100 16'0000100000001000
  transition: 8'00000100 26'-00-01--1-------------1--- -> 8'01000000 16'0000100010000000
  transition: 8'00000100 26'-00011-------------------- -> 8'10000000 16'0000100100000000
  transition: 8'00000100 26'-00111----------------0--- -> 8'01000000 16'0000100010000000
  transition: 8'00000100 26'-00111--0-------------1--- -> 8'00000100 16'0000100000001000
  transition: 8'00000100 26'-00111--1-------------1--- -> 8'01000000 16'0000100010000000
  transition: 8'00000100 26'-010-1-------------------- -> 8'10000000 16'0000100100000000
  transition: 8'00000100 26'-01101----------------0--- -> 8'01000000 16'0000100010000000
  transition: 8'00000100 26'-01101--0-------------1--- -> 8'00000100 16'0000100000001000
  transition: 8'00000100 26'-01101--1-------------1--- -> 8'01000000 16'0000100010000000
  transition: 8'00000100 26'-01111----------------0--- -> 8'01000000 16'0000100010000000
  transition: 8'00000100 26'-01111--0-------------1--- -> 8'00000100 16'0000100000001000
  transition: 8'00000100 26'-01111--1-------------1--- -> 8'01000000 16'0000100010000000
  transition: 8'00000100 26'-1-0---------------------- -> 8'10000000 16'0000100100000000
  transition: 8'00000100 26'-1-1-0----------------0--- -> 8'01000000 16'0000100010000000
  transition: 8'00000100 26'-1-1-0--0-------------1--- -> 8'00000100 16'0000100000001000
  transition: 8'00000100 26'-1-1-0--1-------------1--- -> 8'01000000 16'0000100010000000
  transition: 8'00000100 26'-10101----------------0--- -> 8'01000000 16'0000100010000000
  transition: 8'00000100 26'-10101--0-------------1--- -> 8'00000100 16'0000100000001000
  transition: 8'00000100 26'-10101--1-------------1--- -> 8'01000000 16'0000100010000000
  transition: 8'00000100 26'-10111----------------0--- -> 8'01000000 16'0000100010000000
  transition: 8'00000100 26'-10111--0-------------1--- -> 8'00000100 16'0000100000001000
  transition: 8'00000100 26'-10111--1-------------1--- -> 8'01000000 16'0000100010000000
  transition: 8'00000100 26'-11101----------------0--- -> 8'01000000 16'0000100010000000
  transition: 8'00000100 26'-11101--0-------------1--- -> 8'00000100 16'0000100000001000
  transition: 8'00000100 26'-11101--1-------------1--- -> 8'01000000 16'0000100010000000
  transition: 8'00000100 26'-11111----------------0--- -> 8'01000000 16'0000100010000000
  transition: 8'00000100 26'-11111--0-------------1--- -> 8'00000100 16'0000100000001000
  transition: 8'00000100 26'-11111--1-------------1--- -> 8'01000000 16'0000100010000000
  transition: 8'00000010 26'-0---0----------------0--- -> 8'01000000 16'0000010010000000
  transition: 8'00000010 26'-0---0-0--------------1--- -> 8'00000010 16'0000010000000100
  transition: 8'00000010 26'-0---001--------------1--- -> 8'00000010 16'0000010000000100
  transition: 8'00000010 26'-0---011--------------1--- -> 8'01000000 16'0000010010000000
  transition: 8'00000010 26'-00-01----------------0--- -> 8'01000000 16'0000010010000000
  transition: 8'00000010 26'-00-01-0--------------1--- -> 8'00000010 16'0000010000000100
  transition: 8'00000010 26'-00-0101--------------1--- -> 8'00000010 16'0000010000000100
  transition: 8'00000010 26'-00-0111--------------1--- -> 8'01000000 16'0000010010000000
  transition: 8'00000010 26'-00011-------------------- -> 8'10000000 16'0000010100000000
  transition: 8'00000010 26'-00111----------------0--- -> 8'01000000 16'0000010010000000
  transition: 8'00000010 26'-00111-0--------------1--- -> 8'00000010 16'0000010000000100
  transition: 8'00000010 26'-0011101--------------1--- -> 8'00000010 16'0000010000000100
  transition: 8'00000010 26'-0011111--------------1--- -> 8'01000000 16'0000010010000000
  transition: 8'00000010 26'-010-1-------------------- -> 8'10000000 16'0000010100000000
  transition: 8'00000010 26'-01101----------------0--- -> 8'01000000 16'0000010010000000
  transition: 8'00000010 26'-01101-0--------------1--- -> 8'00000010 16'0000010000000100
  transition: 8'00000010 26'-0110101--------------1--- -> 8'00000010 16'0000010000000100
  transition: 8'00000010 26'-0110111--------------1--- -> 8'01000000 16'0000010010000000
  transition: 8'00000010 26'-01111----------------0--- -> 8'01000000 16'0000010010000000
  transition: 8'00000010 26'-01111-0--------------1--- -> 8'00000010 16'0000010000000100
  transition: 8'00000010 26'-0111101--------------1--- -> 8'00000010 16'0000010000000100
  transition: 8'00000010 26'-0111111--------------1--- -> 8'01000000 16'0000010010000000
  transition: 8'00000010 26'-1-0---------------------- -> 8'10000000 16'0000010100000000
  transition: 8'00000010 26'-1-1-0----------------0--- -> 8'01000000 16'0000010010000000
  transition: 8'00000010 26'-1-1-0-0--------------1--- -> 8'00000010 16'0000010000000100
  transition: 8'00000010 26'-1-1-001--------------1--- -> 8'00000010 16'0000010000000100
  transition: 8'00000010 26'-1-1-011--------------1--- -> 8'01000000 16'0000010010000000
  transition: 8'00000010 26'-10101----------------0--- -> 8'01000000 16'0000010010000000
  transition: 8'00000010 26'-10101-0--------------1--- -> 8'00000010 16'0000010000000100
  transition: 8'00000010 26'-1010101--------------1--- -> 8'00000010 16'0000010000000100
  transition: 8'00000010 26'-1010111--------------1--- -> 8'01000000 16'0000010010000000
  transition: 8'00000010 26'-10111----------------0--- -> 8'01000000 16'0000010010000000
  transition: 8'00000010 26'-10111-0--------------1--- -> 8'00000010 16'0000010000000100
  transition: 8'00000010 26'-1011101--------------1--- -> 8'00000010 16'0000010000000100
  transition: 8'00000010 26'-1011111--------------1--- -> 8'01000000 16'0000010010000000
  transition: 8'00000010 26'-11101----------------0--- -> 8'01000000 16'0000010010000000
  transition: 8'00000010 26'-11101-0--------------1--- -> 8'00000010 16'0000010000000100
  transition: 8'00000010 26'-1110101--------------1--- -> 8'00000010 16'0000010000000100
  transition: 8'00000010 26'-1110111--------------1--- -> 8'01000000 16'0000010010000000
  transition: 8'00000010 26'-11111----------------0--- -> 8'01000000 16'0000010010000000
  transition: 8'00000010 26'-11111-0--------------1--- -> 8'00000010 16'0000010000000100
  transition: 8'00000010 26'-1111101--------------1--- -> 8'00000010 16'0000010000000100
  transition: 8'00000010 26'-1111111--------------1--- -> 8'01000000 16'0000010010000000
  transition: 8'00000001 26'-0---0----------------0--- -> 8'01000000 16'0000001010000000
  transition: 8'00000001 26'-0---0-0--------------1--- -> 8'00000001 16'0000001000000010
  transition: 8'00000001 26'-0---001--------------1--- -> 8'00000001 16'0000001000000010
  transition: 8'00000001 26'-0---011--------------1--- -> 8'01000000 16'0000001010000000
  transition: 8'00000001 26'-00-01----------------0--- -> 8'01000000 16'0000001010000000
  transition: 8'00000001 26'-00-01-0--------------1--- -> 8'00000001 16'0000001000000010
  transition: 8'00000001 26'-00-0101--------------1--- -> 8'00000001 16'0000001000000010
  transition: 8'00000001 26'-00-0111--------------1--- -> 8'01000000 16'0000001010000000
  transition: 8'00000001 26'-00011-------------------- -> 8'10000000 16'0000001100000000
  transition: 8'00000001 26'-00111----------------0--- -> 8'01000000 16'0000001010000000
  transition: 8'00000001 26'-00111-0--------------1--- -> 8'00000001 16'0000001000000010
  transition: 8'00000001 26'-0011101--------------1--- -> 8'00000001 16'0000001000000010
  transition: 8'00000001 26'-0011111--------------1--- -> 8'01000000 16'0000001010000000
  transition: 8'00000001 26'-010-1-------------------- -> 8'10000000 16'0000001100000000
  transition: 8'00000001 26'-01101----------------0--- -> 8'01000000 16'0000001010000000
  transition: 8'00000001 26'-01101-0--------------1--- -> 8'00000001 16'0000001000000010
  transition: 8'00000001 26'-0110101--------------1--- -> 8'00000001 16'0000001000000010
  transition: 8'00000001 26'-0110111--------------1--- -> 8'01000000 16'0000001010000000
  transition: 8'00000001 26'-01111----------------0--- -> 8'01000000 16'0000001010000000
  transition: 8'00000001 26'-01111-0--------------1--- -> 8'00000001 16'0000001000000010
  transition: 8'00000001 26'-0111101--------------1--- -> 8'00000001 16'0000001000000010
  transition: 8'00000001 26'-0111111--------------1--- -> 8'01000000 16'0000001010000000
  transition: 8'00000001 26'-1-0---------------------- -> 8'10000000 16'0000001100000000
  transition: 8'00000001 26'-1-1-0----------------0--- -> 8'01000000 16'0000001010000000
  transition: 8'00000001 26'-1-1-0-0--------------1--- -> 8'00000001 16'0000001000000010
  transition: 8'00000001 26'-1-1-001--------------1--- -> 8'00000001 16'0000001000000010
  transition: 8'00000001 26'-1-1-011--------------1--- -> 8'01000000 16'0000001010000000
  transition: 8'00000001 26'-10101----------------0--- -> 8'01000000 16'0000001010000000
  transition: 8'00000001 26'-10101-0--------------1--- -> 8'00000001 16'0000001000000010
  transition: 8'00000001 26'-1010101--------------1--- -> 8'00000001 16'0000001000000010
  transition: 8'00000001 26'-1010111--------------1--- -> 8'01000000 16'0000001010000000
  transition: 8'00000001 26'-10111----------------0--- -> 8'01000000 16'0000001010000000
  transition: 8'00000001 26'-10111-0--------------1--- -> 8'00000001 16'0000001000000010
  transition: 8'00000001 26'-1011101--------------1--- -> 8'00000001 16'0000001000000010
  transition: 8'00000001 26'-1011111--------------1--- -> 8'01000000 16'0000001010000000
  transition: 8'00000001 26'-11101----------------0--- -> 8'01000000 16'0000001010000000
  transition: 8'00000001 26'-11101-0--------------1--- -> 8'00000001 16'0000001000000010
  transition: 8'00000001 26'-1110101--------------1--- -> 8'00000001 16'0000001000000010
  transition: 8'00000001 26'-1110111--------------1--- -> 8'01000000 16'0000001010000000
  transition: 8'00000001 26'-11111----------------0--- -> 8'01000000 16'0000001010000000
  transition: 8'00000001 26'-11111-0--------------1--- -> 8'00000001 16'0000001000000010
  transition: 8'00000001 26'-1111101--------------1--- -> 8'00000001 16'0000001000000010
  transition: 8'00000001 26'-1111111--------------1--- -> 8'01000000 16'0000001010000000
Extracting FSM `\soc.cpu.mem_wordsize' from module `\icebreaker'.
  found $dff cell for state register: $flatten\soc.\cpu.$procdff$5155
  root of input selection tree: $flatten\soc.\cpu.$0\mem_wordsize[1:0]
  found ctrl input: \resetn
  found ctrl input: $flatten\soc.\cpu.$procmux$1806_CMP
  found ctrl input: $flatten\soc.\cpu.$procmux$1807_CMP
  found ctrl input: $flatten\soc.\cpu.$eq$../picorv32.v:1313$1025_Y
  found ctrl input: $flatten\soc.\cpu.$logic_or$../picorv32.v:1857$1184_Y
  found ctrl input: \soc.cpu.mem_do_rdata
  found ctrl input: \soc.cpu.instr_lw
  found ctrl input: $flatten\soc.\cpu.$logic_or$../picorv32.v:1887$1193_Y
  found ctrl input: $flatten\soc.\cpu.$logic_or$../picorv32.v:1886$1192_Y
  found state code: 2'00
  found state code: 2'01
  found state code: 2'10
  found ctrl input: \soc.cpu.mem_do_wdata
  found ctrl input: \soc.cpu.instr_sw
  found ctrl input: \soc.cpu.instr_sh
  found ctrl input: \soc.cpu.instr_sb
  found ctrl output: $flatten\soc.\cpu.$eq$../picorv32.v:1923$1204_Y
  found ctrl output: $flatten\soc.\cpu.$eq$../picorv32.v:1930$1211_Y
  found ctrl output: $flatten\soc.\cpu.$procmux$4565_CMP
  ctrl inputs: { $flatten\soc.\cpu.$procmux$1807_CMP $flatten\soc.\cpu.$procmux$1806_CMP $flatten\soc.\cpu.$logic_or$../picorv32.v:1887$1193_Y $flatten\soc.\cpu.$logic_or$../picorv32.v:1886$1192_Y $flatten\soc.\cpu.$logic_or$../picorv32.v:1857$1184_Y $flatten\soc.\cpu.$eq$../picorv32.v:1313$1025_Y \soc.cpu.instr_sw \soc.cpu.instr_sh \soc.cpu.instr_sb \soc.cpu.instr_lw \soc.cpu.mem_do_wdata \soc.cpu.mem_do_rdata \resetn }
  ctrl outputs: { $flatten\soc.\cpu.$procmux$4565_CMP $flatten\soc.\cpu.$eq$../picorv32.v:1930$1211_Y $flatten\soc.\cpu.$eq$../picorv32.v:1923$1204_Y $flatten\soc.\cpu.$0\mem_wordsize[1:0] }
  transition:       2'00 13'------------0 ->       2'00 5'00100
  transition:       2'00 13'00---0------1 ->       2'00 5'00100
  transition:       2'00 13'-----1------1 ->       2'00 5'00100
  transition:       2'00 13'1---0-------1 ->       2'00 5'00100
  transition:       2'00 13'1---1-000-0-1 ->       2'00 5'00100
  transition:       2'00 13'1---1---1-0-1 ->       2'10 5'00110
  transition:       2'00 13'1---1--1--0-1 ->       2'01 5'00101
  transition:       2'00 13'1---1-1---0-1 ->       2'00 5'00100
  transition:       2'00 13'1---1-----1-1 ->       2'00 5'00100
  transition:       2'00 13'-1--0-------1 ->       2'00 5'00100
  transition:       2'00 13'-1001----0-01 ->       2'00 5'00100
  transition:       2'00 13'-1-11------01 ->       2'10 5'00110
  transition:       2'00 13'-11-1------01 ->       2'01 5'00101
  transition:       2'00 13'-1--1----1-01 ->       2'00 5'00100
  transition:       2'00 13'-1--1------11 ->       2'00 5'00100
  transition:       2'10 13'------------0 ->       2'10 5'10010
  transition:       2'10 13'00---0------1 ->       2'10 5'10010
  transition:       2'10 13'-----1------1 ->       2'00 5'10000
  transition:       2'10 13'1---0-------1 ->       2'10 5'10010
  transition:       2'10 13'1---1-000-0-1 ->       2'10 5'10010
  transition:       2'10 13'1---1---1-0-1 ->       2'10 5'10010
  transition:       2'10 13'1---1--1--0-1 ->       2'01 5'10001
  transition:       2'10 13'1---1-1---0-1 ->       2'00 5'10000
  transition:       2'10 13'1---1-----1-1 ->       2'10 5'10010
  transition:       2'10 13'-1--0-------1 ->       2'10 5'10010
  transition:       2'10 13'-1001----0-01 ->       2'10 5'10010
  transition:       2'10 13'-1-11------01 ->       2'10 5'10010
  transition:       2'10 13'-11-1------01 ->       2'01 5'10001
  transition:       2'10 13'-1--1----1-01 ->       2'00 5'10000
  transition:       2'10 13'-1--1------11 ->       2'10 5'10010
  transition:       2'01 13'------------0 ->       2'01 5'01001
  transition:       2'01 13'00---0------1 ->       2'01 5'01001
  transition:       2'01 13'-----1------1 ->       2'00 5'01000
  transition:       2'01 13'1---0-------1 ->       2'01 5'01001
  transition:       2'01 13'1---1-000-0-1 ->       2'01 5'01001
  transition:       2'01 13'1---1---1-0-1 ->       2'10 5'01010
  transition:       2'01 13'1---1--1--0-1 ->       2'01 5'01001
  transition:       2'01 13'1---1-1---0-1 ->       2'00 5'01000
  transition:       2'01 13'1---1-----1-1 ->       2'01 5'01001
  transition:       2'01 13'-1--0-------1 ->       2'01 5'01001
  transition:       2'01 13'-1001----0-01 ->       2'01 5'01001
  transition:       2'01 13'-1-11------01 ->       2'10 5'01010
  transition:       2'01 13'-11-1------01 ->       2'01 5'01001
  transition:       2'01 13'-1--1----1-01 ->       2'00 5'01000
  transition:       2'01 13'-1--1------11 ->       2'01 5'01001
Extracting FSM `\soc.spimemio.state' from module `\icebreaker'.
  found $dff cell for state register: $flatten\soc.\spimemio.$procdff$5306
  root of input selection tree: $flatten\soc.\spimemio.$0\state[3:0]
  found reset state: 4'0000 (guessed from mux tree)
  found ctrl input: $flatten\soc.\spimemio.$logic_or$spimemio.v:211$529_Y
  found ctrl input: \soc.spimemio.jump
  found ctrl input: $flatten\soc.\spimemio.$procmux$4668_CMP
  found ctrl input: $flatten\soc.\spimemio.$procmux$4671_CMP
  found ctrl input: $flatten\soc.\spimemio.$procmux$4674_CMP
  found ctrl input: $flatten\soc.\spimemio.$procmux$4677_CMP
  found ctrl input: $flatten\soc.\spimemio.$procmux$4680_CMP
  found ctrl input: $flatten\soc.\spimemio.$procmux$4683_CMP
  found ctrl input: $flatten\soc.\spimemio.$procmux$4686_CMP
  found ctrl input: $flatten\soc.\spimemio.$procmux$4691_CMP
  found ctrl input: $flatten\soc.\spimemio.$procmux$4694_CMP
  found ctrl input: $flatten\soc.\spimemio.$procmux$4654_CMP
  found ctrl input: $flatten\soc.\spimemio.$procmux$4700_CMP
  found ctrl input: $flatten\soc.\spimemio.$procmux$4657_CMP
  found ctrl input: $flatten\soc.\spimemio.$procmux$4706_CMP
  found ctrl input: $flatten\soc.\spimemio.$logic_or$spimemio.v:350$547_Y
  found ctrl input: \soc.spimemio.xfer.din_ready
  found state code: 4'1001
  found state code: 4'1100
  found state code: 4'1011
  found state code: 4'1010
  found ctrl input: $flatten\soc.\spimemio.$logic_or$spimemio.v:310$543_Y
  found state code: 4'1000
  found state code: 4'0111
  found ctrl input: $flatten\soc.\spimemio.$logic_and$spimemio.v:282$542_Y
  found state code: 4'0110
  found state code: 4'0101
  found ctrl input: \soc.spimemio.dout_valid
  found state code: 4'0100
  found state code: 4'0011
  found state code: 4'0010
  found state code: 4'0001
  found ctrl input: \soc.spimemio.config_cont
  found state code: 4'0000
  found ctrl output: $flatten\soc.\spimemio.$procmux$4654_CMP
  found ctrl output: $flatten\soc.\spimemio.$procmux$4657_CMP
  found ctrl output: $flatten\soc.\spimemio.$procmux$4668_CMP
  found ctrl output: $flatten\soc.\spimemio.$procmux$4671_CMP
  found ctrl output: $flatten\soc.\spimemio.$procmux$4677_CMP
  found ctrl output: $flatten\soc.\spimemio.$procmux$4674_CMP
  found ctrl output: $flatten\soc.\spimemio.$procmux$4680_CMP
  found ctrl output: $flatten\soc.\spimemio.$procmux$4683_CMP
  found ctrl output: $flatten\soc.\spimemio.$procmux$4686_CMP
  found ctrl output: $flatten\soc.\spimemio.$procmux$4691_CMP
  found ctrl output: $flatten\soc.\spimemio.$procmux$4694_CMP
  found ctrl output: $flatten\soc.\spimemio.$procmux$4700_CMP
  found ctrl output: $flatten\soc.\spimemio.$procmux$4706_CMP
  ctrl inputs: { \soc.spimemio.xfer.din_ready $flatten\soc.\spimemio.$logic_or$spimemio.v:350$547_Y $flatten\soc.\spimemio.$logic_or$spimemio.v:310$543_Y $flatten\soc.\spimemio.$logic_and$spimemio.v:282$542_Y $flatten\soc.\spimemio.$logic_or$spimemio.v:211$529_Y \soc.spimemio.config_cont \soc.spimemio.jump \soc.spimemio.dout_valid }
  ctrl outputs: { $flatten\soc.\spimemio.$procmux$4706_CMP $flatten\soc.\spimemio.$procmux$4700_CMP $flatten\soc.\spimemio.$procmux$4694_CMP $flatten\soc.\spimemio.$procmux$4691_CMP $flatten\soc.\spimemio.$procmux$4686_CMP $flatten\soc.\spimemio.$procmux$4683_CMP $flatten\soc.\spimemio.$procmux$4680_CMP $flatten\soc.\spimemio.$procmux$4677_CMP $flatten\soc.\spimemio.$procmux$4674_CMP $flatten\soc.\spimemio.$procmux$4671_CMP $flatten\soc.\spimemio.$procmux$4668_CMP $flatten\soc.\spimemio.$procmux$4657_CMP $flatten\soc.\spimemio.$procmux$4654_CMP $flatten\soc.\spimemio.$0\state[3:0] }
  transition:     4'0000 8'0---0-0- ->     4'0000 17'10000000000000000
  transition:     4'0000 8'1---0-0- ->     4'0001 17'10000000000000001
  transition:     4'0000 8'----001- ->     4'0100 17'10000000000000100
  transition:     4'0000 8'----011- ->     4'0101 17'10000000000000101
  transition:     4'0000 8'----1--- ->     4'0000 17'10000000000000000
  transition:     4'1000 8'0---0-0- ->     4'1000 17'00000010000001000
  transition:     4'1000 8'1---0-0- ->     4'1001 17'00000010000001001
  transition:     4'1000 8'----001- ->     4'0100 17'00000010000000100
  transition:     4'1000 8'----011- ->     4'0101 17'00000010000000101
  transition:     4'1000 8'----1--- ->     4'0000 17'00000010000000000
  transition:     4'0100 8'0---0-0- ->     4'0100 17'00100000000000100
  transition:     4'0100 8'1---0-0- ->     4'0101 17'00100000000000101
  transition:     4'0100 8'----001- ->     4'0100 17'00100000000000100
  transition:     4'0100 8'----011- ->     4'0101 17'00100000000000101
  transition:     4'0100 8'----1--- ->     4'0000 17'00100000000000000
  transition:     4'1100 8'-0--0-0- ->     4'1100 17'00000000001001100
  transition:     4'1100 8'01--0-0- ->     4'1100 17'00000000001001100
  transition:     4'1100 8'11--0-0- ->     4'1001 17'00000000001001001
  transition:     4'1100 8'----001- ->     4'0100 17'00000000001000100
  transition:     4'1100 8'----011- ->     4'0101 17'00000000001000101
  transition:     4'1100 8'----1--- ->     4'0000 17'00000000001000000
  transition:     4'0010 8'0---0-0- ->     4'0010 17'01000000000000010
  transition:     4'0010 8'1---0-0- ->     4'0011 17'01000000000000011
  transition:     4'0010 8'----001- ->     4'0100 17'01000000000000100
  transition:     4'0010 8'----011- ->     4'0101 17'01000000000000101
  transition:     4'0010 8'----1--- ->     4'0000 17'01000000000000000
  transition:     4'1010 8'0---0-0- ->     4'1010 17'00000000100001010
  transition:     4'1010 8'1---0-0- ->     4'1011 17'00000000100001011
  transition:     4'1010 8'----001- ->     4'0100 17'00000000100000100
  transition:     4'1010 8'----011- ->     4'0101 17'00000000100000101
  transition:     4'1010 8'----1--- ->     4'0000 17'00000000100000000
  transition:     4'0110 8'0---0-0- ->     4'0110 17'00001000000000110
  transition:     4'0110 8'1---0-0- ->     4'0111 17'00001000000000111
  transition:     4'0110 8'----001- ->     4'0100 17'00001000000000100
  transition:     4'0110 8'----011- ->     4'0101 17'00001000000000101
  transition:     4'0110 8'----1--- ->     4'0000 17'00001000000000000
  transition:     4'0001 8'----0-00 ->     4'0001 17'00000000000100001
  transition:     4'0001 8'----0-01 ->     4'0010 17'00000000000100010
  transition:     4'0001 8'----001- ->     4'0100 17'00000000000100100
  transition:     4'0001 8'----011- ->     4'0101 17'00000000000100101
  transition:     4'0001 8'----1--- ->     4'0000 17'00000000000100000
  transition:     4'1001 8'0---0-0- ->     4'1001 17'00000001000001001
  transition:     4'1001 8'1---0-0- ->     4'1010 17'00000001000001010
  transition:     4'1001 8'----001- ->     4'0100 17'00000001000000100
  transition:     4'1001 8'----011- ->     4'0101 17'00000001000000101
  transition:     4'1001 8'----1--- ->     4'0000 17'00000001000000000
  transition:     4'0101 8'---00-0- ->     4'0101 17'00010000000000101
  transition:     4'0101 8'0--10-0- ->     4'0101 17'00010000000000101
  transition:     4'0101 8'1--10-0- ->     4'0110 17'00010000000000110
  transition:     4'0101 8'----001- ->     4'0100 17'00010000000000100
  transition:     4'0101 8'----011- ->     4'0101 17'00010000000000101
  transition:     4'0101 8'----1--- ->     4'0000 17'00010000000000000
  transition:     4'0011 8'----0-00 ->     4'0011 17'00000000000010011
  transition:     4'0011 8'----0-01 ->     4'0100 17'00000000000010100
  transition:     4'0011 8'----001- ->     4'0100 17'00000000000010100
  transition:     4'0011 8'----011- ->     4'0101 17'00000000000010101
  transition:     4'0011 8'----1--- ->     4'0000 17'00000000000010000
  transition:     4'1011 8'0---0-0- ->     4'1011 17'00000000010001011
  transition:     4'1011 8'1---0-0- ->     4'1100 17'00000000010001100
  transition:     4'1011 8'----001- ->     4'0100 17'00000000010000100
  transition:     4'1011 8'----011- ->     4'0101 17'00000000010000101
  transition:     4'1011 8'----1--- ->     4'0000 17'00000000010000000
  transition:     4'0111 8'0---0-0- ->     4'0111 17'00000100000000111
  transition:     4'0111 8'1-0-0-0- ->     4'1001 17'00000100000001001
  transition:     4'0111 8'1-1-0-0- ->     4'1000 17'00000100000001000
  transition:     4'0111 8'----001- ->     4'0100 17'00000100000000100
  transition:     4'0111 8'----011- ->     4'0101 17'00000100000000101
  transition:     4'0111 8'----1--- ->     4'0000 17'00000100000000000

7.12.3. Executing FSM_OPT pass (simple optimizations of FSMs).
Optimizing FSM `$fsm$\soc.spimemio.state$5440' from module `\icebreaker'.
Optimizing FSM `$fsm$\soc.cpu.mem_wordsize$5435' from module `\icebreaker'.
Optimizing FSM `$fsm$\soc.cpu.cpu_state$5425' from module `\icebreaker'.
  Merging pattern 26'-10101----------------1--- and 26'-10111----------------1--- from group (0 0 16'1000000100000000).
  Merging pattern 26'-01101----------------1--- and 26'-01111----------------1--- from group (0 0 16'1000000100000000).
  Merging pattern 26'-11101----------------1--- and 26'-11111----------------1--- from group (0 0 16'1000000100000000).
  Merging pattern 26'-10111----------------1--- and 26'-10101----------------1--- from group (0 0 16'1000000100000000).
  Merging pattern 26'-01111----------------1--- and 26'-01101----------------1--- from group (0 0 16'1000000100000000).
  Merging pattern 26'-11111----------------1--- and 26'-11101----------------1--- from group (0 0 16'1000000100000000).
  Merging pattern 26'-101-1----------------1--- and 26'-111-1----------------1--- from group (0 0 16'1000000100000000).
  Merging pattern 26'-111-1----------------1--- and 26'-101-1----------------1--- from group (0 0 16'1000000100000000).
  Merging pattern 26'-1-1-0----------------1--- and 26'-1-1-1----------------1--- from group (0 0 16'1000000100000000).
  Merging pattern 26'-1-1-1----------------1--- and 26'-1-1-0----------------1--- from group (0 0 16'1000000100000000).
  Merging pattern 26'-10101----------------0--- and 26'-10111----------------0--- from group (0 1 16'1000000010000000).
  Merging pattern 26'-01101----------------0--- and 26'-01111----------------0--- from group (0 1 16'1000000010000000).
  Merging pattern 26'-11101----------------0--- and 26'-11111----------------0--- from group (0 1 16'1000000010000000).
  Merging pattern 26'-10111----------------0--- and 26'-10101----------------0--- from group (0 1 16'1000000010000000).
  Merging pattern 26'-01111----------------0--- and 26'-01101----------------0--- from group (0 1 16'1000000010000000).
  Merging pattern 26'-11111----------------0--- and 26'-11101----------------0--- from group (0 1 16'1000000010000000).
  Merging pattern 26'-101-1----------------0--- and 26'-111-1----------------0--- from group (0 1 16'1000000010000000).
  Merging pattern 26'-111-1----------------0--- and 26'-101-1----------------0--- from group (0 1 16'1000000010000000).
  Merging pattern 26'-1-1-0----------------0--- and 26'-1-1-1----------------0--- from group (0 1 16'1000000010000000).
  Merging pattern 26'-1-1-1----------------0--- and 26'-1-1-0----------------0--- from group (0 1 16'1000000010000000).
  Merging pattern 26'-10101----------------0--- and 26'-10111----------------0--- from group (1 1 16'0000000010000001).
  Merging pattern 26'-01101----------------0--- and 26'-01111----------------0--- from group (1 1 16'0000000010000001).
  Merging pattern 26'-11101----------------0--- and 26'-11111----------------0--- from group (1 1 16'0000000010000001).
  Merging pattern 26'-10111----------------0--- and 26'-10101----------------0--- from group (1 1 16'0000000010000001).
  Merging pattern 26'-01111----------------0--- and 26'-01101----------------0--- from group (1 1 16'0000000010000001).
  Merging pattern 26'-11111----------------0--- and 26'-11101----------------0--- from group (1 1 16'0000000010000001).
  Merging pattern 26'-10101------00----1-1-1--- and 26'-10111------00----1-1-1--- from group (1 1 16'0000000010000001).
  Merging pattern 26'-01101------00----1-1-1--- and 26'-01111------00----1-1-1--- from group (1 1 16'0000000010000001).
  Merging pattern 26'-11101------00----1-1-1--- and 26'-11111------00----1-1-1--- from group (1 1 16'0000000010000001).
  Merging pattern 26'-10111------00----1-1-1--- and 26'-10101------00----1-1-1--- from group (1 1 16'0000000010000001).
  Merging pattern 26'-01111------00----1-1-1--- and 26'-01101------00----1-1-1--- from group (1 1 16'0000000010000001).
  Merging pattern 26'-11111------00----1-1-1--- and 26'-11101------00----1-1-1--- from group (1 1 16'0000000010000001).
  Merging pattern 26'-10101------00----0---1--- and 26'-10111------00----0---1--- from group (1 1 16'0000000010000001).
  Merging pattern 26'-01101------00----0---1--- and 26'-01111------00----0---1--- from group (1 1 16'0000000010000001).
  Merging pattern 26'-11101------00----0---1--- and 26'-11111------00----0---1--- from group (1 1 16'0000000010000001).
  Merging pattern 26'-10111------00----0---1--- and 26'-10101------00----0---1--- from group (1 1 16'0000000010000001).
  Merging pattern 26'-01111------00----0---1--- and 26'-01101------00----0---1--- from group (1 1 16'0000000010000001).
  Merging pattern 26'-11111------00----0---1--- and 26'-11101------00----0---1--- from group (1 1 16'0000000010000001).
  Merging pattern 26'-10101------10--------1--- and 26'-10111------10--------1--- from group (1 1 16'0000000010000001).
  Merging pattern 26'-01101------10--------1--- and 26'-01111------10--------1--- from group (1 1 16'0000000010000001).
  Merging pattern 26'-11101------10--------1--- and 26'-11111------10--------1--- from group (1 1 16'0000000010000001).
  Merging pattern 26'-10111------10--------1--- and 26'-10101------10--------1--- from group (1 1 16'0000000010000001).
  Merging pattern 26'-01111------10--------1--- and 26'-01101------10--------1--- from group (1 1 16'0000000010000001).
  Merging pattern 26'-11111------10--------1--- and 26'-11101------10--------1--- from group (1 1 16'0000000010000001).
  Merging pattern 26'-10101-------1--------1--- and 26'-10111-------1--------1--- from group (1 1 16'0000000010000001).
  Merging pattern 26'-01101-------1--------1--- and 26'-01111-------1--------1--- from group (1 1 16'0000000010000001).
  Merging pattern 26'-11101-------1--------1--- and 26'-11111-------1--------1--- from group (1 1 16'0000000010000001).
  Merging pattern 26'-10111-------1--------1--- and 26'-10101-------1--------1--- from group (1 1 16'0000000010000001).
  Merging pattern 26'-01111-------1--------1--- and 26'-01101-------1--------1--- from group (1 1 16'0000000010000001).
  Merging pattern 26'-11111-------1--------1--- and 26'-11101-------1--------1--- from group (1 1 16'0000000010000001).
  Merging pattern 26'-101-1----------------0--- and 26'-111-1----------------0--- from group (1 1 16'0000000010000001).
  Merging pattern 26'-111-1----------------0--- and 26'-101-1----------------0--- from group (1 1 16'0000000010000001).
  Merging pattern 26'-101-1------00----1-1-1--- and 26'-111-1------00----1-1-1--- from group (1 1 16'0000000010000001).
  Merging pattern 26'-111-1------00----1-1-1--- and 26'-101-1------00----1-1-1--- from group (1 1 16'0000000010000001).
  Merging pattern 26'-101-1------00----0---1--- and 26'-111-1------00----0---1--- from group (1 1 16'0000000010000001).
  Merging pattern 26'-111-1------00----0---1--- and 26'-101-1------00----0---1--- from group (1 1 16'0000000010000001).
  Merging pattern 26'-101-1------10--------1--- and 26'-111-1------10--------1--- from group (1 1 16'0000000010000001).
  Merging pattern 26'-111-1------10--------1--- and 26'-101-1------10--------1--- from group (1 1 16'0000000010000001).
  Merging pattern 26'-101-1-------1--------1--- and 26'-111-1-------1--------1--- from group (1 1 16'0000000010000001).
  Merging pattern 26'-111-1-------1--------1--- and 26'-101-1-------1--------1--- from group (1 1 16'0000000010000001).
  Merging pattern 26'-1-1-0----------------0--- and 26'-1-1-1----------------0--- from group (1 1 16'0000000010000001).
  Merging pattern 26'-1-1-1----------------0--- and 26'-1-1-0----------------0--- from group (1 1 16'0000000010000001).
  Merging pattern 26'-1-1-0------00----1-1-1--- and 26'-1-1-1------00----1-1-1--- from group (1 1 16'0000000010000001).
  Merging pattern 26'-1-1-1------00----1-1-1--- and 26'-1-1-0------00----1-1-1--- from group (1 1 16'0000000010000001).
  Merging pattern 26'-1-1-0------00----0---1--- and 26'-1-1-1------00----0---1--- from group (1 1 16'0000000010000001).
  Merging pattern 26'-1-1-1------00----0---1--- and 26'-1-1-0------00----0---1--- from group (1 1 16'0000000010000001).
  Merging pattern 26'-1-1-0------10--------1--- and 26'-1-1-1------10--------1--- from group (1 1 16'0000000010000001).
  Merging pattern 26'-1-1-1------10--------1--- and 26'-1-1-0------10--------1--- from group (1 1 16'0000000010000001).
  Merging pattern 26'-1-1-0-------1--------1--- and 26'-1-1-1-------1--------1--- from group (1 1 16'0000000010000001).
  Merging pattern 26'-1-1-1-------1--------1--- and 26'-1-1-0-------1--------1--- from group (1 1 16'0000000010000001).
  Merging pattern 26'-10101------00----1-0-1--- and 26'-10111------00----1-0-1--- from group (1 2 16'0000000001000001).
  Merging pattern 26'-01101------00----1-0-1--- and 26'-01111------00----1-0-1--- from group (1 2 16'0000000001000001).
  Merging pattern 26'-11101------00----1-0-1--- and 26'-11111------00----1-0-1--- from group (1 2 16'0000000001000001).
  Merging pattern 26'-10111------00----1-0-1--- and 26'-10101------00----1-0-1--- from group (1 2 16'0000000001000001).
  Merging pattern 26'-01111------00----1-0-1--- and 26'-01101------00----1-0-1--- from group (1 2 16'0000000001000001).
  Merging pattern 26'-11111------00----1-0-1--- and 26'-11101------00----1-0-1--- from group (1 2 16'0000000001000001).
  Merging pattern 26'-101-1------00----1-0-1--- and 26'-111-1------00----1-0-1--- from group (1 2 16'0000000001000001).
  Merging pattern 26'-111-1------00----1-0-1--- and 26'-101-1------00----1-0-1--- from group (1 2 16'0000000001000001).
  Merging pattern 26'-1-1-0------00----1-0-1--- and 26'-1-1-1------00----1-0-1--- from group (1 2 16'0000000001000001).
  Merging pattern 26'-1-1-1------00----1-0-1--- and 26'-1-1-0------00----1-0-1--- from group (1 2 16'0000000001000001).
  Merging pattern 26'010101----01-------1--1--- and 26'010111----01-------1--1--- from group (2 0 16'0100000100000000).
  Merging pattern 26'001101----01-------1--1--- and 26'001111----01-------1--1--- from group (2 0 16'0100000100000000).
  Merging pattern 26'011101----01-------1--1--- and 26'011111----01-------1--1--- from group (2 0 16'0100000100000000).
  Merging pattern 26'010111----01-------1--1--- and 26'010101----01-------1--1--- from group (2 0 16'0100000100000000).
  Merging pattern 26'001111----01-------1--1--- and 26'001101----01-------1--1--- from group (2 0 16'0100000100000000).
  Merging pattern 26'011111----01-------1--1--- and 26'011101----01-------1--1--- from group (2 0 16'0100000100000000).
  Merging pattern 26'0101-1----01-------1--1--- and 26'0111-1----01-------1--1--- from group (2 0 16'0100000100000000).
  Merging pattern 26'0111-1----01-------1--1--- and 26'0101-1----01-------1--1--- from group (2 0 16'0100000100000000).
  Merging pattern 26'01-1-0----01-------1--1--- and 26'01-1-1----01-------1--1--- from group (2 0 16'0100000100000000).
  Merging pattern 26'01-1-1----01-------1--1--- and 26'01-1-0----01-------1--1--- from group (2 0 16'0100000100000000).
  Merging pattern 26'-10101----------------1-1- and 26'-10111----------------1-1- from group (2 1 16'0100000010000000).
  Merging pattern 26'-01101----------------1-1- and 26'-01111----------------1-1- from group (2 1 16'0100000010000000).
  Merging pattern 26'-11101----------------1-1- and 26'-11111----------------1-1- from group (2 1 16'0100000010000000).
  Merging pattern 26'-10111----------------1-1- and 26'-10101----------------1-1- from group (2 1 16'0100000010000000).
  Merging pattern 26'-01111----------------1-1- and 26'-01101----------------1-1- from group (2 1 16'0100000010000000).
  Merging pattern 26'-11111----------------1-1- and 26'-11101----------------1-1- from group (2 1 16'0100000010000000).
  Merging pattern 26'-10101----------------0--- and 26'-10111----------------0--- from group (2 1 16'0100000010000000).
  Merging pattern 26'-01101----------------0--- and 26'-01111----------------0--- from group (2 1 16'0100000010000000).
  Merging pattern 26'-11101----------------0--- and 26'-11111----------------0--- from group (2 1 16'0100000010000000).
  Merging pattern 26'-10111----------------0--- and 26'-10101----------------0--- from group (2 1 16'0100000010000000).
  Merging pattern 26'-01111----------------0--- and 26'-01101----------------0--- from group (2 1 16'0100000010000000).
  Merging pattern 26'-11111----------------0--- and 26'-11101----------------0--- from group (2 1 16'0100000010000000).
  Merging pattern 26'010101----11-------1--1--- and 26'010111----11-------1--1--- from group (2 1 16'0100000010000000).
  Merging pattern 26'001101----11-------1--1--- and 26'001111----11-------1--1--- from group (2 1 16'0100000010000000).
  Merging pattern 26'011101----11-------1--1--- and 26'011111----11-------1--1--- from group (2 1 16'0100000010000000).
  Merging pattern 26'010111----11-------1--1--- and 26'010101----11-------1--1--- from group (2 1 16'0100000010000000).
  Merging pattern 26'001111----11-------1--1--- and 26'001101----11-------1--1--- from group (2 1 16'0100000010000000).
  Merging pattern 26'011111----11-------1--1--- and 26'011101----11-------1--1--- from group (2 1 16'0100000010000000).
  Merging pattern 26'110101-------------1--1--- and 26'110111-------------1--1--- from group (2 1 16'0100000010000000).
  Merging pattern 26'101101-------------1--1--- and 26'101111-------------1--1--- from group (2 1 16'0100000010000000).
  Merging pattern 26'111101-------------1--1--- and 26'111111-------------1--1--- from group (2 1 16'0100000010000000).
  Merging pattern 26'110111-------------1--1--- and 26'110101-------------1--1--- from group (2 1 16'0100000010000000).
  Merging pattern 26'101111-------------1--1--- and 26'101101-------------1--1--- from group (2 1 16'0100000010000000).
  Merging pattern 26'111111-------------1--1--- and 26'111101-------------1--1--- from group (2 1 16'0100000010000000).
  Merging pattern 26'-101-1----------------1-1- and 26'-111-1----------------1-1- from group (2 1 16'0100000010000000).
  Merging pattern 26'-111-1----------------1-1- and 26'-101-1----------------1-1- from group (2 1 16'0100000010000000).
  Merging pattern 26'-101-1----------------0--- and 26'-111-1----------------0--- from group (2 1 16'0100000010000000).
  Merging pattern 26'-111-1----------------0--- and 26'-101-1----------------0--- from group (2 1 16'0100000010000000).
  Merging pattern 26'0101-1----11-------1--1--- and 26'0111-1----11-------1--1--- from group (2 1 16'0100000010000000).
  Merging pattern 26'0111-1----11-------1--1--- and 26'0101-1----11-------1--1--- from group (2 1 16'0100000010000000).
  Merging pattern 26'1101-1-------------1--1--- and 26'1111-1-------------1--1--- from group (2 1 16'0100000010000000).
  Merging pattern 26'1111-1-------------1--1--- and 26'1101-1-------------1--1--- from group (2 1 16'0100000010000000).
  Merging pattern 26'-1-1-0----------------1-1- and 26'-1-1-1----------------1-1- from group (2 1 16'0100000010000000).
  Merging pattern 26'-1-1-1----------------1-1- and 26'-1-1-0----------------1-1- from group (2 1 16'0100000010000000).
  Merging pattern 26'-1-1-0----------------0--- and 26'-1-1-1----------------0--- from group (2 1 16'0100000010000000).
  Merging pattern 26'-1-1-1----------------0--- and 26'-1-1-0----------------0--- from group (2 1 16'0100000010000000).
  Merging pattern 26'01-1-0----11-------1--1--- and 26'01-1-1----11-------1--1--- from group (2 1 16'0100000010000000).
  Merging pattern 26'01-1-1----11-------1--1--- and 26'01-1-0----11-------1--1--- from group (2 1 16'0100000010000000).
  Merging pattern 26'11-1-0-------------1--1--- and 26'11-1-1-------------1--1--- from group (2 1 16'0100000010000000).
  Merging pattern 26'11-1-1-------------1--1--- and 26'11-1-0-------------1--1--- from group (2 1 16'0100000010000000).
  Merging pattern 26'010101-----0-------1--1--- and 26'010111-----0-------1--1--- from group (2 2 16'0100000001000000).
  Merging pattern 26'001101-----0-------1--1--- and 26'001111-----0-------1--1--- from group (2 2 16'0100000001000000).
  Merging pattern 26'011101-----0-------1--1--- and 26'011111-----0-------1--1--- from group (2 2 16'0100000001000000).
  Merging pattern 26'010111-----0-------1--1--- and 26'010101-----0-------1--1--- from group (2 2 16'0100000001000000).
  Merging pattern 26'001111-----0-------1--1--- and 26'001101-----0-------1--1--- from group (2 2 16'0100000001000000).
  Merging pattern 26'011111-----0-------1--1--- and 26'011101-----0-------1--1--- from group (2 2 16'0100000001000000).
  Merging pattern 26'0101-1-----0-------1--1--- and 26'0111-1-----0-------1--1--- from group (2 2 16'0100000001000000).
  Merging pattern 26'0111-1-----0-------1--1--- and 26'0101-1-----0-------1--1--- from group (2 2 16'0100000001000000).
  Merging pattern 26'01-1-0-----0-------1--1--- and 26'01-1-1-----0-------1--1--- from group (2 2 16'0100000001000000).
  Merging pattern 26'01-1-1-----0-------1--1--- and 26'01-1-0-----0-------1--1--- from group (2 2 16'0100000001000000).
  Merging pattern 26'-10101---0-----000-0--100- and 26'-10111---0-----000-0--100- from group (2 3 16'0100000000010000).
  Merging pattern 26'-01101---0-----000-0--100- and 26'-01111---0-----000-0--100- from group (2 3 16'0100000000010000).
  Merging pattern 26'-11101---0-----000-0--100- and 26'-11111---0-----000-0--100- from group (2 3 16'0100000000010000).
  Merging pattern 26'-10111---0-----000-0--100- and 26'-10101---0-----000-0--100- from group (2 3 16'0100000000010000).
  Merging pattern 26'-01111---0-----000-0--100- and 26'-01101---0-----000-0--100- from group (2 3 16'0100000000010000).
  Merging pattern 26'-11111---0-----000-0--100- and 26'-11101---0-----000-0--100- from group (2 3 16'0100000000010000).
  Merging pattern 26'-10101----------------11-- and 26'-10111----------------11-- from group (2 3 16'0100000000010000).
  Merging pattern 26'-01101----------------11-- and 26'-01111----------------11-- from group (2 3 16'0100000000010000).
  Merging pattern 26'-11101----------------11-- and 26'-11111----------------11-- from group (2 3 16'0100000000010000).
  Merging pattern 26'-10111----------------11-- and 26'-10101----------------11-- from group (2 3 16'0100000000010000).
  Merging pattern 26'-01111----------------11-- and 26'-01101----------------11-- from group (2 3 16'0100000000010000).
  Merging pattern 26'-11111----------------11-- and 26'-11101----------------11-- from group (2 3 16'0100000000010000).
  Merging pattern 26'-101-1---0-----000-0--100- and 26'-111-1---0-----000-0--100- from group (2 3 16'0100000000010000).
  Merging pattern 26'-111-1---0-----000-0--100- and 26'-101-1---0-----000-0--100- from group (2 3 16'0100000000010000).
  Merging pattern 26'-101-1----------------11-- and 26'-111-1----------------11-- from group (2 3 16'0100000000010000).
  Merging pattern 26'-111-1----------------11-- and 26'-101-1----------------11-- from group (2 3 16'0100000000010000).
  Merging pattern 26'-1-1-0---0-----000-0--100- and 26'-1-1-1---0-----000-0--100- from group (2 3 16'0100000000010000).
  Merging pattern 26'-1-1-1---0-----000-0--100- and 26'-1-1-0---0-----000-0--100- from group (2 3 16'0100000000010000).
  Merging pattern 26'-1-1-0----------------11-- and 26'-1-1-1----------------11-- from group (2 3 16'0100000000010000).
  Merging pattern 26'-1-1-1----------------11-- and 26'-1-1-0----------------11-- from group (2 3 16'0100000000010000).
  Merging pattern 26'-10101---0-----1-0----100- and 26'-10111---0-----1-0----100- from group (2 4 16'0100000000001000).
  Merging pattern 26'-01101---0-----1-0----100- and 26'-01111---0-----1-0----100- from group (2 4 16'0100000000001000).
  Merging pattern 26'-11101---0-----1-0----100- and 26'-11111---0-----1-0----100- from group (2 4 16'0100000000001000).
  Merging pattern 26'-10111---0-----1-0----100- and 26'-10101---0-----1-0----100- from group (2 4 16'0100000000001000).
  Merging pattern 26'-01111---0-----1-0----100- and 26'-01101---0-----1-0----100- from group (2 4 16'0100000000001000).
  Merging pattern 26'-11111---0-----1-0----100- and 26'-11101---0-----1-0----100- from group (2 4 16'0100000000001000).
  Merging pattern 26'-10101-----------1----1--- and 26'-10111-----------1----1--- from group (2 4 16'0100000000001000).
  Merging pattern 26'-01101-----------1----1--- and 26'-01111-----------1----1--- from group (2 4 16'0100000000001000).
  Merging pattern 26'-11101-----------1----1--- and 26'-11111-----------1----1--- from group (2 4 16'0100000000001000).
  Merging pattern 26'-10111-----------1----1--- and 26'-10101-----------1----1--- from group (2 4 16'0100000000001000).
  Merging pattern 26'-01111-----------1----1--- and 26'-01101-----------1----1--- from group (2 4 16'0100000000001000).
  Merging pattern 26'-11111-----------1----1--- and 26'-11101-----------1----1--- from group (2 4 16'0100000000001000).
  Merging pattern 26'-101-1---0-----1-0----100- and 26'-111-1---0-----1-0----100- from group (2 4 16'0100000000001000).
  Merging pattern 26'-111-1---0-----1-0----100- and 26'-101-1---0-----1-0----100- from group (2 4 16'0100000000001000).
  Merging pattern 26'-101-1-----------1----1--- and 26'-111-1-----------1----1--- from group (2 4 16'0100000000001000).
  Merging pattern 26'-111-1-----------1----1--- and 26'-101-1-----------1----1--- from group (2 4 16'0100000000001000).
  Merging pattern 26'-1-1-0---0-----1-0----100- and 26'-1-1-1---0-----1-0----100- from group (2 4 16'0100000000001000).
  Merging pattern 26'-1-1-1---0-----1-0----100- and 26'-1-1-0---0-----1-0----100- from group (2 4 16'0100000000001000).
  Merging pattern 26'-1-1-0-----------1----1--- and 26'-1-1-1-----------1----1--- from group (2 4 16'0100000000001000).
  Merging pattern 26'-1-1-1-----------1----1--- and 26'-1-1-0-----------1----1--- from group (2 4 16'0100000000001000).
  Merging pattern 26'-10101---0------10----100- and 26'-10111---0------10----100- from group (2 5 16'0100000000000100).
  Merging pattern 26'-01101---0------10----100- and 26'-01111---0------10----100- from group (2 5 16'0100000000000100).
  Merging pattern 26'-11101---0------10----100- and 26'-11111---0------10----100- from group (2 5 16'0100000000000100).
  Merging pattern 26'-10111---0------10----100- and 26'-10101---0------10----100- from group (2 5 16'0100000000000100).
  Merging pattern 26'-01111---0------10----100- and 26'-01101---0------10----100- from group (2 5 16'0100000000000100).
  Merging pattern 26'-11111---0------10----100- and 26'-11101---0------10----100- from group (2 5 16'0100000000000100).
  Merging pattern 26'-101-1---0------10----100- and 26'-111-1---0------10----100- from group (2 5 16'0100000000000100).
  Merging pattern 26'-111-1---0------10----100- and 26'-101-1---0------10----100- from group (2 5 16'0100000000000100).
  Merging pattern 26'-1-1-0---0------10----100- and 26'-1-1-1---0------10----100- from group (2 5 16'0100000000000100).
  Merging pattern 26'-1-1-1---0------10----100- and 26'-1-1-0---0------10----100- from group (2 5 16'0100000000000100).
  Merging pattern 26'-10101---1------------1--- and 26'-10111---1------------1--- from group (2 6 16'0100000000000010).
  Merging pattern 26'-01101---1------------1--- and 26'-01111---1------------1--- from group (2 6 16'0100000000000010).
  Merging pattern 26'-11101---1------------1--- and 26'-11111---1------------1--- from group (2 6 16'0100000000000010).
  Merging pattern 26'-10111---1------------1--- and 26'-10101---1------------1--- from group (2 6 16'0100000000000010).
  Merging pattern 26'-01111---1------------1--- and 26'-01101---1------------1--- from group (2 6 16'0100000000000010).
  Merging pattern 26'-11111---1------------1--- and 26'-11101---1------------1--- from group (2 6 16'0100000000000010).
  Merging pattern 26'-101-1---1------------1--- and 26'-111-1---1------------1--- from group (2 6 16'0100000000000010).
  Merging pattern 26'-111-1---1------------1--- and 26'-101-1---1------------1--- from group (2 6 16'0100000000000010).
  Merging pattern 26'-1-1-0---1------------1--- and 26'-1-1-1---1------------1--- from group (2 6 16'0100000000000010).
  Merging pattern 26'-1-1-1---1------------1--- and 26'-1-1-0---1------------1--- from group (2 6 16'0100000000000010).
  Merging pattern 26'-10101----------------0--- and 26'-10111----------------0--- from group (3 1 16'0001000010000000).
  Merging pattern 26'-01101----------------0--- and 26'-01111----------------0--- from group (3 1 16'0001000010000000).
  Merging pattern 26'-11101----------------0--- and 26'-11111----------------0--- from group (3 1 16'0001000010000000).
  Merging pattern 26'-10111----------------0--- and 26'-10101----------------0--- from group (3 1 16'0001000010000000).
  Merging pattern 26'-01111----------------0--- and 26'-01101----------------0--- from group (3 1 16'0001000010000000).
  Merging pattern 26'-11111----------------0--- and 26'-11101----------------0--- from group (3 1 16'0001000010000000).
  Merging pattern 26'-10101--------1------11--- and 26'-10111--------1------11--- from group (3 1 16'0001000010000000).
  Merging pattern 26'-01101--------1------11--- and 26'-01111--------1------11--- from group (3 1 16'0001000010000000).
  Merging pattern 26'-11101--------1------11--- and 26'-11111--------1------11--- from group (3 1 16'0001000010000000).
  Merging pattern 26'-10111--------1------11--- and 26'-10101--------1------11--- from group (3 1 16'0001000010000000).
  Merging pattern 26'-01111--------1------11--- and 26'-01101--------1------11--- from group (3 1 16'0001000010000000).
  Merging pattern 26'-11111--------1------11--- and 26'-11101--------1------11--- from group (3 1 16'0001000010000000).
  Merging pattern 26'-10101--------0-------1--- and 26'-10111--------0-------1--- from group (3 1 16'0001000010000000).
  Merging pattern 26'-01101--------0-------1--- and 26'-01111--------0-------1--- from group (3 1 16'0001000010000000).
  Merging pattern 26'-11101--------0-------1--- and 26'-11111--------0-------1--- from group (3 1 16'0001000010000000).
  Merging pattern 26'-10111--------0-------1--- and 26'-10101--------0-------1--- from group (3 1 16'0001000010000000).
  Merging pattern 26'-01111--------0-------1--- and 26'-01101--------0-------1--- from group (3 1 16'0001000010000000).
  Merging pattern 26'-11111--------0-------1--- and 26'-11101--------0-------1--- from group (3 1 16'0001000010000000).
  Merging pattern 26'-101-1----------------0--- and 26'-111-1----------------0--- from group (3 1 16'0001000010000000).
  Merging pattern 26'-111-1----------------0--- and 26'-101-1----------------0--- from group (3 1 16'0001000010000000).
  Merging pattern 26'-101-1--------1------11--- and 26'-111-1--------1------11--- from group (3 1 16'0001000010000000).
  Merging pattern 26'-111-1--------1------11--- and 26'-101-1--------1------11--- from group (3 1 16'0001000010000000).
  Merging pattern 26'-101-1--------0-------1--- and 26'-111-1--------0-------1--- from group (3 1 16'0001000010000000).
  Merging pattern 26'-111-1--------0-------1--- and 26'-101-1--------0-------1--- from group (3 1 16'0001000010000000).
  Merging pattern 26'-1-1-0----------------0--- and 26'-1-1-1----------------0--- from group (3 1 16'0001000010000000).
  Merging pattern 26'-1-1-1----------------0--- and 26'-1-1-0----------------0--- from group (3 1 16'0001000010000000).
  Merging pattern 26'-1-1-0--------1------11--- and 26'-1-1-1--------1------11--- from group (3 1 16'0001000010000000).
  Merging pattern 26'-1-1-1--------1------11--- and 26'-1-1-0--------1------11--- from group (3 1 16'0001000010000000).
  Merging pattern 26'-1-1-0--------0-------1--- and 26'-1-1-1--------0-------1--- from group (3 1 16'0001000010000000).
  Merging pattern 26'-1-1-1--------0-------1--- and 26'-1-1-0--------0-------1--- from group (3 1 16'0001000010000000).
  Merging pattern 26'-10101--------1------01--- and 26'-10111--------1------01--- from group (3 3 16'0001000000010000).
  Merging pattern 26'-01101--------1------01--- and 26'-01111--------1------01--- from group (3 3 16'0001000000010000).
  Merging pattern 26'-11101--------1------01--- and 26'-11111--------1------01--- from group (3 3 16'0001000000010000).
  Merging pattern 26'-10111--------1------01--- and 26'-10101--------1------01--- from group (3 3 16'0001000000010000).
  Merging pattern 26'-01111--------1------01--- and 26'-01101--------1------01--- from group (3 3 16'0001000000010000).
  Merging pattern 26'-11111--------1------01--- and 26'-11101--------1------01--- from group (3 3 16'0001000000010000).
  Merging pattern 26'-101-1--------1------01--- and 26'-111-1--------1------01--- from group (3 3 16'0001000000010000).
  Merging pattern 26'-111-1--------1------01--- and 26'-101-1--------1------01--- from group (3 3 16'0001000000010000).
  Merging pattern 26'-1-1-0--------1------01--- and 26'-1-1-1--------1------01--- from group (3 3 16'0001000000010000).
  Merging pattern 26'-1-1-1--------1------01--- and 26'-1-1-0--------1------01--- from group (3 3 16'0001000000010000).
  Merging pattern 26'-10101----------------0--- and 26'-10111----------------0--- from group (4 1 16'0000100010000000).
  Merging pattern 26'-01101----------------0--- and 26'-01111----------------0--- from group (4 1 16'0000100010000000).
  Merging pattern 26'-11101----------------0--- and 26'-11111----------------0--- from group (4 1 16'0000100010000000).
  Merging pattern 26'-10111----------------0--- and 26'-10101----------------0--- from group (4 1 16'0000100010000000).
  Merging pattern 26'-01111----------------0--- and 26'-01101----------------0--- from group (4 1 16'0000100010000000).
  Merging pattern 26'-11111----------------0--- and 26'-11101----------------0--- from group (4 1 16'0000100010000000).
  Merging pattern 26'-10101--1-------------1--- and 26'-10111--1-------------1--- from group (4 1 16'0000100010000000).
  Merging pattern 26'-01101--1-------------1--- and 26'-01111--1-------------1--- from group (4 1 16'0000100010000000).
  Merging pattern 26'-11101--1-------------1--- and 26'-11111--1-------------1--- from group (4 1 16'0000100010000000).
  Merging pattern 26'-10111--1-------------1--- and 26'-10101--1-------------1--- from group (4 1 16'0000100010000000).
  Merging pattern 26'-01111--1-------------1--- and 26'-01101--1-------------1--- from group (4 1 16'0000100010000000).
  Merging pattern 26'-11111--1-------------1--- and 26'-11101--1-------------1--- from group (4 1 16'0000100010000000).
  Merging pattern 26'-101-1----------------0--- and 26'-111-1----------------0--- from group (4 1 16'0000100010000000).
  Merging pattern 26'-111-1----------------0--- and 26'-101-1----------------0--- from group (4 1 16'0000100010000000).
  Merging pattern 26'-101-1--1-------------1--- and 26'-111-1--1-------------1--- from group (4 1 16'0000100010000000).
  Merging pattern 26'-111-1--1-------------1--- and 26'-101-1--1-------------1--- from group (4 1 16'0000100010000000).
  Merging pattern 26'-1-1-0----------------0--- and 26'-1-1-1----------------0--- from group (4 1 16'0000100010000000).
  Merging pattern 26'-1-1-1----------------0--- and 26'-1-1-0----------------0--- from group (4 1 16'0000100010000000).
  Merging pattern 26'-1-1-0--1-------------1--- and 26'-1-1-1--1-------------1--- from group (4 1 16'0000100010000000).
  Merging pattern 26'-1-1-1--1-------------1--- and 26'-1-1-0--1-------------1--- from group (4 1 16'0000100010000000).
  Merging pattern 26'-10101--0-------------1--- and 26'-10111--0-------------1--- from group (4 4 16'0000100000001000).
  Merging pattern 26'-01101--0-------------1--- and 26'-01111--0-------------1--- from group (4 4 16'0000100000001000).
  Merging pattern 26'-11101--0-------------1--- and 26'-11111--0-------------1--- from group (4 4 16'0000100000001000).
  Merging pattern 26'-10111--0-------------1--- and 26'-10101--0-------------1--- from group (4 4 16'0000100000001000).
  Merging pattern 26'-01111--0-------------1--- and 26'-01101--0-------------1--- from group (4 4 16'0000100000001000).
  Merging pattern 26'-11111--0-------------1--- and 26'-11101--0-------------1--- from group (4 4 16'0000100000001000).
  Merging pattern 26'-101-1--0-------------1--- and 26'-111-1--0-------------1--- from group (4 4 16'0000100000001000).
  Merging pattern 26'-111-1--0-------------1--- and 26'-101-1--0-------------1--- from group (4 4 16'0000100000001000).
  Merging pattern 26'-1-1-0--0-------------1--- and 26'-1-1-1--0-------------1--- from group (4 4 16'0000100000001000).
  Merging pattern 26'-1-1-1--0-------------1--- and 26'-1-1-0--0-------------1--- from group (4 4 16'0000100000001000).
  Merging pattern 26'-10101----------------0--- and 26'-10111----------------0--- from group (5 1 16'0000010010000000).
  Merging pattern 26'-01101----------------0--- and 26'-01111----------------0--- from group (5 1 16'0000010010000000).
  Merging pattern 26'-11101----------------0--- and 26'-11111----------------0--- from group (5 1 16'0000010010000000).
  Merging pattern 26'-10111----------------0--- and 26'-10101----------------0--- from group (5 1 16'0000010010000000).
  Merging pattern 26'-01111----------------0--- and 26'-01101----------------0--- from group (5 1 16'0000010010000000).
  Merging pattern 26'-11111----------------0--- and 26'-11101----------------0--- from group (5 1 16'0000010010000000).
  Merging pattern 26'-1010111--------------1--- and 26'-1011111--------------1--- from group (5 1 16'0000010010000000).
  Merging pattern 26'-0110111--------------1--- and 26'-0111111--------------1--- from group (5 1 16'0000010010000000).
  Merging pattern 26'-1110111--------------1--- and 26'-1111111--------------1--- from group (5 1 16'0000010010000000).
  Merging pattern 26'-1011111--------------1--- and 26'-1010111--------------1--- from group (5 1 16'0000010010000000).
  Merging pattern 26'-0111111--------------1--- and 26'-0110111--------------1--- from group (5 1 16'0000010010000000).
  Merging pattern 26'-1111111--------------1--- and 26'-1110111--------------1--- from group (5 1 16'0000010010000000).
  Merging pattern 26'-101-1----------------0--- and 26'-111-1----------------0--- from group (5 1 16'0000010010000000).
  Merging pattern 26'-111-1----------------0--- and 26'-101-1----------------0--- from group (5 1 16'0000010010000000).
  Merging pattern 26'-101-111--------------1--- and 26'-111-111--------------1--- from group (5 1 16'0000010010000000).
  Merging pattern 26'-111-111--------------1--- and 26'-101-111--------------1--- from group (5 1 16'0000010010000000).
  Merging pattern 26'-1-1-0----------------0--- and 26'-1-1-1----------------0--- from group (5 1 16'0000010010000000).
  Merging pattern 26'-1-1-1----------------0--- and 26'-1-1-0----------------0--- from group (5 1 16'0000010010000000).
  Merging pattern 26'-1-1-011--------------1--- and 26'-1-1-111--------------1--- from group (5 1 16'0000010010000000).
  Merging pattern 26'-1-1-111--------------1--- and 26'-1-1-011--------------1--- from group (5 1 16'0000010010000000).
  Merging pattern 26'-10101-0--------------1--- and 26'-10111-0--------------1--- from group (5 5 16'0000010000000100).
  Merging pattern 26'-01101-0--------------1--- and 26'-01111-0--------------1--- from group (5 5 16'0000010000000100).
  Merging pattern 26'-11101-0--------------1--- and 26'-11111-0--------------1--- from group (5 5 16'0000010000000100).
  Merging pattern 26'-10111-0--------------1--- and 26'-10101-0--------------1--- from group (5 5 16'0000010000000100).
  Merging pattern 26'-01111-0--------------1--- and 26'-01101-0--------------1--- from group (5 5 16'0000010000000100).
  Merging pattern 26'-11111-0--------------1--- and 26'-11101-0--------------1--- from group (5 5 16'0000010000000100).
  Merging pattern 26'-1010101--------------1--- and 26'-1011101--------------1--- from group (5 5 16'0000010000000100).
  Merging pattern 26'-0110101--------------1--- and 26'-0111101--------------1--- from group (5 5 16'0000010000000100).
  Merging pattern 26'-1110101--------------1--- and 26'-1111101--------------1--- from group (5 5 16'0000010000000100).
  Merging pattern 26'-1011101--------------1--- and 26'-1010101--------------1--- from group (5 5 16'0000010000000100).
  Merging pattern 26'-0111101--------------1--- and 26'-0110101--------------1--- from group (5 5 16'0000010000000100).
  Merging pattern 26'-1111101--------------1--- and 26'-1110101--------------1--- from group (5 5 16'0000010000000100).
  Merging pattern 26'-101-1-0--------------1--- and 26'-111-1-0--------------1--- from group (5 5 16'0000010000000100).
  Merging pattern 26'-111-1-0--------------1--- and 26'-101-1-0--------------1--- from group (5 5 16'0000010000000100).
  Merging pattern 26'-101-101--------------1--- and 26'-111-101--------------1--- from group (5 5 16'0000010000000100).
  Merging pattern 26'-111-101--------------1--- and 26'-101-101--------------1--- from group (5 5 16'0000010000000100).
  Merging pattern 26'-1-1-0-0--------------1--- and 26'-1-1-1-0--------------1--- from group (5 5 16'0000010000000100).
  Merging pattern 26'-1-1-1-0--------------1--- and 26'-1-1-0-0--------------1--- from group (5 5 16'0000010000000100).
  Merging pattern 26'-1-1-001--------------1--- and 26'-1-1-101--------------1--- from group (5 5 16'0000010000000100).
  Merging pattern 26'-1-1-101--------------1--- and 26'-1-1-001--------------1--- from group (5 5 16'0000010000000100).
  Merging pattern 26'-10101----------------0--- and 26'-10111----------------0--- from group (6 1 16'0000001010000000).
  Merging pattern 26'-01101----------------0--- and 26'-01111----------------0--- from group (6 1 16'0000001010000000).
  Merging pattern 26'-11101----------------0--- and 26'-11111----------------0--- from group (6 1 16'0000001010000000).
  Merging pattern 26'-10111----------------0--- and 26'-10101----------------0--- from group (6 1 16'0000001010000000).
  Merging pattern 26'-01111----------------0--- and 26'-01101----------------0--- from group (6 1 16'0000001010000000).
  Merging pattern 26'-11111----------------0--- and 26'-11101----------------0--- from group (6 1 16'0000001010000000).
  Merging pattern 26'-1010111--------------1--- and 26'-1011111--------------1--- from group (6 1 16'0000001010000000).
  Merging pattern 26'-0110111--------------1--- and 26'-0111111--------------1--- from group (6 1 16'0000001010000000).
  Merging pattern 26'-1110111--------------1--- and 26'-1111111--------------1--- from group (6 1 16'0000001010000000).
  Merging pattern 26'-1011111--------------1--- and 26'-1010111--------------1--- from group (6 1 16'0000001010000000).
  Merging pattern 26'-0111111--------------1--- and 26'-0110111--------------1--- from group (6 1 16'0000001010000000).
  Merging pattern 26'-1111111--------------1--- and 26'-1110111--------------1--- from group (6 1 16'0000001010000000).
  Merging pattern 26'-101-1----------------0--- and 26'-111-1----------------0--- from group (6 1 16'0000001010000000).
  Merging pattern 26'-111-1----------------0--- and 26'-101-1----------------0--- from group (6 1 16'0000001010000000).
  Merging pattern 26'-101-111--------------1--- and 26'-111-111--------------1--- from group (6 1 16'0000001010000000).
  Merging pattern 26'-111-111--------------1--- and 26'-101-111--------------1--- from group (6 1 16'0000001010000000).
  Merging pattern 26'-1-1-0----------------0--- and 26'-1-1-1----------------0--- from group (6 1 16'0000001010000000).
  Merging pattern 26'-1-1-1----------------0--- and 26'-1-1-0----------------0--- from group (6 1 16'0000001010000000).
  Merging pattern 26'-1-1-011--------------1--- and 26'-1-1-111--------------1--- from group (6 1 16'0000001010000000).
  Merging pattern 26'-1-1-111--------------1--- and 26'-1-1-011--------------1--- from group (6 1 16'0000001010000000).
  Merging pattern 26'-10101-0--------------1--- and 26'-10111-0--------------1--- from group (6 6 16'0000001000000010).
  Merging pattern 26'-01101-0--------------1--- and 26'-01111-0--------------1--- from group (6 6 16'0000001000000010).
  Merging pattern 26'-11101-0--------------1--- and 26'-11111-0--------------1--- from group (6 6 16'0000001000000010).
  Merging pattern 26'-10111-0--------------1--- and 26'-10101-0--------------1--- from group (6 6 16'0000001000000010).
  Merging pattern 26'-01111-0--------------1--- and 26'-01101-0--------------1--- from group (6 6 16'0000001000000010).
  Merging pattern 26'-11111-0--------------1--- and 26'-11101-0--------------1--- from group (6 6 16'0000001000000010).
  Merging pattern 26'-1010101--------------1--- and 26'-1011101--------------1--- from group (6 6 16'0000001000000010).
  Merging pattern 26'-0110101--------------1--- and 26'-0111101--------------1--- from group (6 6 16'0000001000000010).
  Merging pattern 26'-1110101--------------1--- and 26'-1111101--------------1--- from group (6 6 16'0000001000000010).
  Merging pattern 26'-1011101--------------1--- and 26'-1010101--------------1--- from group (6 6 16'0000001000000010).
  Merging pattern 26'-0111101--------------1--- and 26'-0110101--------------1--- from group (6 6 16'0000001000000010).
  Merging pattern 26'-1111101--------------1--- and 26'-1110101--------------1--- from group (6 6 16'0000001000000010).
  Merging pattern 26'-101-1-0--------------1--- and 26'-111-1-0--------------1--- from group (6 6 16'0000001000000010).
  Merging pattern 26'-111-1-0--------------1--- and 26'-101-1-0--------------1--- from group (6 6 16'0000001000000010).
  Merging pattern 26'-101-101--------------1--- and 26'-111-101--------------1--- from group (6 6 16'0000001000000010).
  Merging pattern 26'-111-101--------------1--- and 26'-101-101--------------1--- from group (6 6 16'0000001000000010).
  Merging pattern 26'-1-1-0-0--------------1--- and 26'-1-1-1-0--------------1--- from group (6 6 16'0000001000000010).
  Merging pattern 26'-1-1-1-0--------------1--- and 26'-1-1-0-0--------------1--- from group (6 6 16'0000001000000010).
  Merging pattern 26'-1-1-001--------------1--- and 26'-1-1-101--------------1--- from group (6 6 16'0000001000000010).
  Merging pattern 26'-1-1-101--------------1--- and 26'-1-1-001--------------1--- from group (6 6 16'0000001000000010).
  Removing unused input signal $auto$opt_reduce.cc:137:opt_pmux$5412.

7.12.4. Executing OPT_CLEAN pass (remove unused cells and wires).
Finding unused cells or wires in module \icebreaker..
Removed 78 unused cells and 78 unused wires.
<suppressed ~79 debug messages>

7.12.5. Executing FSM_OPT pass (simple optimizations of FSMs).
Optimizing FSM `$fsm$\soc.cpu.cpu_state$5425' from module `\icebreaker'.
  Removing unused output signal $flatten\soc.\cpu.$0\cpu_state[7:0] [0].
  Removing unused output signal $flatten\soc.\cpu.$0\cpu_state[7:0] [1].
  Removing unused output signal $flatten\soc.\cpu.$0\cpu_state[7:0] [2].
  Removing unused output signal $flatten\soc.\cpu.$0\cpu_state[7:0] [3].
  Removing unused output signal $flatten\soc.\cpu.$0\cpu_state[7:0] [4].
  Removing unused output signal $flatten\soc.\cpu.$0\cpu_state[7:0] [5].
  Removing unused output signal $flatten\soc.\cpu.$0\cpu_state[7:0] [6].
  Removing unused output signal $flatten\soc.\cpu.$0\cpu_state[7:0] [7].
Optimizing FSM `$fsm$\soc.cpu.mem_wordsize$5435' from module `\icebreaker'.
  Removing unused output signal $flatten\soc.\cpu.$0\mem_wordsize[1:0] [0].
  Removing unused output signal $flatten\soc.\cpu.$0\mem_wordsize[1:0] [1].
Optimizing FSM `$fsm$\soc.spimemio.state$5440' from module `\icebreaker'.
  Removing unused output signal $flatten\soc.\spimemio.$0\state[3:0] [0].
  Removing unused output signal $flatten\soc.\spimemio.$0\state[3:0] [1].
  Removing unused output signal $flatten\soc.\spimemio.$0\state[3:0] [2].
  Removing unused output signal $flatten\soc.\spimemio.$0\state[3:0] [3].

7.12.6. Executing FSM_RECODE pass (re-assigning FSM state encoding).
Recoding FSM `$fsm$\soc.cpu.cpu_state$5425' from module `\icebreaker' using `auto' encoding:
  mapping auto encoding to `one-hot` for this FSM.
  10000000 -> ------1
  01000000 -> -----1-
  00100000 -> ----1--
  00001000 -> ---1---
  00000100 -> --1----
  00000010 -> -1-----
  00000001 -> 1------
Recoding FSM `$fsm$\soc.cpu.mem_wordsize$5435' from module `\icebreaker' using `auto' encoding:
  mapping auto encoding to `one-hot` for this FSM.
  00 -> --1
  10 -> -1-
  01 -> 1--
Recoding FSM `$fsm$\soc.spimemio.state$5440' from module `\icebreaker' using `auto' encoding:
  mapping auto encoding to `one-hot` for this FSM.
  0000 -> ------------1
  1000 -> -----------1-
  0100 -> ----------1--
  1100 -> ---------1---
  0010 -> --------1----
  1010 -> -------1-----
  0110 -> ------1------
  0001 -> -----1-------
  1001 -> ----1--------
  0101 -> ---1---------
  0011 -> --1----------
  1011 -> -1-----------
  0111 -> 1------------

7.12.7. Executing FSM_INFO pass (dumping all available information on FSM cells).

FSM `$fsm$\soc.cpu.cpu_state$5425' from module `icebreaker':
-------------------------------------

  Information on FSM $fsm$\soc.cpu.cpu_state$5425 (\soc.cpu.cpu_state):

  Number of input signals:   25
  Number of output signals:   8
  Number of state bits:       7

  Input signals:
    0: $auto$opt_reduce.cc:137:opt_pmux$5374
    1: $auto$opt_reduce.cc:137:opt_pmux$5366
    2: \resetn
    3: \soc.cpu.mem_done
    4: \soc.cpu.instr_jal
    5: \soc.cpu.instr_trap
    6: \soc.cpu.decoder_trigger
    7: \soc.cpu.is_slli_srli_srai
    8: \soc.cpu.is_sb_sh_sw
    9: \soc.cpu.is_sll_srl_sra
   10: \soc.cpu.is_beq_bne_blt_bge_bltu_bgeu
   11: $flatten\soc.\cpu.$logic_and$../picorv32.v:1538$1099_Y
   12: $flatten\soc.\cpu.$logic_and$../picorv32.v:1548$1107_Y
   13: $flatten\soc.\cpu.$logic_and$../picorv32.v:1605$1120_Y
   14: $flatten\soc.\cpu.$logic_and$../picorv32.v:1608$1124_Y
   15: $flatten\soc.\cpu.$logic_and$../picorv32.v:1696$1138_Y
   16: $flatten\soc.\cpu.$eq$../picorv32.v:1831$1166_Y
   17: $flatten\soc.\cpu.$logic_or$../picorv32.v:1857$1184_Y
   18: $flatten\soc.\cpu.$logic_and$../picorv32.v:1872$1188_Y
   19: $flatten\soc.\cpu.$logic_and$../picorv32.v:1922$1203_Y
   20: $flatten\soc.\cpu.$logic_and$../picorv32.v:1923$1206_Y
   21: $flatten\soc.\cpu.$logic_and$../picorv32.v:1925$1210_Y
   22: $flatten\soc.\cpu.$logic_and$../picorv32.v:1930$1213_Y
   23: $flatten\soc.\cpu.$logic_and$../picorv32.v:1938$1221_Y
   24: \soc.cpu.genblk1.pcpi_mul.active [1]

  Output signals:
    0: $flatten\soc.\cpu.$eq$../picorv32.v:1313$1025_Y
    1: $flatten\soc.\cpu.$procmux$1806_CMP
    2: $flatten\soc.\cpu.$procmux$1807_CMP
    3: $flatten\soc.\cpu.$procmux$1808_CMP
    4: $flatten\soc.\cpu.$procmux$1809_CMP
    5: $flatten\soc.\cpu.$procmux$1810_CMP
    6: $flatten\soc.\cpu.$procmux$1811_CMP
    7: $flatten\soc.\cpu.$procmux$1813_CMP

  State encoding:
    0:  7'------1
    1:  7'-----1-
    2:  7'----1--
    3:  7'---1---
    4:  7'--1----
    5:  7'-1-----
    6:  7'1------

  Transition Table (state_in, ctrl_in, state_out, ctrl_out):
      0:     0 25'-0---0----------------1--   ->     0 8'10000000
      1:     0 25'-00-01----------------1--   ->     0 8'10000000
      2:     0 25'-00111----------------1--   ->     0 8'10000000
      3:     0 25'-011-1----------------1--   ->     0 8'10000000
      4:     0 25'-1-1------------------1--   ->     0 8'10000000
      5:     0 25'-00011-------------------   ->     0 8'10000000
      6:     0 25'-010-1-------------------   ->     0 8'10000000
      7:     0 25'-1-0---------------------   ->     0 8'10000000
      8:     0 25'-0---0----------------0--   ->     1 8'10000000
      9:     0 25'-00-01----------------0--   ->     1 8'10000000
     10:     0 25'-00111----------------0--   ->     1 8'10000000
     11:     0 25'-011-1----------------0--   ->     1 8'10000000
     12:     0 25'-1-1------------------0--   ->     1 8'10000000
     13:     1 25'-00011-------------------   ->     0 8'00000001
     14:     1 25'-010-1-------------------   ->     0 8'00000001
     15:     1 25'-1-0---------------------   ->     0 8'00000001
     16:     1 25'-0---0----------------0--   ->     1 8'00000001
     17:     1 25'-00-01----------------0--   ->     1 8'00000001
     18:     1 25'-00111----------------0--   ->     1 8'00000001
     19:     1 25'-011-1----------------0--   ->     1 8'00000001
     20:     1 25'-1-1------------------0--   ->     1 8'00000001
     21:     1 25'-0---0------00----1-1-1--   ->     1 8'00000001
     22:     1 25'-00-01------00----1-1-1--   ->     1 8'00000001
     23:     1 25'-00111------00----1-1-1--   ->     1 8'00000001
     24:     1 25'-011-1------00----1-1-1--   ->     1 8'00000001
     25:     1 25'-1-1--------00----1-1-1--   ->     1 8'00000001
     26:     1 25'-0---0------00----0---1--   ->     1 8'00000001
     27:     1 25'-00-01------00----0---1--   ->     1 8'00000001
     28:     1 25'-00111------00----0---1--   ->     1 8'00000001
     29:     1 25'-011-1------00----0---1--   ->     1 8'00000001
     30:     1 25'-1-1--------00----0---1--   ->     1 8'00000001
     31:     1 25'-0---0------10--------1--   ->     1 8'00000001
     32:     1 25'-00-01------10--------1--   ->     1 8'00000001
     33:     1 25'-00111------10--------1--   ->     1 8'00000001
     34:     1 25'-011-1------10--------1--   ->     1 8'00000001
     35:     1 25'-1-1--------10--------1--   ->     1 8'00000001
     36:     1 25'-0---0-------1--------1--   ->     1 8'00000001
     37:     1 25'-00-01-------1--------1--   ->     1 8'00000001
     38:     1 25'-00111-------1--------1--   ->     1 8'00000001
     39:     1 25'-011-1-------1--------1--   ->     1 8'00000001
     40:     1 25'-1-1---------1--------1--   ->     1 8'00000001
     41:     1 25'-0---0------00----1-0-1--   ->     2 8'00000001
     42:     1 25'-00-01------00----1-0-1--   ->     2 8'00000001
     43:     1 25'-00111------00----1-0-1--   ->     2 8'00000001
     44:     1 25'-011-1------00----1-0-1--   ->     2 8'00000001
     45:     1 25'-1-1--------00----1-0-1--   ->     2 8'00000001
     46:     2 25'00---0----01-------1--1--   ->     0 8'01000000
     47:     2 25'000-01----01-------1--1--   ->     0 8'01000000
     48:     2 25'000111----01-------1--1--   ->     0 8'01000000
     49:     2 25'0011-1----01-------1--1--   ->     0 8'01000000
     50:     2 25'01-1------01-------1--1--   ->     0 8'01000000
     51:     2 25'-00011-------------------   ->     0 8'01000000
     52:     2 25'-010-1-------------------   ->     0 8'01000000
     53:     2 25'-1-0---------------------   ->     0 8'01000000
     54:     2 25'-0---0----------------1-1   ->     1 8'01000000
     55:     2 25'-00-01----------------1-1   ->     1 8'01000000
     56:     2 25'-00111----------------1-1   ->     1 8'01000000
     57:     2 25'-011-1----------------1-1   ->     1 8'01000000
     58:     2 25'-1-1------------------1-1   ->     1 8'01000000
     59:     2 25'-0---0----------------0--   ->     1 8'01000000
     60:     2 25'-00-01----------------0--   ->     1 8'01000000
     61:     2 25'-00111----------------0--   ->     1 8'01000000
     62:     2 25'-011-1----------------0--   ->     1 8'01000000
     63:     2 25'-1-1------------------0--   ->     1 8'01000000
     64:     2 25'00---0----11-------1--1--   ->     1 8'01000000
     65:     2 25'000-01----11-------1--1--   ->     1 8'01000000
     66:     2 25'000111----11-------1--1--   ->     1 8'01000000
     67:     2 25'0011-1----11-------1--1--   ->     1 8'01000000
     68:     2 25'01-1------11-------1--1--   ->     1 8'01000000
     69:     2 25'10---0-------------1--1--   ->     1 8'01000000
     70:     2 25'100-01-------------1--1--   ->     1 8'01000000
     71:     2 25'100111-------------1--1--   ->     1 8'01000000
     72:     2 25'1011-1-------------1--1--   ->     1 8'01000000
     73:     2 25'11-1---------------1--1--   ->     1 8'01000000
     74:     2 25'00---0-----0-------1--1--   ->     2 8'01000000
     75:     2 25'000-01-----0-------1--1--   ->     2 8'01000000
     76:     2 25'000111-----0-------1--1--   ->     2 8'01000000
     77:     2 25'0011-1-----0-------1--1--   ->     2 8'01000000
     78:     2 25'01-1-------0-------1--1--   ->     2 8'01000000
     79:     2 25'-0---0---0-----000-0--100   ->     3 8'01000000
     80:     2 25'-00-01---0-----000-0--100   ->     3 8'01000000
     81:     2 25'-00111---0-----000-0--100   ->     3 8'01000000
     82:     2 25'-011-1---0-----000-0--100   ->     3 8'01000000
     83:     2 25'-1-1-----0-----000-0--100   ->     3 8'01000000
     84:     2 25'-0---0----------------11-   ->     3 8'01000000
     85:     2 25'-00-01----------------11-   ->     3 8'01000000
     86:     2 25'-00111----------------11-   ->     3 8'01000000
     87:     2 25'-011-1----------------11-   ->     3 8'01000000
     88:     2 25'-1-1------------------11-   ->     3 8'01000000
     89:     2 25'-0---0---0-----1-0----100   ->     4 8'01000000
     90:     2 25'-00-01---0-----1-0----100   ->     4 8'01000000
     91:     2 25'-00111---0-----1-0----100   ->     4 8'01000000
     92:     2 25'-011-1---0-----1-0----100   ->     4 8'01000000
     93:     2 25'-1-1-----0-----1-0----100   ->     4 8'01000000
     94:     2 25'-0---0-----------1----1--   ->     4 8'01000000
     95:     2 25'-00-01-----------1----1--   ->     4 8'01000000
     96:     2 25'-00111-----------1----1--   ->     4 8'01000000
     97:     2 25'-011-1-----------1----1--   ->     4 8'01000000
     98:     2 25'-1-1-------------1----1--   ->     4 8'01000000
     99:     2 25'-0---0---0------10----100   ->     5 8'01000000
    100:     2 25'-00-01---0------10----100   ->     5 8'01000000
    101:     2 25'-00111---0------10----100   ->     5 8'01000000
    102:     2 25'-011-1---0------10----100   ->     5 8'01000000
    103:     2 25'-1-1-----0------10----100   ->     5 8'01000000
    104:     2 25'-0---0---1------------1--   ->     6 8'01000000
    105:     2 25'-00-01---1------------1--   ->     6 8'01000000
    106:     2 25'-00111---1------------1--   ->     6 8'01000000
    107:     2 25'-011-1---1------------1--   ->     6 8'01000000
    108:     2 25'-1-1-----1------------1--   ->     6 8'01000000
    109:     3 25'-00011-------------------   ->     0 8'00010000
    110:     3 25'-010-1-------------------   ->     0 8'00010000
    111:     3 25'-1-0---------------------   ->     0 8'00010000
    112:     3 25'-0---0----------------0--   ->     1 8'00010000
    113:     3 25'-00-01----------------0--   ->     1 8'00010000
    114:     3 25'-00111----------------0--   ->     1 8'00010000
    115:     3 25'-011-1----------------0--   ->     1 8'00010000
    116:     3 25'-1-1------------------0--   ->     1 8'00010000
    117:     3 25'-0---0--------1------11--   ->     1 8'00010000
    118:     3 25'-00-01--------1------11--   ->     1 8'00010000
    119:     3 25'-00111--------1------11--   ->     1 8'00010000
    120:     3 25'-011-1--------1------11--   ->     1 8'00010000
    121:     3 25'-1-1----------1------11--   ->     1 8'00010000
    122:     3 25'-0---0--------0-------1--   ->     1 8'00010000
    123:     3 25'-00-01--------0-------1--   ->     1 8'00010000
    124:     3 25'-00111--------0-------1--   ->     1 8'00010000
    125:     3 25'-011-1--------0-------1--   ->     1 8'00010000
    126:     3 25'-1-1----------0-------1--   ->     1 8'00010000
    127:     3 25'-0---0--------1------01--   ->     3 8'00010000
    128:     3 25'-00-01--------1------01--   ->     3 8'00010000
    129:     3 25'-00111--------1------01--   ->     3 8'00010000
    130:     3 25'-011-1--------1------01--   ->     3 8'00010000
    131:     3 25'-1-1----------1------01--   ->     3 8'00010000
    132:     4 25'-00011-------------------   ->     0 8'00001000
    133:     4 25'-010-1-------------------   ->     0 8'00001000
    134:     4 25'-1-0---------------------   ->     0 8'00001000
    135:     4 25'-0---0----------------0--   ->     1 8'00001000
    136:     4 25'-00-01----------------0--   ->     1 8'00001000
    137:     4 25'-00111----------------0--   ->     1 8'00001000
    138:     4 25'-011-1----------------0--   ->     1 8'00001000
    139:     4 25'-1-1------------------0--   ->     1 8'00001000
    140:     4 25'-0---0--1-------------1--   ->     1 8'00001000
    141:     4 25'-00-01--1-------------1--   ->     1 8'00001000
    142:     4 25'-00111--1-------------1--   ->     1 8'00001000
    143:     4 25'-011-1--1-------------1--   ->     1 8'00001000
    144:     4 25'-1-1----1-------------1--   ->     1 8'00001000
    145:     4 25'-0---0--0-------------1--   ->     4 8'00001000
    146:     4 25'-00-01--0-------------1--   ->     4 8'00001000
    147:     4 25'-00111--0-------------1--   ->     4 8'00001000
    148:     4 25'-011-1--0-------------1--   ->     4 8'00001000
    149:     4 25'-1-1----0-------------1--   ->     4 8'00001000
    150:     5 25'-00011-------------------   ->     0 8'00000100
    151:     5 25'-010-1-------------------   ->     0 8'00000100
    152:     5 25'-1-0---------------------   ->     0 8'00000100
    153:     5 25'-0---0----------------0--   ->     1 8'00000100
    154:     5 25'-00-01----------------0--   ->     1 8'00000100
    155:     5 25'-00111----------------0--   ->     1 8'00000100
    156:     5 25'-011-1----------------0--   ->     1 8'00000100
    157:     5 25'-1-1------------------0--   ->     1 8'00000100
    158:     5 25'-0---011--------------1--   ->     1 8'00000100
    159:     5 25'-00-0111--------------1--   ->     1 8'00000100
    160:     5 25'-0011111--------------1--   ->     1 8'00000100
    161:     5 25'-011-111--------------1--   ->     1 8'00000100
    162:     5 25'-1-1--11--------------1--   ->     1 8'00000100
    163:     5 25'-0---0-0--------------1--   ->     5 8'00000100
    164:     5 25'-00-01-0--------------1--   ->     5 8'00000100
    165:     5 25'-00111-0--------------1--   ->     5 8'00000100
    166:     5 25'-011-1-0--------------1--   ->     5 8'00000100
    167:     5 25'-1-1---0--------------1--   ->     5 8'00000100
    168:     5 25'-0---001--------------1--   ->     5 8'00000100
    169:     5 25'-00-0101--------------1--   ->     5 8'00000100
    170:     5 25'-0011101--------------1--   ->     5 8'00000100
    171:     5 25'-011-101--------------1--   ->     5 8'00000100
    172:     5 25'-1-1--01--------------1--   ->     5 8'00000100
    173:     6 25'-00011-------------------   ->     0 8'00000010
    174:     6 25'-010-1-------------------   ->     0 8'00000010
    175:     6 25'-1-0---------------------   ->     0 8'00000010
    176:     6 25'-0---0----------------0--   ->     1 8'00000010
    177:     6 25'-00-01----------------0--   ->     1 8'00000010
    178:     6 25'-00111----------------0--   ->     1 8'00000010
    179:     6 25'-011-1----------------0--   ->     1 8'00000010
    180:     6 25'-1-1------------------0--   ->     1 8'00000010
    181:     6 25'-0---011--------------1--   ->     1 8'00000010
    182:     6 25'-00-0111--------------1--   ->     1 8'00000010
    183:     6 25'-0011111--------------1--   ->     1 8'00000010
    184:     6 25'-011-111--------------1--   ->     1 8'00000010
    185:     6 25'-1-1--11--------------1--   ->     1 8'00000010
    186:     6 25'-0---0-0--------------1--   ->     6 8'00000010
    187:     6 25'-00-01-0--------------1--   ->     6 8'00000010
    188:     6 25'-00111-0--------------1--   ->     6 8'00000010
    189:     6 25'-011-1-0--------------1--   ->     6 8'00000010
    190:     6 25'-1-1---0--------------1--   ->     6 8'00000010
    191:     6 25'-0---001--------------1--   ->     6 8'00000010
    192:     6 25'-00-0101--------------1--   ->     6 8'00000010
    193:     6 25'-0011101--------------1--   ->     6 8'00000010
    194:     6 25'-011-101--------------1--   ->     6 8'00000010
    195:     6 25'-1-1--01--------------1--   ->     6 8'00000010

-------------------------------------

FSM `$fsm$\soc.cpu.mem_wordsize$5435' from module `icebreaker':
-------------------------------------

  Information on FSM $fsm$\soc.cpu.mem_wordsize$5435 (\soc.cpu.mem_wordsize):

  Number of input signals:   13
  Number of output signals:   3
  Number of state bits:       3

  Input signals:
    0: \resetn
    1: \soc.cpu.mem_do_rdata
    2: \soc.cpu.mem_do_wdata
    3: \soc.cpu.instr_lw
    4: \soc.cpu.instr_sb
    5: \soc.cpu.instr_sh
    6: \soc.cpu.instr_sw
    7: $flatten\soc.\cpu.$eq$../picorv32.v:1313$1025_Y
    8: $flatten\soc.\cpu.$logic_or$../picorv32.v:1857$1184_Y
    9: $flatten\soc.\cpu.$logic_or$../picorv32.v:1886$1192_Y
   10: $flatten\soc.\cpu.$logic_or$../picorv32.v:1887$1193_Y
   11: $flatten\soc.\cpu.$procmux$1806_CMP
   12: $flatten\soc.\cpu.$procmux$1807_CMP

  Output signals:
    0: $flatten\soc.\cpu.$eq$../picorv32.v:1923$1204_Y
    1: $flatten\soc.\cpu.$eq$../picorv32.v:1930$1211_Y
    2: $flatten\soc.\cpu.$procmux$4565_CMP

  State encoding:
    0:      3'--1
    1:      3'-1-
    2:      3'1--

  Transition Table (state_in, ctrl_in, state_out, ctrl_out):
      0:     0 13'------------0   ->     0 3'001
      1:     0 13'-1001----0-01   ->     0 3'001
      2:     0 13'-1--1----1-01   ->     0 3'001
      3:     0 13'-1--1------11   ->     0 3'001
      4:     0 13'1---1-000-0-1   ->     0 3'001
      5:     0 13'1---1-1---0-1   ->     0 3'001
      6:     0 13'1---1-----1-1   ->     0 3'001
      7:     0 13'00---0------1   ->     0 3'001
      8:     0 13'-----1------1   ->     0 3'001
      9:     0 13'-1--0-------1   ->     0 3'001
     10:     0 13'1---0-------1   ->     0 3'001
     11:     0 13'-1-11------01   ->     1 3'001
     12:     0 13'1---1---1-0-1   ->     1 3'001
     13:     0 13'-11-1------01   ->     2 3'001
     14:     0 13'1---1--1--0-1   ->     2 3'001
     15:     1 13'-1--1----1-01   ->     0 3'100
     16:     1 13'1---1-1---0-1   ->     0 3'100
     17:     1 13'-----1------1   ->     0 3'100
     18:     1 13'------------0   ->     1 3'100
     19:     1 13'-1001----0-01   ->     1 3'100
     20:     1 13'-1-11------01   ->     1 3'100
     21:     1 13'-1--1------11   ->     1 3'100
     22:     1 13'1---1-000-0-1   ->     1 3'100
     23:     1 13'1---1---1-0-1   ->     1 3'100
     24:     1 13'1---1-----1-1   ->     1 3'100
     25:     1 13'00---0------1   ->     1 3'100
     26:     1 13'-1--0-------1   ->     1 3'100
     27:     1 13'1---0-------1   ->     1 3'100
     28:     1 13'-11-1------01   ->     2 3'100
     29:     1 13'1---1--1--0-1   ->     2 3'100
     30:     2 13'-1--1----1-01   ->     0 3'010
     31:     2 13'1---1-1---0-1   ->     0 3'010
     32:     2 13'-----1------1   ->     0 3'010
     33:     2 13'-1-11------01   ->     1 3'010
     34:     2 13'1---1---1-0-1   ->     1 3'010
     35:     2 13'------------0   ->     2 3'010
     36:     2 13'-1001----0-01   ->     2 3'010
     37:     2 13'-11-1------01   ->     2 3'010
     38:     2 13'-1--1------11   ->     2 3'010
     39:     2 13'1---1-000-0-1   ->     2 3'010
     40:     2 13'1---1--1--0-1   ->     2 3'010
     41:     2 13'1---1-----1-1   ->     2 3'010
     42:     2 13'00---0------1   ->     2 3'010
     43:     2 13'-1--0-------1   ->     2 3'010
     44:     2 13'1---0-------1   ->     2 3'010

-------------------------------------

FSM `$fsm$\soc.spimemio.state$5440' from module `icebreaker':
-------------------------------------

  Information on FSM $fsm$\soc.spimemio.state$5440 (\soc.spimemio.state):

  Number of input signals:    8
  Number of output signals:  13
  Number of state bits:      13

  Input signals:
    0: \soc.spimemio.dout_valid
    1: \soc.spimemio.jump
    2: \soc.spimemio.config_cont
    3: $flatten\soc.\spimemio.$logic_or$spimemio.v:211$529_Y
    4: $flatten\soc.\spimemio.$logic_and$spimemio.v:282$542_Y
    5: $flatten\soc.\spimemio.$logic_or$spimemio.v:310$543_Y
    6: $flatten\soc.\spimemio.$logic_or$spimemio.v:350$547_Y
    7: \soc.spimemio.xfer.din_ready

  Output signals:
    0: $flatten\soc.\spimemio.$procmux$4654_CMP
    1: $flatten\soc.\spimemio.$procmux$4657_CMP
    2: $flatten\soc.\spimemio.$procmux$4668_CMP
    3: $flatten\soc.\spimemio.$procmux$4671_CMP
    4: $flatten\soc.\spimemio.$procmux$4674_CMP
    5: $flatten\soc.\spimemio.$procmux$4677_CMP
    6: $flatten\soc.\spimemio.$procmux$4680_CMP
    7: $flatten\soc.\spimemio.$procmux$4683_CMP
    8: $flatten\soc.\spimemio.$procmux$4686_CMP
    9: $flatten\soc.\spimemio.$procmux$4691_CMP
   10: $flatten\soc.\spimemio.$procmux$4694_CMP
   11: $flatten\soc.\spimemio.$procmux$4700_CMP
   12: $flatten\soc.\spimemio.$procmux$4706_CMP

  State encoding:
    0: 13'------------1  <RESET STATE>
    1: 13'-----------1-
    2: 13'----------1--
    3: 13'---------1---
    4: 13'--------1----
    5: 13'-------1-----
    6: 13'------1------
    7: 13'-----1-------
    8: 13'----1--------
    9: 13'---1---------
   10: 13'--1----------
   11: 13'-1-----------
   12: 13'1------------

  Transition Table (state_in, ctrl_in, state_out, ctrl_out):
      0:     0 8'0---0-0-   ->     0 13'1000000000000
      1:     0 8'----1---   ->     0 13'1000000000000
      2:     0 8'----001-   ->     2 13'1000000000000
      3:     0 8'1---0-0-   ->     7 13'1000000000000
      4:     0 8'----011-   ->     9 13'1000000000000
      5:     1 8'----1---   ->     0 13'0000001000000
      6:     1 8'0---0-0-   ->     1 13'0000001000000
      7:     1 8'----001-   ->     2 13'0000001000000
      8:     1 8'1---0-0-   ->     8 13'0000001000000
      9:     1 8'----011-   ->     9 13'0000001000000
     10:     2 8'----1---   ->     0 13'0010000000000
     11:     2 8'0---0-0-   ->     2 13'0010000000000
     12:     2 8'----001-   ->     2 13'0010000000000
     13:     2 8'1---0-0-   ->     9 13'0010000000000
     14:     2 8'----011-   ->     9 13'0010000000000
     15:     3 8'----1---   ->     0 13'0000000000100
     16:     3 8'----001-   ->     2 13'0000000000100
     17:     3 8'-0--0-0-   ->     3 13'0000000000100
     18:     3 8'01--0-0-   ->     3 13'0000000000100
     19:     3 8'11--0-0-   ->     8 13'0000000000100
     20:     3 8'----011-   ->     9 13'0000000000100
     21:     4 8'----1---   ->     0 13'0100000000000
     22:     4 8'----001-   ->     2 13'0100000000000
     23:     4 8'0---0-0-   ->     4 13'0100000000000
     24:     4 8'----011-   ->     9 13'0100000000000
     25:     4 8'1---0-0-   ->    10 13'0100000000000
     26:     5 8'----1---   ->     0 13'0000000010000
     27:     5 8'----001-   ->     2 13'0000000010000
     28:     5 8'0---0-0-   ->     5 13'0000000010000
     29:     5 8'----011-   ->     9 13'0000000010000
     30:     5 8'1---0-0-   ->    11 13'0000000010000
     31:     6 8'----1---   ->     0 13'0000100000000
     32:     6 8'----001-   ->     2 13'0000100000000
     33:     6 8'0---0-0-   ->     6 13'0000100000000
     34:     6 8'----011-   ->     9 13'0000100000000
     35:     6 8'1---0-0-   ->    12 13'0000100000000
     36:     7 8'----1---   ->     0 13'0000000000010
     37:     7 8'----001-   ->     2 13'0000000000010
     38:     7 8'----0-01   ->     4 13'0000000000010
     39:     7 8'----0-00   ->     7 13'0000000000010
     40:     7 8'----011-   ->     9 13'0000000000010
     41:     8 8'----1---   ->     0 13'0000000100000
     42:     8 8'----001-   ->     2 13'0000000100000
     43:     8 8'1---0-0-   ->     5 13'0000000100000
     44:     8 8'0---0-0-   ->     8 13'0000000100000
     45:     8 8'----011-   ->     9 13'0000000100000
     46:     9 8'----1---   ->     0 13'0001000000000
     47:     9 8'----001-   ->     2 13'0001000000000
     48:     9 8'1--10-0-   ->     6 13'0001000000000
     49:     9 8'---00-0-   ->     9 13'0001000000000
     50:     9 8'0--10-0-   ->     9 13'0001000000000
     51:     9 8'----011-   ->     9 13'0001000000000
     52:    10 8'----1---   ->     0 13'0000000000001
     53:    10 8'----0-01   ->     2 13'0000000000001
     54:    10 8'----001-   ->     2 13'0000000000001
     55:    10 8'----011-   ->     9 13'0000000000001
     56:    10 8'----0-00   ->    10 13'0000000000001
     57:    11 8'----1---   ->     0 13'0000000001000
     58:    11 8'----001-   ->     2 13'0000000001000
     59:    11 8'1---0-0-   ->     3 13'0000000001000
     60:    11 8'----011-   ->     9 13'0000000001000
     61:    11 8'0---0-0-   ->    11 13'0000000001000
     62:    12 8'----1---   ->     0 13'0000010000000
     63:    12 8'1-1-0-0-   ->     1 13'0000010000000
     64:    12 8'----001-   ->     2 13'0000010000000
     65:    12 8'1-0-0-0-   ->     8 13'0000010000000
     66:    12 8'----011-   ->     9 13'0000010000000
     67:    12 8'0---0-0-   ->    12 13'0000010000000

-------------------------------------

7.12.8. Executing FSM_MAP pass (mapping FSMs to basic logic).
Mapping FSM `$fsm$\soc.cpu.cpu_state$5425' from module `\icebreaker'.
Mapping FSM `$fsm$\soc.cpu.mem_wordsize$5435' from module `\icebreaker'.
Mapping FSM `$fsm$\soc.spimemio.state$5440' from module `\icebreaker'.

7.13. Executing OPT pass (performing simple optimizations).

7.13.1. Executing OPT_EXPR pass (perform const folding).
Optimizing module icebreaker.
<suppressed ~19 debug messages>

7.13.2. Executing OPT_MERGE pass (detect identical cells).
Finding identical cells in module `\icebreaker'.
Computing hashes of 1647 cells of `\icebreaker'.
Finding duplicate cells in `\icebreaker'.
Computing hashes of 1599 cells of `\icebreaker'.
Finding duplicate cells in `\icebreaker'.
<suppressed ~144 debug messages>
Removed a total of 48 cells.

7.13.3. Executing OPT_MUXTREE pass (detect dead branches in mux trees).
Running muxtree optimizer on module \icebreaker..
  Creating internal representation of mux trees.
  Evaluating internal representation of mux trees.
  Analyzing evaluation results.
    dead port 2/4 on $pmux $flatten\soc.\cpu.$procmux$2525.
    dead port 1/2 on $mux $flatten\soc.\cpu.$procmux$2478.
    dead port 2/2 on $mux $flatten\soc.\cpu.$procmux$2478.
    dead port 1/4 on $pmux $flatten\soc.\cpu.$procmux$3007.
    dead port 2/4 on $pmux $flatten\soc.\cpu.$procmux$3007.
    dead port 3/4 on $pmux $flatten\soc.\cpu.$procmux$3007.
    dead port 4/4 on $pmux $flatten\soc.\cpu.$procmux$3007.
    dead port 2/5 on $pmux $flatten\soc.\cpu.$procmux$2997.
    dead port 4/7 on $pmux $flatten\soc.\cpu.$procmux$2465.
    dead port 1/3 on $pmux $flatten\soc.\cpu.$procmux$3206.
    dead port 3/6 on $pmux $flatten\soc.\cpu.$procmux$2713.
    dead port 1/2 on $mux $flatten\soc.\cpu.$procmux$2729.
    dead port 2/2 on $mux $flatten\soc.\cpu.$procmux$2729.
Removed 13 multiplexer ports.
<suppressed ~1238 debug messages>

7.13.4. Executing OPT_REDUCE pass (consolidate $*mux and $reduce_* inputs).
  Optimizing cells in module \icebreaker.
    New input vector for $reduce_or cell $auto$opt_reduce.cc:131:opt_pmux$5401: { \soc.cpu.cpu_state [6:4] \soc.cpu.cpu_state [2:0] }
    New input vector for $reduce_or cell $auto$opt_reduce.cc:131:opt_pmux$5361: { \soc.cpu.cpu_state [6:2] \soc.cpu.cpu_state [0] }
    New input vector for $reduce_or cell $auto$opt_reduce.cc:131:opt_pmux$5363: { \soc.cpu.cpu_state [6] \soc.cpu.cpu_state [4:0] }
    New input vector for $reduce_or cell $auto$opt_reduce.cc:131:opt_pmux$5405: \soc.cpu.cpu_state [5:0]
  Optimizing cells in module \icebreaker.
Performed a total of 4 changes.

7.13.5. Executing OPT_MERGE pass (detect identical cells).
Finding identical cells in module `\icebreaker'.
Computing hashes of 1596 cells of `\icebreaker'.
Finding duplicate cells in `\icebreaker'.
Removed a total of 0 cells.

7.13.6. Executing OPT_DFF pass (perform DFF optimizations).
Adding EN signal on $procdff$5336 ($dff) from module icebreaker (D = $procmux$5104_Y, Q = \iomem_ready).
Adding EN signal on $procdff$5337 ($dff) from module icebreaker (D = \gpio, Q = \iomem_rdata).
Adding SRST signal on $procdff$5338 ($dff) from module icebreaker (D = { $procmux$5073_Y $procmux$5080_Y $procmux$5087_Y $procmux$5094_Y }, Q = \gpio, rval = 0).
Adding EN signal on $auto$ff.cc:337:slice$6292 ($sdff) from module icebreaker (D = \soc.cpu.mem_wdata [7:0], Q = \gpio [7:0]).
Adding EN signal on $auto$ff.cc:337:slice$6292 ($sdff) from module icebreaker (D = \soc.cpu.mem_wdata [15:8], Q = \gpio [15:8]).
Adding EN signal on $auto$ff.cc:337:slice$6292 ($sdff) from module icebreaker (D = \soc.cpu.mem_wdata [23:16], Q = \gpio [23:16]).
Adding EN signal on $auto$ff.cc:337:slice$6292 ($sdff) from module icebreaker (D = \soc.cpu.mem_wdata [31:24], Q = \gpio [31:24]).
Adding EN signal on $flatten\seven_segment_ctrl.$procdff$5331 ($dff) from module icebreaker (D = { $flatten\seven_segment_ctrl.$procmux$5062_Y $flatten\seven_segment_ctrl.$procmux$5067_Y }, Q = \seven_segment_ctrl.dout).
Adding SRST signal on $flatten\soc.\simpleuart.$procdff$5321 ($dff) from module icebreaker (D = $flatten\soc.\simpleuart.$procmux$4976_Y [8:0], Q = \soc.simpleuart.send_pattern [8:0], rval = 9'111111111).
Adding SRST signal on $flatten\soc.\simpleuart.$procdff$5321 ($dff) from module icebreaker (D = $flatten\soc.\simpleuart.$procmux$4973_Y [9], Q = \soc.simpleuart.send_pattern [9], rval = 1'1).
Adding EN signal on $auto$ff.cc:337:slice$6311 ($sdff) from module icebreaker (D = 1'1, Q = \soc.simpleuart.send_pattern [9]).
Adding EN signal on $auto$ff.cc:337:slice$6306 ($sdff) from module icebreaker (D = $flatten\soc.\simpleuart.$procmux$4976_Y [8:0], Q = \soc.simpleuart.send_pattern [8:0]).
Adding SRST signal on $flatten\soc.\simpleuart.$procdff$5322 ($dff) from module icebreaker (D = $flatten\soc.\simpleuart.$procmux$4968_Y, Q = \soc.simpleuart.send_bitcnt, rval = 4'0000).
Adding EN signal on $auto$ff.cc:337:slice$6320 ($sdff) from module icebreaker (D = $flatten\soc.\simpleuart.$procmux$4968_Y, Q = \soc.simpleuart.send_bitcnt).
Adding SRST signal on $flatten\soc.\simpleuart.$procdff$5323 ($dff) from module icebreaker (D = $flatten\soc.\simpleuart.$add$simpleuart.v:112$487_Y, Q = \soc.simpleuart.send_divcnt, rval = 0).
Adding SRST signal on $flatten\soc.\simpleuart.$procdff$5324 ($dff) from module icebreaker (D = $flatten\soc.\simpleuart.$procmux$4957_Y, Q = \soc.simpleuart.send_dummy, rval = 1'1).
Adding EN signal on $auto$ff.cc:337:slice$6329 ($sdff) from module icebreaker (D = $flatten\soc.\simpleuart.$procmux$4957_Y, Q = \soc.simpleuart.send_dummy).
Adding SRST signal on $flatten\soc.\simpleuart.$procdff$5325 ($dff) from module icebreaker (D = $flatten\soc.\simpleuart.$procmux$5029_Y, Q = \soc.simpleuart.recv_state, rval = 4'0000).
Adding EN signal on $auto$ff.cc:337:slice$6333 ($sdff) from module icebreaker (D = $flatten\soc.\simpleuart.$procmux$5029_Y, Q = \soc.simpleuart.recv_state).
Adding SRST signal on $flatten\soc.\simpleuart.$procdff$5326 ($dff) from module icebreaker (D = $flatten\soc.\simpleuart.$procmux$4987_Y, Q = \soc.simpleuart.recv_divcnt, rval = 0).
Adding SRST signal on $flatten\soc.\simpleuart.$procdff$5327 ($dff) from module icebreaker (D = $flatten\soc.\simpleuart.$procmux$5017_Y, Q = \soc.simpleuart.recv_pattern, rval = 8'00000000).
Adding EN signal on $auto$ff.cc:337:slice$6346 ($sdff) from module icebreaker (D = { \ser_rx \soc.simpleuart.recv_pattern [7:1] }, Q = \soc.simpleuart.recv_pattern).
Adding SRST signal on $flatten\soc.\simpleuart.$procdff$5328 ($dff) from module icebreaker (D = $flatten\soc.\simpleuart.$procmux$5009_Y, Q = \soc.simpleuart.recv_buf_data, rval = 8'00000000).
Adding EN signal on $auto$ff.cc:337:slice$6352 ($sdff) from module icebreaker (D = \soc.simpleuart.recv_pattern, Q = \soc.simpleuart.recv_buf_data).
Adding SRST signal on $flatten\soc.\simpleuart.$procdff$5329 ($dff) from module icebreaker (D = $flatten\soc.\simpleuart.$procmux$5001_Y, Q = \soc.simpleuart.recv_buf_valid, rval = 1'0).
Adding SRST signal on $flatten\soc.\simpleuart.$procdff$5330 ($dff) from module icebreaker (D = { $flatten\soc.\simpleuart.$procmux$5040_Y $flatten\soc.\simpleuart.$procmux$5045_Y $flatten\soc.\simpleuart.$procmux$5050_Y $flatten\soc.\simpleuart.$procmux$5055_Y }, Q = \soc.simpleuart.cfg_divider, rval = 1).
Adding EN signal on $auto$ff.cc:337:slice$6357 ($sdff) from module icebreaker (D = \soc.cpu.mem_wdata [7:0], Q = \soc.simpleuart.cfg_divider [7:0]).
Adding EN signal on $auto$ff.cc:337:slice$6357 ($sdff) from module icebreaker (D = \soc.cpu.mem_wdata [15:8], Q = \soc.simpleuart.cfg_divider [15:8]).
Adding EN signal on $auto$ff.cc:337:slice$6357 ($sdff) from module icebreaker (D = \soc.cpu.mem_wdata [23:16], Q = \soc.simpleuart.cfg_divider [23:16]).
Adding EN signal on $auto$ff.cc:337:slice$6357 ($sdff) from module icebreaker (D = \soc.cpu.mem_wdata [31:24], Q = \soc.simpleuart.cfg_divider [31:24]).
Adding EN signal on $flatten\soc.\cpu.$procdff$5208 ($dff) from module icebreaker (D = $flatten\soc.\cpu.$logic_and$../picorv32.v:1053$824_Y, Q = \soc.cpu.instr_sb).
Adding EN signal on $flatten\soc.\cpu.$procdff$5209 ($dff) from module icebreaker (D = $flatten\soc.\cpu.$logic_and$../picorv32.v:1054$826_Y, Q = \soc.cpu.instr_sh).
Adding SRST signal on $flatten\soc.\cpu.$procdff$5145 ($dff) from module icebreaker (D = $flatten\soc.\cpu.$procmux$3294_Y, Q = \soc.cpu.reg_next_pc, rval = 1048576).
Adding EN signal on $auto$ff.cc:337:slice$6364 ($sdff) from module icebreaker (D = $flatten\soc.\cpu.$procmux$3292_Y, Q = \soc.cpu.reg_next_pc).
Adding EN signal on $flatten\soc.\cpu.$procdff$5196 ($dff) from module icebreaker (D = $flatten\soc.\cpu.$logic_and$../picorv32.v:870$734_Y, Q = \soc.cpu.instr_jalr).
Adding SRST signal on $flatten\soc.\cpu.$procdff$5144 ($dff) from module icebreaker (D = $flatten\soc.\cpu.$procmux$3306_Y, Q = \soc.cpu.reg_pc, rval = 1048576).
Adding EN signal on $auto$ff.cc:337:slice$6367 ($sdff) from module icebreaker (D = $flatten\soc.\cpu.$3\current_pc[31:0], Q = \soc.cpu.reg_pc).
Adding EN signal on $flatten\soc.\cpu.$procdff$5146 ($dff) from module icebreaker (D = $flatten\soc.\cpu.$procmux$3231_Y [31], Q = \soc.cpu.reg_op1 [31]).
Adding EN signal on $flatten\soc.\cpu.$procdff$5146 ($dff) from module icebreaker (D = $flatten\soc.\cpu.$procmux$3231_Y [30:0], Q = \soc.cpu.reg_op1 [30:0]).
Adding EN signal on $flatten\soc.\spimemio.$procdff$5292 ($dff) from module icebreaker (D = { \soc.spimemio.xfer.ibuffer \soc.spimemio.buffer }, Q = \soc.spimemio.rdata).
Adding SRST signal on $flatten\soc.\spimemio.$procdff$5293 ($dff) from module icebreaker (D = $flatten\soc.\spimemio.$procmux$4653_Y, Q = \soc.spimemio.xfer_resetn, rval = 1'0).
Adding SRST signal on $flatten\soc.\spimemio.$procdff$5294 ($dff) from module icebreaker (D = $flatten\soc.\spimemio.$procmux$4755_Y, Q = \soc.spimemio.din_valid, rval = 1'0).
Adding EN signal on $flatten\soc.\spimemio.$procdff$5295 ($dff) from module icebreaker (D = $flatten\soc.\spimemio.$procmux$4867_Y, Q = \soc.spimemio.din_data).
Adding SRST signal on $flatten\soc.\spimemio.$procdff$5296 ($dff) from module icebreaker (D = $flatten\soc.\spimemio.$procmux$4848_Y, Q = \soc.spimemio.din_tag, rval = 4'0000).
Adding EN signal on $auto$ff.cc:337:slice$6423 ($sdff) from module icebreaker (D = $flatten\soc.\spimemio.$procmux$4848_Y, Q = \soc.spimemio.din_tag).
Adding SRST signal on $flatten\soc.\spimemio.$procdff$5298 ($dff) from module icebreaker (D = $flatten\soc.\spimemio.$procmux$4838_Y, Q = \soc.spimemio.din_qspi, rval = 1'0).
Adding SRST signal on $flatten\soc.\spimemio.$procdff$5299 ($dff) from module icebreaker (D = $flatten\soc.\spimemio.$procmux$4819_Y, Q = \soc.spimemio.din_ddr, rval = 1'0).
Adding SRST signal on $flatten\soc.\spimemio.$procdff$5300 ($dff) from module icebreaker (D = $flatten\soc.\spimemio.$procmux$4798_Y, Q = \soc.spimemio.din_rd, rval = 1'0).
Adding EN signal on $auto$ff.cc:337:slice$6435 ($sdff) from module icebreaker (D = 1'1, Q = \soc.spimemio.din_rd).
Adding EN signal on $flatten\soc.\spimemio.$procdff$5301 ($dff) from module icebreaker (D = \soc.spimemio.xfer.ibuffer, Q = \soc.spimemio.buffer [7:0]).
Adding EN signal on $flatten\soc.\spimemio.$procdff$5301 ($dff) from module icebreaker (D = \soc.spimemio.xfer.ibuffer, Q = \soc.spimemio.buffer [15:8]).
Adding EN signal on $flatten\soc.\spimemio.$procdff$5301 ($dff) from module icebreaker (D = \soc.spimemio.xfer.ibuffer, Q = \soc.spimemio.buffer [23:16]).
Adding EN signal on $flatten\soc.\spimemio.$procdff$5302 ($dff) from module icebreaker (D = $flatten\soc.\spimemio.$ternary$spimemio.v:226$540_Y [23:0], Q = \soc.spimemio.rd_addr).
Adding SRST signal on $flatten\soc.\spimemio.$procdff$5303 ($dff) from module icebreaker (D = $flatten\soc.\spimemio.$procmux$4739_Y, Q = \soc.spimemio.rd_valid, rval = 1'0).
Adding EN signal on $auto$ff.cc:337:slice$6461 ($sdff) from module icebreaker (D = 1'1, Q = \soc.spimemio.rd_valid).
Adding EN signal on $flatten\soc.\spimemio.$procdff$5304 ($dff) from module icebreaker (D = $flatten\soc.\spimemio.$procmux$4734_Y, Q = \soc.spimemio.rd_wait).
Adding SRST signal on $auto$ff.cc:337:slice$6465 ($dffe) from module icebreaker (D = $flatten\soc.\spimemio.$procmux$4732_Y, Q = \soc.spimemio.rd_wait, rval = 1'0).
Adding EN signal on $flatten\soc.\spimemio.$procdff$5305 ($dff) from module icebreaker (D = $flatten\soc.\spimemio.$procmux$4727_Y, Q = \soc.spimemio.rd_inc).
Adding SRST signal on $auto$ff.cc:337:slice$6473 ($dffe) from module icebreaker (D = $flatten\soc.\spimemio.$procmux$4715_Y, Q = \soc.spimemio.rd_inc, rval = 1'0).
Adding SRST signal on $flatten\soc.\spimemio.$procdff$5311 ($dff) from module icebreaker (D = $flatten\soc.\spimemio.$logic_or$spimemio.v:100$507_Y, Q = \soc.spimemio.softreset, rval = 1'1).
Adding SRST signal on $flatten\soc.\spimemio.$procdff$5312 ($dff) from module icebreaker (D = $flatten\soc.\spimemio.$procmux$4938_Y, Q = \soc.spimemio.config_en, rval = 1'1).
Adding EN signal on $auto$ff.cc:337:slice$6484 ($sdff) from module icebreaker (D = \soc.cpu.mem_wdata [31], Q = \soc.spimemio.config_en).
Adding SRST signal on $flatten\soc.\spimemio.$procdff$5313 ($dff) from module icebreaker (D = $flatten\soc.\spimemio.$procmux$4933_Y, Q = \soc.spimemio.config_ddr, rval = 1'0).
Adding EN signal on $auto$ff.cc:337:slice$6486 ($sdff) from module icebreaker (D = \soc.cpu.mem_wdata [22], Q = \soc.spimemio.config_ddr).
Adding SRST signal on $flatten\soc.\spimemio.$procdff$5314 ($dff) from module icebreaker (D = $flatten\soc.\spimemio.$procmux$4928_Y, Q = \soc.spimemio.config_qspi, rval = 1'0).
Adding EN signal on $auto$ff.cc:337:slice$6488 ($sdff) from module icebreaker (D = \soc.cpu.mem_wdata [21], Q = \soc.spimemio.config_qspi).
Adding SRST signal on $flatten\soc.\spimemio.$procdff$5315 ($dff) from module icebreaker (D = $flatten\soc.\spimemio.$procmux$4923_Y, Q = \soc.spimemio.config_cont, rval = 1'0).
Adding EN signal on $auto$ff.cc:337:slice$6490 ($sdff) from module icebreaker (D = \soc.cpu.mem_wdata [20], Q = \soc.spimemio.config_cont).
Adding SRST signal on $flatten\soc.\spimemio.$procdff$5316 ($dff) from module icebreaker (D = $flatten\soc.\spimemio.$procmux$4918_Y, Q = \soc.spimemio.config_dummy, rval = 4'1000).
Adding EN signal on $auto$ff.cc:337:slice$6492 ($sdff) from module icebreaker (D = \soc.cpu.mem_wdata [19:16], Q = \soc.spimemio.config_dummy).
Adding SRST signal on $flatten\soc.\spimemio.$procdff$5317 ($dff) from module icebreaker (D = $flatten\soc.\spimemio.$procmux$4913_Y, Q = \soc.spimemio.config_oe, rval = 4'0000).
Adding EN signal on $auto$ff.cc:337:slice$6494 ($sdff) from module icebreaker (D = \soc.cpu.mem_wdata [11:8], Q = \soc.spimemio.config_oe).
Adding SRST signal on $flatten\soc.\spimemio.$procdff$5318 ($dff) from module icebreaker (D = $flatten\soc.\spimemio.$procmux$4908_Y, Q = \soc.spimemio.config_csb, rval = 1'0).
Adding EN signal on $auto$ff.cc:337:slice$6496 ($sdff) from module icebreaker (D = \soc.cpu.mem_wdata [5], Q = \soc.spimemio.config_csb).
Adding SRST signal on $flatten\soc.\spimemio.$procdff$5319 ($dff) from module icebreaker (D = $flatten\soc.\spimemio.$procmux$4903_Y, Q = \soc.spimemio.config_clk, rval = 1'0).
Adding EN signal on $auto$ff.cc:337:slice$6498 ($sdff) from module icebreaker (D = \soc.cpu.mem_wdata [4], Q = \soc.spimemio.config_clk).
Adding SRST signal on $flatten\soc.\spimemio.$procdff$5320 ($dff) from module icebreaker (D = $flatten\soc.\spimemio.$procmux$4898_Y, Q = \soc.spimemio.config_do, rval = 4'0000).
Adding EN signal on $auto$ff.cc:337:slice$6500 ($sdff) from module icebreaker (D = \soc.cpu.mem_wdata [3:0], Q = \soc.spimemio.config_do).
Adding SRST signal on $flatten\soc.\spimemio.\xfer.$procdff$5134 ($dff) from module icebreaker (D = \soc.spimemio.xfer.fetch, Q = \soc.spimemio.xfer.last_fetch, rval = 1'1).
Adding SRST signal on $flatten\soc.\spimemio.\xfer.$procdff$5133 ($dff) from module icebreaker (D = \soc.spimemio.xfer.next_fetch, Q = \soc.spimemio.xfer.fetch, rval = 1'1).
Adding SRST signal on $flatten\soc.\spimemio.\xfer.$procdff$5132 ($dff) from module icebreaker (D = $flatten\soc.\spimemio.\xfer.$procmux$1412_Y, Q = \soc.spimemio.xfer.xfer_tag, rval = 4'0000).
Adding EN signal on $auto$ff.cc:337:slice$6506 ($sdff) from module icebreaker (D = \soc.spimemio.din_tag, Q = \soc.spimemio.xfer.xfer_tag).
Adding SRST signal on $flatten\soc.\spimemio.\xfer.$procdff$5131 ($dff) from module icebreaker (D = $flatten\soc.\spimemio.\xfer.$procmux$1417_Y, Q = \soc.spimemio.xfer.xfer_rd, rval = 1'0).
Adding EN signal on $auto$ff.cc:337:slice$6508 ($sdff) from module icebreaker (D = \soc.spimemio.din_rd, Q = \soc.spimemio.xfer.xfer_rd).
Adding SRST signal on $flatten\soc.\spimemio.\xfer.$procdff$5130 ($dff) from module icebreaker (D = $flatten\soc.\spimemio.\xfer.$procmux$1422_Y, Q = \soc.spimemio.xfer.xfer_qspi, rval = 1'0).
Adding EN signal on $auto$ff.cc:337:slice$6510 ($sdff) from module icebreaker (D = \soc.spimemio.din_qspi, Q = \soc.spimemio.xfer.xfer_qspi).
Adding SRST signal on $flatten\soc.\spimemio.\xfer.$procdff$5128 ($dff) from module icebreaker (D = $flatten\soc.\spimemio.\xfer.$procmux$1435_Y, Q = \soc.spimemio.xfer.dummy_count, rval = 4'0000).
Adding EN signal on $auto$ff.cc:337:slice$6512 ($sdff) from module icebreaker (D = $flatten\soc.\spimemio.\xfer.$procmux$1435_Y, Q = \soc.spimemio.xfer.dummy_count).
Adding SRST signal on $flatten\soc.\spimemio.\xfer.$procdff$5127 ($dff) from module icebreaker (D = $flatten\soc.\spimemio.\xfer.$procmux$1445_Y [3], Q = \soc.spimemio.xfer.count [3], rval = 1'0).
Adding SRST signal on $flatten\soc.\spimemio.\xfer.$procdff$5127 ($dff) from module icebreaker (D = $flatten\soc.\spimemio.\xfer.$procmux$1443_Y [2:0], Q = \soc.spimemio.xfer.count [2:0], rval = 3'000).
Adding EN signal on $auto$ff.cc:337:slice$6517 ($sdff) from module icebreaker (D = $flatten\soc.\spimemio.\xfer.$2\next_count[3:0] [2:0], Q = \soc.spimemio.xfer.count [2:0]).
Adding EN signal on $auto$ff.cc:337:slice$6516 ($sdff) from module icebreaker (D = $flatten\soc.\spimemio.\xfer.$procmux$1445_Y [3], Q = \soc.spimemio.xfer.count [3]).
Adding EN signal on $flatten\soc.\spimemio.\xfer.$procdff$5126 ($dff) from module icebreaker (D = $flatten\soc.\spimemio.\xfer.$2\next_ibuffer[7:0], Q = \soc.spimemio.xfer.ibuffer).
Adding EN signal on $flatten\soc.\spimemio.\xfer.$procdff$5125 ($dff) from module icebreaker (D = $flatten\soc.\spimemio.\xfer.$procmux$1463_Y, Q = \soc.spimemio.xfer.obuffer).
Adding SRST signal on $flatten\soc.\spimemio.\xfer.$procdff$5124 ($dff) from module icebreaker (D = $flatten\soc.\spimemio.\xfer.$procmux$1468_Y, Q = \soc.spimemio.xfer.xfer_ddr, rval = 1'0).
Adding EN signal on $auto$ff.cc:337:slice$6570 ($sdff) from module icebreaker (D = \soc.spimemio.xfer.din_ddr, Q = \soc.spimemio.xfer.xfer_ddr).
Adding SRST signal on $flatten\soc.\spimemio.\xfer.$procdff$5123 ($dff) from module icebreaker (D = $flatten\soc.\spimemio.\xfer.$procmux$1473_Y, Q = \soc.spimemio.xfer.xfer_dspi, rval = 1'0).
Adding EN signal on $auto$ff.cc:337:slice$6572 ($sdff) from module icebreaker (D = \soc.spimemio.xfer.din_dspi, Q = \soc.spimemio.xfer.xfer_dspi).
Adding SRST signal on $flatten\soc.\spimemio.\xfer.$procdff$5122 ($dff) from module icebreaker (D = $flatten\soc.\spimemio.\xfer.$procmux$1481_Y, Q = \soc.spimemio.xfer.flash_clk, rval = 1'0).
Adding EN signal on $auto$ff.cc:337:slice$6574 ($sdff) from module icebreaker (D = $flatten\soc.\spimemio.\xfer.$procmux$1481_Y, Q = \soc.spimemio.xfer.flash_clk).
Adding SRST signal on $flatten\soc.\spimemio.\xfer.$procdff$5121 ($dff) from module icebreaker (D = $flatten\soc.\spimemio.\xfer.$procmux$1488_Y, Q = \soc.spimemio.xfer.flash_csb, rval = 1'1).
Adding EN signal on $auto$ff.cc:337:slice$6582 ($sdff) from module icebreaker (D = 1'0, Q = \soc.spimemio.xfer.flash_csb).
Adding EN signal on $flatten\soc.\cpu.$procdff$5195 ($dff) from module icebreaker (D = $flatten\soc.\cpu.$eq$../picorv32.v:869$731_Y, Q = \soc.cpu.instr_jal).
Adding SRST signal on $flatten\soc.\cpu.$procdff$5143 ($dff) from module icebreaker (D = $flatten\soc.\cpu.$procmux$3326_Y, Q = \soc.cpu.count_instr, rval = 64'0000000000000000000000000000000000000000000000000000000000000000).
Adding EN signal on $auto$ff.cc:337:slice$6585 ($sdff) from module icebreaker (D = $flatten\soc.\cpu.$add$../picorv32.v:1564$1113_Y, Q = \soc.cpu.count_instr).
Adding SRST signal on $flatten\soc.\cpu.$procdff$5151 ($dff) from module icebreaker (D = $flatten\soc.\cpu.$procmux$3171_Y, Q = \soc.cpu.irq_active, rval = 1'0).
Adding EN signal on $auto$ff.cc:337:slice$6593 ($sdff) from module icebreaker (D = $flatten\soc.\cpu.$procmux$3171_Y, Q = \soc.cpu.irq_active).
Adding EN signal on $flatten\soc.\cpu.$procdff$5207 ($dff) from module icebreaker (D = $flatten\soc.\cpu.$logic_and$../picorv32.v:1051$822_Y, Q = \soc.cpu.instr_lhu).
Adding SRST signal on $flatten\soc.\cpu.$procdff$5142 ($dff) from module icebreaker (D = $flatten\soc.\cpu.$add$../picorv32.v:1433$1059_Y, Q = \soc.cpu.count_cycle, rval = 64'0000000000000000000000000000000000000000000000000000000000000000).
Adding SRST signal on $flatten\soc.\cpu.$procdff$5148 ($dff) from module icebreaker (D = $flatten\soc.\cpu.$procmux$2465_Y, Q = \soc.cpu.reg_out, rval = 131072).
Adding SRST signal on $flatten\soc.\spimem_cache.$procdff$5290 ($dff) from module icebreaker (D = $flatten\soc.\spimem_cache.$procmux$4617_Y, Q = \soc.spimem_cache.hit_count, rval = 0).
Adding EN signal on $auto$ff.cc:337:slice$6606 ($sdff) from module icebreaker (D = 0, Q = \soc.spimem_cache.hit_count).
Adding EN signal on $flatten\soc.\cpu.$procdff$5287 ($dff) from module icebreaker (D = \soc.cpu.mem_rdata, Q = \soc.cpu.mem_rdata_q).
Adding EN signal on $flatten\soc.\cpu.$procdff$5282 ($dff) from module icebreaker (D = $flatten\soc.\cpu.$0\mem_state[1:0], Q = \soc.cpu.mem_state).
Adding EN signal on $flatten\soc.\cpu.$procdff$5281 ($dff) from module icebreaker (D = $flatten\soc.\cpu.$procmux$4293_Y, Q = \soc.cpu.mem_wstrb).
Adding EN signal on $flatten\soc.\cpu.$procdff$5280 ($dff) from module icebreaker (D = \soc.cpu.mem_la_wdata, Q = \soc.cpu.mem_wdata).
Adding EN signal on $flatten\soc.\cpu.$procdff$5279 ($dff) from module icebreaker (D = \soc.cpu.mem_la_addr, Q = \soc.cpu.mem_addr).
Adding SRST signal on $flatten\soc.\spimem_cache.$procdff$5291 ($dff) from module icebreaker (D = $flatten\soc.\spimem_cache.$procmux$4612_Y, Q = \soc.spimem_cache.miss_count, rval = 0).
Adding EN signal on $flatten\soc.\cpu.$procdff$5259 ($dff) from module icebreaker (D = $flatten\soc.\cpu.$eq$../picorv32.v:877$746_Y, Q = \soc.cpu.is_alu_reg_imm).
Adding SRST signal on $flatten\soc.\cpu.$procdff$5257 ($dff) from module icebreaker (D = $flatten\soc.\cpu.$procmux$3667_Y, Q = \soc.cpu.is_beq_bne_blt_bge_bltu_bgeu, rval = 1'0).
Adding EN signal on $auto$ff.cc:337:slice$6637 ($sdff) from module icebreaker (D = $flatten\soc.\cpu.$eq$../picorv32.v:874$743_Y, Q = \soc.cpu.is_beq_bne_blt_bge_bltu_bgeu).
Adding SRST signal on $flatten\soc.\cpu.$procdff$5254 ($dff) from module icebreaker (D = $flatten\soc.\cpu.$reduce_or$../picorv32.v:860$723_Y, Q = \soc.cpu.is_lui_auipc_jal_jalr_addi_add_sub, rval = 1'0).
Adding EN signal on $flatten\soc.\cpu.$procdff$5253 ($dff) from module icebreaker (D = $flatten\soc.\cpu.$logic_and$../picorv32.v:1110$979_Y, Q = \soc.cpu.is_sll_srl_sra).
Adding EN signal on $flatten\soc.\cpu.$procdff$5252 ($dff) from module icebreaker (D = $flatten\soc.\cpu.$eq$../picorv32.v:876$745_Y, Q = \soc.cpu.is_sb_sh_sw).
Adding EN signal on $flatten\soc.\cpu.$procdff$5251 ($dff) from module icebreaker (D = $flatten\soc.\cpu.$logic_or$../picorv32.v:1101$968_Y, Q = \soc.cpu.is_jalr_addi_slti_sltiu_xori_ori_andi).
Adding SRST signal on $flatten\soc.\cpu.$procdff$5261 ($dff) from module icebreaker (D = $flatten\soc.\cpu.$reduce_or$../picorv32.v:864$727_Y, Q = \soc.cpu.is_compare, rval = 1'0).
Adding EN signal on $flatten\soc.\cpu.$procdff$5260 ($dff) from module icebreaker (D = $flatten\soc.\cpu.$eq$../picorv32.v:878$747_Y, Q = \soc.cpu.is_alu_reg_reg).
Adding EN signal on $flatten\soc.\cpu.$procdff$5250 ($dff) from module icebreaker (D = $flatten\soc.\cpu.$logic_and$../picorv32.v:1095$959_Y, Q = \soc.cpu.is_slli_srli_srai).
Adding EN signal on $flatten\soc.\cpu.$procdff$5249 ($dff) from module icebreaker (D = $flatten\soc.\cpu.$eq$../picorv32.v:875$744_Y, Q = \soc.cpu.is_lb_lh_lw_lbu_lhu).
Adding EN signal on $flatten\soc.\cpu.$procdff$5247 ($dff) from module icebreaker (D = 1'0, Q = \soc.cpu.compressed_instr).
Adding EN signal on $flatten\soc.\cpu.\genblk1.pcpi_mul.$procdff$5115 ($dff) from module icebreaker (D = $flatten\soc.\cpu.\genblk1.pcpi_mul.$procmux$1346_Y, Q = \soc.cpu.genblk1.pcpi_mul.rs2).
Adding SRST signal on $auto$ff.cc:337:slice$6652 ($dffe) from module icebreaker (D = \soc.cpu.reg_op2 [31], Q = \soc.cpu.genblk1.pcpi_mul.rs2 [32], rval = 1'0).
Adding EN signal on $flatten\soc.\cpu.\genblk1.pcpi_mul.$procdff$5114 ($dff) from module icebreaker (D = $flatten\soc.\cpu.\genblk1.pcpi_mul.$procmux$1352_Y, Q = \soc.cpu.genblk1.pcpi_mul.rs1).
Adding SRST signal on $auto$ff.cc:337:slice$6655 ($dffe) from module icebreaker (D = \soc.cpu.reg_op1 [31], Q = \soc.cpu.genblk1.pcpi_mul.rs1 [32], rval = 1'0).
Adding SRST signal on $flatten\soc.\cpu.\genblk1.pcpi_mul.$procdff$5113 ($dff) from module icebreaker (D = { \soc.cpu.genblk1.pcpi_mul.active [2:0] $flatten\soc.\cpu.\genblk1.pcpi_mul.$procmux$1340_Y }, Q = \soc.cpu.genblk1.pcpi_mul.active, rval = 4'0000).
Adding EN signal on $flatten\soc.\cpu.$procdff$5246 ($dff) from module icebreaker (D = { \soc.cpu.mem_rdata_latched [31] \soc.cpu.mem_rdata_latched [31] \soc.cpu.mem_rdata_latched [31] \soc.cpu.mem_rdata_latched [31] \soc.cpu.mem_rdata_latched [31] \soc.cpu.mem_rdata_latched [31] \soc.cpu.mem_rdata_latched [31] \soc.cpu.mem_rdata_latched [31] \soc.cpu.mem_rdata_latched [31] \soc.cpu.mem_rdata_latched [31] \soc.cpu.mem_rdata_latched [31] \soc.cpu.mem_rdata_latched [31] \soc.cpu.mem_rdata_latched [19:12] \soc.cpu.mem_rdata_latched [20] \soc.cpu.mem_rdata_latched [30:21] 1'0 }, Q = \soc.cpu.decoded_imm_j).
Adding EN signal on $flatten\soc.\cpu.$procdff$5147 ($dff) from module icebreaker (D = $flatten\soc.\cpu.$procmux$3209_Y, Q = \soc.cpu.reg_op2).
Adding EN signal on $flatten\soc.\cpu.$procdff$5245 ($dff) from module icebreaker (D = $flatten\soc.\cpu.$procmux$3713_Y, Q = \soc.cpu.decoded_imm).
Adding EN signal on $flatten\soc.\cpu.$procdff$5244 ($dff) from module icebreaker (D = \soc.cpu.mem_rdata_latched [24:20], Q = \soc.cpu.decoded_rs2).
Adding EN signal on $flatten\soc.\cpu.$procdff$5243 ($dff) from module icebreaker (D = { $flatten\soc.\cpu.$procmux$3468_Y $flatten\soc.\cpu.$procmux$3552_Y }, Q = \soc.cpu.decoded_rs1).
Adding SRST signal on $auto$ff.cc:337:slice$6665 ($dffe) from module icebreaker (D = \soc.cpu.mem_rdata_latched [19:15], Q = \soc.cpu.decoded_rs1, rval = 5'00011).
Adding SRST signal on $flatten\soc.\cpu.$procdff$5150 ($dff) from module icebreaker (D = $flatten\soc.\cpu.$procmux$3196_Y, Q = \soc.cpu.irq_delay, rval = 1'0).
Adding EN signal on $auto$ff.cc:337:slice$6667 ($sdff) from module icebreaker (D = \soc.cpu.irq_active, Q = \soc.cpu.irq_delay).
Adding EN signal on $flatten\soc.\cpu.$procdff$5242 ($dff) from module icebreaker (D = \soc.cpu.mem_rdata_latched [11:7], Q = \soc.cpu.decoded_rd).
Adding EN signal on $flatten\soc.\cpu.$procdff$5241 ($dff) from module icebreaker (D = $flatten\soc.\cpu.$logic_and$../picorv32.v:1093$946_Y, Q = \soc.cpu.instr_timer).
Adding EN signal on $flatten\soc.\cpu.$procdff$5240 ($dff) from module icebreaker (D = $flatten\soc.\cpu.$logic_and$../picorv32.v:872$741_Y, Q = \soc.cpu.instr_waitirq).
Adding EN signal on $flatten\soc.\cpu.$procdff$5239 ($dff) from module icebreaker (D = $flatten\soc.\cpu.$logic_and$../picorv32.v:1092$942_Y, Q = \soc.cpu.instr_maskirq).
Adding EN signal on $flatten\soc.\cpu.$procdff$5238 ($dff) from module icebreaker (D = $flatten\soc.\cpu.$logic_and$../picorv32.v:871$737_Y, Q = \soc.cpu.instr_retirq).
Adding EN signal on $flatten\soc.\cpu.$procdff$5237 ($dff) from module icebreaker (D = 1'0, Q = \soc.cpu.instr_setq).
Adding EN signal on $flatten\soc.\cpu.$procdff$5236 ($dff) from module icebreaker (D = 1'0, Q = \soc.cpu.instr_getq).
Adding SRST signal on $flatten\soc.\cpu.$procdff$5235 ($dff) from module icebreaker (D = $flatten\soc.\cpu.$procmux$3813_Y, Q = \soc.cpu.instr_fence, rval = 1'0).
Adding EN signal on $auto$ff.cc:337:slice$6682 ($sdff) from module icebreaker (D = $flatten\soc.\cpu.$logic_and$../picorv32.v:1088$929_Y, Q = \soc.cpu.instr_fence).
Adding EN signal on $flatten\soc.\cpu.$procdff$5234 ($dff) from module icebreaker (D = $flatten\soc.\cpu.$logic_and$../picorv32.v:1086$923_Y, Q = \soc.cpu.instr_ecall_ebreak).
Adding SRST signal on $flatten\soc.\cpu.$procdff$5137 ($dff) from module icebreaker (D = $flatten\soc.\cpu.$procmux$2552_Y, Q = \soc.cpu.trap, rval = 1'0).
Adding SRST signal on $flatten\soc.\cpu.$procdff$5138 ($dff) from module icebreaker (D = $flatten\soc.\cpu.$procmux$3370_Y, Q = \soc.cpu.pcpi_valid, rval = 1'0).
Adding EN signal on $auto$ff.cc:337:slice$6686 ($sdff) from module icebreaker (D = $flatten\soc.\cpu.$procmux$3366_Y, Q = \soc.cpu.pcpi_valid).
Adding EN signal on $flatten\soc.\cpu.$procdff$5233 ($dff) from module icebreaker (D = $flatten\soc.\cpu.$logic_and$../picorv32.v:1084$916_Y, Q = \soc.cpu.instr_rdinstrh).
Adding EN signal on $flatten\soc.\cpu.$procdff$5232 ($dff) from module icebreaker (D = $flatten\soc.\cpu.$logic_and$../picorv32.v:1083$912_Y, Q = \soc.cpu.instr_rdinstr).
Adding EN signal on $flatten\soc.\cpu.$procdff$5231 ($dff) from module icebreaker (D = $flatten\soc.\cpu.$logic_and$../picorv32.v:1081$908_Y, Q = \soc.cpu.instr_rdcycleh).
Adding EN signal on $flatten\soc.\cpu.$procdff$5230 ($dff) from module icebreaker (D = $flatten\soc.\cpu.$logic_and$../picorv32.v:1079$900_Y, Q = \soc.cpu.instr_rdcycle).
Adding SRST signal on $flatten\soc.\cpu.$procdff$5229 ($dff) from module icebreaker (D = $flatten\soc.\cpu.$procmux$3827_Y, Q = \soc.cpu.instr_and, rval = 1'0).
Adding EN signal on $auto$ff.cc:337:slice$6694 ($sdff) from module icebreaker (D = $flatten\soc.\cpu.$logic_and$../picorv32.v:1077$892_Y, Q = \soc.cpu.instr_and).
Adding SRST signal on $flatten\soc.\cpu.$procdff$5228 ($dff) from module icebreaker (D = $flatten\soc.\cpu.$procmux$3831_Y, Q = \soc.cpu.instr_or, rval = 1'0).
Adding EN signal on $auto$ff.cc:337:slice$6696 ($sdff) from module icebreaker (D = $flatten\soc.\cpu.$logic_and$../picorv32.v:1076$888_Y, Q = \soc.cpu.instr_or).
Adding SRST signal on $flatten\soc.\cpu.$procdff$5227 ($dff) from module icebreaker (D = $flatten\soc.\cpu.$procmux$3835_Y, Q = \soc.cpu.instr_sra, rval = 1'0).
Adding EN signal on $auto$ff.cc:337:slice$6698 ($sdff) from module icebreaker (D = $flatten\soc.\cpu.$logic_and$../picorv32.v:1075$884_Y, Q = \soc.cpu.instr_sra).
Adding SRST signal on $flatten\soc.\cpu.$procdff$5226 ($dff) from module icebreaker (D = $flatten\soc.\cpu.$procmux$3839_Y, Q = \soc.cpu.instr_srl, rval = 1'0).
Adding EN signal on $auto$ff.cc:337:slice$6700 ($sdff) from module icebreaker (D = $flatten\soc.\cpu.$logic_and$../picorv32.v:1074$880_Y, Q = \soc.cpu.instr_srl).
Adding SRST signal on $flatten\soc.\cpu.$procdff$5225 ($dff) from module icebreaker (D = $flatten\soc.\cpu.$procmux$3843_Y, Q = \soc.cpu.instr_xor, rval = 1'0).
Adding EN signal on $auto$ff.cc:337:slice$6702 ($sdff) from module icebreaker (D = $flatten\soc.\cpu.$logic_and$../picorv32.v:1073$876_Y, Q = \soc.cpu.instr_xor).
Adding SRST signal on $flatten\soc.\cpu.$procdff$5224 ($dff) from module icebreaker (D = $flatten\soc.\cpu.$procmux$3847_Y, Q = \soc.cpu.instr_sltu, rval = 1'0).
Adding EN signal on $auto$ff.cc:337:slice$6704 ($sdff) from module icebreaker (D = $flatten\soc.\cpu.$logic_and$../picorv32.v:1072$872_Y, Q = \soc.cpu.instr_sltu).
Adding SRST signal on $flatten\soc.\cpu.$procdff$5223 ($dff) from module icebreaker (D = $flatten\soc.\cpu.$procmux$3851_Y, Q = \soc.cpu.instr_slt, rval = 1'0).
Adding EN signal on $auto$ff.cc:337:slice$6706 ($sdff) from module icebreaker (D = $flatten\soc.\cpu.$logic_and$../picorv32.v:1071$868_Y, Q = \soc.cpu.instr_slt).
Adding SRST signal on $flatten\soc.\cpu.$procdff$5222 ($dff) from module icebreaker (D = $flatten\soc.\cpu.$procmux$3855_Y, Q = \soc.cpu.instr_sll, rval = 1'0).
Adding EN signal on $auto$ff.cc:337:slice$6708 ($sdff) from module icebreaker (D = $flatten\soc.\cpu.$logic_and$../picorv32.v:1070$864_Y, Q = \soc.cpu.instr_sll).
Adding SRST signal on $flatten\soc.\cpu.$procdff$5221 ($dff) from module icebreaker (D = $flatten\soc.\cpu.$procmux$3859_Y, Q = \soc.cpu.instr_sub, rval = 1'0).
Adding EN signal on $auto$ff.cc:337:slice$6710 ($sdff) from module icebreaker (D = $flatten\soc.\cpu.$logic_and$../picorv32.v:1069$860_Y, Q = \soc.cpu.instr_sub).
Adding SRST signal on $flatten\soc.\cpu.$procdff$5220 ($dff) from module icebreaker (D = $flatten\soc.\cpu.$procmux$3863_Y, Q = \soc.cpu.instr_add, rval = 1'0).
Adding EN signal on $auto$ff.cc:337:slice$6712 ($sdff) from module icebreaker (D = $flatten\soc.\cpu.$logic_and$../picorv32.v:1068$856_Y, Q = \soc.cpu.instr_add).
Adding EN signal on $flatten\soc.\cpu.$procdff$5219 ($dff) from module icebreaker (D = $flatten\soc.\cpu.$logic_and$../picorv32.v:1066$852_Y, Q = \soc.cpu.instr_srai).
Adding EN signal on $flatten\soc.\cpu.$procdff$5218 ($dff) from module icebreaker (D = $flatten\soc.\cpu.$logic_and$../picorv32.v:1065$848_Y, Q = \soc.cpu.instr_srli).
Adding EN signal on $flatten\soc.\cpu.$procdff$5277 ($dff) from module icebreaker (D = $flatten\soc.\cpu.$0\mem_valid[0:0], Q = \soc.cpu.mem_valid).
Adding EN signal on $flatten\soc.\cpu.$procdff$5217 ($dff) from module icebreaker (D = $flatten\soc.\cpu.$logic_and$../picorv32.v:1064$844_Y, Q = \soc.cpu.instr_slli).
Adding SRST signal on $flatten\soc.\cpu.$procdff$5216 ($dff) from module icebreaker (D = $flatten\soc.\cpu.$procmux$3873_Y, Q = \soc.cpu.instr_andi, rval = 1'0).
Adding EN signal on $auto$ff.cc:337:slice$6728 ($sdff) from module icebreaker (D = $flatten\soc.\cpu.$logic_and$../picorv32.v:1062$840_Y, Q = \soc.cpu.instr_andi).
Adding SRST signal on $flatten\soc.\cpu.$procdff$5215 ($dff) from module icebreaker (D = $flatten\soc.\cpu.$procmux$3877_Y, Q = \soc.cpu.instr_ori, rval = 1'0).
Adding EN signal on $auto$ff.cc:337:slice$6730 ($sdff) from module icebreaker (D = $flatten\soc.\cpu.$logic_and$../picorv32.v:1061$838_Y, Q = \soc.cpu.instr_ori).
Adding SRST signal on $flatten\soc.\cpu.$procdff$5214 ($dff) from module icebreaker (D = $flatten\soc.\cpu.$procmux$3881_Y, Q = \soc.cpu.instr_xori, rval = 1'0).
Adding EN signal on $auto$ff.cc:337:slice$6732 ($sdff) from module icebreaker (D = $flatten\soc.\cpu.$logic_and$../picorv32.v:1060$836_Y, Q = \soc.cpu.instr_xori).
Adding SRST signal on $flatten\soc.\cpu.$procdff$5213 ($dff) from module icebreaker (D = $flatten\soc.\cpu.$procmux$3885_Y, Q = \soc.cpu.instr_sltiu, rval = 1'0).
Adding EN signal on $auto$ff.cc:337:slice$6734 ($sdff) from module icebreaker (D = $flatten\soc.\cpu.$logic_and$../picorv32.v:1059$834_Y, Q = \soc.cpu.instr_sltiu).
Adding SRST signal on $flatten\soc.\cpu.$procdff$5212 ($dff) from module icebreaker (D = $flatten\soc.\cpu.$procmux$3889_Y, Q = \soc.cpu.instr_slti, rval = 1'0).
Adding EN signal on $auto$ff.cc:337:slice$6736 ($sdff) from module icebreaker (D = $flatten\soc.\cpu.$logic_and$../picorv32.v:1058$832_Y, Q = \soc.cpu.instr_slti).
Adding SRST signal on $flatten\soc.\cpu.$procdff$5211 ($dff) from module icebreaker (D = $flatten\soc.\cpu.$procmux$3893_Y, Q = \soc.cpu.instr_addi, rval = 1'0).
Adding EN signal on $auto$ff.cc:337:slice$6738 ($sdff) from module icebreaker (D = $flatten\soc.\cpu.$logic_and$../picorv32.v:1057$830_Y, Q = \soc.cpu.instr_addi).
Adding EN signal on $flatten\soc.\cpu.$procdff$5210 ($dff) from module icebreaker (D = $flatten\soc.\cpu.$logic_and$../picorv32.v:1055$828_Y, Q = \soc.cpu.instr_sw).
Adding EN signal on $flatten\soc.\cpu.$procdff$5205 ($dff) from module icebreaker (D = $flatten\soc.\cpu.$logic_and$../picorv32.v:1049$818_Y, Q = \soc.cpu.instr_lw).
Adding EN signal on $flatten\soc.\cpu.$procdff$5204 ($dff) from module icebreaker (D = $flatten\soc.\cpu.$logic_and$../picorv32.v:1048$816_Y, Q = \soc.cpu.instr_lh).
Adding EN signal on $flatten\soc.\cpu.$procdff$5203 ($dff) from module icebreaker (D = $flatten\soc.\cpu.$logic_and$../picorv32.v:1047$814_Y, Q = \soc.cpu.instr_lb).
Adding SRST signal on $flatten\soc.\cpu.$procdff$5202 ($dff) from module icebreaker (D = $flatten\soc.\cpu.$procmux$3913_Y, Q = \soc.cpu.instr_bgeu, rval = 1'0).
Adding EN signal on $auto$ff.cc:337:slice$6744 ($sdff) from module icebreaker (D = $flatten\soc.\cpu.$logic_and$../picorv32.v:1045$812_Y, Q = \soc.cpu.instr_bgeu).
Adding SRST signal on $flatten\soc.\cpu.$procdff$5201 ($dff) from module icebreaker (D = $flatten\soc.\cpu.$procmux$3917_Y, Q = \soc.cpu.instr_bltu, rval = 1'0).
Adding EN signal on $auto$ff.cc:337:slice$6746 ($sdff) from module icebreaker (D = $flatten\soc.\cpu.$logic_and$../picorv32.v:1044$810_Y, Q = \soc.cpu.instr_bltu).
Adding SRST signal on $flatten\soc.\cpu.$procdff$5200 ($dff) from module icebreaker (D = $flatten\soc.\cpu.$procmux$3921_Y, Q = \soc.cpu.instr_bge, rval = 1'0).
Adding EN signal on $auto$ff.cc:337:slice$6748 ($sdff) from module icebreaker (D = $flatten\soc.\cpu.$logic_and$../picorv32.v:1043$808_Y, Q = \soc.cpu.instr_bge).
Adding SRST signal on $flatten\soc.\cpu.$procdff$5199 ($dff) from module icebreaker (D = $flatten\soc.\cpu.$procmux$3925_Y, Q = \soc.cpu.instr_blt, rval = 1'0).
Adding EN signal on $auto$ff.cc:337:slice$6750 ($sdff) from module icebreaker (D = $flatten\soc.\cpu.$logic_and$../picorv32.v:1042$806_Y, Q = \soc.cpu.instr_blt).
Adding SRST signal on $flatten\soc.\cpu.$procdff$5198 ($dff) from module icebreaker (D = $flatten\soc.\cpu.$procmux$3929_Y, Q = \soc.cpu.instr_bne, rval = 1'0).
Adding EN signal on $auto$ff.cc:337:slice$6752 ($sdff) from module icebreaker (D = $flatten\soc.\cpu.$logic_and$../picorv32.v:1041$804_Y, Q = \soc.cpu.instr_bne).
Adding SRST signal on $flatten\soc.\cpu.$procdff$5197 ($dff) from module icebreaker (D = $flatten\soc.\cpu.$procmux$3933_Y, Q = \soc.cpu.instr_beq, rval = 1'0).
Adding EN signal on $auto$ff.cc:337:slice$6754 ($sdff) from module icebreaker (D = $flatten\soc.\cpu.$logic_and$../picorv32.v:1040$802_Y, Q = \soc.cpu.instr_beq).
Adding EN signal on $flatten\soc.\cpu.$procdff$5194 ($dff) from module icebreaker (D = $flatten\soc.\cpu.$eq$../picorv32.v:868$730_Y, Q = \soc.cpu.instr_auipc).
Adding EN signal on $flatten\soc.\cpu.$procdff$5193 ($dff) from module icebreaker (D = $flatten\soc.\cpu.$eq$../picorv32.v:867$729_Y, Q = \soc.cpu.instr_lui).
Adding EN signal on $flatten\soc.\cpu.$procdff$5192 ($dff) from module icebreaker (D = \soc.cpu.mem_rdata_q, Q = \soc.cpu.pcpi_insn).
Adding EN signal on $flatten\soc.\cpu.$procdff$5206 ($dff) from module icebreaker (D = $flatten\soc.\cpu.$logic_and$../picorv32.v:1050$820_Y, Q = \soc.cpu.instr_lbu).
Adding SRST signal on $flatten\soc.\cpu.$procdff$5186 ($dff) from module icebreaker (D = $flatten\soc.\cpu.$procmux$2317_Y, Q = \soc.cpu.do_waitirq, rval = 1'0).
Adding SRST signal on $flatten\soc.\cpu.$procdff$5184 ($dff) from module icebreaker (D = $flatten\soc.\cpu.$logic_not$../picorv32.v:1429$1058_Y, Q = \soc.cpu.pcpi_timeout, rval = 1'0).
Adding SRST signal on $flatten\soc.\cpu.$procdff$5183 ($dff) from module icebreaker (D = $flatten\soc.\cpu.$procmux$2558_Y, Q = \soc.cpu.pcpi_timeout_counter, rval = 4'1111).
Adding EN signal on $auto$ff.cc:337:slice$6770 ($sdff) from module icebreaker (D = $flatten\soc.\cpu.$sub$../picorv32.v:1426$1057_Y [3:0], Q = \soc.cpu.pcpi_timeout_counter).
Adding SRST signal on $flatten\soc.\cpu.$procdff$5181 ($dff) from module icebreaker (D = $flatten\soc.\cpu.$procmux$2573_Y, Q = \soc.cpu.latched_rd, rval = 5'00010).
Adding EN signal on $auto$ff.cc:337:slice$6772 ($sdff) from module icebreaker (D = $flatten\soc.\cpu.$procmux$2573_Y, Q = \soc.cpu.latched_rd).
Adding SRST signal on $flatten\soc.\cpu.$procdff$5180 ($dff) from module icebreaker (D = $flatten\soc.\cpu.$procmux$2599_Y, Q = \soc.cpu.latched_is_lb, rval = 1'0).
Adding EN signal on $auto$ff.cc:337:slice$6780 ($sdff) from module icebreaker (D = $flatten\soc.\cpu.$procmux$2599_Y, Q = \soc.cpu.latched_is_lb).
Adding SRST signal on $flatten\soc.\cpu.$procdff$5179 ($dff) from module icebreaker (D = $flatten\soc.\cpu.$procmux$2612_Y, Q = \soc.cpu.latched_is_lh, rval = 1'0).
Adding EN signal on $auto$ff.cc:337:slice$6790 ($sdff) from module icebreaker (D = $flatten\soc.\cpu.$procmux$2612_Y, Q = \soc.cpu.latched_is_lh).
Adding SRST signal on $flatten\soc.\cpu.$procdff$5178 ($dff) from module icebreaker (D = $flatten\soc.\cpu.$procmux$2625_Y, Q = \soc.cpu.latched_is_lu, rval = 1'0).
Adding EN signal on $auto$ff.cc:337:slice$6800 ($sdff) from module icebreaker (D = $flatten\soc.\cpu.$procmux$2625_Y, Q = \soc.cpu.latched_is_lu).
Adding EN signal on $flatten\soc.\cpu.$procdff$5176 ($dff) from module icebreaker (D = \soc.cpu.compressed_instr, Q = \soc.cpu.latched_compr).
Adding SRST signal on $flatten\soc.\cpu.$procdff$5175 ($dff) from module icebreaker (D = $flatten\soc.\cpu.$procmux$2670_Y, Q = \soc.cpu.latched_branch, rval = 1'0).
Adding EN signal on $auto$ff.cc:337:slice$6815 ($sdff) from module icebreaker (D = $flatten\soc.\cpu.$procmux$2670_Y, Q = \soc.cpu.latched_branch).
Adding SRST signal on $flatten\soc.\cpu.$procdff$5174 ($dff) from module icebreaker (D = $flatten\soc.\cpu.$procmux$2706_Y, Q = \soc.cpu.latched_stalu, rval = 1'0).
Adding EN signal on $auto$ff.cc:337:slice$6823 ($sdff) from module icebreaker (D = $flatten\soc.\cpu.$procmux$2706_Y, Q = \soc.cpu.latched_stalu).
Adding SRST signal on $flatten\soc.\cpu.$procdff$5173 ($dff) from module icebreaker (D = $flatten\soc.\cpu.$procmux$2713_Y, Q = \soc.cpu.latched_store, rval = 1'1).
Adding EN signal on $auto$ff.cc:337:slice$6831 ($sdff) from module icebreaker (D = $flatten\soc.\cpu.$procmux$2713_Y, Q = \soc.cpu.latched_store).
Adding SRST signal on $flatten\soc.\cpu.$procdff$5169 ($dff) from module icebreaker (D = $flatten\soc.\cpu.$procmux$2771_Y, Q = \soc.cpu.irq_state, rval = 2'00).
Adding EN signal on $auto$ff.cc:337:slice$6841 ($sdff) from module icebreaker (D = $flatten\soc.\cpu.$ternary$../picorv32.v:1540$1103_Y, Q = \soc.cpu.irq_state).
Adding SRST signal on $flatten\soc.\cpu.$procdff$5162 ($dff) from module icebreaker (D = $flatten\soc.\cpu.$procmux$2331_Y, Q = \soc.cpu.decoder_pseudo_trigger, rval = 1'0).
Adding SRST signal on $flatten\soc.\cpu.$procdff$5159 ($dff) from module icebreaker (D = $flatten\soc.\cpu.$procmux$2983_Y, Q = \soc.cpu.mem_do_wdata, rval = 1'1).
Adding EN signal on $auto$ff.cc:337:slice$6848 ($sdff) from module icebreaker (D = 1'0, Q = \soc.cpu.mem_do_wdata).
Adding SRST signal on $flatten\soc.\cpu.$procdff$5158 ($dff) from module icebreaker (D = $flatten\soc.\cpu.$procmux$2987_Y, Q = \soc.cpu.mem_do_rdata, rval = 1'1).
Adding EN signal on $auto$ff.cc:337:slice$6850 ($sdff) from module icebreaker (D = 1'0, Q = \soc.cpu.mem_do_rdata).
Adding SRST signal on $flatten\soc.\cpu.$procdff$5157 ($dff) from module icebreaker (D = $flatten\soc.\cpu.$procmux$3061_Y, Q = \soc.cpu.mem_do_rinst, rval = 1'1).
Adding EN signal on $auto$ff.cc:337:slice$6852 ($sdff) from module icebreaker (D = $flatten\soc.\cpu.$procmux$3061_Y, Q = \soc.cpu.mem_do_rinst).
Adding SRST signal on $flatten\soc.\cpu.$procdff$5156 ($dff) from module icebreaker (D = $flatten\soc.\cpu.$procmux$3086_Y, Q = \soc.cpu.mem_do_prefetch, rval = 1'0).
Adding EN signal on $auto$ff.cc:337:slice$6868 ($sdff) from module icebreaker (D = $flatten\soc.\cpu.$logic_and$../picorv32.v:1573$1117_Y, Q = \soc.cpu.mem_do_prefetch).
Adding SRST signal on $flatten\soc.\cpu.$procdff$5154 ($dff) from module icebreaker (D = $flatten\soc.\cpu.$procmux$3134_Y, Q = \soc.cpu.timer, rval = 0).
Adding SRST signal on $flatten\soc.\cpu.$procdff$5153 ($dff) from module icebreaker (D = { $flatten\soc.\cpu.$2\next_irq_pending[31:0] [31:3] $flatten\soc.\cpu.$2\next_irq_pending[31:0] [1] }, Q = { \soc.cpu.irq_pending [31:3] \soc.cpu.irq_pending [1] }, rval = 30'000000000000000000000000000000).
Adding EN signal on $auto$ff.cc:337:slice$6879 ($sdff) from module icebreaker (D = $flatten\soc.\cpu.$2\next_irq_pending[31:0] [1], Q = \soc.cpu.irq_pending [1]).
Adding EN signal on $auto$ff.cc:337:slice$6879 ($sdff) from module icebreaker (D = $flatten\soc.\cpu.$2\next_irq_pending[31:0] [31:3], Q = \soc.cpu.irq_pending [31:3]).
Adding SRST signal on $flatten\soc.\cpu.$procdff$5152 ($dff) from module icebreaker (D = $flatten\soc.\cpu.$procmux$3152_Y, Q = \soc.cpu.irq_mask, rval = 32'11111111111111111111111111111111).
Adding EN signal on $auto$ff.cc:337:slice$6903 ($sdff) from module icebreaker (D = \soc.cpu.cpuregs_rs1, Q = \soc.cpu.irq_mask).
Setting constant 0-bit at position 0 on $auto$ff.cc:337:slice$6681 ($dffe) from module icebreaker.
Setting constant 0-bit at position 0 on $auto$ff.cc:337:slice$6680 ($dffe) from module icebreaker.
Setting constant 0-bit at position 0 on $auto$ff.cc:337:slice$6659 ($dffe) from module icebreaker.
Setting constant 0-bit at position 0 on $auto$ff.cc:337:slice$6651 ($dffe) from module icebreaker.
Setting constant 0-bit at position 0 on $auto$ff.cc:337:slice$6607 ($sdffe) from module icebreaker.
Setting constant 0-bit at position 1 on $auto$ff.cc:337:slice$6607 ($sdffe) from module icebreaker.
Setting constant 0-bit at position 2 on $auto$ff.cc:337:slice$6607 ($sdffe) from module icebreaker.
Setting constant 0-bit at position 3 on $auto$ff.cc:337:slice$6607 ($sdffe) from module icebreaker.
Setting constant 0-bit at position 4 on $auto$ff.cc:337:slice$6607 ($sdffe) from module icebreaker.
Setting constant 0-bit at position 5 on $auto$ff.cc:337:slice$6607 ($sdffe) from module icebreaker.
Setting constant 0-bit at position 6 on $auto$ff.cc:337:slice$6607 ($sdffe) from module icebreaker.
Setting constant 0-bit at position 7 on $auto$ff.cc:337:slice$6607 ($sdffe) from module icebreaker.
Setting constant 0-bit at position 8 on $auto$ff.cc:337:slice$6607 ($sdffe) from module icebreaker.
Setting constant 0-bit at position 9 on $auto$ff.cc:337:slice$6607 ($sdffe) from module icebreaker.
Setting constant 0-bit at position 10 on $auto$ff.cc:337:slice$6607 ($sdffe) from module icebreaker.
Setting constant 0-bit at position 11 on $auto$ff.cc:337:slice$6607 ($sdffe) from module icebreaker.
Setting constant 0-bit at position 12 on $auto$ff.cc:337:slice$6607 ($sdffe) from module icebreaker.
Setting constant 0-bit at position 13 on $auto$ff.cc:337:slice$6607 ($sdffe) from module icebreaker.
Setting constant 0-bit at position 14 on $auto$ff.cc:337:slice$6607 ($sdffe) from module icebreaker.
Setting constant 0-bit at position 15 on $auto$ff.cc:337:slice$6607 ($sdffe) from module icebreaker.
Setting constant 0-bit at position 16 on $auto$ff.cc:337:slice$6607 ($sdffe) from module icebreaker.
Setting constant 0-bit at position 17 on $auto$ff.cc:337:slice$6607 ($sdffe) from module icebreaker.
Setting constant 0-bit at position 18 on $auto$ff.cc:337:slice$6607 ($sdffe) from module icebreaker.
Setting constant 0-bit at position 19 on $auto$ff.cc:337:slice$6607 ($sdffe) from module icebreaker.
Setting constant 0-bit at position 20 on $auto$ff.cc:337:slice$6607 ($sdffe) from module icebreaker.
Setting constant 0-bit at position 21 on $auto$ff.cc:337:slice$6607 ($sdffe) from module icebreaker.
Setting constant 0-bit at position 22 on $auto$ff.cc:337:slice$6607 ($sdffe) from module icebreaker.
Setting constant 0-bit at position 23 on $auto$ff.cc:337:slice$6607 ($sdffe) from module icebreaker.
Setting constant 0-bit at position 24 on $auto$ff.cc:337:slice$6607 ($sdffe) from module icebreaker.
Setting constant 0-bit at position 25 on $auto$ff.cc:337:slice$6607 ($sdffe) from module icebreaker.
Setting constant 0-bit at position 26 on $auto$ff.cc:337:slice$6607 ($sdffe) from module icebreaker.
Setting constant 0-bit at position 27 on $auto$ff.cc:337:slice$6607 ($sdffe) from module icebreaker.
Setting constant 0-bit at position 28 on $auto$ff.cc:337:slice$6607 ($sdffe) from module icebreaker.
Setting constant 0-bit at position 29 on $auto$ff.cc:337:slice$6607 ($sdffe) from module icebreaker.
Setting constant 0-bit at position 30 on $auto$ff.cc:337:slice$6607 ($sdffe) from module icebreaker.
Setting constant 0-bit at position 31 on $auto$ff.cc:337:slice$6607 ($sdffe) from module icebreaker.
Setting constant 1-bit at position 0 on $auto$ff.cc:337:slice$6316 ($sdffe) from module icebreaker.

7.13.7. Executing OPT_CLEAN pass (remove unused cells and wires).
Finding unused cells or wires in module \icebreaker..
Removed 304 unused cells and 363 unused wires.
<suppressed ~308 debug messages>

7.13.8. Executing OPT_EXPR pass (perform const folding).
Optimizing module icebreaker.
<suppressed ~36 debug messages>

7.13.9. Rerunning OPT passes. (Maybe there is more to do..)

7.13.10. Executing OPT_MUXTREE pass (detect dead branches in mux trees).
Running muxtree optimizer on module \icebreaker..
  Creating internal representation of mux trees.
  Evaluating internal representation of mux trees.
  Analyzing evaluation results.
Removed 0 multiplexer ports.
<suppressed ~532 debug messages>

7.13.11. Executing OPT_REDUCE pass (consolidate $*mux and $reduce_* inputs).
  Optimizing cells in module \icebreaker.
    New input vector for $reduce_and cell $auto$opt_dff.cc:252:make_patterns_logic$6877: { \soc.cpu.cpu_state [1] \soc.cpu.decoder_trigger \reset_cnt $auto$rtlil.cc:3197:Not$6871 $auto$rtlil.cc:3197:Not$6873 $auto$rtlil.cc:3197:Not$6875 }
    New input vector for $reduce_and cell $auto$opt_dff.cc:278:combine_resets$6847: { $flatten\soc.\cpu.$logic_or$../picorv32.v:1857$1184_Y \reset_cnt $auto$fsm_map.cc:102:implement_pattern_cache$5718 }
    New input vector for $reduce_and cell $auto$opt_dff.cc:252:make_patterns_logic$6814: { \soc.cpu.cpu_state [1] \reset_cnt $auto$rtlil.cc:3197:Not$6812 }
    New input vector for $reduce_and cell $auto$opt_dff.cc:252:make_patterns_logic$6662: { \soc.cpu.cpu_state [2] \reset_cnt }
    New input vector for $reduce_and cell $auto$opt_dff.cc:252:make_patterns_logic$6291: { $logic_and$icebreaker.v:113$395_Y \reset_cnt }
    New input vector for $reduce_and cell $auto$opt_dff.cc:252:make_patterns_logic$6404: { \reset_cnt $auto$opt_dff.cc:234:make_patterns_logic$6389 $auto$opt_dff.cc:234:make_patterns_logic$6391 $auto$opt_dff.cc:234:make_patterns_logic$6393 $auto$opt_dff.cc:234:make_patterns_logic$6395 $auto$opt_dff.cc:234:make_patterns_logic$6397 $auto$opt_dff.cc:234:make_patterns_logic$6399 $auto$opt_dff.cc:234:make_patterns_logic$6401 }
    New input vector for $reduce_and cell $auto$opt_dff.cc:252:make_patterns_logic$6387: { \reset_cnt $auto$opt_dff.cc:234:make_patterns_logic$6370 $auto$opt_dff.cc:234:make_patterns_logic$6372 $auto$opt_dff.cc:234:make_patterns_logic$6374 $auto$opt_dff.cc:234:make_patterns_logic$6376 $auto$opt_dff.cc:234:make_patterns_logic$6378 $auto$opt_dff.cc:234:make_patterns_logic$6380 $auto$opt_dff.cc:234:make_patterns_logic$6382 $auto$opt_dff.cc:234:make_patterns_logic$6384 }
    New ctrl vector for $pmux cell $flatten\soc.\cpu.$procmux$1827: { \soc.cpu.cpu_state [1] \soc.cpu.cpu_state [2] }
  Optimizing cells in module \icebreaker.
Performed a total of 8 changes.

7.13.12. Executing OPT_MERGE pass (detect identical cells).
Finding identical cells in module `\icebreaker'.
Computing hashes of 1483 cells of `\icebreaker'.
Finding duplicate cells in `\icebreaker'.
Computing hashes of 1436 cells of `\icebreaker'.
Finding duplicate cells in `\icebreaker'.
Computing hashes of 1431 cells of `\icebreaker'.
Finding duplicate cells in `\icebreaker'.
<suppressed ~156 debug messages>
Removed a total of 52 cells.

7.13.13. Executing OPT_DFF pass (perform DFF optimizations).
Setting constant 0-bit at position 0 on $auto$ff.cc:337:slice$6810 ($dffe) from module icebreaker.

7.13.14. Executing OPT_CLEAN pass (remove unused cells and wires).
Finding unused cells or wires in module \icebreaker..
Removed 1 unused cells and 54 unused wires.
<suppressed ~2 debug messages>

7.13.15. Executing OPT_EXPR pass (perform const folding).
Optimizing module icebreaker.
<suppressed ~2 debug messages>

7.13.16. Rerunning OPT passes. (Maybe there is more to do..)

7.13.17. Executing OPT_MUXTREE pass (detect dead branches in mux trees).
Running muxtree optimizer on module \icebreaker..
  Creating internal representation of mux trees.
  Evaluating internal representation of mux trees.
  Analyzing evaluation results.
Removed 0 multiplexer ports.
<suppressed ~532 debug messages>

7.13.18. Executing OPT_REDUCE pass (consolidate $*mux and $reduce_* inputs).
  Optimizing cells in module \icebreaker.
Performed a total of 0 changes.

7.13.19. Executing OPT_MERGE pass (detect identical cells).
Finding identical cells in module `\icebreaker'.
Computing hashes of 1427 cells of `\icebreaker'.
Finding duplicate cells in `\icebreaker'.
Removed a total of 0 cells.

7.13.20. Executing OPT_DFF pass (perform DFF optimizations).

7.13.21. Executing OPT_CLEAN pass (remove unused cells and wires).
Finding unused cells or wires in module \icebreaker..
Removed 0 unused cells and 2 unused wires.
<suppressed ~1 debug messages>

7.13.22. Executing OPT_EXPR pass (perform const folding).
Optimizing module icebreaker.

7.13.23. Rerunning OPT passes. (Maybe there is more to do..)

7.13.24. Executing OPT_MUXTREE pass (detect dead branches in mux trees).
Running muxtree optimizer on module \icebreaker..
  Creating internal representation of mux trees.
  Evaluating internal representation of mux trees.
  Analyzing evaluation results.
Removed 0 multiplexer ports.
<suppressed ~532 debug messages>

7.13.25. Executing OPT_REDUCE pass (consolidate $*mux and $reduce_* inputs).
  Optimizing cells in module \icebreaker.
Performed a total of 0 changes.

7.13.26. Executing OPT_MERGE pass (detect identical cells).
Finding identical cells in module `\icebreaker'.
Computing hashes of 1427 cells of `\icebreaker'.
Finding duplicate cells in `\icebreaker'.
Removed a total of 0 cells.

7.13.27. Executing OPT_DFF pass (perform DFF optimizations).

7.13.28. Executing OPT_CLEAN pass (remove unused cells and wires).
Finding unused cells or wires in module \icebreaker..

7.13.29. Executing OPT_EXPR pass (perform const folding).
Optimizing module icebreaker.

7.13.30. Finished fast OPT passes. (There is nothing left to do.)

7.14. Executing WREDUCE pass (reducing word size of cells).
Removed top 28 address bits (of 32) from memory init port icebreaker.$flatten\seven_segment_ctrl.\msb_nibble.$auto$mem.cc:351:emit$1327 ($flatten\seven_segment_ctrl.\msb_nibble.$auto$proc_rom.cc:155:do_switch$1325).
Removed top 28 address bits (of 32) from memory init port icebreaker.$flatten\seven_segment_ctrl.\lsb_nibble.$auto$mem.cc:351:emit$1327 ($flatten\seven_segment_ctrl.\lsb_nibble.$auto$proc_rom.cc:155:do_switch$1325).
Removed top 11 bits (of 31) from FF cell icebreaker.$auto$ff.cc:337:slice$6907 ($dffe).
Removed top 1 bits (of 2) from port B of cell icebreaker.$auto$opt_dff.cc:235:make_patterns_logic$6900 ($ne).
Removed top 1 bits (of 2) from port B of cell icebreaker.$auto$opt_dff.cc:235:make_patterns_logic$6891 ($ne).
Removed top 1 bits (of 2) from port B of cell icebreaker.$auto$opt_dff.cc:235:make_patterns_logic$6889 ($ne).
Removed top 2 bits (of 3) from port B of cell icebreaker.$auto$opt_dff.cc:235:make_patterns_logic$6865 ($ne).
Removed top 2 bits (of 4) from port B of cell icebreaker.$auto$opt_dff.cc:235:make_patterns_logic$6861 ($ne).
Removed top 2 bits (of 6) from port B of cell icebreaker.$auto$opt_dff.cc:235:make_patterns_logic$6857 ($ne).
Removed top 1 bits (of 3) from port B of cell icebreaker.$auto$opt_dff.cc:235:make_patterns_logic$6855 ($ne).
Removed top 1 bits (of 3) from port B of cell icebreaker.$auto$opt_dff.cc:235:make_patterns_logic$6838 ($ne).
Removed top 1 bits (of 2) from port B of cell icebreaker.$auto$opt_dff.cc:235:make_patterns_logic$6724 ($ne).
Removed top 2 bits (of 3) from port B of cell icebreaker.$auto$opt_dff.cc:235:make_patterns_logic$6720 ($ne).
Removed top 1 bits (of 4) from FF cell icebreaker.$auto$ff.cc:337:slice$6658 ($sdff).
Removed top 2 bits (of 4) from port B of cell icebreaker.$auto$opt_dff.cc:235:make_patterns_logic$6615 ($ne).
Removed top 1 bits (of 2) from port B of cell icebreaker.$auto$opt_dff.cc:235:make_patterns_logic$6600 ($ne).
Removed top 2 bits (of 3) from port B of cell icebreaker.$auto$opt_dff.cc:235:make_patterns_logic$6559 ($ne).
Removed top 2 bits (of 3) from port B of cell icebreaker.$auto$opt_dff.cc:235:make_patterns_logic$6557 ($ne).
Removed top 1 bits (of 2) from port B of cell icebreaker.$auto$opt_dff.cc:235:make_patterns_logic$6535 ($ne).
Removed top 1 bits (of 2) from port B of cell icebreaker.$auto$opt_dff.cc:235:make_patterns_logic$6428 ($ne).
Removed top 1 bits (of 2) from port B of cell icebreaker.$auto$opt_dff.cc:235:make_patterns_logic$6418 ($ne).
Removed top 1 bits (of 2) from port B of cell icebreaker.$auto$opt_dff.cc:235:make_patterns_logic$6400 ($ne).
Removed top 3 bits (of 4) from port B of cell icebreaker.$auto$opt_dff.cc:235:make_patterns_logic$6398 ($ne).
Removed top 1 bits (of 2) from port B of cell icebreaker.$auto$opt_dff.cc:235:make_patterns_logic$6385 ($ne).
Removed top 2 bits (of 3) from port B of cell icebreaker.$auto$opt_dff.cc:235:make_patterns_logic$6379 ($ne).
Removed top 1 bits (of 3) from port B of cell icebreaker.$auto$fsm_map.cc:77:implement_pattern_cache$6259 ($eq).
Removed top 1 bits (of 4) from port B of cell icebreaker.$auto$fsm_map.cc:77:implement_pattern_cache$6251 ($eq).
Removed top 2 bits (of 3) from port B of cell icebreaker.$auto$fsm_map.cc:77:implement_pattern_cache$6194 ($eq).
Removed top 1 bits (of 4) from port B of cell icebreaker.$auto$fsm_map.cc:77:implement_pattern_cache$6185 ($eq).
Removed top 2 bits (of 3) from port B of cell icebreaker.$auto$fsm_map.cc:77:implement_pattern_cache$6178 ($eq).
Removed top 3 bits (of 4) from port B of cell icebreaker.$auto$fsm_map.cc:77:implement_pattern_cache$6137 ($eq).
Removed top 1 bits (of 7) from port B of cell icebreaker.$auto$fsm_map.cc:77:implement_pattern_cache$6024 ($eq).
Removed top 2 bits (of 8) from port B of cell icebreaker.$auto$fsm_map.cc:77:implement_pattern_cache$6020 ($eq).
Removed top 3 bits (of 7) from port B of cell icebreaker.$auto$fsm_map.cc:77:implement_pattern_cache$6016 ($eq).
Removed top 3 bits (of 5) from port B of cell icebreaker.$auto$fsm_map.cc:77:implement_pattern_cache$6012 ($eq).
Removed top 1 bits (of 6) from port B of cell icebreaker.$auto$fsm_map.cc:77:implement_pattern_cache$6004 ($eq).
Removed top 2 bits (of 7) from port B of cell icebreaker.$auto$fsm_map.cc:77:implement_pattern_cache$6000 ($eq).
Removed top 3 bits (of 6) from port B of cell icebreaker.$auto$fsm_map.cc:77:implement_pattern_cache$5996 ($eq).
Removed top 3 bits (of 4) from port B of cell icebreaker.$auto$fsm_map.cc:77:implement_pattern_cache$5992 ($eq).
Removed top 1 bits (of 6) from port B of cell icebreaker.$auto$fsm_map.cc:77:implement_pattern_cache$5984 ($eq).
Removed top 2 bits (of 7) from port B of cell icebreaker.$auto$fsm_map.cc:77:implement_pattern_cache$5980 ($eq).
Removed top 3 bits (of 6) from port B of cell icebreaker.$auto$fsm_map.cc:77:implement_pattern_cache$5976 ($eq).
Removed top 2 bits (of 4) from port B of cell icebreaker.$auto$fsm_map.cc:77:implement_pattern_cache$5972 ($eq).
Removed top 1 bits (of 10) from port B of cell icebreaker.$auto$fsm_map.cc:77:implement_pattern_cache$5923 ($eq).
Removed top 2 bits (of 11) from port B of cell icebreaker.$auto$fsm_map.cc:77:implement_pattern_cache$5919 ($eq).
Removed top 3 bits (of 10) from port B of cell icebreaker.$auto$fsm_map.cc:77:implement_pattern_cache$5915 ($eq).
Removed top 3 bits (of 8) from port B of cell icebreaker.$auto$fsm_map.cc:77:implement_pattern_cache$5911 ($eq).
Removed top 1 bits (of 6) from port B of cell icebreaker.$auto$fsm_map.cc:77:implement_pattern_cache$5902 ($eq).
Removed top 2 bits (of 7) from port B of cell icebreaker.$auto$fsm_map.cc:77:implement_pattern_cache$5898 ($eq).
Removed top 3 bits (of 6) from port B of cell icebreaker.$auto$fsm_map.cc:77:implement_pattern_cache$5894 ($eq).
Removed top 3 bits (of 4) from port B of cell icebreaker.$auto$fsm_map.cc:77:implement_pattern_cache$5890 ($eq).
Removed top 1 bits (of 6) from port B of cell icebreaker.$auto$fsm_map.cc:77:implement_pattern_cache$5882 ($eq).
Removed top 2 bits (of 7) from port B of cell icebreaker.$auto$fsm_map.cc:77:implement_pattern_cache$5878 ($eq).
Removed top 3 bits (of 6) from port B of cell icebreaker.$auto$fsm_map.cc:77:implement_pattern_cache$5874 ($eq).
Removed top 2 bits (of 4) from port B of cell icebreaker.$auto$fsm_map.cc:77:implement_pattern_cache$5870 ($eq).
Removed top 1 bits (of 10) from port B of cell icebreaker.$auto$fsm_map.cc:77:implement_pattern_cache$5862 ($eq).
Removed top 2 bits (of 11) from port B of cell icebreaker.$auto$fsm_map.cc:77:implement_pattern_cache$5858 ($eq).
Removed top 3 bits (of 10) from port B of cell icebreaker.$auto$fsm_map.cc:77:implement_pattern_cache$5854 ($eq).
Removed top 3 bits (of 8) from port B of cell icebreaker.$auto$fsm_map.cc:77:implement_pattern_cache$5850 ($eq).
Removed top 1 bits (of 7) from port B of cell icebreaker.$auto$fsm_map.cc:77:implement_pattern_cache$5841 ($eq).
Removed top 2 bits (of 8) from port B of cell icebreaker.$auto$fsm_map.cc:77:implement_pattern_cache$5837 ($eq).
Removed top 3 bits (of 7) from port B of cell icebreaker.$auto$fsm_map.cc:77:implement_pattern_cache$5833 ($eq).
Removed top 2 bits (of 5) from port B of cell icebreaker.$auto$fsm_map.cc:77:implement_pattern_cache$5829 ($eq).
Removed top 1 bits (of 6) from port B of cell icebreaker.$auto$fsm_map.cc:77:implement_pattern_cache$5821 ($eq).
Removed top 2 bits (of 7) from port B of cell icebreaker.$auto$fsm_map.cc:77:implement_pattern_cache$5817 ($eq).
Removed top 3 bits (of 6) from port B of cell icebreaker.$auto$fsm_map.cc:77:implement_pattern_cache$5813 ($eq).
Removed top 2 bits (of 4) from port B of cell icebreaker.$auto$fsm_map.cc:77:implement_pattern_cache$5809 ($eq).
Removed top 1 bits (of 12) from port B of cell icebreaker.$auto$fsm_map.cc:77:implement_pattern_cache$5801 ($eq).
Removed top 2 bits (of 13) from port B of cell icebreaker.$auto$fsm_map.cc:77:implement_pattern_cache$5797 ($eq).
Removed top 3 bits (of 12) from port B of cell icebreaker.$auto$fsm_map.cc:77:implement_pattern_cache$5793 ($eq).
Removed top 7 bits (of 10) from port B of cell icebreaker.$auto$fsm_map.cc:77:implement_pattern_cache$5789 ($eq).
Removed top 1 bits (of 6) from port B of cell icebreaker.$auto$fsm_map.cc:77:implement_pattern_cache$5784 ($eq).
Removed top 2 bits (of 8) from port B of cell icebreaker.$auto$fsm_map.cc:77:implement_pattern_cache$5780 ($eq).
Removed top 3 bits (of 9) from port B of cell icebreaker.$auto$fsm_map.cc:77:implement_pattern_cache$5776 ($eq).
Removed top 4 bits (of 8) from port B of cell icebreaker.$auto$fsm_map.cc:77:implement_pattern_cache$5772 ($eq).
Removed top 4 bits (of 6) from port B of cell icebreaker.$auto$fsm_map.cc:77:implement_pattern_cache$5768 ($eq).
Removed top 1 bits (of 9) from port B of cell icebreaker.$auto$fsm_map.cc:77:implement_pattern_cache$5760 ($eq).
Removed top 2 bits (of 10) from port B of cell icebreaker.$auto$fsm_map.cc:77:implement_pattern_cache$5756 ($eq).
Removed top 3 bits (of 9) from port B of cell icebreaker.$auto$fsm_map.cc:77:implement_pattern_cache$5752 ($eq).
Removed top 4 bits (of 7) from port B of cell icebreaker.$auto$fsm_map.cc:77:implement_pattern_cache$5748 ($eq).
Removed top 1 bits (of 7) from port B of cell icebreaker.$auto$fsm_map.cc:77:implement_pattern_cache$5735 ($eq).
Removed top 2 bits (of 8) from port B of cell icebreaker.$auto$fsm_map.cc:77:implement_pattern_cache$5729 ($eq).
Removed top 3 bits (of 7) from port B of cell icebreaker.$auto$fsm_map.cc:77:implement_pattern_cache$5723 ($eq).
Removed top 2 bits (of 5) from port B of cell icebreaker.$auto$fsm_map.cc:77:implement_pattern_cache$5717 ($eq).
Removed top 1 bits (of 6) from port B of cell icebreaker.$auto$fsm_map.cc:77:implement_pattern_cache$5709 ($eq).
Removed top 2 bits (of 7) from port B of cell icebreaker.$auto$fsm_map.cc:77:implement_pattern_cache$5705 ($eq).
Removed top 3 bits (of 6) from port B of cell icebreaker.$auto$fsm_map.cc:77:implement_pattern_cache$5701 ($eq).
Removed top 2 bits (of 4) from port B of cell icebreaker.$auto$fsm_map.cc:77:implement_pattern_cache$5697 ($eq).
Removed top 1 bits (of 6) from port B of cell icebreaker.$auto$fsm_map.cc:77:implement_pattern_cache$5689 ($eq).
Removed top 2 bits (of 7) from port B of cell icebreaker.$auto$fsm_map.cc:77:implement_pattern_cache$5685 ($eq).
Removed top 3 bits (of 6) from port B of cell icebreaker.$auto$fsm_map.cc:77:implement_pattern_cache$5681 ($eq).
Removed top 2 bits (of 4) from port B of cell icebreaker.$auto$fsm_map.cc:77:implement_pattern_cache$5677 ($eq).
Removed top 1 bits (of 7) from port B of cell icebreaker.$auto$fsm_map.cc:77:implement_pattern_cache$5669 ($eq).
Removed top 2 bits (of 8) from port B of cell icebreaker.$auto$fsm_map.cc:77:implement_pattern_cache$5665 ($eq).
Removed top 3 bits (of 7) from port B of cell icebreaker.$auto$fsm_map.cc:77:implement_pattern_cache$5661 ($eq).
Removed top 2 bits (of 5) from port B of cell icebreaker.$auto$fsm_map.cc:77:implement_pattern_cache$5657 ($eq).
Removed top 1 bits (of 6) from port B of cell icebreaker.$auto$fsm_map.cc:77:implement_pattern_cache$5649 ($eq).
Removed top 2 bits (of 7) from port B of cell icebreaker.$auto$fsm_map.cc:77:implement_pattern_cache$5645 ($eq).
Removed top 3 bits (of 6) from port B of cell icebreaker.$auto$fsm_map.cc:77:implement_pattern_cache$5641 ($eq).
Removed top 3 bits (of 4) from port B of cell icebreaker.$auto$fsm_map.cc:77:implement_pattern_cache$5637 ($eq).
Removed top 1 bits (of 8) from port B of cell icebreaker.$auto$fsm_map.cc:77:implement_pattern_cache$5629 ($eq).
Removed top 2 bits (of 9) from port B of cell icebreaker.$auto$fsm_map.cc:77:implement_pattern_cache$5625 ($eq).
Removed top 3 bits (of 8) from port B of cell icebreaker.$auto$fsm_map.cc:77:implement_pattern_cache$5621 ($eq).
Removed top 5 bits (of 6) from port B of cell icebreaker.$auto$fsm_map.cc:77:implement_pattern_cache$5617 ($eq).
Removed top 1 bits (of 7) from port B of cell icebreaker.$auto$fsm_map.cc:77:implement_pattern_cache$5593 ($eq).
Removed top 2 bits (of 9) from port B of cell icebreaker.$auto$fsm_map.cc:77:implement_pattern_cache$5589 ($eq).
Removed top 3 bits (of 10) from port B of cell icebreaker.$auto$fsm_map.cc:77:implement_pattern_cache$5585 ($eq).
Removed top 4 bits (of 9) from port B of cell icebreaker.$auto$fsm_map.cc:77:implement_pattern_cache$5581 ($eq).
Removed top 3 bits (of 7) from port B of cell icebreaker.$auto$fsm_map.cc:77:implement_pattern_cache$5577 ($eq).
Removed top 1 bits (of 9) from port B of cell icebreaker.$auto$fsm_map.cc:77:implement_pattern_cache$5569 ($eq).
Removed top 2 bits (of 10) from port B of cell icebreaker.$auto$fsm_map.cc:77:implement_pattern_cache$5565 ($eq).
Removed top 3 bits (of 9) from port B of cell icebreaker.$auto$fsm_map.cc:77:implement_pattern_cache$5561 ($eq).
Removed top 4 bits (of 7) from port B of cell icebreaker.$auto$fsm_map.cc:77:implement_pattern_cache$5557 ($eq).
Removed top 1 bits (of 7) from port B of cell icebreaker.$auto$fsm_map.cc:77:implement_pattern_cache$5549 ($eq).
Removed top 2 bits (of 8) from port B of cell icebreaker.$auto$fsm_map.cc:77:implement_pattern_cache$5545 ($eq).
Removed top 3 bits (of 7) from port B of cell icebreaker.$auto$fsm_map.cc:77:implement_pattern_cache$5541 ($eq).
Removed top 2 bits (of 5) from port B of cell icebreaker.$auto$fsm_map.cc:77:implement_pattern_cache$5537 ($eq).
Removed top 1 bits (of 5) from port B of cell icebreaker.$auto$fsm_map.cc:77:implement_pattern_cache$5533 ($eq).
Removed top 2 bits (of 6) from port B of cell icebreaker.$auto$fsm_map.cc:77:implement_pattern_cache$5531 ($eq).
Removed top 3 bits (of 5) from port B of cell icebreaker.$auto$fsm_map.cc:77:implement_pattern_cache$5529 ($eq).
Removed top 1 bits (of 6) from port B of cell icebreaker.$auto$fsm_map.cc:77:implement_pattern_cache$5519 ($eq).
Removed top 2 bits (of 7) from port B of cell icebreaker.$auto$fsm_map.cc:77:implement_pattern_cache$5515 ($eq).
Removed top 3 bits (of 6) from port B of cell icebreaker.$auto$fsm_map.cc:77:implement_pattern_cache$5511 ($eq).
Removed top 2 bits (of 4) from port B of cell icebreaker.$auto$fsm_map.cc:77:implement_pattern_cache$5507 ($eq).
Removed top 1 bits (of 4) from port B of cell icebreaker.$auto$fsm_map.cc:77:implement_pattern_cache$5502 ($eq).
Removed top 3 bits (of 5) from port B of cell icebreaker.$auto$fsm_map.cc:77:implement_pattern_cache$5500 ($eq).
Removed top 1 bits (of 5) from port B of cell icebreaker.$auto$fsm_map.cc:77:implement_pattern_cache$5492 ($eq).
Removed top 2 bits (of 6) from port B of cell icebreaker.$auto$fsm_map.cc:77:implement_pattern_cache$5488 ($eq).
Removed top 3 bits (of 5) from port B of cell icebreaker.$auto$fsm_map.cc:77:implement_pattern_cache$5484 ($eq).
Removed top 2 bits (of 3) from port B of cell icebreaker.$auto$fsm_map.cc:77:implement_pattern_cache$5480 ($eq).
Removed top 1 bits (of 7) from port B of cell icebreaker.$auto$fsm_map.cc:77:implement_pattern_cache$5476 ($eq).
Removed top 2 bits (of 9) from port B of cell icebreaker.$auto$fsm_map.cc:77:implement_pattern_cache$5472 ($eq).
Removed top 3 bits (of 10) from port B of cell icebreaker.$auto$fsm_map.cc:77:implement_pattern_cache$5468 ($eq).
Removed top 4 bits (of 9) from port B of cell icebreaker.$auto$fsm_map.cc:77:implement_pattern_cache$5464 ($eq).
Removed top 4 bits (of 7) from port B of cell icebreaker.$auto$fsm_map.cc:77:implement_pattern_cache$5460 ($eq).
Removed top 5 bits (of 6) from port B of cell icebreaker.$add$icebreaker.v:56$387 ($add).
Removed top 6 bits (of 8) from port B of cell icebreaker.$eq$icebreaker.v:113$394 ($eq).
Removed top 31 bits (of 32) from port B of cell icebreaker.$flatten\seven_segment_ctrl.$add$icebreaker.v:197$455 ($add).
Removed top 22 bits (of 32) from port Y of cell icebreaker.$flatten\seven_segment_ctrl.$add$icebreaker.v:197$455 ($add).
Removed top 31 bits (of 32) from port B of cell icebreaker.$flatten\soc.\simpleuart.$add$simpleuart.v:74$478 ($add).
Removed top 31 bits (of 32) from port B of cell icebreaker.$flatten\soc.\simpleuart.$add$simpleuart.v:99$484 ($add).
Removed top 28 bits (of 32) from port Y of cell icebreaker.$flatten\soc.\simpleuart.$add$simpleuart.v:99$484 ($add).
Removed top 31 bits (of 32) from port B of cell icebreaker.$flatten\soc.\simpleuart.$add$simpleuart.v:112$487 ($add).
Removed top 31 bits (of 32) from port B of cell icebreaker.$flatten\soc.\simpleuart.$sub$simpleuart.v:132$495 ($sub).
Removed top 28 bits (of 32) from port Y of cell icebreaker.$flatten\soc.\simpleuart.$sub$simpleuart.v:132$495 ($sub).
Removed top 1 bits (of 10) from mux cell icebreaker.$flatten\soc.\simpleuart.$procmux$4973 ($mux).
Removed top 1 bits (of 10) from mux cell icebreaker.$flatten\soc.\simpleuart.$procmux$4976 ($mux).
Removed top 3 bits (of 4) from port B of cell icebreaker.$flatten\soc.\simpleuart.$procmux$5033_CMP0 ($eq).
Removed top 3 bits (of 4) from port B of cell icebreaker.$flatten\soc.\spimemio.$eq$spimemio.v:221$530 ($eq).
Removed top 2 bits (of 4) from port B of cell icebreaker.$flatten\soc.\spimemio.$eq$spimemio.v:222$532 ($eq).
Removed top 2 bits (of 4) from port B of cell icebreaker.$flatten\soc.\spimemio.$eq$spimemio.v:223$534 ($eq).
Removed top 1 bits (of 4) from port B of cell icebreaker.$flatten\soc.\spimemio.$eq$spimemio.v:224$536 ($eq).
Removed top 29 bits (of 32) from port B of cell icebreaker.$flatten\soc.\spimemio.$add$spimemio.v:226$538 ($add).
Removed top 7 bits (of 32) from port Y of cell icebreaker.$flatten\soc.\spimemio.$add$spimemio.v:226$538 ($add).
Removed top 8 bits (of 32) from mux cell icebreaker.$flatten\soc.\spimemio.$ternary$spimemio.v:226$540 ($mux).
Removed top 1 bits (of 8) from mux cell icebreaker.$flatten\soc.\spimemio.$ternary$spimemio.v:316$545 ($mux).
Removed top 1 bits (of 2) from port B of cell icebreaker.$flatten\soc.\spimemio.$procmux$4882_CMP0 ($eq).
Removed top 1 bits (of 2) from port B of cell icebreaker.$flatten\soc.\spimemio.\xfer.$procmux$1502_CMP0 ($eq).
Removed top 28 bits (of 32) from mux cell icebreaker.$flatten\soc.\spimemio.\xfer.$ternary$spimemio.v:567$1292 ($mux).
Removed top 2 bits (of 4) from port B of cell icebreaker.$flatten\soc.\spimemio.\xfer.$sub$spimemio.v:524$1275 ($sub).
Removed top 1 bits (of 4) from port B of cell icebreaker.$flatten\soc.\spimemio.\xfer.$sub$spimemio.v:491$1263 ($sub).
Removed top 3 bits (of 4) from port B of cell icebreaker.$flatten\soc.\spimemio.\xfer.$sub$spimemio.v:471$1256 ($sub).
Removed top 31 bits (of 32) from port B of cell icebreaker.$flatten\soc.\spimem_cache.$add$picosoc.v:314$556 ($add).
Removed top 3 bits (of 4) from port A of cell icebreaker.$flatten\soc.\cpu.$shl$../picorv32.v:419$651 ($shl).
Removed top 30 bits (of 32) from mux cell icebreaker.$flatten\soc.\cpu.$ternary$../picorv32.v:617$710 ($mux).
Removed top 1 bits (of 7) from port B of cell icebreaker.$flatten\soc.\cpu.$eq$../picorv32.v:867$729 ($eq).
Removed top 2 bits (of 7) from port B of cell icebreaker.$flatten\soc.\cpu.$eq$../picorv32.v:868$730 ($eq).
Removed top 4 bits (of 7) from port B of cell icebreaker.$flatten\soc.\cpu.$eq$../picorv32.v:872$740 ($eq).
Removed top 5 bits (of 7) from port B of cell icebreaker.$flatten\soc.\cpu.$eq$../picorv32.v:875$744 ($eq).
Removed top 1 bits (of 7) from port B of cell icebreaker.$flatten\soc.\cpu.$eq$../picorv32.v:876$745 ($eq).
Removed top 2 bits (of 7) from port B of cell icebreaker.$flatten\soc.\cpu.$eq$../picorv32.v:877$746 ($eq).
Removed top 1 bits (of 7) from port B of cell icebreaker.$flatten\soc.\cpu.$eq$../picorv32.v:878$747 ($eq).
Removed top 3 bits (of 7) from port B of cell icebreaker.$flatten\soc.\cpu.$eq$../picorv32.v:889$753 ($eq).
Removed top 5 bits (of 7) from port B of cell icebreaker.$flatten\soc.\cpu.$eq$../picorv32.v:889$754 ($eq).
Removed top 3 bits (of 7) from port B of cell icebreaker.$flatten\soc.\cpu.$eq$../picorv32.v:1088$927 ($eq).
Removed top 5 bits (of 7) from port B of cell icebreaker.$flatten\soc.\cpu.$eq$../picorv32.v:1092$941 ($eq).
Removed top 3 bits (of 7) from port B of cell icebreaker.$flatten\soc.\cpu.$eq$../picorv32.v:1093$944 ($eq).
Removed top 4 bits (of 7) from port B of cell icebreaker.$flatten\soc.\cpu.$eq$../picorv32.v:1093$945 ($eq).
Removed top 1 bits (of 3) from port B of cell icebreaker.$flatten\soc.\cpu.$eq$../picorv32.v:1104$963 ($eq).
Removed top 1 bits (of 3) from port B of cell icebreaker.$flatten\soc.\cpu.$eq$../picorv32.v:1103$964 ($eq).
Removed top 1 bits (of 7) from port B of cell icebreaker.$flatten\soc.\cpu.$eq$../picorv32.v:1113$970 ($eq).
Removed top 2 bits (of 3) from port B of cell icebreaker.$flatten\soc.\cpu.$eq$../picorv32.v:1111$975 ($eq).
Removed top 29 bits (of 32) from port B of cell icebreaker.$flatten\soc.\cpu.$add$../picorv32.v:1317$1027 ($add).
Removed top 31 bits (of 32) from port B of cell icebreaker.$flatten\soc.\cpu.$sub$../picorv32.v:1426$1057 ($sub).
Removed top 28 bits (of 32) from port Y of cell icebreaker.$flatten\soc.\cpu.$sub$../picorv32.v:1426$1057 ($sub).
Removed top 31 bits (of 32) from port B of cell icebreaker.$flatten\soc.\cpu.$add$../picorv32.v:1433$1059 ($add).
Removed top 1 bits (of 2) from port B of cell icebreaker.$flatten\soc.\cpu.$eq$../picorv32.v:1541$1101 ($eq).
Removed top 29 bits (of 32) from mux cell icebreaker.$flatten\soc.\cpu.$ternary$../picorv32.v:1546$1104 ($mux).
Removed top 29 bits (of 32) from port B of cell icebreaker.$flatten\soc.\cpu.$add$../picorv32.v:1560$1112 ($add).
Removed top 31 bits (of 32) from port B of cell icebreaker.$flatten\soc.\cpu.$add$../picorv32.v:1564$1113 ($add).
Removed top 29 bits (of 32) from port B of cell icebreaker.$flatten\soc.\cpu.$ge$../picorv32.v:1835$1167 ($ge).
Removed top 29 bits (of 32) from port B of cell icebreaker.$flatten\soc.\cpu.$sub$../picorv32.v:1842$1175 ($sub).
Removed top 27 bits (of 32) from port Y of cell icebreaker.$flatten\soc.\cpu.$sub$../picorv32.v:1842$1175 ($sub).
Removed top 31 bits (of 32) from port B of cell icebreaker.$flatten\soc.\cpu.$sub$../picorv32.v:1850$1182 ($sub).
Removed top 27 bits (of 32) from port Y of cell icebreaker.$flatten\soc.\cpu.$sub$../picorv32.v:1850$1182 ($sub).
Removed top 31 bits (of 32) from port B of cell icebreaker.$flatten\soc.\cpu.$sub$../picorv32.v:1918$1199 ($sub).
Removed top 29 bits (of 32) from mux cell icebreaker.$flatten\soc.\cpu.$procmux$2257 ($mux).
Removed top 1 bits (of 2) from port B of cell icebreaker.$flatten\soc.\cpu.$procmux$4562_CMP0 ($eq).
Removed top 1 bits (of 2) from port B of cell icebreaker.$flatten\soc.\cpu.$procmux$4330_CMP0 ($eq).
Removed top 2 bits (of 3) from port B of cell icebreaker.$flatten\soc.\cpu.\genblk1.pcpi_mul.$procmux$1391_CMP0 ($eq).
Removed top 1 bits (of 3) from port B of cell icebreaker.$flatten\soc.\cpu.\genblk1.pcpi_mul.$procmux$1383_CMP0 ($eq).
Removed top 1 bits (of 3) from port B of cell icebreaker.$flatten\soc.\cpu.\genblk1.pcpi_mul.$procmux$1376_CMP0 ($eq).
Removed cell icebreaker.$flatten\soc.\cpu.\genblk1.pcpi_mul.$procmux$1352 ($mux).
Removed cell icebreaker.$flatten\soc.\cpu.\genblk1.pcpi_mul.$procmux$1346 ($mux).
Removed top 32 bits (of 64) from mux cell icebreaker.$flatten\soc.\cpu.\genblk1.pcpi_mul.$ternary$../picorv32.v:2411$1313 ($mux).
Converting cell icebreaker.$flatten\soc.\cpu.\genblk1.pcpi_mul.$mul$../picorv32.v:2371$1306 ($mul) from unsigned to signed.
Removed top 31 bits (of 64) from port A of cell icebreaker.$flatten\soc.\cpu.\genblk1.pcpi_mul.$mul$../picorv32.v:2371$1306 ($mul).
Removed top 31 bits (of 64) from port B of cell icebreaker.$flatten\soc.\cpu.\genblk1.pcpi_mul.$mul$../picorv32.v:2371$1306 ($mul).
Removed top 6 bits (of 7) from port B of cell icebreaker.$flatten\soc.\cpu.\genblk1.pcpi_mul.$eq$../picorv32.v:2345$1299 ($eq).
Removed top 1 bits (of 7) from port B of cell icebreaker.$flatten\soc.\cpu.\genblk1.pcpi_mul.$eq$../picorv32.v:2345$1297 ($eq).
Removed top 14 bits (of 32) from port B of cell icebreaker.$flatten\soc.$lt$picosoc.v:262$451 ($lt).
Removed top 6 bits (of 32) from port B of cell icebreaker.$flatten\soc.$lt$picosoc.v:189$437 ($lt).
Removed top 14 bits (of 32) from port B of cell icebreaker.$flatten\soc.$ge$picosoc.v:189$435 ($ge).
Removed top 6 bits (of 32) from port B of cell icebreaker.$flatten\soc.$eq$picosoc.v:145$412 ($eq).
Removed top 6 bits (of 32) from port B of cell icebreaker.$flatten\soc.$eq$picosoc.v:142$410 ($eq).
Removed top 6 bits (of 32) from port B of cell icebreaker.$flatten\soc.$eq$picosoc.v:139$408 ($eq).
Removed top 7 bits (of 8) from port B of cell icebreaker.$flatten\soc.$gt$picosoc.v:134$406 ($gt).
Removed top 6 bits (of 32) from port B of cell icebreaker.$flatten\soc.$eq$picosoc.v:125$400 ($eq).
Removed top 6 bits (of 32) from port B of cell icebreaker.$flatten\soc.$eq$picosoc.v:124$398 ($eq).
Removed top 1 bits (of 3) from FF cell icebreaker.$auto$ff.cc:337:slice$6658 ($sdff).
Removed top 7 bits (of 32) from port B of cell icebreaker.$flatten\soc.\spimemio.$ne$spimemio.v:72$502 ($ne).
Removed top 29 bits (of 32) from wire icebreaker.$flatten\soc.\cpu.$14\next_irq_pending[31:0].
Removed top 27 bits (of 32) from wire icebreaker.$flatten\soc.\cpu.$sub$../picorv32.v:1850$1182_Y.
Removed top 27 bits (of 32) from wire icebreaker.$flatten\soc.\cpu.$sub$../picorv32.v:1842$1175_Y.
Removed top 3 bits (of 4) from wire icebreaker.$flatten\soc.\spimemio.\xfer.$reduce_or$spimemio.v:471$1255_Y.
Removed top 28 bits (of 32) from wire icebreaker.$flatten\soc.\spimemio.\xfer.$ternary$spimemio.v:567$1292_Y.
Removed top 29 bits (of 32) from wire icebreaker.$flatten\soc.\cpu.$ternary$../picorv32.v:1546$1104_Y.
Removed top 29 bits (of 32) from wire icebreaker.$flatten\soc.\cpu.$1\next_irq_pending[31:0].
Removed top 28 bits (of 32) from wire icebreaker.$flatten\soc.\cpu.$sub$../picorv32.v:1426$1057_Y.
Removed top 29 bits (of 32) from wire icebreaker.$flatten\soc.\cpu.$0\irq_pending[31:0].
Removed top 1 bits (of 8) from wire icebreaker.$flatten\soc.\spimemio.$ternary$spimemio.v:316$545_Y.
Removed top 8 bits (of 32) from wire icebreaker.$flatten\soc.\spimemio.$ternary$spimemio.v:226$540_Y.
Removed top 7 bits (of 32) from wire icebreaker.$flatten\soc.\spimemio.$add$spimemio.v:226$538_Y.
Removed top 1 bits (of 10) from wire icebreaker.$flatten\soc.\simpleuart.$procmux$4976_Y.
Removed top 1 bits (of 10) from wire icebreaker.$flatten\soc.\simpleuart.$procmux$4973_Y.
Removed top 28 bits (of 32) from wire icebreaker.$flatten\soc.\simpleuart.$sub$simpleuart.v:132$495_Y.
Removed top 28 bits (of 32) from wire icebreaker.$flatten\soc.\simpleuart.$add$simpleuart.v:99$484_Y.
Removed top 5 bits (of 6) from wire icebreaker.$logic_not$icebreaker.v:56$386_Y.

7.15. Executing PEEPOPT pass (run peephole optimizers).

7.16. Executing OPT_CLEAN pass (remove unused cells and wires).
Finding unused cells or wires in module \icebreaker..
Removed 0 unused cells and 22 unused wires.
<suppressed ~1 debug messages>

7.17. Executing SHARE pass (SAT-based resource sharing).
Found 4 cells in module icebreaker that may be considered for resource sharing.
  Analyzing resource sharing options for $flatten\seven_segment_ctrl.\msb_nibble.$auto$mem.cc:305:emit$1326 ($memrd_v2):
    Found 1 activation_patterns using ctrl signal \seven_segment_ctrl.msb_not_lsb.
    No candidates found.
  Analyzing resource sharing options for $flatten\seven_segment_ctrl.\lsb_nibble.$auto$mem.cc:305:emit$1326 ($memrd_v2):
    Found 1 activation_patterns using ctrl signal \seven_segment_ctrl.msb_not_lsb.
    No candidates found.
  Analyzing resource sharing options for $flatten\soc.\cpu.\cpuregs.$memrd$\regs$picosoc.v:415$1323 ($memrd):
    Found 2 activation_patterns using ctrl signal { $flatten\soc.\cpu.$reduce_bool$../picorv32.v:1391$1041_Y \soc.cpu.cpu_state [2] \soc.cpu.is_slli_srli_srai \resetn $auto$opt_reduce.cc:137:opt_pmux$5366 $auto$opt_reduce.cc:137:opt_pmux$5370 $auto$opt_reduce.cc:137:opt_pmux$5400 }.
    Found 1 candidates: $flatten\soc.\cpu.\cpuregs.$memrd$\regs$picosoc.v:414$1322
    Analyzing resource sharing with $flatten\soc.\cpu.\cpuregs.$memrd$\regs$picosoc.v:414$1322 ($memrd):
      Found 1 activation_patterns using ctrl signal $flatten\soc.\cpu.$reduce_bool$../picorv32.v:1390$1039_Y.
      Activation pattern for cell $flatten\soc.\cpu.\cpuregs.$memrd$\regs$picosoc.v:415$1323: { $flatten\soc.\cpu.$reduce_bool$../picorv32.v:1391$1041_Y $auto$opt_reduce.cc:137:opt_pmux$5366 $auto$opt_reduce.cc:137:opt_pmux$5400 } = 3'100
      Activation pattern for cell $flatten\soc.\cpu.\cpuregs.$memrd$\regs$picosoc.v:415$1323: { $flatten\soc.\cpu.$reduce_bool$../picorv32.v:1391$1041_Y \soc.cpu.cpu_state [2] \soc.cpu.is_slli_srli_srai \resetn $auto$opt_reduce.cc:137:opt_pmux$5370 } = 5'11010
      Activation pattern for cell $flatten\soc.\cpu.\cpuregs.$memrd$\regs$picosoc.v:414$1322: $flatten\soc.\cpu.$reduce_bool$../picorv32.v:1390$1039_Y = 1'1
      Size of SAT problem: 9 cells, 146 variables, 314 clauses
      According to the SAT solver this pair of cells can not be shared.
      Model from SAT solver: { $flatten\soc.\cpu.$reduce_bool$../picorv32.v:1391$1041_Y $flatten\soc.\cpu.$reduce_bool$../picorv32.v:1390$1039_Y \soc.cpu.cpu_state [2] \soc.cpu.is_slli_srli_srai \resetn $auto$opt_reduce.cc:137:opt_pmux$5366 $auto$opt_reduce.cc:137:opt_pmux$5370 $auto$opt_reduce.cc:137:opt_pmux$5400 } = 8'11000000
  Analyzing resource sharing options for $flatten\soc.\cpu.\cpuregs.$memrd$\regs$picosoc.v:414$1322 ($memrd):
    Found 1 activation_patterns using ctrl signal $flatten\soc.\cpu.$reduce_bool$../picorv32.v:1390$1039_Y.
    No candidates found.

7.18. Executing TECHMAP pass (map to technology primitives).

7.18.1. Executing Verilog-2005 frontend: /homes/cl2033/oss-cad-suite/lib/../share/yosys/cmp2lut.v
Parsing Verilog input from `/homes/cl2033/oss-cad-suite/lib/../share/yosys/cmp2lut.v' to AST representation.
Generating RTLIL representation for module `\_90_lut_cmp_'.
Successfully finished Verilog frontend.

7.18.2. Continuing TECHMAP pass.
No more expansions possible.
<suppressed ~244 debug messages>

7.19. Executing OPT_EXPR pass (perform const folding).
Optimizing module icebreaker.

7.20. Executing OPT_CLEAN pass (remove unused cells and wires).
Finding unused cells or wires in module \icebreaker..

7.21. Executing MEMORY_DFF pass (merging $dff cells to $memrd).
Checking read port `\soc.cpu.cpuregs.regs'[0] in module `\icebreaker': no output FF found.
Checking read port `\soc.cpu.cpuregs.regs'[1] in module `\icebreaker': no output FF found.
Checking read port `$flatten\seven_segment_ctrl.\msb_nibble.$auto$proc_rom.cc:155:do_switch$1325'[0] in module `\icebreaker': no output FF found.
Checking read port `$flatten\seven_segment_ctrl.\lsb_nibble.$auto$proc_rom.cc:155:do_switch$1325'[0] in module `\icebreaker': no output FF found.
Checking read port address `\soc.cpu.cpuregs.regs'[0] in module `\icebreaker': merged address FF to cell.
Checking read port address `\soc.cpu.cpuregs.regs'[1] in module `\icebreaker': merged address FF to cell.
Checking read port address `$flatten\seven_segment_ctrl.\msb_nibble.$auto$proc_rom.cc:155:do_switch$1325'[0] in module `\icebreaker': merged address FF to cell.
Checking read port address `$flatten\seven_segment_ctrl.\lsb_nibble.$auto$proc_rom.cc:155:do_switch$1325'[0] in module `\icebreaker': merged address FF to cell.

7.22. Executing WREDUCE pass (reducing word size of cells).

7.23. Executing TECHMAP pass (map to technology primitives).

7.23.1. Executing Verilog-2005 frontend: /homes/cl2033/oss-cad-suite/lib/../share/yosys/mul2dsp.v
Parsing Verilog input from `/homes/cl2033/oss-cad-suite/lib/../share/yosys/mul2dsp.v' to AST representation.
Generating RTLIL representation for module `\_80_mul'.
Generating RTLIL representation for module `\_90_soft_mul'.
Successfully finished Verilog frontend.

7.23.2. Executing Verilog-2005 frontend: /homes/cl2033/oss-cad-suite/lib/../share/yosys/ice40/dsp_map.v
Parsing Verilog input from `/homes/cl2033/oss-cad-suite/lib/../share/yosys/ice40/dsp_map.v' to AST representation.
Generating RTLIL representation for module `$__MUL16X16'.
Successfully finished Verilog frontend.

7.23.3. Continuing TECHMAP pass.
Using template $paramod$5efeea90693f84d3d630c641baa632b310460194\_80_mul for cells of type $mul.
Using template $paramod$fe3f08c82dc5cecd4a24543ed8a4e62df626c9e1\_80_mul for cells of type $__mul.
Using template $paramod$2ffd9f5c4d2342f026c1383579123954dafb052e\_90_soft_mul for cells of type $__mul.
Using template $paramod$92398c55cd62669b28876c227b4269e3610ebe7b\_80_mul for cells of type $__mul.
Using template $paramod$04102eddbb25e3003f2ea9d39f38ce53d47fc2f5\_90_soft_mul for cells of type $__mul.
Using template $paramod$c33ca6cc290ce647b4a8312d13907f93404a692e$__MUL16X16 for cells of type $__MUL16X16.
No more expansions possible.
<suppressed ~376 debug messages>

7.24. Executing OPT_EXPR pass (perform const folding).
Optimizing module icebreaker.
<suppressed ~6 debug messages>

7.25. Executing WREDUCE pass (reducing word size of cells).
Removed top 1 bits (of 17) from port Y of cell icebreaker.$techmap$flatten\soc.\cpu.\genblk1.pcpi_mul.$mul$../picorv32.v:2371$1306.genblk1.genblk1.genblk1.genblk1.genblk1.genblk1.sliceA[1].mul.$add$/homes/cl2033/oss-cad-suite/lib/../share/yosys/mul2dsp.v:230$6961 ($add).
Removed top 1 bits (of 17) from port A of cell icebreaker.$techmap$flatten\soc.\cpu.\genblk1.pcpi_mul.$mul$../picorv32.v:2371$1306.genblk1.genblk1.genblk1.genblk1.genblk1.genblk1.sliceA[1].mul.$add$/homes/cl2033/oss-cad-suite/lib/../share/yosys/mul2dsp.v:230$6961 ($add).
Removed top 1 bits (of 17) from port B of cell icebreaker.$techmap$flatten\soc.\cpu.\genblk1.pcpi_mul.$mul$../picorv32.v:2371$1306.genblk1.genblk1.genblk1.genblk1.genblk1.genblk1.sliceA[1].mul.$add$/homes/cl2033/oss-cad-suite/lib/../share/yosys/mul2dsp.v:230$6961 ($add).
Removed top 1 bits (of 33) from port A of cell icebreaker.$techmap$flatten\soc.\cpu.\genblk1.pcpi_mul.$mul$../picorv32.v:2371$1306.genblk1.genblk1.genblk1.genblk1.genblk1.genblk1.sliceA[1].mul.$add$/homes/cl2033/oss-cad-suite/lib/../share/yosys/mul2dsp.v:216$6958 ($add).
Removed top 17 bits (of 33) from port B of cell icebreaker.$techmap$flatten\soc.\cpu.\genblk1.pcpi_mul.$mul$../picorv32.v:2371$1306.genblk1.genblk1.genblk1.genblk1.genblk1.genblk1.sliceA[1].mul.$add$/homes/cl2033/oss-cad-suite/lib/../share/yosys/mul2dsp.v:216$6958 ($add).
Removed top 1 bits (of 33) from port Y of cell icebreaker.$techmap$flatten\soc.\cpu.\genblk1.pcpi_mul.$mul$../picorv32.v:2371$1306.genblk1.genblk1.genblk1.genblk1.genblk1.genblk1.sliceA[1].mul.$add$/homes/cl2033/oss-cad-suite/lib/../share/yosys/mul2dsp.v:216$6958 ($add).
Removed top 1 bits (of 33) from port A of cell icebreaker.$techmap$flatten\soc.\cpu.\genblk1.pcpi_mul.$mul$../picorv32.v:2371$1306.genblk1.genblk1.genblk1.genblk1.genblk1.genblk1.sliceA[0].mul.$add$/homes/cl2033/oss-cad-suite/lib/../share/yosys/mul2dsp.v:216$6958 ($add).
Removed top 17 bits (of 33) from port B of cell icebreaker.$techmap$flatten\soc.\cpu.\genblk1.pcpi_mul.$mul$../picorv32.v:2371$1306.genblk1.genblk1.genblk1.genblk1.genblk1.genblk1.sliceA[0].mul.$add$/homes/cl2033/oss-cad-suite/lib/../share/yosys/mul2dsp.v:216$6958 ($add).
Removed top 15 bits (of 48) from port B of cell icebreaker.$techmap$flatten\soc.\cpu.\genblk1.pcpi_mul.$mul$../picorv32.v:2371$1306.$add$/homes/cl2033/oss-cad-suite/lib/../share/yosys/mul2dsp.v:159$6951 ($add).

7.26. Executing ICE40_DSP pass (map multipliers).
Checking icebreaker.$flatten\soc.\cpu.\genblk1.pcpi_mul.$mul$../picorv32.v:2371$1306.genblk1.genblk1.genblk1.genblk1.genblk1.genblk1.sliceA[0].mul.genblk1.genblk1.genblk1.genblk1.genblk1.genblk1.genblk1.sliceB[1].mul for iCE40 DSP inference.
  clock: \clk (posedge) ffA:$auto$ff.cc:337:slice$6657 ffB:$auto$ff.cc:337:slice$6654
  adder $techmap$flatten\soc.\cpu.\genblk1.pcpi_mul.$mul$../picorv32.v:2371$1306.genblk1.genblk1.genblk1.genblk1.genblk1.genblk1.sliceA[0].mul.$add$/homes/cl2033/oss-cad-suite/lib/../share/yosys/mul2dsp.v:216$6958 ($add)
Checking icebreaker.$flatten\soc.\cpu.\genblk1.pcpi_mul.$mul$../picorv32.v:2371$1306.genblk1.genblk1.genblk1.genblk1.genblk1.genblk1.sliceA[1].mul.genblk1.genblk1.genblk1.genblk1.genblk1.genblk1.genblk1.sliceB[0].mul for iCE40 DSP inference.
  clock: \clk (posedge) ffA:$auto$ff.cc:337:slice$6657 ffB:$auto$ff.cc:337:slice$6654
Checking icebreaker.$flatten\soc.\cpu.\genblk1.pcpi_mul.$mul$../picorv32.v:2371$1306.genblk1.genblk1.genblk1.genblk1.genblk1.genblk1.sliceA[1].mul.genblk1.genblk1.genblk1.genblk1.genblk1.genblk1.genblk1.sliceB[1].mul for iCE40 DSP inference.
  clock: \clk (posedge) ffA:$auto$ff.cc:337:slice$6657 ffB:$auto$ff.cc:337:slice$6654
  adder $techmap$flatten\soc.\cpu.\genblk1.pcpi_mul.$mul$../picorv32.v:2371$1306.genblk1.genblk1.genblk1.genblk1.genblk1.genblk1.sliceA[1].mul.$add$/homes/cl2033/oss-cad-suite/lib/../share/yosys/mul2dsp.v:216$6958 ($add)
Checking icebreaker.$flatten\soc.\cpu.\genblk1.pcpi_mul.$mul$../picorv32.v:2371$1306.genblk1.genblk1.genblk1.genblk1.genblk1.genblk1.sliceA[0].mul.genblk1.genblk1.genblk1.genblk1.genblk1.genblk1.genblk1.sliceB[0].mul for iCE40 DSP inference.
  clock: \clk (posedge) ffA:$auto$ff.cc:337:slice$6657 ffB:$auto$ff.cc:337:slice$6654 ffO:$flatten\soc.\cpu.\genblk1.pcpi_mul.$procdff$5118
<suppressed ~40 debug messages>

7.27. Executing ALUMACC pass (create $alu and $macc cells).
Extracting $alu and $macc cells in module icebreaker:
  creating $macc model for $techmap$flatten\soc.\cpu.\genblk1.pcpi_mul.$mul$../picorv32.v:2371$1306.genblk1.genblk1.genblk1.genblk1.genblk1.genblk1.sliceA[1].mul.$add$/homes/cl2033/oss-cad-suite/lib/../share/yosys/mul2dsp.v:230$6961 ($add).
  creating $macc model for $techmap$flatten\soc.\cpu.\genblk1.pcpi_mul.$mul$../picorv32.v:2371$1306.genblk1.genblk1.genblk1.genblk1.genblk1.genblk1.sliceA[0].mul.$add$/homes/cl2033/oss-cad-suite/lib/../share/yosys/mul2dsp.v:230$6961 ($add).
  creating $macc model for $flatten\soc.\cpu.\genblk1.pcpi_mul.$mul$../picorv32.v:2371$1306.genblk1.genblk1.genblk1.genblk1.genblk1.genblk1.sliceA.last ($mul).
  creating $macc model for $flatten\soc.\cpu.\genblk1.pcpi_mul.$mul$../picorv32.v:2371$1306.genblk1.genblk1.genblk1.genblk1.genblk1.genblk1.sliceA[0].mul.genblk1.genblk1.genblk1.genblk1.genblk1.genblk1.genblk1.mul_sliceB_last ($mul).
  creating $macc model for $techmap$flatten\soc.\cpu.\genblk1.pcpi_mul.$mul$../picorv32.v:2371$1306.$add$/homes/cl2033/oss-cad-suite/lib/../share/yosys/mul2dsp.v:173$6954 ($add).
  creating $macc model for $techmap$flatten\soc.\cpu.\genblk1.pcpi_mul.$mul$../picorv32.v:2371$1306.$add$/homes/cl2033/oss-cad-suite/lib/../share/yosys/mul2dsp.v:159$6951 ($add).
  creating $macc model for $flatten\soc.\cpu.$add$../picorv32.v:1897$1194 ($add).
  creating $macc model for $flatten\soc.\cpu.$sub$../picorv32.v:1850$1182 ($sub).
  creating $macc model for $flatten\soc.\cpu.$sub$../picorv32.v:1842$1175 ($sub).
  creating $macc model for $flatten\soc.\cpu.$add$../picorv32.v:1806$1161 ($add).
  creating $macc model for $flatten\soc.\cpu.$add$../picorv32.v:1569$1114 ($add).
  creating $macc model for $flatten\soc.\cpu.$add$../picorv32.v:1564$1113 ($add).
  creating $macc model for $flatten\soc.\cpu.$add$../picorv32.v:1560$1112 ($add).
  creating $macc model for $flatten\soc.\cpu.$add$../picorv32.v:1433$1059 ($add).
  creating $macc model for $flatten\soc.\cpu.$sub$../picorv32.v:1426$1057 ($sub).
  creating $macc model for $flatten\soc.\cpu.$add$../picorv32.v:1317$1027 ($add).
  creating $macc model for $flatten\soc.\cpu.$sub$../picorv32.v:1918$1199 ($sub).
  creating $macc model for $flatten\soc.\cpu.\genblk1.pcpi_mul.$mul$../picorv32.v:2371$1306.genblk1.genblk1.genblk1.genblk1.genblk1.genblk1.sliceA[1].mul.genblk1.genblk1.genblk1.genblk1.genblk1.genblk1.genblk1.mul_sliceB_last ($mul).
  creating $macc model for $flatten\soc.\spimem_cache.$add$picosoc.v:314$556 ($add).
  creating $macc model for $flatten\soc.\spimemio.\xfer.$sub$spimemio.v:471$1256 ($sub).
  creating $macc model for $flatten\soc.\spimemio.\xfer.$sub$spimemio.v:491$1263 ($sub).
  creating $macc model for $flatten\soc.\spimemio.\xfer.$sub$spimemio.v:524$1275 ($sub).
  creating $macc model for $flatten\soc.\spimemio.\xfer.$sub$spimemio.v:554$1285 ($sub).
  creating $macc model for $flatten\soc.\cpu.$sub$../picorv32.v:1240$1234 ($sub).
  creating $macc model for $flatten\soc.\cpu.$add$../picorv32.v:1240$1235 ($add).
  creating $macc model for $flatten\soc.\spimemio.$add$spimemio.v:226$538 ($add).
  creating $macc model for $flatten\soc.\simpleuart.$sub$simpleuart.v:132$495 ($sub).
  creating $macc model for $flatten\soc.\simpleuart.$add$simpleuart.v:112$487 ($add).
  creating $macc model for $flatten\soc.\simpleuart.$add$simpleuart.v:99$484 ($add).
  creating $macc model for $flatten\soc.\simpleuart.$add$simpleuart.v:74$478 ($add).
  creating $macc model for $flatten\seven_segment_ctrl.$add$icebreaker.v:197$455 ($add).
  creating $macc model for $add$icebreaker.v:56$387 ($add).
  merging $macc model for $flatten\soc.\cpu.\genblk1.pcpi_mul.$mul$../picorv32.v:2371$1306.genblk1.genblk1.genblk1.genblk1.genblk1.genblk1.sliceA[0].mul.genblk1.genblk1.genblk1.genblk1.genblk1.genblk1.genblk1.mul_sliceB_last into $techmap$flatten\soc.\cpu.\genblk1.pcpi_mul.$mul$../picorv32.v:2371$1306.genblk1.genblk1.genblk1.genblk1.genblk1.genblk1.sliceA[0].mul.$add$/homes/cl2033/oss-cad-suite/lib/../share/yosys/mul2dsp.v:230$6961.
  creating $alu model for $macc $flatten\seven_segment_ctrl.$add$icebreaker.v:197$455.
  creating $alu model for $macc $flatten\soc.\simpleuart.$add$simpleuart.v:74$478.
  creating $alu model for $macc $flatten\soc.\simpleuart.$add$simpleuart.v:99$484.
  creating $alu model for $macc $flatten\soc.\simpleuart.$add$simpleuart.v:112$487.
  creating $alu model for $macc $flatten\soc.\simpleuart.$sub$simpleuart.v:132$495.
  creating $alu model for $macc $flatten\soc.\spimemio.$add$spimemio.v:226$538.
  creating $alu model for $macc $flatten\soc.\cpu.$add$../picorv32.v:1240$1235.
  creating $alu model for $macc $flatten\soc.\cpu.$sub$../picorv32.v:1240$1234.
  creating $alu model for $macc $flatten\soc.\spimemio.\xfer.$sub$spimemio.v:554$1285.
  creating $alu model for $macc $flatten\soc.\spimemio.\xfer.$sub$spimemio.v:524$1275.
  creating $alu model for $macc $flatten\soc.\spimemio.\xfer.$sub$spimemio.v:491$1263.
  creating $alu model for $macc $flatten\soc.\spimemio.\xfer.$sub$spimemio.v:471$1256.
  creating $alu model for $macc $flatten\soc.\spimem_cache.$add$picosoc.v:314$556.
  creating $alu model for $macc $flatten\soc.\cpu.$sub$../picorv32.v:1918$1199.
  creating $alu model for $macc $flatten\soc.\cpu.$add$../picorv32.v:1317$1027.
  creating $alu model for $macc $flatten\soc.\cpu.$sub$../picorv32.v:1426$1057.
  creating $alu model for $macc $flatten\soc.\cpu.$add$../picorv32.v:1433$1059.
  creating $alu model for $macc $flatten\soc.\cpu.$add$../picorv32.v:1560$1112.
  creating $alu model for $macc $flatten\soc.\cpu.$add$../picorv32.v:1564$1113.
  creating $alu model for $macc $flatten\soc.\cpu.$add$../picorv32.v:1569$1114.
  creating $alu model for $macc $flatten\soc.\cpu.$add$../picorv32.v:1806$1161.
  creating $alu model for $macc $flatten\soc.\cpu.$sub$../picorv32.v:1842$1175.
  creating $alu model for $macc $flatten\soc.\cpu.$sub$../picorv32.v:1850$1182.
  creating $alu model for $macc $flatten\soc.\cpu.$add$../picorv32.v:1897$1194.
  creating $alu model for $macc $techmap$flatten\soc.\cpu.\genblk1.pcpi_mul.$mul$../picorv32.v:2371$1306.$add$/homes/cl2033/oss-cad-suite/lib/../share/yosys/mul2dsp.v:159$6951.
  creating $alu model for $macc $techmap$flatten\soc.\cpu.\genblk1.pcpi_mul.$mul$../picorv32.v:2371$1306.$add$/homes/cl2033/oss-cad-suite/lib/../share/yosys/mul2dsp.v:173$6954.
  creating $alu model for $macc $add$icebreaker.v:56$387.
  creating $alu model for $macc $techmap$flatten\soc.\cpu.\genblk1.pcpi_mul.$mul$../picorv32.v:2371$1306.genblk1.genblk1.genblk1.genblk1.genblk1.genblk1.sliceA[1].mul.$add$/homes/cl2033/oss-cad-suite/lib/../share/yosys/mul2dsp.v:230$6961.
  creating $macc cell for $flatten\soc.\cpu.\genblk1.pcpi_mul.$mul$../picorv32.v:2371$1306.genblk1.genblk1.genblk1.genblk1.genblk1.genblk1.sliceA.last: $auto$alumacc.cc:382:replace_macc$7001
  creating $macc cell for $techmap$flatten\soc.\cpu.\genblk1.pcpi_mul.$mul$../picorv32.v:2371$1306.genblk1.genblk1.genblk1.genblk1.genblk1.genblk1.sliceA[0].mul.$add$/homes/cl2033/oss-cad-suite/lib/../share/yosys/mul2dsp.v:230$6961: $auto$alumacc.cc:382:replace_macc$7002
  creating $macc cell for $flatten\soc.\cpu.\genblk1.pcpi_mul.$mul$../picorv32.v:2371$1306.genblk1.genblk1.genblk1.genblk1.genblk1.genblk1.sliceA[1].mul.genblk1.genblk1.genblk1.genblk1.genblk1.genblk1.genblk1.mul_sliceB_last: $auto$alumacc.cc:382:replace_macc$7003
  creating $alu model for $flatten\soc.\cpu.$ge$../picorv32.v:1835$1167 ($ge): merged with $flatten\soc.\cpu.$sub$../picorv32.v:1842$1175.
  creating $alu model for $flatten\soc.$lt$picosoc.v:262$451 ($lt): new $alu
  creating $alu model for $flatten\soc.$lt$picosoc.v:189$437 ($lt): new $alu
  creating $alu model for $flatten\soc.$ge$picosoc.v:189$435 ($ge): merged with $flatten\soc.$lt$picosoc.v:262$451.
  creating $alu model for $flatten\soc.\cpu.$lt$../picorv32.v:1242$1238 ($lt): merged with $flatten\soc.\cpu.$sub$../picorv32.v:1240$1234.
  creating $alu model for $flatten\soc.\cpu.$lt$../picorv32.v:1243$1239 ($lt): merged with $flatten\soc.\cpu.$sub$../picorv32.v:1240$1234.
  creating $alu model for $flatten\soc.$gt$picosoc.v:134$406 ($gt): new $alu
  creating $alu model for $flatten\soc.\simpleuart.$gt$simpleuart.v:130$493 ($gt): new $alu
  creating $alu model for $flatten\soc.\simpleuart.$gt$simpleuart.v:97$483 ($gt): new $alu
  creating $alu model for $flatten\soc.\simpleuart.$gt$simpleuart.v:84$481 ($gt): new $alu
  creating $alu model for $flatten\soc.\cpu.$eq$../picorv32.v:1241$1237 ($eq): merged with $flatten\soc.\cpu.$sub$../picorv32.v:1240$1234.
  creating $alu model for $flatten\soc.$eq$picosoc.v:139$408 ($eq): merged with $flatten\soc.$lt$picosoc.v:189$437.
  creating $alu cell for $flatten\soc.\simpleuart.$gt$simpleuart.v:84$481: $auto$alumacc.cc:512:replace_alu$7010
  creating $alu cell for $flatten\soc.\simpleuart.$gt$simpleuart.v:97$483: $auto$alumacc.cc:512:replace_alu$7021
  creating $alu cell for $flatten\soc.\simpleuart.$gt$simpleuart.v:130$493: $auto$alumacc.cc:512:replace_alu$7032
  creating $alu cell for $flatten\soc.$gt$picosoc.v:134$406: $auto$alumacc.cc:512:replace_alu$7043
  creating $alu cell for $flatten\soc.$lt$picosoc.v:189$437, $flatten\soc.$eq$picosoc.v:139$408: $auto$alumacc.cc:512:replace_alu$7054
  creating $alu cell for $flatten\soc.$lt$picosoc.v:262$451, $flatten\soc.$ge$picosoc.v:189$435: $auto$alumacc.cc:512:replace_alu$7061
  creating $alu cell for $techmap$flatten\soc.\cpu.\genblk1.pcpi_mul.$mul$../picorv32.v:2371$1306.genblk1.genblk1.genblk1.genblk1.genblk1.genblk1.sliceA[1].mul.$add$/homes/cl2033/oss-cad-suite/lib/../share/yosys/mul2dsp.v:230$6961: $auto$alumacc.cc:512:replace_alu$7074
  creating $alu cell for $add$icebreaker.v:56$387: $auto$alumacc.cc:512:replace_alu$7077
  creating $alu cell for $techmap$flatten\soc.\cpu.\genblk1.pcpi_mul.$mul$../picorv32.v:2371$1306.$add$/homes/cl2033/oss-cad-suite/lib/../share/yosys/mul2dsp.v:173$6954: $auto$alumacc.cc:512:replace_alu$7080
  creating $alu cell for $techmap$flatten\soc.\cpu.\genblk1.pcpi_mul.$mul$../picorv32.v:2371$1306.$add$/homes/cl2033/oss-cad-suite/lib/../share/yosys/mul2dsp.v:159$6951: $auto$alumacc.cc:512:replace_alu$7083
  creating $alu cell for $flatten\soc.\cpu.$add$../picorv32.v:1897$1194: $auto$alumacc.cc:512:replace_alu$7086
  creating $alu cell for $flatten\soc.\cpu.$sub$../picorv32.v:1850$1182: $auto$alumacc.cc:512:replace_alu$7089
  creating $alu cell for $flatten\soc.\cpu.$sub$../picorv32.v:1842$1175, $flatten\soc.\cpu.$ge$../picorv32.v:1835$1167: $auto$alumacc.cc:512:replace_alu$7092
  creating $alu cell for $flatten\soc.\cpu.$add$../picorv32.v:1806$1161: $auto$alumacc.cc:512:replace_alu$7105
  creating $alu cell for $flatten\soc.\cpu.$add$../picorv32.v:1569$1114: $auto$alumacc.cc:512:replace_alu$7108
  creating $alu cell for $flatten\soc.\cpu.$add$../picorv32.v:1564$1113: $auto$alumacc.cc:512:replace_alu$7111
  creating $alu cell for $flatten\soc.\cpu.$add$../picorv32.v:1560$1112: $auto$alumacc.cc:512:replace_alu$7114
  creating $alu cell for $flatten\soc.\cpu.$add$../picorv32.v:1433$1059: $auto$alumacc.cc:512:replace_alu$7117
  creating $alu cell for $flatten\soc.\cpu.$sub$../picorv32.v:1426$1057: $auto$alumacc.cc:512:replace_alu$7120
  creating $alu cell for $flatten\soc.\cpu.$add$../picorv32.v:1317$1027: $auto$alumacc.cc:512:replace_alu$7123
  creating $alu cell for $flatten\soc.\cpu.$sub$../picorv32.v:1918$1199: $auto$alumacc.cc:512:replace_alu$7126
  creating $alu cell for $flatten\soc.\spimem_cache.$add$picosoc.v:314$556: $auto$alumacc.cc:512:replace_alu$7129
  creating $alu cell for $flatten\soc.\spimemio.\xfer.$sub$spimemio.v:471$1256: $auto$alumacc.cc:512:replace_alu$7132
  creating $alu cell for $flatten\soc.\spimemio.\xfer.$sub$spimemio.v:491$1263: $auto$alumacc.cc:512:replace_alu$7135
  creating $alu cell for $flatten\soc.\spimemio.\xfer.$sub$spimemio.v:524$1275: $auto$alumacc.cc:512:replace_alu$7138
  creating $alu cell for $flatten\soc.\spimemio.\xfer.$sub$spimemio.v:554$1285: $auto$alumacc.cc:512:replace_alu$7141
  creating $alu cell for $flatten\soc.\cpu.$sub$../picorv32.v:1240$1234, $flatten\soc.\cpu.$lt$../picorv32.v:1242$1238, $flatten\soc.\cpu.$lt$../picorv32.v:1243$1239, $flatten\soc.\cpu.$eq$../picorv32.v:1241$1237: $auto$alumacc.cc:512:replace_alu$7144
  creating $alu cell for $flatten\soc.\cpu.$add$../picorv32.v:1240$1235: $auto$alumacc.cc:512:replace_alu$7155
  creating $alu cell for $flatten\soc.\spimemio.$add$spimemio.v:226$538: $auto$alumacc.cc:512:replace_alu$7158
  creating $alu cell for $flatten\soc.\simpleuart.$sub$simpleuart.v:132$495: $auto$alumacc.cc:512:replace_alu$7161
  creating $alu cell for $flatten\soc.\simpleuart.$add$simpleuart.v:112$487: $auto$alumacc.cc:512:replace_alu$7164
  creating $alu cell for $flatten\soc.\simpleuart.$add$simpleuart.v:99$484: $auto$alumacc.cc:512:replace_alu$7167
  creating $alu cell for $flatten\soc.\simpleuart.$add$simpleuart.v:74$478: $auto$alumacc.cc:512:replace_alu$7170
  creating $alu cell for $flatten\seven_segment_ctrl.$add$icebreaker.v:197$455: $auto$alumacc.cc:512:replace_alu$7173
  created 34 $alu and 3 $macc cells.

7.28. Executing OPT pass (performing simple optimizations).

7.28.1. Executing OPT_EXPR pass (perform const folding).
Optimizing module icebreaker.
<suppressed ~7 debug messages>

7.28.2. Executing OPT_MERGE pass (detect identical cells).
Finding identical cells in module `\icebreaker'.
Computing hashes of 1475 cells of `\icebreaker'.
Finding duplicate cells in `\icebreaker'.
Computing hashes of 1466 cells of `\icebreaker'.
Finding duplicate cells in `\icebreaker'.
<suppressed ~27 debug messages>
Removed a total of 9 cells.

7.28.3. Executing OPT_MUXTREE pass (detect dead branches in mux trees).
Running muxtree optimizer on module \icebreaker..
  Creating internal representation of mux trees.
  Evaluating internal representation of mux trees.
  Analyzing evaluation results.
Removed 0 multiplexer ports.
<suppressed ~539 debug messages>

7.28.4. Executing OPT_REDUCE pass (consolidate $*mux and $reduce_* inputs).
  Optimizing cells in module \icebreaker.
Performed a total of 0 changes.

7.28.5. Executing OPT_MERGE pass (detect identical cells).
Finding identical cells in module `\icebreaker'.
Computing hashes of 1466 cells of `\icebreaker'.
Finding duplicate cells in `\icebreaker'.
Removed a total of 0 cells.

7.28.6. Executing OPT_DFF pass (perform DFF optimizations).

7.28.7. Executing OPT_CLEAN pass (remove unused cells and wires).
Finding unused cells or wires in module \icebreaker..
Removed 1 unused cells and 88 unused wires.
<suppressed ~2 debug messages>

7.28.8. Executing OPT_EXPR pass (perform const folding).
Optimizing module icebreaker.

7.28.9. Rerunning OPT passes. (Maybe there is more to do..)

7.28.10. Executing OPT_MUXTREE pass (detect dead branches in mux trees).
Running muxtree optimizer on module \icebreaker..
  Creating internal representation of mux trees.
  Evaluating internal representation of mux trees.
  Analyzing evaluation results.
Removed 0 multiplexer ports.
<suppressed ~539 debug messages>

7.28.11. Executing OPT_REDUCE pass (consolidate $*mux and $reduce_* inputs).
  Optimizing cells in module \icebreaker.
Performed a total of 0 changes.

7.28.12. Executing OPT_MERGE pass (detect identical cells).
Finding identical cells in module `\icebreaker'.
Computing hashes of 1465 cells of `\icebreaker'.
Finding duplicate cells in `\icebreaker'.
Removed a total of 0 cells.

7.28.13. Executing OPT_DFF pass (perform DFF optimizations).

7.28.14. Executing OPT_CLEAN pass (remove unused cells and wires).
Finding unused cells or wires in module \icebreaker..

7.28.15. Executing OPT_EXPR pass (perform const folding).
Optimizing module icebreaker.

7.28.16. Finished fast OPT passes. (There is nothing left to do.)

7.29. Executing MEMORY pass.

7.29.1. Executing OPT_MEM pass (optimize memories).
Performed a total of 0 transformations.

7.29.2. Executing OPT_MEM_PRIORITY pass (removing unnecessary memory write priority relations).
Performed a total of 0 transformations.

7.29.3. Executing OPT_MEM_FEEDBACK pass (finding memory read-to-write feedback paths).

7.29.4. Executing MEMORY_BMUX2ROM pass (converting muxes to ROMs).

7.29.5. Executing MEMORY_DFF pass (merging $dff cells to $memrd).

7.29.6. Executing OPT_CLEAN pass (remove unused cells and wires).
Finding unused cells or wires in module \icebreaker..

7.29.7. Executing MEMORY_SHARE pass (consolidating $memrd/$memwr cells).
Consolidating read ports of memory icebreaker.soc.cpu.cpuregs.regs by address:

7.29.8. Executing OPT_MEM_WIDEN pass (optimize memories where all ports are wide).
Performed a total of 0 transformations.

7.29.9. Executing OPT_CLEAN pass (remove unused cells and wires).
Finding unused cells or wires in module \icebreaker..

7.29.10. Executing MEMORY_COLLECT pass (generating $mem cells).

7.30. Executing OPT_CLEAN pass (remove unused cells and wires).
Finding unused cells or wires in module \icebreaker..

7.31. Executing MEMORY_LIBMAP pass (mapping memories to cells).
mapping memory icebreaker.soc.cpu.cpuregs.regs via $__ICE40_RAM4K_
using FF mapping for memory icebreaker.$flatten\seven_segment_ctrl.\lsb_nibble.$auto$proc_rom.cc:155:do_switch$1325
using FF mapping for memory icebreaker.$flatten\seven_segment_ctrl.\msb_nibble.$auto$proc_rom.cc:155:do_switch$1325
<suppressed ~183 debug messages>

7.32. Executing TECHMAP pass (map to technology primitives).

7.32.1. Executing Verilog-2005 frontend: /homes/cl2033/oss-cad-suite/lib/../share/yosys/ice40/brams_map.v
Parsing Verilog input from `/homes/cl2033/oss-cad-suite/lib/../share/yosys/ice40/brams_map.v' to AST representation.
Generating RTLIL representation for module `$__ICE40_RAM4K_'.
Successfully finished Verilog frontend.

7.32.2. Executing Verilog-2005 frontend: /homes/cl2033/oss-cad-suite/lib/../share/yosys/ice40/spram_map.v
Parsing Verilog input from `/homes/cl2033/oss-cad-suite/lib/../share/yosys/ice40/spram_map.v' to AST representation.
Generating RTLIL representation for module `$__ICE40_SPRAM_'.
Successfully finished Verilog frontend.

7.32.3. Continuing TECHMAP pass.
Using template $paramod$a1f6b5309207cf102bfb625dccbd224ad06df61d$__ICE40_RAM4K_ for cells of type $__ICE40_RAM4K_.
No more expansions possible.
<suppressed ~31 debug messages>

7.33. Executing ICE40_BRAMINIT pass.

7.34. Executing OPT pass (performing simple optimizations).

7.34.1. Executing OPT_EXPR pass (perform const folding).
Optimizing module icebreaker.
<suppressed ~181 debug messages>

7.34.2. Executing OPT_MERGE pass (detect identical cells).
Finding identical cells in module `\icebreaker'.
Computing hashes of 1431 cells of `\icebreaker'.
Finding duplicate cells in `\icebreaker'.
Computing hashes of 1409 cells of `\icebreaker'.
Finding duplicate cells in `\icebreaker'.
<suppressed ~66 debug messages>
Removed a total of 22 cells.

7.34.3. Executing OPT_DFF pass (perform DFF optimizations).
Adding EN signal on $auto$ff.cc:337:slice$6456 ($dffe) from module icebreaker (D = $auto$wreduce.cc:514:run$6918 [1:0], Q = \soc.spimemio.rd_addr [1:0]).
Adding SRST signal on $auto$ff.cc:337:slice$6609 ($dffe) from module icebreaker (D = $flatten\soc.\cpu.$procmux$4265_Y, Q = \soc.cpu.mem_state, rval = 2'00).
Removing always-active EN on $auto$mem.cc:1169:emulate_transparency$7177 ($dffe) from module icebreaker.
Adding SRST signal on $auto$ff.cc:337:slice$6716 ($dffe) from module icebreaker (D = $flatten\soc.\cpu.$procmux$4323_Y, Q = \soc.cpu.mem_valid, rval = 1'0).

7.34.4. Executing OPT_CLEAN pass (remove unused cells and wires).
Finding unused cells or wires in module \icebreaker..
Removed 17 unused cells and 228 unused wires.
<suppressed ~21 debug messages>

7.34.5. Rerunning OPT passes. (Removed registers in this run.)

7.34.6. Executing OPT_EXPR pass (perform const folding).
Optimizing module icebreaker.
<suppressed ~2 debug messages>

7.34.7. Executing OPT_MERGE pass (detect identical cells).
Finding identical cells in module `\icebreaker'.
Computing hashes of 1394 cells of `\icebreaker'.
Finding duplicate cells in `\icebreaker'.
Removed a total of 0 cells.

7.34.8. Executing OPT_DFF pass (perform DFF optimizations).
Adding EN signal on $flatten\soc.\cpu.$procdff$5149 ($dff) from module icebreaker (D = $flatten\soc.\cpu.$0\reg_sh[4:0] [1:0], Q = \soc.cpu.reg_sh [1:0]).
Setting constant 1-bit at position 0 on $flatten\soc.\cpu.\genblk1.pcpi_mul.$procdff$5118 ($dff) from module icebreaker.
Setting constant 1-bit at position 1 on $flatten\soc.\cpu.\genblk1.pcpi_mul.$procdff$5118 ($dff) from module icebreaker.
Setting constant 1-bit at position 2 on $flatten\soc.\cpu.\genblk1.pcpi_mul.$procdff$5118 ($dff) from module icebreaker.
Setting constant 1-bit at position 3 on $flatten\soc.\cpu.\genblk1.pcpi_mul.$procdff$5118 ($dff) from module icebreaker.
Setting constant 1-bit at position 4 on $flatten\soc.\cpu.\genblk1.pcpi_mul.$procdff$5118 ($dff) from module icebreaker.
Setting constant 1-bit at position 5 on $flatten\soc.\cpu.\genblk1.pcpi_mul.$procdff$5118 ($dff) from module icebreaker.
Setting constant 1-bit at position 6 on $flatten\soc.\cpu.\genblk1.pcpi_mul.$procdff$5118 ($dff) from module icebreaker.
Setting constant 1-bit at position 7 on $flatten\soc.\cpu.\genblk1.pcpi_mul.$procdff$5118 ($dff) from module icebreaker.
Setting constant 1-bit at position 8 on $flatten\soc.\cpu.\genblk1.pcpi_mul.$procdff$5118 ($dff) from module icebreaker.
Setting constant 1-bit at position 9 on $flatten\soc.\cpu.\genblk1.pcpi_mul.$procdff$5118 ($dff) from module icebreaker.
Setting constant 1-bit at position 10 on $flatten\soc.\cpu.\genblk1.pcpi_mul.$procdff$5118 ($dff) from module icebreaker.
Setting constant 1-bit at position 11 on $flatten\soc.\cpu.\genblk1.pcpi_mul.$procdff$5118 ($dff) from module icebreaker.
Setting constant 1-bit at position 12 on $flatten\soc.\cpu.\genblk1.pcpi_mul.$procdff$5118 ($dff) from module icebreaker.
Setting constant 1-bit at position 13 on $flatten\soc.\cpu.\genblk1.pcpi_mul.$procdff$5118 ($dff) from module icebreaker.
Setting constant 1-bit at position 14 on $flatten\soc.\cpu.\genblk1.pcpi_mul.$procdff$5118 ($dff) from module icebreaker.
Setting constant 1-bit at position 15 on $flatten\soc.\cpu.\genblk1.pcpi_mul.$procdff$5118 ($dff) from module icebreaker.

7.34.9. Executing OPT_CLEAN pass (remove unused cells and wires).
Finding unused cells or wires in module \icebreaker..
Removed 0 unused cells and 2 unused wires.
<suppressed ~1 debug messages>

7.34.10. Rerunning OPT passes. (Removed registers in this run.)

7.34.11. Executing OPT_EXPR pass (perform const folding).
Optimizing module icebreaker.

7.34.12. Executing OPT_MERGE pass (detect identical cells).
Finding identical cells in module `\icebreaker'.
Computing hashes of 1396 cells of `\icebreaker'.
Finding duplicate cells in `\icebreaker'.
Removed a total of 0 cells.

7.34.13. Executing OPT_DFF pass (perform DFF optimizations).

7.34.14. Executing OPT_CLEAN pass (remove unused cells and wires).
Finding unused cells or wires in module \icebreaker..

7.34.15. Finished fast OPT passes.

7.35. Executing MEMORY_MAP pass (converting memories to logic and flip-flops).
Mapping memory $flatten\seven_segment_ctrl.\lsb_nibble.$auto$proc_rom.cc:155:do_switch$1325 in module \icebreaker:
  created 16 $dff cells and 0 static cells of width 7.
Extracted data FF from read port 0 of icebreaker.$flatten\seven_segment_ctrl.\lsb_nibble.$auto$proc_rom.cc:155:do_switch$1325: $$flatten\seven_segment_ctrl.\lsb_nibble.$auto$proc_rom.cc:155:do_switch$1325$rdreg[0]
  read interface: 1 $dff and 15 $mux cells.
  write interface: 0 write mux blocks.
Mapping memory $flatten\seven_segment_ctrl.\msb_nibble.$auto$proc_rom.cc:155:do_switch$1325 in module \icebreaker:
  created 16 $dff cells and 0 static cells of width 7.
Extracted data FF from read port 0 of icebreaker.$flatten\seven_segment_ctrl.\msb_nibble.$auto$proc_rom.cc:155:do_switch$1325: $$flatten\seven_segment_ctrl.\msb_nibble.$auto$proc_rom.cc:155:do_switch$1325$rdreg[0]
  read interface: 1 $dff and 15 $mux cells.
  write interface: 0 write mux blocks.

7.36. Executing OPT pass (performing simple optimizations).

7.36.1. Executing OPT_EXPR pass (perform const folding).
Optimizing module icebreaker.

7.36.2. Executing OPT_MERGE pass (detect identical cells).
Finding identical cells in module `\icebreaker'.
Computing hashes of 1426 cells of `\icebreaker'.
Finding duplicate cells in `\icebreaker'.
Removed a total of 0 cells.

7.36.3. Executing OPT_MUXTREE pass (detect dead branches in mux trees).
Running muxtree optimizer on module \icebreaker..
  Creating internal representation of mux trees.
  Evaluating internal representation of mux trees.
  Analyzing evaluation results.
Removed 0 multiplexer ports.
<suppressed ~460 debug messages>

7.36.4. Executing OPT_REDUCE pass (consolidate $*mux and $reduce_* inputs).
  Optimizing cells in module \icebreaker.
    New input vector for $reduce_and cell $auto$opt_dff.cc:252:make_patterns_logic$7357: { $flatten\soc.\spimemio.$logic_and$spimemio.v:224$537_Y $auto$rtlil.cc:3197:Not$6407 $auto$opt_dff.cc:234:make_patterns_logic$7354 }
    Consolidated identical input bits for $mux cell $memory$flatten\seven_segment_ctrl.\msb_nibble.$auto$proc_rom.cc:155:do_switch$1325$rdmux[0][3][6]$7450:
      Old ports: A=7'0111001, B=7'1011110, Y=$memory$flatten\seven_segment_ctrl.\msb_nibble.$auto$proc_rom.cc:155:do_switch$1325$rdmux[0][2][3]$a$7430
      New ports: A=2'01, B=2'10, Y=$memory$flatten\seven_segment_ctrl.\msb_nibble.$auto$proc_rom.cc:155:do_switch$1325$rdmux[0][2][3]$a$7430 [1:0]
      New connections: $memory$flatten\seven_segment_ctrl.\msb_nibble.$auto$proc_rom.cc:155:do_switch$1325$rdmux[0][2][3]$a$7430 [6:2] = { $memory$flatten\seven_segment_ctrl.\msb_nibble.$auto$proc_rom.cc:155:do_switch$1325$rdmux[0][2][3]$a$7430 [1:0] 2'11 $memory$flatten\seven_segment_ctrl.\msb_nibble.$auto$proc_rom.cc:155:do_switch$1325$rdmux[0][2][3]$a$7430 [1] }
    Consolidated identical input bits for $mux cell $memory$flatten\seven_segment_ctrl.\msb_nibble.$auto$proc_rom.cc:155:do_switch$1325$rdmux[0][3][5]$7447:
      Old ports: A=7'1110111, B=7'1111100, Y=$memory$flatten\seven_segment_ctrl.\msb_nibble.$auto$proc_rom.cc:155:do_switch$1325$rdmux[0][2][2]$b$7428
      New ports: A=2'01, B=2'10, Y={ $memory$flatten\seven_segment_ctrl.\msb_nibble.$auto$proc_rom.cc:155:do_switch$1325$rdmux[0][2][2]$b$7428 [3] $memory$flatten\seven_segment_ctrl.\msb_nibble.$auto$proc_rom.cc:155:do_switch$1325$rdmux[0][2][2]$b$7428 [0] }
      New connections: { $memory$flatten\seven_segment_ctrl.\msb_nibble.$auto$proc_rom.cc:155:do_switch$1325$rdmux[0][2][2]$b$7428 [6:4] $memory$flatten\seven_segment_ctrl.\msb_nibble.$auto$proc_rom.cc:155:do_switch$1325$rdmux[0][2][2]$b$7428 [2:1] } = { 4'1111 $memory$flatten\seven_segment_ctrl.\msb_nibble.$auto$proc_rom.cc:155:do_switch$1325$rdmux[0][2][2]$b$7428 [0] }
    Consolidated identical input bits for $mux cell $memory$flatten\seven_segment_ctrl.\msb_nibble.$auto$proc_rom.cc:155:do_switch$1325$rdmux[0][3][4]$7444:
      Old ports: A=7'1111111, B=7'1101111, Y=$memory$flatten\seven_segment_ctrl.\msb_nibble.$auto$proc_rom.cc:155:do_switch$1325$rdmux[0][2][2]$a$7427
      New ports: A=1'1, B=1'0, Y=$memory$flatten\seven_segment_ctrl.\msb_nibble.$auto$proc_rom.cc:155:do_switch$1325$rdmux[0][2][2]$a$7427 [4]
      New connections: { $memory$flatten\seven_segment_ctrl.\msb_nibble.$auto$proc_rom.cc:155:do_switch$1325$rdmux[0][2][2]$a$7427 [6:5] $memory$flatten\seven_segment_ctrl.\msb_nibble.$auto$proc_rom.cc:155:do_switch$1325$rdmux[0][2][2]$a$7427 [3:0] } = 6'111111
    Consolidated identical input bits for $mux cell $memory$flatten\seven_segment_ctrl.\msb_nibble.$auto$proc_rom.cc:155:do_switch$1325$rdmux[0][3][3]$7441:
      Old ports: A=7'1111101, B=7'0000111, Y=$memory$flatten\seven_segment_ctrl.\msb_nibble.$auto$proc_rom.cc:155:do_switch$1325$rdmux[0][2][1]$b$7425
      New ports: A=2'10, B=2'01, Y={ $memory$flatten\seven_segment_ctrl.\msb_nibble.$auto$proc_rom.cc:155:do_switch$1325$rdmux[0][2][1]$b$7425 [3] $memory$flatten\seven_segment_ctrl.\msb_nibble.$auto$proc_rom.cc:155:do_switch$1325$rdmux[0][2][1]$b$7425 [1] }
      New connections: { $memory$flatten\seven_segment_ctrl.\msb_nibble.$auto$proc_rom.cc:155:do_switch$1325$rdmux[0][2][1]$b$7425 [6:4] $memory$flatten\seven_segment_ctrl.\msb_nibble.$auto$proc_rom.cc:155:do_switch$1325$rdmux[0][2][1]$b$7425 [2] $memory$flatten\seven_segment_ctrl.\msb_nibble.$auto$proc_rom.cc:155:do_switch$1325$rdmux[0][2][1]$b$7425 [0] } = { $memory$flatten\seven_segment_ctrl.\msb_nibble.$auto$proc_rom.cc:155:do_switch$1325$rdmux[0][2][1]$b$7425 [3] $memory$flatten\seven_segment_ctrl.\msb_nibble.$auto$proc_rom.cc:155:do_switch$1325$rdmux[0][2][1]$b$7425 [3] $memory$flatten\seven_segment_ctrl.\msb_nibble.$auto$proc_rom.cc:155:do_switch$1325$rdmux[0][2][1]$b$7425 [3] 2'11 }
    Consolidated identical input bits for $mux cell $memory$flatten\seven_segment_ctrl.\msb_nibble.$auto$proc_rom.cc:155:do_switch$1325$rdmux[0][3][2]$7438:
      Old ports: A=7'1100110, B=7'1101101, Y=$memory$flatten\seven_segment_ctrl.\msb_nibble.$auto$proc_rom.cc:155:do_switch$1325$rdmux[0][2][1]$a$7424
      New ports: A=2'10, B=2'01, Y=$memory$flatten\seven_segment_ctrl.\msb_nibble.$auto$proc_rom.cc:155:do_switch$1325$rdmux[0][2][1]$a$7424 [1:0]
      New connections: $memory$flatten\seven_segment_ctrl.\msb_nibble.$auto$proc_rom.cc:155:do_switch$1325$rdmux[0][2][1]$a$7424 [6:2] = { 3'110 $memory$flatten\seven_segment_ctrl.\msb_nibble.$auto$proc_rom.cc:155:do_switch$1325$rdmux[0][2][1]$a$7424 [0] 1'1 }
    Consolidated identical input bits for $mux cell $memory$flatten\seven_segment_ctrl.\msb_nibble.$auto$proc_rom.cc:155:do_switch$1325$rdmux[0][3][1]$7435:
      Old ports: A=7'1011011, B=7'1001111, Y=$memory$flatten\seven_segment_ctrl.\msb_nibble.$auto$proc_rom.cc:155:do_switch$1325$rdmux[0][2][0]$b$7422
      New ports: A=2'10, B=2'01, Y={ $memory$flatten\seven_segment_ctrl.\msb_nibble.$auto$proc_rom.cc:155:do_switch$1325$rdmux[0][2][0]$b$7422 [4] $memory$flatten\seven_segment_ctrl.\msb_nibble.$auto$proc_rom.cc:155:do_switch$1325$rdmux[0][2][0]$b$7422 [2] }
      New connections: { $memory$flatten\seven_segment_ctrl.\msb_nibble.$auto$proc_rom.cc:155:do_switch$1325$rdmux[0][2][0]$b$7422 [6:5] $memory$flatten\seven_segment_ctrl.\msb_nibble.$auto$proc_rom.cc:155:do_switch$1325$rdmux[0][2][0]$b$7422 [3] $memory$flatten\seven_segment_ctrl.\msb_nibble.$auto$proc_rom.cc:155:do_switch$1325$rdmux[0][2][0]$b$7422 [1:0] } = 5'10111
    Consolidated identical input bits for $mux cell $memory$flatten\seven_segment_ctrl.\msb_nibble.$auto$proc_rom.cc:155:do_switch$1325$rdmux[0][3][0]$7432:
      Old ports: A=7'0111111, B=7'0000110, Y=$memory$flatten\seven_segment_ctrl.\msb_nibble.$auto$proc_rom.cc:155:do_switch$1325$rdmux[0][2][0]$a$7421
      New ports: A=1'1, B=1'0, Y=$memory$flatten\seven_segment_ctrl.\msb_nibble.$auto$proc_rom.cc:155:do_switch$1325$rdmux[0][2][0]$a$7421 [0]
      New connections: $memory$flatten\seven_segment_ctrl.\msb_nibble.$auto$proc_rom.cc:155:do_switch$1325$rdmux[0][2][0]$a$7421 [6:1] = { 1'0 $memory$flatten\seven_segment_ctrl.\msb_nibble.$auto$proc_rom.cc:155:do_switch$1325$rdmux[0][2][0]$a$7421 [0] $memory$flatten\seven_segment_ctrl.\msb_nibble.$auto$proc_rom.cc:155:do_switch$1325$rdmux[0][2][0]$a$7421 [0] $memory$flatten\seven_segment_ctrl.\msb_nibble.$auto$proc_rom.cc:155:do_switch$1325$rdmux[0][2][0]$a$7421 [0] 2'11 }
    Consolidated identical input bits for $mux cell $memory$flatten\seven_segment_ctrl.\lsb_nibble.$auto$proc_rom.cc:155:do_switch$1325$rdmux[0][3][6]$7405:
      Old ports: A=7'0111001, B=7'1011110, Y=$memory$flatten\seven_segment_ctrl.\lsb_nibble.$auto$proc_rom.cc:155:do_switch$1325$rdmux[0][2][3]$a$7385
      New ports: A=2'01, B=2'10, Y=$memory$flatten\seven_segment_ctrl.\lsb_nibble.$auto$proc_rom.cc:155:do_switch$1325$rdmux[0][2][3]$a$7385 [1:0]
      New connections: $memory$flatten\seven_segment_ctrl.\lsb_nibble.$auto$proc_rom.cc:155:do_switch$1325$rdmux[0][2][3]$a$7385 [6:2] = { $memory$flatten\seven_segment_ctrl.\lsb_nibble.$auto$proc_rom.cc:155:do_switch$1325$rdmux[0][2][3]$a$7385 [1:0] 2'11 $memory$flatten\seven_segment_ctrl.\lsb_nibble.$auto$proc_rom.cc:155:do_switch$1325$rdmux[0][2][3]$a$7385 [1] }
    Consolidated identical input bits for $mux cell $memory$flatten\seven_segment_ctrl.\lsb_nibble.$auto$proc_rom.cc:155:do_switch$1325$rdmux[0][3][5]$7402:
      Old ports: A=7'1110111, B=7'1111100, Y=$memory$flatten\seven_segment_ctrl.\lsb_nibble.$auto$proc_rom.cc:155:do_switch$1325$rdmux[0][2][2]$b$7383
      New ports: A=2'01, B=2'10, Y={ $memory$flatten\seven_segment_ctrl.\lsb_nibble.$auto$proc_rom.cc:155:do_switch$1325$rdmux[0][2][2]$b$7383 [3] $memory$flatten\seven_segment_ctrl.\lsb_nibble.$auto$proc_rom.cc:155:do_switch$1325$rdmux[0][2][2]$b$7383 [0] }
      New connections: { $memory$flatten\seven_segment_ctrl.\lsb_nibble.$auto$proc_rom.cc:155:do_switch$1325$rdmux[0][2][2]$b$7383 [6:4] $memory$flatten\seven_segment_ctrl.\lsb_nibble.$auto$proc_rom.cc:155:do_switch$1325$rdmux[0][2][2]$b$7383 [2:1] } = { 4'1111 $memory$flatten\seven_segment_ctrl.\lsb_nibble.$auto$proc_rom.cc:155:do_switch$1325$rdmux[0][2][2]$b$7383 [0] }
    Consolidated identical input bits for $mux cell $memory$flatten\seven_segment_ctrl.\lsb_nibble.$auto$proc_rom.cc:155:do_switch$1325$rdmux[0][3][4]$7399:
      Old ports: A=7'1111111, B=7'1101111, Y=$memory$flatten\seven_segment_ctrl.\lsb_nibble.$auto$proc_rom.cc:155:do_switch$1325$rdmux[0][2][2]$a$7382
      New ports: A=1'1, B=1'0, Y=$memory$flatten\seven_segment_ctrl.\lsb_nibble.$auto$proc_rom.cc:155:do_switch$1325$rdmux[0][2][2]$a$7382 [4]
      New connections: { $memory$flatten\seven_segment_ctrl.\lsb_nibble.$auto$proc_rom.cc:155:do_switch$1325$rdmux[0][2][2]$a$7382 [6:5] $memory$flatten\seven_segment_ctrl.\lsb_nibble.$auto$proc_rom.cc:155:do_switch$1325$rdmux[0][2][2]$a$7382 [3:0] } = 6'111111
    Consolidated identical input bits for $mux cell $memory$flatten\seven_segment_ctrl.\lsb_nibble.$auto$proc_rom.cc:155:do_switch$1325$rdmux[0][3][3]$7396:
      Old ports: A=7'1111101, B=7'0000111, Y=$memory$flatten\seven_segment_ctrl.\lsb_nibble.$auto$proc_rom.cc:155:do_switch$1325$rdmux[0][2][1]$b$7380
      New ports: A=2'10, B=2'01, Y={ $memory$flatten\seven_segment_ctrl.\lsb_nibble.$auto$proc_rom.cc:155:do_switch$1325$rdmux[0][2][1]$b$7380 [3] $memory$flatten\seven_segment_ctrl.\lsb_nibble.$auto$proc_rom.cc:155:do_switch$1325$rdmux[0][2][1]$b$7380 [1] }
      New connections: { $memory$flatten\seven_segment_ctrl.\lsb_nibble.$auto$proc_rom.cc:155:do_switch$1325$rdmux[0][2][1]$b$7380 [6:4] $memory$flatten\seven_segment_ctrl.\lsb_nibble.$auto$proc_rom.cc:155:do_switch$1325$rdmux[0][2][1]$b$7380 [2] $memory$flatten\seven_segment_ctrl.\lsb_nibble.$auto$proc_rom.cc:155:do_switch$1325$rdmux[0][2][1]$b$7380 [0] } = { $memory$flatten\seven_segment_ctrl.\lsb_nibble.$auto$proc_rom.cc:155:do_switch$1325$rdmux[0][2][1]$b$7380 [3] $memory$flatten\seven_segment_ctrl.\lsb_nibble.$auto$proc_rom.cc:155:do_switch$1325$rdmux[0][2][1]$b$7380 [3] $memory$flatten\seven_segment_ctrl.\lsb_nibble.$auto$proc_rom.cc:155:do_switch$1325$rdmux[0][2][1]$b$7380 [3] 2'11 }
    Consolidated identical input bits for $mux cell $memory$flatten\seven_segment_ctrl.\lsb_nibble.$auto$proc_rom.cc:155:do_switch$1325$rdmux[0][3][2]$7393:
      Old ports: A=7'1100110, B=7'1101101, Y=$memory$flatten\seven_segment_ctrl.\lsb_nibble.$auto$proc_rom.cc:155:do_switch$1325$rdmux[0][2][1]$a$7379
      New ports: A=2'10, B=2'01, Y=$memory$flatten\seven_segment_ctrl.\lsb_nibble.$auto$proc_rom.cc:155:do_switch$1325$rdmux[0][2][1]$a$7379 [1:0]
      New connections: $memory$flatten\seven_segment_ctrl.\lsb_nibble.$auto$proc_rom.cc:155:do_switch$1325$rdmux[0][2][1]$a$7379 [6:2] = { 3'110 $memory$flatten\seven_segment_ctrl.\lsb_nibble.$auto$proc_rom.cc:155:do_switch$1325$rdmux[0][2][1]$a$7379 [0] 1'1 }
    Consolidated identical input bits for $mux cell $memory$flatten\seven_segment_ctrl.\lsb_nibble.$auto$proc_rom.cc:155:do_switch$1325$rdmux[0][3][1]$7390:
      Old ports: A=7'1011011, B=7'1001111, Y=$memory$flatten\seven_segment_ctrl.\lsb_nibble.$auto$proc_rom.cc:155:do_switch$1325$rdmux[0][2][0]$b$7377
      New ports: A=2'10, B=2'01, Y={ $memory$flatten\seven_segment_ctrl.\lsb_nibble.$auto$proc_rom.cc:155:do_switch$1325$rdmux[0][2][0]$b$7377 [4] $memory$flatten\seven_segment_ctrl.\lsb_nibble.$auto$proc_rom.cc:155:do_switch$1325$rdmux[0][2][0]$b$7377 [2] }
      New connections: { $memory$flatten\seven_segment_ctrl.\lsb_nibble.$auto$proc_rom.cc:155:do_switch$1325$rdmux[0][2][0]$b$7377 [6:5] $memory$flatten\seven_segment_ctrl.\lsb_nibble.$auto$proc_rom.cc:155:do_switch$1325$rdmux[0][2][0]$b$7377 [3] $memory$flatten\seven_segment_ctrl.\lsb_nibble.$auto$proc_rom.cc:155:do_switch$1325$rdmux[0][2][0]$b$7377 [1:0] } = 5'10111
    Consolidated identical input bits for $mux cell $memory$flatten\seven_segment_ctrl.\lsb_nibble.$auto$proc_rom.cc:155:do_switch$1325$rdmux[0][3][0]$7387:
      Old ports: A=7'0111111, B=7'0000110, Y=$memory$flatten\seven_segment_ctrl.\lsb_nibble.$auto$proc_rom.cc:155:do_switch$1325$rdmux[0][2][0]$a$7376
      New ports: A=1'1, B=1'0, Y=$memory$flatten\seven_segment_ctrl.\lsb_nibble.$auto$proc_rom.cc:155:do_switch$1325$rdmux[0][2][0]$a$7376 [0]
      New connections: $memory$flatten\seven_segment_ctrl.\lsb_nibble.$auto$proc_rom.cc:155:do_switch$1325$rdmux[0][2][0]$a$7376 [6:1] = { 1'0 $memory$flatten\seven_segment_ctrl.\lsb_nibble.$auto$proc_rom.cc:155:do_switch$1325$rdmux[0][2][0]$a$7376 [0] $memory$flatten\seven_segment_ctrl.\lsb_nibble.$auto$proc_rom.cc:155:do_switch$1325$rdmux[0][2][0]$a$7376 [0] $memory$flatten\seven_segment_ctrl.\lsb_nibble.$auto$proc_rom.cc:155:do_switch$1325$rdmux[0][2][0]$a$7376 [0] 2'11 }
    Consolidated identical input bits for $mux cell $flatten\soc.\cpu.$ternary$../picorv32.v:1546$1104:
      Old ports: A=3'011, B=3'100, Y=$auto$wreduce.cc:514:run$6913 [2:0]
      New ports: A=2'01, B=2'10, Y={ $auto$wreduce.cc:514:run$6913 [2] $auto$wreduce.cc:514:run$6913 [0] }
      New connections: $auto$wreduce.cc:514:run$6913 [1] = $auto$wreduce.cc:514:run$6913 [0]
    Consolidated identical input bits for $mux cell $flatten\soc.\cpu.$ternary$../picorv32.v:1541$1102:
      Old ports: A=2'00, B=2'10, Y=$flatten\soc.\cpu.$ternary$../picorv32.v:1541$1102_Y
      New ports: A=1'0, B=1'1, Y=$flatten\soc.\cpu.$ternary$../picorv32.v:1541$1102_Y [1]
      New connections: $flatten\soc.\cpu.$ternary$../picorv32.v:1541$1102_Y [0] = 1'0
    New ctrl vector for $pmux cell $flatten\soc.\cpu.$procmux$3231: { \soc.cpu.cpu_state [4] $auto$opt_reduce.cc:137:opt_pmux$7457 }
    New ctrl vector for $pmux cell $flatten\soc.\cpu.$procmux$3023: { $auto$opt_reduce.cc:137:opt_pmux$7459 $auto$opt_reduce.cc:137:opt_pmux$5366 }
    Consolidated identical input bits for $pmux cell $flatten\soc.\cpu.$procmux$4584:
      Old ports: A=\soc.cpu.reg_op2, B={ \soc.cpu.reg_op2 [15:0] \soc.cpu.reg_op2 [15:0] \soc.cpu.reg_op2 [7:0] \soc.cpu.reg_op2 [7:0] \soc.cpu.reg_op2 [7:0] \soc.cpu.reg_op2 [7:0] }, Y=\soc.cpu.mem_la_wdata
      New ports: A=\soc.cpu.reg_op2 [31:8], B={ \soc.cpu.reg_op2 [15:0] \soc.cpu.reg_op2 [15:0] \soc.cpu.reg_op2 [7:0] \soc.cpu.reg_op2 [7:0] }, Y=\soc.cpu.mem_la_wdata [31:8]
      New connections: \soc.cpu.mem_la_wdata [7:0] = \soc.cpu.reg_op2 [7:0]
    Consolidated identical input bits for $mux cell $flatten\soc.\cpu.$procmux$3287:
      Old ports: A={ $flatten\soc.\cpu.$3\current_pc[31:0] [31:2] $auto$alumacc.cc:528:replace_alu$7115 [1] $auto$alumacc.cc:528:replace_alu$7109 [0] }, B={ $flatten\soc.\cpu.$add$../picorv32.v:1552$1110_Y [31:2] $auto$alumacc.cc:528:replace_alu$7115 [1] $auto$alumacc.cc:528:replace_alu$7109 [0] }, Y=$flatten\soc.\cpu.$procmux$3287_Y
      New ports: A=$flatten\soc.\cpu.$3\current_pc[31:0] [31:2], B=$flatten\soc.\cpu.$add$../picorv32.v:1552$1110_Y [31:2], Y=$flatten\soc.\cpu.$procmux$3287_Y [31:2]
      New connections: $flatten\soc.\cpu.$procmux$3287_Y [1:0] = { $auto$alumacc.cc:528:replace_alu$7115 [1] $auto$alumacc.cc:528:replace_alu$7109 [0] }
    Consolidated identical input bits for $mux cell $flatten\soc.\cpu.$procmux$3281:
      Old ports: A={ $flatten\soc.\cpu.$add$../picorv32.v:1552$1110_Y [31:2] $auto$alumacc.cc:528:replace_alu$7115 [1] $auto$alumacc.cc:528:replace_alu$7109 [0] }, B={ $flatten\soc.\cpu.$add$../picorv32.v:1569$1114_Y [31:1] $auto$alumacc.cc:528:replace_alu$7109 [0] }, Y=$flatten\soc.\cpu.$procmux$3281_Y
      New ports: A={ $flatten\soc.\cpu.$add$../picorv32.v:1552$1110_Y [31:2] $auto$alumacc.cc:528:replace_alu$7115 [1] }, B=$flatten\soc.\cpu.$add$../picorv32.v:1569$1114_Y [31:1], Y=$flatten\soc.\cpu.$procmux$3281_Y [31:1]
      New connections: $flatten\soc.\cpu.$procmux$3281_Y [0] = $auto$alumacc.cc:528:replace_alu$7109 [0]
    Consolidated identical input bits for $mux cell $flatten\soc.\cpu.$ternary$../picorv32.v:617$710:
      Old ports: A=2'11, B=2'00, Y=$flatten\soc.\cpu.$procmux$4271_Y
      New ports: A=1'1, B=1'0, Y=$flatten\soc.\cpu.$procmux$4271_Y [0]
      New connections: $flatten\soc.\cpu.$procmux$4271_Y [1] = $flatten\soc.\cpu.$procmux$4271_Y [0]
    Consolidated identical input bits for $pmux cell $flatten\soc.\cpu.$procmux$2457:
      Old ports: A=\soc.cpu.mem_rdata_word, B={ \soc.cpu.mem_rdata_word [15] \soc.cpu.mem_rdata_word [15] \soc.cpu.mem_rdata_word [15] \soc.cpu.mem_rdata_word [15] \soc.cpu.mem_rdata_word [15] \soc.cpu.mem_rdata_word [15] \soc.cpu.mem_rdata_word [15] \soc.cpu.mem_rdata_word [15] \soc.cpu.mem_rdata_word [15] \soc.cpu.mem_rdata_word [15] \soc.cpu.mem_rdata_word [15] \soc.cpu.mem_rdata_word [15] \soc.cpu.mem_rdata_word [15] \soc.cpu.mem_rdata_word [15] \soc.cpu.mem_rdata_word [15] \soc.cpu.mem_rdata_word [15] \soc.cpu.mem_rdata_word [15:0] \soc.cpu.mem_rdata_word [7] \soc.cpu.mem_rdata_word [7] \soc.cpu.mem_rdata_word [7] \soc.cpu.mem_rdata_word [7] \soc.cpu.mem_rdata_word [7] \soc.cpu.mem_rdata_word [7] \soc.cpu.mem_rdata_word [7] \soc.cpu.mem_rdata_word [7] \soc.cpu.mem_rdata_word [7] \soc.cpu.mem_rdata_word [7] \soc.cpu.mem_rdata_word [7] \soc.cpu.mem_rdata_word [7] \soc.cpu.mem_rdata_word [7] \soc.cpu.mem_rdata_word [7] \soc.cpu.mem_rdata_word [7] \soc.cpu.mem_rdata_word [7] \soc.cpu.mem_rdata_word [7] \soc.cpu.mem_rdata_word [7] \soc.cpu.mem_rdata_word [7] \soc.cpu.mem_rdata_word [7] \soc.cpu.mem_rdata_word [7] \soc.cpu.mem_rdata_word [7] \soc.cpu.mem_rdata_word [7] \soc.cpu.mem_rdata_word [7] \soc.cpu.mem_rdata_word [7:0] }, Y=$flatten\soc.\cpu.$procmux$2457_Y
      New ports: A=\soc.cpu.mem_rdata_word [31:8], B={ \soc.cpu.mem_rdata_word [15] \soc.cpu.mem_rdata_word [15] \soc.cpu.mem_rdata_word [15] \soc.cpu.mem_rdata_word [15] \soc.cpu.mem_rdata_word [15] \soc.cpu.mem_rdata_word [15] \soc.cpu.mem_rdata_word [15] \soc.cpu.mem_rdata_word [15] \soc.cpu.mem_rdata_word [15] \soc.cpu.mem_rdata_word [15] \soc.cpu.mem_rdata_word [15] \soc.cpu.mem_rdata_word [15] \soc.cpu.mem_rdata_word [15] \soc.cpu.mem_rdata_word [15] \soc.cpu.mem_rdata_word [15] \soc.cpu.mem_rdata_word [15] \soc.cpu.mem_rdata_word [15:7] \soc.cpu.mem_rdata_word [7] \soc.cpu.mem_rdata_word [7] \soc.cpu.mem_rdata_word [7] \soc.cpu.mem_rdata_word [7] \soc.cpu.mem_rdata_word [7] \soc.cpu.mem_rdata_word [7] \soc.cpu.mem_rdata_word [7] \soc.cpu.mem_rdata_word [7] \soc.cpu.mem_rdata_word [7] \soc.cpu.mem_rdata_word [7] \soc.cpu.mem_rdata_word [7] \soc.cpu.mem_rdata_word [7] \soc.cpu.mem_rdata_word [7] \soc.cpu.mem_rdata_word [7] \soc.cpu.mem_rdata_word [7] \soc.cpu.mem_rdata_word [7] \soc.cpu.mem_rdata_word [7] \soc.cpu.mem_rdata_word [7] \soc.cpu.mem_rdata_word [7] \soc.cpu.mem_rdata_word [7] \soc.cpu.mem_rdata_word [7] \soc.cpu.mem_rdata_word [7] \soc.cpu.mem_rdata_word [7] }, Y=$flatten\soc.\cpu.$procmux$2457_Y [31:8]
      New connections: $flatten\soc.\cpu.$procmux$2457_Y [7:0] = \soc.cpu.mem_rdata_word [7:0]
    Consolidated identical input bits for $mux cell $flatten\soc.\cpu.$ternary$../picorv32.v:411$650:
      Old ports: A=4'0011, B=4'1100, Y=$flatten\soc.\cpu.$ternary$../picorv32.v:411$650_Y
      New ports: A=2'01, B=2'10, Y={ $flatten\soc.\cpu.$ternary$../picorv32.v:411$650_Y [2] $flatten\soc.\cpu.$ternary$../picorv32.v:411$650_Y [0] }
      New connections: { $flatten\soc.\cpu.$ternary$../picorv32.v:411$650_Y [3] $flatten\soc.\cpu.$ternary$../picorv32.v:411$650_Y [1] } = { $flatten\soc.\cpu.$ternary$../picorv32.v:411$650_Y [2] $flatten\soc.\cpu.$ternary$../picorv32.v:411$650_Y [0] }
    Consolidated identical input bits for $mux cell $flatten\soc.\cpu.$ternary$../picorv32.v:382$635:
      Old ports: A={ \soc.cpu.reg_op1 [31:2] 2'00 }, B={ \soc.cpu.next_pc [31:2] 2'00 }, Y=\soc.cpu.mem_la_addr
      New ports: A=\soc.cpu.reg_op1 [31:2], B=\soc.cpu.next_pc [31:2], Y=\soc.cpu.mem_la_addr [31:2]
      New connections: \soc.cpu.mem_la_addr [1:0] = 2'00
    Consolidated identical input bits for $mux cell $flatten\soc.\spimemio.\xfer.$procmux$1496:
      Old ports: A=\soc.spimemio.xfer.count, B={ $flatten\soc.\spimemio.\xfer.$sub$spimemio.v:524$1275_Y [3:1] \soc.spimemio.xfer.count [0] }, Y=$flatten\soc.\spimemio.\xfer.$5\next_count[3:0]
      New ports: A=\soc.spimemio.xfer.count [3:1], B=$flatten\soc.\spimemio.\xfer.$sub$spimemio.v:524$1275_Y [3:1], Y=$flatten\soc.\spimemio.\xfer.$5\next_count[3:0] [3:1]
      New connections: $flatten\soc.\spimemio.\xfer.$5\next_count[3:0] [0] = \soc.spimemio.xfer.count [0]
    Consolidated identical input bits for $mux cell $flatten\soc.\spimemio.\xfer.$procmux$1537:
      Old ports: A=\soc.spimemio.xfer.count, B={ $flatten\soc.\spimemio.\xfer.$sub$spimemio.v:491$1263_Y [3:2] \soc.spimemio.xfer.count [1:0] }, Y=$flatten\soc.\spimemio.\xfer.$4\next_count[3:0]
      New ports: A=\soc.spimemio.xfer.count [3:2], B=$flatten\soc.\spimemio.\xfer.$sub$spimemio.v:491$1263_Y [3:2], Y=$flatten\soc.\spimemio.\xfer.$4\next_count[3:0] [3:2]
      New connections: $flatten\soc.\spimemio.\xfer.$4\next_count[3:0] [1:0] = \soc.spimemio.xfer.count [1:0]
    Consolidated identical input bits for $pmux cell $flatten\soc.\cpu.$procmux$4559:
      Old ports: A={ 24'000000000000000000000000 \soc.cpu.mem_rdata [7:0] }, B={ 24'000000000000000000000000 \soc.cpu.mem_rdata [15:8] 24'000000000000000000000000 \soc.cpu.mem_rdata [23:16] 24'000000000000000000000000 \soc.cpu.mem_rdata [31:24] }, Y=$flatten\soc.\cpu.$3\mem_rdata_word[31:0]
      New ports: A=\soc.cpu.mem_rdata [7:0], B={ \soc.cpu.mem_rdata [15:8] \soc.cpu.mem_rdata [23:16] \soc.cpu.mem_rdata [31:24] }, Y=$flatten\soc.\cpu.$3\mem_rdata_word[31:0] [7:0]
      New connections: $flatten\soc.\cpu.$3\mem_rdata_word[31:0] [31:8] = 24'000000000000000000000000
    New ctrl vector for $pmux cell $flatten\soc.\spimemio.\xfer.$procmux$1625: { $flatten\soc.\spimemio.\xfer.$procmux$1503_CMP $auto$opt_reduce.cc:137:opt_pmux$7461 }
    New ctrl vector for $pmux cell $flatten\soc.\cpu.$procmux$4265: { $flatten\soc.\cpu.$procmux$4275_CMP $auto$opt_reduce.cc:137:opt_pmux$7463 }
    Consolidated identical input bits for $pmux cell $flatten\soc.\spimemio.\xfer.$procmux$1635:
      Old ports: A={ \soc.spimemio.xfer.obuffer [5:0] 2'00 }, B={ \soc.spimemio.xfer.obuffer [6:0] 1'0 \soc.spimemio.xfer.obuffer [3:0] 4'0000 \soc.spimemio.xfer.obuffer [3:0] 4'0000 }, Y=\soc.spimemio.xfer.next_obuffer
      New ports: A={ \soc.spimemio.xfer.obuffer [5:0] 1'0 }, B={ \soc.spimemio.xfer.obuffer [6:0] \soc.spimemio.xfer.obuffer [3:0] 3'000 \soc.spimemio.xfer.obuffer [3:0] 3'000 }, Y=\soc.spimemio.xfer.next_obuffer [7:1]
      New connections: \soc.spimemio.xfer.next_obuffer [0] = 1'0
    New ctrl vector for $pmux cell $flatten\soc.\spimemio.\xfer.$procmux$1635: { $flatten\soc.\spimemio.\xfer.$procmux$1503_CMP $auto$opt_reduce.cc:137:opt_pmux$7465 }
    Consolidated identical input bits for $mux cell $flatten\soc.\cpu.$procmux$4568:
      Old ports: A={ 16'0000000000000000 \soc.cpu.mem_rdata [15:0] }, B={ 16'0000000000000000 \soc.cpu.mem_rdata [31:16] }, Y=$flatten\soc.\cpu.$2\mem_rdata_word[31:0]
      New ports: A=\soc.cpu.mem_rdata [15:0], B=\soc.cpu.mem_rdata [31:16], Y=$flatten\soc.\cpu.$2\mem_rdata_word[31:0] [15:0]
      New connections: $flatten\soc.\cpu.$2\mem_rdata_word[31:0] [31:16] = 16'0000000000000000
    New ctrl vector for $pmux cell $flatten\soc.\cpu.$procmux$2713: { \soc.cpu.cpu_state [3] $auto$opt_reduce.cc:137:opt_pmux$7467 }
    Consolidated identical input bits for $pmux cell $flatten\soc.\spimemio.$procmux$4879:
      Old ports: A=8'11101101, B=24'111010111011101100000011, Y=$flatten\soc.\spimemio.$procmux$4879_Y
      New ports: A=5'10110, B=15'101010110100001, Y={ $flatten\soc.\spimemio.$procmux$4879_Y [6] $flatten\soc.\spimemio.$procmux$4879_Y [4:1] }
      New connections: { $flatten\soc.\spimemio.$procmux$4879_Y [7] $flatten\soc.\spimemio.$procmux$4879_Y [5] $flatten\soc.\spimemio.$procmux$4879_Y [0] } = { $flatten\soc.\spimemio.$procmux$4879_Y [3] $flatten\soc.\spimemio.$procmux$4879_Y [3] 1'1 }
    Consolidated identical input bits for $pmux cell $flatten\soc.\spimemio.$procmux$4848:
      Old ports: A=4'0000, B=20'00000001001000110100, Y=$flatten\soc.\spimemio.$procmux$4848_Y
      New ports: A=3'000, B=15'000001010011100, Y=$flatten\soc.\spimemio.$procmux$4848_Y [2:0]
      New connections: $flatten\soc.\spimemio.$procmux$4848_Y [3] = 1'0
    New ctrl vector for $pmux cell $flatten\soc.\spimemio.$procmux$4848: { \soc.spimemio.state [8] \soc.spimemio.state [5] \soc.spimemio.state [11] \soc.spimemio.state [3] }
    Consolidated identical input bits for $mux cell $flatten\soc.\spimemio.$ternary$spimemio.v:316$545:
      Old ports: A=7'1111111, B=7'0100101, Y=$auto$wreduce.cc:514:run$6917 [6:0]
      New ports: A=1'1, B=1'0, Y=$auto$wreduce.cc:514:run$6917 [1]
      New connections: { $auto$wreduce.cc:514:run$6917 [6:2] $auto$wreduce.cc:514:run$6917 [0] } = { $auto$wreduce.cc:514:run$6917 [1] 1'1 $auto$wreduce.cc:514:run$6917 [1] $auto$wreduce.cc:514:run$6917 [1] 2'11 }
    Consolidated identical input bits for $mux cell $flatten\soc.\simpleuart.$ternary$simpleuart.v:53$473:
      Old ports: A=32'11111111111111111111111111111111, B={ 24'000000000000000000000000 \soc.simpleuart.recv_buf_data }, Y=\soc.simpleuart_reg_dat_do
      New ports: A=9'111111111, B={ 1'0 \soc.simpleuart.recv_buf_data }, Y=\soc.simpleuart_reg_dat_do [8:0]
      New connections: \soc.simpleuart_reg_dat_do [31:9] = { \soc.simpleuart_reg_dat_do [8] \soc.simpleuart_reg_dat_do [8] \soc.simpleuart_reg_dat_do [8] \soc.simpleuart_reg_dat_do [8] \soc.simpleuart_reg_dat_do [8] \soc.simpleuart_reg_dat_do [8] \soc.simpleuart_reg_dat_do [8] \soc.simpleuart_reg_dat_do [8] \soc.simpleuart_reg_dat_do [8] \soc.simpleuart_reg_dat_do [8] \soc.simpleuart_reg_dat_do [8] \soc.simpleuart_reg_dat_do [8] \soc.simpleuart_reg_dat_do [8] \soc.simpleuart_reg_dat_do [8] \soc.simpleuart_reg_dat_do [8] \soc.simpleuart_reg_dat_do [8] \soc.simpleuart_reg_dat_do [8] \soc.simpleuart_reg_dat_do [8] \soc.simpleuart_reg_dat_do [8] \soc.simpleuart_reg_dat_do [8] \soc.simpleuart_reg_dat_do [8] \soc.simpleuart_reg_dat_do [8] \soc.simpleuart_reg_dat_do [8] }
    Consolidated identical input bits for $mux cell $memory$flatten\seven_segment_ctrl.\lsb_nibble.$auto$proc_rom.cc:155:do_switch$1325$rdmux[0][3][7]$7408:
      Old ports: A=7'1111001, B=7'1110001, Y=$memory$flatten\seven_segment_ctrl.\lsb_nibble.$auto$proc_rom.cc:155:do_switch$1325$rdmux[0][2][3]$b$7386
      New ports: A=1'1, B=1'0, Y=$memory$flatten\seven_segment_ctrl.\lsb_nibble.$auto$proc_rom.cc:155:do_switch$1325$rdmux[0][2][3]$b$7386 [3]
      New connections: { $memory$flatten\seven_segment_ctrl.\lsb_nibble.$auto$proc_rom.cc:155:do_switch$1325$rdmux[0][2][3]$b$7386 [6:4] $memory$flatten\seven_segment_ctrl.\lsb_nibble.$auto$proc_rom.cc:155:do_switch$1325$rdmux[0][2][3]$b$7386 [2:0] } = 6'111001
    Consolidated identical input bits for $mux cell $memory$flatten\seven_segment_ctrl.\msb_nibble.$auto$proc_rom.cc:155:do_switch$1325$rdmux[0][3][7]$7453:
      Old ports: A=7'1111001, B=7'1110001, Y=$memory$flatten\seven_segment_ctrl.\msb_nibble.$auto$proc_rom.cc:155:do_switch$1325$rdmux[0][2][3]$b$7431
      New ports: A=1'1, B=1'0, Y=$memory$flatten\seven_segment_ctrl.\msb_nibble.$auto$proc_rom.cc:155:do_switch$1325$rdmux[0][2][3]$b$7431 [3]
      New connections: { $memory$flatten\seven_segment_ctrl.\msb_nibble.$auto$proc_rom.cc:155:do_switch$1325$rdmux[0][2][3]$b$7431 [6:4] $memory$flatten\seven_segment_ctrl.\msb_nibble.$auto$proc_rom.cc:155:do_switch$1325$rdmux[0][2][3]$b$7431 [2:0] } = 6'111001
    New input vector for $reduce_or cell $auto$opt_reduce.cc:131:opt_pmux$7466: { \soc.cpu.cpu_state [6] \soc.cpu.cpu_state [4] \soc.cpu.cpu_state [2] }
  Optimizing cells in module \icebreaker.
    Consolidated identical input bits for $mux cell $memory$flatten\seven_segment_ctrl.\msb_nibble.$auto$proc_rom.cc:155:do_switch$1325$rdmux[0][2][3]$7429:
      Old ports: A=$memory$flatten\seven_segment_ctrl.\msb_nibble.$auto$proc_rom.cc:155:do_switch$1325$rdmux[0][2][3]$a$7430, B=$memory$flatten\seven_segment_ctrl.\msb_nibble.$auto$proc_rom.cc:155:do_switch$1325$rdmux[0][2][3]$b$7431, Y=$memory$flatten\seven_segment_ctrl.\msb_nibble.$auto$proc_rom.cc:155:do_switch$1325$rdmux[0][1][1]$b$7419
      New ports: A={ $memory$flatten\seven_segment_ctrl.\msb_nibble.$auto$proc_rom.cc:155:do_switch$1325$rdmux[0][2][3]$a$7430 [1] 1'1 $memory$flatten\seven_segment_ctrl.\msb_nibble.$auto$proc_rom.cc:155:do_switch$1325$rdmux[0][2][3]$a$7430 [1:0] }, B={ 1'1 $memory$flatten\seven_segment_ctrl.\msb_nibble.$auto$proc_rom.cc:155:do_switch$1325$rdmux[0][2][3]$b$7431 [3] 2'01 }, Y={ $memory$flatten\seven_segment_ctrl.\msb_nibble.$auto$proc_rom.cc:155:do_switch$1325$rdmux[0][1][1]$b$7419 [6] $memory$flatten\seven_segment_ctrl.\msb_nibble.$auto$proc_rom.cc:155:do_switch$1325$rdmux[0][1][1]$b$7419 [3] $memory$flatten\seven_segment_ctrl.\msb_nibble.$auto$proc_rom.cc:155:do_switch$1325$rdmux[0][1][1]$b$7419 [1:0] }
      New connections: { $memory$flatten\seven_segment_ctrl.\msb_nibble.$auto$proc_rom.cc:155:do_switch$1325$rdmux[0][1][1]$b$7419 [5:4] $memory$flatten\seven_segment_ctrl.\msb_nibble.$auto$proc_rom.cc:155:do_switch$1325$rdmux[0][1][1]$b$7419 [2] } = { $memory$flatten\seven_segment_ctrl.\msb_nibble.$auto$proc_rom.cc:155:do_switch$1325$rdmux[0][1][1]$b$7419 [0] 1'1 $memory$flatten\seven_segment_ctrl.\msb_nibble.$auto$proc_rom.cc:155:do_switch$1325$rdmux[0][1][1]$b$7419 [1] }
    Consolidated identical input bits for $mux cell $memory$flatten\seven_segment_ctrl.\msb_nibble.$auto$proc_rom.cc:155:do_switch$1325$rdmux[0][2][2]$7426:
      Old ports: A=$memory$flatten\seven_segment_ctrl.\msb_nibble.$auto$proc_rom.cc:155:do_switch$1325$rdmux[0][2][2]$a$7427, B=$memory$flatten\seven_segment_ctrl.\msb_nibble.$auto$proc_rom.cc:155:do_switch$1325$rdmux[0][2][2]$b$7428, Y=$memory$flatten\seven_segment_ctrl.\msb_nibble.$auto$proc_rom.cc:155:do_switch$1325$rdmux[0][1][1]$a$7418
      New ports: A={ $memory$flatten\seven_segment_ctrl.\msb_nibble.$auto$proc_rom.cc:155:do_switch$1325$rdmux[0][2][2]$a$7427 [4] 2'11 }, B={ 1'1 $memory$flatten\seven_segment_ctrl.\msb_nibble.$auto$proc_rom.cc:155:do_switch$1325$rdmux[0][2][2]$b$7428 [3] $memory$flatten\seven_segment_ctrl.\msb_nibble.$auto$proc_rom.cc:155:do_switch$1325$rdmux[0][2][2]$b$7428 [0] }, Y={ $memory$flatten\seven_segment_ctrl.\msb_nibble.$auto$proc_rom.cc:155:do_switch$1325$rdmux[0][1][1]$a$7418 [4:3] $memory$flatten\seven_segment_ctrl.\msb_nibble.$auto$proc_rom.cc:155:do_switch$1325$rdmux[0][1][1]$a$7418 [0] }
      New connections: { $memory$flatten\seven_segment_ctrl.\msb_nibble.$auto$proc_rom.cc:155:do_switch$1325$rdmux[0][1][1]$a$7418 [6:5] $memory$flatten\seven_segment_ctrl.\msb_nibble.$auto$proc_rom.cc:155:do_switch$1325$rdmux[0][1][1]$a$7418 [2:1] } = { 3'111 $memory$flatten\seven_segment_ctrl.\msb_nibble.$auto$proc_rom.cc:155:do_switch$1325$rdmux[0][1][1]$a$7418 [0] }
    Consolidated identical input bits for $mux cell $memory$flatten\seven_segment_ctrl.\msb_nibble.$auto$proc_rom.cc:155:do_switch$1325$rdmux[0][2][1]$7423:
      Old ports: A=$memory$flatten\seven_segment_ctrl.\msb_nibble.$auto$proc_rom.cc:155:do_switch$1325$rdmux[0][2][1]$a$7424, B=$memory$flatten\seven_segment_ctrl.\msb_nibble.$auto$proc_rom.cc:155:do_switch$1325$rdmux[0][2][1]$b$7425, Y=$memory$flatten\seven_segment_ctrl.\msb_nibble.$auto$proc_rom.cc:155:do_switch$1325$rdmux[0][1][0]$b$7416
      New ports: A={ 2'10 $memory$flatten\seven_segment_ctrl.\msb_nibble.$auto$proc_rom.cc:155:do_switch$1325$rdmux[0][2][1]$a$7424 [0] $memory$flatten\seven_segment_ctrl.\msb_nibble.$auto$proc_rom.cc:155:do_switch$1325$rdmux[0][2][1]$a$7424 [1:0] }, B={ $memory$flatten\seven_segment_ctrl.\msb_nibble.$auto$proc_rom.cc:155:do_switch$1325$rdmux[0][2][1]$b$7425 [3] $memory$flatten\seven_segment_ctrl.\msb_nibble.$auto$proc_rom.cc:155:do_switch$1325$rdmux[0][2][1]$b$7425 [3] $memory$flatten\seven_segment_ctrl.\msb_nibble.$auto$proc_rom.cc:155:do_switch$1325$rdmux[0][2][1]$b$7425 [3] $memory$flatten\seven_segment_ctrl.\msb_nibble.$auto$proc_rom.cc:155:do_switch$1325$rdmux[0][2][1]$b$7425 [1] 1'1 }, Y={ $memory$flatten\seven_segment_ctrl.\msb_nibble.$auto$proc_rom.cc:155:do_switch$1325$rdmux[0][1][0]$b$7416 [5:3] $memory$flatten\seven_segment_ctrl.\msb_nibble.$auto$proc_rom.cc:155:do_switch$1325$rdmux[0][1][0]$b$7416 [1:0] }
      New connections: { $memory$flatten\seven_segment_ctrl.\msb_nibble.$auto$proc_rom.cc:155:do_switch$1325$rdmux[0][1][0]$b$7416 [6] $memory$flatten\seven_segment_ctrl.\msb_nibble.$auto$proc_rom.cc:155:do_switch$1325$rdmux[0][1][0]$b$7416 [2] } = { $memory$flatten\seven_segment_ctrl.\msb_nibble.$auto$proc_rom.cc:155:do_switch$1325$rdmux[0][1][0]$b$7416 [5] 1'1 }
    Consolidated identical input bits for $mux cell $memory$flatten\seven_segment_ctrl.\msb_nibble.$auto$proc_rom.cc:155:do_switch$1325$rdmux[0][2][0]$7420:
      Old ports: A=$memory$flatten\seven_segment_ctrl.\msb_nibble.$auto$proc_rom.cc:155:do_switch$1325$rdmux[0][2][0]$a$7421, B=$memory$flatten\seven_segment_ctrl.\msb_nibble.$auto$proc_rom.cc:155:do_switch$1325$rdmux[0][2][0]$b$7422, Y=$memory$flatten\seven_segment_ctrl.\msb_nibble.$auto$proc_rom.cc:155:do_switch$1325$rdmux[0][1][0]$a$7415
      New ports: A={ 1'0 $memory$flatten\seven_segment_ctrl.\msb_nibble.$auto$proc_rom.cc:155:do_switch$1325$rdmux[0][2][0]$a$7421 [0] $memory$flatten\seven_segment_ctrl.\msb_nibble.$auto$proc_rom.cc:155:do_switch$1325$rdmux[0][2][0]$a$7421 [0] 1'1 $memory$flatten\seven_segment_ctrl.\msb_nibble.$auto$proc_rom.cc:155:do_switch$1325$rdmux[0][2][0]$a$7421 [0] }, B={ 2'10 $memory$flatten\seven_segment_ctrl.\msb_nibble.$auto$proc_rom.cc:155:do_switch$1325$rdmux[0][2][0]$b$7422 [4] $memory$flatten\seven_segment_ctrl.\msb_nibble.$auto$proc_rom.cc:155:do_switch$1325$rdmux[0][2][0]$b$7422 [2] 1'1 }, Y={ $memory$flatten\seven_segment_ctrl.\msb_nibble.$auto$proc_rom.cc:155:do_switch$1325$rdmux[0][1][0]$a$7415 [6:4] $memory$flatten\seven_segment_ctrl.\msb_nibble.$auto$proc_rom.cc:155:do_switch$1325$rdmux[0][1][0]$a$7415 [2] $memory$flatten\seven_segment_ctrl.\msb_nibble.$auto$proc_rom.cc:155:do_switch$1325$rdmux[0][1][0]$a$7415 [0] }
      New connections: { $memory$flatten\seven_segment_ctrl.\msb_nibble.$auto$proc_rom.cc:155:do_switch$1325$rdmux[0][1][0]$a$7415 [3] $memory$flatten\seven_segment_ctrl.\msb_nibble.$auto$proc_rom.cc:155:do_switch$1325$rdmux[0][1][0]$a$7415 [1] } = { $memory$flatten\seven_segment_ctrl.\msb_nibble.$auto$proc_rom.cc:155:do_switch$1325$rdmux[0][1][0]$a$7415 [0] 1'1 }
    Consolidated identical input bits for $mux cell $memory$flatten\seven_segment_ctrl.\lsb_nibble.$auto$proc_rom.cc:155:do_switch$1325$rdmux[0][2][3]$7384:
      Old ports: A=$memory$flatten\seven_segment_ctrl.\lsb_nibble.$auto$proc_rom.cc:155:do_switch$1325$rdmux[0][2][3]$a$7385, B=$memory$flatten\seven_segment_ctrl.\lsb_nibble.$auto$proc_rom.cc:155:do_switch$1325$rdmux[0][2][3]$b$7386, Y=$memory$flatten\seven_segment_ctrl.\lsb_nibble.$auto$proc_rom.cc:155:do_switch$1325$rdmux[0][1][1]$b$7374
      New ports: A={ $memory$flatten\seven_segment_ctrl.\lsb_nibble.$auto$proc_rom.cc:155:do_switch$1325$rdmux[0][2][3]$a$7385 [1] 1'1 $memory$flatten\seven_segment_ctrl.\lsb_nibble.$auto$proc_rom.cc:155:do_switch$1325$rdmux[0][2][3]$a$7385 [1:0] }, B={ 1'1 $memory$flatten\seven_segment_ctrl.\lsb_nibble.$auto$proc_rom.cc:155:do_switch$1325$rdmux[0][2][3]$b$7386 [3] 2'01 }, Y={ $memory$flatten\seven_segment_ctrl.\lsb_nibble.$auto$proc_rom.cc:155:do_switch$1325$rdmux[0][1][1]$b$7374 [6] $memory$flatten\seven_segment_ctrl.\lsb_nibble.$auto$proc_rom.cc:155:do_switch$1325$rdmux[0][1][1]$b$7374 [3] $memory$flatten\seven_segment_ctrl.\lsb_nibble.$auto$proc_rom.cc:155:do_switch$1325$rdmux[0][1][1]$b$7374 [1:0] }
      New connections: { $memory$flatten\seven_segment_ctrl.\lsb_nibble.$auto$proc_rom.cc:155:do_switch$1325$rdmux[0][1][1]$b$7374 [5:4] $memory$flatten\seven_segment_ctrl.\lsb_nibble.$auto$proc_rom.cc:155:do_switch$1325$rdmux[0][1][1]$b$7374 [2] } = { $memory$flatten\seven_segment_ctrl.\lsb_nibble.$auto$proc_rom.cc:155:do_switch$1325$rdmux[0][1][1]$b$7374 [0] 1'1 $memory$flatten\seven_segment_ctrl.\lsb_nibble.$auto$proc_rom.cc:155:do_switch$1325$rdmux[0][1][1]$b$7374 [1] }
    Consolidated identical input bits for $mux cell $memory$flatten\seven_segment_ctrl.\lsb_nibble.$auto$proc_rom.cc:155:do_switch$1325$rdmux[0][2][2]$7381:
      Old ports: A=$memory$flatten\seven_segment_ctrl.\lsb_nibble.$auto$proc_rom.cc:155:do_switch$1325$rdmux[0][2][2]$a$7382, B=$memory$flatten\seven_segment_ctrl.\lsb_nibble.$auto$proc_rom.cc:155:do_switch$1325$rdmux[0][2][2]$b$7383, Y=$memory$flatten\seven_segment_ctrl.\lsb_nibble.$auto$proc_rom.cc:155:do_switch$1325$rdmux[0][1][1]$a$7373
      New ports: A={ $memory$flatten\seven_segment_ctrl.\lsb_nibble.$auto$proc_rom.cc:155:do_switch$1325$rdmux[0][2][2]$a$7382 [4] 2'11 }, B={ 1'1 $memory$flatten\seven_segment_ctrl.\lsb_nibble.$auto$proc_rom.cc:155:do_switch$1325$rdmux[0][2][2]$b$7383 [3] $memory$flatten\seven_segment_ctrl.\lsb_nibble.$auto$proc_rom.cc:155:do_switch$1325$rdmux[0][2][2]$b$7383 [0] }, Y={ $memory$flatten\seven_segment_ctrl.\lsb_nibble.$auto$proc_rom.cc:155:do_switch$1325$rdmux[0][1][1]$a$7373 [4:3] $memory$flatten\seven_segment_ctrl.\lsb_nibble.$auto$proc_rom.cc:155:do_switch$1325$rdmux[0][1][1]$a$7373 [0] }
      New connections: { $memory$flatten\seven_segment_ctrl.\lsb_nibble.$auto$proc_rom.cc:155:do_switch$1325$rdmux[0][1][1]$a$7373 [6:5] $memory$flatten\seven_segment_ctrl.\lsb_nibble.$auto$proc_rom.cc:155:do_switch$1325$rdmux[0][1][1]$a$7373 [2:1] } = { 3'111 $memory$flatten\seven_segment_ctrl.\lsb_nibble.$auto$proc_rom.cc:155:do_switch$1325$rdmux[0][1][1]$a$7373 [0] }
    Consolidated identical input bits for $mux cell $memory$flatten\seven_segment_ctrl.\lsb_nibble.$auto$proc_rom.cc:155:do_switch$1325$rdmux[0][2][1]$7378:
      Old ports: A=$memory$flatten\seven_segment_ctrl.\lsb_nibble.$auto$proc_rom.cc:155:do_switch$1325$rdmux[0][2][1]$a$7379, B=$memory$flatten\seven_segment_ctrl.\lsb_nibble.$auto$proc_rom.cc:155:do_switch$1325$rdmux[0][2][1]$b$7380, Y=$memory$flatten\seven_segment_ctrl.\lsb_nibble.$auto$proc_rom.cc:155:do_switch$1325$rdmux[0][1][0]$b$7371
      New ports: A={ 2'10 $memory$flatten\seven_segment_ctrl.\lsb_nibble.$auto$proc_rom.cc:155:do_switch$1325$rdmux[0][2][1]$a$7379 [0] $memory$flatten\seven_segment_ctrl.\lsb_nibble.$auto$proc_rom.cc:155:do_switch$1325$rdmux[0][2][1]$a$7379 [1:0] }, B={ $memory$flatten\seven_segment_ctrl.\lsb_nibble.$auto$proc_rom.cc:155:do_switch$1325$rdmux[0][2][1]$b$7380 [3] $memory$flatten\seven_segment_ctrl.\lsb_nibble.$auto$proc_rom.cc:155:do_switch$1325$rdmux[0][2][1]$b$7380 [3] $memory$flatten\seven_segment_ctrl.\lsb_nibble.$auto$proc_rom.cc:155:do_switch$1325$rdmux[0][2][1]$b$7380 [3] $memory$flatten\seven_segment_ctrl.\lsb_nibble.$auto$proc_rom.cc:155:do_switch$1325$rdmux[0][2][1]$b$7380 [1] 1'1 }, Y={ $memory$flatten\seven_segment_ctrl.\lsb_nibble.$auto$proc_rom.cc:155:do_switch$1325$rdmux[0][1][0]$b$7371 [5:3] $memory$flatten\seven_segment_ctrl.\lsb_nibble.$auto$proc_rom.cc:155:do_switch$1325$rdmux[0][1][0]$b$7371 [1:0] }
      New connections: { $memory$flatten\seven_segment_ctrl.\lsb_nibble.$auto$proc_rom.cc:155:do_switch$1325$rdmux[0][1][0]$b$7371 [6] $memory$flatten\seven_segment_ctrl.\lsb_nibble.$auto$proc_rom.cc:155:do_switch$1325$rdmux[0][1][0]$b$7371 [2] } = { $memory$flatten\seven_segment_ctrl.\lsb_nibble.$auto$proc_rom.cc:155:do_switch$1325$rdmux[0][1][0]$b$7371 [5] 1'1 }
    Consolidated identical input bits for $mux cell $memory$flatten\seven_segment_ctrl.\lsb_nibble.$auto$proc_rom.cc:155:do_switch$1325$rdmux[0][2][0]$7375:
      Old ports: A=$memory$flatten\seven_segment_ctrl.\lsb_nibble.$auto$proc_rom.cc:155:do_switch$1325$rdmux[0][2][0]$a$7376, B=$memory$flatten\seven_segment_ctrl.\lsb_nibble.$auto$proc_rom.cc:155:do_switch$1325$rdmux[0][2][0]$b$7377, Y=$memory$flatten\seven_segment_ctrl.\lsb_nibble.$auto$proc_rom.cc:155:do_switch$1325$rdmux[0][1][0]$a$7370
      New ports: A={ 1'0 $memory$flatten\seven_segment_ctrl.\lsb_nibble.$auto$proc_rom.cc:155:do_switch$1325$rdmux[0][2][0]$a$7376 [0] $memory$flatten\seven_segment_ctrl.\lsb_nibble.$auto$proc_rom.cc:155:do_switch$1325$rdmux[0][2][0]$a$7376 [0] 1'1 $memory$flatten\seven_segment_ctrl.\lsb_nibble.$auto$proc_rom.cc:155:do_switch$1325$rdmux[0][2][0]$a$7376 [0] }, B={ 2'10 $memory$flatten\seven_segment_ctrl.\lsb_nibble.$auto$proc_rom.cc:155:do_switch$1325$rdmux[0][2][0]$b$7377 [4] $memory$flatten\seven_segment_ctrl.\lsb_nibble.$auto$proc_rom.cc:155:do_switch$1325$rdmux[0][2][0]$b$7377 [2] 1'1 }, Y={ $memory$flatten\seven_segment_ctrl.\lsb_nibble.$auto$proc_rom.cc:155:do_switch$1325$rdmux[0][1][0]$a$7370 [6:4] $memory$flatten\seven_segment_ctrl.\lsb_nibble.$auto$proc_rom.cc:155:do_switch$1325$rdmux[0][1][0]$a$7370 [2] $memory$flatten\seven_segment_ctrl.\lsb_nibble.$auto$proc_rom.cc:155:do_switch$1325$rdmux[0][1][0]$a$7370 [0] }
      New connections: { $memory$flatten\seven_segment_ctrl.\lsb_nibble.$auto$proc_rom.cc:155:do_switch$1325$rdmux[0][1][0]$a$7370 [3] $memory$flatten\seven_segment_ctrl.\lsb_nibble.$auto$proc_rom.cc:155:do_switch$1325$rdmux[0][1][0]$a$7370 [1] } = { $memory$flatten\seven_segment_ctrl.\lsb_nibble.$auto$proc_rom.cc:155:do_switch$1325$rdmux[0][1][0]$a$7370 [0] 1'1 }
    Consolidated identical input bits for $mux cell $flatten\soc.\cpu.$procmux$3283:
      Old ports: A={ $flatten\soc.\cpu.$3\current_pc[31:0] [31:2] $auto$alumacc.cc:528:replace_alu$7115 [1] $auto$alumacc.cc:528:replace_alu$7109 [0] }, B=$flatten\soc.\cpu.$procmux$3281_Y, Y=$flatten\soc.\cpu.$procmux$3283_Y
      New ports: A={ $flatten\soc.\cpu.$3\current_pc[31:0] [31:2] $auto$alumacc.cc:528:replace_alu$7115 [1] }, B=$flatten\soc.\cpu.$procmux$3281_Y [31:1], Y=$flatten\soc.\cpu.$procmux$3283_Y [31:1]
      New connections: $flatten\soc.\cpu.$procmux$3283_Y [0] = $auto$alumacc.cc:528:replace_alu$7109 [0]
    Consolidated identical input bits for $mux cell $flatten\soc.\spimemio.$procmux$4869:
      Old ports: A={ 1'1 $auto$wreduce.cc:514:run$6917 [6:0] }, B={ 4'0000 \soc.spimemio.config_dummy }, Y=$flatten\soc.\spimemio.$procmux$4869_Y
      New ports: A={ 1'1 $auto$wreduce.cc:514:run$6917 [1] $auto$wreduce.cc:514:run$6917 [1] 1'1 $auto$wreduce.cc:514:run$6917 [1] 1'1 }, B={ 2'00 \soc.spimemio.config_dummy }, Y=$flatten\soc.\spimemio.$procmux$4869_Y [5:0]
      New connections: $flatten\soc.\spimemio.$procmux$4869_Y [7:6] = $flatten\soc.\spimemio.$procmux$4869_Y [5:4]
  Optimizing cells in module \icebreaker.
    Consolidated identical input bits for $mux cell $flatten\soc.\cpu.$procmux$3289:
      Old ports: A=$flatten\soc.\cpu.$procmux$3283_Y, B=$flatten\soc.\cpu.$procmux$3287_Y, Y=$flatten\soc.\cpu.$procmux$3289_Y
      New ports: A=$flatten\soc.\cpu.$procmux$3283_Y [31:1], B={ $flatten\soc.\cpu.$procmux$3287_Y [31:2] $auto$alumacc.cc:528:replace_alu$7115 [1] }, Y=$flatten\soc.\cpu.$procmux$3289_Y [31:1]
      New connections: $flatten\soc.\cpu.$procmux$3289_Y [0] = $auto$alumacc.cc:528:replace_alu$7109 [0]
  Optimizing cells in module \icebreaker.
    Consolidated identical input bits for $mux cell $flatten\soc.\cpu.$procmux$3292:
      Old ports: A=$flatten\soc.\cpu.$procmux$3289_Y, B={ $flatten\soc.\cpu.$3\current_pc[31:0] [31:2] $auto$alumacc.cc:528:replace_alu$7115 [1] $auto$alumacc.cc:528:replace_alu$7109 [0] }, Y=$flatten\soc.\cpu.$procmux$3292_Y
      New ports: A=$flatten\soc.\cpu.$procmux$3289_Y [31:1], B={ $flatten\soc.\cpu.$3\current_pc[31:0] [31:2] $auto$alumacc.cc:528:replace_alu$7115 [1] }, Y=$flatten\soc.\cpu.$procmux$3292_Y [31:1]
      New connections: $flatten\soc.\cpu.$procmux$3292_Y [0] = $auto$alumacc.cc:528:replace_alu$7109 [0]
  Optimizing cells in module \icebreaker.
Performed a total of 55 changes.

7.36.5. Executing OPT_MERGE pass (detect identical cells).
Finding identical cells in module `\icebreaker'.
Computing hashes of 1432 cells of `\icebreaker'.
Finding duplicate cells in `\icebreaker'.
Computing hashes of 1419 cells of `\icebreaker'.
Finding duplicate cells in `\icebreaker'.
<suppressed ~39 debug messages>
Removed a total of 13 cells.

7.36.6. Executing OPT_DFF pass (perform DFF optimizations).

7.36.7. Executing OPT_CLEAN pass (remove unused cells and wires).
Finding unused cells or wires in module \icebreaker..
Removed 0 unused cells and 45 unused wires.
<suppressed ~1 debug messages>

7.36.8. Executing OPT_EXPR pass (perform const folding).
Optimizing module icebreaker.

7.36.9. Rerunning OPT passes. (Maybe there is more to do..)

7.36.10. Executing OPT_MUXTREE pass (detect dead branches in mux trees).
Running muxtree optimizer on module \icebreaker..
  Creating internal representation of mux trees.
  Evaluating internal representation of mux trees.
  Analyzing evaluation results.
Removed 0 multiplexer ports.
<suppressed ~470 debug messages>

7.36.11. Executing OPT_REDUCE pass (consolidate $*mux and $reduce_* inputs).
  Optimizing cells in module \icebreaker.
Performed a total of 0 changes.

7.36.12. Executing OPT_MERGE pass (detect identical cells).
Finding identical cells in module `\icebreaker'.
Computing hashes of 1419 cells of `\icebreaker'.
Finding duplicate cells in `\icebreaker'.
Removed a total of 0 cells.

7.36.13. Executing OPT_DFF pass (perform DFF optimizations).
Adding SRST signal on $auto$ff.cc:337:slice$6553 ($dffe) from module icebreaker (D = \soc.spimemio.din_data [0], Q = \soc.spimemio.xfer.obuffer [0], rval = 1'0).
Setting constant 0-bit at position 0 on $auto$ff.cc:337:slice$6630 ($dffe) from module icebreaker.
Setting constant 0-bit at position 1 on $auto$ff.cc:337:slice$6630 ($dffe) from module icebreaker.
Setting constant 0-bit at position 3 on $auto$ff.cc:337:slice$6424 ($sdffe) from module icebreaker.

7.36.14. Executing OPT_CLEAN pass (remove unused cells and wires).
Finding unused cells or wires in module \icebreaker..

7.36.15. Executing OPT_EXPR pass (perform const folding).
Optimizing module icebreaker.
<suppressed ~4 debug messages>

7.36.16. Rerunning OPT passes. (Maybe there is more to do..)

7.36.17. Executing OPT_MUXTREE pass (detect dead branches in mux trees).
Running muxtree optimizer on module \icebreaker..
  Creating internal representation of mux trees.
  Evaluating internal representation of mux trees.
  Analyzing evaluation results.
Removed 0 multiplexer ports.
<suppressed ~470 debug messages>

7.36.18. Executing OPT_REDUCE pass (consolidate $*mux and $reduce_* inputs).
  Optimizing cells in module \icebreaker.
    Consolidated identical input bits for $mux cell $flatten\soc.\spimemio.$procmux$4872:
      Old ports: A={ \soc.cpu.mem_addr [7:2] 2'00 }, B=8'00000000, Y=$flatten\soc.\spimemio.$procmux$4872_Y
      New ports: A=\soc.cpu.mem_addr [7:2], B=6'000000, Y=$flatten\soc.\spimemio.$procmux$4872_Y [7:2]
      New connections: $flatten\soc.\spimemio.$procmux$4872_Y [1:0] = 2'00
    Consolidated identical input bits for $mux cell $flatten\soc.\spimemio.$ternary$spimemio.v:226$540:
      Old ports: A={ \soc.cpu.mem_addr [23:2] 2'00 }, B={ $auto$wreduce.cc:514:run$6919 [23:2] 2'x }, Y=$auto$wreduce.cc:514:run$6918 [23:0]
      New ports: A={ \soc.cpu.mem_addr [23:2] 1'0 }, B={ $auto$wreduce.cc:514:run$6919 [23:2] 1'x }, Y={ $auto$wreduce.cc:514:run$6918 [23:2] $auto$wreduce.cc:514:run$6918 [0] }
      New connections: $auto$wreduce.cc:514:run$6918 [1] = $auto$wreduce.cc:514:run$6918 [0]
  Optimizing cells in module \icebreaker.
Performed a total of 2 changes.

7.36.19. Executing OPT_MERGE pass (detect identical cells).
Finding identical cells in module `\icebreaker'.
Computing hashes of 1418 cells of `\icebreaker'.
Finding duplicate cells in `\icebreaker'.
Removed a total of 0 cells.

7.36.20. Executing OPT_DFF pass (perform DFF optimizations).
Setting constant 0-bit at position 3 on $auto$ff.cc:337:slice$6507 ($sdffe) from module icebreaker.

7.36.21. Executing OPT_CLEAN pass (remove unused cells and wires).
Finding unused cells or wires in module \icebreaker..

7.36.22. Executing OPT_EXPR pass (perform const folding).
Optimizing module icebreaker.

7.36.23. Rerunning OPT passes. (Maybe there is more to do..)

7.36.24. Executing OPT_MUXTREE pass (detect dead branches in mux trees).
Running muxtree optimizer on module \icebreaker..
  Creating internal representation of mux trees.
  Evaluating internal representation of mux trees.
  Analyzing evaluation results.
Removed 0 multiplexer ports.
<suppressed ~470 debug messages>

7.36.25. Executing OPT_REDUCE pass (consolidate $*mux and $reduce_* inputs).
  Optimizing cells in module \icebreaker.
Performed a total of 0 changes.

7.36.26. Executing OPT_MERGE pass (detect identical cells).
Finding identical cells in module `\icebreaker'.
Computing hashes of 1418 cells of `\icebreaker'.
Finding duplicate cells in `\icebreaker'.
Removed a total of 0 cells.

7.36.27. Executing OPT_DFF pass (perform DFF optimizations).
Setting constant 0-bit at position 3 on $flatten\soc.\spimemio.\xfer.$procdff$5136 ($dff) from module icebreaker.

7.36.28. Executing OPT_CLEAN pass (remove unused cells and wires).
Finding unused cells or wires in module \icebreaker..

7.36.29. Executing OPT_EXPR pass (perform const folding).
Optimizing module icebreaker.

7.36.30. Rerunning OPT passes. (Maybe there is more to do..)

7.36.31. Executing OPT_MUXTREE pass (detect dead branches in mux trees).
Running muxtree optimizer on module \icebreaker..
  Creating internal representation of mux trees.
  Evaluating internal representation of mux trees.
  Analyzing evaluation results.
Removed 0 multiplexer ports.
<suppressed ~470 debug messages>

7.36.32. Executing OPT_REDUCE pass (consolidate $*mux and $reduce_* inputs).
  Optimizing cells in module \icebreaker.
Performed a total of 0 changes.

7.36.33. Executing OPT_MERGE pass (detect identical cells).
Finding identical cells in module `\icebreaker'.
Computing hashes of 1418 cells of `\icebreaker'.
Finding duplicate cells in `\icebreaker'.
Removed a total of 0 cells.

7.36.34. Executing OPT_DFF pass (perform DFF optimizations).

7.36.35. Executing OPT_CLEAN pass (remove unused cells and wires).
Finding unused cells or wires in module \icebreaker..

7.36.36. Executing OPT_EXPR pass (perform const folding).
Optimizing module icebreaker.

7.36.37. Finished fast OPT passes. (There is nothing left to do.)

7.37. Executing ICE40_WRAPCARRY pass (wrap carries).

7.38. Executing TECHMAP pass (map to technology primitives).

7.38.1. Executing Verilog-2005 frontend: /homes/cl2033/oss-cad-suite/lib/../share/yosys/techmap.v
Parsing Verilog input from `/homes/cl2033/oss-cad-suite/lib/../share/yosys/techmap.v' to AST representation.
Generating RTLIL representation for module `\_90_simplemap_bool_ops'.
Generating RTLIL representation for module `\_90_simplemap_reduce_ops'.
Generating RTLIL representation for module `\_90_simplemap_logic_ops'.
Generating RTLIL representation for module `\_90_simplemap_compare_ops'.
Generating RTLIL representation for module `\_90_simplemap_various'.
Generating RTLIL representation for module `\_90_simplemap_registers'.
Generating RTLIL representation for module `\_90_shift_ops_shr_shl_sshl_sshr'.
Generating RTLIL representation for module `\_90_shift_shiftx'.
Generating RTLIL representation for module `\_90_fa'.
Generating RTLIL representation for module `\_90_lcu_brent_kung'.
Generating RTLIL representation for module `\_90_alu'.
Generating RTLIL representation for module `\_90_macc'.
Generating RTLIL representation for module `\_90_alumacc'.
Generating RTLIL representation for module `$__div_mod_u'.
Generating RTLIL representation for module `$__div_mod_trunc'.
Generating RTLIL representation for module `\_90_div'.
Generating RTLIL representation for module `\_90_mod'.
Generating RTLIL representation for module `$__div_mod_floor'.
Generating RTLIL representation for module `\_90_divfloor'.
Generating RTLIL representation for module `\_90_modfloor'.
Generating RTLIL representation for module `\_90_pow'.
Generating RTLIL representation for module `\_90_pmux'.
Generating RTLIL representation for module `\_90_demux'.
Generating RTLIL representation for module `\_90_lut'.
Generating RTLIL representation for module `$connect'.
Generating RTLIL representation for module `$input_port'.
Successfully finished Verilog frontend.

7.38.2. Executing Verilog-2005 frontend: /homes/cl2033/oss-cad-suite/lib/../share/yosys/ice40/arith_map.v
Parsing Verilog input from `/homes/cl2033/oss-cad-suite/lib/../share/yosys/ice40/arith_map.v' to AST representation.
Generating RTLIL representation for module `\_80_ice40_alu'.
Successfully finished Verilog frontend.

7.38.3. Continuing TECHMAP pass.
Using extmapper simplemap for cells of type $dff.
Using extmapper simplemap for cells of type $sdffe.
Using extmapper simplemap for cells of type $dffe.
Using extmapper simplemap for cells of type $sdffce.
Using extmapper simplemap for cells of type $reduce_or.
Using extmapper simplemap for cells of type $ne.
Using extmapper simplemap for cells of type $reduce_and.
Using extmapper simplemap for cells of type $not.
Using extmapper simplemap for cells of type $mux.
Using extmapper simplemap for cells of type $and.
Using extmapper simplemap for cells of type $eq.
Using template $paramod$754650b284649a026620fc6856e5b6886cbfe794\_80_ice40_alu for cells of type $alu.
Using template $paramod$6a42b6fefed750f8a1c58eab59479d960557103c\_80_ice40_alu for cells of type $alu.
Using template $paramod$32a7b7b86c07519b7537abc18e96f0331f97914d\_80_ice40_alu for cells of type $alu.
Using template $paramod$8742280fdebca84e1c87f2a86ed84f62d558f4cc\_80_ice40_alu for cells of type $alu.
Using template $paramod$16349e5f556ea87a576d7d9941c668f31b6ef10b\_80_ice40_alu for cells of type $alu.
Using template $paramod$fbc7873bff55778c0b3173955b7e4bce1d9d6834\_80_ice40_alu for cells of type $alu.
Using extmapper simplemap for cells of type $xor.
Using template $paramod$b8c0a997bce700f23568a5ada79cc6781d1f5ca0\_80_ice40_alu for cells of type $alu.
Using template $paramod$ba698a254f9a5947e85cbe7beae6b161eefc5386\_90_alu for cells of type $alu.
Using template $paramod$c04af8dbf0e5d1d69bbccb2c7bd8a93fc9ef54dc\_80_ice40_alu for cells of type $alu.
Using template $paramod$44a13d10af618e7fbe7b9aad2f6151ffcee1e2fa\_80_ice40_alu for cells of type $alu.
Using template $paramod$cc80a4e89b0341cb117f5d28b0e7244620640141\_80_ice40_alu for cells of type $alu.
Using template $paramod$8fabc56b80a569262acfc42757a02ca0b8e91278\_90_pmux for cells of type $pmux.
Using template $paramod$ebf89ea36a793f0f77858f212141d47c833068ad\_80_ice40_alu for cells of type $alu.
Using extmapper simplemap for cells of type $or.
Using template $paramod$dc04b7d98e503a7bab16fce2df70e6e2c5ca34d6\_80_ice40_alu for cells of type $alu.
Using template $paramod$6df0329addda9228fcc2546de2aaf14ad26c98e1\_80_ice40_alu for cells of type $alu.
Using template $paramod$f2669549f09b95f02f9cc0de2d22c189491fb0c0\_80_ice40_alu for cells of type $alu.
Using template $paramod$2653f68ddb8eab7b1907b4a20767b72a824a7a36\_80_ice40_alu for cells of type $alu.
Using template $paramod$32efbfac1c4dc57230cf86180788fdfd12e3b511\_80_ice40_alu for cells of type $alu.
Using template $paramod$675ee3ed071b156aa661bdfa838b7e469d095ac0\_80_ice40_alu for cells of type $alu.
Using template $paramod$10ed987432f06055e5279101f9ec60a49861b43c\_80_ice40_alu for cells of type $alu.
Using template $paramod$403a3c2fa431a154c52a6a5429d7a6260b5d144f\_80_ice40_alu for cells of type $alu.
Using extmapper maccmap for cells of type $macc_v2.
  add { 1'0 \soc.cpu.genblk1.pcpi_mul.rs1 [31:16] } * \soc.cpu.genblk1.pcpi_mul.rs2 [32] (17x1 bits, signed)
  add { 1'0 \soc.cpu.genblk1.pcpi_mul.rs1 [15:0] } * \soc.cpu.genblk1.pcpi_mul.rs2 [32] (17x1 bits, signed)
  add $flatten\soc.\cpu.\genblk1.pcpi_mul.$mul$../picorv32.v:2371$1306.genblk1.genblk1.genblk1.genblk1.genblk1.genblk1.sliceA[0].mul.genblk1.genblk1.genblk1.genblk1.genblk1.genblk1.genblk1.blk.partial_sum[1] [48:32] (17 bits, unsigned)
  packed 1 (1) bits / 1 words into adder tree
  add \soc.cpu.genblk1.pcpi_mul.rs2 * \soc.cpu.genblk1.pcpi_mul.rs1 [32] (33x1 bits, signed)
Using extmapper simplemap for cells of type $sdff.
Using extmapper simplemap for cells of type $reduce_bool.
Using extmapper simplemap for cells of type $logic_not.
Using extmapper simplemap for cells of type $logic_and.
Using template $paramod$54d740639e1393b22262823179ff783ea9f17a35\_90_pmux for cells of type $pmux.
Using template $paramod$c2e415ef15bc3ccd2723772353a6b450d3d76206\_90_pmux for cells of type $pmux.
Using extmapper simplemap for cells of type $logic_or.
Using template $paramod$d629d85c8826a74239b9178d1930215a43b0ceb0\_90_pmux for cells of type $pmux.
Using template $paramod$d31bf4d7d72e59528d18fbd4f322e9d608532043\_90_pmux for cells of type $pmux.
Using template $paramod$fedb90247e1daaa8b0af86a595f377181f141d27\_90_pmux for cells of type $pmux.
Using template $paramod$d7387fdb214042e5ef2d69a3f74948694b4bb65e\_90_pmux for cells of type $pmux.
Using template $paramod$c5c783b17ab1d780abfad8cfe6563a0a7b47a3b0\_90_pmux for cells of type $pmux.
Using template $paramod$b756e651b7db7aeb455331d9a2df073db93fcc2e\_90_pmux for cells of type $pmux.
Using template $paramod$fc16b9f758000d363d24f130038bd99b46b4fa1b\_90_pmux for cells of type $pmux.
Using template $paramod$constmap:574a95964644c704a7e64c257267b27c2c48aa52$paramod$77562a466236eb4a6d905351a0995599b75075cb\_90_shift_ops_shr_shl_sshl_sshr for cells of type $shl.
Using template $paramod$bf2533632d512eac76dd186c0da49367e29b8e98\_90_pmux for cells of type $pmux.
Using template $paramod$645fe0cc96ae5edb83bff90cc2c78f4a20ca3e3c\_90_pmux for cells of type $pmux.
Using template $paramod$521ce43182eecb9f60c72393a788160d2c356bf5\_90_pmux for cells of type $pmux.
Using template $paramod$cc1e387d9d5ac1d3f6e6bed180038d9c0ac48d0c\_90_pmux for cells of type $pmux.
Using template $paramod$b098bc6f249c0ac91c4d6e19d54b23c285914115\_90_pmux for cells of type $pmux.
Using template $paramod$2407ada40cc3dda6c6015be2b49b748cddb5a800\_90_pmux for cells of type $pmux.
Using template $paramod$59b03ae2620a41577de8da5f5c97b2919e82362b\_90_pmux for cells of type $pmux.
Using template $paramod$dbef6e48cd28208af1b77a9bd7dfc80580f16131\_80_ice40_alu for cells of type $alu.
Using template $paramod$3bb72ad0665cdca279bbc49ed6a39f403f16497f\_80_ice40_alu for cells of type $alu.
Using extmapper simplemap for cells of type $pos.
Using template $paramod\_90_fa\WIDTH=32'00000000000000000000000000000010 for cells of type $fa.
Using template $paramod\_90_lcu_brent_kung\WIDTH=32'00000000000000000000000000000010 for cells of type $lcu.
No more expansions possible.
<suppressed ~3243 debug messages>

7.39. Executing OPT pass (performing simple optimizations).

7.39.1. Executing OPT_EXPR pass (perform const folding).
Optimizing module icebreaker.
<suppressed ~3479 debug messages>

7.39.2. Executing OPT_MERGE pass (detect identical cells).
Finding identical cells in module `\icebreaker'.
Computing hashes of 11668 cells of `\icebreaker'.
Finding duplicate cells in `\icebreaker'.
Computing hashes of 10312 cells of `\icebreaker'.
Finding duplicate cells in `\icebreaker'.
Computing hashes of 9858 cells of `\icebreaker'.
Finding duplicate cells in `\icebreaker'.
Computing hashes of 9745 cells of `\icebreaker'.
Finding duplicate cells in `\icebreaker'.
Computing hashes of 9732 cells of `\icebreaker'.
Finding duplicate cells in `\icebreaker'.
Computing hashes of 9729 cells of `\icebreaker'.
Finding duplicate cells in `\icebreaker'.
<suppressed ~5817 debug messages>
Removed a total of 1939 cells.

7.39.3. Executing OPT_DFF pass (perform DFF optimizations).
Adding SRST signal on $auto$ff.cc:337:slice$7701 ($_DFFE_PP_) from module icebreaker (D = 1'x, Q = \soc.spimemio.rd_addr [0], rval = 1'0).
Setting constant 0-bit at position 0 on $auto$ff.cc:337:slice$26234 ($_SDFFCE_PN0P_) from module icebreaker.

7.39.4. Executing OPT_CLEAN pass (remove unused cells and wires).
Finding unused cells or wires in module \icebreaker..
Removed 764 unused cells and 4133 unused wires.
<suppressed ~765 debug messages>

7.39.5. Rerunning OPT passes. (Removed registers in this run.)

7.39.6. Executing OPT_EXPR pass (perform const folding).
Optimizing module icebreaker.
<suppressed ~6 debug messages>

7.39.7. Executing OPT_MERGE pass (detect identical cells).
Finding identical cells in module `\icebreaker'.
Computing hashes of 8958 cells of `\icebreaker'.
Finding duplicate cells in `\icebreaker'.
Removed a total of 0 cells.

7.39.8. Executing OPT_DFF pass (perform DFF optimizations).
Adding SRST signal on $auto$ff.cc:337:slice$9506 ($_SDFF_PP0_) from module icebreaker (D = $flatten\soc.\spimemio.$procmux$4755.Y_B, Q = \soc.spimemio.din_valid, rval = 1'0).
Adding SRST signal on $auto$ff.cc:337:slice$9505 ($_DFFE_PP_) from module icebreaker (D = $flatten\soc.\spimemio.$procmux$4867.Y_B [7], Q = \soc.spimemio.din_data [7], rval = 1'1).
Adding SRST signal on $auto$ff.cc:337:slice$8772 ($_DFFE_PP_) from module icebreaker (D = $flatten\soc.\cpu.$procmux$3713.Y_B [31], Q = \soc.cpu.decoded_imm [31], rval = 1'0).
Adding SRST signal on $auto$ff.cc:337:slice$8742 ($_DFFE_PP_) from module icebreaker (D = $flatten\soc.\cpu.$procmux$3713.Y_B [1], Q = \soc.cpu.decoded_imm [1], rval = 1'0).
Adding SRST signal on $auto$ff.cc:337:slice$8743 ($_DFFE_PP_) from module icebreaker (D = $flatten\soc.\cpu.$procmux$3713.Y_B [2], Q = \soc.cpu.decoded_imm [2], rval = 1'0).
Adding SRST signal on $auto$ff.cc:337:slice$8744 ($_DFFE_PP_) from module icebreaker (D = $flatten\soc.\cpu.$procmux$3713.Y_B [3], Q = \soc.cpu.decoded_imm [3], rval = 1'0).
Adding SRST signal on $auto$ff.cc:337:slice$8745 ($_DFFE_PP_) from module icebreaker (D = $flatten\soc.\cpu.$procmux$3713.Y_B [4], Q = \soc.cpu.decoded_imm [4], rval = 1'0).
Adding SRST signal on $auto$ff.cc:337:slice$8746 ($_DFFE_PP_) from module icebreaker (D = $flatten\soc.\cpu.$procmux$3713.Y_B [5], Q = \soc.cpu.decoded_imm [5], rval = 1'0).
Adding SRST signal on $auto$ff.cc:337:slice$8747 ($_DFFE_PP_) from module icebreaker (D = $flatten\soc.\cpu.$procmux$3713.Y_B [6], Q = \soc.cpu.decoded_imm [6], rval = 1'0).
Adding SRST signal on $auto$ff.cc:337:slice$8748 ($_DFFE_PP_) from module icebreaker (D = $flatten\soc.\cpu.$procmux$3713.Y_B [7], Q = \soc.cpu.decoded_imm [7], rval = 1'0).
Adding SRST signal on $auto$ff.cc:337:slice$8749 ($_DFFE_PP_) from module icebreaker (D = $flatten\soc.\cpu.$procmux$3713.Y_B [8], Q = \soc.cpu.decoded_imm [8], rval = 1'0).
Adding SRST signal on $auto$ff.cc:337:slice$8750 ($_DFFE_PP_) from module icebreaker (D = $flatten\soc.\cpu.$procmux$3713.Y_B [9], Q = \soc.cpu.decoded_imm [9], rval = 1'0).
Adding SRST signal on $auto$ff.cc:337:slice$8751 ($_DFFE_PP_) from module icebreaker (D = $flatten\soc.\cpu.$procmux$3713.Y_B [10], Q = \soc.cpu.decoded_imm [10], rval = 1'0).
Adding SRST signal on $auto$ff.cc:337:slice$8752 ($_DFFE_PP_) from module icebreaker (D = $flatten\soc.\cpu.$procmux$3713.Y_B [11], Q = \soc.cpu.decoded_imm [11], rval = 1'0).
Adding SRST signal on $auto$ff.cc:337:slice$8753 ($_DFFE_PP_) from module icebreaker (D = $flatten\soc.\cpu.$procmux$3713.Y_B [12], Q = \soc.cpu.decoded_imm [12], rval = 1'0).
Adding SRST signal on $auto$ff.cc:337:slice$8754 ($_DFFE_PP_) from module icebreaker (D = $flatten\soc.\cpu.$procmux$3713.Y_B [13], Q = \soc.cpu.decoded_imm [13], rval = 1'0).
Adding SRST signal on $auto$ff.cc:337:slice$8755 ($_DFFE_PP_) from module icebreaker (D = $flatten\soc.\cpu.$procmux$3713.Y_B [14], Q = \soc.cpu.decoded_imm [14], rval = 1'0).
Adding SRST signal on $auto$ff.cc:337:slice$8756 ($_DFFE_PP_) from module icebreaker (D = $flatten\soc.\cpu.$procmux$3713.Y_B [15], Q = \soc.cpu.decoded_imm [15], rval = 1'0).
Adding SRST signal on $auto$ff.cc:337:slice$8757 ($_DFFE_PP_) from module icebreaker (D = $flatten\soc.\cpu.$procmux$3713.Y_B [16], Q = \soc.cpu.decoded_imm [16], rval = 1'0).
Adding SRST signal on $auto$ff.cc:337:slice$8758 ($_DFFE_PP_) from module icebreaker (D = $flatten\soc.\cpu.$procmux$3713.Y_B [17], Q = \soc.cpu.decoded_imm [17], rval = 1'0).
Adding SRST signal on $auto$ff.cc:337:slice$8759 ($_DFFE_PP_) from module icebreaker (D = $flatten\soc.\cpu.$procmux$3713.Y_B [18], Q = \soc.cpu.decoded_imm [18], rval = 1'0).
Adding SRST signal on $auto$ff.cc:337:slice$8760 ($_DFFE_PP_) from module icebreaker (D = $flatten\soc.\cpu.$procmux$3713.Y_B [19], Q = \soc.cpu.decoded_imm [19], rval = 1'0).
Adding SRST signal on $auto$ff.cc:337:slice$8761 ($_DFFE_PP_) from module icebreaker (D = $flatten\soc.\cpu.$procmux$3713.Y_B [20], Q = \soc.cpu.decoded_imm [20], rval = 1'0).
Adding SRST signal on $auto$ff.cc:337:slice$8762 ($_DFFE_PP_) from module icebreaker (D = $flatten\soc.\cpu.$procmux$3713.Y_B [21], Q = \soc.cpu.decoded_imm [21], rval = 1'0).
Adding SRST signal on $auto$ff.cc:337:slice$8763 ($_DFFE_PP_) from module icebreaker (D = $flatten\soc.\cpu.$procmux$3713.Y_B [22], Q = \soc.cpu.decoded_imm [22], rval = 1'0).
Adding SRST signal on $auto$ff.cc:337:slice$8764 ($_DFFE_PP_) from module icebreaker (D = $flatten\soc.\cpu.$procmux$3713.Y_B [23], Q = \soc.cpu.decoded_imm [23], rval = 1'0).
Adding SRST signal on $auto$ff.cc:337:slice$8765 ($_DFFE_PP_) from module icebreaker (D = $flatten\soc.\cpu.$procmux$3713.Y_B [24], Q = \soc.cpu.decoded_imm [24], rval = 1'0).
Adding SRST signal on $auto$ff.cc:337:slice$8766 ($_DFFE_PP_) from module icebreaker (D = $flatten\soc.\cpu.$procmux$3713.Y_B [25], Q = \soc.cpu.decoded_imm [25], rval = 1'0).
Adding SRST signal on $auto$ff.cc:337:slice$8767 ($_DFFE_PP_) from module icebreaker (D = $flatten\soc.\cpu.$procmux$3713.Y_B [26], Q = \soc.cpu.decoded_imm [26], rval = 1'0).
Adding SRST signal on $auto$ff.cc:337:slice$8768 ($_DFFE_PP_) from module icebreaker (D = $flatten\soc.\cpu.$procmux$3713.Y_B [27], Q = \soc.cpu.decoded_imm [27], rval = 1'0).
Adding SRST signal on $auto$ff.cc:337:slice$8769 ($_DFFE_PP_) from module icebreaker (D = $flatten\soc.\cpu.$procmux$3713.Y_B [28], Q = \soc.cpu.decoded_imm [28], rval = 1'0).
Adding SRST signal on $auto$ff.cc:337:slice$8770 ($_DFFE_PP_) from module icebreaker (D = $flatten\soc.\cpu.$procmux$3713.Y_B [29], Q = \soc.cpu.decoded_imm [29], rval = 1'0).
Adding SRST signal on $auto$ff.cc:337:slice$8771 ($_DFFE_PP_) from module icebreaker (D = $flatten\soc.\cpu.$procmux$3713.Y_B [30], Q = \soc.cpu.decoded_imm [30], rval = 1'0).
Adding EN signal on $auto$ff.cc:337:slice$9366 ($_SDFFE_PP0P_) from module icebreaker (D = $flatten\soc.\spimemio.\xfer.$procmux$1615.Y_B [0], Q = \soc.spimemio.xfer.count [0]).
Adding SRST signal on $auto$ff.cc:337:slice$9498 ($_DFFE_PP_) from module icebreaker (D = $flatten\soc.\spimemio.$procmux$4867.Y_B [0], Q = \soc.spimemio.din_data [0], rval = 1'1).
Adding SRST signal on $auto$ff.cc:337:slice$9499 ($_DFFE_PP_) from module icebreaker (D = $flatten\soc.\spimemio.$procmux$4867.Y_B [1], Q = \soc.spimemio.din_data [1], rval = 1'1).
Adding SRST signal on $auto$ff.cc:337:slice$9500 ($_DFFE_PP_) from module icebreaker (D = $flatten\soc.\spimemio.$procmux$4867.Y_B [2], Q = \soc.spimemio.din_data [2], rval = 1'1).
Adding SRST signal on $auto$ff.cc:337:slice$9501 ($_DFFE_PP_) from module icebreaker (D = $flatten\soc.\spimemio.$procmux$4867.Y_B [3], Q = \soc.spimemio.din_data [3], rval = 1'1).
Adding SRST signal on $auto$ff.cc:337:slice$9502 ($_DFFE_PP_) from module icebreaker (D = $flatten\soc.\spimemio.$procmux$4867.Y_B [4], Q = \soc.spimemio.din_data [4], rval = 1'1).
Adding SRST signal on $auto$ff.cc:337:slice$9503 ($_DFFE_PP_) from module icebreaker (D = $flatten\soc.\spimemio.$procmux$4867.Y_B [5], Q = \soc.spimemio.din_data [5], rval = 1'1).
Adding SRST signal on $auto$ff.cc:337:slice$9504 ($_DFFE_PP_) from module icebreaker (D = $flatten\soc.\spimemio.$procmux$4867.Y_B [6], Q = \soc.spimemio.din_data [6], rval = 1'1).
Adding EN signal on $auto$ff.cc:337:slice$9707 ($_SDFFE_PN0P_) from module icebreaker (D = $flatten\soc.\cpu.$procmux$2196.B_AND_S [32], Q = \soc.cpu.reg_next_pc [0]).

7.39.9. Executing OPT_CLEAN pass (remove unused cells and wires).
Finding unused cells or wires in module \icebreaker..
Removed 42 unused cells and 8 unused wires.
<suppressed ~43 debug messages>

7.39.10. Rerunning OPT passes. (Removed registers in this run.)

7.39.11. Executing OPT_EXPR pass (perform const folding).
Optimizing module icebreaker.

7.39.12. Executing OPT_MERGE pass (detect identical cells).
Finding identical cells in module `\icebreaker'.
Computing hashes of 8920 cells of `\icebreaker'.
Finding duplicate cells in `\icebreaker'.
Removed a total of 0 cells.

7.39.13. Executing OPT_DFF pass (perform DFF optimizations).

7.39.14. Executing OPT_CLEAN pass (remove unused cells and wires).
Finding unused cells or wires in module \icebreaker..

7.39.15. Finished fast OPT passes.

7.40. Executing ICE40_OPT pass (performing simple optimizations).

7.40.1. Running ICE40 specific optimizations.
Optimized $__ICE40_CARRY_WRAPPER cell back to logic (without SB_CARRY) icebreaker.$auto$alumacc.cc:512:replace_alu$7010.slice[0].carry: CO=$auto$alumacc.cc:512:replace_alu$7010.BB [0]
Optimized $__ICE40_CARRY_WRAPPER cell back to logic (without SB_CARRY) icebreaker.$auto$alumacc.cc:512:replace_alu$7043.slice[0].carry: CO=\soc.cpu.mem_addr [24]
Optimized $__ICE40_CARRY_WRAPPER cell back to logic (without SB_CARRY) icebreaker.$auto$alumacc.cc:512:replace_alu$7054.slice[0].carry: CO=\soc.cpu.mem_addr [25]
Optimized $__ICE40_CARRY_WRAPPER cell back to logic (without SB_CARRY) icebreaker.$auto$alumacc.cc:512:replace_alu$7061.slice[0].carry: CO=\soc.cpu.mem_addr [17]
Optimized $__ICE40_CARRY_WRAPPER cell back to logic (without SB_CARRY) icebreaker.$auto$alumacc.cc:512:replace_alu$7089.slice[0].carry: CO=\soc.cpu.reg_sh [0]
Optimized $__ICE40_CARRY_WRAPPER cell back to logic (without SB_CARRY) icebreaker.$auto$alumacc.cc:512:replace_alu$7092.slice[0].carry: CO=\soc.cpu.reg_sh [2]
Optimized $__ICE40_CARRY_WRAPPER cell back to logic (without SB_CARRY) icebreaker.$auto$alumacc.cc:512:replace_alu$7111.slice[0].carry: CO=\soc.cpu.count_instr [0]
Optimized $__ICE40_CARRY_WRAPPER cell back to logic (without SB_CARRY) icebreaker.$auto$alumacc.cc:512:replace_alu$7114.slice[0].carry: CO=$auto$alumacc.cc:512:replace_alu$7108.B [1]
Optimized $__ICE40_CARRY_WRAPPER cell back to logic (without SB_CARRY) icebreaker.$auto$alumacc.cc:512:replace_alu$7117.slice[0].carry: CO=\soc.cpu.count_cycle [0]
Optimized $__ICE40_CARRY_WRAPPER cell back to logic (without SB_CARRY) icebreaker.$auto$alumacc.cc:512:replace_alu$7120.slice[0].carry: CO=\soc.cpu.pcpi_timeout_counter [0]
Optimized $__ICE40_CARRY_WRAPPER cell back to logic (without SB_CARRY) icebreaker.$auto$alumacc.cc:512:replace_alu$7123.slice[0].carry: CO=\soc.cpu.reg_pc [2]
Optimized $__ICE40_CARRY_WRAPPER cell back to logic (without SB_CARRY) icebreaker.$auto$alumacc.cc:512:replace_alu$7126.slice[0].carry: CO=\soc.cpu.timer [0]
Optimized $__ICE40_CARRY_WRAPPER cell back to logic (without SB_CARRY) icebreaker.$auto$alumacc.cc:512:replace_alu$7129.slice[0].carry: CO=\soc.spimem_cache.miss_count [0]
Optimized $__ICE40_CARRY_WRAPPER cell back to logic (without SB_CARRY) icebreaker.$auto$alumacc.cc:512:replace_alu$7158.slice[0].carry: CO=\soc.spimemio.rd_addr [2]
Optimized $__ICE40_CARRY_WRAPPER cell back to logic (without SB_CARRY) icebreaker.$auto$alumacc.cc:512:replace_alu$7158.slice[22].carry: CO=1'0
Optimized $__ICE40_CARRY_WRAPPER cell back to logic (without SB_CARRY) icebreaker.$auto$alumacc.cc:512:replace_alu$7161.slice[0].carry: CO=\soc.simpleuart.send_bitcnt [0]
Optimized $__ICE40_CARRY_WRAPPER cell back to logic (without SB_CARRY) icebreaker.$auto$alumacc.cc:512:replace_alu$7164.slice[0].carry: CO=\soc.simpleuart.send_divcnt [0]
Optimized $__ICE40_CARRY_WRAPPER cell back to logic (without SB_CARRY) icebreaker.$auto$alumacc.cc:512:replace_alu$7167.slice[0].carry: CO=\soc.simpleuart.recv_state [0]
Optimized $__ICE40_CARRY_WRAPPER cell back to logic (without SB_CARRY) icebreaker.$auto$alumacc.cc:512:replace_alu$7170.slice[0].carry: CO=\soc.simpleuart.recv_divcnt [0]
Optimized $__ICE40_CARRY_WRAPPER cell back to logic (without SB_CARRY) icebreaker.$auto$alumacc.cc:512:replace_alu$7173.slice[0].carry: CO=\seven_segment_ctrl.clkdiv [0]

7.40.2. Executing OPT_EXPR pass (perform const folding).
Optimizing module icebreaker.
<suppressed ~85 debug messages>

7.40.3. Executing OPT_MERGE pass (detect identical cells).
Finding identical cells in module `\icebreaker'.
Computing hashes of 8855 cells of `\icebreaker'.
Finding duplicate cells in `\icebreaker'.
Removed a total of 0 cells.

7.40.4. Executing OPT_DFF pass (perform DFF optimizations).

7.40.5. Executing OPT_CLEAN pass (remove unused cells and wires).
Finding unused cells or wires in module \icebreaker..
Removed 4 unused cells and 3 unused wires.
<suppressed ~5 debug messages>

7.40.6. Rerunning OPT passes. (Removed registers in this run.)

7.40.7. Running ICE40 specific optimizations.

7.40.8. Executing OPT_EXPR pass (perform const folding).
Optimizing module icebreaker.

7.40.9. Executing OPT_MERGE pass (detect identical cells).
Finding identical cells in module `\icebreaker'.
Computing hashes of 8851 cells of `\icebreaker'.
Finding duplicate cells in `\icebreaker'.
Removed a total of 0 cells.

7.40.10. Executing OPT_DFF pass (perform DFF optimizations).

7.40.11. Executing OPT_CLEAN pass (remove unused cells and wires).
Finding unused cells or wires in module \icebreaker..

7.40.12. Finished OPT passes. (There is nothing left to do.)

7.41. Executing DFFLEGALIZE pass (convert FFs to types supported by the target).

7.42. Executing TECHMAP pass (map to technology primitives).

7.42.1. Executing Verilog-2005 frontend: /homes/cl2033/oss-cad-suite/lib/../share/yosys/ice40/ff_map.v
Parsing Verilog input from `/homes/cl2033/oss-cad-suite/lib/../share/yosys/ice40/ff_map.v' to AST representation.
Generating RTLIL representation for module `$_DFF_N_'.
Generating RTLIL representation for module `$_DFF_P_'.
Generating RTLIL representation for module `$_DFFE_NP_'.
Generating RTLIL representation for module `$_DFFE_PP_'.
Generating RTLIL representation for module `$_DFF_NP0_'.
Generating RTLIL representation for module `$_DFF_NP1_'.
Generating RTLIL representation for module `$_DFF_PP0_'.
Generating RTLIL representation for module `$_DFF_PP1_'.
Generating RTLIL representation for module `$_DFFE_NP0P_'.
Generating RTLIL representation for module `$_DFFE_NP1P_'.
Generating RTLIL representation for module `$_DFFE_PP0P_'.
Generating RTLIL representation for module `$_DFFE_PP1P_'.
Generating RTLIL representation for module `$_SDFF_NP0_'.
Generating RTLIL representation for module `$_SDFF_NP1_'.
Generating RTLIL representation for module `$_SDFF_PP0_'.
Generating RTLIL representation for module `$_SDFF_PP1_'.
Generating RTLIL representation for module `$_SDFFCE_NP0P_'.
Generating RTLIL representation for module `$_SDFFCE_NP1P_'.
Generating RTLIL representation for module `$_SDFFCE_PP0P_'.
Generating RTLIL representation for module `$_SDFFCE_PP1P_'.
Successfully finished Verilog frontend.

7.42.2. Continuing TECHMAP pass.
Using template $_SDFFCE_PP0P_ for cells of type $_SDFFCE_PP0P_.
Using template $_SDFFCE_PP1P_ for cells of type $_SDFFCE_PP1P_.
Using template $_SDFF_PP0_ for cells of type $_SDFF_PP0_.
Using template $_DFF_P_ for cells of type $_DFF_P_.
Using template $_DFF_N_ for cells of type $_DFF_N_.
Using template $_DFFE_PP_ for cells of type $_DFFE_PP_.
Using template $_SDFF_PP1_ for cells of type $_SDFF_PP1_.
No more expansions possible.
<suppressed ~1311 debug messages>

7.43. Executing OPT_EXPR pass (perform const folding).
Optimizing module icebreaker.

7.44. Executing SIMPLEMAP pass (map simple cells to gate primitives).
Mapping icebreaker.$auto$alumacc.cc:512:replace_alu$7089.slice[0].carry ($lut).
Mapping icebreaker.$auto$alumacc.cc:512:replace_alu$7092.slice[0].carry ($lut).
Mapping icebreaker.$auto$alumacc.cc:512:replace_alu$7111.slice[0].carry ($lut).
Mapping icebreaker.$auto$alumacc.cc:512:replace_alu$7114.slice[0].carry ($lut).
Mapping icebreaker.$auto$alumacc.cc:512:replace_alu$7117.slice[0].carry ($lut).
Mapping icebreaker.$auto$alumacc.cc:512:replace_alu$7120.slice[0].carry ($lut).
Mapping icebreaker.$auto$alumacc.cc:512:replace_alu$7123.slice[0].carry ($lut).
Mapping icebreaker.$auto$alumacc.cc:512:replace_alu$7126.slice[0].carry ($lut).
Mapping icebreaker.$auto$alumacc.cc:512:replace_alu$7129.slice[0].carry ($lut).
Mapping icebreaker.$auto$alumacc.cc:512:replace_alu$7158.slice[0].carry ($lut).
Mapping icebreaker.$auto$alumacc.cc:512:replace_alu$7158.slice[22].carry ($lut).
Mapping icebreaker.$auto$alumacc.cc:512:replace_alu$7161.slice[0].carry ($lut).
Mapping icebreaker.$auto$alumacc.cc:512:replace_alu$7164.slice[0].carry ($lut).
Mapping icebreaker.$auto$alumacc.cc:512:replace_alu$7167.slice[0].carry ($lut).
Mapping icebreaker.$auto$alumacc.cc:512:replace_alu$7170.slice[0].carry ($lut).
Mapping icebreaker.$auto$alumacc.cc:512:replace_alu$7173.slice[0].carry ($lut).

7.45. Executing ICE40_OPT pass (performing simple optimizations).

7.45.1. Running ICE40 specific optimizations.

7.45.2. Executing OPT_EXPR pass (perform const folding).
Optimizing module icebreaker.
<suppressed ~476 debug messages>

7.45.3. Executing OPT_MERGE pass (detect identical cells).
Finding identical cells in module `\icebreaker'.
Computing hashes of 9827 cells of `\icebreaker'.
Finding duplicate cells in `\icebreaker'.
Computing hashes of 8901 cells of `\icebreaker'.
Finding duplicate cells in `\icebreaker'.
<suppressed ~2778 debug messages>
Removed a total of 926 cells.

7.45.4. Executing OPT_DFF pass (perform DFF optimizations).

7.45.5. Executing OPT_CLEAN pass (remove unused cells and wires).
Finding unused cells or wires in module \icebreaker..
Removed 0 unused cells and 7667 unused wires.
<suppressed ~1 debug messages>

7.45.6. Rerunning OPT passes. (Removed registers in this run.)

7.45.7. Running ICE40 specific optimizations.

7.45.8. Executing OPT_EXPR pass (perform const folding).
Optimizing module icebreaker.

7.45.9. Executing OPT_MERGE pass (detect identical cells).
Finding identical cells in module `\icebreaker'.
Computing hashes of 8901 cells of `\icebreaker'.
Finding duplicate cells in `\icebreaker'.
Removed a total of 0 cells.

7.45.10. Executing OPT_DFF pass (perform DFF optimizations).

7.45.11. Executing OPT_CLEAN pass (remove unused cells and wires).
Finding unused cells or wires in module \icebreaker..

7.45.12. Finished OPT passes. (There is nothing left to do.)

7.46. Executing TECHMAP pass (map to technology primitives).

7.46.1. Executing Verilog-2005 frontend: /homes/cl2033/oss-cad-suite/lib/../share/yosys/ice40/latches_map.v
Parsing Verilog input from `/homes/cl2033/oss-cad-suite/lib/../share/yosys/ice40/latches_map.v' to AST representation.
Generating RTLIL representation for module `$_DLATCH_N_'.
Generating RTLIL representation for module `$_DLATCH_P_'.
Successfully finished Verilog frontend.

7.46.2. Continuing TECHMAP pass.
No more expansions possible.
<suppressed ~4 debug messages>

7.47. Executing Verilog-2005 frontend: /homes/cl2033/oss-cad-suite/lib/../share/yosys/ice40/abc9_model.v
Parsing Verilog input from `/homes/cl2033/oss-cad-suite/lib/../share/yosys/ice40/abc9_model.v' to AST representation.
Generating RTLIL representation for module `$__ICE40_CARRY_WRAPPER'.
Successfully finished Verilog frontend.

7.48. Executing ABC9 pass.

7.48.1. Executing ABC9_OPS pass (helper functions for ABC9).

7.48.2. Executing ABC9_OPS pass (helper functions for ABC9).

7.48.3. Executing SCC pass (detecting logic loops).
Found 0 SCCs in module icebreaker.
Found 0 SCCs.

7.48.4. Executing ABC9_OPS pass (helper functions for ABC9).

7.48.5. Executing TECHMAP pass (map to technology primitives).

7.48.5.1. Executing Verilog-2005 frontend: /homes/cl2033/oss-cad-suite/lib/../share/yosys/techmap.v
Parsing Verilog input from `/homes/cl2033/oss-cad-suite/lib/../share/yosys/techmap.v' to AST representation.
Generating RTLIL representation for module `\_90_simplemap_bool_ops'.
Generating RTLIL representation for module `\_90_simplemap_reduce_ops'.
Generating RTLIL representation for module `\_90_simplemap_logic_ops'.
Generating RTLIL representation for module `\_90_simplemap_compare_ops'.
Generating RTLIL representation for module `\_90_simplemap_various'.
Generating RTLIL representation for module `\_90_simplemap_registers'.
Generating RTLIL representation for module `\_90_shift_ops_shr_shl_sshl_sshr'.
Generating RTLIL representation for module `\_90_shift_shiftx'.
Generating RTLIL representation for module `\_90_fa'.
Generating RTLIL representation for module `\_90_lcu_brent_kung'.
Generating RTLIL representation for module `\_90_alu'.
Generating RTLIL representation for module `\_90_macc'.
Generating RTLIL representation for module `\_90_alumacc'.
Generating RTLIL representation for module `$__div_mod_u'.
Generating RTLIL representation for module `$__div_mod_trunc'.
Generating RTLIL representation for module `\_90_div'.
Generating RTLIL representation for module `\_90_mod'.
Generating RTLIL representation for module `$__div_mod_floor'.
Generating RTLIL representation for module `\_90_divfloor'.
Generating RTLIL representation for module `\_90_modfloor'.
Generating RTLIL representation for module `\_90_pow'.
Generating RTLIL representation for module `\_90_pmux'.
Generating RTLIL representation for module `\_90_demux'.
Generating RTLIL representation for module `\_90_lut'.
Generating RTLIL representation for module `$connect'.
Generating RTLIL representation for module `$input_port'.
Successfully finished Verilog frontend.

7.48.5.2. Continuing TECHMAP pass.
No more expansions possible.
<suppressed ~131 debug messages>

7.48.6. Executing OPT pass (performing simple optimizations).

7.48.6.1. Executing OPT_EXPR pass (perform const folding).

7.48.6.2. Executing OPT_MERGE pass (detect identical cells).
Removed a total of 0 cells.

7.48.6.3. Executing OPT_MUXTREE pass (detect dead branches in mux trees).
Removed 0 multiplexer ports.

7.48.6.4. Executing OPT_REDUCE pass (consolidate $*mux and $reduce_* inputs).
Performed a total of 0 changes.

7.48.6.5. Executing OPT_MERGE pass (detect identical cells).
Removed a total of 0 cells.

7.48.6.6. Executing OPT_DFF pass (perform DFF optimizations).

7.48.6.7. Executing OPT_CLEAN pass (remove unused cells and wires).

7.48.6.8. Executing OPT_EXPR pass (perform const folding).

7.48.6.9. Finished fast OPT passes. (There is nothing left to do.)

7.48.7. Executing TECHMAP pass (map to technology primitives).

7.48.7.1. Executing Verilog-2005 frontend: /homes/cl2033/oss-cad-suite/lib/../share/yosys/abc9_map.v
Parsing Verilog input from `/homes/cl2033/oss-cad-suite/lib/../share/yosys/abc9_map.v' to AST representation.
Successfully finished Verilog frontend.

7.48.7.2. Continuing TECHMAP pass.
No more expansions possible.
<suppressed ~2 debug messages>

7.48.8. Executing Verilog-2005 frontend: /homes/cl2033/oss-cad-suite/lib/../share/yosys/abc9_model.v
Parsing Verilog input from `/homes/cl2033/oss-cad-suite/lib/../share/yosys/abc9_model.v' to AST representation.
Generating RTLIL representation for module `$__ABC9_DELAY'.
Generating RTLIL representation for module `$__ABC9_SCC_BREAKER'.
Generating RTLIL representation for module `$__DFF_N__$abc9_flop'.
Generating RTLIL representation for module `$__DFF_P__$abc9_flop'.
Successfully finished Verilog frontend.

7.48.9. Executing ABC9_OPS pass (helper functions for ABC9).
<suppressed ~2188 debug messages>

7.48.10. Executing ABC9_OPS pass (helper functions for ABC9).

7.48.11. Executing ABC9_OPS pass (helper functions for ABC9).
<suppressed ~2 debug messages>

7.48.12. Executing TECHMAP pass (map to technology primitives).

7.48.12.1. Executing Verilog-2005 frontend: /homes/cl2033/oss-cad-suite/lib/../share/yosys/techmap.v
Parsing Verilog input from `/homes/cl2033/oss-cad-suite/lib/../share/yosys/techmap.v' to AST representation.
Generating RTLIL representation for module `\_90_simplemap_bool_ops'.
Generating RTLIL representation for module `\_90_simplemap_reduce_ops'.
Generating RTLIL representation for module `\_90_simplemap_logic_ops'.
Generating RTLIL representation for module `\_90_simplemap_compare_ops'.
Generating RTLIL representation for module `\_90_simplemap_various'.
Generating RTLIL representation for module `\_90_simplemap_registers'.
Generating RTLIL representation for module `\_90_shift_ops_shr_shl_sshl_sshr'.
Generating RTLIL representation for module `\_90_shift_shiftx'.
Generating RTLIL representation for module `\_90_fa'.
Generating RTLIL representation for module `\_90_lcu_brent_kung'.
Generating RTLIL representation for module `\_90_alu'.
Generating RTLIL representation for module `\_90_macc'.
Generating RTLIL representation for module `\_90_alumacc'.
Generating RTLIL representation for module `$__div_mod_u'.
Generating RTLIL representation for module `$__div_mod_trunc'.
Generating RTLIL representation for module `\_90_div'.
Generating RTLIL representation for module `\_90_mod'.
Generating RTLIL representation for module `$__div_mod_floor'.
Generating RTLIL representation for module `\_90_divfloor'.
Generating RTLIL representation for module `\_90_modfloor'.
Generating RTLIL representation for module `\_90_pow'.
Generating RTLIL representation for module `\_90_pmux'.
Generating RTLIL representation for module `\_90_demux'.
Generating RTLIL representation for module `\_90_lut'.
Generating RTLIL representation for module `$connect'.
Generating RTLIL representation for module `$input_port'.
Successfully finished Verilog frontend.

7.48.12.2. Continuing TECHMAP pass.
Using template $paramod$__ICE40_CARRY_WRAPPER\LUT=16'0110100110010110\I3_IS_CI=1'1 for cells of type $paramod$__ICE40_CARRY_WRAPPER\LUT=16'0110100110010110\I3_IS_CI=1'1.
Using template SB_CARRY for cells of type SB_CARRY.
Using template $paramod\SB_LUT4\LUT_INIT=16'0110100110010110 for cells of type SB_LUT4.
Using extmapper simplemap for cells of type $mux.
Using extmapper simplemap for cells of type $logic_or.
Using extmapper simplemap for cells of type $logic_and.
No more expansions possible.
<suppressed ~158 debug messages>

7.48.13. Executing OPT pass (performing simple optimizations).

7.48.13.1. Executing OPT_EXPR pass (perform const folding).
Optimizing module icebreaker.
<suppressed ~4 debug messages>

7.48.13.2. Executing OPT_MERGE pass (detect identical cells).
Finding identical cells in module `\icebreaker'.
Computing hashes of 30 cells of `\icebreaker'.
Finding duplicate cells in `\icebreaker'.
Computing hashes of 20 cells of `\icebreaker'.
Finding duplicate cells in `\icebreaker'.
Computing hashes of 18 cells of `\icebreaker'.
Finding duplicate cells in `\icebreaker'.
<suppressed ~29 debug messages>
Removed a total of 12 cells.

7.48.13.3. Executing OPT_MUXTREE pass (detect dead branches in mux trees).
Running muxtree optimizer on module \icebreaker..
  Creating internal representation of mux trees.
  No muxes found in this module.
Removed 0 multiplexer ports.

7.48.13.4. Executing OPT_REDUCE pass (consolidate $*mux and $reduce_* inputs).
  Optimizing cells in module \icebreaker.
Performed a total of 0 changes.

7.48.13.5. Executing OPT_MERGE pass (detect identical cells).
Finding identical cells in module `\icebreaker'.
Computing hashes of 18 cells of `\icebreaker'.
Finding duplicate cells in `\icebreaker'.
Removed a total of 0 cells.

7.48.13.6. Executing OPT_DFF pass (perform DFF optimizations).

7.48.13.7. Executing OPT_CLEAN pass (remove unused cells and wires).
Finding unused cells or wires in module \icebreaker..
Removed 0 unused cells and 24 unused wires.
<suppressed ~1 debug messages>

7.48.13.8. Executing OPT_EXPR pass (perform const folding).
Optimizing module icebreaker.

7.48.13.9. Rerunning OPT passes. (Maybe there is more to do..)

7.48.13.10. Executing OPT_MUXTREE pass (detect dead branches in mux trees).
Running muxtree optimizer on module \icebreaker..
  Creating internal representation of mux trees.
  No muxes found in this module.
Removed 0 multiplexer ports.

7.48.13.11. Executing OPT_REDUCE pass (consolidate $*mux and $reduce_* inputs).
  Optimizing cells in module \icebreaker.
Performed a total of 0 changes.

7.48.13.12. Executing OPT_MERGE pass (detect identical cells).
Finding identical cells in module `\icebreaker'.
Computing hashes of 18 cells of `\icebreaker'.
Finding duplicate cells in `\icebreaker'.
Removed a total of 0 cells.

7.48.13.13. Executing OPT_DFF pass (perform DFF optimizations).

7.48.13.14. Executing OPT_CLEAN pass (remove unused cells and wires).
Finding unused cells or wires in module \icebreaker..

7.48.13.15. Executing OPT_EXPR pass (perform const folding).
Optimizing module icebreaker.

7.48.13.16. Finished fast OPT passes. (There is nothing left to do.)

7.48.14. Executing AIGMAP pass (map logic to AIG).
Module icebreaker: replaced 7 cells with 43 new cells, skipped 11 cells.
  replaced 2 cell types:
       5 $_MUX_
       2 $_OR_
  not replaced 3 cell types:
       2 $_AND_
       1 $_NOT_
       8 $specify2

7.48.15. Executing AIGMAP pass (map logic to AIG).
Module icebreaker: replaced 4075 cells with 22071 new cells, skipped 7012 cells.
  replaced 4 cell types:
    1718 $_MUX_
      37 $_ORNOT_
    2102 $_OR_
     218 $_XOR_
  not replaced 23 cell types:
    2064 $_AND_
     630 $_NOT_
      12 $scopeinfo
       4 SB_MAC16
       4 SB_IO
     184 SB_DFF
     436 SB_DFFE
     235 SB_DFFSR
       4 SB_DFFSS
     359 SB_DFFESR
      67 SB_DFFESS
       4 SB_DFFN
       4 SB_SPRAM256KA
       4 $paramod$__ABC9_DELAY\DELAY=32'00000000000000000000000010000101
      64 $paramod$__ABC9_DELAY\DELAY=32'00000000000000000000000010100001
       4 $paramod$65b9e5893759870fd62e6b87dc6ba151fdc97e95\SB_RAM40_4K
      44 $paramod$__ABC9_DELAY\DELAY=32'00000000000000000000000011100000
       4 $paramod$__ABC9_DELAY\DELAY=32'00000000000000000000000001100010
       8 $paramod$__ABC9_DELAY\DELAY=32'00000000000000000000000100001011
      64 $paramod$__ABC9_DELAY\DELAY=32'00000000000000000000000100010010
     709 $paramod$__ABC9_DELAY\DELAY=32'00000000000000000000000011001011
    1289 $paramod$__ABC9_DELAY\DELAY=32'00000000000000000000000000010101
     815 $paramod$__ICE40_CARRY_WRAPPER\LUT=16'0110100110010110\I3_IS_CI=1'1

7.48.15.1. Executing ABC9_OPS pass (helper functions for ABC9).

7.48.15.2. Executing ABC9_OPS pass (helper functions for ABC9).

7.48.15.3. Executing XAIGER backend.
<suppressed ~1364 debug messages>
Extracted 10011 AND gates and 30847 wires from module `icebreaker' to a netlist network with 1556 inputs and 2440 outputs.

7.48.15.4. Executing ABC9_EXE pass (technology mapping using ABC9).

7.48.15.5. Executing ABC9.
Running ABC command: "<yosys-exe-dir>/yosys-abc" -s -f <abc-temp-dir>/abc.script 2>&1
ABC: ======== ABC command line "source <abc-temp-dir>/abc.script"
ABC: + read_lut <abc-temp-dir>/input.lut 
ABC: + read_box <abc-temp-dir>/input.box 
ABC: + &read <abc-temp-dir>/input.xaig 
ABC: + &ps 
ABC: <abc-temp-dir>/input : i/o =   1556/   2440  and =    9370  lev =   38 (1.63)  mem = 0.32 MB  box = 3001  bb = 2186
ABC: Warning: AIG with boxes has internal fanout in 0 complex flops and 1 carries.
ABC: + &scorr 
ABC: Warning: The network is combinational.
ABC: + &sweep 
ABC: + &dc2 
ABC: + &dch -f -r 
ABC: + &ps 
ABC: <abc-temp-dir>/input : i/o =   1556/   2440  and =   12145  lev =   46 (1.30)  mem = 0.35 MB  ch = 1681  box = 2989  bb = 2186
ABC: cst =       0  cls =   1373  lit =    1681  unused =   14439  proof =     0
ABC: Warning: AIG with boxes has internal fanout in 0 complex flops and 1 carries.
ABC: + &if -W 250 -v 
ABC: K = 4. Memory (bytes): Truth =    0. Cut =   52. Obj =  136. Set =  564. CutMin = no
ABC: Node =   12145.  Ch =  1373.  Total mem =    3.79 MB. Peak cut mem =    0.16 MB.
ABC: P:  Del = 8794.00.  Ar =    3681.0.  Edge =    12737.  Cut =    65014.  T =     0.01 sec
ABC: P:  Del = 8794.00.  Ar =    3408.0.  Edge =    12187.  Cut =    61815.  T =     0.01 sec
ABC: P:  Del = 8794.00.  Ar =    2964.0.  Edge =     9970.  Cut =    67358.  T =     0.01 sec
ABC: F:  Del = 8794.00.  Ar =    2816.0.  Edge =     9688.  Cut =    64004.  T =     0.01 sec
ABC: A:  Del = 8794.00.  Ar =    2696.0.  Edge =     9078.  Cut =    64570.  T =     0.02 sec
ABC: A:  Del = 8794.00.  Ar =    2675.0.  Edge =     9049.  Cut =    64724.  T =     0.02 sec
ABC: Total time =     0.08 sec
ABC: + &write -n <abc-temp-dir>/output.aig 
ABC: + &mfs 
ABC: + &ps -l 
ABC: <abc-temp-dir>/input : i/o =   1556/   2440  and =    7390  lev =   31 (1.38)  mem = 0.30 MB  box = 2982  bb = 2186
ABC: Mapping (K=4)  :  lut =   2602  edge =    8758  lev =   15 (0.87)  levB =   64  mem = 0.13 MB
ABC: LUT = 2602 : 2=504 19.4 %  3=642 24.7 %  4=1456 56.0 %  Ave = 3.37
ABC: Warning: AIG with boxes has internal fanout in 0 complex flops and 1 carries.
ABC: + &write -n <abc-temp-dir>/output.aig 
ABC: + &verify 
ABC: Networks are equivalent.  Time =     0.24 sec
ABC: + time 
ABC: elapse: 1.63 seconds, total: 1.63 seconds

7.48.15.6. Executing AIGER frontend.
<suppressed ~8022 debug messages>
Removed 10197 unused cells and 24283 unused wires.

7.48.15.7. Executing ABC9_OPS pass (helper functions for ABC9).
ABC RESULTS:              $lut cells:     2678
ABC RESULTS:   $paramod$__ICE40_CARRY_WRAPPER\LUT=16'0110100110010110\I3_IS_CI=1'1 cells:      796
ABC RESULTS:           input signals:      188
ABC RESULTS:          output signals:     2301
Removing temp directory.

7.48.16. Executing TECHMAP pass (map to technology primitives).

7.48.16.1. Executing Verilog-2005 frontend: /homes/cl2033/oss-cad-suite/lib/../share/yosys/abc9_unmap.v
Parsing Verilog input from `/homes/cl2033/oss-cad-suite/lib/../share/yosys/abc9_unmap.v' to AST representation.
Generating RTLIL representation for module `$__DFF_x__$abc9_flop'.
Generating RTLIL representation for module `$__ABC9_SCC_BREAKER'.
Successfully finished Verilog frontend.

7.48.16.2. Continuing TECHMAP pass.
Using template $paramod$65b9e5893759870fd62e6b87dc6ba151fdc97e95\SB_RAM40_4K for cells of type $paramod$65b9e5893759870fd62e6b87dc6ba151fdc97e95\SB_RAM40_4K.
Using template $paramod$__ICE40_CARRY_WRAPPER\LUT=16'0110100110010110\I3_IS_CI=1'1 for cells of type $paramod$__ICE40_CARRY_WRAPPER\LUT=16'0110100110010110\I3_IS_CI=1'1.
No more expansions possible.
<suppressed ~807 debug messages>

7.49. Executing ICE40_WRAPCARRY pass (wrap carries).

7.50. Executing TECHMAP pass (map to technology primitives).

7.50.1. Executing Verilog-2005 frontend: /homes/cl2033/oss-cad-suite/lib/../share/yosys/ice40/ff_map.v
Parsing Verilog input from `/homes/cl2033/oss-cad-suite/lib/../share/yosys/ice40/ff_map.v' to AST representation.
Generating RTLIL representation for module `$_DFF_N_'.
Generating RTLIL representation for module `$_DFF_P_'.
Generating RTLIL representation for module `$_DFFE_NP_'.
Generating RTLIL representation for module `$_DFFE_PP_'.
Generating RTLIL representation for module `$_DFF_NP0_'.
Generating RTLIL representation for module `$_DFF_NP1_'.
Generating RTLIL representation for module `$_DFF_PP0_'.
Generating RTLIL representation for module `$_DFF_PP1_'.
Generating RTLIL representation for module `$_DFFE_NP0P_'.
Generating RTLIL representation for module `$_DFFE_NP1P_'.
Generating RTLIL representation for module `$_DFFE_PP0P_'.
Generating RTLIL representation for module `$_DFFE_PP1P_'.
Generating RTLIL representation for module `$_SDFF_NP0_'.
Generating RTLIL representation for module `$_SDFF_NP1_'.
Generating RTLIL representation for module `$_SDFF_PP0_'.
Generating RTLIL representation for module `$_SDFF_PP1_'.
Generating RTLIL representation for module `$_SDFFCE_NP0P_'.
Generating RTLIL representation for module `$_SDFFCE_NP1P_'.
Generating RTLIL representation for module `$_SDFFCE_PP0P_'.
Generating RTLIL representation for module `$_SDFFCE_PP1P_'.
Successfully finished Verilog frontend.

7.50.2. Continuing TECHMAP pass.
No more expansions possible.
<suppressed ~22 debug messages>
Removed 613 unused cells and 36606 unused wires.

7.51. Executing OPT_LUT pass (optimize LUTs).
Discovering LUTs.
Number of LUTs:     3366
  1-LUT               76
  2-LUT              529
  3-LUT             1305
  4-LUT             1456
  with \SB_CARRY    (#0)  653
  with \SB_CARRY    (#1)  659

Eliminating LUTs.
Number of LUTs:     3366
  1-LUT               76
  2-LUT              529
  3-LUT             1305
  4-LUT             1456
  with \SB_CARRY    (#0)  653
  with \SB_CARRY    (#1)  659

Combining LUTs.
Number of LUTs:     3328
  1-LUT               76
  2-LUT              487
  3-LUT             1278
  4-LUT             1487
  with \SB_CARRY    (#0)  653
  with \SB_CARRY    (#1)  659

Eliminated 0 LUTs.
Combined 38 LUTs.
<suppressed ~22378 debug messages>

7.52. Executing TECHMAP pass (map to technology primitives).

7.52.1. Executing Verilog-2005 frontend: /homes/cl2033/oss-cad-suite/lib/../share/yosys/ice40/cells_map.v
Parsing Verilog input from `/homes/cl2033/oss-cad-suite/lib/../share/yosys/ice40/cells_map.v' to AST representation.
Generating RTLIL representation for module `$lut'.
Successfully finished Verilog frontend.

7.52.2. Continuing TECHMAP pass.
Using template $paramod$f9813472aa48e533b3838c6f2316dc2e78c66111$lut for cells of type $lut.
Using template $paramod$7d35f3eb4056e6484203c99fe42cfcf1dfaba704$lut for cells of type $lut.
Using template $paramod$lut\WIDTH=32'00000000000000000000000000000010\LUT=4'0100 for cells of type $lut.
Using template $paramod$234fd643079033ba0cbc98ff572df9b7b7a0dc86$lut for cells of type $lut.
Using template $paramod$b93d1ea7a612a32c185108f67a153d44ffb9aac2$lut for cells of type $lut.
Using template $paramod$df196ed0a1da5c4a58c5e08a1dac304fd3fccaab$lut for cells of type $lut.
Using template $paramod$lut\WIDTH=32'00000000000000000000000000000011\LUT=8'00110001 for cells of type $lut.
Using template $paramod$8d7a8d6e3356de09670738ba85f2c6b874f6b06d$lut for cells of type $lut.
Using template $paramod$lut\WIDTH=32'00000000000000000000000000000011\LUT=8'10110000 for cells of type $lut.
Using template $paramod$lut\WIDTH=32'00000000000000000000000000000011\LUT=8'10010000 for cells of type $lut.
Using template $paramod$1241d759e3df4cac11dc7c99c36b0d1b07f7a673$lut for cells of type $lut.
Using template $paramod$lut\WIDTH=32'00000000000000000000000000000010\LUT=4'1000 for cells of type $lut.
Using template $paramod$lut\WIDTH=32'00000000000000000000000000000010\LUT=4'0010 for cells of type $lut.
Using template $paramod$lut\WIDTH=32'00000000000000000000000000000011\LUT=8'10000000 for cells of type $lut.
Using template $paramod$571404c0889eaf57f492cb5e37f8acb5df5852f9$lut for cells of type $lut.
Using template $paramod$lut\WIDTH=32'00000000000000000000000000000011\LUT=8'00000001 for cells of type $lut.
Using template $paramod$253532b742d151c01e8e51f153c24d934b8f6185$lut for cells of type $lut.
Using template $paramod$lut\WIDTH=32'00000000000000000000000000000001\LUT=2'01 for cells of type $lut.
Using template $paramod$fd904e9e35cfd343a9df248824bd3f1408724879$lut for cells of type $lut.
Using template $paramod$lut\WIDTH=32'00000000000000000000000000000011\LUT=8'00001001 for cells of type $lut.
Using template $paramod$ba7c22fadfbf9ee7abcb895a21403114111dd201$lut for cells of type $lut.
Using template $paramod$332a399730bfc61adea04021a76b1c4e4030f37d$lut for cells of type $lut.
Using template $paramod$lut\WIDTH=32'00000000000000000000000000000010\LUT=4'0001 for cells of type $lut.
Using template $paramod$a59507d273cd827eb6c46c37820d50a1b717efdf$lut for cells of type $lut.
Using template $paramod$7491e7206ae8c682d288373efe06a43b67c277cf$lut for cells of type $lut.
Using template $paramod$lut\WIDTH=32'00000000000000000000000000000011\LUT=8'01010011 for cells of type $lut.
Using template $paramod$0d3ac82cf5b8a192d5ff4c23e3143360366ae882$lut for cells of type $lut.
Using template $paramod$c1a19a87ccbbb03d43a72335db63f692ddf82cc1$lut for cells of type $lut.
Using template $paramod$lut\WIDTH=32'00000000000000000000000000000011\LUT=8'11111000 for cells of type $lut.
Using template $paramod$e49f6e3576ef1a6d2f58c54414dbb786af8cc869$lut for cells of type $lut.
Using template $paramod$e8b805c60b05d29dea83383ec9e8df8657d8e0fa$lut for cells of type $lut.
Using template $paramod$6ce6c9ed24092f88d858965e9e9a15c5bec9d6d7$lut for cells of type $lut.
Using template $paramod$lut\WIDTH=32'00000000000000000000000000000011\LUT=8'01111111 for cells of type $lut.
Using template $paramod$lut\WIDTH=32'00000000000000000000000000000011\LUT=8'00010000 for cells of type $lut.
Using template $paramod$ce57c8604805f80ab07a0434d106bb987e82ae6c$lut for cells of type $lut.
Using template $paramod$lut\WIDTH=32'00000000000000000000000000000011\LUT=8'01000111 for cells of type $lut.
Using template $paramod$d50c45f171f91e8a1ab05cfc9389403110a01e5a$lut for cells of type $lut.
Using template $paramod$baa939b0bd5b3e0c8760492528669bd58f640542$lut for cells of type $lut.
Using template $paramod$lut\WIDTH=32'00000000000000000000000000000011\LUT=8'00001011 for cells of type $lut.
Using template $paramod$b4f85a6321a00b090afc4e21d68e7b99eb94d149$lut for cells of type $lut.
Using template $paramod$19e5b38cca183d8b6b3a15d20dc995c09cd71893$lut for cells of type $lut.
Using template $paramod$fca001e3e0b52158a872e76e56c01ec10dfbb1de$lut for cells of type $lut.
Using template $paramod$lut\WIDTH=32'00000000000000000000000000000011\LUT=8'11010000 for cells of type $lut.
Using template $paramod$lut\WIDTH=32'00000000000000000000000000000010\LUT=4'1001 for cells of type $lut.
Using template $paramod$lut\WIDTH=32'00000000000000000000000000000010\LUT=4'0110 for cells of type $lut.
Using template $paramod$lut\WIDTH=32'00000000000000000000000000000011\LUT=8'00001101 for cells of type $lut.
Using template $paramod$19451f719aa4a75f15cb977ed4212a1c1a1550e9$lut for cells of type $lut.
Using template $paramod$658b9ed803f0d3d335616d3858b53e0a2522f1e8$lut for cells of type $lut.
Using template $paramod$a5516fc31d1e552de2435200bb732b4d4ad63a9c$lut for cells of type $lut.
Using template $paramod$lut\WIDTH=32'00000000000000000000000000000011\LUT=8'01000000 for cells of type $lut.
Using template $paramod$lut\WIDTH=32'00000000000000000000000000000011\LUT=8'00000100 for cells of type $lut.
Using template $paramod$2b187743e9a5d701dd1d8451ad4fa986c1aea139$lut for cells of type $lut.
Using template $paramod$9d707d218adbd63b6f9a0c79d7ee037306fb6296$lut for cells of type $lut.
Using template $paramod$fdcae86fcfd036c1880a04306ae771a9d7579c31$lut for cells of type $lut.
Using template $paramod$6e238df02989b317f10820a22773676e71120644$lut for cells of type $lut.
Using template $paramod$6d6beead1425af15cf78b27fd9b11b41b5d4bce8$lut for cells of type $lut.
Using template $paramod$lut\WIDTH=32'00000000000000000000000000000011\LUT=8'00010101 for cells of type $lut.
Using template $paramod$5dc745bb48e2cf535179547ba13f0fe5364d6d54$lut for cells of type $lut.
Using template $paramod$b33d93970f22483a5f9c7de8e357c06241c9728e$lut for cells of type $lut.
Using template $paramod$ec6c71d259df49ae0842190ffaff1179e43a8db4$lut for cells of type $lut.
Using template $paramod$lut\WIDTH=32'00000000000000000000000000000011\LUT=8'00001110 for cells of type $lut.
Using template $paramod$lut\WIDTH=32'00000000000000000000000000000011\LUT=8'11100000 for cells of type $lut.
Using template $paramod$12879138d1e376f344e47ea40be66b776233be75$lut for cells of type $lut.
Using template $paramod$f5f41ee5d60dede31a2b59f58ec46b167939d713$lut for cells of type $lut.
Using template $paramod$5b4b4ed558983d9f3ab4c896a7a011d129b0db9a$lut for cells of type $lut.
Using template $paramod$30305e55a780880b9c824fe3509a4d981acb0f2b$lut for cells of type $lut.
Using template $paramod$lut\WIDTH=32'00000000000000000000000000000011\LUT=8'00100000 for cells of type $lut.
Using template $paramod$lut\WIDTH=32'00000000000000000000000000000011\LUT=8'00000010 for cells of type $lut.
Using template $paramod$lut\WIDTH=32'00000000000000000000000000000011\LUT=8'11101100 for cells of type $lut.
Using template $paramod$lut\WIDTH=32'00000000000000000000000000000011\LUT=8'11111110 for cells of type $lut.
Using template $paramod$e8ba44e4a3ee29c32776f6151b0293be3e5fa416$lut for cells of type $lut.
Using template $paramod$be48d952fcad8a16b8d84daa4c48a3065f343e5e$lut for cells of type $lut.
Using template $paramod$lut\WIDTH=32'00000000000000000000000000000011\LUT=8'10101110 for cells of type $lut.
Using template $paramod$lut\WIDTH=32'00000000000000000000000000000011\LUT=8'11101010 for cells of type $lut.
Using template $paramod$46654478f15cf9dcb3f92426e419e9c9f11a784e$lut for cells of type $lut.
Using template $paramod$b4f15f202f50520dbc381cd0880ac94f830f05a8$lut for cells of type $lut.
Using template $paramod$43779580bfffd5d5a9f321249a174febf1dac288$lut for cells of type $lut.
Using template $paramod$272652f6c6fbe9a75eff76e45cc7e2788835518b$lut for cells of type $lut.
Using template $paramod$lut\WIDTH=32'00000000000000000000000000000011\LUT=8'01001100 for cells of type $lut.
Using template $paramod$lut\WIDTH=32'00000000000000000000000000000011\LUT=8'11001110 for cells of type $lut.
Using template $paramod$lut\WIDTH=32'00000000000000000000000000000011\LUT=8'00001000 for cells of type $lut.
Using template $paramod$lut\WIDTH=32'00000000000000000000000000000011\LUT=8'10001010 for cells of type $lut.
Using template $paramod$lut\WIDTH=32'00000000000000000000000000000011\LUT=8'00100011 for cells of type $lut.
Using template $paramod$82ed25b11a6a11eb861f4dd3d46f5fc9aa1eebaf$lut for cells of type $lut.
Using template $paramod$41326ad8644342a66dfb051d050f2b6fbf15015b$lut for cells of type $lut.
Using template $paramod$lut\WIDTH=32'00000000000000000000000000000011\LUT=8'00000111 for cells of type $lut.
Using template $paramod$8e44661def013b6bf9fe6f8b049ef2c838d749f9$lut for cells of type $lut.
Using template $paramod$lut\WIDTH=32'00000000000000000000000000000010\LUT=4'1101 for cells of type $lut.
Using template $paramod$lut\WIDTH=32'00000000000000000000000000000010\LUT=4'1110 for cells of type $lut.
Using template $paramod$lut\WIDTH=32'00000000000000000000000000000011\LUT=8'01101001 for cells of type $lut.
Using template $paramod$2d07c1a6c53c7b878509360922c4fa5ebedc3011$lut for cells of type $lut.
Using template $paramod$lut\WIDTH=32'00000000000000000000000000000011\LUT=8'10110101 for cells of type $lut.
Using template $paramod$b2192df6f90569fea4015d0a6658bdc192199f95$lut for cells of type $lut.
Using template $paramod$891d17c049ef97ffbed57a5d4edf3f9e83d4f776$lut for cells of type $lut.
Using template $paramod$4c062300547baeb0db28d20d7e66bbb462805fa5$lut for cells of type $lut.
Using template $paramod$ea5280fce2698f0f291737e66fca69a1d9d058e1$lut for cells of type $lut.
Using template $paramod$bc9180cdfcd49ad6f178d338e90551ccba0f90ae$lut for cells of type $lut.
Using template $paramod$lut\WIDTH=32'00000000000000000000000000000011\LUT=8'11001000 for cells of type $lut.
Using template $paramod$lut\WIDTH=32'00000000000000000000000000000011\LUT=8'10001111 for cells of type $lut.
Using template $paramod$873c285bdccf0ac2b60d2304ea5cd14bf211d2a6$lut for cells of type $lut.
Using template $paramod$ed7c2114137350227a95d36eacb018e373765cc2$lut for cells of type $lut.
Using template $paramod$5552b23a89809fed2b1588e8f91bb3893be2e6ce$lut for cells of type $lut.
Using template $paramod$11ec7271d8e6e5aeaace08c13e4c601f10e31038$lut for cells of type $lut.
Using template $paramod$lut\WIDTH=32'00000000000000000000000000000011\LUT=8'10001100 for cells of type $lut.
Using template $paramod$lut\WIDTH=32'00000000000000000000000000000011\LUT=8'01001111 for cells of type $lut.
Using template $paramod$f8f63b209b7230e81958663ff24fef1613156af7$lut for cells of type $lut.
Using template $paramod$f5c118b1371bfc24986fe89a9f3e936c05edfbc3$lut for cells of type $lut.
Using template $paramod$lut\WIDTH=32'00000000000000000000000000000010\LUT=4'0111 for cells of type $lut.
Using template $paramod$c6a0421f5b5114b68e9782f0585d571421cf8f01$lut for cells of type $lut.
Using template $paramod$e5e9da8fed769f971686eed8c5eea50e61f73aaa$lut for cells of type $lut.
Using template $paramod$3a0a392069bc969f34c65c546a8c56fbbb67e282$lut for cells of type $lut.
Using template $paramod$af01034afe1bdbc87587d263805971d96e724ed7$lut for cells of type $lut.
Using template $paramod$lut\WIDTH=32'00000000000000000000000000000011\LUT=8'11100010 for cells of type $lut.
Using template $paramod$lut\WIDTH=32'00000000000000000000000000000011\LUT=8'11011000 for cells of type $lut.
Using template $paramod$47a8214374025465e226fa66bee690ff33268a25$lut for cells of type $lut.
Using template $paramod$c7754eeb17b54dfe53ea4a973db3714d78ced2f9$lut for cells of type $lut.
Using template $paramod$c9b834dc9c2f376b2a44311c706cb34f7f0a4014$lut for cells of type $lut.
Using template $paramod$48ed08ac863093cb81be5bfb1a860b60659d37e0$lut for cells of type $lut.
Using template $paramod$lut\WIDTH=32'00000000000000000000000000000011\LUT=8'00010011 for cells of type $lut.
Using template $paramod$adc0b354bb960519a616db7423a6274fc380540e$lut for cells of type $lut.
Using template $paramod$79364b9974cfc81fb54c164d10340bf9c7bccd7f$lut for cells of type $lut.
Using template $paramod$82b4a585d1edcb5c6e755dc9bd3392228a1c1304$lut for cells of type $lut.
Using template $paramod$546e7058455ceb43ea5ad2690dc4a23d958e04ec$lut for cells of type $lut.
Using template $paramod$e9fc3a51668bf60146804380d8328cabcfceef36$lut for cells of type $lut.
Using template $paramod$0ee0167fb5dd83bdfe7197fff23e2c7146c57037$lut for cells of type $lut.
Using template $paramod$efc60783c939ae41b2f3555af407b17c007b27f8$lut for cells of type $lut.
Using template $paramod$75d5c453cca75cc7a7ca320c4fb7be0932b6aaa7$lut for cells of type $lut.
Using template $paramod$1be3a10aca64bc8b3d140a9dcfb9bac7a6744be9$lut for cells of type $lut.
Using template $paramod$517625bf4a7b846fd553901d881a35fcc8afe4c4$lut for cells of type $lut.
Using template $paramod$4d5682dd6afedfd6df0816b3bca3365bbde91748$lut for cells of type $lut.
Using template $paramod$364c9ffbffac467d60dfec81bba4e18476c15602$lut for cells of type $lut.
Using template $paramod$20235ca863361fbc253329cfc7eeea38c77404dc$lut for cells of type $lut.
Using template $paramod$lut\WIDTH=32'00000000000000000000000000000011\LUT=8'11001010 for cells of type $lut.
Using template $paramod$0c5a54c406cdb1ed108583f5d43071050a5e4d5c$lut for cells of type $lut.
Using template $paramod$3f9a3800e34bd795630a4eaf44b2e1d4a7f48a74$lut for cells of type $lut.
Using template $paramod$aaf2ef5cf75121bbc717334d538c8a2de3e26e03$lut for cells of type $lut.
Using template $paramod$e1735d0804484e51215b022408880d9924ceca39$lut for cells of type $lut.
Using template $paramod$5348912da867a611a8088b6b8b27a62d65f1de6e$lut for cells of type $lut.
Using template $paramod$e53493f89400484e4e19015869a8a6f7d3804aa9$lut for cells of type $lut.
Using template $paramod$999f605d750567959edab1f1540f58f5f587176d$lut for cells of type $lut.
Using template $paramod$e5758a88c2c156ccb3037f71a73d1b15af5b310d$lut for cells of type $lut.
Using template $paramod$e84e4a245515000cd6930e0f4535753ed485f71e$lut for cells of type $lut.
Using template $paramod$bba54c1ef87367812b4c15f4aed5ac70773df775$lut for cells of type $lut.
Using template $paramod$ef23bc364ceee2a8dc5800c611734cfdf1fda657$lut for cells of type $lut.
Using template $paramod$lut\WIDTH=32'00000000000000000000000000000011\LUT=8'10001011 for cells of type $lut.
Using template $paramod$e484b1e0bd351ba5af34f5fd66a8e850cc5b8335$lut for cells of type $lut.
Using template $paramod$34a7d7df018811f082518cdd165bf90d0af0cf12$lut for cells of type $lut.
Using template $paramod$lut\WIDTH=32'00000000000000000000000000000011\LUT=8'10110011 for cells of type $lut.
Using template $paramod$9a269ffb0efb6ad342cb106a4e0636e23fdfd547$lut for cells of type $lut.
Using template $paramod$lut\WIDTH=32'00000000000000000000000000000011\LUT=8'00100111 for cells of type $lut.
Using template $paramod$3eb8805ccd6f91bad96dcbf190c2fb4f72f4634f$lut for cells of type $lut.
Using template $paramod$965f8f2fa1a796a6c51222eabb50fbd26e97d98b$lut for cells of type $lut.
Using template $paramod$05ac1639ab7543654a2476d11c1711de01f760e6$lut for cells of type $lut.
Using template $paramod$2902eb8ec3ca272968b5d8a7010e48f85069ed0f$lut for cells of type $lut.
Using template $paramod$3b56205e0e57b3ea26d80fc7983017f83663129e$lut for cells of type $lut.
Using template $paramod$b812877c6826ca7c644c48fb02bb69a3ab237674$lut for cells of type $lut.
Using template $paramod$lut\WIDTH=32'00000000000000000000000000000010\LUT=4'1011 for cells of type $lut.
Using template $paramod$lut\WIDTH=32'00000000000000000000000000000011\LUT=8'00111011 for cells of type $lut.
Using template $paramod$lut\WIDTH=32'00000000000000000000000000000011\LUT=8'00110111 for cells of type $lut.
Using template $paramod$lut\WIDTH=32'00000000000000000000000000000011\LUT=8'11011100 for cells of type $lut.
Using template $paramod$9e354de8d358bf081aa0c089488ea3bc5b7c2fd9$lut for cells of type $lut.
Using template $paramod$5e9374f44a27c3f8a1c38af244ec43ceb4fb8d4f$lut for cells of type $lut.
Using template $paramod$86d1a43c2f1d620ff2cef866448dd1258c868fad$lut for cells of type $lut.
Using template $paramod$8512f4fb47fa9596f76cdbe5b407a5b54df368e7$lut for cells of type $lut.
Using template $paramod$e134ec2a47a2462a591072e65d34fb15b81c90e0$lut for cells of type $lut.
Using template $paramod$b26fbfdb68e98cf016d61a8611b449e9f4a30f3c$lut for cells of type $lut.
Using template $paramod$lut\WIDTH=32'00000000000000000000000000000011\LUT=8'11001011 for cells of type $lut.
Using template $paramod$e8b1383c6901b56df73ac402d78a5e0a42461be0$lut for cells of type $lut.
Using template $paramod$a50be0e6fa3a01511bb234559cb74fb8bd3e2061$lut for cells of type $lut.
Using template $paramod$84abafac600770dbecbd08e858f90b0a8d019d50$lut for cells of type $lut.
Using template $paramod$436f5b2a701f46b4f2c40432561ff700e1d0a2c0$lut for cells of type $lut.
Using template $paramod$lut\WIDTH=32'00000000000000000000000000000011\LUT=8'11110001 for cells of type $lut.
Using template $paramod$c2c7fe860c90cfc70af61d39029863cfb8b6f377$lut for cells of type $lut.
Using template $paramod$e46703b423a661cd7d311c41833ea655969702cc$lut for cells of type $lut.
Using template $paramod$3ae9f1cda205b669870c653a21d45eee50078e98$lut for cells of type $lut.
Using template $paramod$lut\WIDTH=32'00000000000000000000000000000011\LUT=8'01001110 for cells of type $lut.
Using template $paramod$e4b832d686d12318ec0715f027fe549b42e45c20$lut for cells of type $lut.
Using template $paramod$70f68cc10fbeada9b6fa90c3bb75475e348ca467$lut for cells of type $lut.
Using template $paramod$9264cd5418c36d754331aa206e64072e8dbf89db$lut for cells of type $lut.
Using template $paramod$723be7177967d6866729df0ff463a602326a012e$lut for cells of type $lut.
Using template $paramod$70a934594406e8042bf2854c778fef542ef3ea5f$lut for cells of type $lut.
Using template $paramod$lut\WIDTH=32'00000000000000000000000000000011\LUT=8'11100100 for cells of type $lut.
Using template $paramod$a1d323730045824cfc84bb9f4ee8031f1c4dcc9e$lut for cells of type $lut.
Using template $paramod$15d3dd50cc31557057274aea687fe2a8296cd155$lut for cells of type $lut.
Using template $paramod$lut\WIDTH=32'00000000000000000000000000000011\LUT=8'01110101 for cells of type $lut.
Using template $paramod$2e7a95e82db1d690ae9ba5d10f68b175fa2cb467$lut for cells of type $lut.
Using template $paramod$d7000ef28613a7c4cd7cae18a6a1700e834c0c9e$lut for cells of type $lut.
Using template $paramod$018d71a0fe325d6362687fe53ac13dd6340e400d$lut for cells of type $lut.
Using template $paramod$9998c61c50285bf1d3dc1a1ed624f8f310df58c4$lut for cells of type $lut.
Using template $paramod$87d995c9509899eb095b19b358f1d0ee4e974b2d$lut for cells of type $lut.
Using template $paramod$b12c06dcea4e94212d81ae51560e40391ac83400$lut for cells of type $lut.
Using template $paramod$58df2c605746858c7e53492c8f57d6f1fafa12d2$lut for cells of type $lut.
Using template $paramod$31114d87be01f977936de4d238d2be8c5bca7194$lut for cells of type $lut.
Using template $paramod$38f9bf4dd2329347b8471f0a98443dd323386889$lut for cells of type $lut.
Using template $paramod$6be53ab59e0a69757fc32adb071ddcb64e8c87b6$lut for cells of type $lut.
Using template $paramod$620586420e818d3afa7e5b51fcf19f5c6ea83ad4$lut for cells of type $lut.
Using template $paramod$b287726797d0722f64e731f1134f7c05af8f1578$lut for cells of type $lut.
Using template $paramod$lut\WIDTH=32'00000000000000000000000000000011\LUT=8'00101111 for cells of type $lut.
Using template $paramod$7d813eb49700f971f2635a434700eafdfa816bc3$lut for cells of type $lut.
Using template $paramod$64b84593fae19d6c4d7d26333a195e5cc6b30160$lut for cells of type $lut.
Using template $paramod$bea08a495d16293f8cc454a45845d26cde0762b6$lut for cells of type $lut.
Using template $paramod$1780bd352ec1af971e2f8a4e64b861091a94595b$lut for cells of type $lut.
Using template $paramod$992bdc10cff2c6edd722994f0e1044bc863f79f7$lut for cells of type $lut.
Using template $paramod$d6ca727e39f31d51d29072e0f33aa09c65e37336$lut for cells of type $lut.
Using template $paramod$lut\WIDTH=32'00000000000000000000000000000011\LUT=8'11101111 for cells of type $lut.
Using template $paramod$498daa9936ffa1c0b12d774cacc95a35d14b818e$lut for cells of type $lut.
Using template $paramod$lut\WIDTH=32'00000000000000000000000000000011\LUT=8'11110010 for cells of type $lut.
Using template $paramod$f41ad5097d9f0f76cacde91c023873087e38be33$lut for cells of type $lut.
Using template $paramod$e4f8d81c24db5be4d13730546a4ee5ffc8be826a$lut for cells of type $lut.
Using template $paramod$lut\WIDTH=32'00000000000000000000000000000011\LUT=8'01010010 for cells of type $lut.
Using template $paramod$lut\WIDTH=32'00000000000000000000000000000011\LUT=8'10111111 for cells of type $lut.
Using template $paramod$176a6ceafa512d807921d7dfc76320dfbbfb5fe4$lut for cells of type $lut.
Using template $paramod$a2fbe7162371720a9cacb366ff4e9708d3a1f291$lut for cells of type $lut.
Using template $paramod$6de442abe246ff8c0692702d40d84ce1c07479d9$lut for cells of type $lut.
Using template $paramod$23c406d3302544ed79a645df17e697e360ff2a8d$lut for cells of type $lut.
Using template $paramod$b94111b2ae4536db9aef7e959ece9b51fe2d1edf$lut for cells of type $lut.
Using template $paramod$764f077a69bdc32449880eb7993086f6ef26b3ee$lut for cells of type $lut.
Using template $paramod$359fe4e746656bf9c72aecaff84fc7bdea9f55a5$lut for cells of type $lut.
Using template $paramod$7883547d2f6fa3a72889a7bcc143227c28d0318a$lut for cells of type $lut.
Using template $paramod$091020fc4c81b92d40cf9301ee038f3ac6e03908$lut for cells of type $lut.
Using template $paramod$e85b6eba0dacefc5f73f8748159b8b9599212afc$lut for cells of type $lut.
Using template $paramod$2de23df76a24087ecc0fa38a78ecc970cd3f2492$lut for cells of type $lut.
Using template $paramod$8b24407096beec47292ddeb1567a058197a320b9$lut for cells of type $lut.
Using template $paramod$3f1902fc3f0b2933ccafdaca77cf77fabde31645$lut for cells of type $lut.
Using template $paramod$lut\WIDTH=32'00000000000000000000000000000011\LUT=8'00110010 for cells of type $lut.
Using template $paramod$58685d136f916910674b7cdb559b8c116c3484e1$lut for cells of type $lut.
Using template $paramod$66e741791413519a466d4f44240bc83d3a191818$lut for cells of type $lut.
Using template $paramod$6230360d3448cb863f2f259c28a1234ced7c698b$lut for cells of type $lut.
Using template $paramod$d9f23974f72a3ab437d1a63d2f34fd3483a6f58d$lut for cells of type $lut.
Using template $paramod$4658fedcd7ebe2858c93f54b88221dcf68c6bb6c$lut for cells of type $lut.
Using template $paramod$fda6887b37f599177ed9cb69271d882b63df7e66$lut for cells of type $lut.
Using template $paramod$lut\WIDTH=32'00000000000000000000000000000011\LUT=8'01110000 for cells of type $lut.
Using template $paramod$ab9e2dbf312b614b00e2956932705316bd566a24$lut for cells of type $lut.
Using template $paramod$66658cbed86a8310f9b7ba1190d35eff90ee749b$lut for cells of type $lut.
Using template $paramod$608f40069c27841a5b3bdf03643a34bdc8974072$lut for cells of type $lut.
Using template $paramod$1632c1c0242796acfc963a05742c4acd2f475c4e$lut for cells of type $lut.
Using template $paramod$179512a187da069f3b79ef6612a41e494e7d54b6$lut for cells of type $lut.
Using template $paramod$37c9af120c85145419565a9ccf4ceb7397fbbe92$lut for cells of type $lut.
Using template $paramod$18df3812bc12364e5ebcb6c3ed05c0294e4c26fc$lut for cells of type $lut.
Using template $paramod$a4640096cbef09c4ef8613155a589c40164ac034$lut for cells of type $lut.
Using template $paramod$b2e8d279775d333b39e310bd45fd5952acdde290$lut for cells of type $lut.
Using template $paramod$lut\WIDTH=32'00000000000000000000000000000011\LUT=8'11110111 for cells of type $lut.
Using template $paramod$833582361e14b3ee2e66ad676022ab35d7aa7e28$lut for cells of type $lut.
Using template $paramod$9085b12d8ba976889f5f19665d793e2ee93c26a6$lut for cells of type $lut.
Using template $paramod$20aecb9a781743d0e93608b1c1e7d62ffc3a69a9$lut for cells of type $lut.
Using template $paramod$e6b62369302e1a57b32042fd2a7836dbed452325$lut for cells of type $lut.
Using template $paramod$c2ec04e79a837992e22a44516a441e33767962c2$lut for cells of type $lut.
Using template $paramod$daac9b1e7bb2ac018f7132a3fbe0026ddd7b1a71$lut for cells of type $lut.
Using template $paramod$b18f60dfd13c21d3e472b89652353f3f5342b450$lut for cells of type $lut.
Using template $paramod$dbdbcb07b9994e498bb1324e5c006c6aa08a7a37$lut for cells of type $lut.
Using template $paramod$097592bb16245531f0716c5ddb18d7090f9c7d9d$lut for cells of type $lut.
Using template $paramod$4fd3428c4b8b1accf8f8fb4bb88555a2b5fa688d$lut for cells of type $lut.
Using template $paramod$219b71aec9a19e7a27754ed85a7d6cdad9e5ec96$lut for cells of type $lut.
Using template $paramod$lut\WIDTH=32'00000000000000000000000000000011\LUT=8'11000100 for cells of type $lut.
Using template $paramod$58bd588a49a6a3b9d057d75f907cb4932e1635f6$lut for cells of type $lut.
Using template $paramod$1c4dba04c7b1b6f9ae2fbd2ebcdbd37f5c14a3e3$lut for cells of type $lut.
Using template $paramod$6b0849254d6c87461fb93e37cc18f089f61eb912$lut for cells of type $lut.
Using template $paramod$286ed3273cbe066b6afe10d043ec3b66405aa78e$lut for cells of type $lut.
Using template $paramod$5d16e795d6c582b27c818459b159f81a7f4525c4$lut for cells of type $lut.
Using template $paramod$f5c23b297b0a8ca096118d63d2c74ddd6cbea134$lut for cells of type $lut.
Using template $paramod$8cac5452d526045503c5864c3a1dac0121c7053e$lut for cells of type $lut.
Using template $paramod$lut\WIDTH=32'00000000000000000000000000000011\LUT=8'10100010 for cells of type $lut.
Using template $paramod$c11ee6bbb8d9fd9cf391261624c378fb45e86b84$lut for cells of type $lut.
Using template $paramod$c5f3c57a6d466a2f42208bafb8985b96ce884440$lut for cells of type $lut.
Using template $paramod$1bf62ab10e48d71d6497bccacf5c70420c470fe9$lut for cells of type $lut.
Using template $paramod$a1cfe99817bd6d57a83efd5e1c3fc26a743b692f$lut for cells of type $lut.
Using template $paramod$5321e04f7ce32c091123c3570ab562efb1c81402$lut for cells of type $lut.
Using template $paramod$c217e185eb8e6463ca272982ba8c5940fa90d81f$lut for cells of type $lut.
Using template $paramod$e51a8a571bee774247b38f52d6e85fd62ae52cea$lut for cells of type $lut.
Using template $paramod$de5328836923c44c99600bcab852423201246f91$lut for cells of type $lut.
Using template $paramod$f65af1b660a013aeaba9a5dc41e6bdede642e3c3$lut for cells of type $lut.
Using template $paramod$581b84176f11a18f327b1ea6c43637b3f5543297$lut for cells of type $lut.
Using template $paramod$fb5ee0bdef1c4e74aaf1fd8efae98b46a2f5e564$lut for cells of type $lut.
Using template $paramod$lut\WIDTH=32'00000000000000000000000000000011\LUT=8'10101000 for cells of type $lut.
Using template $paramod$722bfd9af0ae56ca9d1d12a221cb5ede16461f26$lut for cells of type $lut.
Using template $paramod$27dd7ea71d2126c74d85758e5a06b7f432d9242f$lut for cells of type $lut.
Using template $paramod$1bf3509a544426de1daa8b6919ee1df60c7165ec$lut for cells of type $lut.
Using template $paramod$lut\WIDTH=32'00000000000000000000000000000011\LUT=8'11110100 for cells of type $lut.
Using template $paramod$9d1915f40715c7f715525567f7dfd63744c26c4a$lut for cells of type $lut.
Using template $paramod$0aae27145afd1348566af63c85046495acb0e0d8$lut for cells of type $lut.
Using template $paramod$7f8dcbbcc0931c3398304053d9bb53ce1acb1b1f$lut for cells of type $lut.
Using template $paramod$b80e608920ce9cfa1f5c7d21df7a72954e9b0a70$lut for cells of type $lut.
Using template $paramod$d1032742ec04a96120907f1309e2e941c94de9db$lut for cells of type $lut.
Using template $paramod$28ba90bb95963b63750b27cda749dbcd75757c3a$lut for cells of type $lut.
Using template $paramod$252d8d99cbe8f7e2bb8d8358f16e75038191a2fe$lut for cells of type $lut.
Using template $paramod$1b53a9695a0f80de7517b50863b438fd2b7f56da$lut for cells of type $lut.
Using template $paramod$lut\WIDTH=32'00000000000000000000000000000011\LUT=8'00000110 for cells of type $lut.
Using template $paramod$lut\WIDTH=32'00000000000000000000000000000011\LUT=8'11111011 for cells of type $lut.
Using template $paramod$432f26b811c14bf54c5e87c8670ec65cbcaf38ac$lut for cells of type $lut.
Using template $paramod$7d3cbfc289ec00e0691f33de08826f2254fca668$lut for cells of type $lut.
Using template $paramod$b431bfd938e35871dd0b7668e1503c7e8b9d491c$lut for cells of type $lut.
Using template $paramod$bb4fff1cc3b827238aa40993cafede1c5beecbe3$lut for cells of type $lut.
Using template $paramod$6d473153bc0717e92e23b21a92c71fa7e337bf4b$lut for cells of type $lut.
Using template $paramod$a56cc1380a3f51ce3bfe0cd6b0c2704227c2b267$lut for cells of type $lut.
Using template $paramod$lut\WIDTH=32'00000000000000000000000000000011\LUT=8'01010100 for cells of type $lut.
Using template $paramod$lut\WIDTH=32'00000000000000000000000000000011\LUT=8'01110010 for cells of type $lut.
Using template $paramod$f9df0bb8fc3cbb332d575e165ec04d3cfd4c90ca$lut for cells of type $lut.
Using template $paramod$c79aec6bf66334ca918f85c196e004c918c371ef$lut for cells of type $lut.
Using template $paramod$78107355136c565d78c8ffe30e4a20f55dedc5b7$lut for cells of type $lut.
Using template $paramod$lut\WIDTH=32'00000000000000000000000000000011\LUT=8'00011111 for cells of type $lut.
Using template $paramod$f3b603d1450c2c61ce732232fcb5fe1f2884aa83$lut for cells of type $lut.
Using template $paramod$52acd744af558b1acd7f06b0e1d721506b042b9b$lut for cells of type $lut.
Using template $paramod$fa874836ac64420bb7d9c67e99a0912e16a50ef2$lut for cells of type $lut.
Using template $paramod$4cab3b31c601551ff65536bf4f533afa0b2094ee$lut for cells of type $lut.
Using template $paramod$32abbd1d449a67fb913b4733374e345d4c17175b$lut for cells of type $lut.
Using template $paramod$f9862fc384130049aba0daf01b573a025832014a$lut for cells of type $lut.
Using template $paramod$6ffaa13445c33f3193b27ae6b9f5de8e6953d01b$lut for cells of type $lut.
Using template $paramod$3e9386ccff279159163720f27709d6c1649de9df$lut for cells of type $lut.
Using template $paramod$3cd7ba4e37ac845a21f7d679f20c35087949289b$lut for cells of type $lut.
Using template $paramod$c28a8b7ce0535d090c4cfb52e9c74affd52b110c$lut for cells of type $lut.
Using template $paramod$c35ad3063d5038410210ddc72c1fd5fed46413b4$lut for cells of type $lut.
Using template $paramod$ea2b11aca30aa162d3b93de07d97b9c1565643dd$lut for cells of type $lut.
Using template $paramod$cf52221ef2d451442dd7d72d5c8ad598e89310e9$lut for cells of type $lut.
Using template $paramod$5badc8ca96de1b551f459a4d2ca5dede8edf58ca$lut for cells of type $lut.
Using template $paramod$a20b0c093af372402eecf32644de5f0208303079$lut for cells of type $lut.
Using template $paramod$119af179f96b7067b572b52aeabad7e5df7062b8$lut for cells of type $lut.
Using template $paramod$e5759512db67494ff77fbdfc66dff4006376568f$lut for cells of type $lut.
Using template $paramod$529baf23c57d5ed871d62e547aaaa8bb53e364ce$lut for cells of type $lut.
Using template $paramod$a36debbcfde9e32a01ea5076ccf3d75225452c4d$lut for cells of type $lut.
Using template $paramod$71cfe6e19ddc6e812a1295585225c5141cd09837$lut for cells of type $lut.
Using template $paramod$a6ef2a845efd4ff0d96bc4fd2f06cc3516fa63ff$lut for cells of type $lut.
Using template $paramod$f71cd4e12d252829a6db80287a07ec7f20c3e099$lut for cells of type $lut.
Using template $paramod$lut\WIDTH=32'00000000000000000000000000000011\LUT=8'10101100 for cells of type $lut.
Using template $paramod$lut\WIDTH=32'00000000000000000000000000000011\LUT=8'10111000 for cells of type $lut.
Using template $paramod$9dfe2a25d99d8640a9f67a2438aaca85b684d257$lut for cells of type $lut.
Using template $paramod$ffc80aea4aa44f0166b2d4713ba5912f56e92991$lut for cells of type $lut.
Using template $paramod$2ea69c779d6c1b79ac5a87b0d1523c67d5628dba$lut for cells of type $lut.
Using template $paramod$675de7bc26f5fd6e313b49472a6d2b01e32ece41$lut for cells of type $lut.
Using template $paramod$5dd0a747ca3c1c3f3fa5939c11607b40c5c78b01$lut for cells of type $lut.
Using template $paramod$47b1691cce9d3422c6243f646236643e13e69f0c$lut for cells of type $lut.
Using template $paramod$09308a9fa8ec6fc2d880580c8a906974539d34c5$lut for cells of type $lut.
Using template $paramod$lut\WIDTH=32'00000000000000000000000000000011\LUT=8'10000010 for cells of type $lut.
Using template $paramod$c24ed72ebb67e9ead6029e42e909ef7fc0abbb11$lut for cells of type $lut.
Using template $paramod$lut\WIDTH=32'00000000000000000000000000000011\LUT=8'01101100 for cells of type $lut.
Using template $paramod$9c431b511c06506f9a1ef92ce73352313a62b2bd$lut for cells of type $lut.
Using template $paramod$54e89055655d38747956575ce9272fcf82ea7df3$lut for cells of type $lut.
Using template $paramod$f4c73d849f7d47805ca1aefb950c4e26e4eae9d0$lut for cells of type $lut.
Using template $paramod$386cf08f680cb3ab0ba2805866085278828ff264$lut for cells of type $lut.
Using template $paramod$6b7c9c56fc2a32a479d463d5f3b0d3f4673b67f1$lut for cells of type $lut.
Using template $paramod$4b4b0d164889d1f0429c06b8785349a50e11c667$lut for cells of type $lut.
Using template $paramod$101238f3d8d49ab12a9b49a2f01cd503b26e9c61$lut for cells of type $lut.
Using template $paramod$lut\WIDTH=32'00000000000000000000000000000011\LUT=8'00111010 for cells of type $lut.
Using template $paramod$e57bcb018bfe8170bc04f13a73befe2def28cdf3$lut for cells of type $lut.
Using template $paramod$4b2297966ddb718657b80566604f97685ffc0120$lut for cells of type $lut.
Using template $paramod$lut\WIDTH=32'00000000000000000000000000000011\LUT=8'00110101 for cells of type $lut.
Using template $paramod$326c2fc283a7360e9e01c763660cc5ca90f79ca6$lut for cells of type $lut.
Using template $paramod$5c32c59025c0b98f20e63f249d83e7ebb4b085e3$lut for cells of type $lut.
Using template $paramod$67be80acf92b4861aed3d8085a5bb296f128f875$lut for cells of type $lut.
Using template $paramod$d546db88fc169832512e499a9cdf9a41b89ab74e$lut for cells of type $lut.
Using template $paramod$6375ab94b303a3f3c8d7ca6946328cb3c0b443a7$lut for cells of type $lut.
Using template $paramod$960b4271c8042b88f5852a4a391568b02eee5e34$lut for cells of type $lut.
Using template $paramod$e9c77024ca501b890c641f9c0b10e27242db8730$lut for cells of type $lut.
Using template $paramod$7ea2352f8f054781a715aeddf3e67f1db65f005a$lut for cells of type $lut.
Using template $paramod$b2a3e83d3d676c54f393090154e32935aea147d1$lut for cells of type $lut.
Using template $paramod$9890827f9883f356186dc5fdb71c872691b3d72d$lut for cells of type $lut.
Using template $paramod$3f6d9d99ea7ef3b700f056470f3d63fc0240b099$lut for cells of type $lut.
Using template $paramod$5c7d886f3b88971ac55fed4bca034a87bf180f7d$lut for cells of type $lut.
Using template $paramod$d5c7dda3e544463bf43ed73dadb51262f5dcf2fe$lut for cells of type $lut.
Using template $paramod$9f1c552f96b6e6f007b69c5b267b2c79c16f4e58$lut for cells of type $lut.
Using template $paramod$4834046533425f54583d6bd31e49deb63455e1a5$lut for cells of type $lut.
Using template $paramod$22401499cdd44f3533d03c4b246566376c46a67b$lut for cells of type $lut.
Using template $paramod$81d8a60fd95b1a9f9ef71c12a774ae6988cb9fd5$lut for cells of type $lut.
Using template $paramod$4853050665c020c8d21fb1a749196950a09d9df8$lut for cells of type $lut.
Using template $paramod$5a3b726670ce434c27ab6d39e16edfbe9baa03b2$lut for cells of type $lut.
Using template $paramod$7798ae5999ac09d10a035fef0208a8c02aa8e843$lut for cells of type $lut.
Using template $paramod$ff449a2edf0f2191204ad4ea2ec69b2ed1cf80d7$lut for cells of type $lut.
Using template $paramod$86a2012952f04cefa72e370aab0057e92dde5981$lut for cells of type $lut.
Using template $paramod$755dd8c6b516dae2c0a5f17dc582057c265a4793$lut for cells of type $lut.
Using template $paramod$181733d3e31dcdcea8c52d0a4fc252b3aa453564$lut for cells of type $lut.
Using template $paramod$a3077fa2cf8e48a37d410abdac8a7cce2583fbf3$lut for cells of type $lut.
Using template $paramod$15a361e9afe53d073e5f05a5a1fc7d88e6644bc6$lut for cells of type $lut.
Using template $paramod$2f57315134b6f779e7694c56dbd550e8a01a83b3$lut for cells of type $lut.
Using template $paramod$6d914a6a8dc54f49b4a7dcfda1d0ca3ca27f308e$lut for cells of type $lut.
Using template $paramod$7b809938766c3068dc017c276033f224fcfb7189$lut for cells of type $lut.
No more expansions possible.
<suppressed ~8193 debug messages>
Removed 0 unused cells and 7504 unused wires.

7.53. Executing AUTONAME pass.
Renamed 8681 objects in module icebreaker (1049 iterations).
<suppressed ~8681 debug messages>

7.54. Executing HIERARCHY pass (managing design hierarchy).
Attribute `top' found on module `icebreaker'. Setting top module to icebreaker.

7.54.1. Analyzing design hierarchy..
Top module:  \icebreaker

7.54.2. Analyzing design hierarchy..
Top module:  \icebreaker
Removed 0 unused modules.

7.55. Printing statistics.

=== icebreaker ===

        +----------Local Count, excluding submodules.
        | 
     3664 wires
    10420 wire bits
     3664 public wires
    10420 public wire bits
       24 ports
       24 port bits
       28 cells
       12   $scopeinfo
        4   SB_IO
        4   SB_MAC16
        4   SB_RAM40_4K
        4   SB_SPRAM256KA
     5386 submodules
      769   SB_CARRY
      184   SB_DFF
      436   SB_DFFE
      359   SB_DFFESR
       67   SB_DFFESS
        4   SB_DFFN
      235   SB_DFFSR
        4   SB_DFFSS
     3328   SB_LUT4

=== design hierarchy ===

        +----------Count including submodules.
        | 
       28 icebreaker

        +----------Count including submodules.
        | 
     3664 wires
    10420 wire bits
     3664 public wires
    10420 public wire bits
       24 ports
       24 port bits
        - memories
        - memory bits
        - processes
       28 cells
       12   $scopeinfo
        4   SB_IO
        4   SB_MAC16
        4   SB_RAM40_4K
        4   SB_SPRAM256KA
     5386 submodules
      769   SB_CARRY
      184   SB_DFF
      436   SB_DFFE
      359   SB_DFFESR
       67   SB_DFFESS
        4   SB_DFFN
      235   SB_DFFSR
        4   SB_DFFSS
     3328   SB_LUT4

7.56. Executing CHECK pass (checking for obvious problems).
Checking module icebreaker...
Found and reported 0 problems.

7.57. Executing JSON backend.

Warnings: 4 unique messages, 4 total
End of script. Logfile hash: 2568035892, CPU: user 6.90s system 0.09s, MEM: 336.71 MB peak
Yosys 0.63+97 (git sha1 1111a401f, clang++ 18.1.8 -fPIC -O3)
Time spent: 26% 1x autoname (2 sec), 19% 1x abc9_exe (1 sec), ...
