
 /----------------------------------------------------------------------------\
 |  yosys -- Yosys Open SYnthesis Suite                                       |
 |  Copyright (C) 2012 - 2026  Claire Xenia Wolf <claire@yosyshq.com>         |
 |  Distributed under an ISC-like license, type "license" to see terms        |
 \----------------------------------------------------------------------------/
 Yosys 0.63+97 (git sha1 1111a401f, clang++ 18.1.8 -fPIC -O3)

-- Parsing `icebreaker.v' using frontend ` -vlog2k' --

1. Executing Verilog-2005 frontend: icebreaker.v
Parsing Verilog input from `icebreaker.v' to AST representation.
Storing AST representation for module `$abstract\icebreaker'.
Storing AST representation for module `$abstract\seven_seg_ctrl'.
Storing AST representation for module `$abstract\seven_seg_hex'.
Successfully finished Verilog frontend.

-- Parsing `ice40up5k_spram.v' using frontend ` -vlog2k' --

2. Executing Verilog-2005 frontend: ice40up5k_spram.v
Parsing Verilog input from `ice40up5k_spram.v' to AST representation.
Storing AST representation for module `$abstract\ice40up5k_spram'.
Successfully finished Verilog frontend.

-- Parsing `spimemio.v' using frontend ` -vlog2k' --

3. Executing Verilog-2005 frontend: spimemio.v
Parsing Verilog input from `spimemio.v' to AST representation.
Storing AST representation for module `$abstract\spimemio'.
Storing AST representation for module `$abstract\spimemio_xfer'.
Successfully finished Verilog frontend.

-- Parsing `simpleuart.v' using frontend ` -vlog2k' --

4. Executing Verilog-2005 frontend: simpleuart.v
Parsing Verilog input from `simpleuart.v' to AST representation.
Storing AST representation for module `$abstract\simpleuart'.
Successfully finished Verilog frontend.

-- Parsing `picosoc.v' using frontend ` -vlog2k' --

5. Executing Verilog-2005 frontend: picosoc.v
Parsing Verilog input from `picosoc.v' to AST representation.
Storing AST representation for module `$abstract\picosoc'.
Storing AST representation for module `$abstract\spimem_cache_forward'.
Storing AST representation for module `$abstract\spimem_cache_direct_mapped'.
Storing AST representation for module `$abstract\spimem_cache_random'.
Storing AST representation for module `$abstract\spimem_cache_fifo'.
Storing AST representation for module `$abstract\picosoc_regs'.
Storing AST representation for module `$abstract\picosoc_mem'.
Successfully finished Verilog frontend.

-- Parsing `../picorv32.v' using frontend ` -vlog2k' --

6. Executing Verilog-2005 frontend: ../picorv32.v
Parsing Verilog input from `../picorv32.v' to AST representation.
Storing AST representation for module `$abstract\picorv32'.
Storing AST representation for module `$abstract\picorv32_regs'.
Storing AST representation for module `$abstract\picorv32_pcpi_mul'.
Storing AST representation for module `$abstract\picorv32_pcpi_fast_mul'.
Storing AST representation for module `$abstract\picorv32_pcpi_div'.
Storing AST representation for module `$abstract\picorv32_axi'.
Storing AST representation for module `$abstract\picorv32_axi_adapter'.
Storing AST representation for module `$abstract\picorv32_wb'.
Successfully finished Verilog frontend.

-- Running command `synth_ice40 -dsp -top icebreaker -json icebreaker.json' --

7. Executing SYNTH_ICE40 pass.

7.1. Executing Verilog-2005 frontend: /homes/cl2033/oss-cad-suite/lib/../share/yosys/ice40/cells_sim.v
Parsing Verilog input from `/homes/cl2033/oss-cad-suite/lib/../share/yosys/ice40/cells_sim.v' to AST representation.
Generating RTLIL representation for module `\SB_IO'.
Generating RTLIL representation for module `\SB_GB_IO'.
Generating RTLIL representation for module `\SB_GB'.
Generating RTLIL representation for module `\SB_LUT4'.
Generating RTLIL representation for module `\SB_CARRY'.
Generating RTLIL representation for module `\SB_DFF'.
Generating RTLIL representation for module `\SB_DFFE'.
Generating RTLIL representation for module `\SB_DFFSR'.
Generating RTLIL representation for module `\SB_DFFR'.
Generating RTLIL representation for module `\SB_DFFSS'.
Generating RTLIL representation for module `\SB_DFFS'.
Generating RTLIL representation for module `\SB_DFFESR'.
Generating RTLIL representation for module `\SB_DFFER'.
Generating RTLIL representation for module `\SB_DFFESS'.
Generating RTLIL representation for module `\SB_DFFES'.
Generating RTLIL representation for module `\SB_DFFN'.
Generating RTLIL representation for module `\SB_DFFNE'.
Generating RTLIL representation for module `\SB_DFFNSR'.
Generating RTLIL representation for module `\SB_DFFNR'.
Generating RTLIL representation for module `\SB_DFFNSS'.
Generating RTLIL representation for module `\SB_DFFNS'.
Generating RTLIL representation for module `\SB_DFFNESR'.
Generating RTLIL representation for module `\SB_DFFNER'.
Generating RTLIL representation for module `\SB_DFFNESS'.
Generating RTLIL representation for module `\SB_DFFNES'.
Generating RTLIL representation for module `\SB_RAM40_4K'.
Generating RTLIL representation for module `\SB_RAM40_4KNR'.
Generating RTLIL representation for module `\SB_RAM40_4KNW'.
Generating RTLIL representation for module `\SB_RAM40_4KNRNW'.
Generating RTLIL representation for module `\ICESTORM_LC'.
Generating RTLIL representation for module `\SB_PLL40_CORE'.
Generating RTLIL representation for module `\SB_PLL40_PAD'.
Generating RTLIL representation for module `\SB_PLL40_2_PAD'.
Generating RTLIL representation for module `\SB_PLL40_2F_CORE'.
Generating RTLIL representation for module `\SB_PLL40_2F_PAD'.
Generating RTLIL representation for module `\SB_WARMBOOT'.
Generating RTLIL representation for module `\SB_SPRAM256KA'.
Generating RTLIL representation for module `\SB_HFOSC'.
Generating RTLIL representation for module `\SB_LFOSC'.
Generating RTLIL representation for module `\SB_RGBA_DRV'.
Generating RTLIL representation for module `\SB_LED_DRV_CUR'.
Generating RTLIL representation for module `\SB_RGB_DRV'.
Generating RTLIL representation for module `\SB_I2C'.
Generating RTLIL representation for module `\SB_SPI'.
Generating RTLIL representation for module `\SB_LEDDA_IP'.
Generating RTLIL representation for module `\SB_FILTER_50NS'.
Generating RTLIL representation for module `\SB_IO_I3C'.
Generating RTLIL representation for module `\SB_IO_OD'.
Generating RTLIL representation for module `\SB_MAC16'.
Generating RTLIL representation for module `\ICESTORM_RAM'.
Successfully finished Verilog frontend.

7.2. Executing HIERARCHY pass (managing design hierarchy).

7.3. Executing AST frontend in derive mode using pre-parsed AST for module `\icebreaker'.
Generating RTLIL representation for module `\icebreaker'.

7.3.1. Analyzing design hierarchy..
Top module:  \icebreaker
Parameter \BARREL_SHIFTER = 0
Parameter \ENABLE_MUL = 0
Parameter \ENABLE_DIV = 0
Parameter \ENABLE_FAST_MUL = 1
Parameter \MEM_WORDS = 32768

7.3.2. Executing AST frontend in derive mode using pre-parsed AST for module `\picosoc'.
Parameter \BARREL_SHIFTER = 0
Parameter \ENABLE_MUL = 0
Parameter \ENABLE_DIV = 0
Parameter \ENABLE_FAST_MUL = 1
Parameter \MEM_WORDS = 32768
Generating RTLIL representation for module `$paramod$f03d4e23a3a44173f9a2edec4a46578428035902\picosoc'.

7.3.3. Executing AST frontend in derive mode using pre-parsed AST for module `\seven_seg_ctrl'.
Generating RTLIL representation for module `\seven_seg_ctrl'.

7.3.4. Analyzing design hierarchy..
Top module:  \icebreaker
Used module:     $paramod$f03d4e23a3a44173f9a2edec4a46578428035902\picosoc
Used module:     \seven_seg_ctrl

7.3.5. Executing AST frontend in derive mode using pre-parsed AST for module `\seven_seg_hex'.
Generating RTLIL representation for module `\seven_seg_hex'.
Parameter \WORDS = 32768

7.3.6. Executing AST frontend in derive mode using pre-parsed AST for module `\ice40up5k_spram'.
Parameter \WORDS = 32768
Generating RTLIL representation for module `$paramod\ice40up5k_spram\WORDS=s32'00000000000000001000000000000000'.

7.3.7. Executing AST frontend in derive mode using pre-parsed AST for module `\simpleuart'.
Generating RTLIL representation for module `\simpleuart'.

7.3.8. Executing AST frontend in derive mode using pre-parsed AST for module `\spimemio'.
Generating RTLIL representation for module `\spimemio'.

7.3.9. Executing AST frontend in derive mode using pre-parsed AST for module `\spimem_cache_direct_mapped'.
Generating RTLIL representation for module `\spimem_cache_direct_mapped'.
Parameter \ENABLE_COUNTERS = 1'1
Parameter \BARREL_SHIFTER = 1'0
Parameter \COMPRESSED_ISA = 1'0
Parameter \ENABLE_MUL = 1'0
Parameter \ENABLE_FAST_MUL = 1'1
Parameter \ENABLE_DIV = 1'0
Parameter \ENABLE_IRQ = 1
Parameter \ENABLE_IRQ_QREGS = 1'0
Parameter \PROGADDR_RESET = 1048576
Parameter \PROGADDR_IRQ = 0
Parameter \STACKADDR = 131072

7.3.10. Executing AST frontend in derive mode using pre-parsed AST for module `\picorv32'.
Parameter \ENABLE_COUNTERS = 1'1
Parameter \BARREL_SHIFTER = 1'0
Parameter \COMPRESSED_ISA = 1'0
Parameter \ENABLE_MUL = 1'0
Parameter \ENABLE_FAST_MUL = 1'1
Parameter \ENABLE_DIV = 1'0
Parameter \ENABLE_IRQ = 1
Parameter \ENABLE_IRQ_QREGS = 1'0
Parameter \PROGADDR_RESET = 1048576
Parameter \PROGADDR_IRQ = 0
Parameter \STACKADDR = 131072
Generating RTLIL representation for module `$paramod$d10354c6a96dde45072006c7ddf03c042761ad93\picorv32'.

7.3.11. Analyzing design hierarchy..
Top module:  \icebreaker
Used module:     $paramod$f03d4e23a3a44173f9a2edec4a46578428035902\picosoc
Used module:         $paramod\ice40up5k_spram\WORDS=s32'00000000000000001000000000000000
Used module:         \simpleuart
Used module:         \spimemio
Used module:         \spimem_cache_direct_mapped
Used module:         $paramod$d10354c6a96dde45072006c7ddf03c042761ad93\picorv32
Used module:     \seven_seg_ctrl
Used module:         \seven_seg_hex

7.3.12. Executing AST frontend in derive mode using pre-parsed AST for module `\spimemio_xfer'.
Generating RTLIL representation for module `\spimemio_xfer'.

7.3.13. Executing AST frontend in derive mode using pre-parsed AST for module `\picorv32_pcpi_fast_mul'.
Generating RTLIL representation for module `\picorv32_pcpi_fast_mul'.

7.3.14. Executing AST frontend in derive mode using pre-parsed AST for module `\picosoc_regs'.
Generating RTLIL representation for module `\picosoc_regs'.

7.3.15. Analyzing design hierarchy..
Top module:  \icebreaker
Used module:     $paramod$f03d4e23a3a44173f9a2edec4a46578428035902\picosoc
Used module:         $paramod\ice40up5k_spram\WORDS=s32'00000000000000001000000000000000
Used module:         \simpleuart
Used module:         \spimemio
Used module:             \spimemio_xfer
Used module:         \spimem_cache_direct_mapped
Used module:         $paramod$d10354c6a96dde45072006c7ddf03c042761ad93\picorv32
Used module:             \picorv32_pcpi_fast_mul
Used module:             \picosoc_regs
Used module:     \seven_seg_ctrl
Used module:         \seven_seg_hex

7.3.16. Analyzing design hierarchy..
Top module:  \icebreaker
Used module:     $paramod$f03d4e23a3a44173f9a2edec4a46578428035902\picosoc
Used module:         $paramod\ice40up5k_spram\WORDS=s32'00000000000000001000000000000000
Used module:         \simpleuart
Used module:         \spimemio
Used module:             \spimemio_xfer
Used module:         \spimem_cache_direct_mapped
Used module:         $paramod$d10354c6a96dde45072006c7ddf03c042761ad93\picorv32
Used module:             \picorv32_pcpi_fast_mul
Used module:             \picosoc_regs
Used module:     \seven_seg_ctrl
Used module:         \seven_seg_hex
Removing unused module `$abstract\picorv32_wb'.
Removing unused module `$abstract\picorv32_axi_adapter'.
Removing unused module `$abstract\picorv32_axi'.
Removing unused module `$abstract\picorv32_pcpi_div'.
Removing unused module `$abstract\picorv32_pcpi_fast_mul'.
Removing unused module `$abstract\picorv32_pcpi_mul'.
Removing unused module `$abstract\picorv32_regs'.
Removing unused module `$abstract\picorv32'.
Removing unused module `$abstract\picosoc_mem'.
Removing unused module `$abstract\picosoc_regs'.
Removing unused module `$abstract\spimem_cache_fifo'.
Removing unused module `$abstract\spimem_cache_random'.
Removing unused module `$abstract\spimem_cache_direct_mapped'.
Removing unused module `$abstract\spimem_cache_forward'.
Removing unused module `$abstract\picosoc'.
Removing unused module `$abstract\simpleuart'.
Removing unused module `$abstract\spimemio_xfer'.
Removing unused module `$abstract\spimemio'.
Removing unused module `$abstract\ice40up5k_spram'.
Removing unused module `$abstract\seven_seg_hex'.
Removing unused module `$abstract\seven_seg_ctrl'.
Removing unused module `$abstract\icebreaker'.
Removed 22 unused modules.

7.4. Executing PROC pass (convert processes to netlists).

7.4.1. Executing PROC_CLEAN pass (remove empty switches from decision trees).
Found and cleaned up 16 empty switches in `$paramod$d10354c6a96dde45072006c7ddf03c042761ad93\picorv32.$proc$../picorv32.v:1402$1880'.
Found and cleaned up 1 empty switch in `$paramod$d10354c6a96dde45072006c7ddf03c042761ad93\picorv32.$proc$../picorv32.v:1387$1866'.
Found and cleaned up 6 empty switches in `$paramod$d10354c6a96dde45072006c7ddf03c042761ad93\picorv32.$proc$../picorv32.v:546$1509'.
Removing empty process `$paramod$d10354c6a96dde45072006c7ddf03c042761ad93\picorv32.$proc$../picorv32.v:546$1509'.
Cleaned up 23 empty switches.

7.4.2. Executing PROC_RMDEAD pass (remove dead branches from decision trees).
Marked 1 switch rules as full_case in process $proc$picosoc.v:790$2143 in module picosoc_regs.
Marked 3 switch rules as full_case in process $proc$../picorv32.v:2378$2136 in module picorv32_pcpi_fast_mul.
Marked 2 switch rules as full_case in process $proc$../picorv32.v:2348$2129 in module picorv32_pcpi_fast_mul.
Marked 2 switch rules as full_case in process $proc$spimemio.v:535$2105 in module spimemio_xfer.
Marked 5 switch rules as full_case in process $proc$spimemio.v:447$2081 in module spimemio_xfer.
Marked 41 switch rules as full_case in process $proc$../picorv32.v:1402$1880 in module $paramod$d10354c6a96dde45072006c7ddf03c042761ad93\picorv32.
Marked 2 switch rules as full_case in process $proc$../picorv32.v:1309$1852 in module $paramod$d10354c6a96dde45072006c7ddf03c042761ad93\picorv32.
Marked 2 switch rules as full_case in process $proc$../picorv32.v:1295$1847 in module $paramod$d10354c6a96dde45072006c7ddf03c042761ad93\picorv32.
Marked 8 switch rules as full_case in process $proc$../picorv32.v:1186$1812 in module $paramod$d10354c6a96dde45072006c7ddf03c042761ad93\picorv32.
Marked 3 switch rules as full_case in process $proc$../picorv32.v:858$1549 in module $paramod$d10354c6a96dde45072006c7ddf03c042761ad93\picorv32.
Marked 3 switch rules as full_case in process $proc$../picorv32.v:809$1547 in module $paramod$d10354c6a96dde45072006c7ddf03c042761ad93\picorv32.
Marked 2 switch rules as full_case in process $proc$../picorv32.v:778$1543 in module $paramod$d10354c6a96dde45072006c7ddf03c042761ad93\picorv32.
Marked 48 switch rules as full_case in process $proc$../picorv32.v:701$1542 in module $paramod$d10354c6a96dde45072006c7ddf03c042761ad93\picorv32.
Marked 4 switch rules as full_case in process $proc$../picorv32.v:565$1518 in module $paramod$d10354c6a96dde45072006c7ddf03c042761ad93\picorv32.
Marked 1 switch rules as full_case in process $proc$../picorv32.v:430$1480 in module $paramod$d10354c6a96dde45072006c7ddf03c042761ad93\picorv32.
Removed 2 dead cases from process $proc$../picorv32.v:401$1477 in module $paramod$d10354c6a96dde45072006c7ddf03c042761ad93\picorv32.
Marked 2 switch rules as full_case in process $proc$../picorv32.v:401$1477 in module $paramod$d10354c6a96dde45072006c7ddf03c042761ad93\picorv32.
Marked 1 switch rules as full_case in process $proc$../picorv32.v:390$1472 in module $paramod$d10354c6a96dde45072006c7ddf03c042761ad93\picorv32.
Marked 1 switch rules as full_case in process $proc$../picorv32.v:325$1398 in module $paramod$d10354c6a96dde45072006c7ddf03c042761ad93\picorv32.
Marked 3 switch rules as full_case in process $proc$picosoc.v:419$837 in module spimem_cache_direct_mapped.
Marked 3 switch rules as full_case in process $proc$spimemio.v:207$535 in module spimemio.
Marked 1 switch rules as full_case in process $proc$spimemio.v:99$513 in module spimemio.
Marked 3 switch rules as full_case in process $proc$simpleuart.v:109$493 in module simpleuart.
Marked 2 switch rules as full_case in process $proc$simpleuart.v:66$484 in module simpleuart.
Marked 1 switch rules as full_case in process $proc$simpleuart.v:55$482 in module simpleuart.
Removed 1 dead cases from process $proc$icebreaker.v:242$471 in module seven_seg_hex.
Marked 1 switch rules as full_case in process $proc$icebreaker.v:242$471 in module seven_seg_hex.
Marked 1 switch rules as full_case in process $proc$icebreaker.v:220$462 in module seven_seg_ctrl.
Marked 1 switch rules as full_case in process $proc$icebreaker.v:132$397 in module icebreaker.
Removed a total of 3 dead cases.

7.4.3. Executing PROC_PRUNE pass (remove redundant assignments in processes).
Removed 9 redundant assignments.
Promoted 364 assignments to connections.

7.4.4. Executing PROC_INIT pass (extract init attributes).
Found init rule in `\seven_seg_ctrl.$proc$icebreaker.v:218$470'.
  Set init value: \msb_not_lsb = 1'0
Found init rule in `\seven_seg_ctrl.$proc$icebreaker.v:217$469'.
  Set init value: \clkdiv_pulse = 1'0
Found init rule in `\seven_seg_ctrl.$proc$icebreaker.v:216$468'.
  Set init value: \clkdiv = 10'0000000000
Found init rule in `\icebreaker.$proc$icebreaker.v:76$404'.
  Set init value: \reset_cnt = 6'000000
Found init rule in `\icebreaker.$proc$icebreaker.v:68$403'.
  Set init value: \clk_15mhz = 1'0

7.4.5. Executing PROC_ARST pass (detect async resets in processes).

7.4.6. Executing PROC_ROM pass (convert switches to ROMs).
Converted 1 switch.
<suppressed ~275 debug messages>

7.4.7. Executing PROC_MUX pass (convert decision trees to multiplexers).
Creating decoders for process `\picosoc_regs.$proc$picosoc.v:790$2143'.
     1/3: $1$memwr$\regs$picosoc.v:791$2142_EN[31:0]$2149
     2/3: $1$memwr$\regs$picosoc.v:791$2142_DATA[31:0]$2148
     3/3: $1$memwr$\regs$picosoc.v:791$2142_ADDR[4:0]$2147
Creating decoders for process `\picorv32_pcpi_fast_mul.$proc$../picorv32.v:2378$2136'.
     1/4: $0\active[3:0] [3:1]
     2/4: $0\active[3:0] [0]
     3/4: $0\rs2[32:0]
     4/4: $0\rs1[32:0]
Creating decoders for process `\picorv32_pcpi_fast_mul.$proc$../picorv32.v:2364$2131'.
     1/4: $0\rd_q[63:0]
     2/4: $0\rd[63:0]
     3/4: $0\rs2_q[32:0]
     4/4: $0\rs1_q[32:0]
Creating decoders for process `\picorv32_pcpi_fast_mul.$proc$../picorv32.v:2348$2129'.
     1/8: $2\instr_mul[0:0]
     2/8: $2\instr_mulhu[0:0]
     3/8: $2\instr_mulhsu[0:0]
     4/8: $2\instr_mulh[0:0]
     5/8: $1\instr_mulhu[0:0]
     6/8: $1\instr_mulhsu[0:0]
     7/8: $1\instr_mulh[0:0]
     8/8: $1\instr_mul[0:0]
Creating decoders for process `\spimemio_xfer.$proc$spimemio.v:535$2105'.
     1/14: $0\last_fetch[0:0]
     2/14: $0\fetch[0:0]
     3/14: $0\xfer_tag[3:0]
     4/14: $0\xfer_rd[0:0]
     5/14: $0\xfer_qspi[0:0]
     6/14: $0\xfer_cont[0:0]
     7/14: $0\dummy_count[3:0]
     8/14: $0\count[3:0]
     9/14: $0\ibuffer[7:0]
    10/14: $0\obuffer[7:0]
    11/14: $0\xfer_ddr[0:0]
    12/14: $0\xfer_dspi[0:0]
    13/14: $0\flash_clk[0:0]
    14/14: $0\flash_csb[0:0]
Creating decoders for process `\spimemio_xfer.$proc$spimemio.v:447$2081'.
     1/33: $5\next_count[3:0]
     2/33: $5\next_obuffer[7:0]
     3/33: $5\next_ibuffer[7:0]
     4/33: $4\next_count[3:0]
     5/33: $4\next_obuffer[7:0]
     6/33: $4\next_ibuffer[7:0]
     7/33: $3\next_count[3:0]
     8/33: $3\next_obuffer[7:0]
     9/33: $3\next_ibuffer[7:0]
    10/33: $2\next_fetch[0:0]
    11/33: $2\next_count[3:0]
    12/33: $2\next_ibuffer[7:0]
    13/33: $2\next_obuffer[7:0]
    14/33: $2\flash_io0_do[0:0]
    15/33: $2\flash_io0_oe[0:0]
    16/33: $2\flash_io3_do[0:0]
    17/33: $2\flash_io3_oe[0:0]
    18/33: $2\flash_io2_do[0:0]
    19/33: $2\flash_io2_oe[0:0]
    20/33: $2\flash_io1_do[0:0]
    21/33: $2\flash_io1_oe[0:0]
    22/33: $1\next_fetch[0:0]
    23/33: $1\next_count[3:0]
    24/33: $1\next_ibuffer[7:0]
    25/33: $1\next_obuffer[7:0]
    26/33: $1\flash_io3_do[0:0]
    27/33: $1\flash_io3_oe[0:0]
    28/33: $1\flash_io2_do[0:0]
    29/33: $1\flash_io2_oe[0:0]
    30/33: $1\flash_io1_do[0:0]
    31/33: $1\flash_io1_oe[0:0]
    32/33: $1\flash_io0_do[0:0]
    33/33: $1\flash_io0_oe[0:0]
Creating decoders for process `\spimemio_xfer.$proc$spimemio.v:436$2072'.
Creating decoders for process `$paramod$d10354c6a96dde45072006c7ddf03c042761ad93\picorv32.$proc$../picorv32.v:1402$1880'.
     1/86: $23\next_irq_pending[2:2]
     2/86: $22\next_irq_pending[2:2]
     3/86: $21\next_irq_pending[2:2]
     4/86: $20\next_irq_pending[2:2]
     5/86: $19\next_irq_pending[2:2]
     6/86: $18\next_irq_pending[2:2]
     7/86: $17\next_irq_pending[2:2]
     8/86: $16\next_irq_pending[0:0]
     9/86: $15\next_irq_pending[0:0]
    10/86: $14\next_irq_pending[31:0] [0]
    11/86: $14\next_irq_pending[31:0] [31:1]
    12/86: $2\next_irq_pending[31:0] [31:2]
    13/86: $3\set_mem_do_rdata[0:0]
    14/86: $2\next_irq_pending[31:0] [1]
    15/86: $3\set_mem_do_wdata[0:0]
    16/86: $2\next_irq_pending[31:0] [0]
    17/86: $4\set_mem_do_rinst[0:0]
    18/86: $3\set_mem_do_rinst[0:0]
    19/86: $4\set_mem_do_wdata[0:0]
    20/86: $12\next_irq_pending[1:1]
    21/86: $11\next_irq_pending[1:1]
    22/86: $10\next_irq_pending[1:1]
    23/86: $4\set_mem_do_rdata[0:0]
    24/86: $8\next_irq_pending[1:1]
    25/86: $7\next_irq_pending[1:1]
    26/86: $6\next_irq_pending[1:1]
    27/86: $5\next_irq_pending[1:1]
    28/86: $4\next_irq_pending[1:1]
    29/86: $13\next_irq_pending[1:1]
    30/86: $5\set_mem_do_rinst[0:0]
    31/86: $9\next_irq_pending[1:1]
    32/86: $3\next_irq_pending[31:0]
    33/86: $3\current_pc[31:0]
    34/86: $2\current_pc[31:0]
    35/86: $2\set_mem_do_wdata[0:0]
    36/86: $2\set_mem_do_rdata[0:0]
    37/86: $2\set_mem_do_rinst[0:0]
    38/86: $1\next_irq_pending[31:0]
    39/86: $1\current_pc[31:0]
    40/86: $1\set_mem_do_wdata[0:0]
    41/86: $1\set_mem_do_rdata[0:0]
    42/86: $1\set_mem_do_rinst[0:0]
    43/86: $0\trace_data[35:0]
    44/86: $0\count_cycle[63:0]
    45/86: $0\pcpi_timeout[0:0]
    46/86: $0\trace_valid[0:0]
    47/86: $0\do_waitirq[0:0]
    48/86: $0\decoder_pseudo_trigger[0:0]
    49/86: $0\decoder_trigger[0:0]
    50/86: $0\alu_wait_2[0:0]
    51/86: $0\alu_wait[0:0]
    52/86: $0\reg_out[31:0]
    53/86: $0\reg_sh[4:0]
    54/86: $0\trap[0:0]
    55/86: $0\pcpi_timeout_counter[3:0]
    56/86: $0\latched_rd[4:0]
    57/86: $0\latched_is_lb[0:0]
    58/86: $0\latched_is_lh[0:0]
    59/86: $0\latched_is_lu[0:0]
    60/86: $0\latched_trace[0:0]
    61/86: $0\latched_compr[0:0]
    62/86: $0\latched_branch[0:0]
    63/86: $0\latched_stalu[0:0]
    64/86: $0\latched_store[0:0]
    65/86: $0\irq_state[1:0]
    66/86: $0\cpu_state[7:0]
    67/86: $0\dbg_rs2val_valid[0:0]
    68/86: $0\dbg_rs1val_valid[0:0]
    69/86: $0\dbg_rs2val[31:0]
    70/86: $0\dbg_rs1val[31:0]
    71/86: $0\mem_do_wdata[0:0]
    72/86: $0\mem_do_rdata[0:0]
    73/86: $0\mem_do_rinst[0:0]
    74/86: $0\mem_do_prefetch[0:0]
    75/86: $0\mem_wordsize[1:0]
    76/86: $0\timer[31:0]
    77/86: $0\irq_mask[31:0]
    78/86: $0\irq_active[0:0]
    79/86: $0\irq_delay[0:0]
    80/86: $0\reg_op2[31:0]
    81/86: $0\reg_op1[31:0]
    82/86: $0\reg_next_pc[31:0]
    83/86: $0\reg_pc[31:0]
    84/86: $0\count_instr[63:0]
    85/86: $0\eoi[31:0]
    86/86: $0\pcpi_valid[0:0]
Creating decoders for process `$paramod$d10354c6a96dde45072006c7ddf03c042761ad93\picorv32.$proc$../picorv32.v:1387$1866'.
Creating decoders for process `$paramod$d10354c6a96dde45072006c7ddf03c042761ad93\picorv32.$proc$../picorv32.v:1309$1852'.
     1/4: $2\cpuregs_write[0:0]
     2/4: $2\cpuregs_wrdata[31:0]
     3/4: $1\cpuregs_wrdata[31:0]
     4/4: $1\cpuregs_write[0:0]
Creating decoders for process `$paramod$d10354c6a96dde45072006c7ddf03c042761ad93\picorv32.$proc$../picorv32.v:1295$1847'.
     1/2: $2\clear_prefetched_high_word[0:0]
     2/2: $1\clear_prefetched_high_word[0:0]
Creating decoders for process `$paramod$d10354c6a96dde45072006c7ddf03c042761ad93\picorv32.$proc$../picorv32.v:1293$1846'.
Creating decoders for process `$paramod$d10354c6a96dde45072006c7ddf03c042761ad93\picorv32.$proc$../picorv32.v:1249$1824'.
     1/2: $1\alu_out[31:0]
     2/2: $1\alu_out_0[0:0]
Creating decoders for process `$paramod$d10354c6a96dde45072006c7ddf03c042761ad93\picorv32.$proc$../picorv32.v:1186$1812'.
     1/8: $8\dbg_ascii_state[127:0]
     2/8: $7\dbg_ascii_state[127:0]
     3/8: $6\dbg_ascii_state[127:0]
     4/8: $5\dbg_ascii_state[127:0]
     5/8: $4\dbg_ascii_state[127:0]
     6/8: $3\dbg_ascii_state[127:0]
     7/8: $2\dbg_ascii_state[127:0]
     8/8: $1\dbg_ascii_state[127:0]
Creating decoders for process `$paramod$d10354c6a96dde45072006c7ddf03c042761ad93\picorv32.$proc$../picorv32.v:858$1549'.
     1/77: $0\decoded_rs1[4:0] [4]
     2/77: $0\decoded_imm_j[31:0] [10]
     3/77: $0\decoded_imm_j[31:0] [7]
     4/77: $0\decoded_imm_j[31:0] [6]
     5/77: $0\decoded_imm_j[31:0] [3:1]
     6/77: $0\decoded_imm_j[31:0] [5]
     7/77: $0\decoded_imm_j[31:0] [9:8]
     8/77: $0\decoded_imm_j[31:0] [31:20]
     9/77: $0\decoded_imm_j[31:0] [4]
    10/77: $0\decoded_imm_j[31:0] [11]
    11/77: $0\decoded_imm_j[31:0] [0]
    12/77: $0\decoded_rs1[4:0] [3:0]
    13/77: $0\is_lui_auipc_jal_jalr_addi_add_sub[0:0]
    14/77: $0\is_alu_reg_reg[0:0]
    15/77: $0\is_alu_reg_imm[0:0]
    16/77: $0\is_beq_bne_blt_bge_bltu_bgeu[0:0]
    17/77: $0\is_sll_srl_sra[0:0]
    18/77: $0\is_sb_sh_sw[0:0]
    19/77: $0\is_jalr_addi_slti_sltiu_xori_ori_andi[0:0]
    20/77: $0\is_slli_srli_srai[0:0]
    21/77: $0\is_lb_lh_lw_lbu_lhu[0:0]
    22/77: $0\compressed_instr[0:0]
    23/77: $0\is_compare[0:0]
    24/77: $0\decoded_imm[31:0]
    25/77: $0\decoded_rs2[4:0]
    26/77: $0\decoded_imm_j[31:0] [19:12]
    27/77: $0\decoded_rd[4:0]
    28/77: $0\instr_timer[0:0]
    29/77: $0\instr_waitirq[0:0]
    30/77: $0\instr_maskirq[0:0]
    31/77: $0\instr_retirq[0:0]
    32/77: $0\instr_setq[0:0]
    33/77: $0\instr_getq[0:0]
    34/77: $0\instr_fence[0:0]
    35/77: $0\instr_ecall_ebreak[0:0]
    36/77: $0\instr_rdinstrh[0:0]
    37/77: $0\instr_rdinstr[0:0]
    38/77: $0\instr_rdcycleh[0:0]
    39/77: $0\instr_rdcycle[0:0]
    40/77: $0\instr_and[0:0]
    41/77: $0\instr_or[0:0]
    42/77: $0\instr_sra[0:0]
    43/77: $0\instr_srl[0:0]
    44/77: $0\instr_xor[0:0]
    45/77: $0\instr_sltu[0:0]
    46/77: $0\instr_slt[0:0]
    47/77: $0\instr_sll[0:0]
    48/77: $0\instr_sub[0:0]
    49/77: $0\instr_add[0:0]
    50/77: $0\instr_srai[0:0]
    51/77: $0\instr_srli[0:0]
    52/77: $0\instr_slli[0:0]
    53/77: $0\instr_andi[0:0]
    54/77: $0\instr_ori[0:0]
    55/77: $0\instr_xori[0:0]
    56/77: $0\instr_sltiu[0:0]
    57/77: $0\instr_slti[0:0]
    58/77: $0\instr_addi[0:0]
    59/77: $0\instr_sw[0:0]
    60/77: $0\instr_sh[0:0]
    61/77: $0\instr_sb[0:0]
    62/77: $0\instr_lhu[0:0]
    63/77: $0\instr_lbu[0:0]
    64/77: $0\instr_lw[0:0]
    65/77: $0\instr_lh[0:0]
    66/77: $0\instr_lb[0:0]
    67/77: $0\instr_bgeu[0:0]
    68/77: $0\instr_bltu[0:0]
    69/77: $0\instr_bge[0:0]
    70/77: $0\instr_blt[0:0]
    71/77: $0\instr_bne[0:0]
    72/77: $0\instr_beq[0:0]
    73/77: $0\instr_jalr[0:0]
    74/77: $0\instr_jal[0:0]
    75/77: $0\instr_auipc[0:0]
    76/77: $0\instr_lui[0:0]
    77/77: $0\pcpi_insn[31:0]
Creating decoders for process `$paramod$d10354c6a96dde45072006c7ddf03c042761ad93\picorv32.$proc$../picorv32.v:809$1547'.
     1/13: $3\dbg_insn_opcode[31:0]
     2/13: $2\dbg_insn_rd[4:0]
     3/13: $2\dbg_insn_rs2[4:0]
     4/13: $2\dbg_insn_rs1[4:0]
     5/13: $2\dbg_insn_opcode[31:0]
     6/13: $2\dbg_insn_imm[31:0]
     7/13: $2\dbg_ascii_instr[63:0]
     8/13: $1\dbg_insn_rd[4:0]
     9/13: $1\dbg_insn_rs2[4:0]
    10/13: $1\dbg_insn_rs1[4:0]
    11/13: $1\dbg_insn_imm[31:0]
    12/13: $1\dbg_ascii_instr[63:0]
    13/13: $1\dbg_insn_opcode[31:0]
Creating decoders for process `$paramod$d10354c6a96dde45072006c7ddf03c042761ad93\picorv32.$proc$../picorv32.v:778$1543'.
     1/8: $0\cached_insn_rd[4:0]
     2/8: $0\cached_insn_rs2[4:0]
     3/8: $0\cached_insn_rs1[4:0]
     4/8: $0\cached_insn_opcode[31:0]
     5/8: $0\cached_insn_imm[31:0]
     6/8: $0\cached_ascii_instr[63:0]
     7/8: $0\dbg_valid_insn[0:0]
     8/8: $0\dbg_insn_addr[31:0]
Creating decoders for process `$paramod$d10354c6a96dde45072006c7ddf03c042761ad93\picorv32.$proc$../picorv32.v:701$1542'.
     1/48: $48\new_ascii_instr[63:0]
     2/48: $47\new_ascii_instr[63:0]
     3/48: $46\new_ascii_instr[63:0]
     4/48: $45\new_ascii_instr[63:0]
     5/48: $44\new_ascii_instr[63:0]
     6/48: $43\new_ascii_instr[63:0]
     7/48: $42\new_ascii_instr[63:0]
     8/48: $41\new_ascii_instr[63:0]
     9/48: $40\new_ascii_instr[63:0]
    10/48: $39\new_ascii_instr[63:0]
    11/48: $38\new_ascii_instr[63:0]
    12/48: $37\new_ascii_instr[63:0]
    13/48: $36\new_ascii_instr[63:0]
    14/48: $35\new_ascii_instr[63:0]
    15/48: $34\new_ascii_instr[63:0]
    16/48: $33\new_ascii_instr[63:0]
    17/48: $32\new_ascii_instr[63:0]
    18/48: $31\new_ascii_instr[63:0]
    19/48: $30\new_ascii_instr[63:0]
    20/48: $29\new_ascii_instr[63:0]
    21/48: $28\new_ascii_instr[63:0]
    22/48: $27\new_ascii_instr[63:0]
    23/48: $26\new_ascii_instr[63:0]
    24/48: $25\new_ascii_instr[63:0]
    25/48: $24\new_ascii_instr[63:0]
    26/48: $23\new_ascii_instr[63:0]
    27/48: $22\new_ascii_instr[63:0]
    28/48: $21\new_ascii_instr[63:0]
    29/48: $20\new_ascii_instr[63:0]
    30/48: $19\new_ascii_instr[63:0]
    31/48: $18\new_ascii_instr[63:0]
    32/48: $17\new_ascii_instr[63:0]
    33/48: $16\new_ascii_instr[63:0]
    34/48: $15\new_ascii_instr[63:0]
    35/48: $14\new_ascii_instr[63:0]
    36/48: $13\new_ascii_instr[63:0]
    37/48: $12\new_ascii_instr[63:0]
    38/48: $11\new_ascii_instr[63:0]
    39/48: $10\new_ascii_instr[63:0]
    40/48: $9\new_ascii_instr[63:0]
    41/48: $8\new_ascii_instr[63:0]
    42/48: $7\new_ascii_instr[63:0]
    43/48: $6\new_ascii_instr[63:0]
    44/48: $5\new_ascii_instr[63:0]
    45/48: $4\new_ascii_instr[63:0]
    46/48: $3\new_ascii_instr[63:0]
    47/48: $2\new_ascii_instr[63:0]
    48/48: $1\new_ascii_instr[63:0]
Creating decoders for process `$paramod$d10354c6a96dde45072006c7ddf03c042761ad93\picorv32.$proc$../picorv32.v:565$1518'.
     1/9: $0\mem_16bit_buffer[15:0]
     2/9: $0\prefetched_high_word[0:0]
     3/9: $0\mem_la_secondword[0:0]
     4/9: $0\mem_state[1:0]
     5/9: $0\mem_wstrb[3:0]
     6/9: $0\mem_wdata[31:0]
     7/9: $0\mem_addr[31:0]
     8/9: $0\mem_instr[0:0]
     9/9: $0\mem_valid[0:0]
Creating decoders for process `$paramod$d10354c6a96dde45072006c7ddf03c042761ad93\picorv32.$proc$../picorv32.v:1239$2061'.
Creating decoders for process `$paramod$d10354c6a96dde45072006c7ddf03c042761ad93\picorv32.$proc$../picorv32.v:430$1480'.
     1/9: $0\mem_rdata_q[31:0] [31]
     2/9: $0\mem_rdata_q[31:0] [7]
     3/9: $0\mem_rdata_q[31:0] [24:20]
     4/9: $0\mem_rdata_q[31:0] [19:15]
     5/9: $0\mem_rdata_q[31:0] [6:0]
     6/9: $0\mem_rdata_q[31:0] [14:12]
     7/9: $0\mem_rdata_q[31:0] [11:8]
     8/9: $0\mem_rdata_q[31:0] [30:25]
     9/9: $0\next_insn_opcode[31:0]
Creating decoders for process `$paramod$d10354c6a96dde45072006c7ddf03c042761ad93\picorv32.$proc$../picorv32.v:401$1477'.
     1/5: $3\mem_rdata_word[31:0]
     2/5: $2\mem_rdata_word[31:0]
     3/5: $1\mem_rdata_word[31:0]
     4/5: $1\mem_la_wstrb[3:0]
     5/5: $1\mem_la_wdata[31:0]
Creating decoders for process `$paramod$d10354c6a96dde45072006c7ddf03c042761ad93\picorv32.$proc$../picorv32.v:390$1472'.
     1/2: $0\last_mem_valid[0:0]
     2/2: $0\mem_la_firstword_reg[0:0]
Creating decoders for process `$paramod$d10354c6a96dde45072006c7ddf03c042761ad93\picorv32.$proc$../picorv32.v:325$1398'.
     1/2: $1\pcpi_int_rd[31:0]
     2/2: $1\pcpi_int_wr[0:0]
Creating decoders for process `\spimem_cache_direct_mapped.$proc$picosoc.v:419$837'.
     1/282: $3$memwr$\cache_valid$picosoc.v:434$814_EN[0:0]$1382
     2/282: $3$memwr$\cache_valid$picosoc.v:434$814_ADDR[7:0]$1381
     3/282: $3$memwr$\cache_tag$picosoc.v:433$813_EN[31:0]$1380
     4/282: $3$memwr$\cache_tag$picosoc.v:433$813_DATA[31:0]$1379
     5/282: $3$memwr$\cache_tag$picosoc.v:433$813_ADDR[7:0]$1378
     6/282: $2$memwr$\cache_valid$picosoc.v:434$814_EN[0:0]$1377
     7/282: $2$memwr$\cache_valid$picosoc.v:434$814_ADDR[7:0]$1376
     8/282: $2$memwr$\cache_tag$picosoc.v:433$813_EN[31:0]$1375
     9/282: $2$memwr$\cache_tag$picosoc.v:433$813_DATA[31:0]$1374
    10/282: $2$memwr$\cache_tag$picosoc.v:433$813_ADDR[7:0]$1373
    11/282: $2$memwr$\cache_data$picosoc.v:431$812_EN[31:0]$1372
    12/282: $2$memwr$\cache_data$picosoc.v:431$812_DATA[31:0]$1371
    13/282: $2$memwr$\cache_data$picosoc.v:431$812_ADDR[8:0]$1370
    14/282: $1\i[31:0]
    15/282: $1$memwr$\cache_valid$picosoc.v:423$811_EN[0:0]$1358
    16/282: $1$memwr$\cache_valid$picosoc.v:423$810_EN[0:0]$1357
    17/282: $1$memwr$\cache_valid$picosoc.v:423$809_EN[0:0]$1356
    18/282: $1$memwr$\cache_valid$picosoc.v:423$808_EN[0:0]$1355
    19/282: $1$memwr$\cache_valid$picosoc.v:423$807_EN[0:0]$1354
    20/282: $1$memwr$\cache_valid$picosoc.v:423$806_EN[0:0]$1353
    21/282: $1$memwr$\cache_valid$picosoc.v:423$805_EN[0:0]$1352
    22/282: $1$memwr$\cache_valid$picosoc.v:423$804_EN[0:0]$1351
    23/282: $1$memwr$\cache_valid$picosoc.v:423$803_EN[0:0]$1350
    24/282: $1$memwr$\cache_valid$picosoc.v:423$802_EN[0:0]$1349
    25/282: $1$memwr$\cache_valid$picosoc.v:423$801_EN[0:0]$1348
    26/282: $1$memwr$\cache_valid$picosoc.v:423$800_EN[0:0]$1347
    27/282: $1$memwr$\cache_valid$picosoc.v:423$799_EN[0:0]$1346
    28/282: $1$memwr$\cache_valid$picosoc.v:423$798_EN[0:0]$1345
    29/282: $1$memwr$\cache_valid$picosoc.v:423$797_EN[0:0]$1344
    30/282: $1$memwr$\cache_valid$picosoc.v:423$796_EN[0:0]$1343
    31/282: $1$memwr$\cache_valid$picosoc.v:423$795_EN[0:0]$1342
    32/282: $1$memwr$\cache_valid$picosoc.v:423$794_EN[0:0]$1341
    33/282: $1$memwr$\cache_valid$picosoc.v:423$793_EN[0:0]$1340
    34/282: $1$memwr$\cache_valid$picosoc.v:423$792_EN[0:0]$1339
    35/282: $1$memwr$\cache_valid$picosoc.v:423$791_EN[0:0]$1338
    36/282: $1$memwr$\cache_valid$picosoc.v:423$790_EN[0:0]$1337
    37/282: $1$memwr$\cache_valid$picosoc.v:423$789_EN[0:0]$1336
    38/282: $1$memwr$\cache_valid$picosoc.v:423$788_EN[0:0]$1335
    39/282: $1$memwr$\cache_valid$picosoc.v:423$787_EN[0:0]$1334
    40/282: $1$memwr$\cache_valid$picosoc.v:423$786_EN[0:0]$1333
    41/282: $1$memwr$\cache_valid$picosoc.v:423$785_EN[0:0]$1332
    42/282: $1$memwr$\cache_valid$picosoc.v:423$784_EN[0:0]$1331
    43/282: $1$memwr$\cache_valid$picosoc.v:423$783_EN[0:0]$1330
    44/282: $1$memwr$\cache_valid$picosoc.v:423$782_EN[0:0]$1329
    45/282: $1$memwr$\cache_valid$picosoc.v:423$781_EN[0:0]$1328
    46/282: $1$memwr$\cache_valid$picosoc.v:423$780_EN[0:0]$1327
    47/282: $1$memwr$\cache_valid$picosoc.v:423$779_EN[0:0]$1326
    48/282: $1$memwr$\cache_valid$picosoc.v:423$778_EN[0:0]$1325
    49/282: $1$memwr$\cache_valid$picosoc.v:423$777_EN[0:0]$1324
    50/282: $1$memwr$\cache_valid$picosoc.v:423$776_EN[0:0]$1323
    51/282: $1$memwr$\cache_valid$picosoc.v:423$775_EN[0:0]$1322
    52/282: $1$memwr$\cache_valid$picosoc.v:423$774_EN[0:0]$1321
    53/282: $1$memwr$\cache_valid$picosoc.v:423$773_EN[0:0]$1320
    54/282: $1$memwr$\cache_valid$picosoc.v:423$772_EN[0:0]$1319
    55/282: $1$memwr$\cache_valid$picosoc.v:423$771_EN[0:0]$1318
    56/282: $1$memwr$\cache_valid$picosoc.v:423$770_EN[0:0]$1317
    57/282: $1$memwr$\cache_valid$picosoc.v:423$769_EN[0:0]$1316
    58/282: $1$memwr$\cache_valid$picosoc.v:423$768_EN[0:0]$1315
    59/282: $1$memwr$\cache_valid$picosoc.v:423$767_EN[0:0]$1314
    60/282: $1$memwr$\cache_valid$picosoc.v:423$766_EN[0:0]$1313
    61/282: $1$memwr$\cache_valid$picosoc.v:423$765_EN[0:0]$1312
    62/282: $1$memwr$\cache_valid$picosoc.v:423$764_EN[0:0]$1311
    63/282: $1$memwr$\cache_valid$picosoc.v:423$763_EN[0:0]$1310
    64/282: $1$memwr$\cache_valid$picosoc.v:423$762_EN[0:0]$1309
    65/282: $1$memwr$\cache_valid$picosoc.v:423$761_EN[0:0]$1308
    66/282: $1$memwr$\cache_valid$picosoc.v:423$760_EN[0:0]$1307
    67/282: $1$memwr$\cache_valid$picosoc.v:423$759_EN[0:0]$1306
    68/282: $1$memwr$\cache_valid$picosoc.v:423$758_EN[0:0]$1305
    69/282: $1$memwr$\cache_valid$picosoc.v:423$757_EN[0:0]$1304
    70/282: $1$memwr$\cache_valid$picosoc.v:423$756_EN[0:0]$1303
    71/282: $1$memwr$\cache_valid$picosoc.v:423$755_EN[0:0]$1302
    72/282: $1$memwr$\cache_valid$picosoc.v:423$754_EN[0:0]$1301
    73/282: $1$memwr$\cache_valid$picosoc.v:423$753_EN[0:0]$1300
    74/282: $1$memwr$\cache_valid$picosoc.v:423$752_EN[0:0]$1299
    75/282: $1$memwr$\cache_valid$picosoc.v:423$751_EN[0:0]$1298
    76/282: $1$memwr$\cache_valid$picosoc.v:423$750_EN[0:0]$1297
    77/282: $1$memwr$\cache_valid$picosoc.v:423$749_EN[0:0]$1296
    78/282: $1$memwr$\cache_valid$picosoc.v:423$748_EN[0:0]$1295
    79/282: $1$memwr$\cache_valid$picosoc.v:423$747_EN[0:0]$1294
    80/282: $1$memwr$\cache_valid$picosoc.v:423$746_EN[0:0]$1293
    81/282: $1$memwr$\cache_valid$picosoc.v:423$745_EN[0:0]$1292
    82/282: $1$memwr$\cache_valid$picosoc.v:423$744_EN[0:0]$1291
    83/282: $1$memwr$\cache_valid$picosoc.v:423$743_EN[0:0]$1290
    84/282: $1$memwr$\cache_valid$picosoc.v:423$742_EN[0:0]$1289
    85/282: $1$memwr$\cache_valid$picosoc.v:423$741_EN[0:0]$1288
    86/282: $1$memwr$\cache_valid$picosoc.v:423$740_EN[0:0]$1287
    87/282: $1$memwr$\cache_valid$picosoc.v:423$739_EN[0:0]$1286
    88/282: $1$memwr$\cache_valid$picosoc.v:423$738_EN[0:0]$1285
    89/282: $1$memwr$\cache_valid$picosoc.v:423$737_EN[0:0]$1284
    90/282: $1$memwr$\cache_valid$picosoc.v:423$736_EN[0:0]$1283
    91/282: $1$memwr$\cache_valid$picosoc.v:423$735_EN[0:0]$1282
    92/282: $1$memwr$\cache_valid$picosoc.v:423$734_EN[0:0]$1281
    93/282: $1$memwr$\cache_valid$picosoc.v:423$733_EN[0:0]$1280
    94/282: $1$memwr$\cache_valid$picosoc.v:423$732_EN[0:0]$1279
    95/282: $1$memwr$\cache_valid$picosoc.v:423$731_EN[0:0]$1278
    96/282: $1$memwr$\cache_valid$picosoc.v:423$730_EN[0:0]$1277
    97/282: $1$memwr$\cache_valid$picosoc.v:423$729_EN[0:0]$1276
    98/282: $1$memwr$\cache_valid$picosoc.v:423$728_EN[0:0]$1275
    99/282: $1$memwr$\cache_valid$picosoc.v:423$727_EN[0:0]$1274
   100/282: $1$memwr$\cache_valid$picosoc.v:423$726_EN[0:0]$1273
   101/282: $1$memwr$\cache_valid$picosoc.v:423$725_EN[0:0]$1272
   102/282: $1$memwr$\cache_valid$picosoc.v:423$724_EN[0:0]$1271
   103/282: $1$memwr$\cache_valid$picosoc.v:423$723_EN[0:0]$1270
   104/282: $1$memwr$\cache_valid$picosoc.v:423$722_EN[0:0]$1269
   105/282: $1$memwr$\cache_valid$picosoc.v:423$721_EN[0:0]$1268
   106/282: $1$memwr$\cache_valid$picosoc.v:423$720_EN[0:0]$1267
   107/282: $1$memwr$\cache_valid$picosoc.v:423$719_EN[0:0]$1266
   108/282: $1$memwr$\cache_valid$picosoc.v:423$718_EN[0:0]$1265
   109/282: $1$memwr$\cache_valid$picosoc.v:423$717_EN[0:0]$1264
   110/282: $1$memwr$\cache_valid$picosoc.v:423$716_EN[0:0]$1263
   111/282: $1$memwr$\cache_valid$picosoc.v:423$715_EN[0:0]$1262
   112/282: $1$memwr$\cache_valid$picosoc.v:423$714_EN[0:0]$1261
   113/282: $1$memwr$\cache_valid$picosoc.v:423$713_EN[0:0]$1260
   114/282: $1$memwr$\cache_valid$picosoc.v:423$712_EN[0:0]$1259
   115/282: $1$memwr$\cache_valid$picosoc.v:423$711_EN[0:0]$1258
   116/282: $1$memwr$\cache_valid$picosoc.v:423$710_EN[0:0]$1257
   117/282: $1$memwr$\cache_valid$picosoc.v:423$709_EN[0:0]$1256
   118/282: $1$memwr$\cache_valid$picosoc.v:423$708_EN[0:0]$1255
   119/282: $1$memwr$\cache_valid$picosoc.v:423$707_EN[0:0]$1254
   120/282: $1$memwr$\cache_valid$picosoc.v:423$706_EN[0:0]$1253
   121/282: $1$memwr$\cache_valid$picosoc.v:423$705_EN[0:0]$1252
   122/282: $1$memwr$\cache_valid$picosoc.v:423$704_EN[0:0]$1251
   123/282: $1$memwr$\cache_valid$picosoc.v:423$703_EN[0:0]$1250
   124/282: $1$memwr$\cache_valid$picosoc.v:423$702_EN[0:0]$1249
   125/282: $1$memwr$\cache_valid$picosoc.v:423$701_EN[0:0]$1248
   126/282: $1$memwr$\cache_valid$picosoc.v:423$700_EN[0:0]$1247
   127/282: $1$memwr$\cache_valid$picosoc.v:423$699_EN[0:0]$1246
   128/282: $1$memwr$\cache_valid$picosoc.v:423$698_EN[0:0]$1245
   129/282: $1$memwr$\cache_valid$picosoc.v:423$697_EN[0:0]$1244
   130/282: $1$memwr$\cache_valid$picosoc.v:423$696_EN[0:0]$1243
   131/282: $1$memwr$\cache_valid$picosoc.v:423$695_EN[0:0]$1242
   132/282: $1$memwr$\cache_valid$picosoc.v:423$694_EN[0:0]$1241
   133/282: $1$memwr$\cache_valid$picosoc.v:423$693_EN[0:0]$1240
   134/282: $1$memwr$\cache_valid$picosoc.v:423$692_EN[0:0]$1239
   135/282: $1$memwr$\cache_valid$picosoc.v:423$691_EN[0:0]$1238
   136/282: $1$memwr$\cache_valid$picosoc.v:423$690_EN[0:0]$1237
   137/282: $1$memwr$\cache_valid$picosoc.v:423$689_EN[0:0]$1236
   138/282: $1$memwr$\cache_valid$picosoc.v:423$688_EN[0:0]$1235
   139/282: $1$memwr$\cache_valid$picosoc.v:423$687_EN[0:0]$1234
   140/282: $1$memwr$\cache_valid$picosoc.v:423$686_EN[0:0]$1233
   141/282: $1$memwr$\cache_valid$picosoc.v:423$685_EN[0:0]$1232
   142/282: $1$memwr$\cache_valid$picosoc.v:423$684_EN[0:0]$1231
   143/282: $1$memwr$\cache_valid$picosoc.v:423$683_EN[0:0]$1230
   144/282: $1$memwr$\cache_valid$picosoc.v:423$682_EN[0:0]$1229
   145/282: $1$memwr$\cache_valid$picosoc.v:423$681_EN[0:0]$1228
   146/282: $1$memwr$\cache_valid$picosoc.v:423$680_EN[0:0]$1227
   147/282: $1$memwr$\cache_valid$picosoc.v:423$679_EN[0:0]$1226
   148/282: $1$memwr$\cache_valid$picosoc.v:423$678_EN[0:0]$1225
   149/282: $1$memwr$\cache_valid$picosoc.v:423$677_EN[0:0]$1224
   150/282: $1$memwr$\cache_valid$picosoc.v:423$676_EN[0:0]$1223
   151/282: $1$memwr$\cache_valid$picosoc.v:423$675_EN[0:0]$1222
   152/282: $1$memwr$\cache_valid$picosoc.v:423$674_EN[0:0]$1221
   153/282: $1$memwr$\cache_valid$picosoc.v:423$673_EN[0:0]$1220
   154/282: $1$memwr$\cache_valid$picosoc.v:423$672_EN[0:0]$1219
   155/282: $1$memwr$\cache_valid$picosoc.v:423$671_EN[0:0]$1218
   156/282: $1$memwr$\cache_valid$picosoc.v:423$670_EN[0:0]$1217
   157/282: $1$memwr$\cache_valid$picosoc.v:423$669_EN[0:0]$1216
   158/282: $1$memwr$\cache_valid$picosoc.v:423$668_EN[0:0]$1215
   159/282: $1$memwr$\cache_valid$picosoc.v:423$667_EN[0:0]$1214
   160/282: $1$memwr$\cache_valid$picosoc.v:423$666_EN[0:0]$1213
   161/282: $1$memwr$\cache_valid$picosoc.v:423$665_EN[0:0]$1212
   162/282: $1$memwr$\cache_valid$picosoc.v:423$664_EN[0:0]$1211
   163/282: $1$memwr$\cache_valid$picosoc.v:423$663_EN[0:0]$1210
   164/282: $1$memwr$\cache_valid$picosoc.v:423$662_EN[0:0]$1209
   165/282: $1$memwr$\cache_valid$picosoc.v:423$661_EN[0:0]$1208
   166/282: $1$memwr$\cache_valid$picosoc.v:423$660_EN[0:0]$1207
   167/282: $1$memwr$\cache_valid$picosoc.v:423$659_EN[0:0]$1206
   168/282: $1$memwr$\cache_valid$picosoc.v:423$658_EN[0:0]$1205
   169/282: $1$memwr$\cache_valid$picosoc.v:423$657_EN[0:0]$1204
   170/282: $1$memwr$\cache_valid$picosoc.v:423$656_EN[0:0]$1203
   171/282: $1$memwr$\cache_valid$picosoc.v:423$655_EN[0:0]$1202
   172/282: $1$memwr$\cache_valid$picosoc.v:423$654_EN[0:0]$1201
   173/282: $1$memwr$\cache_valid$picosoc.v:423$653_EN[0:0]$1200
   174/282: $1$memwr$\cache_valid$picosoc.v:423$652_EN[0:0]$1199
   175/282: $1$memwr$\cache_valid$picosoc.v:423$651_EN[0:0]$1198
   176/282: $1$memwr$\cache_valid$picosoc.v:423$650_EN[0:0]$1197
   177/282: $1$memwr$\cache_valid$picosoc.v:423$649_EN[0:0]$1196
   178/282: $1$memwr$\cache_valid$picosoc.v:423$648_EN[0:0]$1195
   179/282: $1$memwr$\cache_valid$picosoc.v:423$647_EN[0:0]$1194
   180/282: $1$memwr$\cache_valid$picosoc.v:423$646_EN[0:0]$1193
   181/282: $1$memwr$\cache_valid$picosoc.v:423$645_EN[0:0]$1192
   182/282: $1$memwr$\cache_valid$picosoc.v:423$644_EN[0:0]$1191
   183/282: $1$memwr$\cache_valid$picosoc.v:423$643_EN[0:0]$1190
   184/282: $1$memwr$\cache_valid$picosoc.v:423$642_EN[0:0]$1189
   185/282: $1$memwr$\cache_valid$picosoc.v:423$641_EN[0:0]$1188
   186/282: $1$memwr$\cache_valid$picosoc.v:423$640_EN[0:0]$1187
   187/282: $1$memwr$\cache_valid$picosoc.v:423$639_EN[0:0]$1186
   188/282: $1$memwr$\cache_valid$picosoc.v:423$638_EN[0:0]$1185
   189/282: $1$memwr$\cache_valid$picosoc.v:423$637_EN[0:0]$1184
   190/282: $1$memwr$\cache_valid$picosoc.v:423$636_EN[0:0]$1183
   191/282: $1$memwr$\cache_valid$picosoc.v:423$635_EN[0:0]$1182
   192/282: $1$memwr$\cache_valid$picosoc.v:423$634_EN[0:0]$1181
   193/282: $1$memwr$\cache_valid$picosoc.v:423$633_EN[0:0]$1180
   194/282: $1$memwr$\cache_valid$picosoc.v:423$632_EN[0:0]$1179
   195/282: $1$memwr$\cache_valid$picosoc.v:423$631_EN[0:0]$1178
   196/282: $1$memwr$\cache_valid$picosoc.v:423$630_EN[0:0]$1177
   197/282: $1$memwr$\cache_valid$picosoc.v:423$629_EN[0:0]$1176
   198/282: $1$memwr$\cache_valid$picosoc.v:423$628_EN[0:0]$1175
   199/282: $1$memwr$\cache_valid$picosoc.v:423$627_EN[0:0]$1174
   200/282: $1$memwr$\cache_valid$picosoc.v:423$626_EN[0:0]$1173
   201/282: $1$memwr$\cache_valid$picosoc.v:423$625_EN[0:0]$1172
   202/282: $1$memwr$\cache_valid$picosoc.v:423$624_EN[0:0]$1171
   203/282: $1$memwr$\cache_valid$picosoc.v:423$623_EN[0:0]$1170
   204/282: $1$memwr$\cache_valid$picosoc.v:423$622_EN[0:0]$1169
   205/282: $1$memwr$\cache_valid$picosoc.v:423$621_EN[0:0]$1168
   206/282: $1$memwr$\cache_valid$picosoc.v:423$620_EN[0:0]$1167
   207/282: $1$memwr$\cache_valid$picosoc.v:423$619_EN[0:0]$1166
   208/282: $1$memwr$\cache_valid$picosoc.v:423$618_EN[0:0]$1165
   209/282: $1$memwr$\cache_valid$picosoc.v:423$617_EN[0:0]$1164
   210/282: $1$memwr$\cache_valid$picosoc.v:423$616_EN[0:0]$1163
   211/282: $1$memwr$\cache_valid$picosoc.v:423$615_EN[0:0]$1162
   212/282: $1$memwr$\cache_valid$picosoc.v:423$614_EN[0:0]$1161
   213/282: $1$memwr$\cache_valid$picosoc.v:423$613_EN[0:0]$1160
   214/282: $1$memwr$\cache_valid$picosoc.v:423$612_EN[0:0]$1159
   215/282: $1$memwr$\cache_valid$picosoc.v:423$611_EN[0:0]$1158
   216/282: $1$memwr$\cache_valid$picosoc.v:423$610_EN[0:0]$1157
   217/282: $1$memwr$\cache_valid$picosoc.v:423$609_EN[0:0]$1156
   218/282: $1$memwr$\cache_valid$picosoc.v:423$608_EN[0:0]$1155
   219/282: $1$memwr$\cache_valid$picosoc.v:423$607_EN[0:0]$1154
   220/282: $1$memwr$\cache_valid$picosoc.v:423$606_EN[0:0]$1153
   221/282: $1$memwr$\cache_valid$picosoc.v:423$605_EN[0:0]$1152
   222/282: $1$memwr$\cache_valid$picosoc.v:423$604_EN[0:0]$1151
   223/282: $1$memwr$\cache_valid$picosoc.v:423$603_EN[0:0]$1150
   224/282: $1$memwr$\cache_valid$picosoc.v:423$602_EN[0:0]$1149
   225/282: $1$memwr$\cache_valid$picosoc.v:423$601_EN[0:0]$1148
   226/282: $1$memwr$\cache_valid$picosoc.v:423$600_EN[0:0]$1147
   227/282: $1$memwr$\cache_valid$picosoc.v:423$599_EN[0:0]$1146
   228/282: $1$memwr$\cache_valid$picosoc.v:423$598_EN[0:0]$1145
   229/282: $1$memwr$\cache_valid$picosoc.v:423$597_EN[0:0]$1144
   230/282: $1$memwr$\cache_valid$picosoc.v:423$596_EN[0:0]$1143
   231/282: $1$memwr$\cache_valid$picosoc.v:423$595_EN[0:0]$1142
   232/282: $1$memwr$\cache_valid$picosoc.v:423$594_EN[0:0]$1141
   233/282: $1$memwr$\cache_valid$picosoc.v:423$593_EN[0:0]$1140
   234/282: $1$memwr$\cache_valid$picosoc.v:423$592_EN[0:0]$1139
   235/282: $1$memwr$\cache_valid$picosoc.v:423$591_EN[0:0]$1138
   236/282: $1$memwr$\cache_valid$picosoc.v:423$590_EN[0:0]$1137
   237/282: $1$memwr$\cache_valid$picosoc.v:423$589_EN[0:0]$1136
   238/282: $1$memwr$\cache_valid$picosoc.v:423$588_EN[0:0]$1135
   239/282: $1$memwr$\cache_valid$picosoc.v:423$587_EN[0:0]$1134
   240/282: $1$memwr$\cache_valid$picosoc.v:423$586_EN[0:0]$1133
   241/282: $1$memwr$\cache_valid$picosoc.v:423$585_EN[0:0]$1132
   242/282: $1$memwr$\cache_valid$picosoc.v:423$584_EN[0:0]$1131
   243/282: $1$memwr$\cache_valid$picosoc.v:423$583_EN[0:0]$1130
   244/282: $1$memwr$\cache_valid$picosoc.v:423$582_EN[0:0]$1129
   245/282: $1$memwr$\cache_valid$picosoc.v:423$581_EN[0:0]$1128
   246/282: $1$memwr$\cache_valid$picosoc.v:423$580_EN[0:0]$1127
   247/282: $1$memwr$\cache_valid$picosoc.v:423$579_EN[0:0]$1126
   248/282: $1$memwr$\cache_valid$picosoc.v:423$578_EN[0:0]$1125
   249/282: $1$memwr$\cache_valid$picosoc.v:423$577_EN[0:0]$1124
   250/282: $1$memwr$\cache_valid$picosoc.v:423$576_EN[0:0]$1123
   251/282: $1$memwr$\cache_valid$picosoc.v:423$575_EN[0:0]$1122
   252/282: $1$memwr$\cache_valid$picosoc.v:423$574_EN[0:0]$1121
   253/282: $1$memwr$\cache_valid$picosoc.v:423$573_EN[0:0]$1120
   254/282: $1$memwr$\cache_valid$picosoc.v:423$572_EN[0:0]$1119
   255/282: $1$memwr$\cache_valid$picosoc.v:423$571_EN[0:0]$1118
   256/282: $1$memwr$\cache_valid$picosoc.v:423$570_EN[0:0]$1117
   257/282: $1$memwr$\cache_valid$picosoc.v:423$569_EN[0:0]$1116
   258/282: $1$memwr$\cache_valid$picosoc.v:423$568_EN[0:0]$1115
   259/282: $1$memwr$\cache_valid$picosoc.v:423$567_EN[0:0]$1114
   260/282: $1$memwr$\cache_valid$picosoc.v:423$566_EN[0:0]$1113
   261/282: $1$memwr$\cache_valid$picosoc.v:423$565_EN[0:0]$1112
   262/282: $1$memwr$\cache_valid$picosoc.v:423$564_EN[0:0]$1111
   263/282: $1$memwr$\cache_valid$picosoc.v:423$563_EN[0:0]$1110
   264/282: $1$memwr$\cache_valid$picosoc.v:423$562_EN[0:0]$1109
   265/282: $1$memwr$\cache_valid$picosoc.v:423$561_EN[0:0]$1108
   266/282: $1$memwr$\cache_valid$picosoc.v:423$560_EN[0:0]$1107
   267/282: $1$memwr$\cache_valid$picosoc.v:423$559_EN[0:0]$1106
   268/282: $1$memwr$\cache_valid$picosoc.v:423$558_EN[0:0]$1105
   269/282: $1$memwr$\cache_valid$picosoc.v:423$557_EN[0:0]$1104
   270/282: $1$memwr$\cache_valid$picosoc.v:423$556_EN[0:0]$1103
   271/282: $1$memwr$\cache_valid$picosoc.v:434$814_EN[0:0]$1366
   272/282: $1$memwr$\cache_valid$picosoc.v:434$814_ADDR[7:0]$1365
   273/282: $1$memwr$\cache_tag$picosoc.v:433$813_EN[31:0]$1364
   274/282: $1$memwr$\cache_tag$picosoc.v:433$813_DATA[31:0]$1363
   275/282: $1$memwr$\cache_tag$picosoc.v:433$813_ADDR[7:0]$1362
   276/282: $1$memwr$\cache_data$picosoc.v:431$812_EN[31:0]$1361
   277/282: $1$memwr$\cache_data$picosoc.v:431$812_DATA[31:0]$1360
   278/282: $1$memwr$\cache_data$picosoc.v:431$812_ADDR[8:0]$1359
   279/282: $0\gen_multi.fill_count[0:0]
   280/282: $0\gen_multi.fill_active[0:0]
   281/282: $0\miss_count[31:0]
   282/282: $0\hit_count[31:0]
Creating decoders for process `\spimemio.$proc$spimemio.v:207$535'.
     1/17: $0\buffer[23:0] [23:16]
     2/17: $0\buffer[23:0] [15:8]
     3/17: $0\buffer[23:0] [7:0]
     4/17: $0\xfer_resetn[0:0]
     5/17: $0\state[3:0]
     6/17: $0\rd_inc[0:0]
     7/17: $0\rd_wait[0:0]
     8/17: $0\rd_valid[0:0]
     9/17: $0\rd_addr[23:0]
    10/17: $0\din_valid[0:0]
    11/17: $0\din_rd[0:0]
    12/17: $0\din_ddr[0:0]
    13/17: $0\din_qspi[0:0]
    14/17: $0\din_cont[0:0]
    15/17: $0\din_tag[3:0]
    16/17: $0\din_data[7:0]
    17/17: $0\rdata[31:0]
Creating decoders for process `\spimemio.$proc$spimemio.v:151$517'.
Creating decoders for process `\spimemio.$proc$spimemio.v:99$513'.
     1/10: $0\softreset[0:0]
     2/10: $0\config_do[3:0]
     3/10: $0\config_clk[0:0]
     4/10: $0\config_csb[0:0]
     5/10: $0\config_oe[3:0]
     6/10: $0\config_dummy[3:0]
     7/10: $0\config_cont[0:0]
     8/10: $0\config_qspi[0:0]
     9/10: $0\config_ddr[0:0]
    10/10: $0\config_en[0:0]
Creating decoders for process `\simpleuart.$proc$simpleuart.v:109$493'.
     1/4: $0\send_divcnt[31:0]
     2/4: $0\send_dummy[0:0]
     3/4: $0\send_bitcnt[3:0]
     4/4: $0\send_pattern[9:0]
Creating decoders for process `\simpleuart.$proc$simpleuart.v:66$484'.
     1/5: $0\recv_divcnt[31:0]
     2/5: $0\recv_buf_valid[0:0]
     3/5: $0\recv_buf_data[7:0]
     4/5: $0\recv_pattern[7:0]
     5/5: $0\recv_state[3:0]
Creating decoders for process `\simpleuart.$proc$simpleuart.v:55$482'.
     1/4: $0\cfg_divider[31:0] [31:24]
     2/4: $0\cfg_divider[31:0] [23:16]
     3/4: $0\cfg_divider[31:0] [15:8]
     4/4: $0\cfg_divider[31:0] [7:0]
Creating decoders for process `\seven_seg_hex.$proc$icebreaker.v:242$471'.
     1/1: $1\dout[6:0]
Creating decoders for process `\seven_seg_ctrl.$proc$icebreaker.v:218$470'.
Creating decoders for process `\seven_seg_ctrl.$proc$icebreaker.v:217$469'.
Creating decoders for process `\seven_seg_ctrl.$proc$icebreaker.v:216$468'.
Creating decoders for process `\seven_seg_ctrl.$proc$icebreaker.v:220$462'.
     1/2: $0\dout[7:0] [7]
     2/2: $0\dout[7:0] [6:0]
Creating decoders for process `$paramod$f03d4e23a3a44173f9a2edec4a46578428035902\picosoc.$proc$picosoc.v:255$452'.
Creating decoders for process `$paramod$f03d4e23a3a44173f9a2edec4a46578428035902\picosoc.$proc$picosoc.v:93$405'.
Creating decoders for process `\icebreaker.$proc$icebreaker.v:76$404'.
Creating decoders for process `\icebreaker.$proc$icebreaker.v:68$403'.
Creating decoders for process `\icebreaker.$proc$icebreaker.v:132$397'.
     1/6: $0\gpio[31:0] [31:24]
     2/6: $0\gpio[31:0] [23:16]
     3/6: $0\gpio[31:0] [15:8]
     4/6: $0\gpio[31:0] [7:0]
     5/6: $0\iomem_rdata[31:0]
     6/6: $0\iomem_ready[0:0]
Creating decoders for process `\icebreaker.$proc$icebreaker.v:79$392'.
Creating decoders for process `\icebreaker.$proc$icebreaker.v:70$389'.

7.4.8. Executing PROC_DLATCH pass (convert process syncs to latches).
No latch inferred for signal `\picorv32_pcpi_fast_mul.\instr_mul' from process `\picorv32_pcpi_fast_mul.$proc$../picorv32.v:2348$2129'.
No latch inferred for signal `\picorv32_pcpi_fast_mul.\instr_mulh' from process `\picorv32_pcpi_fast_mul.$proc$../picorv32.v:2348$2129'.
No latch inferred for signal `\picorv32_pcpi_fast_mul.\instr_mulhsu' from process `\picorv32_pcpi_fast_mul.$proc$../picorv32.v:2348$2129'.
No latch inferred for signal `\picorv32_pcpi_fast_mul.\instr_mulhu' from process `\picorv32_pcpi_fast_mul.$proc$../picorv32.v:2348$2129'.
No latch inferred for signal `\spimemio_xfer.\flash_io0_oe' from process `\spimemio_xfer.$proc$spimemio.v:447$2081'.
No latch inferred for signal `\spimemio_xfer.\flash_io0_do' from process `\spimemio_xfer.$proc$spimemio.v:447$2081'.
No latch inferred for signal `\spimemio_xfer.\flash_io1_oe' from process `\spimemio_xfer.$proc$spimemio.v:447$2081'.
No latch inferred for signal `\spimemio_xfer.\flash_io1_do' from process `\spimemio_xfer.$proc$spimemio.v:447$2081'.
No latch inferred for signal `\spimemio_xfer.\flash_io2_oe' from process `\spimemio_xfer.$proc$spimemio.v:447$2081'.
No latch inferred for signal `\spimemio_xfer.\flash_io2_do' from process `\spimemio_xfer.$proc$spimemio.v:447$2081'.
No latch inferred for signal `\spimemio_xfer.\flash_io3_oe' from process `\spimemio_xfer.$proc$spimemio.v:447$2081'.
No latch inferred for signal `\spimemio_xfer.\flash_io3_do' from process `\spimemio_xfer.$proc$spimemio.v:447$2081'.
No latch inferred for signal `\spimemio_xfer.\next_obuffer' from process `\spimemio_xfer.$proc$spimemio.v:447$2081'.
No latch inferred for signal `\spimemio_xfer.\next_ibuffer' from process `\spimemio_xfer.$proc$spimemio.v:447$2081'.
No latch inferred for signal `\spimemio_xfer.\next_count' from process `\spimemio_xfer.$proc$spimemio.v:447$2081'.
No latch inferred for signal `\spimemio_xfer.\next_fetch' from process `\spimemio_xfer.$proc$spimemio.v:447$2081'.
No latch inferred for signal `$paramod$d10354c6a96dde45072006c7ddf03c042761ad93\picorv32.\cpuregs_rs1' from process `$paramod$d10354c6a96dde45072006c7ddf03c042761ad93\picorv32.$proc$../picorv32.v:1387$1866'.
No latch inferred for signal `$paramod$d10354c6a96dde45072006c7ddf03c042761ad93\picorv32.\cpuregs_rs2' from process `$paramod$d10354c6a96dde45072006c7ddf03c042761ad93\picorv32.$proc$../picorv32.v:1387$1866'.
No latch inferred for signal `$paramod$d10354c6a96dde45072006c7ddf03c042761ad93\picorv32.\decoded_rs' from process `$paramod$d10354c6a96dde45072006c7ddf03c042761ad93\picorv32.$proc$../picorv32.v:1387$1866'.
No latch inferred for signal `$paramod$d10354c6a96dde45072006c7ddf03c042761ad93\picorv32.\cpuregs_write' from process `$paramod$d10354c6a96dde45072006c7ddf03c042761ad93\picorv32.$proc$../picorv32.v:1309$1852'.
No latch inferred for signal `$paramod$d10354c6a96dde45072006c7ddf03c042761ad93\picorv32.\cpuregs_wrdata' from process `$paramod$d10354c6a96dde45072006c7ddf03c042761ad93\picorv32.$proc$../picorv32.v:1309$1852'.
No latch inferred for signal `$paramod$d10354c6a96dde45072006c7ddf03c042761ad93\picorv32.\clear_prefetched_high_word' from process `$paramod$d10354c6a96dde45072006c7ddf03c042761ad93\picorv32.$proc$../picorv32.v:1295$1847'.
No latch inferred for signal `$paramod$d10354c6a96dde45072006c7ddf03c042761ad93\picorv32.\alu_out' from process `$paramod$d10354c6a96dde45072006c7ddf03c042761ad93\picorv32.$proc$../picorv32.v:1249$1824'.
No latch inferred for signal `$paramod$d10354c6a96dde45072006c7ddf03c042761ad93\picorv32.\alu_out_0' from process `$paramod$d10354c6a96dde45072006c7ddf03c042761ad93\picorv32.$proc$../picorv32.v:1249$1824'.
No latch inferred for signal `$paramod$d10354c6a96dde45072006c7ddf03c042761ad93\picorv32.\dbg_ascii_state' from process `$paramod$d10354c6a96dde45072006c7ddf03c042761ad93\picorv32.$proc$../picorv32.v:1186$1812'.
No latch inferred for signal `$paramod$d10354c6a96dde45072006c7ddf03c042761ad93\picorv32.\dbg_insn_opcode' from process `$paramod$d10354c6a96dde45072006c7ddf03c042761ad93\picorv32.$proc$../picorv32.v:809$1547'.
No latch inferred for signal `$paramod$d10354c6a96dde45072006c7ddf03c042761ad93\picorv32.\dbg_ascii_instr' from process `$paramod$d10354c6a96dde45072006c7ddf03c042761ad93\picorv32.$proc$../picorv32.v:809$1547'.
No latch inferred for signal `$paramod$d10354c6a96dde45072006c7ddf03c042761ad93\picorv32.\dbg_insn_imm' from process `$paramod$d10354c6a96dde45072006c7ddf03c042761ad93\picorv32.$proc$../picorv32.v:809$1547'.
No latch inferred for signal `$paramod$d10354c6a96dde45072006c7ddf03c042761ad93\picorv32.\dbg_insn_rs1' from process `$paramod$d10354c6a96dde45072006c7ddf03c042761ad93\picorv32.$proc$../picorv32.v:809$1547'.
No latch inferred for signal `$paramod$d10354c6a96dde45072006c7ddf03c042761ad93\picorv32.\dbg_insn_rs2' from process `$paramod$d10354c6a96dde45072006c7ddf03c042761ad93\picorv32.$proc$../picorv32.v:809$1547'.
No latch inferred for signal `$paramod$d10354c6a96dde45072006c7ddf03c042761ad93\picorv32.\dbg_insn_rd' from process `$paramod$d10354c6a96dde45072006c7ddf03c042761ad93\picorv32.$proc$../picorv32.v:809$1547'.
No latch inferred for signal `$paramod$d10354c6a96dde45072006c7ddf03c042761ad93\picorv32.\new_ascii_instr' from process `$paramod$d10354c6a96dde45072006c7ddf03c042761ad93\picorv32.$proc$../picorv32.v:701$1542'.
No latch inferred for signal `$paramod$d10354c6a96dde45072006c7ddf03c042761ad93\picorv32.\alu_add_sub' from process `$paramod$d10354c6a96dde45072006c7ddf03c042761ad93\picorv32.$proc$../picorv32.v:1239$2061'.
No latch inferred for signal `$paramod$d10354c6a96dde45072006c7ddf03c042761ad93\picorv32.\alu_shl' from process `$paramod$d10354c6a96dde45072006c7ddf03c042761ad93\picorv32.$proc$../picorv32.v:1239$2061'.
No latch inferred for signal `$paramod$d10354c6a96dde45072006c7ddf03c042761ad93\picorv32.\alu_shr' from process `$paramod$d10354c6a96dde45072006c7ddf03c042761ad93\picorv32.$proc$../picorv32.v:1239$2061'.
No latch inferred for signal `$paramod$d10354c6a96dde45072006c7ddf03c042761ad93\picorv32.\alu_eq' from process `$paramod$d10354c6a96dde45072006c7ddf03c042761ad93\picorv32.$proc$../picorv32.v:1239$2061'.
No latch inferred for signal `$paramod$d10354c6a96dde45072006c7ddf03c042761ad93\picorv32.\alu_ltu' from process `$paramod$d10354c6a96dde45072006c7ddf03c042761ad93\picorv32.$proc$../picorv32.v:1239$2061'.
No latch inferred for signal `$paramod$d10354c6a96dde45072006c7ddf03c042761ad93\picorv32.\alu_lts' from process `$paramod$d10354c6a96dde45072006c7ddf03c042761ad93\picorv32.$proc$../picorv32.v:1239$2061'.
No latch inferred for signal `$paramod$d10354c6a96dde45072006c7ddf03c042761ad93\picorv32.\mem_la_wdata' from process `$paramod$d10354c6a96dde45072006c7ddf03c042761ad93\picorv32.$proc$../picorv32.v:401$1477'.
No latch inferred for signal `$paramod$d10354c6a96dde45072006c7ddf03c042761ad93\picorv32.\mem_la_wstrb' from process `$paramod$d10354c6a96dde45072006c7ddf03c042761ad93\picorv32.$proc$../picorv32.v:401$1477'.
No latch inferred for signal `$paramod$d10354c6a96dde45072006c7ddf03c042761ad93\picorv32.\mem_rdata_word' from process `$paramod$d10354c6a96dde45072006c7ddf03c042761ad93\picorv32.$proc$../picorv32.v:401$1477'.
No latch inferred for signal `$paramod$d10354c6a96dde45072006c7ddf03c042761ad93\picorv32.\pcpi_int_wr' from process `$paramod$d10354c6a96dde45072006c7ddf03c042761ad93\picorv32.$proc$../picorv32.v:325$1398'.
No latch inferred for signal `$paramod$d10354c6a96dde45072006c7ddf03c042761ad93\picorv32.\pcpi_int_rd' from process `$paramod$d10354c6a96dde45072006c7ddf03c042761ad93\picorv32.$proc$../picorv32.v:325$1398'.
No latch inferred for signal `$paramod$d10354c6a96dde45072006c7ddf03c042761ad93\picorv32.\pcpi_int_wait' from process `$paramod$d10354c6a96dde45072006c7ddf03c042761ad93\picorv32.$proc$../picorv32.v:325$1398'.
No latch inferred for signal `$paramod$d10354c6a96dde45072006c7ddf03c042761ad93\picorv32.\pcpi_int_ready' from process `$paramod$d10354c6a96dde45072006c7ddf03c042761ad93\picorv32.$proc$../picorv32.v:325$1398'.
No latch inferred for signal `\seven_seg_hex.\dout' from process `\seven_seg_hex.$proc$icebreaker.v:242$471'.
No latch inferred for signal `$paramod$f03d4e23a3a44173f9a2edec4a46578428035902\picosoc.\irq' from process `$paramod$f03d4e23a3a44173f9a2edec4a46578428035902\picosoc.$proc$picosoc.v:93$405'.

7.4.9. Executing PROC_DFF pass (convert process syncs to FFs).
Creating register for signal `\picosoc_regs.$memwr$\regs$picosoc.v:791$2142_ADDR' using process `\picosoc_regs.$proc$picosoc.v:790$2143'.
  created $dff cell `$procdff$6843' with positive edge clock.
Creating register for signal `\picosoc_regs.$memwr$\regs$picosoc.v:791$2142_DATA' using process `\picosoc_regs.$proc$picosoc.v:790$2143'.
  created $dff cell `$procdff$6844' with positive edge clock.
Creating register for signal `\picosoc_regs.$memwr$\regs$picosoc.v:791$2142_EN' using process `\picosoc_regs.$proc$picosoc.v:790$2143'.
  created $dff cell `$procdff$6845' with positive edge clock.
Creating register for signal `\picorv32_pcpi_fast_mul.\shift_out' using process `\picorv32_pcpi_fast_mul.$proc$../picorv32.v:2378$2136'.
  created $dff cell `$procdff$6846' with positive edge clock.
Creating register for signal `\picorv32_pcpi_fast_mul.\active' using process `\picorv32_pcpi_fast_mul.$proc$../picorv32.v:2378$2136'.
  created $dff cell `$procdff$6847' with positive edge clock.
Creating register for signal `\picorv32_pcpi_fast_mul.\rs1' using process `\picorv32_pcpi_fast_mul.$proc$../picorv32.v:2378$2136'.
  created $dff cell `$procdff$6848' with positive edge clock.
Creating register for signal `\picorv32_pcpi_fast_mul.\rs2' using process `\picorv32_pcpi_fast_mul.$proc$../picorv32.v:2378$2136'.
  created $dff cell `$procdff$6849' with positive edge clock.
Creating register for signal `\picorv32_pcpi_fast_mul.\rs1_q' using process `\picorv32_pcpi_fast_mul.$proc$../picorv32.v:2364$2131'.
  created $dff cell `$procdff$6850' with positive edge clock.
Creating register for signal `\picorv32_pcpi_fast_mul.\rs2_q' using process `\picorv32_pcpi_fast_mul.$proc$../picorv32.v:2364$2131'.
  created $dff cell `$procdff$6851' with positive edge clock.
Creating register for signal `\picorv32_pcpi_fast_mul.\rd' using process `\picorv32_pcpi_fast_mul.$proc$../picorv32.v:2364$2131'.
  created $dff cell `$procdff$6852' with positive edge clock.
Creating register for signal `\picorv32_pcpi_fast_mul.\rd_q' using process `\picorv32_pcpi_fast_mul.$proc$../picorv32.v:2364$2131'.
  created $dff cell `$procdff$6853' with positive edge clock.
Creating register for signal `\picorv32_pcpi_fast_mul.\pcpi_insn_valid_q' using process `\picorv32_pcpi_fast_mul.$proc$../picorv32.v:2364$2131'.
  created $dff cell `$procdff$6854' with positive edge clock.
Creating register for signal `\spimemio_xfer.\flash_csb' using process `\spimemio_xfer.$proc$spimemio.v:535$2105'.
  created $dff cell `$procdff$6855' with positive edge clock.
Creating register for signal `\spimemio_xfer.\flash_clk' using process `\spimemio_xfer.$proc$spimemio.v:535$2105'.
  created $dff cell `$procdff$6856' with positive edge clock.
Creating register for signal `\spimemio_xfer.\xfer_dspi' using process `\spimemio_xfer.$proc$spimemio.v:535$2105'.
  created $dff cell `$procdff$6857' with positive edge clock.
Creating register for signal `\spimemio_xfer.\xfer_ddr' using process `\spimemio_xfer.$proc$spimemio.v:535$2105'.
  created $dff cell `$procdff$6858' with positive edge clock.
Creating register for signal `\spimemio_xfer.\obuffer' using process `\spimemio_xfer.$proc$spimemio.v:535$2105'.
  created $dff cell `$procdff$6859' with positive edge clock.
Creating register for signal `\spimemio_xfer.\ibuffer' using process `\spimemio_xfer.$proc$spimemio.v:535$2105'.
  created $dff cell `$procdff$6860' with positive edge clock.
Creating register for signal `\spimemio_xfer.\count' using process `\spimemio_xfer.$proc$spimemio.v:535$2105'.
  created $dff cell `$procdff$6861' with positive edge clock.
Creating register for signal `\spimemio_xfer.\dummy_count' using process `\spimemio_xfer.$proc$spimemio.v:535$2105'.
  created $dff cell `$procdff$6862' with positive edge clock.
Creating register for signal `\spimemio_xfer.\xfer_cont' using process `\spimemio_xfer.$proc$spimemio.v:535$2105'.
  created $dff cell `$procdff$6863' with positive edge clock.
Creating register for signal `\spimemio_xfer.\xfer_qspi' using process `\spimemio_xfer.$proc$spimemio.v:535$2105'.
  created $dff cell `$procdff$6864' with positive edge clock.
Creating register for signal `\spimemio_xfer.\xfer_rd' using process `\spimemio_xfer.$proc$spimemio.v:535$2105'.
  created $dff cell `$procdff$6865' with positive edge clock.
Creating register for signal `\spimemio_xfer.\xfer_tag' using process `\spimemio_xfer.$proc$spimemio.v:535$2105'.
  created $dff cell `$procdff$6866' with positive edge clock.
Creating register for signal `\spimemio_xfer.\fetch' using process `\spimemio_xfer.$proc$spimemio.v:535$2105'.
  created $dff cell `$procdff$6867' with positive edge clock.
Creating register for signal `\spimemio_xfer.\last_fetch' using process `\spimemio_xfer.$proc$spimemio.v:535$2105'.
  created $dff cell `$procdff$6868' with positive edge clock.
Creating register for signal `\spimemio_xfer.\xfer_ddr_q' using process `\spimemio_xfer.$proc$spimemio.v:436$2072'.
  created $dff cell `$procdff$6869' with positive edge clock.
Creating register for signal `\spimemio_xfer.\xfer_tag_q' using process `\spimemio_xfer.$proc$spimemio.v:436$2072'.
  created $dff cell `$procdff$6870' with positive edge clock.
Creating register for signal `$paramod$d10354c6a96dde45072006c7ddf03c042761ad93\picorv32.\trap' using process `$paramod$d10354c6a96dde45072006c7ddf03c042761ad93\picorv32.$proc$../picorv32.v:1402$1880'.
  created $dff cell `$procdff$6871' with positive edge clock.
Creating register for signal `$paramod$d10354c6a96dde45072006c7ddf03c042761ad93\picorv32.\pcpi_valid' using process `$paramod$d10354c6a96dde45072006c7ddf03c042761ad93\picorv32.$proc$../picorv32.v:1402$1880'.
  created $dff cell `$procdff$6872' with positive edge clock.
Creating register for signal `$paramod$d10354c6a96dde45072006c7ddf03c042761ad93\picorv32.\eoi' using process `$paramod$d10354c6a96dde45072006c7ddf03c042761ad93\picorv32.$proc$../picorv32.v:1402$1880'.
  created $dff cell `$procdff$6873' with positive edge clock.
Creating register for signal `$paramod$d10354c6a96dde45072006c7ddf03c042761ad93\picorv32.\trace_valid' using process `$paramod$d10354c6a96dde45072006c7ddf03c042761ad93\picorv32.$proc$../picorv32.v:1402$1880'.
  created $dff cell `$procdff$6874' with positive edge clock.
Creating register for signal `$paramod$d10354c6a96dde45072006c7ddf03c042761ad93\picorv32.\trace_data' using process `$paramod$d10354c6a96dde45072006c7ddf03c042761ad93\picorv32.$proc$../picorv32.v:1402$1880'.
  created $dff cell `$procdff$6875' with positive edge clock.
Creating register for signal `$paramod$d10354c6a96dde45072006c7ddf03c042761ad93\picorv32.\count_cycle' using process `$paramod$d10354c6a96dde45072006c7ddf03c042761ad93\picorv32.$proc$../picorv32.v:1402$1880'.
  created $dff cell `$procdff$6876' with positive edge clock.
Creating register for signal `$paramod$d10354c6a96dde45072006c7ddf03c042761ad93\picorv32.\count_instr' using process `$paramod$d10354c6a96dde45072006c7ddf03c042761ad93\picorv32.$proc$../picorv32.v:1402$1880'.
  created $dff cell `$procdff$6877' with positive edge clock.
Creating register for signal `$paramod$d10354c6a96dde45072006c7ddf03c042761ad93\picorv32.\reg_pc' using process `$paramod$d10354c6a96dde45072006c7ddf03c042761ad93\picorv32.$proc$../picorv32.v:1402$1880'.
  created $dff cell `$procdff$6878' with positive edge clock.
Creating register for signal `$paramod$d10354c6a96dde45072006c7ddf03c042761ad93\picorv32.\reg_next_pc' using process `$paramod$d10354c6a96dde45072006c7ddf03c042761ad93\picorv32.$proc$../picorv32.v:1402$1880'.
  created $dff cell `$procdff$6879' with positive edge clock.
Creating register for signal `$paramod$d10354c6a96dde45072006c7ddf03c042761ad93\picorv32.\reg_op1' using process `$paramod$d10354c6a96dde45072006c7ddf03c042761ad93\picorv32.$proc$../picorv32.v:1402$1880'.
  created $dff cell `$procdff$6880' with positive edge clock.
Creating register for signal `$paramod$d10354c6a96dde45072006c7ddf03c042761ad93\picorv32.\reg_op2' using process `$paramod$d10354c6a96dde45072006c7ddf03c042761ad93\picorv32.$proc$../picorv32.v:1402$1880'.
  created $dff cell `$procdff$6881' with positive edge clock.
Creating register for signal `$paramod$d10354c6a96dde45072006c7ddf03c042761ad93\picorv32.\reg_out' using process `$paramod$d10354c6a96dde45072006c7ddf03c042761ad93\picorv32.$proc$../picorv32.v:1402$1880'.
  created $dff cell `$procdff$6882' with positive edge clock.
Creating register for signal `$paramod$d10354c6a96dde45072006c7ddf03c042761ad93\picorv32.\reg_sh' using process `$paramod$d10354c6a96dde45072006c7ddf03c042761ad93\picorv32.$proc$../picorv32.v:1402$1880'.
  created $dff cell `$procdff$6883' with positive edge clock.
Creating register for signal `$paramod$d10354c6a96dde45072006c7ddf03c042761ad93\picorv32.\irq_delay' using process `$paramod$d10354c6a96dde45072006c7ddf03c042761ad93\picorv32.$proc$../picorv32.v:1402$1880'.
  created $dff cell `$procdff$6884' with positive edge clock.
Creating register for signal `$paramod$d10354c6a96dde45072006c7ddf03c042761ad93\picorv32.\irq_active' using process `$paramod$d10354c6a96dde45072006c7ddf03c042761ad93\picorv32.$proc$../picorv32.v:1402$1880'.
  created $dff cell `$procdff$6885' with positive edge clock.
Creating register for signal `$paramod$d10354c6a96dde45072006c7ddf03c042761ad93\picorv32.\irq_mask' using process `$paramod$d10354c6a96dde45072006c7ddf03c042761ad93\picorv32.$proc$../picorv32.v:1402$1880'.
  created $dff cell `$procdff$6886' with positive edge clock.
Creating register for signal `$paramod$d10354c6a96dde45072006c7ddf03c042761ad93\picorv32.\irq_pending' using process `$paramod$d10354c6a96dde45072006c7ddf03c042761ad93\picorv32.$proc$../picorv32.v:1402$1880'.
  created $dff cell `$procdff$6887' with positive edge clock.
Creating register for signal `$paramod$d10354c6a96dde45072006c7ddf03c042761ad93\picorv32.\timer' using process `$paramod$d10354c6a96dde45072006c7ddf03c042761ad93\picorv32.$proc$../picorv32.v:1402$1880'.
  created $dff cell `$procdff$6888' with positive edge clock.
Creating register for signal `$paramod$d10354c6a96dde45072006c7ddf03c042761ad93\picorv32.\mem_wordsize' using process `$paramod$d10354c6a96dde45072006c7ddf03c042761ad93\picorv32.$proc$../picorv32.v:1402$1880'.
  created $dff cell `$procdff$6889' with positive edge clock.
Creating register for signal `$paramod$d10354c6a96dde45072006c7ddf03c042761ad93\picorv32.\mem_do_prefetch' using process `$paramod$d10354c6a96dde45072006c7ddf03c042761ad93\picorv32.$proc$../picorv32.v:1402$1880'.
  created $dff cell `$procdff$6890' with positive edge clock.
Creating register for signal `$paramod$d10354c6a96dde45072006c7ddf03c042761ad93\picorv32.\mem_do_rinst' using process `$paramod$d10354c6a96dde45072006c7ddf03c042761ad93\picorv32.$proc$../picorv32.v:1402$1880'.
  created $dff cell `$procdff$6891' with positive edge clock.
Creating register for signal `$paramod$d10354c6a96dde45072006c7ddf03c042761ad93\picorv32.\mem_do_rdata' using process `$paramod$d10354c6a96dde45072006c7ddf03c042761ad93\picorv32.$proc$../picorv32.v:1402$1880'.
  created $dff cell `$procdff$6892' with positive edge clock.
Creating register for signal `$paramod$d10354c6a96dde45072006c7ddf03c042761ad93\picorv32.\mem_do_wdata' using process `$paramod$d10354c6a96dde45072006c7ddf03c042761ad93\picorv32.$proc$../picorv32.v:1402$1880'.
  created $dff cell `$procdff$6893' with positive edge clock.
Creating register for signal `$paramod$d10354c6a96dde45072006c7ddf03c042761ad93\picorv32.\decoder_trigger' using process `$paramod$d10354c6a96dde45072006c7ddf03c042761ad93\picorv32.$proc$../picorv32.v:1402$1880'.
  created $dff cell `$procdff$6894' with positive edge clock.
Creating register for signal `$paramod$d10354c6a96dde45072006c7ddf03c042761ad93\picorv32.\decoder_trigger_q' using process `$paramod$d10354c6a96dde45072006c7ddf03c042761ad93\picorv32.$proc$../picorv32.v:1402$1880'.
  created $dff cell `$procdff$6895' with positive edge clock.
Creating register for signal `$paramod$d10354c6a96dde45072006c7ddf03c042761ad93\picorv32.\decoder_pseudo_trigger' using process `$paramod$d10354c6a96dde45072006c7ddf03c042761ad93\picorv32.$proc$../picorv32.v:1402$1880'.
  created $dff cell `$procdff$6896' with positive edge clock.
Creating register for signal `$paramod$d10354c6a96dde45072006c7ddf03c042761ad93\picorv32.\decoder_pseudo_trigger_q' using process `$paramod$d10354c6a96dde45072006c7ddf03c042761ad93\picorv32.$proc$../picorv32.v:1402$1880'.
  created $dff cell `$procdff$6897' with positive edge clock.
Creating register for signal `$paramod$d10354c6a96dde45072006c7ddf03c042761ad93\picorv32.\dbg_rs1val' using process `$paramod$d10354c6a96dde45072006c7ddf03c042761ad93\picorv32.$proc$../picorv32.v:1402$1880'.
  created $dff cell `$procdff$6898' with positive edge clock.
Creating register for signal `$paramod$d10354c6a96dde45072006c7ddf03c042761ad93\picorv32.\dbg_rs2val' using process `$paramod$d10354c6a96dde45072006c7ddf03c042761ad93\picorv32.$proc$../picorv32.v:1402$1880'.
  created $dff cell `$procdff$6899' with positive edge clock.
Creating register for signal `$paramod$d10354c6a96dde45072006c7ddf03c042761ad93\picorv32.\dbg_rs1val_valid' using process `$paramod$d10354c6a96dde45072006c7ddf03c042761ad93\picorv32.$proc$../picorv32.v:1402$1880'.
  created $dff cell `$procdff$6900' with positive edge clock.
Creating register for signal `$paramod$d10354c6a96dde45072006c7ddf03c042761ad93\picorv32.\dbg_rs2val_valid' using process `$paramod$d10354c6a96dde45072006c7ddf03c042761ad93\picorv32.$proc$../picorv32.v:1402$1880'.
  created $dff cell `$procdff$6901' with positive edge clock.
Creating register for signal `$paramod$d10354c6a96dde45072006c7ddf03c042761ad93\picorv32.\cpu_state' using process `$paramod$d10354c6a96dde45072006c7ddf03c042761ad93\picorv32.$proc$../picorv32.v:1402$1880'.
  created $dff cell `$procdff$6902' with positive edge clock.
Creating register for signal `$paramod$d10354c6a96dde45072006c7ddf03c042761ad93\picorv32.\irq_state' using process `$paramod$d10354c6a96dde45072006c7ddf03c042761ad93\picorv32.$proc$../picorv32.v:1402$1880'.
  created $dff cell `$procdff$6903' with positive edge clock.
Creating register for signal `$paramod$d10354c6a96dde45072006c7ddf03c042761ad93\picorv32.\set_mem_do_rinst' using process `$paramod$d10354c6a96dde45072006c7ddf03c042761ad93\picorv32.$proc$../picorv32.v:1402$1880'.
  created $dff cell `$procdff$6904' with positive edge clock.
Creating register for signal `$paramod$d10354c6a96dde45072006c7ddf03c042761ad93\picorv32.\set_mem_do_rdata' using process `$paramod$d10354c6a96dde45072006c7ddf03c042761ad93\picorv32.$proc$../picorv32.v:1402$1880'.
  created $dff cell `$procdff$6905' with positive edge clock.
Creating register for signal `$paramod$d10354c6a96dde45072006c7ddf03c042761ad93\picorv32.\set_mem_do_wdata' using process `$paramod$d10354c6a96dde45072006c7ddf03c042761ad93\picorv32.$proc$../picorv32.v:1402$1880'.
  created $dff cell `$procdff$6906' with positive edge clock.
Creating register for signal `$paramod$d10354c6a96dde45072006c7ddf03c042761ad93\picorv32.\latched_store' using process `$paramod$d10354c6a96dde45072006c7ddf03c042761ad93\picorv32.$proc$../picorv32.v:1402$1880'.
  created $dff cell `$procdff$6907' with positive edge clock.
Creating register for signal `$paramod$d10354c6a96dde45072006c7ddf03c042761ad93\picorv32.\latched_stalu' using process `$paramod$d10354c6a96dde45072006c7ddf03c042761ad93\picorv32.$proc$../picorv32.v:1402$1880'.
  created $dff cell `$procdff$6908' with positive edge clock.
Creating register for signal `$paramod$d10354c6a96dde45072006c7ddf03c042761ad93\picorv32.\latched_branch' using process `$paramod$d10354c6a96dde45072006c7ddf03c042761ad93\picorv32.$proc$../picorv32.v:1402$1880'.
  created $dff cell `$procdff$6909' with positive edge clock.
Creating register for signal `$paramod$d10354c6a96dde45072006c7ddf03c042761ad93\picorv32.\latched_compr' using process `$paramod$d10354c6a96dde45072006c7ddf03c042761ad93\picorv32.$proc$../picorv32.v:1402$1880'.
  created $dff cell `$procdff$6910' with positive edge clock.
Creating register for signal `$paramod$d10354c6a96dde45072006c7ddf03c042761ad93\picorv32.\latched_trace' using process `$paramod$d10354c6a96dde45072006c7ddf03c042761ad93\picorv32.$proc$../picorv32.v:1402$1880'.
  created $dff cell `$procdff$6911' with positive edge clock.
Creating register for signal `$paramod$d10354c6a96dde45072006c7ddf03c042761ad93\picorv32.\latched_is_lu' using process `$paramod$d10354c6a96dde45072006c7ddf03c042761ad93\picorv32.$proc$../picorv32.v:1402$1880'.
  created $dff cell `$procdff$6912' with positive edge clock.
Creating register for signal `$paramod$d10354c6a96dde45072006c7ddf03c042761ad93\picorv32.\latched_is_lh' using process `$paramod$d10354c6a96dde45072006c7ddf03c042761ad93\picorv32.$proc$../picorv32.v:1402$1880'.
  created $dff cell `$procdff$6913' with positive edge clock.
Creating register for signal `$paramod$d10354c6a96dde45072006c7ddf03c042761ad93\picorv32.\latched_is_lb' using process `$paramod$d10354c6a96dde45072006c7ddf03c042761ad93\picorv32.$proc$../picorv32.v:1402$1880'.
  created $dff cell `$procdff$6914' with positive edge clock.
Creating register for signal `$paramod$d10354c6a96dde45072006c7ddf03c042761ad93\picorv32.\latched_rd' using process `$paramod$d10354c6a96dde45072006c7ddf03c042761ad93\picorv32.$proc$../picorv32.v:1402$1880'.
  created $dff cell `$procdff$6915' with positive edge clock.
Creating register for signal `$paramod$d10354c6a96dde45072006c7ddf03c042761ad93\picorv32.\current_pc' using process `$paramod$d10354c6a96dde45072006c7ddf03c042761ad93\picorv32.$proc$../picorv32.v:1402$1880'.
  created $dff cell `$procdff$6916' with positive edge clock.
Creating register for signal `$paramod$d10354c6a96dde45072006c7ddf03c042761ad93\picorv32.\pcpi_timeout_counter' using process `$paramod$d10354c6a96dde45072006c7ddf03c042761ad93\picorv32.$proc$../picorv32.v:1402$1880'.
  created $dff cell `$procdff$6917' with positive edge clock.
Creating register for signal `$paramod$d10354c6a96dde45072006c7ddf03c042761ad93\picorv32.\pcpi_timeout' using process `$paramod$d10354c6a96dde45072006c7ddf03c042761ad93\picorv32.$proc$../picorv32.v:1402$1880'.
  created $dff cell `$procdff$6918' with positive edge clock.
Creating register for signal `$paramod$d10354c6a96dde45072006c7ddf03c042761ad93\picorv32.\next_irq_pending' using process `$paramod$d10354c6a96dde45072006c7ddf03c042761ad93\picorv32.$proc$../picorv32.v:1402$1880'.
  created $dff cell `$procdff$6919' with positive edge clock.
Creating register for signal `$paramod$d10354c6a96dde45072006c7ddf03c042761ad93\picorv32.\do_waitirq' using process `$paramod$d10354c6a96dde45072006c7ddf03c042761ad93\picorv32.$proc$../picorv32.v:1402$1880'.
  created $dff cell `$procdff$6920' with positive edge clock.
Creating register for signal `$paramod$d10354c6a96dde45072006c7ddf03c042761ad93\picorv32.\alu_out_q' using process `$paramod$d10354c6a96dde45072006c7ddf03c042761ad93\picorv32.$proc$../picorv32.v:1402$1880'.
  created $dff cell `$procdff$6921' with positive edge clock.
Creating register for signal `$paramod$d10354c6a96dde45072006c7ddf03c042761ad93\picorv32.\alu_out_0_q' using process `$paramod$d10354c6a96dde45072006c7ddf03c042761ad93\picorv32.$proc$../picorv32.v:1402$1880'.
  created $dff cell `$procdff$6922' with positive edge clock.
Creating register for signal `$paramod$d10354c6a96dde45072006c7ddf03c042761ad93\picorv32.\alu_wait' using process `$paramod$d10354c6a96dde45072006c7ddf03c042761ad93\picorv32.$proc$../picorv32.v:1402$1880'.
  created $dff cell `$procdff$6923' with positive edge clock.
Creating register for signal `$paramod$d10354c6a96dde45072006c7ddf03c042761ad93\picorv32.\alu_wait_2' using process `$paramod$d10354c6a96dde45072006c7ddf03c042761ad93\picorv32.$proc$../picorv32.v:1402$1880'.
  created $dff cell `$procdff$6924' with positive edge clock.
Creating register for signal `$paramod$d10354c6a96dde45072006c7ddf03c042761ad93\picorv32.\clear_prefetched_high_word_q' using process `$paramod$d10354c6a96dde45072006c7ddf03c042761ad93\picorv32.$proc$../picorv32.v:1293$1846'.
  created $dff cell `$procdff$6925' with positive edge clock.
Creating register for signal `$paramod$d10354c6a96dde45072006c7ddf03c042761ad93\picorv32.\pcpi_insn' using process `$paramod$d10354c6a96dde45072006c7ddf03c042761ad93\picorv32.$proc$../picorv32.v:858$1549'.
  created $dff cell `$procdff$6926' with positive edge clock.
Creating register for signal `$paramod$d10354c6a96dde45072006c7ddf03c042761ad93\picorv32.\instr_lui' using process `$paramod$d10354c6a96dde45072006c7ddf03c042761ad93\picorv32.$proc$../picorv32.v:858$1549'.
  created $dff cell `$procdff$6927' with positive edge clock.
Creating register for signal `$paramod$d10354c6a96dde45072006c7ddf03c042761ad93\picorv32.\instr_auipc' using process `$paramod$d10354c6a96dde45072006c7ddf03c042761ad93\picorv32.$proc$../picorv32.v:858$1549'.
  created $dff cell `$procdff$6928' with positive edge clock.
Creating register for signal `$paramod$d10354c6a96dde45072006c7ddf03c042761ad93\picorv32.\instr_jal' using process `$paramod$d10354c6a96dde45072006c7ddf03c042761ad93\picorv32.$proc$../picorv32.v:858$1549'.
  created $dff cell `$procdff$6929' with positive edge clock.
Creating register for signal `$paramod$d10354c6a96dde45072006c7ddf03c042761ad93\picorv32.\instr_jalr' using process `$paramod$d10354c6a96dde45072006c7ddf03c042761ad93\picorv32.$proc$../picorv32.v:858$1549'.
  created $dff cell `$procdff$6930' with positive edge clock.
Creating register for signal `$paramod$d10354c6a96dde45072006c7ddf03c042761ad93\picorv32.\instr_beq' using process `$paramod$d10354c6a96dde45072006c7ddf03c042761ad93\picorv32.$proc$../picorv32.v:858$1549'.
  created $dff cell `$procdff$6931' with positive edge clock.
Creating register for signal `$paramod$d10354c6a96dde45072006c7ddf03c042761ad93\picorv32.\instr_bne' using process `$paramod$d10354c6a96dde45072006c7ddf03c042761ad93\picorv32.$proc$../picorv32.v:858$1549'.
  created $dff cell `$procdff$6932' with positive edge clock.
Creating register for signal `$paramod$d10354c6a96dde45072006c7ddf03c042761ad93\picorv32.\instr_blt' using process `$paramod$d10354c6a96dde45072006c7ddf03c042761ad93\picorv32.$proc$../picorv32.v:858$1549'.
  created $dff cell `$procdff$6933' with positive edge clock.
Creating register for signal `$paramod$d10354c6a96dde45072006c7ddf03c042761ad93\picorv32.\instr_bge' using process `$paramod$d10354c6a96dde45072006c7ddf03c042761ad93\picorv32.$proc$../picorv32.v:858$1549'.
  created $dff cell `$procdff$6934' with positive edge clock.
Creating register for signal `$paramod$d10354c6a96dde45072006c7ddf03c042761ad93\picorv32.\instr_bltu' using process `$paramod$d10354c6a96dde45072006c7ddf03c042761ad93\picorv32.$proc$../picorv32.v:858$1549'.
  created $dff cell `$procdff$6935' with positive edge clock.
Creating register for signal `$paramod$d10354c6a96dde45072006c7ddf03c042761ad93\picorv32.\instr_bgeu' using process `$paramod$d10354c6a96dde45072006c7ddf03c042761ad93\picorv32.$proc$../picorv32.v:858$1549'.
  created $dff cell `$procdff$6936' with positive edge clock.
Creating register for signal `$paramod$d10354c6a96dde45072006c7ddf03c042761ad93\picorv32.\instr_lb' using process `$paramod$d10354c6a96dde45072006c7ddf03c042761ad93\picorv32.$proc$../picorv32.v:858$1549'.
  created $dff cell `$procdff$6937' with positive edge clock.
Creating register for signal `$paramod$d10354c6a96dde45072006c7ddf03c042761ad93\picorv32.\instr_lh' using process `$paramod$d10354c6a96dde45072006c7ddf03c042761ad93\picorv32.$proc$../picorv32.v:858$1549'.
  created $dff cell `$procdff$6938' with positive edge clock.
Creating register for signal `$paramod$d10354c6a96dde45072006c7ddf03c042761ad93\picorv32.\instr_lw' using process `$paramod$d10354c6a96dde45072006c7ddf03c042761ad93\picorv32.$proc$../picorv32.v:858$1549'.
  created $dff cell `$procdff$6939' with positive edge clock.
Creating register for signal `$paramod$d10354c6a96dde45072006c7ddf03c042761ad93\picorv32.\instr_lbu' using process `$paramod$d10354c6a96dde45072006c7ddf03c042761ad93\picorv32.$proc$../picorv32.v:858$1549'.
  created $dff cell `$procdff$6940' with positive edge clock.
Creating register for signal `$paramod$d10354c6a96dde45072006c7ddf03c042761ad93\picorv32.\instr_lhu' using process `$paramod$d10354c6a96dde45072006c7ddf03c042761ad93\picorv32.$proc$../picorv32.v:858$1549'.
  created $dff cell `$procdff$6941' with positive edge clock.
Creating register for signal `$paramod$d10354c6a96dde45072006c7ddf03c042761ad93\picorv32.\instr_sb' using process `$paramod$d10354c6a96dde45072006c7ddf03c042761ad93\picorv32.$proc$../picorv32.v:858$1549'.
  created $dff cell `$procdff$6942' with positive edge clock.
Creating register for signal `$paramod$d10354c6a96dde45072006c7ddf03c042761ad93\picorv32.\instr_sh' using process `$paramod$d10354c6a96dde45072006c7ddf03c042761ad93\picorv32.$proc$../picorv32.v:858$1549'.
  created $dff cell `$procdff$6943' with positive edge clock.
Creating register for signal `$paramod$d10354c6a96dde45072006c7ddf03c042761ad93\picorv32.\instr_sw' using process `$paramod$d10354c6a96dde45072006c7ddf03c042761ad93\picorv32.$proc$../picorv32.v:858$1549'.
  created $dff cell `$procdff$6944' with positive edge clock.
Creating register for signal `$paramod$d10354c6a96dde45072006c7ddf03c042761ad93\picorv32.\instr_addi' using process `$paramod$d10354c6a96dde45072006c7ddf03c042761ad93\picorv32.$proc$../picorv32.v:858$1549'.
  created $dff cell `$procdff$6945' with positive edge clock.
Creating register for signal `$paramod$d10354c6a96dde45072006c7ddf03c042761ad93\picorv32.\instr_slti' using process `$paramod$d10354c6a96dde45072006c7ddf03c042761ad93\picorv32.$proc$../picorv32.v:858$1549'.
  created $dff cell `$procdff$6946' with positive edge clock.
Creating register for signal `$paramod$d10354c6a96dde45072006c7ddf03c042761ad93\picorv32.\instr_sltiu' using process `$paramod$d10354c6a96dde45072006c7ddf03c042761ad93\picorv32.$proc$../picorv32.v:858$1549'.
  created $dff cell `$procdff$6947' with positive edge clock.
Creating register for signal `$paramod$d10354c6a96dde45072006c7ddf03c042761ad93\picorv32.\instr_xori' using process `$paramod$d10354c6a96dde45072006c7ddf03c042761ad93\picorv32.$proc$../picorv32.v:858$1549'.
  created $dff cell `$procdff$6948' with positive edge clock.
Creating register for signal `$paramod$d10354c6a96dde45072006c7ddf03c042761ad93\picorv32.\instr_ori' using process `$paramod$d10354c6a96dde45072006c7ddf03c042761ad93\picorv32.$proc$../picorv32.v:858$1549'.
  created $dff cell `$procdff$6949' with positive edge clock.
Creating register for signal `$paramod$d10354c6a96dde45072006c7ddf03c042761ad93\picorv32.\instr_andi' using process `$paramod$d10354c6a96dde45072006c7ddf03c042761ad93\picorv32.$proc$../picorv32.v:858$1549'.
  created $dff cell `$procdff$6950' with positive edge clock.
Creating register for signal `$paramod$d10354c6a96dde45072006c7ddf03c042761ad93\picorv32.\instr_slli' using process `$paramod$d10354c6a96dde45072006c7ddf03c042761ad93\picorv32.$proc$../picorv32.v:858$1549'.
  created $dff cell `$procdff$6951' with positive edge clock.
Creating register for signal `$paramod$d10354c6a96dde45072006c7ddf03c042761ad93\picorv32.\instr_srli' using process `$paramod$d10354c6a96dde45072006c7ddf03c042761ad93\picorv32.$proc$../picorv32.v:858$1549'.
  created $dff cell `$procdff$6952' with positive edge clock.
Creating register for signal `$paramod$d10354c6a96dde45072006c7ddf03c042761ad93\picorv32.\instr_srai' using process `$paramod$d10354c6a96dde45072006c7ddf03c042761ad93\picorv32.$proc$../picorv32.v:858$1549'.
  created $dff cell `$procdff$6953' with positive edge clock.
Creating register for signal `$paramod$d10354c6a96dde45072006c7ddf03c042761ad93\picorv32.\instr_add' using process `$paramod$d10354c6a96dde45072006c7ddf03c042761ad93\picorv32.$proc$../picorv32.v:858$1549'.
  created $dff cell `$procdff$6954' with positive edge clock.
Creating register for signal `$paramod$d10354c6a96dde45072006c7ddf03c042761ad93\picorv32.\instr_sub' using process `$paramod$d10354c6a96dde45072006c7ddf03c042761ad93\picorv32.$proc$../picorv32.v:858$1549'.
  created $dff cell `$procdff$6955' with positive edge clock.
Creating register for signal `$paramod$d10354c6a96dde45072006c7ddf03c042761ad93\picorv32.\instr_sll' using process `$paramod$d10354c6a96dde45072006c7ddf03c042761ad93\picorv32.$proc$../picorv32.v:858$1549'.
  created $dff cell `$procdff$6956' with positive edge clock.
Creating register for signal `$paramod$d10354c6a96dde45072006c7ddf03c042761ad93\picorv32.\instr_slt' using process `$paramod$d10354c6a96dde45072006c7ddf03c042761ad93\picorv32.$proc$../picorv32.v:858$1549'.
  created $dff cell `$procdff$6957' with positive edge clock.
Creating register for signal `$paramod$d10354c6a96dde45072006c7ddf03c042761ad93\picorv32.\instr_sltu' using process `$paramod$d10354c6a96dde45072006c7ddf03c042761ad93\picorv32.$proc$../picorv32.v:858$1549'.
  created $dff cell `$procdff$6958' with positive edge clock.
Creating register for signal `$paramod$d10354c6a96dde45072006c7ddf03c042761ad93\picorv32.\instr_xor' using process `$paramod$d10354c6a96dde45072006c7ddf03c042761ad93\picorv32.$proc$../picorv32.v:858$1549'.
  created $dff cell `$procdff$6959' with positive edge clock.
Creating register for signal `$paramod$d10354c6a96dde45072006c7ddf03c042761ad93\picorv32.\instr_srl' using process `$paramod$d10354c6a96dde45072006c7ddf03c042761ad93\picorv32.$proc$../picorv32.v:858$1549'.
  created $dff cell `$procdff$6960' with positive edge clock.
Creating register for signal `$paramod$d10354c6a96dde45072006c7ddf03c042761ad93\picorv32.\instr_sra' using process `$paramod$d10354c6a96dde45072006c7ddf03c042761ad93\picorv32.$proc$../picorv32.v:858$1549'.
  created $dff cell `$procdff$6961' with positive edge clock.
Creating register for signal `$paramod$d10354c6a96dde45072006c7ddf03c042761ad93\picorv32.\instr_or' using process `$paramod$d10354c6a96dde45072006c7ddf03c042761ad93\picorv32.$proc$../picorv32.v:858$1549'.
  created $dff cell `$procdff$6962' with positive edge clock.
Creating register for signal `$paramod$d10354c6a96dde45072006c7ddf03c042761ad93\picorv32.\instr_and' using process `$paramod$d10354c6a96dde45072006c7ddf03c042761ad93\picorv32.$proc$../picorv32.v:858$1549'.
  created $dff cell `$procdff$6963' with positive edge clock.
Creating register for signal `$paramod$d10354c6a96dde45072006c7ddf03c042761ad93\picorv32.\instr_rdcycle' using process `$paramod$d10354c6a96dde45072006c7ddf03c042761ad93\picorv32.$proc$../picorv32.v:858$1549'.
  created $dff cell `$procdff$6964' with positive edge clock.
Creating register for signal `$paramod$d10354c6a96dde45072006c7ddf03c042761ad93\picorv32.\instr_rdcycleh' using process `$paramod$d10354c6a96dde45072006c7ddf03c042761ad93\picorv32.$proc$../picorv32.v:858$1549'.
  created $dff cell `$procdff$6965' with positive edge clock.
Creating register for signal `$paramod$d10354c6a96dde45072006c7ddf03c042761ad93\picorv32.\instr_rdinstr' using process `$paramod$d10354c6a96dde45072006c7ddf03c042761ad93\picorv32.$proc$../picorv32.v:858$1549'.
  created $dff cell `$procdff$6966' with positive edge clock.
Creating register for signal `$paramod$d10354c6a96dde45072006c7ddf03c042761ad93\picorv32.\instr_rdinstrh' using process `$paramod$d10354c6a96dde45072006c7ddf03c042761ad93\picorv32.$proc$../picorv32.v:858$1549'.
  created $dff cell `$procdff$6967' with positive edge clock.
Creating register for signal `$paramod$d10354c6a96dde45072006c7ddf03c042761ad93\picorv32.\instr_ecall_ebreak' using process `$paramod$d10354c6a96dde45072006c7ddf03c042761ad93\picorv32.$proc$../picorv32.v:858$1549'.
  created $dff cell `$procdff$6968' with positive edge clock.
Creating register for signal `$paramod$d10354c6a96dde45072006c7ddf03c042761ad93\picorv32.\instr_fence' using process `$paramod$d10354c6a96dde45072006c7ddf03c042761ad93\picorv32.$proc$../picorv32.v:858$1549'.
  created $dff cell `$procdff$6969' with positive edge clock.
Creating register for signal `$paramod$d10354c6a96dde45072006c7ddf03c042761ad93\picorv32.\instr_getq' using process `$paramod$d10354c6a96dde45072006c7ddf03c042761ad93\picorv32.$proc$../picorv32.v:858$1549'.
  created $dff cell `$procdff$6970' with positive edge clock.
Creating register for signal `$paramod$d10354c6a96dde45072006c7ddf03c042761ad93\picorv32.\instr_setq' using process `$paramod$d10354c6a96dde45072006c7ddf03c042761ad93\picorv32.$proc$../picorv32.v:858$1549'.
  created $dff cell `$procdff$6971' with positive edge clock.
Creating register for signal `$paramod$d10354c6a96dde45072006c7ddf03c042761ad93\picorv32.\instr_retirq' using process `$paramod$d10354c6a96dde45072006c7ddf03c042761ad93\picorv32.$proc$../picorv32.v:858$1549'.
  created $dff cell `$procdff$6972' with positive edge clock.
Creating register for signal `$paramod$d10354c6a96dde45072006c7ddf03c042761ad93\picorv32.\instr_maskirq' using process `$paramod$d10354c6a96dde45072006c7ddf03c042761ad93\picorv32.$proc$../picorv32.v:858$1549'.
  created $dff cell `$procdff$6973' with positive edge clock.
Creating register for signal `$paramod$d10354c6a96dde45072006c7ddf03c042761ad93\picorv32.\instr_waitirq' using process `$paramod$d10354c6a96dde45072006c7ddf03c042761ad93\picorv32.$proc$../picorv32.v:858$1549'.
  created $dff cell `$procdff$6974' with positive edge clock.
Creating register for signal `$paramod$d10354c6a96dde45072006c7ddf03c042761ad93\picorv32.\instr_timer' using process `$paramod$d10354c6a96dde45072006c7ddf03c042761ad93\picorv32.$proc$../picorv32.v:858$1549'.
  created $dff cell `$procdff$6975' with positive edge clock.
Creating register for signal `$paramod$d10354c6a96dde45072006c7ddf03c042761ad93\picorv32.\decoded_rd' using process `$paramod$d10354c6a96dde45072006c7ddf03c042761ad93\picorv32.$proc$../picorv32.v:858$1549'.
  created $dff cell `$procdff$6976' with positive edge clock.
Creating register for signal `$paramod$d10354c6a96dde45072006c7ddf03c042761ad93\picorv32.\decoded_rs1' using process `$paramod$d10354c6a96dde45072006c7ddf03c042761ad93\picorv32.$proc$../picorv32.v:858$1549'.
  created $dff cell `$procdff$6977' with positive edge clock.
Creating register for signal `$paramod$d10354c6a96dde45072006c7ddf03c042761ad93\picorv32.\decoded_rs2' using process `$paramod$d10354c6a96dde45072006c7ddf03c042761ad93\picorv32.$proc$../picorv32.v:858$1549'.
  created $dff cell `$procdff$6978' with positive edge clock.
Creating register for signal `$paramod$d10354c6a96dde45072006c7ddf03c042761ad93\picorv32.\decoded_imm' using process `$paramod$d10354c6a96dde45072006c7ddf03c042761ad93\picorv32.$proc$../picorv32.v:858$1549'.
  created $dff cell `$procdff$6979' with positive edge clock.
Creating register for signal `$paramod$d10354c6a96dde45072006c7ddf03c042761ad93\picorv32.\decoded_imm_j' using process `$paramod$d10354c6a96dde45072006c7ddf03c042761ad93\picorv32.$proc$../picorv32.v:858$1549'.
  created $dff cell `$procdff$6980' with positive edge clock.
Creating register for signal `$paramod$d10354c6a96dde45072006c7ddf03c042761ad93\picorv32.\compressed_instr' using process `$paramod$d10354c6a96dde45072006c7ddf03c042761ad93\picorv32.$proc$../picorv32.v:858$1549'.
  created $dff cell `$procdff$6981' with positive edge clock.
Creating register for signal `$paramod$d10354c6a96dde45072006c7ddf03c042761ad93\picorv32.\is_lui_auipc_jal' using process `$paramod$d10354c6a96dde45072006c7ddf03c042761ad93\picorv32.$proc$../picorv32.v:858$1549'.
  created $dff cell `$procdff$6982' with positive edge clock.
Creating register for signal `$paramod$d10354c6a96dde45072006c7ddf03c042761ad93\picorv32.\is_lb_lh_lw_lbu_lhu' using process `$paramod$d10354c6a96dde45072006c7ddf03c042761ad93\picorv32.$proc$../picorv32.v:858$1549'.
  created $dff cell `$procdff$6983' with positive edge clock.
Creating register for signal `$paramod$d10354c6a96dde45072006c7ddf03c042761ad93\picorv32.\is_slli_srli_srai' using process `$paramod$d10354c6a96dde45072006c7ddf03c042761ad93\picorv32.$proc$../picorv32.v:858$1549'.
  created $dff cell `$procdff$6984' with positive edge clock.
Creating register for signal `$paramod$d10354c6a96dde45072006c7ddf03c042761ad93\picorv32.\is_jalr_addi_slti_sltiu_xori_ori_andi' using process `$paramod$d10354c6a96dde45072006c7ddf03c042761ad93\picorv32.$proc$../picorv32.v:858$1549'.
  created $dff cell `$procdff$6985' with positive edge clock.
Creating register for signal `$paramod$d10354c6a96dde45072006c7ddf03c042761ad93\picorv32.\is_sb_sh_sw' using process `$paramod$d10354c6a96dde45072006c7ddf03c042761ad93\picorv32.$proc$../picorv32.v:858$1549'.
  created $dff cell `$procdff$6986' with positive edge clock.
Creating register for signal `$paramod$d10354c6a96dde45072006c7ddf03c042761ad93\picorv32.\is_sll_srl_sra' using process `$paramod$d10354c6a96dde45072006c7ddf03c042761ad93\picorv32.$proc$../picorv32.v:858$1549'.
  created $dff cell `$procdff$6987' with positive edge clock.
Creating register for signal `$paramod$d10354c6a96dde45072006c7ddf03c042761ad93\picorv32.\is_lui_auipc_jal_jalr_addi_add_sub' using process `$paramod$d10354c6a96dde45072006c7ddf03c042761ad93\picorv32.$proc$../picorv32.v:858$1549'.
  created $dff cell `$procdff$6988' with positive edge clock.
Creating register for signal `$paramod$d10354c6a96dde45072006c7ddf03c042761ad93\picorv32.\is_slti_blt_slt' using process `$paramod$d10354c6a96dde45072006c7ddf03c042761ad93\picorv32.$proc$../picorv32.v:858$1549'.
  created $dff cell `$procdff$6989' with positive edge clock.
Creating register for signal `$paramod$d10354c6a96dde45072006c7ddf03c042761ad93\picorv32.\is_sltiu_bltu_sltu' using process `$paramod$d10354c6a96dde45072006c7ddf03c042761ad93\picorv32.$proc$../picorv32.v:858$1549'.
  created $dff cell `$procdff$6990' with positive edge clock.
Creating register for signal `$paramod$d10354c6a96dde45072006c7ddf03c042761ad93\picorv32.\is_beq_bne_blt_bge_bltu_bgeu' using process `$paramod$d10354c6a96dde45072006c7ddf03c042761ad93\picorv32.$proc$../picorv32.v:858$1549'.
  created $dff cell `$procdff$6991' with positive edge clock.
Creating register for signal `$paramod$d10354c6a96dde45072006c7ddf03c042761ad93\picorv32.\is_lbu_lhu_lw' using process `$paramod$d10354c6a96dde45072006c7ddf03c042761ad93\picorv32.$proc$../picorv32.v:858$1549'.
  created $dff cell `$procdff$6992' with positive edge clock.
Creating register for signal `$paramod$d10354c6a96dde45072006c7ddf03c042761ad93\picorv32.\is_alu_reg_imm' using process `$paramod$d10354c6a96dde45072006c7ddf03c042761ad93\picorv32.$proc$../picorv32.v:858$1549'.
  created $dff cell `$procdff$6993' with positive edge clock.
Creating register for signal `$paramod$d10354c6a96dde45072006c7ddf03c042761ad93\picorv32.\is_alu_reg_reg' using process `$paramod$d10354c6a96dde45072006c7ddf03c042761ad93\picorv32.$proc$../picorv32.v:858$1549'.
  created $dff cell `$procdff$6994' with positive edge clock.
Creating register for signal `$paramod$d10354c6a96dde45072006c7ddf03c042761ad93\picorv32.\is_compare' using process `$paramod$d10354c6a96dde45072006c7ddf03c042761ad93\picorv32.$proc$../picorv32.v:858$1549'.
  created $dff cell `$procdff$6995' with positive edge clock.
Creating register for signal `$paramod$d10354c6a96dde45072006c7ddf03c042761ad93\picorv32.\dbg_insn_addr' using process `$paramod$d10354c6a96dde45072006c7ddf03c042761ad93\picorv32.$proc$../picorv32.v:778$1543'.
  created $dff cell `$procdff$6996' with positive edge clock.
Creating register for signal `$paramod$d10354c6a96dde45072006c7ddf03c042761ad93\picorv32.\q_ascii_instr' using process `$paramod$d10354c6a96dde45072006c7ddf03c042761ad93\picorv32.$proc$../picorv32.v:778$1543'.
  created $dff cell `$procdff$6997' with positive edge clock.
Creating register for signal `$paramod$d10354c6a96dde45072006c7ddf03c042761ad93\picorv32.\q_insn_imm' using process `$paramod$d10354c6a96dde45072006c7ddf03c042761ad93\picorv32.$proc$../picorv32.v:778$1543'.
  created $dff cell `$procdff$6998' with positive edge clock.
Creating register for signal `$paramod$d10354c6a96dde45072006c7ddf03c042761ad93\picorv32.\q_insn_opcode' using process `$paramod$d10354c6a96dde45072006c7ddf03c042761ad93\picorv32.$proc$../picorv32.v:778$1543'.
  created $dff cell `$procdff$6999' with positive edge clock.
Creating register for signal `$paramod$d10354c6a96dde45072006c7ddf03c042761ad93\picorv32.\q_insn_rs1' using process `$paramod$d10354c6a96dde45072006c7ddf03c042761ad93\picorv32.$proc$../picorv32.v:778$1543'.
  created $dff cell `$procdff$7000' with positive edge clock.
Creating register for signal `$paramod$d10354c6a96dde45072006c7ddf03c042761ad93\picorv32.\q_insn_rs2' using process `$paramod$d10354c6a96dde45072006c7ddf03c042761ad93\picorv32.$proc$../picorv32.v:778$1543'.
  created $dff cell `$procdff$7001' with positive edge clock.
Creating register for signal `$paramod$d10354c6a96dde45072006c7ddf03c042761ad93\picorv32.\q_insn_rd' using process `$paramod$d10354c6a96dde45072006c7ddf03c042761ad93\picorv32.$proc$../picorv32.v:778$1543'.
  created $dff cell `$procdff$7002' with positive edge clock.
Creating register for signal `$paramod$d10354c6a96dde45072006c7ddf03c042761ad93\picorv32.\dbg_next' using process `$paramod$d10354c6a96dde45072006c7ddf03c042761ad93\picorv32.$proc$../picorv32.v:778$1543'.
  created $dff cell `$procdff$7003' with positive edge clock.
Creating register for signal `$paramod$d10354c6a96dde45072006c7ddf03c042761ad93\picorv32.\dbg_valid_insn' using process `$paramod$d10354c6a96dde45072006c7ddf03c042761ad93\picorv32.$proc$../picorv32.v:778$1543'.
  created $dff cell `$procdff$7004' with positive edge clock.
Creating register for signal `$paramod$d10354c6a96dde45072006c7ddf03c042761ad93\picorv32.\cached_ascii_instr' using process `$paramod$d10354c6a96dde45072006c7ddf03c042761ad93\picorv32.$proc$../picorv32.v:778$1543'.
  created $dff cell `$procdff$7005' with positive edge clock.
Creating register for signal `$paramod$d10354c6a96dde45072006c7ddf03c042761ad93\picorv32.\cached_insn_imm' using process `$paramod$d10354c6a96dde45072006c7ddf03c042761ad93\picorv32.$proc$../picorv32.v:778$1543'.
  created $dff cell `$procdff$7006' with positive edge clock.
Creating register for signal `$paramod$d10354c6a96dde45072006c7ddf03c042761ad93\picorv32.\cached_insn_opcode' using process `$paramod$d10354c6a96dde45072006c7ddf03c042761ad93\picorv32.$proc$../picorv32.v:778$1543'.
  created $dff cell `$procdff$7007' with positive edge clock.
Creating register for signal `$paramod$d10354c6a96dde45072006c7ddf03c042761ad93\picorv32.\cached_insn_rs1' using process `$paramod$d10354c6a96dde45072006c7ddf03c042761ad93\picorv32.$proc$../picorv32.v:778$1543'.
  created $dff cell `$procdff$7008' with positive edge clock.
Creating register for signal `$paramod$d10354c6a96dde45072006c7ddf03c042761ad93\picorv32.\cached_insn_rs2' using process `$paramod$d10354c6a96dde45072006c7ddf03c042761ad93\picorv32.$proc$../picorv32.v:778$1543'.
  created $dff cell `$procdff$7009' with positive edge clock.
Creating register for signal `$paramod$d10354c6a96dde45072006c7ddf03c042761ad93\picorv32.\cached_insn_rd' using process `$paramod$d10354c6a96dde45072006c7ddf03c042761ad93\picorv32.$proc$../picorv32.v:778$1543'.
  created $dff cell `$procdff$7010' with positive edge clock.
Creating register for signal `$paramod$d10354c6a96dde45072006c7ddf03c042761ad93\picorv32.\mem_valid' using process `$paramod$d10354c6a96dde45072006c7ddf03c042761ad93\picorv32.$proc$../picorv32.v:565$1518'.
  created $dff cell `$procdff$7011' with positive edge clock.
Creating register for signal `$paramod$d10354c6a96dde45072006c7ddf03c042761ad93\picorv32.\mem_instr' using process `$paramod$d10354c6a96dde45072006c7ddf03c042761ad93\picorv32.$proc$../picorv32.v:565$1518'.
  created $dff cell `$procdff$7012' with positive edge clock.
Creating register for signal `$paramod$d10354c6a96dde45072006c7ddf03c042761ad93\picorv32.\mem_addr' using process `$paramod$d10354c6a96dde45072006c7ddf03c042761ad93\picorv32.$proc$../picorv32.v:565$1518'.
  created $dff cell `$procdff$7013' with positive edge clock.
Creating register for signal `$paramod$d10354c6a96dde45072006c7ddf03c042761ad93\picorv32.\mem_wdata' using process `$paramod$d10354c6a96dde45072006c7ddf03c042761ad93\picorv32.$proc$../picorv32.v:565$1518'.
  created $dff cell `$procdff$7014' with positive edge clock.
Creating register for signal `$paramod$d10354c6a96dde45072006c7ddf03c042761ad93\picorv32.\mem_wstrb' using process `$paramod$d10354c6a96dde45072006c7ddf03c042761ad93\picorv32.$proc$../picorv32.v:565$1518'.
  created $dff cell `$procdff$7015' with positive edge clock.
Creating register for signal `$paramod$d10354c6a96dde45072006c7ddf03c042761ad93\picorv32.\mem_state' using process `$paramod$d10354c6a96dde45072006c7ddf03c042761ad93\picorv32.$proc$../picorv32.v:565$1518'.
  created $dff cell `$procdff$7016' with positive edge clock.
Creating register for signal `$paramod$d10354c6a96dde45072006c7ddf03c042761ad93\picorv32.\mem_la_secondword' using process `$paramod$d10354c6a96dde45072006c7ddf03c042761ad93\picorv32.$proc$../picorv32.v:565$1518'.
  created $dff cell `$procdff$7017' with positive edge clock.
Creating register for signal `$paramod$d10354c6a96dde45072006c7ddf03c042761ad93\picorv32.\prefetched_high_word' using process `$paramod$d10354c6a96dde45072006c7ddf03c042761ad93\picorv32.$proc$../picorv32.v:565$1518'.
  created $dff cell `$procdff$7018' with positive edge clock.
Creating register for signal `$paramod$d10354c6a96dde45072006c7ddf03c042761ad93\picorv32.\mem_16bit_buffer' using process `$paramod$d10354c6a96dde45072006c7ddf03c042761ad93\picorv32.$proc$../picorv32.v:565$1518'.
  created $dff cell `$procdff$7019' with positive edge clock.
Creating register for signal `$paramod$d10354c6a96dde45072006c7ddf03c042761ad93\picorv32.\next_insn_opcode' using process `$paramod$d10354c6a96dde45072006c7ddf03c042761ad93\picorv32.$proc$../picorv32.v:430$1480'.
  created $dff cell `$procdff$7020' with positive edge clock.
Creating register for signal `$paramod$d10354c6a96dde45072006c7ddf03c042761ad93\picorv32.\mem_rdata_q' using process `$paramod$d10354c6a96dde45072006c7ddf03c042761ad93\picorv32.$proc$../picorv32.v:430$1480'.
  created $dff cell `$procdff$7021' with positive edge clock.
Creating register for signal `$paramod$d10354c6a96dde45072006c7ddf03c042761ad93\picorv32.\mem_la_firstword_reg' using process `$paramod$d10354c6a96dde45072006c7ddf03c042761ad93\picorv32.$proc$../picorv32.v:390$1472'.
  created $dff cell `$procdff$7022' with positive edge clock.
Creating register for signal `$paramod$d10354c6a96dde45072006c7ddf03c042761ad93\picorv32.\last_mem_valid' using process `$paramod$d10354c6a96dde45072006c7ddf03c042761ad93\picorv32.$proc$../picorv32.v:390$1472'.
  created $dff cell `$procdff$7023' with positive edge clock.
Creating register for signal `\spimem_cache_direct_mapped.\i' using process `\spimem_cache_direct_mapped.$proc$picosoc.v:419$837'.
  created $dff cell `$procdff$7024' with positive edge clock.
Creating register for signal `\spimem_cache_direct_mapped.\hit_count' using process `\spimem_cache_direct_mapped.$proc$picosoc.v:419$837'.
  created $dff cell `$procdff$7025' with positive edge clock.
Creating register for signal `\spimem_cache_direct_mapped.\miss_count' using process `\spimem_cache_direct_mapped.$proc$picosoc.v:419$837'.
  created $dff cell `$procdff$7026' with positive edge clock.
Creating register for signal `\spimem_cache_direct_mapped.\gen_multi.fill_active' using process `\spimem_cache_direct_mapped.$proc$picosoc.v:419$837'.
  created $dff cell `$procdff$7027' with positive edge clock.
Creating register for signal `\spimem_cache_direct_mapped.\gen_multi.fill_count' using process `\spimem_cache_direct_mapped.$proc$picosoc.v:419$837'.
  created $dff cell `$procdff$7028' with positive edge clock.
Creating register for signal `\spimem_cache_direct_mapped.$memwr$\cache_valid$picosoc.v:423$556_EN' using process `\spimem_cache_direct_mapped.$proc$picosoc.v:419$837'.
  created $dff cell `$procdff$7029' with positive edge clock.
Creating register for signal `\spimem_cache_direct_mapped.$memwr$\cache_valid$picosoc.v:423$557_EN' using process `\spimem_cache_direct_mapped.$proc$picosoc.v:419$837'.
  created $dff cell `$procdff$7030' with positive edge clock.
Creating register for signal `\spimem_cache_direct_mapped.$memwr$\cache_valid$picosoc.v:423$558_EN' using process `\spimem_cache_direct_mapped.$proc$picosoc.v:419$837'.
  created $dff cell `$procdff$7031' with positive edge clock.
Creating register for signal `\spimem_cache_direct_mapped.$memwr$\cache_valid$picosoc.v:423$559_EN' using process `\spimem_cache_direct_mapped.$proc$picosoc.v:419$837'.
  created $dff cell `$procdff$7032' with positive edge clock.
Creating register for signal `\spimem_cache_direct_mapped.$memwr$\cache_valid$picosoc.v:423$560_EN' using process `\spimem_cache_direct_mapped.$proc$picosoc.v:419$837'.
  created $dff cell `$procdff$7033' with positive edge clock.
Creating register for signal `\spimem_cache_direct_mapped.$memwr$\cache_valid$picosoc.v:423$561_EN' using process `\spimem_cache_direct_mapped.$proc$picosoc.v:419$837'.
  created $dff cell `$procdff$7034' with positive edge clock.
Creating register for signal `\spimem_cache_direct_mapped.$memwr$\cache_valid$picosoc.v:423$562_EN' using process `\spimem_cache_direct_mapped.$proc$picosoc.v:419$837'.
  created $dff cell `$procdff$7035' with positive edge clock.
Creating register for signal `\spimem_cache_direct_mapped.$memwr$\cache_valid$picosoc.v:423$563_EN' using process `\spimem_cache_direct_mapped.$proc$picosoc.v:419$837'.
  created $dff cell `$procdff$7036' with positive edge clock.
Creating register for signal `\spimem_cache_direct_mapped.$memwr$\cache_valid$picosoc.v:423$564_EN' using process `\spimem_cache_direct_mapped.$proc$picosoc.v:419$837'.
  created $dff cell `$procdff$7037' with positive edge clock.
Creating register for signal `\spimem_cache_direct_mapped.$memwr$\cache_valid$picosoc.v:423$565_EN' using process `\spimem_cache_direct_mapped.$proc$picosoc.v:419$837'.
  created $dff cell `$procdff$7038' with positive edge clock.
Creating register for signal `\spimem_cache_direct_mapped.$memwr$\cache_valid$picosoc.v:423$566_EN' using process `\spimem_cache_direct_mapped.$proc$picosoc.v:419$837'.
  created $dff cell `$procdff$7039' with positive edge clock.
Creating register for signal `\spimem_cache_direct_mapped.$memwr$\cache_valid$picosoc.v:423$567_EN' using process `\spimem_cache_direct_mapped.$proc$picosoc.v:419$837'.
  created $dff cell `$procdff$7040' with positive edge clock.
Creating register for signal `\spimem_cache_direct_mapped.$memwr$\cache_valid$picosoc.v:423$568_EN' using process `\spimem_cache_direct_mapped.$proc$picosoc.v:419$837'.
  created $dff cell `$procdff$7041' with positive edge clock.
Creating register for signal `\spimem_cache_direct_mapped.$memwr$\cache_valid$picosoc.v:423$569_EN' using process `\spimem_cache_direct_mapped.$proc$picosoc.v:419$837'.
  created $dff cell `$procdff$7042' with positive edge clock.
Creating register for signal `\spimem_cache_direct_mapped.$memwr$\cache_valid$picosoc.v:423$570_EN' using process `\spimem_cache_direct_mapped.$proc$picosoc.v:419$837'.
  created $dff cell `$procdff$7043' with positive edge clock.
Creating register for signal `\spimem_cache_direct_mapped.$memwr$\cache_valid$picosoc.v:423$571_EN' using process `\spimem_cache_direct_mapped.$proc$picosoc.v:419$837'.
  created $dff cell `$procdff$7044' with positive edge clock.
Creating register for signal `\spimem_cache_direct_mapped.$memwr$\cache_valid$picosoc.v:423$572_EN' using process `\spimem_cache_direct_mapped.$proc$picosoc.v:419$837'.
  created $dff cell `$procdff$7045' with positive edge clock.
Creating register for signal `\spimem_cache_direct_mapped.$memwr$\cache_valid$picosoc.v:423$573_EN' using process `\spimem_cache_direct_mapped.$proc$picosoc.v:419$837'.
  created $dff cell `$procdff$7046' with positive edge clock.
Creating register for signal `\spimem_cache_direct_mapped.$memwr$\cache_valid$picosoc.v:423$574_EN' using process `\spimem_cache_direct_mapped.$proc$picosoc.v:419$837'.
  created $dff cell `$procdff$7047' with positive edge clock.
Creating register for signal `\spimem_cache_direct_mapped.$memwr$\cache_valid$picosoc.v:423$575_EN' using process `\spimem_cache_direct_mapped.$proc$picosoc.v:419$837'.
  created $dff cell `$procdff$7048' with positive edge clock.
Creating register for signal `\spimem_cache_direct_mapped.$memwr$\cache_valid$picosoc.v:423$576_EN' using process `\spimem_cache_direct_mapped.$proc$picosoc.v:419$837'.
  created $dff cell `$procdff$7049' with positive edge clock.
Creating register for signal `\spimem_cache_direct_mapped.$memwr$\cache_valid$picosoc.v:423$577_EN' using process `\spimem_cache_direct_mapped.$proc$picosoc.v:419$837'.
  created $dff cell `$procdff$7050' with positive edge clock.
Creating register for signal `\spimem_cache_direct_mapped.$memwr$\cache_valid$picosoc.v:423$578_EN' using process `\spimem_cache_direct_mapped.$proc$picosoc.v:419$837'.
  created $dff cell `$procdff$7051' with positive edge clock.
Creating register for signal `\spimem_cache_direct_mapped.$memwr$\cache_valid$picosoc.v:423$579_EN' using process `\spimem_cache_direct_mapped.$proc$picosoc.v:419$837'.
  created $dff cell `$procdff$7052' with positive edge clock.
Creating register for signal `\spimem_cache_direct_mapped.$memwr$\cache_valid$picosoc.v:423$580_EN' using process `\spimem_cache_direct_mapped.$proc$picosoc.v:419$837'.
  created $dff cell `$procdff$7053' with positive edge clock.
Creating register for signal `\spimem_cache_direct_mapped.$memwr$\cache_valid$picosoc.v:423$581_EN' using process `\spimem_cache_direct_mapped.$proc$picosoc.v:419$837'.
  created $dff cell `$procdff$7054' with positive edge clock.
Creating register for signal `\spimem_cache_direct_mapped.$memwr$\cache_valid$picosoc.v:423$582_EN' using process `\spimem_cache_direct_mapped.$proc$picosoc.v:419$837'.
  created $dff cell `$procdff$7055' with positive edge clock.
Creating register for signal `\spimem_cache_direct_mapped.$memwr$\cache_valid$picosoc.v:423$583_EN' using process `\spimem_cache_direct_mapped.$proc$picosoc.v:419$837'.
  created $dff cell `$procdff$7056' with positive edge clock.
Creating register for signal `\spimem_cache_direct_mapped.$memwr$\cache_valid$picosoc.v:423$584_EN' using process `\spimem_cache_direct_mapped.$proc$picosoc.v:419$837'.
  created $dff cell `$procdff$7057' with positive edge clock.
Creating register for signal `\spimem_cache_direct_mapped.$memwr$\cache_valid$picosoc.v:423$585_EN' using process `\spimem_cache_direct_mapped.$proc$picosoc.v:419$837'.
  created $dff cell `$procdff$7058' with positive edge clock.
Creating register for signal `\spimem_cache_direct_mapped.$memwr$\cache_valid$picosoc.v:423$586_EN' using process `\spimem_cache_direct_mapped.$proc$picosoc.v:419$837'.
  created $dff cell `$procdff$7059' with positive edge clock.
Creating register for signal `\spimem_cache_direct_mapped.$memwr$\cache_valid$picosoc.v:423$587_EN' using process `\spimem_cache_direct_mapped.$proc$picosoc.v:419$837'.
  created $dff cell `$procdff$7060' with positive edge clock.
Creating register for signal `\spimem_cache_direct_mapped.$memwr$\cache_valid$picosoc.v:423$588_EN' using process `\spimem_cache_direct_mapped.$proc$picosoc.v:419$837'.
  created $dff cell `$procdff$7061' with positive edge clock.
Creating register for signal `\spimem_cache_direct_mapped.$memwr$\cache_valid$picosoc.v:423$589_EN' using process `\spimem_cache_direct_mapped.$proc$picosoc.v:419$837'.
  created $dff cell `$procdff$7062' with positive edge clock.
Creating register for signal `\spimem_cache_direct_mapped.$memwr$\cache_valid$picosoc.v:423$590_EN' using process `\spimem_cache_direct_mapped.$proc$picosoc.v:419$837'.
  created $dff cell `$procdff$7063' with positive edge clock.
Creating register for signal `\spimem_cache_direct_mapped.$memwr$\cache_valid$picosoc.v:423$591_EN' using process `\spimem_cache_direct_mapped.$proc$picosoc.v:419$837'.
  created $dff cell `$procdff$7064' with positive edge clock.
Creating register for signal `\spimem_cache_direct_mapped.$memwr$\cache_valid$picosoc.v:423$592_EN' using process `\spimem_cache_direct_mapped.$proc$picosoc.v:419$837'.
  created $dff cell `$procdff$7065' with positive edge clock.
Creating register for signal `\spimem_cache_direct_mapped.$memwr$\cache_valid$picosoc.v:423$593_EN' using process `\spimem_cache_direct_mapped.$proc$picosoc.v:419$837'.
  created $dff cell `$procdff$7066' with positive edge clock.
Creating register for signal `\spimem_cache_direct_mapped.$memwr$\cache_valid$picosoc.v:423$594_EN' using process `\spimem_cache_direct_mapped.$proc$picosoc.v:419$837'.
  created $dff cell `$procdff$7067' with positive edge clock.
Creating register for signal `\spimem_cache_direct_mapped.$memwr$\cache_valid$picosoc.v:423$595_EN' using process `\spimem_cache_direct_mapped.$proc$picosoc.v:419$837'.
  created $dff cell `$procdff$7068' with positive edge clock.
Creating register for signal `\spimem_cache_direct_mapped.$memwr$\cache_valid$picosoc.v:423$596_EN' using process `\spimem_cache_direct_mapped.$proc$picosoc.v:419$837'.
  created $dff cell `$procdff$7069' with positive edge clock.
Creating register for signal `\spimem_cache_direct_mapped.$memwr$\cache_valid$picosoc.v:423$597_EN' using process `\spimem_cache_direct_mapped.$proc$picosoc.v:419$837'.
  created $dff cell `$procdff$7070' with positive edge clock.
Creating register for signal `\spimem_cache_direct_mapped.$memwr$\cache_valid$picosoc.v:423$598_EN' using process `\spimem_cache_direct_mapped.$proc$picosoc.v:419$837'.
  created $dff cell `$procdff$7071' with positive edge clock.
Creating register for signal `\spimem_cache_direct_mapped.$memwr$\cache_valid$picosoc.v:423$599_EN' using process `\spimem_cache_direct_mapped.$proc$picosoc.v:419$837'.
  created $dff cell `$procdff$7072' with positive edge clock.
Creating register for signal `\spimem_cache_direct_mapped.$memwr$\cache_valid$picosoc.v:423$600_EN' using process `\spimem_cache_direct_mapped.$proc$picosoc.v:419$837'.
  created $dff cell `$procdff$7073' with positive edge clock.
Creating register for signal `\spimem_cache_direct_mapped.$memwr$\cache_valid$picosoc.v:423$601_EN' using process `\spimem_cache_direct_mapped.$proc$picosoc.v:419$837'.
  created $dff cell `$procdff$7074' with positive edge clock.
Creating register for signal `\spimem_cache_direct_mapped.$memwr$\cache_valid$picosoc.v:423$602_EN' using process `\spimem_cache_direct_mapped.$proc$picosoc.v:419$837'.
  created $dff cell `$procdff$7075' with positive edge clock.
Creating register for signal `\spimem_cache_direct_mapped.$memwr$\cache_valid$picosoc.v:423$603_EN' using process `\spimem_cache_direct_mapped.$proc$picosoc.v:419$837'.
  created $dff cell `$procdff$7076' with positive edge clock.
Creating register for signal `\spimem_cache_direct_mapped.$memwr$\cache_valid$picosoc.v:423$604_EN' using process `\spimem_cache_direct_mapped.$proc$picosoc.v:419$837'.
  created $dff cell `$procdff$7077' with positive edge clock.
Creating register for signal `\spimem_cache_direct_mapped.$memwr$\cache_valid$picosoc.v:423$605_EN' using process `\spimem_cache_direct_mapped.$proc$picosoc.v:419$837'.
  created $dff cell `$procdff$7078' with positive edge clock.
Creating register for signal `\spimem_cache_direct_mapped.$memwr$\cache_valid$picosoc.v:423$606_EN' using process `\spimem_cache_direct_mapped.$proc$picosoc.v:419$837'.
  created $dff cell `$procdff$7079' with positive edge clock.
Creating register for signal `\spimem_cache_direct_mapped.$memwr$\cache_valid$picosoc.v:423$607_EN' using process `\spimem_cache_direct_mapped.$proc$picosoc.v:419$837'.
  created $dff cell `$procdff$7080' with positive edge clock.
Creating register for signal `\spimem_cache_direct_mapped.$memwr$\cache_valid$picosoc.v:423$608_EN' using process `\spimem_cache_direct_mapped.$proc$picosoc.v:419$837'.
  created $dff cell `$procdff$7081' with positive edge clock.
Creating register for signal `\spimem_cache_direct_mapped.$memwr$\cache_valid$picosoc.v:423$609_EN' using process `\spimem_cache_direct_mapped.$proc$picosoc.v:419$837'.
  created $dff cell `$procdff$7082' with positive edge clock.
Creating register for signal `\spimem_cache_direct_mapped.$memwr$\cache_valid$picosoc.v:423$610_EN' using process `\spimem_cache_direct_mapped.$proc$picosoc.v:419$837'.
  created $dff cell `$procdff$7083' with positive edge clock.
Creating register for signal `\spimem_cache_direct_mapped.$memwr$\cache_valid$picosoc.v:423$611_EN' using process `\spimem_cache_direct_mapped.$proc$picosoc.v:419$837'.
  created $dff cell `$procdff$7084' with positive edge clock.
Creating register for signal `\spimem_cache_direct_mapped.$memwr$\cache_valid$picosoc.v:423$612_EN' using process `\spimem_cache_direct_mapped.$proc$picosoc.v:419$837'.
  created $dff cell `$procdff$7085' with positive edge clock.
Creating register for signal `\spimem_cache_direct_mapped.$memwr$\cache_valid$picosoc.v:423$613_EN' using process `\spimem_cache_direct_mapped.$proc$picosoc.v:419$837'.
  created $dff cell `$procdff$7086' with positive edge clock.
Creating register for signal `\spimem_cache_direct_mapped.$memwr$\cache_valid$picosoc.v:423$614_EN' using process `\spimem_cache_direct_mapped.$proc$picosoc.v:419$837'.
  created $dff cell `$procdff$7087' with positive edge clock.
Creating register for signal `\spimem_cache_direct_mapped.$memwr$\cache_valid$picosoc.v:423$615_EN' using process `\spimem_cache_direct_mapped.$proc$picosoc.v:419$837'.
  created $dff cell `$procdff$7088' with positive edge clock.
Creating register for signal `\spimem_cache_direct_mapped.$memwr$\cache_valid$picosoc.v:423$616_EN' using process `\spimem_cache_direct_mapped.$proc$picosoc.v:419$837'.
  created $dff cell `$procdff$7089' with positive edge clock.
Creating register for signal `\spimem_cache_direct_mapped.$memwr$\cache_valid$picosoc.v:423$617_EN' using process `\spimem_cache_direct_mapped.$proc$picosoc.v:419$837'.
  created $dff cell `$procdff$7090' with positive edge clock.
Creating register for signal `\spimem_cache_direct_mapped.$memwr$\cache_valid$picosoc.v:423$618_EN' using process `\spimem_cache_direct_mapped.$proc$picosoc.v:419$837'.
  created $dff cell `$procdff$7091' with positive edge clock.
Creating register for signal `\spimem_cache_direct_mapped.$memwr$\cache_valid$picosoc.v:423$619_EN' using process `\spimem_cache_direct_mapped.$proc$picosoc.v:419$837'.
  created $dff cell `$procdff$7092' with positive edge clock.
Creating register for signal `\spimem_cache_direct_mapped.$memwr$\cache_valid$picosoc.v:423$620_EN' using process `\spimem_cache_direct_mapped.$proc$picosoc.v:419$837'.
  created $dff cell `$procdff$7093' with positive edge clock.
Creating register for signal `\spimem_cache_direct_mapped.$memwr$\cache_valid$picosoc.v:423$621_EN' using process `\spimem_cache_direct_mapped.$proc$picosoc.v:419$837'.
  created $dff cell `$procdff$7094' with positive edge clock.
Creating register for signal `\spimem_cache_direct_mapped.$memwr$\cache_valid$picosoc.v:423$622_EN' using process `\spimem_cache_direct_mapped.$proc$picosoc.v:419$837'.
  created $dff cell `$procdff$7095' with positive edge clock.
Creating register for signal `\spimem_cache_direct_mapped.$memwr$\cache_valid$picosoc.v:423$623_EN' using process `\spimem_cache_direct_mapped.$proc$picosoc.v:419$837'.
  created $dff cell `$procdff$7096' with positive edge clock.
Creating register for signal `\spimem_cache_direct_mapped.$memwr$\cache_valid$picosoc.v:423$624_EN' using process `\spimem_cache_direct_mapped.$proc$picosoc.v:419$837'.
  created $dff cell `$procdff$7097' with positive edge clock.
Creating register for signal `\spimem_cache_direct_mapped.$memwr$\cache_valid$picosoc.v:423$625_EN' using process `\spimem_cache_direct_mapped.$proc$picosoc.v:419$837'.
  created $dff cell `$procdff$7098' with positive edge clock.
Creating register for signal `\spimem_cache_direct_mapped.$memwr$\cache_valid$picosoc.v:423$626_EN' using process `\spimem_cache_direct_mapped.$proc$picosoc.v:419$837'.
  created $dff cell `$procdff$7099' with positive edge clock.
Creating register for signal `\spimem_cache_direct_mapped.$memwr$\cache_valid$picosoc.v:423$627_EN' using process `\spimem_cache_direct_mapped.$proc$picosoc.v:419$837'.
  created $dff cell `$procdff$7100' with positive edge clock.
Creating register for signal `\spimem_cache_direct_mapped.$memwr$\cache_valid$picosoc.v:423$628_EN' using process `\spimem_cache_direct_mapped.$proc$picosoc.v:419$837'.
  created $dff cell `$procdff$7101' with positive edge clock.
Creating register for signal `\spimem_cache_direct_mapped.$memwr$\cache_valid$picosoc.v:423$629_EN' using process `\spimem_cache_direct_mapped.$proc$picosoc.v:419$837'.
  created $dff cell `$procdff$7102' with positive edge clock.
Creating register for signal `\spimem_cache_direct_mapped.$memwr$\cache_valid$picosoc.v:423$630_EN' using process `\spimem_cache_direct_mapped.$proc$picosoc.v:419$837'.
  created $dff cell `$procdff$7103' with positive edge clock.
Creating register for signal `\spimem_cache_direct_mapped.$memwr$\cache_valid$picosoc.v:423$631_EN' using process `\spimem_cache_direct_mapped.$proc$picosoc.v:419$837'.
  created $dff cell `$procdff$7104' with positive edge clock.
Creating register for signal `\spimem_cache_direct_mapped.$memwr$\cache_valid$picosoc.v:423$632_EN' using process `\spimem_cache_direct_mapped.$proc$picosoc.v:419$837'.
  created $dff cell `$procdff$7105' with positive edge clock.
Creating register for signal `\spimem_cache_direct_mapped.$memwr$\cache_valid$picosoc.v:423$633_EN' using process `\spimem_cache_direct_mapped.$proc$picosoc.v:419$837'.
  created $dff cell `$procdff$7106' with positive edge clock.
Creating register for signal `\spimem_cache_direct_mapped.$memwr$\cache_valid$picosoc.v:423$634_EN' using process `\spimem_cache_direct_mapped.$proc$picosoc.v:419$837'.
  created $dff cell `$procdff$7107' with positive edge clock.
Creating register for signal `\spimem_cache_direct_mapped.$memwr$\cache_valid$picosoc.v:423$635_EN' using process `\spimem_cache_direct_mapped.$proc$picosoc.v:419$837'.
  created $dff cell `$procdff$7108' with positive edge clock.
Creating register for signal `\spimem_cache_direct_mapped.$memwr$\cache_valid$picosoc.v:423$636_EN' using process `\spimem_cache_direct_mapped.$proc$picosoc.v:419$837'.
  created $dff cell `$procdff$7109' with positive edge clock.
Creating register for signal `\spimem_cache_direct_mapped.$memwr$\cache_valid$picosoc.v:423$637_EN' using process `\spimem_cache_direct_mapped.$proc$picosoc.v:419$837'.
  created $dff cell `$procdff$7110' with positive edge clock.
Creating register for signal `\spimem_cache_direct_mapped.$memwr$\cache_valid$picosoc.v:423$638_EN' using process `\spimem_cache_direct_mapped.$proc$picosoc.v:419$837'.
  created $dff cell `$procdff$7111' with positive edge clock.
Creating register for signal `\spimem_cache_direct_mapped.$memwr$\cache_valid$picosoc.v:423$639_EN' using process `\spimem_cache_direct_mapped.$proc$picosoc.v:419$837'.
  created $dff cell `$procdff$7112' with positive edge clock.
Creating register for signal `\spimem_cache_direct_mapped.$memwr$\cache_valid$picosoc.v:423$640_EN' using process `\spimem_cache_direct_mapped.$proc$picosoc.v:419$837'.
  created $dff cell `$procdff$7113' with positive edge clock.
Creating register for signal `\spimem_cache_direct_mapped.$memwr$\cache_valid$picosoc.v:423$641_EN' using process `\spimem_cache_direct_mapped.$proc$picosoc.v:419$837'.
  created $dff cell `$procdff$7114' with positive edge clock.
Creating register for signal `\spimem_cache_direct_mapped.$memwr$\cache_valid$picosoc.v:423$642_EN' using process `\spimem_cache_direct_mapped.$proc$picosoc.v:419$837'.
  created $dff cell `$procdff$7115' with positive edge clock.
Creating register for signal `\spimem_cache_direct_mapped.$memwr$\cache_valid$picosoc.v:423$643_EN' using process `\spimem_cache_direct_mapped.$proc$picosoc.v:419$837'.
  created $dff cell `$procdff$7116' with positive edge clock.
Creating register for signal `\spimem_cache_direct_mapped.$memwr$\cache_valid$picosoc.v:423$644_EN' using process `\spimem_cache_direct_mapped.$proc$picosoc.v:419$837'.
  created $dff cell `$procdff$7117' with positive edge clock.
Creating register for signal `\spimem_cache_direct_mapped.$memwr$\cache_valid$picosoc.v:423$645_EN' using process `\spimem_cache_direct_mapped.$proc$picosoc.v:419$837'.
  created $dff cell `$procdff$7118' with positive edge clock.
Creating register for signal `\spimem_cache_direct_mapped.$memwr$\cache_valid$picosoc.v:423$646_EN' using process `\spimem_cache_direct_mapped.$proc$picosoc.v:419$837'.
  created $dff cell `$procdff$7119' with positive edge clock.
Creating register for signal `\spimem_cache_direct_mapped.$memwr$\cache_valid$picosoc.v:423$647_EN' using process `\spimem_cache_direct_mapped.$proc$picosoc.v:419$837'.
  created $dff cell `$procdff$7120' with positive edge clock.
Creating register for signal `\spimem_cache_direct_mapped.$memwr$\cache_valid$picosoc.v:423$648_EN' using process `\spimem_cache_direct_mapped.$proc$picosoc.v:419$837'.
  created $dff cell `$procdff$7121' with positive edge clock.
Creating register for signal `\spimem_cache_direct_mapped.$memwr$\cache_valid$picosoc.v:423$649_EN' using process `\spimem_cache_direct_mapped.$proc$picosoc.v:419$837'.
  created $dff cell `$procdff$7122' with positive edge clock.
Creating register for signal `\spimem_cache_direct_mapped.$memwr$\cache_valid$picosoc.v:423$650_EN' using process `\spimem_cache_direct_mapped.$proc$picosoc.v:419$837'.
  created $dff cell `$procdff$7123' with positive edge clock.
Creating register for signal `\spimem_cache_direct_mapped.$memwr$\cache_valid$picosoc.v:423$651_EN' using process `\spimem_cache_direct_mapped.$proc$picosoc.v:419$837'.
  created $dff cell `$procdff$7124' with positive edge clock.
Creating register for signal `\spimem_cache_direct_mapped.$memwr$\cache_valid$picosoc.v:423$652_EN' using process `\spimem_cache_direct_mapped.$proc$picosoc.v:419$837'.
  created $dff cell `$procdff$7125' with positive edge clock.
Creating register for signal `\spimem_cache_direct_mapped.$memwr$\cache_valid$picosoc.v:423$653_EN' using process `\spimem_cache_direct_mapped.$proc$picosoc.v:419$837'.
  created $dff cell `$procdff$7126' with positive edge clock.
Creating register for signal `\spimem_cache_direct_mapped.$memwr$\cache_valid$picosoc.v:423$654_EN' using process `\spimem_cache_direct_mapped.$proc$picosoc.v:419$837'.
  created $dff cell `$procdff$7127' with positive edge clock.
Creating register for signal `\spimem_cache_direct_mapped.$memwr$\cache_valid$picosoc.v:423$655_EN' using process `\spimem_cache_direct_mapped.$proc$picosoc.v:419$837'.
  created $dff cell `$procdff$7128' with positive edge clock.
Creating register for signal `\spimem_cache_direct_mapped.$memwr$\cache_valid$picosoc.v:423$656_EN' using process `\spimem_cache_direct_mapped.$proc$picosoc.v:419$837'.
  created $dff cell `$procdff$7129' with positive edge clock.
Creating register for signal `\spimem_cache_direct_mapped.$memwr$\cache_valid$picosoc.v:423$657_EN' using process `\spimem_cache_direct_mapped.$proc$picosoc.v:419$837'.
  created $dff cell `$procdff$7130' with positive edge clock.
Creating register for signal `\spimem_cache_direct_mapped.$memwr$\cache_valid$picosoc.v:423$658_EN' using process `\spimem_cache_direct_mapped.$proc$picosoc.v:419$837'.
  created $dff cell `$procdff$7131' with positive edge clock.
Creating register for signal `\spimem_cache_direct_mapped.$memwr$\cache_valid$picosoc.v:423$659_EN' using process `\spimem_cache_direct_mapped.$proc$picosoc.v:419$837'.
  created $dff cell `$procdff$7132' with positive edge clock.
Creating register for signal `\spimem_cache_direct_mapped.$memwr$\cache_valid$picosoc.v:423$660_EN' using process `\spimem_cache_direct_mapped.$proc$picosoc.v:419$837'.
  created $dff cell `$procdff$7133' with positive edge clock.
Creating register for signal `\spimem_cache_direct_mapped.$memwr$\cache_valid$picosoc.v:423$661_EN' using process `\spimem_cache_direct_mapped.$proc$picosoc.v:419$837'.
  created $dff cell `$procdff$7134' with positive edge clock.
Creating register for signal `\spimem_cache_direct_mapped.$memwr$\cache_valid$picosoc.v:423$662_EN' using process `\spimem_cache_direct_mapped.$proc$picosoc.v:419$837'.
  created $dff cell `$procdff$7135' with positive edge clock.
Creating register for signal `\spimem_cache_direct_mapped.$memwr$\cache_valid$picosoc.v:423$663_EN' using process `\spimem_cache_direct_mapped.$proc$picosoc.v:419$837'.
  created $dff cell `$procdff$7136' with positive edge clock.
Creating register for signal `\spimem_cache_direct_mapped.$memwr$\cache_valid$picosoc.v:423$664_EN' using process `\spimem_cache_direct_mapped.$proc$picosoc.v:419$837'.
  created $dff cell `$procdff$7137' with positive edge clock.
Creating register for signal `\spimem_cache_direct_mapped.$memwr$\cache_valid$picosoc.v:423$665_EN' using process `\spimem_cache_direct_mapped.$proc$picosoc.v:419$837'.
  created $dff cell `$procdff$7138' with positive edge clock.
Creating register for signal `\spimem_cache_direct_mapped.$memwr$\cache_valid$picosoc.v:423$666_EN' using process `\spimem_cache_direct_mapped.$proc$picosoc.v:419$837'.
  created $dff cell `$procdff$7139' with positive edge clock.
Creating register for signal `\spimem_cache_direct_mapped.$memwr$\cache_valid$picosoc.v:423$667_EN' using process `\spimem_cache_direct_mapped.$proc$picosoc.v:419$837'.
  created $dff cell `$procdff$7140' with positive edge clock.
Creating register for signal `\spimem_cache_direct_mapped.$memwr$\cache_valid$picosoc.v:423$668_EN' using process `\spimem_cache_direct_mapped.$proc$picosoc.v:419$837'.
  created $dff cell `$procdff$7141' with positive edge clock.
Creating register for signal `\spimem_cache_direct_mapped.$memwr$\cache_valid$picosoc.v:423$669_EN' using process `\spimem_cache_direct_mapped.$proc$picosoc.v:419$837'.
  created $dff cell `$procdff$7142' with positive edge clock.
Creating register for signal `\spimem_cache_direct_mapped.$memwr$\cache_valid$picosoc.v:423$670_EN' using process `\spimem_cache_direct_mapped.$proc$picosoc.v:419$837'.
  created $dff cell `$procdff$7143' with positive edge clock.
Creating register for signal `\spimem_cache_direct_mapped.$memwr$\cache_valid$picosoc.v:423$671_EN' using process `\spimem_cache_direct_mapped.$proc$picosoc.v:419$837'.
  created $dff cell `$procdff$7144' with positive edge clock.
Creating register for signal `\spimem_cache_direct_mapped.$memwr$\cache_valid$picosoc.v:423$672_EN' using process `\spimem_cache_direct_mapped.$proc$picosoc.v:419$837'.
  created $dff cell `$procdff$7145' with positive edge clock.
Creating register for signal `\spimem_cache_direct_mapped.$memwr$\cache_valid$picosoc.v:423$673_EN' using process `\spimem_cache_direct_mapped.$proc$picosoc.v:419$837'.
  created $dff cell `$procdff$7146' with positive edge clock.
Creating register for signal `\spimem_cache_direct_mapped.$memwr$\cache_valid$picosoc.v:423$674_EN' using process `\spimem_cache_direct_mapped.$proc$picosoc.v:419$837'.
  created $dff cell `$procdff$7147' with positive edge clock.
Creating register for signal `\spimem_cache_direct_mapped.$memwr$\cache_valid$picosoc.v:423$675_EN' using process `\spimem_cache_direct_mapped.$proc$picosoc.v:419$837'.
  created $dff cell `$procdff$7148' with positive edge clock.
Creating register for signal `\spimem_cache_direct_mapped.$memwr$\cache_valid$picosoc.v:423$676_EN' using process `\spimem_cache_direct_mapped.$proc$picosoc.v:419$837'.
  created $dff cell `$procdff$7149' with positive edge clock.
Creating register for signal `\spimem_cache_direct_mapped.$memwr$\cache_valid$picosoc.v:423$677_EN' using process `\spimem_cache_direct_mapped.$proc$picosoc.v:419$837'.
  created $dff cell `$procdff$7150' with positive edge clock.
Creating register for signal `\spimem_cache_direct_mapped.$memwr$\cache_valid$picosoc.v:423$678_EN' using process `\spimem_cache_direct_mapped.$proc$picosoc.v:419$837'.
  created $dff cell `$procdff$7151' with positive edge clock.
Creating register for signal `\spimem_cache_direct_mapped.$memwr$\cache_valid$picosoc.v:423$679_EN' using process `\spimem_cache_direct_mapped.$proc$picosoc.v:419$837'.
  created $dff cell `$procdff$7152' with positive edge clock.
Creating register for signal `\spimem_cache_direct_mapped.$memwr$\cache_valid$picosoc.v:423$680_EN' using process `\spimem_cache_direct_mapped.$proc$picosoc.v:419$837'.
  created $dff cell `$procdff$7153' with positive edge clock.
Creating register for signal `\spimem_cache_direct_mapped.$memwr$\cache_valid$picosoc.v:423$681_EN' using process `\spimem_cache_direct_mapped.$proc$picosoc.v:419$837'.
  created $dff cell `$procdff$7154' with positive edge clock.
Creating register for signal `\spimem_cache_direct_mapped.$memwr$\cache_valid$picosoc.v:423$682_EN' using process `\spimem_cache_direct_mapped.$proc$picosoc.v:419$837'.
  created $dff cell `$procdff$7155' with positive edge clock.
Creating register for signal `\spimem_cache_direct_mapped.$memwr$\cache_valid$picosoc.v:423$683_EN' using process `\spimem_cache_direct_mapped.$proc$picosoc.v:419$837'.
  created $dff cell `$procdff$7156' with positive edge clock.
Creating register for signal `\spimem_cache_direct_mapped.$memwr$\cache_valid$picosoc.v:423$684_EN' using process `\spimem_cache_direct_mapped.$proc$picosoc.v:419$837'.
  created $dff cell `$procdff$7157' with positive edge clock.
Creating register for signal `\spimem_cache_direct_mapped.$memwr$\cache_valid$picosoc.v:423$685_EN' using process `\spimem_cache_direct_mapped.$proc$picosoc.v:419$837'.
  created $dff cell `$procdff$7158' with positive edge clock.
Creating register for signal `\spimem_cache_direct_mapped.$memwr$\cache_valid$picosoc.v:423$686_EN' using process `\spimem_cache_direct_mapped.$proc$picosoc.v:419$837'.
  created $dff cell `$procdff$7159' with positive edge clock.
Creating register for signal `\spimem_cache_direct_mapped.$memwr$\cache_valid$picosoc.v:423$687_EN' using process `\spimem_cache_direct_mapped.$proc$picosoc.v:419$837'.
  created $dff cell `$procdff$7160' with positive edge clock.
Creating register for signal `\spimem_cache_direct_mapped.$memwr$\cache_valid$picosoc.v:423$688_EN' using process `\spimem_cache_direct_mapped.$proc$picosoc.v:419$837'.
  created $dff cell `$procdff$7161' with positive edge clock.
Creating register for signal `\spimem_cache_direct_mapped.$memwr$\cache_valid$picosoc.v:423$689_EN' using process `\spimem_cache_direct_mapped.$proc$picosoc.v:419$837'.
  created $dff cell `$procdff$7162' with positive edge clock.
Creating register for signal `\spimem_cache_direct_mapped.$memwr$\cache_valid$picosoc.v:423$690_EN' using process `\spimem_cache_direct_mapped.$proc$picosoc.v:419$837'.
  created $dff cell `$procdff$7163' with positive edge clock.
Creating register for signal `\spimem_cache_direct_mapped.$memwr$\cache_valid$picosoc.v:423$691_EN' using process `\spimem_cache_direct_mapped.$proc$picosoc.v:419$837'.
  created $dff cell `$procdff$7164' with positive edge clock.
Creating register for signal `\spimem_cache_direct_mapped.$memwr$\cache_valid$picosoc.v:423$692_EN' using process `\spimem_cache_direct_mapped.$proc$picosoc.v:419$837'.
  created $dff cell `$procdff$7165' with positive edge clock.
Creating register for signal `\spimem_cache_direct_mapped.$memwr$\cache_valid$picosoc.v:423$693_EN' using process `\spimem_cache_direct_mapped.$proc$picosoc.v:419$837'.
  created $dff cell `$procdff$7166' with positive edge clock.
Creating register for signal `\spimem_cache_direct_mapped.$memwr$\cache_valid$picosoc.v:423$694_EN' using process `\spimem_cache_direct_mapped.$proc$picosoc.v:419$837'.
  created $dff cell `$procdff$7167' with positive edge clock.
Creating register for signal `\spimem_cache_direct_mapped.$memwr$\cache_valid$picosoc.v:423$695_EN' using process `\spimem_cache_direct_mapped.$proc$picosoc.v:419$837'.
  created $dff cell `$procdff$7168' with positive edge clock.
Creating register for signal `\spimem_cache_direct_mapped.$memwr$\cache_valid$picosoc.v:423$696_EN' using process `\spimem_cache_direct_mapped.$proc$picosoc.v:419$837'.
  created $dff cell `$procdff$7169' with positive edge clock.
Creating register for signal `\spimem_cache_direct_mapped.$memwr$\cache_valid$picosoc.v:423$697_EN' using process `\spimem_cache_direct_mapped.$proc$picosoc.v:419$837'.
  created $dff cell `$procdff$7170' with positive edge clock.
Creating register for signal `\spimem_cache_direct_mapped.$memwr$\cache_valid$picosoc.v:423$698_EN' using process `\spimem_cache_direct_mapped.$proc$picosoc.v:419$837'.
  created $dff cell `$procdff$7171' with positive edge clock.
Creating register for signal `\spimem_cache_direct_mapped.$memwr$\cache_valid$picosoc.v:423$699_EN' using process `\spimem_cache_direct_mapped.$proc$picosoc.v:419$837'.
  created $dff cell `$procdff$7172' with positive edge clock.
Creating register for signal `\spimem_cache_direct_mapped.$memwr$\cache_valid$picosoc.v:423$700_EN' using process `\spimem_cache_direct_mapped.$proc$picosoc.v:419$837'.
  created $dff cell `$procdff$7173' with positive edge clock.
Creating register for signal `\spimem_cache_direct_mapped.$memwr$\cache_valid$picosoc.v:423$701_EN' using process `\spimem_cache_direct_mapped.$proc$picosoc.v:419$837'.
  created $dff cell `$procdff$7174' with positive edge clock.
Creating register for signal `\spimem_cache_direct_mapped.$memwr$\cache_valid$picosoc.v:423$702_EN' using process `\spimem_cache_direct_mapped.$proc$picosoc.v:419$837'.
  created $dff cell `$procdff$7175' with positive edge clock.
Creating register for signal `\spimem_cache_direct_mapped.$memwr$\cache_valid$picosoc.v:423$703_EN' using process `\spimem_cache_direct_mapped.$proc$picosoc.v:419$837'.
  created $dff cell `$procdff$7176' with positive edge clock.
Creating register for signal `\spimem_cache_direct_mapped.$memwr$\cache_valid$picosoc.v:423$704_EN' using process `\spimem_cache_direct_mapped.$proc$picosoc.v:419$837'.
  created $dff cell `$procdff$7177' with positive edge clock.
Creating register for signal `\spimem_cache_direct_mapped.$memwr$\cache_valid$picosoc.v:423$705_EN' using process `\spimem_cache_direct_mapped.$proc$picosoc.v:419$837'.
  created $dff cell `$procdff$7178' with positive edge clock.
Creating register for signal `\spimem_cache_direct_mapped.$memwr$\cache_valid$picosoc.v:423$706_EN' using process `\spimem_cache_direct_mapped.$proc$picosoc.v:419$837'.
  created $dff cell `$procdff$7179' with positive edge clock.
Creating register for signal `\spimem_cache_direct_mapped.$memwr$\cache_valid$picosoc.v:423$707_EN' using process `\spimem_cache_direct_mapped.$proc$picosoc.v:419$837'.
  created $dff cell `$procdff$7180' with positive edge clock.
Creating register for signal `\spimem_cache_direct_mapped.$memwr$\cache_valid$picosoc.v:423$708_EN' using process `\spimem_cache_direct_mapped.$proc$picosoc.v:419$837'.
  created $dff cell `$procdff$7181' with positive edge clock.
Creating register for signal `\spimem_cache_direct_mapped.$memwr$\cache_valid$picosoc.v:423$709_EN' using process `\spimem_cache_direct_mapped.$proc$picosoc.v:419$837'.
  created $dff cell `$procdff$7182' with positive edge clock.
Creating register for signal `\spimem_cache_direct_mapped.$memwr$\cache_valid$picosoc.v:423$710_EN' using process `\spimem_cache_direct_mapped.$proc$picosoc.v:419$837'.
  created $dff cell `$procdff$7183' with positive edge clock.
Creating register for signal `\spimem_cache_direct_mapped.$memwr$\cache_valid$picosoc.v:423$711_EN' using process `\spimem_cache_direct_mapped.$proc$picosoc.v:419$837'.
  created $dff cell `$procdff$7184' with positive edge clock.
Creating register for signal `\spimem_cache_direct_mapped.$memwr$\cache_valid$picosoc.v:423$712_EN' using process `\spimem_cache_direct_mapped.$proc$picosoc.v:419$837'.
  created $dff cell `$procdff$7185' with positive edge clock.
Creating register for signal `\spimem_cache_direct_mapped.$memwr$\cache_valid$picosoc.v:423$713_EN' using process `\spimem_cache_direct_mapped.$proc$picosoc.v:419$837'.
  created $dff cell `$procdff$7186' with positive edge clock.
Creating register for signal `\spimem_cache_direct_mapped.$memwr$\cache_valid$picosoc.v:423$714_EN' using process `\spimem_cache_direct_mapped.$proc$picosoc.v:419$837'.
  created $dff cell `$procdff$7187' with positive edge clock.
Creating register for signal `\spimem_cache_direct_mapped.$memwr$\cache_valid$picosoc.v:423$715_EN' using process `\spimem_cache_direct_mapped.$proc$picosoc.v:419$837'.
  created $dff cell `$procdff$7188' with positive edge clock.
Creating register for signal `\spimem_cache_direct_mapped.$memwr$\cache_valid$picosoc.v:423$716_EN' using process `\spimem_cache_direct_mapped.$proc$picosoc.v:419$837'.
  created $dff cell `$procdff$7189' with positive edge clock.
Creating register for signal `\spimem_cache_direct_mapped.$memwr$\cache_valid$picosoc.v:423$717_EN' using process `\spimem_cache_direct_mapped.$proc$picosoc.v:419$837'.
  created $dff cell `$procdff$7190' with positive edge clock.
Creating register for signal `\spimem_cache_direct_mapped.$memwr$\cache_valid$picosoc.v:423$718_EN' using process `\spimem_cache_direct_mapped.$proc$picosoc.v:419$837'.
  created $dff cell `$procdff$7191' with positive edge clock.
Creating register for signal `\spimem_cache_direct_mapped.$memwr$\cache_valid$picosoc.v:423$719_EN' using process `\spimem_cache_direct_mapped.$proc$picosoc.v:419$837'.
  created $dff cell `$procdff$7192' with positive edge clock.
Creating register for signal `\spimem_cache_direct_mapped.$memwr$\cache_valid$picosoc.v:423$720_EN' using process `\spimem_cache_direct_mapped.$proc$picosoc.v:419$837'.
  created $dff cell `$procdff$7193' with positive edge clock.
Creating register for signal `\spimem_cache_direct_mapped.$memwr$\cache_valid$picosoc.v:423$721_EN' using process `\spimem_cache_direct_mapped.$proc$picosoc.v:419$837'.
  created $dff cell `$procdff$7194' with positive edge clock.
Creating register for signal `\spimem_cache_direct_mapped.$memwr$\cache_valid$picosoc.v:423$722_EN' using process `\spimem_cache_direct_mapped.$proc$picosoc.v:419$837'.
  created $dff cell `$procdff$7195' with positive edge clock.
Creating register for signal `\spimem_cache_direct_mapped.$memwr$\cache_valid$picosoc.v:423$723_EN' using process `\spimem_cache_direct_mapped.$proc$picosoc.v:419$837'.
  created $dff cell `$procdff$7196' with positive edge clock.
Creating register for signal `\spimem_cache_direct_mapped.$memwr$\cache_valid$picosoc.v:423$724_EN' using process `\spimem_cache_direct_mapped.$proc$picosoc.v:419$837'.
  created $dff cell `$procdff$7197' with positive edge clock.
Creating register for signal `\spimem_cache_direct_mapped.$memwr$\cache_valid$picosoc.v:423$725_EN' using process `\spimem_cache_direct_mapped.$proc$picosoc.v:419$837'.
  created $dff cell `$procdff$7198' with positive edge clock.
Creating register for signal `\spimem_cache_direct_mapped.$memwr$\cache_valid$picosoc.v:423$726_EN' using process `\spimem_cache_direct_mapped.$proc$picosoc.v:419$837'.
  created $dff cell `$procdff$7199' with positive edge clock.
Creating register for signal `\spimem_cache_direct_mapped.$memwr$\cache_valid$picosoc.v:423$727_EN' using process `\spimem_cache_direct_mapped.$proc$picosoc.v:419$837'.
  created $dff cell `$procdff$7200' with positive edge clock.
Creating register for signal `\spimem_cache_direct_mapped.$memwr$\cache_valid$picosoc.v:423$728_EN' using process `\spimem_cache_direct_mapped.$proc$picosoc.v:419$837'.
  created $dff cell `$procdff$7201' with positive edge clock.
Creating register for signal `\spimem_cache_direct_mapped.$memwr$\cache_valid$picosoc.v:423$729_EN' using process `\spimem_cache_direct_mapped.$proc$picosoc.v:419$837'.
  created $dff cell `$procdff$7202' with positive edge clock.
Creating register for signal `\spimem_cache_direct_mapped.$memwr$\cache_valid$picosoc.v:423$730_EN' using process `\spimem_cache_direct_mapped.$proc$picosoc.v:419$837'.
  created $dff cell `$procdff$7203' with positive edge clock.
Creating register for signal `\spimem_cache_direct_mapped.$memwr$\cache_valid$picosoc.v:423$731_EN' using process `\spimem_cache_direct_mapped.$proc$picosoc.v:419$837'.
  created $dff cell `$procdff$7204' with positive edge clock.
Creating register for signal `\spimem_cache_direct_mapped.$memwr$\cache_valid$picosoc.v:423$732_EN' using process `\spimem_cache_direct_mapped.$proc$picosoc.v:419$837'.
  created $dff cell `$procdff$7205' with positive edge clock.
Creating register for signal `\spimem_cache_direct_mapped.$memwr$\cache_valid$picosoc.v:423$733_EN' using process `\spimem_cache_direct_mapped.$proc$picosoc.v:419$837'.
  created $dff cell `$procdff$7206' with positive edge clock.
Creating register for signal `\spimem_cache_direct_mapped.$memwr$\cache_valid$picosoc.v:423$734_EN' using process `\spimem_cache_direct_mapped.$proc$picosoc.v:419$837'.
  created $dff cell `$procdff$7207' with positive edge clock.
Creating register for signal `\spimem_cache_direct_mapped.$memwr$\cache_valid$picosoc.v:423$735_EN' using process `\spimem_cache_direct_mapped.$proc$picosoc.v:419$837'.
  created $dff cell `$procdff$7208' with positive edge clock.
Creating register for signal `\spimem_cache_direct_mapped.$memwr$\cache_valid$picosoc.v:423$736_EN' using process `\spimem_cache_direct_mapped.$proc$picosoc.v:419$837'.
  created $dff cell `$procdff$7209' with positive edge clock.
Creating register for signal `\spimem_cache_direct_mapped.$memwr$\cache_valid$picosoc.v:423$737_EN' using process `\spimem_cache_direct_mapped.$proc$picosoc.v:419$837'.
  created $dff cell `$procdff$7210' with positive edge clock.
Creating register for signal `\spimem_cache_direct_mapped.$memwr$\cache_valid$picosoc.v:423$738_EN' using process `\spimem_cache_direct_mapped.$proc$picosoc.v:419$837'.
  created $dff cell `$procdff$7211' with positive edge clock.
Creating register for signal `\spimem_cache_direct_mapped.$memwr$\cache_valid$picosoc.v:423$739_EN' using process `\spimem_cache_direct_mapped.$proc$picosoc.v:419$837'.
  created $dff cell `$procdff$7212' with positive edge clock.
Creating register for signal `\spimem_cache_direct_mapped.$memwr$\cache_valid$picosoc.v:423$740_EN' using process `\spimem_cache_direct_mapped.$proc$picosoc.v:419$837'.
  created $dff cell `$procdff$7213' with positive edge clock.
Creating register for signal `\spimem_cache_direct_mapped.$memwr$\cache_valid$picosoc.v:423$741_EN' using process `\spimem_cache_direct_mapped.$proc$picosoc.v:419$837'.
  created $dff cell `$procdff$7214' with positive edge clock.
Creating register for signal `\spimem_cache_direct_mapped.$memwr$\cache_valid$picosoc.v:423$742_EN' using process `\spimem_cache_direct_mapped.$proc$picosoc.v:419$837'.
  created $dff cell `$procdff$7215' with positive edge clock.
Creating register for signal `\spimem_cache_direct_mapped.$memwr$\cache_valid$picosoc.v:423$743_EN' using process `\spimem_cache_direct_mapped.$proc$picosoc.v:419$837'.
  created $dff cell `$procdff$7216' with positive edge clock.
Creating register for signal `\spimem_cache_direct_mapped.$memwr$\cache_valid$picosoc.v:423$744_EN' using process `\spimem_cache_direct_mapped.$proc$picosoc.v:419$837'.
  created $dff cell `$procdff$7217' with positive edge clock.
Creating register for signal `\spimem_cache_direct_mapped.$memwr$\cache_valid$picosoc.v:423$745_EN' using process `\spimem_cache_direct_mapped.$proc$picosoc.v:419$837'.
  created $dff cell `$procdff$7218' with positive edge clock.
Creating register for signal `\spimem_cache_direct_mapped.$memwr$\cache_valid$picosoc.v:423$746_EN' using process `\spimem_cache_direct_mapped.$proc$picosoc.v:419$837'.
  created $dff cell `$procdff$7219' with positive edge clock.
Creating register for signal `\spimem_cache_direct_mapped.$memwr$\cache_valid$picosoc.v:423$747_EN' using process `\spimem_cache_direct_mapped.$proc$picosoc.v:419$837'.
  created $dff cell `$procdff$7220' with positive edge clock.
Creating register for signal `\spimem_cache_direct_mapped.$memwr$\cache_valid$picosoc.v:423$748_EN' using process `\spimem_cache_direct_mapped.$proc$picosoc.v:419$837'.
  created $dff cell `$procdff$7221' with positive edge clock.
Creating register for signal `\spimem_cache_direct_mapped.$memwr$\cache_valid$picosoc.v:423$749_EN' using process `\spimem_cache_direct_mapped.$proc$picosoc.v:419$837'.
  created $dff cell `$procdff$7222' with positive edge clock.
Creating register for signal `\spimem_cache_direct_mapped.$memwr$\cache_valid$picosoc.v:423$750_EN' using process `\spimem_cache_direct_mapped.$proc$picosoc.v:419$837'.
  created $dff cell `$procdff$7223' with positive edge clock.
Creating register for signal `\spimem_cache_direct_mapped.$memwr$\cache_valid$picosoc.v:423$751_EN' using process `\spimem_cache_direct_mapped.$proc$picosoc.v:419$837'.
  created $dff cell `$procdff$7224' with positive edge clock.
Creating register for signal `\spimem_cache_direct_mapped.$memwr$\cache_valid$picosoc.v:423$752_EN' using process `\spimem_cache_direct_mapped.$proc$picosoc.v:419$837'.
  created $dff cell `$procdff$7225' with positive edge clock.
Creating register for signal `\spimem_cache_direct_mapped.$memwr$\cache_valid$picosoc.v:423$753_EN' using process `\spimem_cache_direct_mapped.$proc$picosoc.v:419$837'.
  created $dff cell `$procdff$7226' with positive edge clock.
Creating register for signal `\spimem_cache_direct_mapped.$memwr$\cache_valid$picosoc.v:423$754_EN' using process `\spimem_cache_direct_mapped.$proc$picosoc.v:419$837'.
  created $dff cell `$procdff$7227' with positive edge clock.
Creating register for signal `\spimem_cache_direct_mapped.$memwr$\cache_valid$picosoc.v:423$755_EN' using process `\spimem_cache_direct_mapped.$proc$picosoc.v:419$837'.
  created $dff cell `$procdff$7228' with positive edge clock.
Creating register for signal `\spimem_cache_direct_mapped.$memwr$\cache_valid$picosoc.v:423$756_EN' using process `\spimem_cache_direct_mapped.$proc$picosoc.v:419$837'.
  created $dff cell `$procdff$7229' with positive edge clock.
Creating register for signal `\spimem_cache_direct_mapped.$memwr$\cache_valid$picosoc.v:423$757_EN' using process `\spimem_cache_direct_mapped.$proc$picosoc.v:419$837'.
  created $dff cell `$procdff$7230' with positive edge clock.
Creating register for signal `\spimem_cache_direct_mapped.$memwr$\cache_valid$picosoc.v:423$758_EN' using process `\spimem_cache_direct_mapped.$proc$picosoc.v:419$837'.
  created $dff cell `$procdff$7231' with positive edge clock.
Creating register for signal `\spimem_cache_direct_mapped.$memwr$\cache_valid$picosoc.v:423$759_EN' using process `\spimem_cache_direct_mapped.$proc$picosoc.v:419$837'.
  created $dff cell `$procdff$7232' with positive edge clock.
Creating register for signal `\spimem_cache_direct_mapped.$memwr$\cache_valid$picosoc.v:423$760_EN' using process `\spimem_cache_direct_mapped.$proc$picosoc.v:419$837'.
  created $dff cell `$procdff$7233' with positive edge clock.
Creating register for signal `\spimem_cache_direct_mapped.$memwr$\cache_valid$picosoc.v:423$761_EN' using process `\spimem_cache_direct_mapped.$proc$picosoc.v:419$837'.
  created $dff cell `$procdff$7234' with positive edge clock.
Creating register for signal `\spimem_cache_direct_mapped.$memwr$\cache_valid$picosoc.v:423$762_EN' using process `\spimem_cache_direct_mapped.$proc$picosoc.v:419$837'.
  created $dff cell `$procdff$7235' with positive edge clock.
Creating register for signal `\spimem_cache_direct_mapped.$memwr$\cache_valid$picosoc.v:423$763_EN' using process `\spimem_cache_direct_mapped.$proc$picosoc.v:419$837'.
  created $dff cell `$procdff$7236' with positive edge clock.
Creating register for signal `\spimem_cache_direct_mapped.$memwr$\cache_valid$picosoc.v:423$764_EN' using process `\spimem_cache_direct_mapped.$proc$picosoc.v:419$837'.
  created $dff cell `$procdff$7237' with positive edge clock.
Creating register for signal `\spimem_cache_direct_mapped.$memwr$\cache_valid$picosoc.v:423$765_EN' using process `\spimem_cache_direct_mapped.$proc$picosoc.v:419$837'.
  created $dff cell `$procdff$7238' with positive edge clock.
Creating register for signal `\spimem_cache_direct_mapped.$memwr$\cache_valid$picosoc.v:423$766_EN' using process `\spimem_cache_direct_mapped.$proc$picosoc.v:419$837'.
  created $dff cell `$procdff$7239' with positive edge clock.
Creating register for signal `\spimem_cache_direct_mapped.$memwr$\cache_valid$picosoc.v:423$767_EN' using process `\spimem_cache_direct_mapped.$proc$picosoc.v:419$837'.
  created $dff cell `$procdff$7240' with positive edge clock.
Creating register for signal `\spimem_cache_direct_mapped.$memwr$\cache_valid$picosoc.v:423$768_EN' using process `\spimem_cache_direct_mapped.$proc$picosoc.v:419$837'.
  created $dff cell `$procdff$7241' with positive edge clock.
Creating register for signal `\spimem_cache_direct_mapped.$memwr$\cache_valid$picosoc.v:423$769_EN' using process `\spimem_cache_direct_mapped.$proc$picosoc.v:419$837'.
  created $dff cell `$procdff$7242' with positive edge clock.
Creating register for signal `\spimem_cache_direct_mapped.$memwr$\cache_valid$picosoc.v:423$770_EN' using process `\spimem_cache_direct_mapped.$proc$picosoc.v:419$837'.
  created $dff cell `$procdff$7243' with positive edge clock.
Creating register for signal `\spimem_cache_direct_mapped.$memwr$\cache_valid$picosoc.v:423$771_EN' using process `\spimem_cache_direct_mapped.$proc$picosoc.v:419$837'.
  created $dff cell `$procdff$7244' with positive edge clock.
Creating register for signal `\spimem_cache_direct_mapped.$memwr$\cache_valid$picosoc.v:423$772_EN' using process `\spimem_cache_direct_mapped.$proc$picosoc.v:419$837'.
  created $dff cell `$procdff$7245' with positive edge clock.
Creating register for signal `\spimem_cache_direct_mapped.$memwr$\cache_valid$picosoc.v:423$773_EN' using process `\spimem_cache_direct_mapped.$proc$picosoc.v:419$837'.
  created $dff cell `$procdff$7246' with positive edge clock.
Creating register for signal `\spimem_cache_direct_mapped.$memwr$\cache_valid$picosoc.v:423$774_EN' using process `\spimem_cache_direct_mapped.$proc$picosoc.v:419$837'.
  created $dff cell `$procdff$7247' with positive edge clock.
Creating register for signal `\spimem_cache_direct_mapped.$memwr$\cache_valid$picosoc.v:423$775_EN' using process `\spimem_cache_direct_mapped.$proc$picosoc.v:419$837'.
  created $dff cell `$procdff$7248' with positive edge clock.
Creating register for signal `\spimem_cache_direct_mapped.$memwr$\cache_valid$picosoc.v:423$776_EN' using process `\spimem_cache_direct_mapped.$proc$picosoc.v:419$837'.
  created $dff cell `$procdff$7249' with positive edge clock.
Creating register for signal `\spimem_cache_direct_mapped.$memwr$\cache_valid$picosoc.v:423$777_EN' using process `\spimem_cache_direct_mapped.$proc$picosoc.v:419$837'.
  created $dff cell `$procdff$7250' with positive edge clock.
Creating register for signal `\spimem_cache_direct_mapped.$memwr$\cache_valid$picosoc.v:423$778_EN' using process `\spimem_cache_direct_mapped.$proc$picosoc.v:419$837'.
  created $dff cell `$procdff$7251' with positive edge clock.
Creating register for signal `\spimem_cache_direct_mapped.$memwr$\cache_valid$picosoc.v:423$779_EN' using process `\spimem_cache_direct_mapped.$proc$picosoc.v:419$837'.
  created $dff cell `$procdff$7252' with positive edge clock.
Creating register for signal `\spimem_cache_direct_mapped.$memwr$\cache_valid$picosoc.v:423$780_EN' using process `\spimem_cache_direct_mapped.$proc$picosoc.v:419$837'.
  created $dff cell `$procdff$7253' with positive edge clock.
Creating register for signal `\spimem_cache_direct_mapped.$memwr$\cache_valid$picosoc.v:423$781_EN' using process `\spimem_cache_direct_mapped.$proc$picosoc.v:419$837'.
  created $dff cell `$procdff$7254' with positive edge clock.
Creating register for signal `\spimem_cache_direct_mapped.$memwr$\cache_valid$picosoc.v:423$782_EN' using process `\spimem_cache_direct_mapped.$proc$picosoc.v:419$837'.
  created $dff cell `$procdff$7255' with positive edge clock.
Creating register for signal `\spimem_cache_direct_mapped.$memwr$\cache_valid$picosoc.v:423$783_EN' using process `\spimem_cache_direct_mapped.$proc$picosoc.v:419$837'.
  created $dff cell `$procdff$7256' with positive edge clock.
Creating register for signal `\spimem_cache_direct_mapped.$memwr$\cache_valid$picosoc.v:423$784_EN' using process `\spimem_cache_direct_mapped.$proc$picosoc.v:419$837'.
  created $dff cell `$procdff$7257' with positive edge clock.
Creating register for signal `\spimem_cache_direct_mapped.$memwr$\cache_valid$picosoc.v:423$785_EN' using process `\spimem_cache_direct_mapped.$proc$picosoc.v:419$837'.
  created $dff cell `$procdff$7258' with positive edge clock.
Creating register for signal `\spimem_cache_direct_mapped.$memwr$\cache_valid$picosoc.v:423$786_EN' using process `\spimem_cache_direct_mapped.$proc$picosoc.v:419$837'.
  created $dff cell `$procdff$7259' with positive edge clock.
Creating register for signal `\spimem_cache_direct_mapped.$memwr$\cache_valid$picosoc.v:423$787_EN' using process `\spimem_cache_direct_mapped.$proc$picosoc.v:419$837'.
  created $dff cell `$procdff$7260' with positive edge clock.
Creating register for signal `\spimem_cache_direct_mapped.$memwr$\cache_valid$picosoc.v:423$788_EN' using process `\spimem_cache_direct_mapped.$proc$picosoc.v:419$837'.
  created $dff cell `$procdff$7261' with positive edge clock.
Creating register for signal `\spimem_cache_direct_mapped.$memwr$\cache_valid$picosoc.v:423$789_EN' using process `\spimem_cache_direct_mapped.$proc$picosoc.v:419$837'.
  created $dff cell `$procdff$7262' with positive edge clock.
Creating register for signal `\spimem_cache_direct_mapped.$memwr$\cache_valid$picosoc.v:423$790_EN' using process `\spimem_cache_direct_mapped.$proc$picosoc.v:419$837'.
  created $dff cell `$procdff$7263' with positive edge clock.
Creating register for signal `\spimem_cache_direct_mapped.$memwr$\cache_valid$picosoc.v:423$791_EN' using process `\spimem_cache_direct_mapped.$proc$picosoc.v:419$837'.
  created $dff cell `$procdff$7264' with positive edge clock.
Creating register for signal `\spimem_cache_direct_mapped.$memwr$\cache_valid$picosoc.v:423$792_EN' using process `\spimem_cache_direct_mapped.$proc$picosoc.v:419$837'.
  created $dff cell `$procdff$7265' with positive edge clock.
Creating register for signal `\spimem_cache_direct_mapped.$memwr$\cache_valid$picosoc.v:423$793_EN' using process `\spimem_cache_direct_mapped.$proc$picosoc.v:419$837'.
  created $dff cell `$procdff$7266' with positive edge clock.
Creating register for signal `\spimem_cache_direct_mapped.$memwr$\cache_valid$picosoc.v:423$794_EN' using process `\spimem_cache_direct_mapped.$proc$picosoc.v:419$837'.
  created $dff cell `$procdff$7267' with positive edge clock.
Creating register for signal `\spimem_cache_direct_mapped.$memwr$\cache_valid$picosoc.v:423$795_EN' using process `\spimem_cache_direct_mapped.$proc$picosoc.v:419$837'.
  created $dff cell `$procdff$7268' with positive edge clock.
Creating register for signal `\spimem_cache_direct_mapped.$memwr$\cache_valid$picosoc.v:423$796_EN' using process `\spimem_cache_direct_mapped.$proc$picosoc.v:419$837'.
  created $dff cell `$procdff$7269' with positive edge clock.
Creating register for signal `\spimem_cache_direct_mapped.$memwr$\cache_valid$picosoc.v:423$797_EN' using process `\spimem_cache_direct_mapped.$proc$picosoc.v:419$837'.
  created $dff cell `$procdff$7270' with positive edge clock.
Creating register for signal `\spimem_cache_direct_mapped.$memwr$\cache_valid$picosoc.v:423$798_EN' using process `\spimem_cache_direct_mapped.$proc$picosoc.v:419$837'.
  created $dff cell `$procdff$7271' with positive edge clock.
Creating register for signal `\spimem_cache_direct_mapped.$memwr$\cache_valid$picosoc.v:423$799_EN' using process `\spimem_cache_direct_mapped.$proc$picosoc.v:419$837'.
  created $dff cell `$procdff$7272' with positive edge clock.
Creating register for signal `\spimem_cache_direct_mapped.$memwr$\cache_valid$picosoc.v:423$800_EN' using process `\spimem_cache_direct_mapped.$proc$picosoc.v:419$837'.
  created $dff cell `$procdff$7273' with positive edge clock.
Creating register for signal `\spimem_cache_direct_mapped.$memwr$\cache_valid$picosoc.v:423$801_EN' using process `\spimem_cache_direct_mapped.$proc$picosoc.v:419$837'.
  created $dff cell `$procdff$7274' with positive edge clock.
Creating register for signal `\spimem_cache_direct_mapped.$memwr$\cache_valid$picosoc.v:423$802_EN' using process `\spimem_cache_direct_mapped.$proc$picosoc.v:419$837'.
  created $dff cell `$procdff$7275' with positive edge clock.
Creating register for signal `\spimem_cache_direct_mapped.$memwr$\cache_valid$picosoc.v:423$803_EN' using process `\spimem_cache_direct_mapped.$proc$picosoc.v:419$837'.
  created $dff cell `$procdff$7276' with positive edge clock.
Creating register for signal `\spimem_cache_direct_mapped.$memwr$\cache_valid$picosoc.v:423$804_EN' using process `\spimem_cache_direct_mapped.$proc$picosoc.v:419$837'.
  created $dff cell `$procdff$7277' with positive edge clock.
Creating register for signal `\spimem_cache_direct_mapped.$memwr$\cache_valid$picosoc.v:423$805_EN' using process `\spimem_cache_direct_mapped.$proc$picosoc.v:419$837'.
  created $dff cell `$procdff$7278' with positive edge clock.
Creating register for signal `\spimem_cache_direct_mapped.$memwr$\cache_valid$picosoc.v:423$806_EN' using process `\spimem_cache_direct_mapped.$proc$picosoc.v:419$837'.
  created $dff cell `$procdff$7279' with positive edge clock.
Creating register for signal `\spimem_cache_direct_mapped.$memwr$\cache_valid$picosoc.v:423$807_EN' using process `\spimem_cache_direct_mapped.$proc$picosoc.v:419$837'.
  created $dff cell `$procdff$7280' with positive edge clock.
Creating register for signal `\spimem_cache_direct_mapped.$memwr$\cache_valid$picosoc.v:423$808_EN' using process `\spimem_cache_direct_mapped.$proc$picosoc.v:419$837'.
  created $dff cell `$procdff$7281' with positive edge clock.
Creating register for signal `\spimem_cache_direct_mapped.$memwr$\cache_valid$picosoc.v:423$809_EN' using process `\spimem_cache_direct_mapped.$proc$picosoc.v:419$837'.
  created $dff cell `$procdff$7282' with positive edge clock.
Creating register for signal `\spimem_cache_direct_mapped.$memwr$\cache_valid$picosoc.v:423$810_EN' using process `\spimem_cache_direct_mapped.$proc$picosoc.v:419$837'.
  created $dff cell `$procdff$7283' with positive edge clock.
Creating register for signal `\spimem_cache_direct_mapped.$memwr$\cache_valid$picosoc.v:423$811_EN' using process `\spimem_cache_direct_mapped.$proc$picosoc.v:419$837'.
  created $dff cell `$procdff$7284' with positive edge clock.
Creating register for signal `\spimem_cache_direct_mapped.$memwr$\cache_data$picosoc.v:431$812_ADDR' using process `\spimem_cache_direct_mapped.$proc$picosoc.v:419$837'.
  created $dff cell `$procdff$7285' with positive edge clock.
Creating register for signal `\spimem_cache_direct_mapped.$memwr$\cache_data$picosoc.v:431$812_DATA' using process `\spimem_cache_direct_mapped.$proc$picosoc.v:419$837'.
  created $dff cell `$procdff$7286' with positive edge clock.
Creating register for signal `\spimem_cache_direct_mapped.$memwr$\cache_data$picosoc.v:431$812_EN' using process `\spimem_cache_direct_mapped.$proc$picosoc.v:419$837'.
  created $dff cell `$procdff$7287' with positive edge clock.
Creating register for signal `\spimem_cache_direct_mapped.$memwr$\cache_tag$picosoc.v:433$813_ADDR' using process `\spimem_cache_direct_mapped.$proc$picosoc.v:419$837'.
  created $dff cell `$procdff$7288' with positive edge clock.
Creating register for signal `\spimem_cache_direct_mapped.$memwr$\cache_tag$picosoc.v:433$813_DATA' using process `\spimem_cache_direct_mapped.$proc$picosoc.v:419$837'.
  created $dff cell `$procdff$7289' with positive edge clock.
Creating register for signal `\spimem_cache_direct_mapped.$memwr$\cache_tag$picosoc.v:433$813_EN' using process `\spimem_cache_direct_mapped.$proc$picosoc.v:419$837'.
  created $dff cell `$procdff$7290' with positive edge clock.
Creating register for signal `\spimem_cache_direct_mapped.$memwr$\cache_valid$picosoc.v:434$814_ADDR' using process `\spimem_cache_direct_mapped.$proc$picosoc.v:419$837'.
  created $dff cell `$procdff$7291' with positive edge clock.
Creating register for signal `\spimem_cache_direct_mapped.$memwr$\cache_valid$picosoc.v:434$814_EN' using process `\spimem_cache_direct_mapped.$proc$picosoc.v:419$837'.
  created $dff cell `$procdff$7292' with positive edge clock.
Creating register for signal `\spimemio.\rdata' using process `\spimemio.$proc$spimemio.v:207$535'.
  created $dff cell `$procdff$7293' with positive edge clock.
Creating register for signal `\spimemio.\xfer_resetn' using process `\spimemio.$proc$spimemio.v:207$535'.
  created $dff cell `$procdff$7294' with positive edge clock.
Creating register for signal `\spimemio.\din_valid' using process `\spimemio.$proc$spimemio.v:207$535'.
  created $dff cell `$procdff$7295' with positive edge clock.
Creating register for signal `\spimemio.\din_data' using process `\spimemio.$proc$spimemio.v:207$535'.
  created $dff cell `$procdff$7296' with positive edge clock.
Creating register for signal `\spimemio.\din_tag' using process `\spimemio.$proc$spimemio.v:207$535'.
  created $dff cell `$procdff$7297' with positive edge clock.
Creating register for signal `\spimemio.\din_cont' using process `\spimemio.$proc$spimemio.v:207$535'.
  created $dff cell `$procdff$7298' with positive edge clock.
Creating register for signal `\spimemio.\din_qspi' using process `\spimemio.$proc$spimemio.v:207$535'.
  created $dff cell `$procdff$7299' with positive edge clock.
Creating register for signal `\spimemio.\din_ddr' using process `\spimemio.$proc$spimemio.v:207$535'.
  created $dff cell `$procdff$7300' with positive edge clock.
Creating register for signal `\spimemio.\din_rd' using process `\spimemio.$proc$spimemio.v:207$535'.
  created $dff cell `$procdff$7301' with positive edge clock.
Creating register for signal `\spimemio.\buffer' using process `\spimemio.$proc$spimemio.v:207$535'.
  created $dff cell `$procdff$7302' with positive edge clock.
Creating register for signal `\spimemio.\rd_addr' using process `\spimemio.$proc$spimemio.v:207$535'.
  created $dff cell `$procdff$7303' with positive edge clock.
Creating register for signal `\spimemio.\rd_valid' using process `\spimemio.$proc$spimemio.v:207$535'.
  created $dff cell `$procdff$7304' with positive edge clock.
Creating register for signal `\spimemio.\rd_wait' using process `\spimemio.$proc$spimemio.v:207$535'.
  created $dff cell `$procdff$7305' with positive edge clock.
Creating register for signal `\spimemio.\rd_inc' using process `\spimemio.$proc$spimemio.v:207$535'.
  created $dff cell `$procdff$7306' with positive edge clock.
Creating register for signal `\spimemio.\state' using process `\spimemio.$proc$spimemio.v:207$535'.
  created $dff cell `$procdff$7307' with positive edge clock.
Creating register for signal `\spimemio.\xfer_io0_90' using process `\spimemio.$proc$spimemio.v:151$517'.
  created $dff cell `$procdff$7308' with negative edge clock.
Creating register for signal `\spimemio.\xfer_io1_90' using process `\spimemio.$proc$spimemio.v:151$517'.
  created $dff cell `$procdff$7309' with negative edge clock.
Creating register for signal `\spimemio.\xfer_io2_90' using process `\spimemio.$proc$spimemio.v:151$517'.
  created $dff cell `$procdff$7310' with negative edge clock.
Creating register for signal `\spimemio.\xfer_io3_90' using process `\spimemio.$proc$spimemio.v:151$517'.
  created $dff cell `$procdff$7311' with negative edge clock.
Creating register for signal `\spimemio.\softreset' using process `\spimemio.$proc$spimemio.v:99$513'.
  created $dff cell `$procdff$7312' with positive edge clock.
Creating register for signal `\spimemio.\config_en' using process `\spimemio.$proc$spimemio.v:99$513'.
  created $dff cell `$procdff$7313' with positive edge clock.
Creating register for signal `\spimemio.\config_ddr' using process `\spimemio.$proc$spimemio.v:99$513'.
  created $dff cell `$procdff$7314' with positive edge clock.
Creating register for signal `\spimemio.\config_qspi' using process `\spimemio.$proc$spimemio.v:99$513'.
  created $dff cell `$procdff$7315' with positive edge clock.
Creating register for signal `\spimemio.\config_cont' using process `\spimemio.$proc$spimemio.v:99$513'.
  created $dff cell `$procdff$7316' with positive edge clock.
Creating register for signal `\spimemio.\config_dummy' using process `\spimemio.$proc$spimemio.v:99$513'.
  created $dff cell `$procdff$7317' with positive edge clock.
Creating register for signal `\spimemio.\config_oe' using process `\spimemio.$proc$spimemio.v:99$513'.
  created $dff cell `$procdff$7318' with positive edge clock.
Creating register for signal `\spimemio.\config_csb' using process `\spimemio.$proc$spimemio.v:99$513'.
  created $dff cell `$procdff$7319' with positive edge clock.
Creating register for signal `\spimemio.\config_clk' using process `\spimemio.$proc$spimemio.v:99$513'.
  created $dff cell `$procdff$7320' with positive edge clock.
Creating register for signal `\spimemio.\config_do' using process `\spimemio.$proc$spimemio.v:99$513'.
  created $dff cell `$procdff$7321' with positive edge clock.
Creating register for signal `\simpleuart.\send_pattern' using process `\simpleuart.$proc$simpleuart.v:109$493'.
  created $dff cell `$procdff$7322' with positive edge clock.
Creating register for signal `\simpleuart.\send_bitcnt' using process `\simpleuart.$proc$simpleuart.v:109$493'.
  created $dff cell `$procdff$7323' with positive edge clock.
Creating register for signal `\simpleuart.\send_divcnt' using process `\simpleuart.$proc$simpleuart.v:109$493'.
  created $dff cell `$procdff$7324' with positive edge clock.
Creating register for signal `\simpleuart.\send_dummy' using process `\simpleuart.$proc$simpleuart.v:109$493'.
  created $dff cell `$procdff$7325' with positive edge clock.
Creating register for signal `\simpleuart.\recv_state' using process `\simpleuart.$proc$simpleuart.v:66$484'.
  created $dff cell `$procdff$7326' with positive edge clock.
Creating register for signal `\simpleuart.\recv_divcnt' using process `\simpleuart.$proc$simpleuart.v:66$484'.
  created $dff cell `$procdff$7327' with positive edge clock.
Creating register for signal `\simpleuart.\recv_pattern' using process `\simpleuart.$proc$simpleuart.v:66$484'.
  created $dff cell `$procdff$7328' with positive edge clock.
Creating register for signal `\simpleuart.\recv_buf_data' using process `\simpleuart.$proc$simpleuart.v:66$484'.
  created $dff cell `$procdff$7329' with positive edge clock.
Creating register for signal `\simpleuart.\recv_buf_valid' using process `\simpleuart.$proc$simpleuart.v:66$484'.
  created $dff cell `$procdff$7330' with positive edge clock.
Creating register for signal `\simpleuart.\cfg_divider' using process `\simpleuart.$proc$simpleuart.v:55$482'.
  created $dff cell `$procdff$7331' with positive edge clock.
Creating register for signal `\seven_seg_ctrl.\dout' using process `\seven_seg_ctrl.$proc$icebreaker.v:220$462'.
  created $dff cell `$procdff$7332' with positive edge clock.
Creating register for signal `\seven_seg_ctrl.\clkdiv' using process `\seven_seg_ctrl.$proc$icebreaker.v:220$462'.
  created $dff cell `$procdff$7333' with positive edge clock.
Creating register for signal `\seven_seg_ctrl.\clkdiv_pulse' using process `\seven_seg_ctrl.$proc$icebreaker.v:220$462'.
  created $dff cell `$procdff$7334' with positive edge clock.
Creating register for signal `\seven_seg_ctrl.\msb_not_lsb' using process `\seven_seg_ctrl.$proc$icebreaker.v:220$462'.
  created $dff cell `$procdff$7335' with positive edge clock.
Creating register for signal `$paramod$f03d4e23a3a44173f9a2edec4a46578428035902\picosoc.\ram_ready' using process `$paramod$f03d4e23a3a44173f9a2edec4a46578428035902\picosoc.$proc$picosoc.v:255$452'.
  created $dff cell `$procdff$7336' with positive edge clock.
Creating register for signal `\icebreaker.\iomem_ready' using process `\icebreaker.$proc$icebreaker.v:132$397'.
  created $dff cell `$procdff$7337' with positive edge clock.
Creating register for signal `\icebreaker.\iomem_rdata' using process `\icebreaker.$proc$icebreaker.v:132$397'.
  created $dff cell `$procdff$7338' with positive edge clock.
Creating register for signal `\icebreaker.\gpio' using process `\icebreaker.$proc$icebreaker.v:132$397'.
  created $dff cell `$procdff$7339' with positive edge clock.
Creating register for signal `\icebreaker.\reset_cnt' using process `\icebreaker.$proc$icebreaker.v:79$392'.
  created $dff cell `$procdff$7340' with positive edge clock.
Creating register for signal `\icebreaker.\clk_15mhz' using process `\icebreaker.$proc$icebreaker.v:70$389'.
  created $dff cell `$procdff$7341' with positive edge clock.

7.4.10. Executing PROC_MEMWR pass (convert process memory writes to cells).

7.4.11. Executing PROC_CLEAN pass (remove empty switches from decision trees).
Found and cleaned up 1 empty switch in `\picosoc_regs.$proc$picosoc.v:790$2143'.
Removing empty process `picosoc_regs.$proc$picosoc.v:790$2143'.
Found and cleaned up 4 empty switches in `\picorv32_pcpi_fast_mul.$proc$../picorv32.v:2378$2136'.
Removing empty process `picorv32_pcpi_fast_mul.$proc$../picorv32.v:2378$2136'.
Found and cleaned up 3 empty switches in `\picorv32_pcpi_fast_mul.$proc$../picorv32.v:2364$2131'.
Removing empty process `picorv32_pcpi_fast_mul.$proc$../picorv32.v:2364$2131'.
Found and cleaned up 2 empty switches in `\picorv32_pcpi_fast_mul.$proc$../picorv32.v:2348$2129'.
Removing empty process `picorv32_pcpi_fast_mul.$proc$../picorv32.v:2348$2129'.
Found and cleaned up 4 empty switches in `\spimemio_xfer.$proc$spimemio.v:535$2105'.
Removing empty process `spimemio_xfer.$proc$spimemio.v:535$2105'.
Found and cleaned up 5 empty switches in `\spimemio_xfer.$proc$spimemio.v:447$2081'.
Removing empty process `spimemio_xfer.$proc$spimemio.v:447$2081'.
Removing empty process `spimemio_xfer.$proc$spimemio.v:436$2072'.
Found and cleaned up 61 empty switches in `$paramod$d10354c6a96dde45072006c7ddf03c042761ad93\picorv32.$proc$../picorv32.v:1402$1880'.
Removing empty process `$paramod$d10354c6a96dde45072006c7ddf03c042761ad93\picorv32.$proc$../picorv32.v:1402$1880'.
Removing empty process `$paramod$d10354c6a96dde45072006c7ddf03c042761ad93\picorv32.$proc$../picorv32.v:1387$1866'.
Found and cleaned up 2 empty switches in `$paramod$d10354c6a96dde45072006c7ddf03c042761ad93\picorv32.$proc$../picorv32.v:1309$1852'.
Removing empty process `$paramod$d10354c6a96dde45072006c7ddf03c042761ad93\picorv32.$proc$../picorv32.v:1309$1852'.
Found and cleaned up 2 empty switches in `$paramod$d10354c6a96dde45072006c7ddf03c042761ad93\picorv32.$proc$../picorv32.v:1295$1847'.
Removing empty process `$paramod$d10354c6a96dde45072006c7ddf03c042761ad93\picorv32.$proc$../picorv32.v:1295$1847'.
Removing empty process `$paramod$d10354c6a96dde45072006c7ddf03c042761ad93\picorv32.$proc$../picorv32.v:1293$1846'.
Found and cleaned up 2 empty switches in `$paramod$d10354c6a96dde45072006c7ddf03c042761ad93\picorv32.$proc$../picorv32.v:1249$1824'.
Removing empty process `$paramod$d10354c6a96dde45072006c7ddf03c042761ad93\picorv32.$proc$../picorv32.v:1249$1824'.
Found and cleaned up 8 empty switches in `$paramod$d10354c6a96dde45072006c7ddf03c042761ad93\picorv32.$proc$../picorv32.v:1186$1812'.
Removing empty process `$paramod$d10354c6a96dde45072006c7ddf03c042761ad93\picorv32.$proc$../picorv32.v:1186$1812'.
Found and cleaned up 22 empty switches in `$paramod$d10354c6a96dde45072006c7ddf03c042761ad93\picorv32.$proc$../picorv32.v:858$1549'.
Removing empty process `$paramod$d10354c6a96dde45072006c7ddf03c042761ad93\picorv32.$proc$../picorv32.v:858$1549'.
Found and cleaned up 3 empty switches in `$paramod$d10354c6a96dde45072006c7ddf03c042761ad93\picorv32.$proc$../picorv32.v:809$1547'.
Removing empty process `$paramod$d10354c6a96dde45072006c7ddf03c042761ad93\picorv32.$proc$../picorv32.v:809$1547'.
Found and cleaned up 5 empty switches in `$paramod$d10354c6a96dde45072006c7ddf03c042761ad93\picorv32.$proc$../picorv32.v:778$1543'.
Removing empty process `$paramod$d10354c6a96dde45072006c7ddf03c042761ad93\picorv32.$proc$../picorv32.v:778$1543'.
Found and cleaned up 48 empty switches in `$paramod$d10354c6a96dde45072006c7ddf03c042761ad93\picorv32.$proc$../picorv32.v:701$1542'.
Removing empty process `$paramod$d10354c6a96dde45072006c7ddf03c042761ad93\picorv32.$proc$../picorv32.v:701$1542'.
Found and cleaned up 16 empty switches in `$paramod$d10354c6a96dde45072006c7ddf03c042761ad93\picorv32.$proc$../picorv32.v:565$1518'.
Removing empty process `$paramod$d10354c6a96dde45072006c7ddf03c042761ad93\picorv32.$proc$../picorv32.v:565$1518'.
Removing empty process `$paramod$d10354c6a96dde45072006c7ddf03c042761ad93\picorv32.$proc$../picorv32.v:1239$2061'.
Found and cleaned up 19 empty switches in `$paramod$d10354c6a96dde45072006c7ddf03c042761ad93\picorv32.$proc$../picorv32.v:430$1480'.
Removing empty process `$paramod$d10354c6a96dde45072006c7ddf03c042761ad93\picorv32.$proc$../picorv32.v:430$1480'.
Found and cleaned up 3 empty switches in `$paramod$d10354c6a96dde45072006c7ddf03c042761ad93\picorv32.$proc$../picorv32.v:401$1477'.
Removing empty process `$paramod$d10354c6a96dde45072006c7ddf03c042761ad93\picorv32.$proc$../picorv32.v:401$1477'.
Found and cleaned up 2 empty switches in `$paramod$d10354c6a96dde45072006c7ddf03c042761ad93\picorv32.$proc$../picorv32.v:390$1472'.
Removing empty process `$paramod$d10354c6a96dde45072006c7ddf03c042761ad93\picorv32.$proc$../picorv32.v:390$1472'.
Found and cleaned up 1 empty switch in `$paramod$d10354c6a96dde45072006c7ddf03c042761ad93\picorv32.$proc$../picorv32.v:325$1398'.
Removing empty process `$paramod$d10354c6a96dde45072006c7ddf03c042761ad93\picorv32.$proc$../picorv32.v:325$1398'.
Found and cleaned up 7 empty switches in `\spimem_cache_direct_mapped.$proc$picosoc.v:419$837'.
Removing empty process `spimem_cache_direct_mapped.$proc$picosoc.v:419$837'.
Found and cleaned up 25 empty switches in `\spimemio.$proc$spimemio.v:207$535'.
Removing empty process `spimemio.$proc$spimemio.v:207$535'.
Removing empty process `spimemio.$proc$spimemio.v:151$517'.
Found and cleaned up 5 empty switches in `\spimemio.$proc$spimemio.v:99$513'.
Removing empty process `spimemio.$proc$spimemio.v:99$513'.
Found and cleaned up 5 empty switches in `\simpleuart.$proc$simpleuart.v:109$493'.
Removing empty process `simpleuart.$proc$simpleuart.v:109$493'.
Found and cleaned up 7 empty switches in `\simpleuart.$proc$simpleuart.v:66$484'.
Removing empty process `simpleuart.$proc$simpleuart.v:66$484'.
Found and cleaned up 5 empty switches in `\simpleuart.$proc$simpleuart.v:55$482'.
Removing empty process `simpleuart.$proc$simpleuart.v:55$482'.
Found and cleaned up 1 empty switch in `\seven_seg_hex.$proc$icebreaker.v:242$471'.
Removing empty process `seven_seg_hex.$proc$icebreaker.v:242$471'.
Removing empty process `seven_seg_ctrl.$proc$icebreaker.v:218$470'.
Removing empty process `seven_seg_ctrl.$proc$icebreaker.v:217$469'.
Removing empty process `seven_seg_ctrl.$proc$icebreaker.v:216$468'.
Found and cleaned up 2 empty switches in `\seven_seg_ctrl.$proc$icebreaker.v:220$462'.
Removing empty process `seven_seg_ctrl.$proc$icebreaker.v:220$462'.
Removing empty process `$paramod$f03d4e23a3a44173f9a2edec4a46578428035902\picosoc.$proc$picosoc.v:255$452'.
Removing empty process `$paramod$f03d4e23a3a44173f9a2edec4a46578428035902\picosoc.$proc$picosoc.v:93$405'.
Removing empty process `icebreaker.$proc$icebreaker.v:76$404'.
Removing empty process `icebreaker.$proc$icebreaker.v:68$403'.
Found and cleaned up 6 empty switches in `\icebreaker.$proc$icebreaker.v:132$397'.
Removing empty process `icebreaker.$proc$icebreaker.v:132$397'.
Removing empty process `icebreaker.$proc$icebreaker.v:79$392'.
Removing empty process `icebreaker.$proc$icebreaker.v:70$389'.
Cleaned up 276 empty switches.

7.4.12. Executing OPT_EXPR pass (perform const folding).
Optimizing module picosoc_regs.
Optimizing module picorv32_pcpi_fast_mul.
<suppressed ~12 debug messages>
Optimizing module spimemio_xfer.
<suppressed ~33 debug messages>
Optimizing module $paramod$d10354c6a96dde45072006c7ddf03c042761ad93\picorv32.
<suppressed ~675 debug messages>
Optimizing module spimem_cache_direct_mapped.
<suppressed ~285 debug messages>
Optimizing module spimemio.
<suppressed ~15 debug messages>
Optimizing module simpleuart.
<suppressed ~17 debug messages>
Optimizing module $paramod\ice40up5k_spram\WORDS=s32'00000000000000001000000000000000.
Optimizing module seven_seg_hex.
Optimizing module seven_seg_ctrl.
Optimizing module $paramod$f03d4e23a3a44173f9a2edec4a46578428035902\picosoc.
Optimizing module icebreaker.
<suppressed ~6 debug messages>

7.5. Executing FLATTEN pass (flatten design).
Deleting now unused module picosoc_regs.
Deleting now unused module picorv32_pcpi_fast_mul.
Deleting now unused module spimemio_xfer.
Deleting now unused module $paramod$d10354c6a96dde45072006c7ddf03c042761ad93\picorv32.
Deleting now unused module spimem_cache_direct_mapped.
Deleting now unused module spimemio.
Deleting now unused module simpleuart.
Deleting now unused module $paramod\ice40up5k_spram\WORDS=s32'00000000000000001000000000000000.
Deleting now unused module seven_seg_hex.
Deleting now unused module seven_seg_ctrl.
Deleting now unused module $paramod$f03d4e23a3a44173f9a2edec4a46578428035902\picosoc.
<suppressed ~12 debug messages>

7.6. Executing TRIBUF pass.

7.7. Executing DEMINOUT pass (demote inout ports to input or output).

7.8. Executing OPT_EXPR pass (perform const folding).
Optimizing module icebreaker.
<suppressed ~6 debug messages>

7.9. Executing OPT_CLEAN pass (remove unused cells and wires).
Finding unused cells or wires in module \icebreaker..
Removed 946 unused cells and 3720 unused wires.
<suppressed ~1020 debug messages>

7.10. Executing CHECK pass (checking for obvious problems).
Checking module icebreaker...
Found and reported 0 problems.

7.11. Executing OPT pass (performing simple optimizations).

7.11.1. Executing OPT_EXPR pass (perform const folding).
Optimizing module icebreaker.

7.11.2. Executing OPT_MERGE pass (detect identical cells).
Finding identical cells in module `\icebreaker'.
Computing hashes of 2386 cells of `\icebreaker'.
Finding duplicate cells in `\icebreaker'.
Computing hashes of 2034 cells of `\icebreaker'.
Finding duplicate cells in `\icebreaker'.
Computing hashes of 2016 cells of `\icebreaker'.
Finding duplicate cells in `\icebreaker'.
Computing hashes of 2014 cells of `\icebreaker'.
Finding duplicate cells in `\icebreaker'.
<suppressed ~1116 debug messages>
Removed a total of 372 cells.

7.11.3. Executing OPT_MUXTREE pass (detect dead branches in mux trees).
Running muxtree optimizer on module \icebreaker..
  Creating internal representation of mux trees.
  Evaluating internal representation of mux trees.
      Replacing known input bits on port B of cell $flatten\soc.\cpu.$procmux$5431: \soc.cpu.genblk1.pcpi_mul.active [1] -> 1'1
  Analyzing evaluation results.
    dead port 2/2 on $mux $flatten\soc.\cpu.$procmux$4230.
    dead port 7/12 on $pmux $flatten\soc.\cpu.$procmux$3651.
    dead port 8/12 on $pmux $flatten\soc.\cpu.$procmux$3651.
    dead port 2/2 on $mux $flatten\soc.\cpu.$procmux$3013.
    dead port 2/2 on $mux $flatten\soc.\cpu.$procmux$3010.
    dead port 2/2 on $mux $flatten\soc.\cpu.$procmux$2998.
    dead port 2/2 on $mux $flatten\soc.\cpu.$procmux$2995.
    dead port 2/2 on $mux $flatten\soc.\cpu.$procmux$2993.
    dead port 1/2 on $mux $flatten\soc.\cpu.$procmux$2991.
    dead port 2/2 on $mux $flatten\soc.\cpu.$procmux$2988.
    dead port 2/2 on $mux $flatten\soc.\cpu.$procmux$2965.
    dead port 2/2 on $mux $flatten\soc.\cpu.$procmux$2962.
    dead port 2/2 on $mux $flatten\soc.\cpu.$procmux$2957.
    dead port 2/2 on $mux $flatten\soc.\cpu.$procmux$2947.
    dead port 2/2 on $mux $flatten\soc.\cpu.$procmux$2944.
    dead port 2/2 on $mux $flatten\soc.\cpu.$procmux$2942.
    dead port 1/2 on $mux $flatten\soc.\cpu.$procmux$2940.
    dead port 2/2 on $mux $flatten\soc.\cpu.$procmux$2937.
    dead port 2/2 on $mux $flatten\soc.\cpu.$procmux$2923.
    dead port 2/2 on $mux $flatten\soc.\cpu.$procmux$2920.
    dead port 2/2 on $mux $flatten\soc.\cpu.$procmux$2899.
    dead port 2/2 on $mux $flatten\soc.\cpu.$procmux$2896.
    dead port 2/2 on $mux $flatten\soc.\cpu.$procmux$2894.
    dead port 2/2 on $mux $flatten\soc.\cpu.$procmux$2875.
    dead port 2/2 on $mux $flatten\soc.\cpu.$procmux$2872.
    dead port 2/2 on $mux $flatten\soc.\cpu.$procmux$2870.
    dead port 2/2 on $mux $flatten\soc.\cpu.$procmux$2851.
    dead port 2/2 on $mux $flatten\soc.\cpu.$procmux$2848.
    dead port 2/2 on $mux $flatten\soc.\cpu.$procmux$2846.
    dead port 2/2 on $mux $flatten\soc.\cpu.$procmux$2824.
    dead port 2/2 on $mux $flatten\soc.\cpu.$procmux$2821.
    dead port 2/2 on $mux $flatten\soc.\cpu.$procmux$2819.
    dead port 1/2 on $mux $flatten\soc.\cpu.$procmux$2817.
    dead port 2/2 on $mux $flatten\soc.\cpu.$procmux$2794.
    dead port 2/2 on $mux $flatten\soc.\cpu.$procmux$2791.
    dead port 2/2 on $mux $flatten\soc.\cpu.$procmux$2789.
    dead port 2/2 on $mux $flatten\soc.\cpu.$procmux$2782.
    dead port 2/2 on $mux $flatten\soc.\cpu.$procmux$2779.
    dead port 2/2 on $mux $flatten\soc.\cpu.$procmux$2767.
    dead port 2/2 on $mux $flatten\soc.\cpu.$procmux$2764.
    dead port 2/2 on $mux $flatten\soc.\cpu.$procmux$2762.
    dead port 4/8 on $pmux $flatten\soc.\cpu.$procmux$3564.
    dead port 5/8 on $pmux $flatten\soc.\cpu.$procmux$3564.
    dead port 2/2 on $mux $flatten\soc.\cpu.$procmux$2749.
    dead port 2/2 on $mux $flatten\soc.\cpu.$procmux$2746.
    dead port 2/2 on $mux $flatten\soc.\cpu.$procmux$2744.
    dead port 1/2 on $mux $flatten\soc.\cpu.$procmux$2742.
    dead port 2/2 on $mux $flatten\soc.\cpu.$procmux$2728.
    dead port 2/2 on $mux $flatten\soc.\cpu.$procmux$2725.
    dead port 2/2 on $mux $flatten\soc.\cpu.$procmux$2723.
    dead port 2/2 on $mux $flatten\soc.\cpu.$procmux$2715.
    dead port 2/2 on $mux $flatten\soc.\cpu.$procmux$2712.
    dead port 2/2 on $mux $flatten\soc.\cpu.$procmux$2703.
    dead port 2/2 on $mux $flatten\soc.\cpu.$procmux$2700.
    dead port 7/11 on $pmux $flatten\soc.\cpu.$procmux$4037.
    dead port 8/11 on $pmux $flatten\soc.\cpu.$procmux$4037.
    dead port 2/2 on $mux $flatten\soc.\cpu.$procmux$2688.
    dead port 2/2 on $mux $flatten\soc.\cpu.$procmux$2675.
    dead port 2/2 on $mux $flatten\soc.\cpu.$procmux$2672.
    dead port 2/2 on $mux $flatten\soc.\cpu.$procmux$2665.
    dead port 7/11 on $pmux $flatten\soc.\cpu.$procmux$3357.
    dead port 8/11 on $pmux $flatten\soc.\cpu.$procmux$3357.
    dead port 2/2 on $mux $flatten\soc.\cpu.$procmux$3082.
    dead port 2/2 on $mux $flatten\soc.\cpu.$procmux$2652.
    dead port 4/8 on $pmux $flatten\soc.\cpu.$procmux$3313.
    dead port 5/8 on $pmux $flatten\soc.\cpu.$procmux$3313.
    dead port 2/2 on $mux $flatten\soc.\cpu.$procmux$2649.
    dead port 2/2 on $mux $flatten\soc.\cpu.$procmux$2643.
    dead port 4/8 on $pmux $flatten\soc.\cpu.$procmux$4089.
    dead port 5/8 on $pmux $flatten\soc.\cpu.$procmux$4089.
    dead port 2/2 on $mux $flatten\soc.\cpu.\genblk1.pcpi_mul.$procmux$2220.
    dead port 2/2 on $mux $flatten\soc.\cpu.\genblk1.pcpi_mul.$procmux$2212.
    dead port 2/2 on $mux $flatten\soc.\cpu.\genblk1.pcpi_mul.$procmux$2205.
    dead port 2/2 on $mux $flatten\soc.\cpu.\genblk1.pcpi_mul.$procmux$2199.
    dead port 7/12 on $pmux $flatten\soc.\cpu.$procmux$3851.
    dead port 8/12 on $pmux $flatten\soc.\cpu.$procmux$3851.
    dead port 2/2 on $mux $flatten\soc.\spimem_cache.$procmux$5524.
    dead port 2/2 on $mux $flatten\soc.\spimem_cache.$procmux$5518.
    dead port 2/2 on $mux $flatten\soc.\spimem_cache.$procmux$5512.
    dead port 2/2 on $mux $flatten\soc.\spimem_cache.$procmux$5506.
    dead port 2/2 on $mux $flatten\soc.\spimem_cache.$procmux$5500.
    dead port 2/2 on $mux $flatten\soc.\spimem_cache.$procmux$5494.
    dead port 2/2 on $mux $flatten\soc.\spimem_cache.$procmux$5488.
    dead port 2/2 on $mux $flatten\soc.\spimem_cache.$procmux$5482.
    dead port 2/2 on $mux $flatten\soc.\spimem_cache.$procmux$5476.
    dead port 2/2 on $mux $flatten\soc.\spimem_cache.$procmux$5473.
    dead port 2/2 on $mux $flatten\soc.\spimem_cache.$procmux$5467.
    dead port 2/2 on $mux $flatten\soc.\spimem_cache.$procmux$5464.
    dead port 2/2 on $mux $flatten\soc.\spimem_cache.$procmux$5458.
    dead port 2/2 on $mux $flatten\soc.\spimem_cache.$procmux$5455.
    dead port 2/2 on $mux $flatten\soc.\spimem_cache.$procmux$5449.
    dead port 2/2 on $mux $flatten\soc.\spimem_cache.$procmux$5446.
    dead port 2/2 on $mux $flatten\soc.\spimem_cache.$procmux$5440.
    dead port 2/2 on $mux $flatten\soc.\spimem_cache.$procmux$5437.
    dead port 2/2 on $mux $flatten\soc.\cpu.$procmux$2623.
    dead port 2/2 on $mux $flatten\soc.\cpu.$procmux$2614.
    dead port 2/2 on $mux $flatten\soc.\cpu.$procmux$2608.
    dead port 2/2 on $mux $flatten\soc.\cpu.$procmux$2606.
    dead port 2/2 on $mux $flatten\soc.\cpu.$procmux$2599.
    dead port 2/2 on $mux $flatten\soc.\cpu.$procmux$2593.
    dead port 2/2 on $mux $flatten\soc.\cpu.$procmux$2591.
    dead port 2/2 on $mux $flatten\soc.\cpu.$procmux$2581.
    dead port 2/2 on $mux $flatten\soc.\spimemio.\xfer.$procmux$2339.
    dead port 1/4 on $pmux $flatten\soc.\spimemio.\xfer.$procmux$2341.
    dead port 2/4 on $pmux $flatten\soc.\spimemio.\xfer.$procmux$2341.
    dead port 3/4 on $pmux $flatten\soc.\spimemio.\xfer.$procmux$2341.
    dead port 2/2 on $mux $flatten\soc.\spimemio.\xfer.$procmux$2345.
    dead port 2/2 on $mux $flatten\soc.\spimemio.\xfer.$procmux$2352.
    dead port 1/4 on $pmux $flatten\soc.\spimemio.\xfer.$procmux$2354.
    dead port 2/4 on $pmux $flatten\soc.\spimemio.\xfer.$procmux$2354.
    dead port 3/4 on $pmux $flatten\soc.\spimemio.\xfer.$procmux$2354.
    dead port 2/2 on $mux $flatten\soc.\spimemio.\xfer.$procmux$2358.
    dead port 2/2 on $mux $flatten\soc.\spimemio.\xfer.$procmux$2378.
    dead port 2/2 on $mux $flatten\soc.\spimemio.\xfer.$procmux$2380.
    dead port 2/2 on $mux $flatten\soc.\spimemio.\xfer.$procmux$2389.
    dead port 2/2 on $mux $flatten\soc.\spimemio.\xfer.$procmux$2391.
    dead port 2/2 on $mux $flatten\soc.\spimemio.\xfer.$procmux$2413.
    dead port 2/2 on $mux $flatten\soc.\spimemio.\xfer.$procmux$2415.
    dead port 2/2 on $mux $flatten\soc.\spimemio.\xfer.$procmux$2425.
    dead port 2/2 on $mux $flatten\soc.\spimemio.\xfer.$procmux$2427.
    dead port 2/2 on $mux $flatten\soc.\cpu.$procmux$4239.
    dead port 2/2 on $mux $flatten\soc.\spimemio.\xfer.$procmux$2437.
    dead port 2/3 on $pmux $flatten\soc.\cpu.$procmux$5426.
    dead port 3/3 on $pmux $flatten\soc.\cpu.$procmux$5426.
    dead port 2/2 on $mux $flatten\soc.\spimemio.\xfer.$procmux$2447.
    dead port 2/2 on $mux $flatten\soc.\cpu.$procmux$3069.
    dead port 2/2 on $mux $flatten\soc.\spimemio.\xfer.$procmux$2457.
    dead port 2/2 on $mux $flatten\soc.\spimemio.\xfer.$procmux$2467.
    dead port 2/2 on $mux $flatten\soc.\cpu.$procmux$5431.
    dead port 2/2 on $mux $flatten\soc.\spimemio.\xfer.$procmux$2477.
    dead port 2/2 on $mux $flatten\soc.\spimemio.\xfer.$procmux$2487.
    dead port 2/2 on $mux $flatten\soc.\spimemio.\xfer.$procmux$2495.
    dead port 2/2 on $mux $flatten\soc.\spimemio.\xfer.$procmux$2503.
    dead port 2/2 on $mux $flatten\soc.\cpu.$procmux$5392.
    dead port 2/2 on $mux $flatten\soc.\spimemio.\xfer.$procmux$2511.
    dead port 2/2 on $mux $flatten\soc.\spimemio.\xfer.$procmux$2519.
    dead port 2/2 on $mux $flatten\soc.\spimemio.\xfer.$procmux$2529.
    dead port 1/8 on $pmux $flatten\soc.\cpu.$procmux$4254.
    dead port 2/8 on $pmux $flatten\soc.\cpu.$procmux$4254.
    dead port 2/2 on $mux $flatten\soc.\spimemio.\xfer.$procmux$2539.
    dead port 2/2 on $mux $flatten\soc.\cpu.$procmux$3056.
    dead port 2/2 on $mux $flatten\soc.\cpu.$procmux$5399.
Removed 142 multiplexer ports.
<suppressed ~2456 debug messages>

7.11.4. Executing OPT_REDUCE pass (consolidate $*mux and $reduce_* inputs).
  Optimizing cells in module \icebreaker.
    New ctrl vector for $pmux cell $flatten\soc.\cpu.$procmux$4225: $auto$opt_reduce.cc:137:opt_pmux$7615
    New ctrl vector for $pmux cell $flatten\soc.\cpu.$procmux$3825: { $flatten\soc.\cpu.$procmux$3153_CMP $flatten\soc.\cpu.$procmux$4219_CMP $flatten\soc.\cpu.$procmux$4199_CMP $flatten\soc.\cpu.$procmux$3075_CMP }
    New ctrl vector for $pmux cell $flatten\soc.\cpu.$procmux$3564: { \soc.cpu.instr_trap $auto$opt_reduce.cc:137:opt_pmux$7617 }
    New ctrl vector for $pmux cell $flatten\soc.\cpu.$procmux$3541: { $flatten\soc.\cpu.$procmux$3153_CMP $flatten\soc.\cpu.$procmux$4219_CMP $flatten\soc.\cpu.$procmux$4199_CMP $flatten\soc.\cpu.$procmux$3197_CMP $auto$opt_reduce.cc:137:opt_pmux$7619 }
    New ctrl vector for $pmux cell $flatten\soc.\cpu.$procmux$4037: { $auto$opt_reduce.cc:137:opt_pmux$7623 $auto$opt_reduce.cc:137:opt_pmux$7621 }
    New ctrl vector for $pmux cell $flatten\soc.\cpu.$procmux$2678: { $flatten\soc.\cpu.$procmux$3153_CMP $auto$opt_reduce.cc:137:opt_pmux$7625 }
    New ctrl vector for $pmux cell $flatten\soc.\cpu.$procmux$3401: { $flatten\soc.\cpu.$procmux$3153_CMP $flatten\soc.\cpu.$procmux$3197_CMP }
    New ctrl vector for $pmux cell $flatten\soc.\cpu.$procmux$3357: { \soc.cpu.is_slli_srli_srai $auto$opt_reduce.cc:137:opt_pmux$7627 }
    New ctrl vector for $pmux cell $flatten\soc.\cpu.$procmux$2655: { $flatten\soc.\cpu.$procmux$3153_CMP $flatten\soc.\cpu.$procmux$4219_CMP $flatten\soc.\cpu.$procmux$4199_CMP $auto$opt_reduce.cc:137:opt_pmux$7629 }
    New ctrl vector for $pmux cell $flatten\soc.\cpu.$procmux$4089: { \soc.cpu.is_lui_auipc_jal $auto$opt_reduce.cc:137:opt_pmux$7631 }
    Consolidated identical input bits for $mux cell $flatten\soc.\cpu.\cpuregs.$procmux$2157:
      Old ports: A=0, B=32'11111111111111111111111111111111, Y=$flatten\soc.\cpu.\cpuregs.$0$memwr$\regs$picosoc.v:791$2142_EN[31:0]$2146
      New ports: A=1'0, B=1'1, Y=$flatten\soc.\cpu.\cpuregs.$0$memwr$\regs$picosoc.v:791$2142_EN[31:0]$2146 [0]
      New connections: $flatten\soc.\cpu.\cpuregs.$0$memwr$\regs$picosoc.v:791$2142_EN[31:0]$2146 [31:1] = { $flatten\soc.\cpu.\cpuregs.$0$memwr$\regs$picosoc.v:791$2142_EN[31:0]$2146 [0] $flatten\soc.\cpu.\cpuregs.$0$memwr$\regs$picosoc.v:791$2142_EN[31:0]$2146 [0] $flatten\soc.\cpu.\cpuregs.$0$memwr$\regs$picosoc.v:791$2142_EN[31:0]$2146 [0] $flatten\soc.\cpu.\cpuregs.$0$memwr$\regs$picosoc.v:791$2142_EN[31:0]$2146 [0] $flatten\soc.\cpu.\cpuregs.$0$memwr$\regs$picosoc.v:791$2142_EN[31:0]$2146 [0] $flatten\soc.\cpu.\cpuregs.$0$memwr$\regs$picosoc.v:791$2142_EN[31:0]$2146 [0] $flatten\soc.\cpu.\cpuregs.$0$memwr$\regs$picosoc.v:791$2142_EN[31:0]$2146 [0] $flatten\soc.\cpu.\cpuregs.$0$memwr$\regs$picosoc.v:791$2142_EN[31:0]$2146 [0] $flatten\soc.\cpu.\cpuregs.$0$memwr$\regs$picosoc.v:791$2142_EN[31:0]$2146 [0] $flatten\soc.\cpu.\cpuregs.$0$memwr$\regs$picosoc.v:791$2142_EN[31:0]$2146 [0] $flatten\soc.\cpu.\cpuregs.$0$memwr$\regs$picosoc.v:791$2142_EN[31:0]$2146 [0] $flatten\soc.\cpu.\cpuregs.$0$memwr$\regs$picosoc.v:791$2142_EN[31:0]$2146 [0] $flatten\soc.\cpu.\cpuregs.$0$memwr$\regs$picosoc.v:791$2142_EN[31:0]$2146 [0] $flatten\soc.\cpu.\cpuregs.$0$memwr$\regs$picosoc.v:791$2142_EN[31:0]$2146 [0] $flatten\soc.\cpu.\cpuregs.$0$memwr$\regs$picosoc.v:791$2142_EN[31:0]$2146 [0] $flatten\soc.\cpu.\cpuregs.$0$memwr$\regs$picosoc.v:791$2142_EN[31:0]$2146 [0] $flatten\soc.\cpu.\cpuregs.$0$memwr$\regs$picosoc.v:791$2142_EN[31:0]$2146 [0] $flatten\soc.\cpu.\cpuregs.$0$memwr$\regs$picosoc.v:791$2142_EN[31:0]$2146 [0] $flatten\soc.\cpu.\cpuregs.$0$memwr$\regs$picosoc.v:791$2142_EN[31:0]$2146 [0] $flatten\soc.\cpu.\cpuregs.$0$memwr$\regs$picosoc.v:791$2142_EN[31:0]$2146 [0] $flatten\soc.\cpu.\cpuregs.$0$memwr$\regs$picosoc.v:791$2142_EN[31:0]$2146 [0] $flatten\soc.\cpu.\cpuregs.$0$memwr$\regs$picosoc.v:791$2142_EN[31:0]$2146 [0] $flatten\soc.\cpu.\cpuregs.$0$memwr$\regs$picosoc.v:791$2142_EN[31:0]$2146 [0] $flatten\soc.\cpu.\cpuregs.$0$memwr$\regs$picosoc.v:791$2142_EN[31:0]$2146 [0] $flatten\soc.\cpu.\cpuregs.$0$memwr$\regs$picosoc.v:791$2142_EN[31:0]$2146 [0] $flatten\soc.\cpu.\cpuregs.$0$memwr$\regs$picosoc.v:791$2142_EN[31:0]$2146 [0] $flatten\soc.\cpu.\cpuregs.$0$memwr$\regs$picosoc.v:791$2142_EN[31:0]$2146 [0] $flatten\soc.\cpu.\cpuregs.$0$memwr$\regs$picosoc.v:791$2142_EN[31:0]$2146 [0] $flatten\soc.\cpu.\cpuregs.$0$memwr$\regs$picosoc.v:791$2142_EN[31:0]$2146 [0] $flatten\soc.\cpu.\cpuregs.$0$memwr$\regs$picosoc.v:791$2142_EN[31:0]$2146 [0] $flatten\soc.\cpu.\cpuregs.$0$memwr$\regs$picosoc.v:791$2142_EN[31:0]$2146 [0] }
    New ctrl vector for $pmux cell $flatten\soc.\cpu.$procmux$3851: { \soc.cpu.instr_trap $flatten\soc.\cpu.$logic_and$../picorv32.v:1696$1966_Y $auto$opt_reduce.cc:137:opt_pmux$7635 $auto$opt_reduce.cc:137:opt_pmux$7633 }
    New ctrl vector for $pmux cell $flatten\soc.\cpu.$procmux$3072: { $flatten\soc.\cpu.$procmux$3197_CMP $auto$opt_reduce.cc:137:opt_pmux$7637 }
    New ctrl vector for $pmux cell $flatten\soc.\cpu.$procmux$2633: { $flatten\soc.\cpu.$procmux$3153_CMP $auto$opt_reduce.cc:137:opt_pmux$7639 }
    Consolidated identical input bits for $mux cell $flatten\soc.\spimem_cache.$procmux$5509:
      Old ports: A=0, B=32'11111111111111111111111111111111, Y=$flatten\soc.\spimem_cache.$procmux$5509_Y
      New ports: A=1'0, B=1'1, Y=$flatten\soc.\spimem_cache.$procmux$5509_Y [0]
      New connections: $flatten\soc.\spimem_cache.$procmux$5509_Y [31:1] = { $flatten\soc.\spimem_cache.$procmux$5509_Y [0] $flatten\soc.\spimem_cache.$procmux$5509_Y [0] $flatten\soc.\spimem_cache.$procmux$5509_Y [0] $flatten\soc.\spimem_cache.$procmux$5509_Y [0] $flatten\soc.\spimem_cache.$procmux$5509_Y [0] $flatten\soc.\spimem_cache.$procmux$5509_Y [0] $flatten\soc.\spimem_cache.$procmux$5509_Y [0] $flatten\soc.\spimem_cache.$procmux$5509_Y [0] $flatten\soc.\spimem_cache.$procmux$5509_Y [0] $flatten\soc.\spimem_cache.$procmux$5509_Y [0] $flatten\soc.\spimem_cache.$procmux$5509_Y [0] $flatten\soc.\spimem_cache.$procmux$5509_Y [0] $flatten\soc.\spimem_cache.$procmux$5509_Y [0] $flatten\soc.\spimem_cache.$procmux$5509_Y [0] $flatten\soc.\spimem_cache.$procmux$5509_Y [0] $flatten\soc.\spimem_cache.$procmux$5509_Y [0] $flatten\soc.\spimem_cache.$procmux$5509_Y [0] $flatten\soc.\spimem_cache.$procmux$5509_Y [0] $flatten\soc.\spimem_cache.$procmux$5509_Y [0] $flatten\soc.\spimem_cache.$procmux$5509_Y [0] $flatten\soc.\spimem_cache.$procmux$5509_Y [0] $flatten\soc.\spimem_cache.$procmux$5509_Y [0] $flatten\soc.\spimem_cache.$procmux$5509_Y [0] $flatten\soc.\spimem_cache.$procmux$5509_Y [0] $flatten\soc.\spimem_cache.$procmux$5509_Y [0] $flatten\soc.\spimem_cache.$procmux$5509_Y [0] $flatten\soc.\spimem_cache.$procmux$5509_Y [0] $flatten\soc.\spimem_cache.$procmux$5509_Y [0] $flatten\soc.\spimem_cache.$procmux$5509_Y [0] $flatten\soc.\spimem_cache.$procmux$5509_Y [0] $flatten\soc.\spimem_cache.$procmux$5509_Y [0] }
    Consolidated identical input bits for $mux cell $flatten\soc.\spimem_cache.$procmux$5453:
      Old ports: A=0, B=32'11111111111111111111111111111111, Y=$flatten\soc.\spimem_cache.$procmux$5453_Y
      New ports: A=1'0, B=1'1, Y=$flatten\soc.\spimem_cache.$procmux$5453_Y [0]
      New connections: $flatten\soc.\spimem_cache.$procmux$5453_Y [31:1] = { $flatten\soc.\spimem_cache.$procmux$5453_Y [0] $flatten\soc.\spimem_cache.$procmux$5453_Y [0] $flatten\soc.\spimem_cache.$procmux$5453_Y [0] $flatten\soc.\spimem_cache.$procmux$5453_Y [0] $flatten\soc.\spimem_cache.$procmux$5453_Y [0] $flatten\soc.\spimem_cache.$procmux$5453_Y [0] $flatten\soc.\spimem_cache.$procmux$5453_Y [0] $flatten\soc.\spimem_cache.$procmux$5453_Y [0] $flatten\soc.\spimem_cache.$procmux$5453_Y [0] $flatten\soc.\spimem_cache.$procmux$5453_Y [0] $flatten\soc.\spimem_cache.$procmux$5453_Y [0] $flatten\soc.\spimem_cache.$procmux$5453_Y [0] $flatten\soc.\spimem_cache.$procmux$5453_Y [0] $flatten\soc.\spimem_cache.$procmux$5453_Y [0] $flatten\soc.\spimem_cache.$procmux$5453_Y [0] $flatten\soc.\spimem_cache.$procmux$5453_Y [0] $flatten\soc.\spimem_cache.$procmux$5453_Y [0] $flatten\soc.\spimem_cache.$procmux$5453_Y [0] $flatten\soc.\spimem_cache.$procmux$5453_Y [0] $flatten\soc.\spimem_cache.$procmux$5453_Y [0] $flatten\soc.\spimem_cache.$procmux$5453_Y [0] $flatten\soc.\spimem_cache.$procmux$5453_Y [0] $flatten\soc.\spimem_cache.$procmux$5453_Y [0] $flatten\soc.\spimem_cache.$procmux$5453_Y [0] $flatten\soc.\spimem_cache.$procmux$5453_Y [0] $flatten\soc.\spimem_cache.$procmux$5453_Y [0] $flatten\soc.\spimem_cache.$procmux$5453_Y [0] $flatten\soc.\spimem_cache.$procmux$5453_Y [0] $flatten\soc.\spimem_cache.$procmux$5453_Y [0] $flatten\soc.\spimem_cache.$procmux$5453_Y [0] $flatten\soc.\spimem_cache.$procmux$5453_Y [0] }
    New ctrl vector for $pmux cell $flatten\soc.\spimemio.\xfer.$procmux$2328: $auto$opt_reduce.cc:137:opt_pmux$7641
    New ctrl vector for $pmux cell $flatten\soc.\cpu.$procmux$3651: { \soc.cpu.instr_trap $auto$opt_reduce.cc:137:opt_pmux$7645 $flatten\soc.\cpu.$logic_and$../picorv32.v:1696$1966_Y \soc.cpu.is_slli_srli_srai $auto$opt_reduce.cc:137:opt_pmux$7643 }
    New ctrl vector for $pmux cell $flatten\soc.\spimemio.\xfer.$procmux$2473: { $flatten\soc.\spimemio.\xfer.$procmux$2331_CMP $auto$opt_reduce.cc:137:opt_pmux$7647 }
    New ctrl vector for $pmux cell $flatten\soc.\spimemio.\xfer.$procmux$2483: { $flatten\soc.\spimemio.\xfer.$procmux$2331_CMP $auto$opt_reduce.cc:137:opt_pmux$7649 }
    New ctrl vector for $pmux cell $flatten\soc.\spimemio.\xfer.$procmux$2492: $auto$opt_reduce.cc:137:opt_pmux$7651
    New ctrl vector for $pmux cell $flatten\soc.\spimemio.\xfer.$procmux$2500: $auto$opt_reduce.cc:137:opt_pmux$7653
    New ctrl vector for $pmux cell $flatten\soc.\spimemio.\xfer.$procmux$2508: $auto$opt_reduce.cc:137:opt_pmux$7655
    New ctrl vector for $pmux cell $flatten\soc.\spimemio.\xfer.$procmux$2516: $auto$opt_reduce.cc:137:opt_pmux$7657
    New ctrl vector for $pmux cell $flatten\soc.\spimemio.\xfer.$procmux$2525: { $flatten\soc.\spimemio.\xfer.$procmux$2331_CMP $auto$opt_reduce.cc:137:opt_pmux$7659 }
    New ctrl vector for $pmux cell $flatten\soc.\spimemio.\xfer.$procmux$2535: { $flatten\soc.\spimemio.\xfer.$procmux$2331_CMP $auto$opt_reduce.cc:137:opt_pmux$7661 }
    New ctrl vector for $pmux cell $flatten\soc.\spimemio.$procmux$6582: { $flatten\soc.\spimemio.$procmux$6612_CMP $auto$opt_reduce.cc:137:opt_pmux$7663 $flatten\soc.\spimemio.$procmux$6586_CMP $flatten\soc.\spimemio.$procmux$6602_CMP $flatten\soc.\spimemio.$procmux$6584_CMP $flatten\soc.\spimemio.$procmux$6583_CMP }
    New ctrl vector for $pmux cell $flatten\soc.\cpu.$procmux$3059: { $auto$opt_reduce.cc:137:opt_pmux$7665 $flatten\soc.\cpu.$procmux$3181_CMP }
    New ctrl vector for $pmux cell $flatten\soc.\simpleuart.$procmux$6751: $auto$opt_reduce.cc:137:opt_pmux$7667
    New ctrl vector for $pmux cell $flatten\soc.\cpu.$procmux$3046: { $flatten\soc.\cpu.$procmux$3187_CMP $auto$opt_reduce.cc:137:opt_pmux$7669 }
    New input vector for $reduce_or cell $auto$opt_reduce.cc:131:opt_pmux$7616: { \soc.cpu.instr_timer \soc.cpu.instr_maskirq \soc.cpu.instr_retirq \soc.cpu.instr_rdinstrh \soc.cpu.instr_rdinstr \soc.cpu.instr_rdcycleh \soc.cpu.instr_rdcycle }
    New input vector for $reduce_or cell $auto$opt_reduce.cc:131:opt_pmux$7622: { $flatten\soc.\cpu.$logic_and$../picorv32.v:1696$1966_Y \soc.cpu.is_slli_srli_srai \soc.cpu.instr_timer \soc.cpu.instr_maskirq \soc.cpu.instr_retirq \soc.cpu.instr_rdinstrh \soc.cpu.instr_rdinstr \soc.cpu.instr_rdcycleh \soc.cpu.instr_rdcycle }
    New input vector for $reduce_or cell $auto$opt_reduce.cc:131:opt_pmux$7626: { $flatten\soc.\cpu.$logic_and$../picorv32.v:1696$1966_Y \soc.cpu.is_jalr_addi_slti_sltiu_xori_ori_andi \soc.cpu.is_lui_auipc_jal \soc.cpu.instr_timer \soc.cpu.instr_maskirq \soc.cpu.instr_retirq \soc.cpu.instr_rdinstrh \soc.cpu.instr_rdinstr \soc.cpu.instr_rdcycleh \soc.cpu.instr_rdcycle }
    New input vector for $reduce_or cell $auto$opt_reduce.cc:131:opt_pmux$7630: { \soc.cpu.instr_timer \soc.cpu.instr_maskirq \soc.cpu.instr_retirq \soc.cpu.instr_rdinstrh \soc.cpu.instr_rdinstr \soc.cpu.instr_rdcycleh \soc.cpu.instr_rdcycle }
    New input vector for $reduce_or cell $auto$opt_reduce.cc:131:opt_pmux$7634: { \soc.cpu.is_slli_srli_srai \soc.cpu.instr_timer \soc.cpu.instr_maskirq \soc.cpu.instr_retirq \soc.cpu.instr_rdinstrh \soc.cpu.instr_rdinstr \soc.cpu.instr_rdcycleh \soc.cpu.instr_rdcycle }
    New input vector for $reduce_or cell $auto$opt_reduce.cc:131:opt_pmux$7644: { \soc.cpu.instr_timer \soc.cpu.instr_maskirq \soc.cpu.instr_retirq \soc.cpu.instr_rdinstrh \soc.cpu.instr_rdinstr \soc.cpu.instr_rdcycleh \soc.cpu.instr_rdcycle }
  Optimizing cells in module \icebreaker.
    Consolidated identical input bits for $mux cell $flatten\soc.\spimem_cache.$procmux$6313:
      Old ports: A=0, B=$flatten\soc.\spimem_cache.$2$memwr$\cache_data$picosoc.v:431$812_EN[31:0]$1372, Y=$flatten\soc.\spimem_cache.$0$memwr$\cache_data$picosoc.v:431$812_EN[31:0]$1096
      New ports: A=1'0, B=$flatten\soc.\spimem_cache.$procmux$5509_Y [0], Y=$flatten\soc.\spimem_cache.$0$memwr$\cache_data$picosoc.v:431$812_EN[31:0]$1096 [0]
      New connections: $flatten\soc.\spimem_cache.$0$memwr$\cache_data$picosoc.v:431$812_EN[31:0]$1096 [31:1] = { $flatten\soc.\spimem_cache.$0$memwr$\cache_data$picosoc.v:431$812_EN[31:0]$1096 [0] $flatten\soc.\spimem_cache.$0$memwr$\cache_data$picosoc.v:431$812_EN[31:0]$1096 [0] $flatten\soc.\spimem_cache.$0$memwr$\cache_data$picosoc.v:431$812_EN[31:0]$1096 [0] $flatten\soc.\spimem_cache.$0$memwr$\cache_data$picosoc.v:431$812_EN[31:0]$1096 [0] $flatten\soc.\spimem_cache.$0$memwr$\cache_data$picosoc.v:431$812_EN[31:0]$1096 [0] $flatten\soc.\spimem_cache.$0$memwr$\cache_data$picosoc.v:431$812_EN[31:0]$1096 [0] $flatten\soc.\spimem_cache.$0$memwr$\cache_data$picosoc.v:431$812_EN[31:0]$1096 [0] $flatten\soc.\spimem_cache.$0$memwr$\cache_data$picosoc.v:431$812_EN[31:0]$1096 [0] $flatten\soc.\spimem_cache.$0$memwr$\cache_data$picosoc.v:431$812_EN[31:0]$1096 [0] $flatten\soc.\spimem_cache.$0$memwr$\cache_data$picosoc.v:431$812_EN[31:0]$1096 [0] $flatten\soc.\spimem_cache.$0$memwr$\cache_data$picosoc.v:431$812_EN[31:0]$1096 [0] $flatten\soc.\spimem_cache.$0$memwr$\cache_data$picosoc.v:431$812_EN[31:0]$1096 [0] $flatten\soc.\spimem_cache.$0$memwr$\cache_data$picosoc.v:431$812_EN[31:0]$1096 [0] $flatten\soc.\spimem_cache.$0$memwr$\cache_data$picosoc.v:431$812_EN[31:0]$1096 [0] $flatten\soc.\spimem_cache.$0$memwr$\cache_data$picosoc.v:431$812_EN[31:0]$1096 [0] $flatten\soc.\spimem_cache.$0$memwr$\cache_data$picosoc.v:431$812_EN[31:0]$1096 [0] $flatten\soc.\spimem_cache.$0$memwr$\cache_data$picosoc.v:431$812_EN[31:0]$1096 [0] $flatten\soc.\spimem_cache.$0$memwr$\cache_data$picosoc.v:431$812_EN[31:0]$1096 [0] $flatten\soc.\spimem_cache.$0$memwr$\cache_data$picosoc.v:431$812_EN[31:0]$1096 [0] $flatten\soc.\spimem_cache.$0$memwr$\cache_data$picosoc.v:431$812_EN[31:0]$1096 [0] $flatten\soc.\spimem_cache.$0$memwr$\cache_data$picosoc.v:431$812_EN[31:0]$1096 [0] $flatten\soc.\spimem_cache.$0$memwr$\cache_data$picosoc.v:431$812_EN[31:0]$1096 [0] $flatten\soc.\spimem_cache.$0$memwr$\cache_data$picosoc.v:431$812_EN[31:0]$1096 [0] $flatten\soc.\spimem_cache.$0$memwr$\cache_data$picosoc.v:431$812_EN[31:0]$1096 [0] $flatten\soc.\spimem_cache.$0$memwr$\cache_data$picosoc.v:431$812_EN[31:0]$1096 [0] $flatten\soc.\spimem_cache.$0$memwr$\cache_data$picosoc.v:431$812_EN[31:0]$1096 [0] $flatten\soc.\spimem_cache.$0$memwr$\cache_data$picosoc.v:431$812_EN[31:0]$1096 [0] $flatten\soc.\spimem_cache.$0$memwr$\cache_data$picosoc.v:431$812_EN[31:0]$1096 [0] $flatten\soc.\spimem_cache.$0$memwr$\cache_data$picosoc.v:431$812_EN[31:0]$1096 [0] $flatten\soc.\spimem_cache.$0$memwr$\cache_data$picosoc.v:431$812_EN[31:0]$1096 [0] $flatten\soc.\spimem_cache.$0$memwr$\cache_data$picosoc.v:431$812_EN[31:0]$1096 [0] }
    Consolidated identical input bits for $mux cell $flatten\soc.\spimem_cache.$procmux$5491:
      Old ports: A=0, B=$flatten\soc.\spimem_cache.$3$memwr$\cache_tag$picosoc.v:433$813_EN[31:0]$1380, Y=$flatten\soc.\spimem_cache.$procmux$5491_Y
      New ports: A=1'0, B=$flatten\soc.\spimem_cache.$procmux$5453_Y [0], Y=$flatten\soc.\spimem_cache.$procmux$5491_Y [0]
      New connections: $flatten\soc.\spimem_cache.$procmux$5491_Y [31:1] = { $flatten\soc.\spimem_cache.$procmux$5491_Y [0] $flatten\soc.\spimem_cache.$procmux$5491_Y [0] $flatten\soc.\spimem_cache.$procmux$5491_Y [0] $flatten\soc.\spimem_cache.$procmux$5491_Y [0] $flatten\soc.\spimem_cache.$procmux$5491_Y [0] $flatten\soc.\spimem_cache.$procmux$5491_Y [0] $flatten\soc.\spimem_cache.$procmux$5491_Y [0] $flatten\soc.\spimem_cache.$procmux$5491_Y [0] $flatten\soc.\spimem_cache.$procmux$5491_Y [0] $flatten\soc.\spimem_cache.$procmux$5491_Y [0] $flatten\soc.\spimem_cache.$procmux$5491_Y [0] $flatten\soc.\spimem_cache.$procmux$5491_Y [0] $flatten\soc.\spimem_cache.$procmux$5491_Y [0] $flatten\soc.\spimem_cache.$procmux$5491_Y [0] $flatten\soc.\spimem_cache.$procmux$5491_Y [0] $flatten\soc.\spimem_cache.$procmux$5491_Y [0] $flatten\soc.\spimem_cache.$procmux$5491_Y [0] $flatten\soc.\spimem_cache.$procmux$5491_Y [0] $flatten\soc.\spimem_cache.$procmux$5491_Y [0] $flatten\soc.\spimem_cache.$procmux$5491_Y [0] $flatten\soc.\spimem_cache.$procmux$5491_Y [0] $flatten\soc.\spimem_cache.$procmux$5491_Y [0] $flatten\soc.\spimem_cache.$procmux$5491_Y [0] $flatten\soc.\spimem_cache.$procmux$5491_Y [0] $flatten\soc.\spimem_cache.$procmux$5491_Y [0] $flatten\soc.\spimem_cache.$procmux$5491_Y [0] $flatten\soc.\spimem_cache.$procmux$5491_Y [0] $flatten\soc.\spimem_cache.$procmux$5491_Y [0] $flatten\soc.\spimem_cache.$procmux$5491_Y [0] $flatten\soc.\spimem_cache.$procmux$5491_Y [0] $flatten\soc.\spimem_cache.$procmux$5491_Y [0] }
  Optimizing cells in module \icebreaker.
    Consolidated identical input bits for $mux cell $flatten\soc.\spimem_cache.$procmux$6304:
      Old ports: A=0, B=$flatten\soc.\spimem_cache.$2$memwr$\cache_tag$picosoc.v:433$813_EN[31:0]$1375, Y=$flatten\soc.\spimem_cache.$0$memwr$\cache_tag$picosoc.v:433$813_EN[31:0]$1099
      New ports: A=1'0, B=$flatten\soc.\spimem_cache.$procmux$5491_Y [0], Y=$flatten\soc.\spimem_cache.$0$memwr$\cache_tag$picosoc.v:433$813_EN[31:0]$1099 [0]
      New connections: $flatten\soc.\spimem_cache.$0$memwr$\cache_tag$picosoc.v:433$813_EN[31:0]$1099 [31:1] = { $flatten\soc.\spimem_cache.$0$memwr$\cache_tag$picosoc.v:433$813_EN[31:0]$1099 [0] $flatten\soc.\spimem_cache.$0$memwr$\cache_tag$picosoc.v:433$813_EN[31:0]$1099 [0] $flatten\soc.\spimem_cache.$0$memwr$\cache_tag$picosoc.v:433$813_EN[31:0]$1099 [0] $flatten\soc.\spimem_cache.$0$memwr$\cache_tag$picosoc.v:433$813_EN[31:0]$1099 [0] $flatten\soc.\spimem_cache.$0$memwr$\cache_tag$picosoc.v:433$813_EN[31:0]$1099 [0] $flatten\soc.\spimem_cache.$0$memwr$\cache_tag$picosoc.v:433$813_EN[31:0]$1099 [0] $flatten\soc.\spimem_cache.$0$memwr$\cache_tag$picosoc.v:433$813_EN[31:0]$1099 [0] $flatten\soc.\spimem_cache.$0$memwr$\cache_tag$picosoc.v:433$813_EN[31:0]$1099 [0] $flatten\soc.\spimem_cache.$0$memwr$\cache_tag$picosoc.v:433$813_EN[31:0]$1099 [0] $flatten\soc.\spimem_cache.$0$memwr$\cache_tag$picosoc.v:433$813_EN[31:0]$1099 [0] $flatten\soc.\spimem_cache.$0$memwr$\cache_tag$picosoc.v:433$813_EN[31:0]$1099 [0] $flatten\soc.\spimem_cache.$0$memwr$\cache_tag$picosoc.v:433$813_EN[31:0]$1099 [0] $flatten\soc.\spimem_cache.$0$memwr$\cache_tag$picosoc.v:433$813_EN[31:0]$1099 [0] $flatten\soc.\spimem_cache.$0$memwr$\cache_tag$picosoc.v:433$813_EN[31:0]$1099 [0] $flatten\soc.\spimem_cache.$0$memwr$\cache_tag$picosoc.v:433$813_EN[31:0]$1099 [0] $flatten\soc.\spimem_cache.$0$memwr$\cache_tag$picosoc.v:433$813_EN[31:0]$1099 [0] $flatten\soc.\spimem_cache.$0$memwr$\cache_tag$picosoc.v:433$813_EN[31:0]$1099 [0] $flatten\soc.\spimem_cache.$0$memwr$\cache_tag$picosoc.v:433$813_EN[31:0]$1099 [0] $flatten\soc.\spimem_cache.$0$memwr$\cache_tag$picosoc.v:433$813_EN[31:0]$1099 [0] $flatten\soc.\spimem_cache.$0$memwr$\cache_tag$picosoc.v:433$813_EN[31:0]$1099 [0] $flatten\soc.\spimem_cache.$0$memwr$\cache_tag$picosoc.v:433$813_EN[31:0]$1099 [0] $flatten\soc.\spimem_cache.$0$memwr$\cache_tag$picosoc.v:433$813_EN[31:0]$1099 [0] $flatten\soc.\spimem_cache.$0$memwr$\cache_tag$picosoc.v:433$813_EN[31:0]$1099 [0] $flatten\soc.\spimem_cache.$0$memwr$\cache_tag$picosoc.v:433$813_EN[31:0]$1099 [0] $flatten\soc.\spimem_cache.$0$memwr$\cache_tag$picosoc.v:433$813_EN[31:0]$1099 [0] $flatten\soc.\spimem_cache.$0$memwr$\cache_tag$picosoc.v:433$813_EN[31:0]$1099 [0] $flatten\soc.\spimem_cache.$0$memwr$\cache_tag$picosoc.v:433$813_EN[31:0]$1099 [0] $flatten\soc.\spimem_cache.$0$memwr$\cache_tag$picosoc.v:433$813_EN[31:0]$1099 [0] $flatten\soc.\spimem_cache.$0$memwr$\cache_tag$picosoc.v:433$813_EN[31:0]$1099 [0] $flatten\soc.\spimem_cache.$0$memwr$\cache_tag$picosoc.v:433$813_EN[31:0]$1099 [0] $flatten\soc.\spimem_cache.$0$memwr$\cache_tag$picosoc.v:433$813_EN[31:0]$1099 [0] }
  Optimizing cells in module \icebreaker.
Performed a total of 39 changes.

7.11.5. Executing OPT_MERGE pass (detect identical cells).
Finding identical cells in module `\icebreaker'.
Computing hashes of 1921 cells of `\icebreaker'.
Finding duplicate cells in `\icebreaker'.
Computing hashes of 1626 cells of `\icebreaker'.
Finding duplicate cells in `\icebreaker'.
Computing hashes of 1616 cells of `\icebreaker'.
Finding duplicate cells in `\icebreaker'.
Computing hashes of 1610 cells of `\icebreaker'.
Finding duplicate cells in `\icebreaker'.
Computing hashes of 1609 cells of `\icebreaker'.
Finding duplicate cells in `\icebreaker'.
<suppressed ~936 debug messages>
Removed a total of 312 cells.

7.11.6. Executing OPT_DFF pass (perform DFF optimizations).

7.11.7. Executing OPT_CLEAN pass (remove unused cells and wires).
Finding unused cells or wires in module \icebreaker..
Removed 3 unused cells and 806 unused wires.
<suppressed ~6 debug messages>

7.11.8. Executing OPT_EXPR pass (perform const folding).
Optimizing module icebreaker.

7.11.9. Rerunning OPT passes. (Maybe there is more to do..)

7.11.10. Executing OPT_MUXTREE pass (detect dead branches in mux trees).
Running muxtree optimizer on module \icebreaker..
  Creating internal representation of mux trees.
  Evaluating internal representation of mux trees.
  Analyzing evaluation results.
Removed 0 multiplexer ports.
<suppressed ~1699 debug messages>

7.11.11. Executing OPT_REDUCE pass (consolidate $*mux and $reduce_* inputs).
  Optimizing cells in module \icebreaker.
    New ctrl vector for $pmux cell $flatten\soc.\cpu.$procmux$2655: { $flatten\soc.\cpu.$eq$../picorv32.v:1313$1853_Y $auto$opt_reduce.cc:137:opt_pmux$7671 $auto$opt_reduce.cc:137:opt_pmux$7629 }
    New ctrl vector for $pmux cell $flatten\soc.\cpu.$procmux$5151: { $flatten\soc.\cpu.$logic_and$../picorv32.v:380$1447_Y $auto$opt_reduce.cc:137:opt_pmux$7673 }
    New ctrl vector for $pmux cell $flatten\soc.\cpu.$procmux$3180: { $flatten\soc.\cpu.$procmux$2637_CMP $auto$opt_reduce.cc:137:opt_pmux$7675 }
    New ctrl vector for $pmux cell $flatten\soc.\cpu.$procmux$3163: $auto$opt_reduce.cc:137:opt_pmux$7677
    New ctrl vector for $pmux cell $flatten\soc.\cpu.$procmux$3610: { $flatten\soc.\cpu.$eq$../picorv32.v:1313$1853_Y $flatten\soc.\cpu.$procmux$2639_CMP $flatten\soc.\cpu.$procmux$2638_CMP $flatten\soc.\cpu.$procmux$2637_CMP $flatten\soc.\cpu.$procmux$2636_CMP $auto$opt_reduce.cc:137:opt_pmux$7679 }
    New ctrl vector for $pmux cell $flatten\soc.\cpu.$procmux$4198: $auto$opt_reduce.cc:137:opt_pmux$7681
    New ctrl vector for $pmux cell $flatten\soc.\spimemio.$procmux$6489: { $flatten\soc.\spimemio.$procmux$6425_CMP $auto$opt_reduce.cc:137:opt_pmux$7683 $flatten\soc.\spimemio.$procmux$6402_CMP }
    New ctrl vector for $pmux cell $flatten\soc.\spimemio.$procmux$6387: $auto$opt_reduce.cc:137:opt_pmux$7685
  Optimizing cells in module \icebreaker.
Performed a total of 8 changes.

7.11.12. Executing OPT_MERGE pass (detect identical cells).
Finding identical cells in module `\icebreaker'.
Computing hashes of 1614 cells of `\icebreaker'.
Finding duplicate cells in `\icebreaker'.
Computing hashes of 1611 cells of `\icebreaker'.
Finding duplicate cells in `\icebreaker'.
<suppressed ~9 debug messages>
Removed a total of 3 cells.

7.11.13. Executing OPT_DFF pass (perform DFF optimizations).

7.11.14. Executing OPT_CLEAN pass (remove unused cells and wires).
Finding unused cells or wires in module \icebreaker..
Removed 0 unused cells and 3 unused wires.
<suppressed ~1 debug messages>

7.11.15. Executing OPT_EXPR pass (perform const folding).
Optimizing module icebreaker.

7.11.16. Rerunning OPT passes. (Maybe there is more to do..)

7.11.17. Executing OPT_MUXTREE pass (detect dead branches in mux trees).
Running muxtree optimizer on module \icebreaker..
  Creating internal representation of mux trees.
  Evaluating internal representation of mux trees.
  Analyzing evaluation results.
Removed 0 multiplexer ports.
<suppressed ~1642 debug messages>

7.11.18. Executing OPT_REDUCE pass (consolidate $*mux and $reduce_* inputs).
  Optimizing cells in module \icebreaker.
Performed a total of 0 changes.

7.11.19. Executing OPT_MERGE pass (detect identical cells).
Finding identical cells in module `\icebreaker'.
Computing hashes of 1611 cells of `\icebreaker'.
Finding duplicate cells in `\icebreaker'.
Removed a total of 0 cells.

7.11.20. Executing OPT_DFF pass (perform DFF optimizations).

7.11.21. Executing OPT_CLEAN pass (remove unused cells and wires).
Finding unused cells or wires in module \icebreaker..

7.11.22. Executing OPT_EXPR pass (perform const folding).
Optimizing module icebreaker.

7.11.23. Finished fast OPT passes. (There is nothing left to do.)

7.12. Executing FSM pass (extract and optimize FSM).

7.12.1. Executing FSM_DETECT pass (finding FSMs in design).
Not marking icebreaker.soc.cpu.irq_state as FSM state register:
    Users of register don't seem to benefit from recoding.
Found FSM state register icebreaker.soc.cpu.cpu_state.
Found FSM state register icebreaker.soc.cpu.mem_wordsize.
Not marking icebreaker.soc.cpu.mem_state as FSM state register:
    Users of register don't seem to benefit from recoding.
Found FSM state register icebreaker.soc.spimemio.state.
Not marking icebreaker.soc.spimemio.din_tag as FSM state register:
    Users of register don't seem to benefit from recoding.

7.12.2. Executing FSM_EXTRACT pass (extracting FSM from design).
Extracting FSM `\soc.cpu.cpu_state' from module `\icebreaker'.
  found $dff cell for state register: $flatten\soc.\cpu.$procdff$6902
  root of input selection tree: $flatten\soc.\cpu.$0\cpu_state[7:0]
  found ctrl input: $flatten\soc.\cpu.$logic_and$../picorv32.v:1938$2049_Y
  found ctrl input: $flatten\soc.\cpu.$logic_and$../picorv32.v:1922$2031_Y
  found ctrl input: \resetn
  found state code: 8'01000000
  found ctrl input: $auto$opt_reduce.cc:137:opt_pmux$7675
  found ctrl input: $flatten\soc.\cpu.$procmux$2636_CMP
  found ctrl input: $flatten\soc.\cpu.$procmux$2637_CMP
  found ctrl input: $flatten\soc.\cpu.$procmux$2638_CMP
  found ctrl input: $flatten\soc.\cpu.$procmux$2639_CMP
  found ctrl input: $flatten\soc.\cpu.$eq$../picorv32.v:1313$1853_Y
  found ctrl input: $flatten\soc.\cpu.$logic_or$../picorv32.v:1857$2012_Y
  found ctrl input: $flatten\soc.\cpu.$logic_and$../picorv32.v:1872$2016_Y
  found ctrl input: $flatten\soc.\cpu.$eq$../picorv32.v:1831$1994_Y
  found ctrl input: \soc.cpu.is_beq_bne_blt_bge_bltu_bgeu
  found ctrl input: \soc.cpu.mem_done
  found ctrl input: \soc.cpu.is_sll_srl_sra
  found ctrl input: \soc.cpu.is_sb_sh_sw
  found ctrl input: \soc.cpu.instr_trap
  found state code: 8'00001000
  found state code: 8'00000100
  found state code: 8'00000010
  found ctrl input: \soc.cpu.genblk1.pcpi_mul.active [1]
  found ctrl input: $flatten\soc.\cpu.$logic_and$../picorv32.v:1605$1948_Y
  found ctrl input: $flatten\soc.\cpu.$logic_and$../picorv32.v:1608$1952_Y
  found state code: 8'10000000
  found ctrl input: $auto$opt_reduce.cc:137:opt_pmux$7621
  found ctrl input: \soc.cpu.is_slli_srli_srai
  found ctrl input: $flatten\soc.\cpu.$logic_and$../picorv32.v:1696$1966_Y
  found ctrl input: $auto$opt_reduce.cc:137:opt_pmux$7617
  found state code: 8'00000001
  found ctrl input: $flatten\soc.\cpu.$logic_and$../picorv32.v:1538$1927_Y
  found ctrl input: $flatten\soc.\cpu.$logic_and$../picorv32.v:1548$1935_Y
  found ctrl input: \soc.cpu.decoder_trigger
  found ctrl input: \soc.cpu.instr_jal
  found state code: 8'00100000
  found ctrl input: $flatten\soc.\cpu.$logic_and$../picorv32.v:1930$2041_Y
  found ctrl input: $flatten\soc.\cpu.$logic_and$../picorv32.v:1923$2034_Y
  found ctrl input: $flatten\soc.\cpu.$logic_and$../picorv32.v:1925$2038_Y
  found ctrl output: $flatten\soc.\cpu.$procmux$2636_CMP
  found ctrl output: $flatten\soc.\cpu.$procmux$2641_CMP
  found ctrl output: $flatten\soc.\cpu.$eq$../picorv32.v:1313$1853_Y
  found ctrl output: $flatten\soc.\cpu.$procmux$2634_CMP
  found ctrl output: $flatten\soc.\cpu.$procmux$2635_CMP
  found ctrl output: $flatten\soc.\cpu.$procmux$2637_CMP
  found ctrl output: $flatten\soc.\cpu.$procmux$2638_CMP
  found ctrl output: $flatten\soc.\cpu.$procmux$2639_CMP
  ctrl inputs: { \soc.cpu.genblk1.pcpi_mul.active [1] $flatten\soc.\cpu.$logic_and$../picorv32.v:1938$2049_Y $flatten\soc.\cpu.$logic_and$../picorv32.v:1930$2041_Y $flatten\soc.\cpu.$logic_and$../picorv32.v:1925$2038_Y $flatten\soc.\cpu.$logic_and$../picorv32.v:1923$2034_Y $flatten\soc.\cpu.$logic_and$../picorv32.v:1922$2031_Y $flatten\soc.\cpu.$logic_and$../picorv32.v:1872$2016_Y $flatten\soc.\cpu.$logic_or$../picorv32.v:1857$2012_Y $flatten\soc.\cpu.$eq$../picorv32.v:1831$1994_Y $flatten\soc.\cpu.$logic_and$../picorv32.v:1696$1966_Y $flatten\soc.\cpu.$logic_and$../picorv32.v:1608$1952_Y $flatten\soc.\cpu.$logic_and$../picorv32.v:1605$1948_Y $flatten\soc.\cpu.$logic_and$../picorv32.v:1548$1935_Y $flatten\soc.\cpu.$logic_and$../picorv32.v:1538$1927_Y \soc.cpu.is_beq_bne_blt_bge_bltu_bgeu \soc.cpu.is_sll_srl_sra \soc.cpu.is_sb_sh_sw \soc.cpu.is_slli_srli_srai \soc.cpu.decoder_trigger \soc.cpu.instr_trap \soc.cpu.instr_jal \soc.cpu.mem_done \resetn $auto$opt_reduce.cc:137:opt_pmux$7617 $auto$opt_reduce.cc:137:opt_pmux$7621 $auto$opt_reduce.cc:137:opt_pmux$7675 }
  ctrl outputs: { $flatten\soc.\cpu.$procmux$2641_CMP $flatten\soc.\cpu.$procmux$2639_CMP $flatten\soc.\cpu.$procmux$2638_CMP $flatten\soc.\cpu.$procmux$2637_CMP $flatten\soc.\cpu.$procmux$2636_CMP $flatten\soc.\cpu.$procmux$2635_CMP $flatten\soc.\cpu.$procmux$2634_CMP $flatten\soc.\cpu.$0\cpu_state[7:0] $flatten\soc.\cpu.$eq$../picorv32.v:1313$1853_Y }
  transition: 8'10000000 26'-0---0----------------0--- -> 8'01000000 16'1000000010000000
  transition: 8'10000000 26'-0---0----------------1--- -> 8'10000000 16'1000000100000000
  transition: 8'10000000 26'-00-01----------------0--- -> 8'01000000 16'1000000010000000
  transition: 8'10000000 26'-00-01----------------1--- -> 8'10000000 16'1000000100000000
  transition: 8'10000000 26'-00011-------------------- -> 8'10000000 16'1000000100000000
  transition: 8'10000000 26'-00111----------------0--- -> 8'01000000 16'1000000010000000
  transition: 8'10000000 26'-00111----------------1--- -> 8'10000000 16'1000000100000000
  transition: 8'10000000 26'-010-1-------------------- -> 8'10000000 16'1000000100000000
  transition: 8'10000000 26'-01101----------------0--- -> 8'01000000 16'1000000010000000
  transition: 8'10000000 26'-01101----------------1--- -> 8'10000000 16'1000000100000000
  transition: 8'10000000 26'-01111----------------0--- -> 8'01000000 16'1000000010000000
  transition: 8'10000000 26'-01111----------------1--- -> 8'10000000 16'1000000100000000
  transition: 8'10000000 26'-1-0---------------------- -> 8'10000000 16'1000000100000000
  transition: 8'10000000 26'-1-1-0----------------0--- -> 8'01000000 16'1000000010000000
  transition: 8'10000000 26'-1-1-0----------------1--- -> 8'10000000 16'1000000100000000
  transition: 8'10000000 26'-10101----------------0--- -> 8'01000000 16'1000000010000000
  transition: 8'10000000 26'-10101----------------1--- -> 8'10000000 16'1000000100000000
  transition: 8'10000000 26'-10111----------------0--- -> 8'01000000 16'1000000010000000
  transition: 8'10000000 26'-10111----------------1--- -> 8'10000000 16'1000000100000000
  transition: 8'10000000 26'-11101----------------0--- -> 8'01000000 16'1000000010000000
  transition: 8'10000000 26'-11101----------------1--- -> 8'10000000 16'1000000100000000
  transition: 8'10000000 26'-11111----------------0--- -> 8'01000000 16'1000000010000000
  transition: 8'10000000 26'-11111----------------1--- -> 8'10000000 16'1000000100000000
  transition: 8'01000000 26'-0---0----------------0--- -> 8'01000000 16'0000000010000001
  transition: 8'01000000 26'-0---0------00----0---1--- -> 8'01000000 16'0000000010000001
  transition: 8'01000000 26'-0---0------00----1-0-1--- -> 8'00100000 16'0000000001000001
  transition: 8'01000000 26'-0---0------00----1-1-1--- -> 8'01000000 16'0000000010000001
  transition: 8'01000000 26'-0---0------10--------1--- -> 8'01000000 16'0000000010000001
  transition: 8'01000000 26'-0---0-------1--------1--- -> 8'01000000 16'0000000010000001
  transition: 8'01000000 26'-00-01----------------0--- -> 8'01000000 16'0000000010000001
  transition: 8'01000000 26'-00-01------00----0---1--- -> 8'01000000 16'0000000010000001
  transition: 8'01000000 26'-00-01------00----1-0-1--- -> 8'00100000 16'0000000001000001
  transition: 8'01000000 26'-00-01------00----1-1-1--- -> 8'01000000 16'0000000010000001
  transition: 8'01000000 26'-00-01------10--------1--- -> 8'01000000 16'0000000010000001
  transition: 8'01000000 26'-00-01-------1--------1--- -> 8'01000000 16'0000000010000001
  transition: 8'01000000 26'-00011-------------------- -> 8'10000000 16'0000000100000001
  transition: 8'01000000 26'-00111----------------0--- -> 8'01000000 16'0000000010000001
  transition: 8'01000000 26'-00111------00----0---1--- -> 8'01000000 16'0000000010000001
  transition: 8'01000000 26'-00111------00----1-0-1--- -> 8'00100000 16'0000000001000001
  transition: 8'01000000 26'-00111------00----1-1-1--- -> 8'01000000 16'0000000010000001
  transition: 8'01000000 26'-00111------10--------1--- -> 8'01000000 16'0000000010000001
  transition: 8'01000000 26'-00111-------1--------1--- -> 8'01000000 16'0000000010000001
  transition: 8'01000000 26'-010-1-------------------- -> 8'10000000 16'0000000100000001
  transition: 8'01000000 26'-01101----------------0--- -> 8'01000000 16'0000000010000001
  transition: 8'01000000 26'-01101------00----0---1--- -> 8'01000000 16'0000000010000001
  transition: 8'01000000 26'-01101------00----1-0-1--- -> 8'00100000 16'0000000001000001
  transition: 8'01000000 26'-01101------00----1-1-1--- -> 8'01000000 16'0000000010000001
  transition: 8'01000000 26'-01101------10--------1--- -> 8'01000000 16'0000000010000001
  transition: 8'01000000 26'-01101-------1--------1--- -> 8'01000000 16'0000000010000001
  transition: 8'01000000 26'-01111----------------0--- -> 8'01000000 16'0000000010000001
  transition: 8'01000000 26'-01111------00----0---1--- -> 8'01000000 16'0000000010000001
  transition: 8'01000000 26'-01111------00----1-0-1--- -> 8'00100000 16'0000000001000001
  transition: 8'01000000 26'-01111------00----1-1-1--- -> 8'01000000 16'0000000010000001
  transition: 8'01000000 26'-01111------10--------1--- -> 8'01000000 16'0000000010000001
  transition: 8'01000000 26'-01111-------1--------1--- -> 8'01000000 16'0000000010000001
  transition: 8'01000000 26'-1-0---------------------- -> 8'10000000 16'0000000100000001
  transition: 8'01000000 26'-1-1-0----------------0--- -> 8'01000000 16'0000000010000001
  transition: 8'01000000 26'-1-1-0------00----0---1--- -> 8'01000000 16'0000000010000001
  transition: 8'01000000 26'-1-1-0------00----1-0-1--- -> 8'00100000 16'0000000001000001
  transition: 8'01000000 26'-1-1-0------00----1-1-1--- -> 8'01000000 16'0000000010000001
  transition: 8'01000000 26'-1-1-0------10--------1--- -> 8'01000000 16'0000000010000001
  transition: 8'01000000 26'-1-1-0-------1--------1--- -> 8'01000000 16'0000000010000001
  transition: 8'01000000 26'-10101----------------0--- -> 8'01000000 16'0000000010000001
  transition: 8'01000000 26'-10101------00----0---1--- -> 8'01000000 16'0000000010000001
  transition: 8'01000000 26'-10101------00----1-0-1--- -> 8'00100000 16'0000000001000001
  transition: 8'01000000 26'-10101------00----1-1-1--- -> 8'01000000 16'0000000010000001
  transition: 8'01000000 26'-10101------10--------1--- -> 8'01000000 16'0000000010000001
  transition: 8'01000000 26'-10101-------1--------1--- -> 8'01000000 16'0000000010000001
  transition: 8'01000000 26'-10111----------------0--- -> 8'01000000 16'0000000010000001
  transition: 8'01000000 26'-10111------00----0---1--- -> 8'01000000 16'0000000010000001
  transition: 8'01000000 26'-10111------00----1-0-1--- -> 8'00100000 16'0000000001000001
  transition: 8'01000000 26'-10111------00----1-1-1--- -> 8'01000000 16'0000000010000001
  transition: 8'01000000 26'-10111------10--------1--- -> 8'01000000 16'0000000010000001
  transition: 8'01000000 26'-10111-------1--------1--- -> 8'01000000 16'0000000010000001
  transition: 8'01000000 26'-11101----------------0--- -> 8'01000000 16'0000000010000001
  transition: 8'01000000 26'-11101------00----0---1--- -> 8'01000000 16'0000000010000001
  transition: 8'01000000 26'-11101------00----1-0-1--- -> 8'00100000 16'0000000001000001
  transition: 8'01000000 26'-11101------00----1-1-1--- -> 8'01000000 16'0000000010000001
  transition: 8'01000000 26'-11101------10--------1--- -> 8'01000000 16'0000000010000001
  transition: 8'01000000 26'-11101-------1--------1--- -> 8'01000000 16'0000000010000001
  transition: 8'01000000 26'-11111----------------0--- -> 8'01000000 16'0000000010000001
  transition: 8'01000000 26'-11111------00----0---1--- -> 8'01000000 16'0000000010000001
  transition: 8'01000000 26'-11111------00----1-0-1--- -> 8'00100000 16'0000000001000001
  transition: 8'01000000 26'-11111------00----1-1-1--- -> 8'01000000 16'0000000010000001
  transition: 8'01000000 26'-11111------10--------1--- -> 8'01000000 16'0000000010000001
  transition: 8'01000000 26'-11111-------1--------1--- -> 8'01000000 16'0000000010000001
  transition: 8'00100000 26'-0---0----------------0--- -> 8'01000000 16'0100000010000000
  transition: 8'00100000 26'-0---0---0-----000-0--100- -> 8'00001000 16'0100000000010000
  transition: 8'00100000 26'-0---0---0------10----100- -> 8'00000010 16'0100000000000100
  transition: 8'00100000 26'-0---0---0-----1-0----100- -> 8'00000100 16'0100000000001000
  transition: 8'00100000 26'00---0-----0-------1--1--- -> 8'00100000 16'0100000001000000
  transition: 8'00100000 26'00---0----01-------1--1--- -> 8'10000000 16'0100000100000000
  transition: 8'00100000 26'00---0----11-------1--1--- -> 8'01000000 16'0100000010000000
  transition: 8'00100000 26'10---0-------------1--1--- -> 8'01000000 16'0100000010000000
  transition: 8'00100000 26'-0---0----------------11-- -> 8'01000000 16'0100000010000000
  transition: 8'00100000 26'-0---0---1------------1--- -> 8'00000001 16'0100000000000010
  transition: 8'00100000 26'-0---0-----------1----1--- -> 8'00000100 16'0100000000001000
  transition: 8'00100000 26'-0---0----------------1-1- -> 8'00001000 16'0100000000010000
  transition: 8'00100000 26'-00-01----------------0--- -> 8'01000000 16'0100000010000000
  transition: 8'00100000 26'-00-01---0-----000-0--100- -> 8'00001000 16'0100000000010000
  transition: 8'00100000 26'-00-01---0------10----100- -> 8'00000010 16'0100000000000100
  transition: 8'00100000 26'-00-01---0-----1-0----100- -> 8'00000100 16'0100000000001000
  transition: 8'00100000 26'000-01-----0-------1--1--- -> 8'00100000 16'0100000001000000
  transition: 8'00100000 26'000-01----01-------1--1--- -> 8'10000000 16'0100000100000000
  transition: 8'00100000 26'000-01----11-------1--1--- -> 8'01000000 16'0100000010000000
  transition: 8'00100000 26'100-01-------------1--1--- -> 8'01000000 16'0100000010000000
  transition: 8'00100000 26'-00-01----------------11-- -> 8'01000000 16'0100000010000000
  transition: 8'00100000 26'-00-01---1------------1--- -> 8'00000001 16'0100000000000010
  transition: 8'00100000 26'-00-01-----------1----1--- -> 8'00000100 16'0100000000001000
  transition: 8'00100000 26'-00-01----------------1-1- -> 8'00001000 16'0100000000010000
  transition: 8'00100000 26'-00011-------------------- -> 8'10000000 16'0100000100000000
  transition: 8'00100000 26'-00111----------------0--- -> 8'01000000 16'0100000010000000
  transition: 8'00100000 26'-00111---0-----000-0--100- -> 8'00001000 16'0100000000010000
  transition: 8'00100000 26'-00111---0------10----100- -> 8'00000010 16'0100000000000100
  transition: 8'00100000 26'-00111---0-----1-0----100- -> 8'00000100 16'0100000000001000
  transition: 8'00100000 26'000111-----0-------1--1--- -> 8'00100000 16'0100000001000000
  transition: 8'00100000 26'000111----01-------1--1--- -> 8'10000000 16'0100000100000000
  transition: 8'00100000 26'000111----11-------1--1--- -> 8'01000000 16'0100000010000000
  transition: 8'00100000 26'100111-------------1--1--- -> 8'01000000 16'0100000010000000
  transition: 8'00100000 26'-00111----------------11-- -> 8'01000000 16'0100000010000000
  transition: 8'00100000 26'-00111---1------------1--- -> 8'00000001 16'0100000000000010
  transition: 8'00100000 26'-00111-----------1----1--- -> 8'00000100 16'0100000000001000
  transition: 8'00100000 26'-00111----------------1-1- -> 8'00001000 16'0100000000010000
  transition: 8'00100000 26'-010-1-------------------- -> 8'10000000 16'0100000100000000
  transition: 8'00100000 26'-01101----------------0--- -> 8'01000000 16'0100000010000000
  transition: 8'00100000 26'-01101---0-----000-0--100- -> 8'00001000 16'0100000000010000
  transition: 8'00100000 26'-01101---0------10----100- -> 8'00000010 16'0100000000000100
  transition: 8'00100000 26'-01101---0-----1-0----100- -> 8'00000100 16'0100000000001000
  transition: 8'00100000 26'001101-----0-------1--1--- -> 8'00100000 16'0100000001000000
  transition: 8'00100000 26'001101----01-------1--1--- -> 8'10000000 16'0100000100000000
  transition: 8'00100000 26'001101----11-------1--1--- -> 8'01000000 16'0100000010000000
  transition: 8'00100000 26'101101-------------1--1--- -> 8'01000000 16'0100000010000000
  transition: 8'00100000 26'-01101----------------11-- -> 8'01000000 16'0100000010000000
  transition: 8'00100000 26'-01101---1------------1--- -> 8'00000001 16'0100000000000010
  transition: 8'00100000 26'-01101-----------1----1--- -> 8'00000100 16'0100000000001000
  transition: 8'00100000 26'-01101----------------1-1- -> 8'00001000 16'0100000000010000
  transition: 8'00100000 26'-01111----------------0--- -> 8'01000000 16'0100000010000000
  transition: 8'00100000 26'-01111---0-----000-0--100- -> 8'00001000 16'0100000000010000
  transition: 8'00100000 26'-01111---0------10----100- -> 8'00000010 16'0100000000000100
  transition: 8'00100000 26'-01111---0-----1-0----100- -> 8'00000100 16'0100000000001000
  transition: 8'00100000 26'001111-----0-------1--1--- -> 8'00100000 16'0100000001000000
  transition: 8'00100000 26'001111----01-------1--1--- -> 8'10000000 16'0100000100000000
  transition: 8'00100000 26'001111----11-------1--1--- -> 8'01000000 16'0100000010000000
  transition: 8'00100000 26'101111-------------1--1--- -> 8'01000000 16'0100000010000000
  transition: 8'00100000 26'-01111----------------11-- -> 8'01000000 16'0100000010000000
  transition: 8'00100000 26'-01111---1------------1--- -> 8'00000001 16'0100000000000010
  transition: 8'00100000 26'-01111-----------1----1--- -> 8'00000100 16'0100000000001000
  transition: 8'00100000 26'-01111----------------1-1- -> 8'00001000 16'0100000000010000
  transition: 8'00100000 26'-1-0---------------------- -> 8'10000000 16'0100000100000000
  transition: 8'00100000 26'-1-1-0----------------0--- -> 8'01000000 16'0100000010000000
  transition: 8'00100000 26'-1-1-0---0-----000-0--100- -> 8'00001000 16'0100000000010000
  transition: 8'00100000 26'-1-1-0---0------10----100- -> 8'00000010 16'0100000000000100
  transition: 8'00100000 26'-1-1-0---0-----1-0----100- -> 8'00000100 16'0100000000001000
  transition: 8'00100000 26'01-1-0-----0-------1--1--- -> 8'00100000 16'0100000001000000
  transition: 8'00100000 26'01-1-0----01-------1--1--- -> 8'10000000 16'0100000100000000
  transition: 8'00100000 26'01-1-0----11-------1--1--- -> 8'01000000 16'0100000010000000
  transition: 8'00100000 26'11-1-0-------------1--1--- -> 8'01000000 16'0100000010000000
  transition: 8'00100000 26'-1-1-0----------------11-- -> 8'01000000 16'0100000010000000
  transition: 8'00100000 26'-1-1-0---1------------1--- -> 8'00000001 16'0100000000000010
  transition: 8'00100000 26'-1-1-0-----------1----1--- -> 8'00000100 16'0100000000001000
  transition: 8'00100000 26'-1-1-0----------------1-1- -> 8'00001000 16'0100000000010000
  transition: 8'00100000 26'-10101----------------0--- -> 8'01000000 16'0100000010000000
  transition: 8'00100000 26'-10101---0-----000-0--100- -> 8'00001000 16'0100000000010000
  transition: 8'00100000 26'-10101---0------10----100- -> 8'00000010 16'0100000000000100
  transition: 8'00100000 26'-10101---0-----1-0----100- -> 8'00000100 16'0100000000001000
  transition: 8'00100000 26'010101-----0-------1--1--- -> 8'00100000 16'0100000001000000
  transition: 8'00100000 26'010101----01-------1--1--- -> 8'10000000 16'0100000100000000
  transition: 8'00100000 26'010101----11-------1--1--- -> 8'01000000 16'0100000010000000
  transition: 8'00100000 26'110101-------------1--1--- -> 8'01000000 16'0100000010000000
  transition: 8'00100000 26'-10101----------------11-- -> 8'01000000 16'0100000010000000
  transition: 8'00100000 26'-10101---1------------1--- -> 8'00000001 16'0100000000000010
  transition: 8'00100000 26'-10101-----------1----1--- -> 8'00000100 16'0100000000001000
  transition: 8'00100000 26'-10101----------------1-1- -> 8'00001000 16'0100000000010000
  transition: 8'00100000 26'-10111----------------0--- -> 8'01000000 16'0100000010000000
  transition: 8'00100000 26'-10111---0-----000-0--100- -> 8'00001000 16'0100000000010000
  transition: 8'00100000 26'-10111---0------10----100- -> 8'00000010 16'0100000000000100
  transition: 8'00100000 26'-10111---0-----1-0----100- -> 8'00000100 16'0100000000001000
  transition: 8'00100000 26'010111-----0-------1--1--- -> 8'00100000 16'0100000001000000
  transition: 8'00100000 26'010111----01-------1--1--- -> 8'10000000 16'0100000100000000
  transition: 8'00100000 26'010111----11-------1--1--- -> 8'01000000 16'0100000010000000
  transition: 8'00100000 26'110111-------------1--1--- -> 8'01000000 16'0100000010000000
  transition: 8'00100000 26'-10111----------------11-- -> 8'01000000 16'0100000010000000
  transition: 8'00100000 26'-10111---1------------1--- -> 8'00000001 16'0100000000000010
  transition: 8'00100000 26'-10111-----------1----1--- -> 8'00000100 16'0100000000001000
  transition: 8'00100000 26'-10111----------------1-1- -> 8'00001000 16'0100000000010000
  transition: 8'00100000 26'-11101----------------0--- -> 8'01000000 16'0100000010000000
  transition: 8'00100000 26'-11101---0-----000-0--100- -> 8'00001000 16'0100000000010000
  transition: 8'00100000 26'-11101---0------10----100- -> 8'00000010 16'0100000000000100
  transition: 8'00100000 26'-11101---0-----1-0----100- -> 8'00000100 16'0100000000001000
  transition: 8'00100000 26'011101-----0-------1--1--- -> 8'00100000 16'0100000001000000
  transition: 8'00100000 26'011101----01-------1--1--- -> 8'10000000 16'0100000100000000
  transition: 8'00100000 26'011101----11-------1--1--- -> 8'01000000 16'0100000010000000
  transition: 8'00100000 26'111101-------------1--1--- -> 8'01000000 16'0100000010000000
  transition: 8'00100000 26'-11101----------------11-- -> 8'01000000 16'0100000010000000
  transition: 8'00100000 26'-11101---1------------1--- -> 8'00000001 16'0100000000000010
  transition: 8'00100000 26'-11101-----------1----1--- -> 8'00000100 16'0100000000001000
  transition: 8'00100000 26'-11101----------------1-1- -> 8'00001000 16'0100000000010000
  transition: 8'00100000 26'-11111----------------0--- -> 8'01000000 16'0100000010000000
  transition: 8'00100000 26'-11111---0-----000-0--100- -> 8'00001000 16'0100000000010000
  transition: 8'00100000 26'-11111---0------10----100- -> 8'00000010 16'0100000000000100
  transition: 8'00100000 26'-11111---0-----1-0----100- -> 8'00000100 16'0100000000001000
  transition: 8'00100000 26'011111-----0-------1--1--- -> 8'00100000 16'0100000001000000
  transition: 8'00100000 26'011111----01-------1--1--- -> 8'10000000 16'0100000100000000
  transition: 8'00100000 26'011111----11-------1--1--- -> 8'01000000 16'0100000010000000
  transition: 8'00100000 26'111111-------------1--1--- -> 8'01000000 16'0100000010000000
  transition: 8'00100000 26'-11111----------------11-- -> 8'01000000 16'0100000010000000
  transition: 8'00100000 26'-11111---1------------1--- -> 8'00000001 16'0100000000000010
  transition: 8'00100000 26'-11111-----------1----1--- -> 8'00000100 16'0100000000001000
  transition: 8'00100000 26'-11111----------------1-1- -> 8'00001000 16'0100000000010000
  transition: 8'00001000 26'-0---0----------------0--- -> 8'01000000 16'0001000010000000
  transition: 8'00001000 26'-0---0--------0-------1--- -> 8'01000000 16'0001000010000000
  transition: 8'00001000 26'-0---0--------1------01--- -> 8'00001000 16'0001000000010000
  transition: 8'00001000 26'-0---0--------1------11--- -> 8'01000000 16'0001000010000000
  transition: 8'00001000 26'-00-01----------------0--- -> 8'01000000 16'0001000010000000
  transition: 8'00001000 26'-00-01--------0-------1--- -> 8'01000000 16'0001000010000000
  transition: 8'00001000 26'-00-01--------1------01--- -> 8'00001000 16'0001000000010000
  transition: 8'00001000 26'-00-01--------1------11--- -> 8'01000000 16'0001000010000000
  transition: 8'00001000 26'-00011-------------------- -> 8'10000000 16'0001000100000000
  transition: 8'00001000 26'-00111----------------0--- -> 8'01000000 16'0001000010000000
  transition: 8'00001000 26'-00111--------0-------1--- -> 8'01000000 16'0001000010000000
  transition: 8'00001000 26'-00111--------1------01--- -> 8'00001000 16'0001000000010000
  transition: 8'00001000 26'-00111--------1------11--- -> 8'01000000 16'0001000010000000
  transition: 8'00001000 26'-010-1-------------------- -> 8'10000000 16'0001000100000000
  transition: 8'00001000 26'-01101----------------0--- -> 8'01000000 16'0001000010000000
  transition: 8'00001000 26'-01101--------0-------1--- -> 8'01000000 16'0001000010000000
  transition: 8'00001000 26'-01101--------1------01--- -> 8'00001000 16'0001000000010000
  transition: 8'00001000 26'-01101--------1------11--- -> 8'01000000 16'0001000010000000
  transition: 8'00001000 26'-01111----------------0--- -> 8'01000000 16'0001000010000000
  transition: 8'00001000 26'-01111--------0-------1--- -> 8'01000000 16'0001000010000000
  transition: 8'00001000 26'-01111--------1------01--- -> 8'00001000 16'0001000000010000
  transition: 8'00001000 26'-01111--------1------11--- -> 8'01000000 16'0001000010000000
  transition: 8'00001000 26'-1-0---------------------- -> 8'10000000 16'0001000100000000
  transition: 8'00001000 26'-1-1-0----------------0--- -> 8'01000000 16'0001000010000000
  transition: 8'00001000 26'-1-1-0--------0-------1--- -> 8'01000000 16'0001000010000000
  transition: 8'00001000 26'-1-1-0--------1------01--- -> 8'00001000 16'0001000000010000
  transition: 8'00001000 26'-1-1-0--------1------11--- -> 8'01000000 16'0001000010000000
  transition: 8'00001000 26'-10101----------------0--- -> 8'01000000 16'0001000010000000
  transition: 8'00001000 26'-10101--------0-------1--- -> 8'01000000 16'0001000010000000
  transition: 8'00001000 26'-10101--------1------01--- -> 8'00001000 16'0001000000010000
  transition: 8'00001000 26'-10101--------1------11--- -> 8'01000000 16'0001000010000000
  transition: 8'00001000 26'-10111----------------0--- -> 8'01000000 16'0001000010000000
  transition: 8'00001000 26'-10111--------0-------1--- -> 8'01000000 16'0001000010000000
  transition: 8'00001000 26'-10111--------1------01--- -> 8'00001000 16'0001000000010000
  transition: 8'00001000 26'-10111--------1------11--- -> 8'01000000 16'0001000010000000
  transition: 8'00001000 26'-11101----------------0--- -> 8'01000000 16'0001000010000000
  transition: 8'00001000 26'-11101--------0-------1--- -> 8'01000000 16'0001000010000000
  transition: 8'00001000 26'-11101--------1------01--- -> 8'00001000 16'0001000000010000
  transition: 8'00001000 26'-11101--------1------11--- -> 8'01000000 16'0001000010000000
  transition: 8'00001000 26'-11111----------------0--- -> 8'01000000 16'0001000010000000
  transition: 8'00001000 26'-11111--------0-------1--- -> 8'01000000 16'0001000010000000
  transition: 8'00001000 26'-11111--------1------01--- -> 8'00001000 16'0001000000010000
  transition: 8'00001000 26'-11111--------1------11--- -> 8'01000000 16'0001000010000000
  transition: 8'00000100 26'-0---0----------------0--- -> 8'01000000 16'0000100010000000
  transition: 8'00000100 26'-0---0--0-------------1--- -> 8'00000100 16'0000100000001000
  transition: 8'00000100 26'-0---0--1-------------1--- -> 8'01000000 16'0000100010000000
  transition: 8'00000100 26'-00-01----------------0--- -> 8'01000000 16'0000100010000000
  transition: 8'00000100 26'-00-01--0-------------1--- -> 8'00000100 16'0000100000001000
  transition: 8'00000100 26'-00-01--1-------------1--- -> 8'01000000 16'0000100010000000
  transition: 8'00000100 26'-00011-------------------- -> 8'10000000 16'0000100100000000
  transition: 8'00000100 26'-00111----------------0--- -> 8'01000000 16'0000100010000000
  transition: 8'00000100 26'-00111--0-------------1--- -> 8'00000100 16'0000100000001000
  transition: 8'00000100 26'-00111--1-------------1--- -> 8'01000000 16'0000100010000000
  transition: 8'00000100 26'-010-1-------------------- -> 8'10000000 16'0000100100000000
  transition: 8'00000100 26'-01101----------------0--- -> 8'01000000 16'0000100010000000
  transition: 8'00000100 26'-01101--0-------------1--- -> 8'00000100 16'0000100000001000
  transition: 8'00000100 26'-01101--1-------------1--- -> 8'01000000 16'0000100010000000
  transition: 8'00000100 26'-01111----------------0--- -> 8'01000000 16'0000100010000000
  transition: 8'00000100 26'-01111--0-------------1--- -> 8'00000100 16'0000100000001000
  transition: 8'00000100 26'-01111--1-------------1--- -> 8'01000000 16'0000100010000000
  transition: 8'00000100 26'-1-0---------------------- -> 8'10000000 16'0000100100000000
  transition: 8'00000100 26'-1-1-0----------------0--- -> 8'01000000 16'0000100010000000
  transition: 8'00000100 26'-1-1-0--0-------------1--- -> 8'00000100 16'0000100000001000
  transition: 8'00000100 26'-1-1-0--1-------------1--- -> 8'01000000 16'0000100010000000
  transition: 8'00000100 26'-10101----------------0--- -> 8'01000000 16'0000100010000000
  transition: 8'00000100 26'-10101--0-------------1--- -> 8'00000100 16'0000100000001000
  transition: 8'00000100 26'-10101--1-------------1--- -> 8'01000000 16'0000100010000000
  transition: 8'00000100 26'-10111----------------0--- -> 8'01000000 16'0000100010000000
  transition: 8'00000100 26'-10111--0-------------1--- -> 8'00000100 16'0000100000001000
  transition: 8'00000100 26'-10111--1-------------1--- -> 8'01000000 16'0000100010000000
  transition: 8'00000100 26'-11101----------------0--- -> 8'01000000 16'0000100010000000
  transition: 8'00000100 26'-11101--0-------------1--- -> 8'00000100 16'0000100000001000
  transition: 8'00000100 26'-11101--1-------------1--- -> 8'01000000 16'0000100010000000
  transition: 8'00000100 26'-11111----------------0--- -> 8'01000000 16'0000100010000000
  transition: 8'00000100 26'-11111--0-------------1--- -> 8'00000100 16'0000100000001000
  transition: 8'00000100 26'-11111--1-------------1--- -> 8'01000000 16'0000100010000000
  transition: 8'00000010 26'-0---0----------------0--- -> 8'01000000 16'0000010010000000
  transition: 8'00000010 26'-0---0-0--------------1--- -> 8'00000010 16'0000010000000100
  transition: 8'00000010 26'-0---001--------------1--- -> 8'00000010 16'0000010000000100
  transition: 8'00000010 26'-0---011--------------1--- -> 8'01000000 16'0000010010000000
  transition: 8'00000010 26'-00-01----------------0--- -> 8'01000000 16'0000010010000000
  transition: 8'00000010 26'-00-01-0--------------1--- -> 8'00000010 16'0000010000000100
  transition: 8'00000010 26'-00-0101--------------1--- -> 8'00000010 16'0000010000000100
  transition: 8'00000010 26'-00-0111--------------1--- -> 8'01000000 16'0000010010000000
  transition: 8'00000010 26'-00011-------------------- -> 8'10000000 16'0000010100000000
  transition: 8'00000010 26'-00111----------------0--- -> 8'01000000 16'0000010010000000
  transition: 8'00000010 26'-00111-0--------------1--- -> 8'00000010 16'0000010000000100
  transition: 8'00000010 26'-0011101--------------1--- -> 8'00000010 16'0000010000000100
  transition: 8'00000010 26'-0011111--------------1--- -> 8'01000000 16'0000010010000000
  transition: 8'00000010 26'-010-1-------------------- -> 8'10000000 16'0000010100000000
  transition: 8'00000010 26'-01101----------------0--- -> 8'01000000 16'0000010010000000
  transition: 8'00000010 26'-01101-0--------------1--- -> 8'00000010 16'0000010000000100
  transition: 8'00000010 26'-0110101--------------1--- -> 8'00000010 16'0000010000000100
  transition: 8'00000010 26'-0110111--------------1--- -> 8'01000000 16'0000010010000000
  transition: 8'00000010 26'-01111----------------0--- -> 8'01000000 16'0000010010000000
  transition: 8'00000010 26'-01111-0--------------1--- -> 8'00000010 16'0000010000000100
  transition: 8'00000010 26'-0111101--------------1--- -> 8'00000010 16'0000010000000100
  transition: 8'00000010 26'-0111111--------------1--- -> 8'01000000 16'0000010010000000
  transition: 8'00000010 26'-1-0---------------------- -> 8'10000000 16'0000010100000000
  transition: 8'00000010 26'-1-1-0----------------0--- -> 8'01000000 16'0000010010000000
  transition: 8'00000010 26'-1-1-0-0--------------1--- -> 8'00000010 16'0000010000000100
  transition: 8'00000010 26'-1-1-001--------------1--- -> 8'00000010 16'0000010000000100
  transition: 8'00000010 26'-1-1-011--------------1--- -> 8'01000000 16'0000010010000000
  transition: 8'00000010 26'-10101----------------0--- -> 8'01000000 16'0000010010000000
  transition: 8'00000010 26'-10101-0--------------1--- -> 8'00000010 16'0000010000000100
  transition: 8'00000010 26'-1010101--------------1--- -> 8'00000010 16'0000010000000100
  transition: 8'00000010 26'-1010111--------------1--- -> 8'01000000 16'0000010010000000
  transition: 8'00000010 26'-10111----------------0--- -> 8'01000000 16'0000010010000000
  transition: 8'00000010 26'-10111-0--------------1--- -> 8'00000010 16'0000010000000100
  transition: 8'00000010 26'-1011101--------------1--- -> 8'00000010 16'0000010000000100
  transition: 8'00000010 26'-1011111--------------1--- -> 8'01000000 16'0000010010000000
  transition: 8'00000010 26'-11101----------------0--- -> 8'01000000 16'0000010010000000
  transition: 8'00000010 26'-11101-0--------------1--- -> 8'00000010 16'0000010000000100
  transition: 8'00000010 26'-1110101--------------1--- -> 8'00000010 16'0000010000000100
  transition: 8'00000010 26'-1110111--------------1--- -> 8'01000000 16'0000010010000000
  transition: 8'00000010 26'-11111----------------0--- -> 8'01000000 16'0000010010000000
  transition: 8'00000010 26'-11111-0--------------1--- -> 8'00000010 16'0000010000000100
  transition: 8'00000010 26'-1111101--------------1--- -> 8'00000010 16'0000010000000100
  transition: 8'00000010 26'-1111111--------------1--- -> 8'01000000 16'0000010010000000
  transition: 8'00000001 26'-0---0----------------0--- -> 8'01000000 16'0000001010000000
  transition: 8'00000001 26'-0---0-0--------------1--- -> 8'00000001 16'0000001000000010
  transition: 8'00000001 26'-0---001--------------1--- -> 8'00000001 16'0000001000000010
  transition: 8'00000001 26'-0---011--------------1--- -> 8'01000000 16'0000001010000000
  transition: 8'00000001 26'-00-01----------------0--- -> 8'01000000 16'0000001010000000
  transition: 8'00000001 26'-00-01-0--------------1--- -> 8'00000001 16'0000001000000010
  transition: 8'00000001 26'-00-0101--------------1--- -> 8'00000001 16'0000001000000010
  transition: 8'00000001 26'-00-0111--------------1--- -> 8'01000000 16'0000001010000000
  transition: 8'00000001 26'-00011-------------------- -> 8'10000000 16'0000001100000000
  transition: 8'00000001 26'-00111----------------0--- -> 8'01000000 16'0000001010000000
  transition: 8'00000001 26'-00111-0--------------1--- -> 8'00000001 16'0000001000000010
  transition: 8'00000001 26'-0011101--------------1--- -> 8'00000001 16'0000001000000010
  transition: 8'00000001 26'-0011111--------------1--- -> 8'01000000 16'0000001010000000
  transition: 8'00000001 26'-010-1-------------------- -> 8'10000000 16'0000001100000000
  transition: 8'00000001 26'-01101----------------0--- -> 8'01000000 16'0000001010000000
  transition: 8'00000001 26'-01101-0--------------1--- -> 8'00000001 16'0000001000000010
  transition: 8'00000001 26'-0110101--------------1--- -> 8'00000001 16'0000001000000010
  transition: 8'00000001 26'-0110111--------------1--- -> 8'01000000 16'0000001010000000
  transition: 8'00000001 26'-01111----------------0--- -> 8'01000000 16'0000001010000000
  transition: 8'00000001 26'-01111-0--------------1--- -> 8'00000001 16'0000001000000010
  transition: 8'00000001 26'-0111101--------------1--- -> 8'00000001 16'0000001000000010
  transition: 8'00000001 26'-0111111--------------1--- -> 8'01000000 16'0000001010000000
  transition: 8'00000001 26'-1-0---------------------- -> 8'10000000 16'0000001100000000
  transition: 8'00000001 26'-1-1-0----------------0--- -> 8'01000000 16'0000001010000000
  transition: 8'00000001 26'-1-1-0-0--------------1--- -> 8'00000001 16'0000001000000010
  transition: 8'00000001 26'-1-1-001--------------1--- -> 8'00000001 16'0000001000000010
  transition: 8'00000001 26'-1-1-011--------------1--- -> 8'01000000 16'0000001010000000
  transition: 8'00000001 26'-10101----------------0--- -> 8'01000000 16'0000001010000000
  transition: 8'00000001 26'-10101-0--------------1--- -> 8'00000001 16'0000001000000010
  transition: 8'00000001 26'-1010101--------------1--- -> 8'00000001 16'0000001000000010
  transition: 8'00000001 26'-1010111--------------1--- -> 8'01000000 16'0000001010000000
  transition: 8'00000001 26'-10111----------------0--- -> 8'01000000 16'0000001010000000
  transition: 8'00000001 26'-10111-0--------------1--- -> 8'00000001 16'0000001000000010
  transition: 8'00000001 26'-1011101--------------1--- -> 8'00000001 16'0000001000000010
  transition: 8'00000001 26'-1011111--------------1--- -> 8'01000000 16'0000001010000000
  transition: 8'00000001 26'-11101----------------0--- -> 8'01000000 16'0000001010000000
  transition: 8'00000001 26'-11101-0--------------1--- -> 8'00000001 16'0000001000000010
  transition: 8'00000001 26'-1110101--------------1--- -> 8'00000001 16'0000001000000010
  transition: 8'00000001 26'-1110111--------------1--- -> 8'01000000 16'0000001010000000
  transition: 8'00000001 26'-11111----------------0--- -> 8'01000000 16'0000001010000000
  transition: 8'00000001 26'-11111-0--------------1--- -> 8'00000001 16'0000001000000010
  transition: 8'00000001 26'-1111101--------------1--- -> 8'00000001 16'0000001000000010
  transition: 8'00000001 26'-1111111--------------1--- -> 8'01000000 16'0000001010000000
Extracting FSM `\soc.cpu.mem_wordsize' from module `\icebreaker'.
  found $dff cell for state register: $flatten\soc.\cpu.$procdff$6889
  root of input selection tree: $flatten\soc.\cpu.$0\mem_wordsize[1:0]
  found ctrl input: \resetn
  found ctrl input: $flatten\soc.\cpu.$procmux$2634_CMP
  found ctrl input: $flatten\soc.\cpu.$procmux$2635_CMP
  found ctrl input: $flatten\soc.\cpu.$eq$../picorv32.v:1313$1853_Y
  found ctrl input: $flatten\soc.\cpu.$logic_or$../picorv32.v:1857$2012_Y
  found ctrl input: \soc.cpu.mem_do_rdata
  found ctrl input: \soc.cpu.instr_lw
  found ctrl input: $flatten\soc.\cpu.$logic_or$../picorv32.v:1887$2021_Y
  found ctrl input: $flatten\soc.\cpu.$logic_or$../picorv32.v:1886$2020_Y
  found state code: 2'00
  found state code: 2'01
  found state code: 2'10
  found ctrl input: \soc.cpu.mem_do_wdata
  found ctrl input: \soc.cpu.instr_sw
  found ctrl input: \soc.cpu.instr_sh
  found ctrl input: \soc.cpu.instr_sb
  found ctrl output: $flatten\soc.\cpu.$eq$../picorv32.v:1923$2032_Y
  found ctrl output: $flatten\soc.\cpu.$eq$../picorv32.v:1930$2039_Y
  found ctrl output: $flatten\soc.\cpu.$procmux$5393_CMP
  ctrl inputs: { $flatten\soc.\cpu.$procmux$2635_CMP $flatten\soc.\cpu.$procmux$2634_CMP $flatten\soc.\cpu.$logic_or$../picorv32.v:1887$2021_Y $flatten\soc.\cpu.$logic_or$../picorv32.v:1886$2020_Y $flatten\soc.\cpu.$logic_or$../picorv32.v:1857$2012_Y $flatten\soc.\cpu.$eq$../picorv32.v:1313$1853_Y \soc.cpu.instr_sw \soc.cpu.instr_sh \soc.cpu.instr_sb \soc.cpu.instr_lw \soc.cpu.mem_do_wdata \soc.cpu.mem_do_rdata \resetn }
  ctrl outputs: { $flatten\soc.\cpu.$procmux$5393_CMP $flatten\soc.\cpu.$eq$../picorv32.v:1930$2039_Y $flatten\soc.\cpu.$eq$../picorv32.v:1923$2032_Y $flatten\soc.\cpu.$0\mem_wordsize[1:0] }
  transition:       2'00 13'------------0 ->       2'00 5'00100
  transition:       2'00 13'00---0------1 ->       2'00 5'00100
  transition:       2'00 13'-----1------1 ->       2'00 5'00100
  transition:       2'00 13'1---0-------1 ->       2'00 5'00100
  transition:       2'00 13'1---1-000-0-1 ->       2'00 5'00100
  transition:       2'00 13'1---1---1-0-1 ->       2'10 5'00110
  transition:       2'00 13'1---1--1--0-1 ->       2'01 5'00101
  transition:       2'00 13'1---1-1---0-1 ->       2'00 5'00100
  transition:       2'00 13'1---1-----1-1 ->       2'00 5'00100
  transition:       2'00 13'-1--0-------1 ->       2'00 5'00100
  transition:       2'00 13'-1001----0-01 ->       2'00 5'00100
  transition:       2'00 13'-1-11------01 ->       2'10 5'00110
  transition:       2'00 13'-11-1------01 ->       2'01 5'00101
  transition:       2'00 13'-1--1----1-01 ->       2'00 5'00100
  transition:       2'00 13'-1--1------11 ->       2'00 5'00100
  transition:       2'10 13'------------0 ->       2'10 5'10010
  transition:       2'10 13'00---0------1 ->       2'10 5'10010
  transition:       2'10 13'-----1------1 ->       2'00 5'10000
  transition:       2'10 13'1---0-------1 ->       2'10 5'10010
  transition:       2'10 13'1---1-000-0-1 ->       2'10 5'10010
  transition:       2'10 13'1---1---1-0-1 ->       2'10 5'10010
  transition:       2'10 13'1---1--1--0-1 ->       2'01 5'10001
  transition:       2'10 13'1---1-1---0-1 ->       2'00 5'10000
  transition:       2'10 13'1---1-----1-1 ->       2'10 5'10010
  transition:       2'10 13'-1--0-------1 ->       2'10 5'10010
  transition:       2'10 13'-1001----0-01 ->       2'10 5'10010
  transition:       2'10 13'-1-11------01 ->       2'10 5'10010
  transition:       2'10 13'-11-1------01 ->       2'01 5'10001
  transition:       2'10 13'-1--1----1-01 ->       2'00 5'10000
  transition:       2'10 13'-1--1------11 ->       2'10 5'10010
  transition:       2'01 13'------------0 ->       2'01 5'01001
  transition:       2'01 13'00---0------1 ->       2'01 5'01001
  transition:       2'01 13'-----1------1 ->       2'00 5'01000
  transition:       2'01 13'1---0-------1 ->       2'01 5'01001
  transition:       2'01 13'1---1-000-0-1 ->       2'01 5'01001
  transition:       2'01 13'1---1---1-0-1 ->       2'10 5'01010
  transition:       2'01 13'1---1--1--0-1 ->       2'01 5'01001
  transition:       2'01 13'1---1-1---0-1 ->       2'00 5'01000
  transition:       2'01 13'1---1-----1-1 ->       2'01 5'01001
  transition:       2'01 13'-1--0-------1 ->       2'01 5'01001
  transition:       2'01 13'-1001----0-01 ->       2'01 5'01001
  transition:       2'01 13'-1-11------01 ->       2'10 5'01010
  transition:       2'01 13'-11-1------01 ->       2'01 5'01001
  transition:       2'01 13'-1--1----1-01 ->       2'00 5'01000
  transition:       2'01 13'-1--1------11 ->       2'01 5'01001
Extracting FSM `\soc.spimemio.state' from module `\icebreaker'.
  found $dff cell for state register: $flatten\soc.\spimemio.$procdff$7307
  root of input selection tree: $flatten\soc.\spimemio.$0\state[3:0]
  found reset state: 4'0000 (guessed from mux tree)
  found ctrl input: $flatten\soc.\spimemio.$logic_or$spimemio.v:211$537_Y
  found ctrl input: \soc.spimemio.jump
  found ctrl input: $flatten\soc.\spimemio.$procmux$6402_CMP
  found ctrl input: $flatten\soc.\spimemio.$procmux$6405_CMP
  found ctrl input: $flatten\soc.\spimemio.$procmux$6408_CMP
  found ctrl input: $flatten\soc.\spimemio.$procmux$6411_CMP
  found ctrl input: $flatten\soc.\spimemio.$procmux$6414_CMP
  found ctrl input: $flatten\soc.\spimemio.$procmux$6417_CMP
  found ctrl input: $flatten\soc.\spimemio.$procmux$6420_CMP
  found ctrl input: $flatten\soc.\spimemio.$procmux$6425_CMP
  found ctrl input: $flatten\soc.\spimemio.$procmux$6428_CMP
  found ctrl input: $flatten\soc.\spimemio.$procmux$6388_CMP
  found ctrl input: $flatten\soc.\spimemio.$procmux$6434_CMP
  found ctrl input: $flatten\soc.\spimemio.$procmux$6391_CMP
  found ctrl input: $flatten\soc.\spimemio.$procmux$6440_CMP
  found ctrl input: $flatten\soc.\spimemio.$logic_or$spimemio.v:350$555_Y
  found ctrl input: \soc.spimemio.xfer.din_ready
  found state code: 4'1001
  found state code: 4'1100
  found state code: 4'1011
  found state code: 4'1010
  found ctrl input: $flatten\soc.\spimemio.$logic_or$spimemio.v:310$551_Y
  found state code: 4'1000
  found state code: 4'0111
  found ctrl input: $flatten\soc.\spimemio.$logic_and$spimemio.v:282$550_Y
  found state code: 4'0110
  found state code: 4'0101
  found ctrl input: \soc.spimemio.dout_valid
  found state code: 4'0100
  found state code: 4'0011
  found state code: 4'0010
  found state code: 4'0001
  found ctrl input: \soc.spimemio.config_cont
  found state code: 4'0000
  found ctrl output: $flatten\soc.\spimemio.$procmux$6388_CMP
  found ctrl output: $flatten\soc.\spimemio.$procmux$6391_CMP
  found ctrl output: $flatten\soc.\spimemio.$procmux$6402_CMP
  found ctrl output: $flatten\soc.\spimemio.$procmux$6405_CMP
  found ctrl output: $flatten\soc.\spimemio.$procmux$6411_CMP
  found ctrl output: $flatten\soc.\spimemio.$procmux$6408_CMP
  found ctrl output: $flatten\soc.\spimemio.$procmux$6414_CMP
  found ctrl output: $flatten\soc.\spimemio.$procmux$6417_CMP
  found ctrl output: $flatten\soc.\spimemio.$procmux$6420_CMP
  found ctrl output: $flatten\soc.\spimemio.$procmux$6425_CMP
  found ctrl output: $flatten\soc.\spimemio.$procmux$6428_CMP
  found ctrl output: $flatten\soc.\spimemio.$procmux$6434_CMP
  found ctrl output: $flatten\soc.\spimemio.$procmux$6440_CMP
  ctrl inputs: { \soc.spimemio.xfer.din_ready $flatten\soc.\spimemio.$logic_or$spimemio.v:350$555_Y $flatten\soc.\spimemio.$logic_or$spimemio.v:310$551_Y $flatten\soc.\spimemio.$logic_and$spimemio.v:282$550_Y $flatten\soc.\spimemio.$logic_or$spimemio.v:211$537_Y \soc.spimemio.config_cont \soc.spimemio.jump \soc.spimemio.dout_valid }
  ctrl outputs: { $flatten\soc.\spimemio.$procmux$6440_CMP $flatten\soc.\spimemio.$procmux$6434_CMP $flatten\soc.\spimemio.$procmux$6428_CMP $flatten\soc.\spimemio.$procmux$6425_CMP $flatten\soc.\spimemio.$procmux$6420_CMP $flatten\soc.\spimemio.$procmux$6417_CMP $flatten\soc.\spimemio.$procmux$6414_CMP $flatten\soc.\spimemio.$procmux$6411_CMP $flatten\soc.\spimemio.$procmux$6408_CMP $flatten\soc.\spimemio.$procmux$6405_CMP $flatten\soc.\spimemio.$procmux$6402_CMP $flatten\soc.\spimemio.$procmux$6391_CMP $flatten\soc.\spimemio.$procmux$6388_CMP $flatten\soc.\spimemio.$0\state[3:0] }
  transition:     4'0000 8'0---0-0- ->     4'0000 17'10000000000000000
  transition:     4'0000 8'1---0-0- ->     4'0001 17'10000000000000001
  transition:     4'0000 8'----001- ->     4'0100 17'10000000000000100
  transition:     4'0000 8'----011- ->     4'0101 17'10000000000000101
  transition:     4'0000 8'----1--- ->     4'0000 17'10000000000000000
  transition:     4'1000 8'0---0-0- ->     4'1000 17'00000010000001000
  transition:     4'1000 8'1---0-0- ->     4'1001 17'00000010000001001
  transition:     4'1000 8'----001- ->     4'0100 17'00000010000000100
  transition:     4'1000 8'----011- ->     4'0101 17'00000010000000101
  transition:     4'1000 8'----1--- ->     4'0000 17'00000010000000000
  transition:     4'0100 8'0---0-0- ->     4'0100 17'00100000000000100
  transition:     4'0100 8'1---0-0- ->     4'0101 17'00100000000000101
  transition:     4'0100 8'----001- ->     4'0100 17'00100000000000100
  transition:     4'0100 8'----011- ->     4'0101 17'00100000000000101
  transition:     4'0100 8'----1--- ->     4'0000 17'00100000000000000
  transition:     4'1100 8'-0--0-0- ->     4'1100 17'00000000001001100
  transition:     4'1100 8'01--0-0- ->     4'1100 17'00000000001001100
  transition:     4'1100 8'11--0-0- ->     4'1001 17'00000000001001001
  transition:     4'1100 8'----001- ->     4'0100 17'00000000001000100
  transition:     4'1100 8'----011- ->     4'0101 17'00000000001000101
  transition:     4'1100 8'----1--- ->     4'0000 17'00000000001000000
  transition:     4'0010 8'0---0-0- ->     4'0010 17'01000000000000010
  transition:     4'0010 8'1---0-0- ->     4'0011 17'01000000000000011
  transition:     4'0010 8'----001- ->     4'0100 17'01000000000000100
  transition:     4'0010 8'----011- ->     4'0101 17'01000000000000101
  transition:     4'0010 8'----1--- ->     4'0000 17'01000000000000000
  transition:     4'1010 8'0---0-0- ->     4'1010 17'00000000100001010
  transition:     4'1010 8'1---0-0- ->     4'1011 17'00000000100001011
  transition:     4'1010 8'----001- ->     4'0100 17'00000000100000100
  transition:     4'1010 8'----011- ->     4'0101 17'00000000100000101
  transition:     4'1010 8'----1--- ->     4'0000 17'00000000100000000
  transition:     4'0110 8'0---0-0- ->     4'0110 17'00001000000000110
  transition:     4'0110 8'1---0-0- ->     4'0111 17'00001000000000111
  transition:     4'0110 8'----001- ->     4'0100 17'00001000000000100
  transition:     4'0110 8'----011- ->     4'0101 17'00001000000000101
  transition:     4'0110 8'----1--- ->     4'0000 17'00001000000000000
  transition:     4'0001 8'----0-00 ->     4'0001 17'00000000000100001
  transition:     4'0001 8'----0-01 ->     4'0010 17'00000000000100010
  transition:     4'0001 8'----001- ->     4'0100 17'00000000000100100
  transition:     4'0001 8'----011- ->     4'0101 17'00000000000100101
  transition:     4'0001 8'----1--- ->     4'0000 17'00000000000100000
  transition:     4'1001 8'0---0-0- ->     4'1001 17'00000001000001001
  transition:     4'1001 8'1---0-0- ->     4'1010 17'00000001000001010
  transition:     4'1001 8'----001- ->     4'0100 17'00000001000000100
  transition:     4'1001 8'----011- ->     4'0101 17'00000001000000101
  transition:     4'1001 8'----1--- ->     4'0000 17'00000001000000000
  transition:     4'0101 8'---00-0- ->     4'0101 17'00010000000000101
  transition:     4'0101 8'0--10-0- ->     4'0101 17'00010000000000101
  transition:     4'0101 8'1--10-0- ->     4'0110 17'00010000000000110
  transition:     4'0101 8'----001- ->     4'0100 17'00010000000000100
  transition:     4'0101 8'----011- ->     4'0101 17'00010000000000101
  transition:     4'0101 8'----1--- ->     4'0000 17'00010000000000000
  transition:     4'0011 8'----0-00 ->     4'0011 17'00000000000010011
  transition:     4'0011 8'----0-01 ->     4'0100 17'00000000000010100
  transition:     4'0011 8'----001- ->     4'0100 17'00000000000010100
  transition:     4'0011 8'----011- ->     4'0101 17'00000000000010101
  transition:     4'0011 8'----1--- ->     4'0000 17'00000000000010000
  transition:     4'1011 8'0---0-0- ->     4'1011 17'00000000010001011
  transition:     4'1011 8'1---0-0- ->     4'1100 17'00000000010001100
  transition:     4'1011 8'----001- ->     4'0100 17'00000000010000100
  transition:     4'1011 8'----011- ->     4'0101 17'00000000010000101
  transition:     4'1011 8'----1--- ->     4'0000 17'00000000010000000
  transition:     4'0111 8'0---0-0- ->     4'0111 17'00000100000000111
  transition:     4'0111 8'1-0-0-0- ->     4'1001 17'00000100000001001
  transition:     4'0111 8'1-1-0-0- ->     4'1000 17'00000100000001000
  transition:     4'0111 8'----001- ->     4'0100 17'00000100000000100
  transition:     4'0111 8'----011- ->     4'0101 17'00000100000000101
  transition:     4'0111 8'----1--- ->     4'0000 17'00000100000000000

7.12.3. Executing FSM_OPT pass (simple optimizations of FSMs).
Optimizing FSM `$fsm$\soc.spimemio.state$7701' from module `\icebreaker'.
Optimizing FSM `$fsm$\soc.cpu.mem_wordsize$7696' from module `\icebreaker'.
Optimizing FSM `$fsm$\soc.cpu.cpu_state$7686' from module `\icebreaker'.
  Merging pattern 26'-10101----------------1--- and 26'-10111----------------1--- from group (0 0 16'1000000100000000).
  Merging pattern 26'-01101----------------1--- and 26'-01111----------------1--- from group (0 0 16'1000000100000000).
  Merging pattern 26'-11101----------------1--- and 26'-11111----------------1--- from group (0 0 16'1000000100000000).
  Merging pattern 26'-10111----------------1--- and 26'-10101----------------1--- from group (0 0 16'1000000100000000).
  Merging pattern 26'-01111----------------1--- and 26'-01101----------------1--- from group (0 0 16'1000000100000000).
  Merging pattern 26'-11111----------------1--- and 26'-11101----------------1--- from group (0 0 16'1000000100000000).
  Merging pattern 26'-101-1----------------1--- and 26'-111-1----------------1--- from group (0 0 16'1000000100000000).
  Merging pattern 26'-111-1----------------1--- and 26'-101-1----------------1--- from group (0 0 16'1000000100000000).
  Merging pattern 26'-1-1-0----------------1--- and 26'-1-1-1----------------1--- from group (0 0 16'1000000100000000).
  Merging pattern 26'-1-1-1----------------1--- and 26'-1-1-0----------------1--- from group (0 0 16'1000000100000000).
  Merging pattern 26'-10101----------------0--- and 26'-10111----------------0--- from group (0 1 16'1000000010000000).
  Merging pattern 26'-01101----------------0--- and 26'-01111----------------0--- from group (0 1 16'1000000010000000).
  Merging pattern 26'-11101----------------0--- and 26'-11111----------------0--- from group (0 1 16'1000000010000000).
  Merging pattern 26'-10111----------------0--- and 26'-10101----------------0--- from group (0 1 16'1000000010000000).
  Merging pattern 26'-01111----------------0--- and 26'-01101----------------0--- from group (0 1 16'1000000010000000).
  Merging pattern 26'-11111----------------0--- and 26'-11101----------------0--- from group (0 1 16'1000000010000000).
  Merging pattern 26'-101-1----------------0--- and 26'-111-1----------------0--- from group (0 1 16'1000000010000000).
  Merging pattern 26'-111-1----------------0--- and 26'-101-1----------------0--- from group (0 1 16'1000000010000000).
  Merging pattern 26'-1-1-0----------------0--- and 26'-1-1-1----------------0--- from group (0 1 16'1000000010000000).
  Merging pattern 26'-1-1-1----------------0--- and 26'-1-1-0----------------0--- from group (0 1 16'1000000010000000).
  Merging pattern 26'-10101----------------0--- and 26'-10111----------------0--- from group (1 1 16'0000000010000001).
  Merging pattern 26'-01101----------------0--- and 26'-01111----------------0--- from group (1 1 16'0000000010000001).
  Merging pattern 26'-11101----------------0--- and 26'-11111----------------0--- from group (1 1 16'0000000010000001).
  Merging pattern 26'-10111----------------0--- and 26'-10101----------------0--- from group (1 1 16'0000000010000001).
  Merging pattern 26'-01111----------------0--- and 26'-01101----------------0--- from group (1 1 16'0000000010000001).
  Merging pattern 26'-11111----------------0--- and 26'-11101----------------0--- from group (1 1 16'0000000010000001).
  Merging pattern 26'-10101------00----1-1-1--- and 26'-10111------00----1-1-1--- from group (1 1 16'0000000010000001).
  Merging pattern 26'-01101------00----1-1-1--- and 26'-01111------00----1-1-1--- from group (1 1 16'0000000010000001).
  Merging pattern 26'-11101------00----1-1-1--- and 26'-11111------00----1-1-1--- from group (1 1 16'0000000010000001).
  Merging pattern 26'-10111------00----1-1-1--- and 26'-10101------00----1-1-1--- from group (1 1 16'0000000010000001).
  Merging pattern 26'-01111------00----1-1-1--- and 26'-01101------00----1-1-1--- from group (1 1 16'0000000010000001).
  Merging pattern 26'-11111------00----1-1-1--- and 26'-11101------00----1-1-1--- from group (1 1 16'0000000010000001).
  Merging pattern 26'-10101------00----0---1--- and 26'-10111------00----0---1--- from group (1 1 16'0000000010000001).
  Merging pattern 26'-01101------00----0---1--- and 26'-01111------00----0---1--- from group (1 1 16'0000000010000001).
  Merging pattern 26'-11101------00----0---1--- and 26'-11111------00----0---1--- from group (1 1 16'0000000010000001).
  Merging pattern 26'-10111------00----0---1--- and 26'-10101------00----0---1--- from group (1 1 16'0000000010000001).
  Merging pattern 26'-01111------00----0---1--- and 26'-01101------00----0---1--- from group (1 1 16'0000000010000001).
  Merging pattern 26'-11111------00----0---1--- and 26'-11101------00----0---1--- from group (1 1 16'0000000010000001).
  Merging pattern 26'-10101------10--------1--- and 26'-10111------10--------1--- from group (1 1 16'0000000010000001).
  Merging pattern 26'-01101------10--------1--- and 26'-01111------10--------1--- from group (1 1 16'0000000010000001).
  Merging pattern 26'-11101------10--------1--- and 26'-11111------10--------1--- from group (1 1 16'0000000010000001).
  Merging pattern 26'-10111------10--------1--- and 26'-10101------10--------1--- from group (1 1 16'0000000010000001).
  Merging pattern 26'-01111------10--------1--- and 26'-01101------10--------1--- from group (1 1 16'0000000010000001).
  Merging pattern 26'-11111------10--------1--- and 26'-11101------10--------1--- from group (1 1 16'0000000010000001).
  Merging pattern 26'-10101-------1--------1--- and 26'-10111-------1--------1--- from group (1 1 16'0000000010000001).
  Merging pattern 26'-01101-------1--------1--- and 26'-01111-------1--------1--- from group (1 1 16'0000000010000001).
  Merging pattern 26'-11101-------1--------1--- and 26'-11111-------1--------1--- from group (1 1 16'0000000010000001).
  Merging pattern 26'-10111-------1--------1--- and 26'-10101-------1--------1--- from group (1 1 16'0000000010000001).
  Merging pattern 26'-01111-------1--------1--- and 26'-01101-------1--------1--- from group (1 1 16'0000000010000001).
  Merging pattern 26'-11111-------1--------1--- and 26'-11101-------1--------1--- from group (1 1 16'0000000010000001).
  Merging pattern 26'-101-1----------------0--- and 26'-111-1----------------0--- from group (1 1 16'0000000010000001).
  Merging pattern 26'-111-1----------------0--- and 26'-101-1----------------0--- from group (1 1 16'0000000010000001).
  Merging pattern 26'-101-1------00----1-1-1--- and 26'-111-1------00----1-1-1--- from group (1 1 16'0000000010000001).
  Merging pattern 26'-111-1------00----1-1-1--- and 26'-101-1------00----1-1-1--- from group (1 1 16'0000000010000001).
  Merging pattern 26'-101-1------00----0---1--- and 26'-111-1------00----0---1--- from group (1 1 16'0000000010000001).
  Merging pattern 26'-111-1------00----0---1--- and 26'-101-1------00----0---1--- from group (1 1 16'0000000010000001).
  Merging pattern 26'-101-1------10--------1--- and 26'-111-1------10--------1--- from group (1 1 16'0000000010000001).
  Merging pattern 26'-111-1------10--------1--- and 26'-101-1------10--------1--- from group (1 1 16'0000000010000001).
  Merging pattern 26'-101-1-------1--------1--- and 26'-111-1-------1--------1--- from group (1 1 16'0000000010000001).
  Merging pattern 26'-111-1-------1--------1--- and 26'-101-1-------1--------1--- from group (1 1 16'0000000010000001).
  Merging pattern 26'-1-1-0----------------0--- and 26'-1-1-1----------------0--- from group (1 1 16'0000000010000001).
  Merging pattern 26'-1-1-1----------------0--- and 26'-1-1-0----------------0--- from group (1 1 16'0000000010000001).
  Merging pattern 26'-1-1-0------00----1-1-1--- and 26'-1-1-1------00----1-1-1--- from group (1 1 16'0000000010000001).
  Merging pattern 26'-1-1-1------00----1-1-1--- and 26'-1-1-0------00----1-1-1--- from group (1 1 16'0000000010000001).
  Merging pattern 26'-1-1-0------00----0---1--- and 26'-1-1-1------00----0---1--- from group (1 1 16'0000000010000001).
  Merging pattern 26'-1-1-1------00----0---1--- and 26'-1-1-0------00----0---1--- from group (1 1 16'0000000010000001).
  Merging pattern 26'-1-1-0------10--------1--- and 26'-1-1-1------10--------1--- from group (1 1 16'0000000010000001).
  Merging pattern 26'-1-1-1------10--------1--- and 26'-1-1-0------10--------1--- from group (1 1 16'0000000010000001).
  Merging pattern 26'-1-1-0-------1--------1--- and 26'-1-1-1-------1--------1--- from group (1 1 16'0000000010000001).
  Merging pattern 26'-1-1-1-------1--------1--- and 26'-1-1-0-------1--------1--- from group (1 1 16'0000000010000001).
  Merging pattern 26'-10101------00----1-0-1--- and 26'-10111------00----1-0-1--- from group (1 2 16'0000000001000001).
  Merging pattern 26'-01101------00----1-0-1--- and 26'-01111------00----1-0-1--- from group (1 2 16'0000000001000001).
  Merging pattern 26'-11101------00----1-0-1--- and 26'-11111------00----1-0-1--- from group (1 2 16'0000000001000001).
  Merging pattern 26'-10111------00----1-0-1--- and 26'-10101------00----1-0-1--- from group (1 2 16'0000000001000001).
  Merging pattern 26'-01111------00----1-0-1--- and 26'-01101------00----1-0-1--- from group (1 2 16'0000000001000001).
  Merging pattern 26'-11111------00----1-0-1--- and 26'-11101------00----1-0-1--- from group (1 2 16'0000000001000001).
  Merging pattern 26'-101-1------00----1-0-1--- and 26'-111-1------00----1-0-1--- from group (1 2 16'0000000001000001).
  Merging pattern 26'-111-1------00----1-0-1--- and 26'-101-1------00----1-0-1--- from group (1 2 16'0000000001000001).
  Merging pattern 26'-1-1-0------00----1-0-1--- and 26'-1-1-1------00----1-0-1--- from group (1 2 16'0000000001000001).
  Merging pattern 26'-1-1-1------00----1-0-1--- and 26'-1-1-0------00----1-0-1--- from group (1 2 16'0000000001000001).
  Merging pattern 26'010101----01-------1--1--- and 26'010111----01-------1--1--- from group (2 0 16'0100000100000000).
  Merging pattern 26'001101----01-------1--1--- and 26'001111----01-------1--1--- from group (2 0 16'0100000100000000).
  Merging pattern 26'011101----01-------1--1--- and 26'011111----01-------1--1--- from group (2 0 16'0100000100000000).
  Merging pattern 26'010111----01-------1--1--- and 26'010101----01-------1--1--- from group (2 0 16'0100000100000000).
  Merging pattern 26'001111----01-------1--1--- and 26'001101----01-------1--1--- from group (2 0 16'0100000100000000).
  Merging pattern 26'011111----01-------1--1--- and 26'011101----01-------1--1--- from group (2 0 16'0100000100000000).
  Merging pattern 26'0101-1----01-------1--1--- and 26'0111-1----01-------1--1--- from group (2 0 16'0100000100000000).
  Merging pattern 26'0111-1----01-------1--1--- and 26'0101-1----01-------1--1--- from group (2 0 16'0100000100000000).
  Merging pattern 26'01-1-0----01-------1--1--- and 26'01-1-1----01-------1--1--- from group (2 0 16'0100000100000000).
  Merging pattern 26'01-1-1----01-------1--1--- and 26'01-1-0----01-------1--1--- from group (2 0 16'0100000100000000).
  Merging pattern 26'-10101----------------11-- and 26'-10111----------------11-- from group (2 1 16'0100000010000000).
  Merging pattern 26'-01101----------------11-- and 26'-01111----------------11-- from group (2 1 16'0100000010000000).
  Merging pattern 26'-11101----------------11-- and 26'-11111----------------11-- from group (2 1 16'0100000010000000).
  Merging pattern 26'-10111----------------11-- and 26'-10101----------------11-- from group (2 1 16'0100000010000000).
  Merging pattern 26'-01111----------------11-- and 26'-01101----------------11-- from group (2 1 16'0100000010000000).
  Merging pattern 26'-11111----------------11-- and 26'-11101----------------11-- from group (2 1 16'0100000010000000).
  Merging pattern 26'-10101----------------0--- and 26'-10111----------------0--- from group (2 1 16'0100000010000000).
  Merging pattern 26'-01101----------------0--- and 26'-01111----------------0--- from group (2 1 16'0100000010000000).
  Merging pattern 26'-11101----------------0--- and 26'-11111----------------0--- from group (2 1 16'0100000010000000).
  Merging pattern 26'-10111----------------0--- and 26'-10101----------------0--- from group (2 1 16'0100000010000000).
  Merging pattern 26'-01111----------------0--- and 26'-01101----------------0--- from group (2 1 16'0100000010000000).
  Merging pattern 26'-11111----------------0--- and 26'-11101----------------0--- from group (2 1 16'0100000010000000).
  Merging pattern 26'010101----11-------1--1--- and 26'010111----11-------1--1--- from group (2 1 16'0100000010000000).
  Merging pattern 26'001101----11-------1--1--- and 26'001111----11-------1--1--- from group (2 1 16'0100000010000000).
  Merging pattern 26'011101----11-------1--1--- and 26'011111----11-------1--1--- from group (2 1 16'0100000010000000).
  Merging pattern 26'010111----11-------1--1--- and 26'010101----11-------1--1--- from group (2 1 16'0100000010000000).
  Merging pattern 26'001111----11-------1--1--- and 26'001101----11-------1--1--- from group (2 1 16'0100000010000000).
  Merging pattern 26'011111----11-------1--1--- and 26'011101----11-------1--1--- from group (2 1 16'0100000010000000).
  Merging pattern 26'110101-------------1--1--- and 26'110111-------------1--1--- from group (2 1 16'0100000010000000).
  Merging pattern 26'101101-------------1--1--- and 26'101111-------------1--1--- from group (2 1 16'0100000010000000).
  Merging pattern 26'111101-------------1--1--- and 26'111111-------------1--1--- from group (2 1 16'0100000010000000).
  Merging pattern 26'110111-------------1--1--- and 26'110101-------------1--1--- from group (2 1 16'0100000010000000).
  Merging pattern 26'101111-------------1--1--- and 26'101101-------------1--1--- from group (2 1 16'0100000010000000).
  Merging pattern 26'111111-------------1--1--- and 26'111101-------------1--1--- from group (2 1 16'0100000010000000).
  Merging pattern 26'-101-1----------------11-- and 26'-111-1----------------11-- from group (2 1 16'0100000010000000).
  Merging pattern 26'-111-1----------------11-- and 26'-101-1----------------11-- from group (2 1 16'0100000010000000).
  Merging pattern 26'-101-1----------------0--- and 26'-111-1----------------0--- from group (2 1 16'0100000010000000).
  Merging pattern 26'-111-1----------------0--- and 26'-101-1----------------0--- from group (2 1 16'0100000010000000).
  Merging pattern 26'0101-1----11-------1--1--- and 26'0111-1----11-------1--1--- from group (2 1 16'0100000010000000).
  Merging pattern 26'0111-1----11-------1--1--- and 26'0101-1----11-------1--1--- from group (2 1 16'0100000010000000).
  Merging pattern 26'1101-1-------------1--1--- and 26'1111-1-------------1--1--- from group (2 1 16'0100000010000000).
  Merging pattern 26'1111-1-------------1--1--- and 26'1101-1-------------1--1--- from group (2 1 16'0100000010000000).
  Merging pattern 26'-1-1-0----------------11-- and 26'-1-1-1----------------11-- from group (2 1 16'0100000010000000).
  Merging pattern 26'-1-1-1----------------11-- and 26'-1-1-0----------------11-- from group (2 1 16'0100000010000000).
  Merging pattern 26'-1-1-0----------------0--- and 26'-1-1-1----------------0--- from group (2 1 16'0100000010000000).
  Merging pattern 26'-1-1-1----------------0--- and 26'-1-1-0----------------0--- from group (2 1 16'0100000010000000).
  Merging pattern 26'01-1-0----11-------1--1--- and 26'01-1-1----11-------1--1--- from group (2 1 16'0100000010000000).
  Merging pattern 26'01-1-1----11-------1--1--- and 26'01-1-0----11-------1--1--- from group (2 1 16'0100000010000000).
  Merging pattern 26'11-1-0-------------1--1--- and 26'11-1-1-------------1--1--- from group (2 1 16'0100000010000000).
  Merging pattern 26'11-1-1-------------1--1--- and 26'11-1-0-------------1--1--- from group (2 1 16'0100000010000000).
  Merging pattern 26'010101-----0-------1--1--- and 26'010111-----0-------1--1--- from group (2 2 16'0100000001000000).
  Merging pattern 26'001101-----0-------1--1--- and 26'001111-----0-------1--1--- from group (2 2 16'0100000001000000).
  Merging pattern 26'011101-----0-------1--1--- and 26'011111-----0-------1--1--- from group (2 2 16'0100000001000000).
  Merging pattern 26'010111-----0-------1--1--- and 26'010101-----0-------1--1--- from group (2 2 16'0100000001000000).
  Merging pattern 26'001111-----0-------1--1--- and 26'001101-----0-------1--1--- from group (2 2 16'0100000001000000).
  Merging pattern 26'011111-----0-------1--1--- and 26'011101-----0-------1--1--- from group (2 2 16'0100000001000000).
  Merging pattern 26'0101-1-----0-------1--1--- and 26'0111-1-----0-------1--1--- from group (2 2 16'0100000001000000).
  Merging pattern 26'0111-1-----0-------1--1--- and 26'0101-1-----0-------1--1--- from group (2 2 16'0100000001000000).
  Merging pattern 26'01-1-0-----0-------1--1--- and 26'01-1-1-----0-------1--1--- from group (2 2 16'0100000001000000).
  Merging pattern 26'01-1-1-----0-------1--1--- and 26'01-1-0-----0-------1--1--- from group (2 2 16'0100000001000000).
  Merging pattern 26'-10101---0-----000-0--100- and 26'-10111---0-----000-0--100- from group (2 3 16'0100000000010000).
  Merging pattern 26'-01101---0-----000-0--100- and 26'-01111---0-----000-0--100- from group (2 3 16'0100000000010000).
  Merging pattern 26'-11101---0-----000-0--100- and 26'-11111---0-----000-0--100- from group (2 3 16'0100000000010000).
  Merging pattern 26'-10111---0-----000-0--100- and 26'-10101---0-----000-0--100- from group (2 3 16'0100000000010000).
  Merging pattern 26'-01111---0-----000-0--100- and 26'-01101---0-----000-0--100- from group (2 3 16'0100000000010000).
  Merging pattern 26'-11111---0-----000-0--100- and 26'-11101---0-----000-0--100- from group (2 3 16'0100000000010000).
  Merging pattern 26'-10101----------------1-1- and 26'-10111----------------1-1- from group (2 3 16'0100000000010000).
  Merging pattern 26'-01101----------------1-1- and 26'-01111----------------1-1- from group (2 3 16'0100000000010000).
  Merging pattern 26'-11101----------------1-1- and 26'-11111----------------1-1- from group (2 3 16'0100000000010000).
  Merging pattern 26'-10111----------------1-1- and 26'-10101----------------1-1- from group (2 3 16'0100000000010000).
  Merging pattern 26'-01111----------------1-1- and 26'-01101----------------1-1- from group (2 3 16'0100000000010000).
  Merging pattern 26'-11111----------------1-1- and 26'-11101----------------1-1- from group (2 3 16'0100000000010000).
  Merging pattern 26'-101-1---0-----000-0--100- and 26'-111-1---0-----000-0--100- from group (2 3 16'0100000000010000).
  Merging pattern 26'-111-1---0-----000-0--100- and 26'-101-1---0-----000-0--100- from group (2 3 16'0100000000010000).
  Merging pattern 26'-101-1----------------1-1- and 26'-111-1----------------1-1- from group (2 3 16'0100000000010000).
  Merging pattern 26'-111-1----------------1-1- and 26'-101-1----------------1-1- from group (2 3 16'0100000000010000).
  Merging pattern 26'-1-1-0---0-----000-0--100- and 26'-1-1-1---0-----000-0--100- from group (2 3 16'0100000000010000).
  Merging pattern 26'-1-1-1---0-----000-0--100- and 26'-1-1-0---0-----000-0--100- from group (2 3 16'0100000000010000).
  Merging pattern 26'-1-1-0----------------1-1- and 26'-1-1-1----------------1-1- from group (2 3 16'0100000000010000).
  Merging pattern 26'-1-1-1----------------1-1- and 26'-1-1-0----------------1-1- from group (2 3 16'0100000000010000).
  Merging pattern 26'-10101---0-----1-0----100- and 26'-10111---0-----1-0----100- from group (2 4 16'0100000000001000).
  Merging pattern 26'-01101---0-----1-0----100- and 26'-01111---0-----1-0----100- from group (2 4 16'0100000000001000).
  Merging pattern 26'-11101---0-----1-0----100- and 26'-11111---0-----1-0----100- from group (2 4 16'0100000000001000).
  Merging pattern 26'-10111---0-----1-0----100- and 26'-10101---0-----1-0----100- from group (2 4 16'0100000000001000).
  Merging pattern 26'-01111---0-----1-0----100- and 26'-01101---0-----1-0----100- from group (2 4 16'0100000000001000).
  Merging pattern 26'-11111---0-----1-0----100- and 26'-11101---0-----1-0----100- from group (2 4 16'0100000000001000).
  Merging pattern 26'-10101-----------1----1--- and 26'-10111-----------1----1--- from group (2 4 16'0100000000001000).
  Merging pattern 26'-01101-----------1----1--- and 26'-01111-----------1----1--- from group (2 4 16'0100000000001000).
  Merging pattern 26'-11101-----------1----1--- and 26'-11111-----------1----1--- from group (2 4 16'0100000000001000).
  Merging pattern 26'-10111-----------1----1--- and 26'-10101-----------1----1--- from group (2 4 16'0100000000001000).
  Merging pattern 26'-01111-----------1----1--- and 26'-01101-----------1----1--- from group (2 4 16'0100000000001000).
  Merging pattern 26'-11111-----------1----1--- and 26'-11101-----------1----1--- from group (2 4 16'0100000000001000).
  Merging pattern 26'-101-1---0-----1-0----100- and 26'-111-1---0-----1-0----100- from group (2 4 16'0100000000001000).
  Merging pattern 26'-111-1---0-----1-0----100- and 26'-101-1---0-----1-0----100- from group (2 4 16'0100000000001000).
  Merging pattern 26'-101-1-----------1----1--- and 26'-111-1-----------1----1--- from group (2 4 16'0100000000001000).
  Merging pattern 26'-111-1-----------1----1--- and 26'-101-1-----------1----1--- from group (2 4 16'0100000000001000).
  Merging pattern 26'-1-1-0---0-----1-0----100- and 26'-1-1-1---0-----1-0----100- from group (2 4 16'0100000000001000).
  Merging pattern 26'-1-1-1---0-----1-0----100- and 26'-1-1-0---0-----1-0----100- from group (2 4 16'0100000000001000).
  Merging pattern 26'-1-1-0-----------1----1--- and 26'-1-1-1-----------1----1--- from group (2 4 16'0100000000001000).
  Merging pattern 26'-1-1-1-----------1----1--- and 26'-1-1-0-----------1----1--- from group (2 4 16'0100000000001000).
  Merging pattern 26'-10101---0------10----100- and 26'-10111---0------10----100- from group (2 5 16'0100000000000100).
  Merging pattern 26'-01101---0------10----100- and 26'-01111---0------10----100- from group (2 5 16'0100000000000100).
  Merging pattern 26'-11101---0------10----100- and 26'-11111---0------10----100- from group (2 5 16'0100000000000100).
  Merging pattern 26'-10111---0------10----100- and 26'-10101---0------10----100- from group (2 5 16'0100000000000100).
  Merging pattern 26'-01111---0------10----100- and 26'-01101---0------10----100- from group (2 5 16'0100000000000100).
  Merging pattern 26'-11111---0------10----100- and 26'-11101---0------10----100- from group (2 5 16'0100000000000100).
  Merging pattern 26'-101-1---0------10----100- and 26'-111-1---0------10----100- from group (2 5 16'0100000000000100).
  Merging pattern 26'-111-1---0------10----100- and 26'-101-1---0------10----100- from group (2 5 16'0100000000000100).
  Merging pattern 26'-1-1-0---0------10----100- and 26'-1-1-1---0------10----100- from group (2 5 16'0100000000000100).
  Merging pattern 26'-1-1-1---0------10----100- and 26'-1-1-0---0------10----100- from group (2 5 16'0100000000000100).
  Merging pattern 26'-10101---1------------1--- and 26'-10111---1------------1--- from group (2 6 16'0100000000000010).
  Merging pattern 26'-01101---1------------1--- and 26'-01111---1------------1--- from group (2 6 16'0100000000000010).
  Merging pattern 26'-11101---1------------1--- and 26'-11111---1------------1--- from group (2 6 16'0100000000000010).
  Merging pattern 26'-10111---1------------1--- and 26'-10101---1------------1--- from group (2 6 16'0100000000000010).
  Merging pattern 26'-01111---1------------1--- and 26'-01101---1------------1--- from group (2 6 16'0100000000000010).
  Merging pattern 26'-11111---1------------1--- and 26'-11101---1------------1--- from group (2 6 16'0100000000000010).
  Merging pattern 26'-101-1---1------------1--- and 26'-111-1---1------------1--- from group (2 6 16'0100000000000010).
  Merging pattern 26'-111-1---1------------1--- and 26'-101-1---1------------1--- from group (2 6 16'0100000000000010).
  Merging pattern 26'-1-1-0---1------------1--- and 26'-1-1-1---1------------1--- from group (2 6 16'0100000000000010).
  Merging pattern 26'-1-1-1---1------------1--- and 26'-1-1-0---1------------1--- from group (2 6 16'0100000000000010).
  Merging pattern 26'-10101----------------0--- and 26'-10111----------------0--- from group (3 1 16'0001000010000000).
  Merging pattern 26'-01101----------------0--- and 26'-01111----------------0--- from group (3 1 16'0001000010000000).
  Merging pattern 26'-11101----------------0--- and 26'-11111----------------0--- from group (3 1 16'0001000010000000).
  Merging pattern 26'-10111----------------0--- and 26'-10101----------------0--- from group (3 1 16'0001000010000000).
  Merging pattern 26'-01111----------------0--- and 26'-01101----------------0--- from group (3 1 16'0001000010000000).
  Merging pattern 26'-11111----------------0--- and 26'-11101----------------0--- from group (3 1 16'0001000010000000).
  Merging pattern 26'-10101--------1------11--- and 26'-10111--------1------11--- from group (3 1 16'0001000010000000).
  Merging pattern 26'-01101--------1------11--- and 26'-01111--------1------11--- from group (3 1 16'0001000010000000).
  Merging pattern 26'-11101--------1------11--- and 26'-11111--------1------11--- from group (3 1 16'0001000010000000).
  Merging pattern 26'-10111--------1------11--- and 26'-10101--------1------11--- from group (3 1 16'0001000010000000).
  Merging pattern 26'-01111--------1------11--- and 26'-01101--------1------11--- from group (3 1 16'0001000010000000).
  Merging pattern 26'-11111--------1------11--- and 26'-11101--------1------11--- from group (3 1 16'0001000010000000).
  Merging pattern 26'-10101--------0-------1--- and 26'-10111--------0-------1--- from group (3 1 16'0001000010000000).
  Merging pattern 26'-01101--------0-------1--- and 26'-01111--------0-------1--- from group (3 1 16'0001000010000000).
  Merging pattern 26'-11101--------0-------1--- and 26'-11111--------0-------1--- from group (3 1 16'0001000010000000).
  Merging pattern 26'-10111--------0-------1--- and 26'-10101--------0-------1--- from group (3 1 16'0001000010000000).
  Merging pattern 26'-01111--------0-------1--- and 26'-01101--------0-------1--- from group (3 1 16'0001000010000000).
  Merging pattern 26'-11111--------0-------1--- and 26'-11101--------0-------1--- from group (3 1 16'0001000010000000).
  Merging pattern 26'-101-1----------------0--- and 26'-111-1----------------0--- from group (3 1 16'0001000010000000).
  Merging pattern 26'-111-1----------------0--- and 26'-101-1----------------0--- from group (3 1 16'0001000010000000).
  Merging pattern 26'-101-1--------1------11--- and 26'-111-1--------1------11--- from group (3 1 16'0001000010000000).
  Merging pattern 26'-111-1--------1------11--- and 26'-101-1--------1------11--- from group (3 1 16'0001000010000000).
  Merging pattern 26'-101-1--------0-------1--- and 26'-111-1--------0-------1--- from group (3 1 16'0001000010000000).
  Merging pattern 26'-111-1--------0-------1--- and 26'-101-1--------0-------1--- from group (3 1 16'0001000010000000).
  Merging pattern 26'-1-1-0----------------0--- and 26'-1-1-1----------------0--- from group (3 1 16'0001000010000000).
  Merging pattern 26'-1-1-1----------------0--- and 26'-1-1-0----------------0--- from group (3 1 16'0001000010000000).
  Merging pattern 26'-1-1-0--------1------11--- and 26'-1-1-1--------1------11--- from group (3 1 16'0001000010000000).
  Merging pattern 26'-1-1-1--------1------11--- and 26'-1-1-0--------1------11--- from group (3 1 16'0001000010000000).
  Merging pattern 26'-1-1-0--------0-------1--- and 26'-1-1-1--------0-------1--- from group (3 1 16'0001000010000000).
  Merging pattern 26'-1-1-1--------0-------1--- and 26'-1-1-0--------0-------1--- from group (3 1 16'0001000010000000).
  Merging pattern 26'-10101--------1------01--- and 26'-10111--------1------01--- from group (3 3 16'0001000000010000).
  Merging pattern 26'-01101--------1------01--- and 26'-01111--------1------01--- from group (3 3 16'0001000000010000).
  Merging pattern 26'-11101--------1------01--- and 26'-11111--------1------01--- from group (3 3 16'0001000000010000).
  Merging pattern 26'-10111--------1------01--- and 26'-10101--------1------01--- from group (3 3 16'0001000000010000).
  Merging pattern 26'-01111--------1------01--- and 26'-01101--------1------01--- from group (3 3 16'0001000000010000).
  Merging pattern 26'-11111--------1------01--- and 26'-11101--------1------01--- from group (3 3 16'0001000000010000).
  Merging pattern 26'-101-1--------1------01--- and 26'-111-1--------1------01--- from group (3 3 16'0001000000010000).
  Merging pattern 26'-111-1--------1------01--- and 26'-101-1--------1------01--- from group (3 3 16'0001000000010000).
  Merging pattern 26'-1-1-0--------1------01--- and 26'-1-1-1--------1------01--- from group (3 3 16'0001000000010000).
  Merging pattern 26'-1-1-1--------1------01--- and 26'-1-1-0--------1------01--- from group (3 3 16'0001000000010000).
  Merging pattern 26'-10101----------------0--- and 26'-10111----------------0--- from group (4 1 16'0000100010000000).
  Merging pattern 26'-01101----------------0--- and 26'-01111----------------0--- from group (4 1 16'0000100010000000).
  Merging pattern 26'-11101----------------0--- and 26'-11111----------------0--- from group (4 1 16'0000100010000000).
  Merging pattern 26'-10111----------------0--- and 26'-10101----------------0--- from group (4 1 16'0000100010000000).
  Merging pattern 26'-01111----------------0--- and 26'-01101----------------0--- from group (4 1 16'0000100010000000).
  Merging pattern 26'-11111----------------0--- and 26'-11101----------------0--- from group (4 1 16'0000100010000000).
  Merging pattern 26'-10101--1-------------1--- and 26'-10111--1-------------1--- from group (4 1 16'0000100010000000).
  Merging pattern 26'-01101--1-------------1--- and 26'-01111--1-------------1--- from group (4 1 16'0000100010000000).
  Merging pattern 26'-11101--1-------------1--- and 26'-11111--1-------------1--- from group (4 1 16'0000100010000000).
  Merging pattern 26'-10111--1-------------1--- and 26'-10101--1-------------1--- from group (4 1 16'0000100010000000).
  Merging pattern 26'-01111--1-------------1--- and 26'-01101--1-------------1--- from group (4 1 16'0000100010000000).
  Merging pattern 26'-11111--1-------------1--- and 26'-11101--1-------------1--- from group (4 1 16'0000100010000000).
  Merging pattern 26'-101-1----------------0--- and 26'-111-1----------------0--- from group (4 1 16'0000100010000000).
  Merging pattern 26'-111-1----------------0--- and 26'-101-1----------------0--- from group (4 1 16'0000100010000000).
  Merging pattern 26'-101-1--1-------------1--- and 26'-111-1--1-------------1--- from group (4 1 16'0000100010000000).
  Merging pattern 26'-111-1--1-------------1--- and 26'-101-1--1-------------1--- from group (4 1 16'0000100010000000).
  Merging pattern 26'-1-1-0----------------0--- and 26'-1-1-1----------------0--- from group (4 1 16'0000100010000000).
  Merging pattern 26'-1-1-1----------------0--- and 26'-1-1-0----------------0--- from group (4 1 16'0000100010000000).
  Merging pattern 26'-1-1-0--1-------------1--- and 26'-1-1-1--1-------------1--- from group (4 1 16'0000100010000000).
  Merging pattern 26'-1-1-1--1-------------1--- and 26'-1-1-0--1-------------1--- from group (4 1 16'0000100010000000).
  Merging pattern 26'-10101--0-------------1--- and 26'-10111--0-------------1--- from group (4 4 16'0000100000001000).
  Merging pattern 26'-01101--0-------------1--- and 26'-01111--0-------------1--- from group (4 4 16'0000100000001000).
  Merging pattern 26'-11101--0-------------1--- and 26'-11111--0-------------1--- from group (4 4 16'0000100000001000).
  Merging pattern 26'-10111--0-------------1--- and 26'-10101--0-------------1--- from group (4 4 16'0000100000001000).
  Merging pattern 26'-01111--0-------------1--- and 26'-01101--0-------------1--- from group (4 4 16'0000100000001000).
  Merging pattern 26'-11111--0-------------1--- and 26'-11101--0-------------1--- from group (4 4 16'0000100000001000).
  Merging pattern 26'-101-1--0-------------1--- and 26'-111-1--0-------------1--- from group (4 4 16'0000100000001000).
  Merging pattern 26'-111-1--0-------------1--- and 26'-101-1--0-------------1--- from group (4 4 16'0000100000001000).
  Merging pattern 26'-1-1-0--0-------------1--- and 26'-1-1-1--0-------------1--- from group (4 4 16'0000100000001000).
  Merging pattern 26'-1-1-1--0-------------1--- and 26'-1-1-0--0-------------1--- from group (4 4 16'0000100000001000).
  Merging pattern 26'-10101----------------0--- and 26'-10111----------------0--- from group (5 1 16'0000010010000000).
  Merging pattern 26'-01101----------------0--- and 26'-01111----------------0--- from group (5 1 16'0000010010000000).
  Merging pattern 26'-11101----------------0--- and 26'-11111----------------0--- from group (5 1 16'0000010010000000).
  Merging pattern 26'-10111----------------0--- and 26'-10101----------------0--- from group (5 1 16'0000010010000000).
  Merging pattern 26'-01111----------------0--- and 26'-01101----------------0--- from group (5 1 16'0000010010000000).
  Merging pattern 26'-11111----------------0--- and 26'-11101----------------0--- from group (5 1 16'0000010010000000).
  Merging pattern 26'-1010111--------------1--- and 26'-1011111--------------1--- from group (5 1 16'0000010010000000).
  Merging pattern 26'-0110111--------------1--- and 26'-0111111--------------1--- from group (5 1 16'0000010010000000).
  Merging pattern 26'-1110111--------------1--- and 26'-1111111--------------1--- from group (5 1 16'0000010010000000).
  Merging pattern 26'-1011111--------------1--- and 26'-1010111--------------1--- from group (5 1 16'0000010010000000).
  Merging pattern 26'-0111111--------------1--- and 26'-0110111--------------1--- from group (5 1 16'0000010010000000).
  Merging pattern 26'-1111111--------------1--- and 26'-1110111--------------1--- from group (5 1 16'0000010010000000).
  Merging pattern 26'-101-1----------------0--- and 26'-111-1----------------0--- from group (5 1 16'0000010010000000).
  Merging pattern 26'-111-1----------------0--- and 26'-101-1----------------0--- from group (5 1 16'0000010010000000).
  Merging pattern 26'-101-111--------------1--- and 26'-111-111--------------1--- from group (5 1 16'0000010010000000).
  Merging pattern 26'-111-111--------------1--- and 26'-101-111--------------1--- from group (5 1 16'0000010010000000).
  Merging pattern 26'-1-1-0----------------0--- and 26'-1-1-1----------------0--- from group (5 1 16'0000010010000000).
  Merging pattern 26'-1-1-1----------------0--- and 26'-1-1-0----------------0--- from group (5 1 16'0000010010000000).
  Merging pattern 26'-1-1-011--------------1--- and 26'-1-1-111--------------1--- from group (5 1 16'0000010010000000).
  Merging pattern 26'-1-1-111--------------1--- and 26'-1-1-011--------------1--- from group (5 1 16'0000010010000000).
  Merging pattern 26'-10101-0--------------1--- and 26'-10111-0--------------1--- from group (5 5 16'0000010000000100).
  Merging pattern 26'-01101-0--------------1--- and 26'-01111-0--------------1--- from group (5 5 16'0000010000000100).
  Merging pattern 26'-11101-0--------------1--- and 26'-11111-0--------------1--- from group (5 5 16'0000010000000100).
  Merging pattern 26'-10111-0--------------1--- and 26'-10101-0--------------1--- from group (5 5 16'0000010000000100).
  Merging pattern 26'-01111-0--------------1--- and 26'-01101-0--------------1--- from group (5 5 16'0000010000000100).
  Merging pattern 26'-11111-0--------------1--- and 26'-11101-0--------------1--- from group (5 5 16'0000010000000100).
  Merging pattern 26'-1010101--------------1--- and 26'-1011101--------------1--- from group (5 5 16'0000010000000100).
  Merging pattern 26'-0110101--------------1--- and 26'-0111101--------------1--- from group (5 5 16'0000010000000100).
  Merging pattern 26'-1110101--------------1--- and 26'-1111101--------------1--- from group (5 5 16'0000010000000100).
  Merging pattern 26'-1011101--------------1--- and 26'-1010101--------------1--- from group (5 5 16'0000010000000100).
  Merging pattern 26'-0111101--------------1--- and 26'-0110101--------------1--- from group (5 5 16'0000010000000100).
  Merging pattern 26'-1111101--------------1--- and 26'-1110101--------------1--- from group (5 5 16'0000010000000100).
  Merging pattern 26'-101-1-0--------------1--- and 26'-111-1-0--------------1--- from group (5 5 16'0000010000000100).
  Merging pattern 26'-111-1-0--------------1--- and 26'-101-1-0--------------1--- from group (5 5 16'0000010000000100).
  Merging pattern 26'-101-101--------------1--- and 26'-111-101--------------1--- from group (5 5 16'0000010000000100).
  Merging pattern 26'-111-101--------------1--- and 26'-101-101--------------1--- from group (5 5 16'0000010000000100).
  Merging pattern 26'-1-1-0-0--------------1--- and 26'-1-1-1-0--------------1--- from group (5 5 16'0000010000000100).
  Merging pattern 26'-1-1-1-0--------------1--- and 26'-1-1-0-0--------------1--- from group (5 5 16'0000010000000100).
  Merging pattern 26'-1-1-001--------------1--- and 26'-1-1-101--------------1--- from group (5 5 16'0000010000000100).
  Merging pattern 26'-1-1-101--------------1--- and 26'-1-1-001--------------1--- from group (5 5 16'0000010000000100).
  Merging pattern 26'-10101----------------0--- and 26'-10111----------------0--- from group (6 1 16'0000001010000000).
  Merging pattern 26'-01101----------------0--- and 26'-01111----------------0--- from group (6 1 16'0000001010000000).
  Merging pattern 26'-11101----------------0--- and 26'-11111----------------0--- from group (6 1 16'0000001010000000).
  Merging pattern 26'-10111----------------0--- and 26'-10101----------------0--- from group (6 1 16'0000001010000000).
  Merging pattern 26'-01111----------------0--- and 26'-01101----------------0--- from group (6 1 16'0000001010000000).
  Merging pattern 26'-11111----------------0--- and 26'-11101----------------0--- from group (6 1 16'0000001010000000).
  Merging pattern 26'-1010111--------------1--- and 26'-1011111--------------1--- from group (6 1 16'0000001010000000).
  Merging pattern 26'-0110111--------------1--- and 26'-0111111--------------1--- from group (6 1 16'0000001010000000).
  Merging pattern 26'-1110111--------------1--- and 26'-1111111--------------1--- from group (6 1 16'0000001010000000).
  Merging pattern 26'-1011111--------------1--- and 26'-1010111--------------1--- from group (6 1 16'0000001010000000).
  Merging pattern 26'-0111111--------------1--- and 26'-0110111--------------1--- from group (6 1 16'0000001010000000).
  Merging pattern 26'-1111111--------------1--- and 26'-1110111--------------1--- from group (6 1 16'0000001010000000).
  Merging pattern 26'-101-1----------------0--- and 26'-111-1----------------0--- from group (6 1 16'0000001010000000).
  Merging pattern 26'-111-1----------------0--- and 26'-101-1----------------0--- from group (6 1 16'0000001010000000).
  Merging pattern 26'-101-111--------------1--- and 26'-111-111--------------1--- from group (6 1 16'0000001010000000).
  Merging pattern 26'-111-111--------------1--- and 26'-101-111--------------1--- from group (6 1 16'0000001010000000).
  Merging pattern 26'-1-1-0----------------0--- and 26'-1-1-1----------------0--- from group (6 1 16'0000001010000000).
  Merging pattern 26'-1-1-1----------------0--- and 26'-1-1-0----------------0--- from group (6 1 16'0000001010000000).
  Merging pattern 26'-1-1-011--------------1--- and 26'-1-1-111--------------1--- from group (6 1 16'0000001010000000).
  Merging pattern 26'-1-1-111--------------1--- and 26'-1-1-011--------------1--- from group (6 1 16'0000001010000000).
  Merging pattern 26'-10101-0--------------1--- and 26'-10111-0--------------1--- from group (6 6 16'0000001000000010).
  Merging pattern 26'-01101-0--------------1--- and 26'-01111-0--------------1--- from group (6 6 16'0000001000000010).
  Merging pattern 26'-11101-0--------------1--- and 26'-11111-0--------------1--- from group (6 6 16'0000001000000010).
  Merging pattern 26'-10111-0--------------1--- and 26'-10101-0--------------1--- from group (6 6 16'0000001000000010).
  Merging pattern 26'-01111-0--------------1--- and 26'-01101-0--------------1--- from group (6 6 16'0000001000000010).
  Merging pattern 26'-11111-0--------------1--- and 26'-11101-0--------------1--- from group (6 6 16'0000001000000010).
  Merging pattern 26'-1010101--------------1--- and 26'-1011101--------------1--- from group (6 6 16'0000001000000010).
  Merging pattern 26'-0110101--------------1--- and 26'-0111101--------------1--- from group (6 6 16'0000001000000010).
  Merging pattern 26'-1110101--------------1--- and 26'-1111101--------------1--- from group (6 6 16'0000001000000010).
  Merging pattern 26'-1011101--------------1--- and 26'-1010101--------------1--- from group (6 6 16'0000001000000010).
  Merging pattern 26'-0111101--------------1--- and 26'-0110101--------------1--- from group (6 6 16'0000001000000010).
  Merging pattern 26'-1111101--------------1--- and 26'-1110101--------------1--- from group (6 6 16'0000001000000010).
  Merging pattern 26'-101-1-0--------------1--- and 26'-111-1-0--------------1--- from group (6 6 16'0000001000000010).
  Merging pattern 26'-111-1-0--------------1--- and 26'-101-1-0--------------1--- from group (6 6 16'0000001000000010).
  Merging pattern 26'-101-101--------------1--- and 26'-111-101--------------1--- from group (6 6 16'0000001000000010).
  Merging pattern 26'-111-101--------------1--- and 26'-101-101--------------1--- from group (6 6 16'0000001000000010).
  Merging pattern 26'-1-1-0-0--------------1--- and 26'-1-1-1-0--------------1--- from group (6 6 16'0000001000000010).
  Merging pattern 26'-1-1-1-0--------------1--- and 26'-1-1-0-0--------------1--- from group (6 6 16'0000001000000010).
  Merging pattern 26'-1-1-001--------------1--- and 26'-1-1-101--------------1--- from group (6 6 16'0000001000000010).
  Merging pattern 26'-1-1-101--------------1--- and 26'-1-1-001--------------1--- from group (6 6 16'0000001000000010).
  Removing unused input signal $auto$opt_reduce.cc:137:opt_pmux$7675.

7.12.4. Executing OPT_CLEAN pass (remove unused cells and wires).
Finding unused cells or wires in module \icebreaker..
Removed 78 unused cells and 78 unused wires.
<suppressed ~79 debug messages>

7.12.5. Executing FSM_OPT pass (simple optimizations of FSMs).
Optimizing FSM `$fsm$\soc.cpu.cpu_state$7686' from module `\icebreaker'.
  Removing unused output signal $flatten\soc.\cpu.$0\cpu_state[7:0] [0].
  Removing unused output signal $flatten\soc.\cpu.$0\cpu_state[7:0] [1].
  Removing unused output signal $flatten\soc.\cpu.$0\cpu_state[7:0] [2].
  Removing unused output signal $flatten\soc.\cpu.$0\cpu_state[7:0] [3].
  Removing unused output signal $flatten\soc.\cpu.$0\cpu_state[7:0] [4].
  Removing unused output signal $flatten\soc.\cpu.$0\cpu_state[7:0] [5].
  Removing unused output signal $flatten\soc.\cpu.$0\cpu_state[7:0] [6].
  Removing unused output signal $flatten\soc.\cpu.$0\cpu_state[7:0] [7].
Optimizing FSM `$fsm$\soc.cpu.mem_wordsize$7696' from module `\icebreaker'.
  Removing unused output signal $flatten\soc.\cpu.$0\mem_wordsize[1:0] [0].
  Removing unused output signal $flatten\soc.\cpu.$0\mem_wordsize[1:0] [1].
Optimizing FSM `$fsm$\soc.spimemio.state$7701' from module `\icebreaker'.
  Removing unused output signal $flatten\soc.\spimemio.$0\state[3:0] [0].
  Removing unused output signal $flatten\soc.\spimemio.$0\state[3:0] [1].
  Removing unused output signal $flatten\soc.\spimemio.$0\state[3:0] [2].
  Removing unused output signal $flatten\soc.\spimemio.$0\state[3:0] [3].

7.12.6. Executing FSM_RECODE pass (re-assigning FSM state encoding).
Recoding FSM `$fsm$\soc.cpu.cpu_state$7686' from module `\icebreaker' using `auto' encoding:
  mapping auto encoding to `one-hot` for this FSM.
  10000000 -> ------1
  01000000 -> -----1-
  00100000 -> ----1--
  00001000 -> ---1---
  00000100 -> --1----
  00000010 -> -1-----
  00000001 -> 1------
Recoding FSM `$fsm$\soc.cpu.mem_wordsize$7696' from module `\icebreaker' using `auto' encoding:
  mapping auto encoding to `one-hot` for this FSM.
  00 -> --1
  10 -> -1-
  01 -> 1--
Recoding FSM `$fsm$\soc.spimemio.state$7701' from module `\icebreaker' using `auto' encoding:
  mapping auto encoding to `one-hot` for this FSM.
  0000 -> ------------1
  1000 -> -----------1-
  0100 -> ----------1--
  1100 -> ---------1---
  0010 -> --------1----
  1010 -> -------1-----
  0110 -> ------1------
  0001 -> -----1-------
  1001 -> ----1--------
  0101 -> ---1---------
  0011 -> --1----------
  1011 -> -1-----------
  0111 -> 1------------

7.12.7. Executing FSM_INFO pass (dumping all available information on FSM cells).

FSM `$fsm$\soc.cpu.cpu_state$7686' from module `icebreaker':
-------------------------------------

  Information on FSM $fsm$\soc.cpu.cpu_state$7686 (\soc.cpu.cpu_state):

  Number of input signals:   25
  Number of output signals:   8
  Number of state bits:       7

  Input signals:
    0: $auto$opt_reduce.cc:137:opt_pmux$7621
    1: $auto$opt_reduce.cc:137:opt_pmux$7617
    2: \resetn
    3: \soc.cpu.mem_done
    4: \soc.cpu.instr_jal
    5: \soc.cpu.instr_trap
    6: \soc.cpu.decoder_trigger
    7: \soc.cpu.is_slli_srli_srai
    8: \soc.cpu.is_sb_sh_sw
    9: \soc.cpu.is_sll_srl_sra
   10: \soc.cpu.is_beq_bne_blt_bge_bltu_bgeu
   11: $flatten\soc.\cpu.$logic_and$../picorv32.v:1538$1927_Y
   12: $flatten\soc.\cpu.$logic_and$../picorv32.v:1548$1935_Y
   13: $flatten\soc.\cpu.$logic_and$../picorv32.v:1605$1948_Y
   14: $flatten\soc.\cpu.$logic_and$../picorv32.v:1608$1952_Y
   15: $flatten\soc.\cpu.$logic_and$../picorv32.v:1696$1966_Y
   16: $flatten\soc.\cpu.$eq$../picorv32.v:1831$1994_Y
   17: $flatten\soc.\cpu.$logic_or$../picorv32.v:1857$2012_Y
   18: $flatten\soc.\cpu.$logic_and$../picorv32.v:1872$2016_Y
   19: $flatten\soc.\cpu.$logic_and$../picorv32.v:1922$2031_Y
   20: $flatten\soc.\cpu.$logic_and$../picorv32.v:1923$2034_Y
   21: $flatten\soc.\cpu.$logic_and$../picorv32.v:1925$2038_Y
   22: $flatten\soc.\cpu.$logic_and$../picorv32.v:1930$2041_Y
   23: $flatten\soc.\cpu.$logic_and$../picorv32.v:1938$2049_Y
   24: \soc.cpu.genblk1.pcpi_mul.active [1]

  Output signals:
    0: $flatten\soc.\cpu.$eq$../picorv32.v:1313$1853_Y
    1: $flatten\soc.\cpu.$procmux$2634_CMP
    2: $flatten\soc.\cpu.$procmux$2635_CMP
    3: $flatten\soc.\cpu.$procmux$2636_CMP
    4: $flatten\soc.\cpu.$procmux$2637_CMP
    5: $flatten\soc.\cpu.$procmux$2638_CMP
    6: $flatten\soc.\cpu.$procmux$2639_CMP
    7: $flatten\soc.\cpu.$procmux$2641_CMP

  State encoding:
    0:  7'------1
    1:  7'-----1-
    2:  7'----1--
    3:  7'---1---
    4:  7'--1----
    5:  7'-1-----
    6:  7'1------

  Transition Table (state_in, ctrl_in, state_out, ctrl_out):
      0:     0 25'-0---0----------------1--   ->     0 8'10000000
      1:     0 25'-00-01----------------1--   ->     0 8'10000000
      2:     0 25'-00111----------------1--   ->     0 8'10000000
      3:     0 25'-011-1----------------1--   ->     0 8'10000000
      4:     0 25'-1-1------------------1--   ->     0 8'10000000
      5:     0 25'-00011-------------------   ->     0 8'10000000
      6:     0 25'-010-1-------------------   ->     0 8'10000000
      7:     0 25'-1-0---------------------   ->     0 8'10000000
      8:     0 25'-0---0----------------0--   ->     1 8'10000000
      9:     0 25'-00-01----------------0--   ->     1 8'10000000
     10:     0 25'-00111----------------0--   ->     1 8'10000000
     11:     0 25'-011-1----------------0--   ->     1 8'10000000
     12:     0 25'-1-1------------------0--   ->     1 8'10000000
     13:     1 25'-00011-------------------   ->     0 8'00000001
     14:     1 25'-010-1-------------------   ->     0 8'00000001
     15:     1 25'-1-0---------------------   ->     0 8'00000001
     16:     1 25'-0---0----------------0--   ->     1 8'00000001
     17:     1 25'-00-01----------------0--   ->     1 8'00000001
     18:     1 25'-00111----------------0--   ->     1 8'00000001
     19:     1 25'-011-1----------------0--   ->     1 8'00000001
     20:     1 25'-1-1------------------0--   ->     1 8'00000001
     21:     1 25'-0---0------00----1-1-1--   ->     1 8'00000001
     22:     1 25'-00-01------00----1-1-1--   ->     1 8'00000001
     23:     1 25'-00111------00----1-1-1--   ->     1 8'00000001
     24:     1 25'-011-1------00----1-1-1--   ->     1 8'00000001
     25:     1 25'-1-1--------00----1-1-1--   ->     1 8'00000001
     26:     1 25'-0---0------00----0---1--   ->     1 8'00000001
     27:     1 25'-00-01------00----0---1--   ->     1 8'00000001
     28:     1 25'-00111------00----0---1--   ->     1 8'00000001
     29:     1 25'-011-1------00----0---1--   ->     1 8'00000001
     30:     1 25'-1-1--------00----0---1--   ->     1 8'00000001
     31:     1 25'-0---0------10--------1--   ->     1 8'00000001
     32:     1 25'-00-01------10--------1--   ->     1 8'00000001
     33:     1 25'-00111------10--------1--   ->     1 8'00000001
     34:     1 25'-011-1------10--------1--   ->     1 8'00000001
     35:     1 25'-1-1--------10--------1--   ->     1 8'00000001
     36:     1 25'-0---0-------1--------1--   ->     1 8'00000001
     37:     1 25'-00-01-------1--------1--   ->     1 8'00000001
     38:     1 25'-00111-------1--------1--   ->     1 8'00000001
     39:     1 25'-011-1-------1--------1--   ->     1 8'00000001
     40:     1 25'-1-1---------1--------1--   ->     1 8'00000001
     41:     1 25'-0---0------00----1-0-1--   ->     2 8'00000001
     42:     1 25'-00-01------00----1-0-1--   ->     2 8'00000001
     43:     1 25'-00111------00----1-0-1--   ->     2 8'00000001
     44:     1 25'-011-1------00----1-0-1--   ->     2 8'00000001
     45:     1 25'-1-1--------00----1-0-1--   ->     2 8'00000001
     46:     2 25'00---0----01-------1--1--   ->     0 8'01000000
     47:     2 25'000-01----01-------1--1--   ->     0 8'01000000
     48:     2 25'000111----01-------1--1--   ->     0 8'01000000
     49:     2 25'0011-1----01-------1--1--   ->     0 8'01000000
     50:     2 25'01-1------01-------1--1--   ->     0 8'01000000
     51:     2 25'-00011-------------------   ->     0 8'01000000
     52:     2 25'-010-1-------------------   ->     0 8'01000000
     53:     2 25'-1-0---------------------   ->     0 8'01000000
     54:     2 25'-0---0----------------11-   ->     1 8'01000000
     55:     2 25'-00-01----------------11-   ->     1 8'01000000
     56:     2 25'-00111----------------11-   ->     1 8'01000000
     57:     2 25'-011-1----------------11-   ->     1 8'01000000
     58:     2 25'-1-1------------------11-   ->     1 8'01000000
     59:     2 25'-0---0----------------0--   ->     1 8'01000000
     60:     2 25'-00-01----------------0--   ->     1 8'01000000
     61:     2 25'-00111----------------0--   ->     1 8'01000000
     62:     2 25'-011-1----------------0--   ->     1 8'01000000
     63:     2 25'-1-1------------------0--   ->     1 8'01000000
     64:     2 25'00---0----11-------1--1--   ->     1 8'01000000
     65:     2 25'000-01----11-------1--1--   ->     1 8'01000000
     66:     2 25'000111----11-------1--1--   ->     1 8'01000000
     67:     2 25'0011-1----11-------1--1--   ->     1 8'01000000
     68:     2 25'01-1------11-------1--1--   ->     1 8'01000000
     69:     2 25'10---0-------------1--1--   ->     1 8'01000000
     70:     2 25'100-01-------------1--1--   ->     1 8'01000000
     71:     2 25'100111-------------1--1--   ->     1 8'01000000
     72:     2 25'1011-1-------------1--1--   ->     1 8'01000000
     73:     2 25'11-1---------------1--1--   ->     1 8'01000000
     74:     2 25'00---0-----0-------1--1--   ->     2 8'01000000
     75:     2 25'000-01-----0-------1--1--   ->     2 8'01000000
     76:     2 25'000111-----0-------1--1--   ->     2 8'01000000
     77:     2 25'0011-1-----0-------1--1--   ->     2 8'01000000
     78:     2 25'01-1-------0-------1--1--   ->     2 8'01000000
     79:     2 25'-0---0---0-----000-0--100   ->     3 8'01000000
     80:     2 25'-00-01---0-----000-0--100   ->     3 8'01000000
     81:     2 25'-00111---0-----000-0--100   ->     3 8'01000000
     82:     2 25'-011-1---0-----000-0--100   ->     3 8'01000000
     83:     2 25'-1-1-----0-----000-0--100   ->     3 8'01000000
     84:     2 25'-0---0----------------1-1   ->     3 8'01000000
     85:     2 25'-00-01----------------1-1   ->     3 8'01000000
     86:     2 25'-00111----------------1-1   ->     3 8'01000000
     87:     2 25'-011-1----------------1-1   ->     3 8'01000000
     88:     2 25'-1-1------------------1-1   ->     3 8'01000000
     89:     2 25'-0---0---0-----1-0----100   ->     4 8'01000000
     90:     2 25'-00-01---0-----1-0----100   ->     4 8'01000000
     91:     2 25'-00111---0-----1-0----100   ->     4 8'01000000
     92:     2 25'-011-1---0-----1-0----100   ->     4 8'01000000
     93:     2 25'-1-1-----0-----1-0----100   ->     4 8'01000000
     94:     2 25'-0---0-----------1----1--   ->     4 8'01000000
     95:     2 25'-00-01-----------1----1--   ->     4 8'01000000
     96:     2 25'-00111-----------1----1--   ->     4 8'01000000
     97:     2 25'-011-1-----------1----1--   ->     4 8'01000000
     98:     2 25'-1-1-------------1----1--   ->     4 8'01000000
     99:     2 25'-0---0---0------10----100   ->     5 8'01000000
    100:     2 25'-00-01---0------10----100   ->     5 8'01000000
    101:     2 25'-00111---0------10----100   ->     5 8'01000000
    102:     2 25'-011-1---0------10----100   ->     5 8'01000000
    103:     2 25'-1-1-----0------10----100   ->     5 8'01000000
    104:     2 25'-0---0---1------------1--   ->     6 8'01000000
    105:     2 25'-00-01---1------------1--   ->     6 8'01000000
    106:     2 25'-00111---1------------1--   ->     6 8'01000000
    107:     2 25'-011-1---1------------1--   ->     6 8'01000000
    108:     2 25'-1-1-----1------------1--   ->     6 8'01000000
    109:     3 25'-00011-------------------   ->     0 8'00010000
    110:     3 25'-010-1-------------------   ->     0 8'00010000
    111:     3 25'-1-0---------------------   ->     0 8'00010000
    112:     3 25'-0---0----------------0--   ->     1 8'00010000
    113:     3 25'-00-01----------------0--   ->     1 8'00010000
    114:     3 25'-00111----------------0--   ->     1 8'00010000
    115:     3 25'-011-1----------------0--   ->     1 8'00010000
    116:     3 25'-1-1------------------0--   ->     1 8'00010000
    117:     3 25'-0---0--------1------11--   ->     1 8'00010000
    118:     3 25'-00-01--------1------11--   ->     1 8'00010000
    119:     3 25'-00111--------1------11--   ->     1 8'00010000
    120:     3 25'-011-1--------1------11--   ->     1 8'00010000
    121:     3 25'-1-1----------1------11--   ->     1 8'00010000
    122:     3 25'-0---0--------0-------1--   ->     1 8'00010000
    123:     3 25'-00-01--------0-------1--   ->     1 8'00010000
    124:     3 25'-00111--------0-------1--   ->     1 8'00010000
    125:     3 25'-011-1--------0-------1--   ->     1 8'00010000
    126:     3 25'-1-1----------0-------1--   ->     1 8'00010000
    127:     3 25'-0---0--------1------01--   ->     3 8'00010000
    128:     3 25'-00-01--------1------01--   ->     3 8'00010000
    129:     3 25'-00111--------1------01--   ->     3 8'00010000
    130:     3 25'-011-1--------1------01--   ->     3 8'00010000
    131:     3 25'-1-1----------1------01--   ->     3 8'00010000
    132:     4 25'-00011-------------------   ->     0 8'00001000
    133:     4 25'-010-1-------------------   ->     0 8'00001000
    134:     4 25'-1-0---------------------   ->     0 8'00001000
    135:     4 25'-0---0----------------0--   ->     1 8'00001000
    136:     4 25'-00-01----------------0--   ->     1 8'00001000
    137:     4 25'-00111----------------0--   ->     1 8'00001000
    138:     4 25'-011-1----------------0--   ->     1 8'00001000
    139:     4 25'-1-1------------------0--   ->     1 8'00001000
    140:     4 25'-0---0--1-------------1--   ->     1 8'00001000
    141:     4 25'-00-01--1-------------1--   ->     1 8'00001000
    142:     4 25'-00111--1-------------1--   ->     1 8'00001000
    143:     4 25'-011-1--1-------------1--   ->     1 8'00001000
    144:     4 25'-1-1----1-------------1--   ->     1 8'00001000
    145:     4 25'-0---0--0-------------1--   ->     4 8'00001000
    146:     4 25'-00-01--0-------------1--   ->     4 8'00001000
    147:     4 25'-00111--0-------------1--   ->     4 8'00001000
    148:     4 25'-011-1--0-------------1--   ->     4 8'00001000
    149:     4 25'-1-1----0-------------1--   ->     4 8'00001000
    150:     5 25'-00011-------------------   ->     0 8'00000100
    151:     5 25'-010-1-------------------   ->     0 8'00000100
    152:     5 25'-1-0---------------------   ->     0 8'00000100
    153:     5 25'-0---0----------------0--   ->     1 8'00000100
    154:     5 25'-00-01----------------0--   ->     1 8'00000100
    155:     5 25'-00111----------------0--   ->     1 8'00000100
    156:     5 25'-011-1----------------0--   ->     1 8'00000100
    157:     5 25'-1-1------------------0--   ->     1 8'00000100
    158:     5 25'-0---011--------------1--   ->     1 8'00000100
    159:     5 25'-00-0111--------------1--   ->     1 8'00000100
    160:     5 25'-0011111--------------1--   ->     1 8'00000100
    161:     5 25'-011-111--------------1--   ->     1 8'00000100
    162:     5 25'-1-1--11--------------1--   ->     1 8'00000100
    163:     5 25'-0---0-0--------------1--   ->     5 8'00000100
    164:     5 25'-00-01-0--------------1--   ->     5 8'00000100
    165:     5 25'-00111-0--------------1--   ->     5 8'00000100
    166:     5 25'-011-1-0--------------1--   ->     5 8'00000100
    167:     5 25'-1-1---0--------------1--   ->     5 8'00000100
    168:     5 25'-0---001--------------1--   ->     5 8'00000100
    169:     5 25'-00-0101--------------1--   ->     5 8'00000100
    170:     5 25'-0011101--------------1--   ->     5 8'00000100
    171:     5 25'-011-101--------------1--   ->     5 8'00000100
    172:     5 25'-1-1--01--------------1--   ->     5 8'00000100
    173:     6 25'-00011-------------------   ->     0 8'00000010
    174:     6 25'-010-1-------------------   ->     0 8'00000010
    175:     6 25'-1-0---------------------   ->     0 8'00000010
    176:     6 25'-0---0----------------0--   ->     1 8'00000010
    177:     6 25'-00-01----------------0--   ->     1 8'00000010
    178:     6 25'-00111----------------0--   ->     1 8'00000010
    179:     6 25'-011-1----------------0--   ->     1 8'00000010
    180:     6 25'-1-1------------------0--   ->     1 8'00000010
    181:     6 25'-0---011--------------1--   ->     1 8'00000010
    182:     6 25'-00-0111--------------1--   ->     1 8'00000010
    183:     6 25'-0011111--------------1--   ->     1 8'00000010
    184:     6 25'-011-111--------------1--   ->     1 8'00000010
    185:     6 25'-1-1--11--------------1--   ->     1 8'00000010
    186:     6 25'-0---0-0--------------1--   ->     6 8'00000010
    187:     6 25'-00-01-0--------------1--   ->     6 8'00000010
    188:     6 25'-00111-0--------------1--   ->     6 8'00000010
    189:     6 25'-011-1-0--------------1--   ->     6 8'00000010
    190:     6 25'-1-1---0--------------1--   ->     6 8'00000010
    191:     6 25'-0---001--------------1--   ->     6 8'00000010
    192:     6 25'-00-0101--------------1--   ->     6 8'00000010
    193:     6 25'-0011101--------------1--   ->     6 8'00000010
    194:     6 25'-011-101--------------1--   ->     6 8'00000010
    195:     6 25'-1-1--01--------------1--   ->     6 8'00000010

-------------------------------------

FSM `$fsm$\soc.cpu.mem_wordsize$7696' from module `icebreaker':
-------------------------------------

  Information on FSM $fsm$\soc.cpu.mem_wordsize$7696 (\soc.cpu.mem_wordsize):

  Number of input signals:   13
  Number of output signals:   3
  Number of state bits:       3

  Input signals:
    0: \resetn
    1: \soc.cpu.mem_do_rdata
    2: \soc.cpu.mem_do_wdata
    3: \soc.cpu.instr_lw
    4: \soc.cpu.instr_sb
    5: \soc.cpu.instr_sh
    6: \soc.cpu.instr_sw
    7: $flatten\soc.\cpu.$eq$../picorv32.v:1313$1853_Y
    8: $flatten\soc.\cpu.$logic_or$../picorv32.v:1857$2012_Y
    9: $flatten\soc.\cpu.$logic_or$../picorv32.v:1886$2020_Y
   10: $flatten\soc.\cpu.$logic_or$../picorv32.v:1887$2021_Y
   11: $flatten\soc.\cpu.$procmux$2634_CMP
   12: $flatten\soc.\cpu.$procmux$2635_CMP

  Output signals:
    0: $flatten\soc.\cpu.$eq$../picorv32.v:1923$2032_Y
    1: $flatten\soc.\cpu.$eq$../picorv32.v:1930$2039_Y
    2: $flatten\soc.\cpu.$procmux$5393_CMP

  State encoding:
    0:      3'--1
    1:      3'-1-
    2:      3'1--

  Transition Table (state_in, ctrl_in, state_out, ctrl_out):
      0:     0 13'------------0   ->     0 3'001
      1:     0 13'-1001----0-01   ->     0 3'001
      2:     0 13'-1--1----1-01   ->     0 3'001
      3:     0 13'-1--1------11   ->     0 3'001
      4:     0 13'1---1-000-0-1   ->     0 3'001
      5:     0 13'1---1-1---0-1   ->     0 3'001
      6:     0 13'1---1-----1-1   ->     0 3'001
      7:     0 13'00---0------1   ->     0 3'001
      8:     0 13'-----1------1   ->     0 3'001
      9:     0 13'-1--0-------1   ->     0 3'001
     10:     0 13'1---0-------1   ->     0 3'001
     11:     0 13'-1-11------01   ->     1 3'001
     12:     0 13'1---1---1-0-1   ->     1 3'001
     13:     0 13'-11-1------01   ->     2 3'001
     14:     0 13'1---1--1--0-1   ->     2 3'001
     15:     1 13'-1--1----1-01   ->     0 3'100
     16:     1 13'1---1-1---0-1   ->     0 3'100
     17:     1 13'-----1------1   ->     0 3'100
     18:     1 13'------------0   ->     1 3'100
     19:     1 13'-1001----0-01   ->     1 3'100
     20:     1 13'-1-11------01   ->     1 3'100
     21:     1 13'-1--1------11   ->     1 3'100
     22:     1 13'1---1-000-0-1   ->     1 3'100
     23:     1 13'1---1---1-0-1   ->     1 3'100
     24:     1 13'1---1-----1-1   ->     1 3'100
     25:     1 13'00---0------1   ->     1 3'100
     26:     1 13'-1--0-------1   ->     1 3'100
     27:     1 13'1---0-------1   ->     1 3'100
     28:     1 13'-11-1------01   ->     2 3'100
     29:     1 13'1---1--1--0-1   ->     2 3'100
     30:     2 13'-1--1----1-01   ->     0 3'010
     31:     2 13'1---1-1---0-1   ->     0 3'010
     32:     2 13'-----1------1   ->     0 3'010
     33:     2 13'-1-11------01   ->     1 3'010
     34:     2 13'1---1---1-0-1   ->     1 3'010
     35:     2 13'------------0   ->     2 3'010
     36:     2 13'-1001----0-01   ->     2 3'010
     37:     2 13'-11-1------01   ->     2 3'010
     38:     2 13'-1--1------11   ->     2 3'010
     39:     2 13'1---1-000-0-1   ->     2 3'010
     40:     2 13'1---1--1--0-1   ->     2 3'010
     41:     2 13'1---1-----1-1   ->     2 3'010
     42:     2 13'00---0------1   ->     2 3'010
     43:     2 13'-1--0-------1   ->     2 3'010
     44:     2 13'1---0-------1   ->     2 3'010

-------------------------------------

FSM `$fsm$\soc.spimemio.state$7701' from module `icebreaker':
-------------------------------------

  Information on FSM $fsm$\soc.spimemio.state$7701 (\soc.spimemio.state):

  Number of input signals:    8
  Number of output signals:  13
  Number of state bits:      13

  Input signals:
    0: \soc.spimemio.dout_valid
    1: \soc.spimemio.jump
    2: \soc.spimemio.config_cont
    3: $flatten\soc.\spimemio.$logic_or$spimemio.v:211$537_Y
    4: $flatten\soc.\spimemio.$logic_and$spimemio.v:282$550_Y
    5: $flatten\soc.\spimemio.$logic_or$spimemio.v:310$551_Y
    6: $flatten\soc.\spimemio.$logic_or$spimemio.v:350$555_Y
    7: \soc.spimemio.xfer.din_ready

  Output signals:
    0: $flatten\soc.\spimemio.$procmux$6388_CMP
    1: $flatten\soc.\spimemio.$procmux$6391_CMP
    2: $flatten\soc.\spimemio.$procmux$6402_CMP
    3: $flatten\soc.\spimemio.$procmux$6405_CMP
    4: $flatten\soc.\spimemio.$procmux$6408_CMP
    5: $flatten\soc.\spimemio.$procmux$6411_CMP
    6: $flatten\soc.\spimemio.$procmux$6414_CMP
    7: $flatten\soc.\spimemio.$procmux$6417_CMP
    8: $flatten\soc.\spimemio.$procmux$6420_CMP
    9: $flatten\soc.\spimemio.$procmux$6425_CMP
   10: $flatten\soc.\spimemio.$procmux$6428_CMP
   11: $flatten\soc.\spimemio.$procmux$6434_CMP
   12: $flatten\soc.\spimemio.$procmux$6440_CMP

  State encoding:
    0: 13'------------1  <RESET STATE>
    1: 13'-----------1-
    2: 13'----------1--
    3: 13'---------1---
    4: 13'--------1----
    5: 13'-------1-----
    6: 13'------1------
    7: 13'-----1-------
    8: 13'----1--------
    9: 13'---1---------
   10: 13'--1----------
   11: 13'-1-----------
   12: 13'1------------

  Transition Table (state_in, ctrl_in, state_out, ctrl_out):
      0:     0 8'0---0-0-   ->     0 13'1000000000000
      1:     0 8'----1---   ->     0 13'1000000000000
      2:     0 8'----001-   ->     2 13'1000000000000
      3:     0 8'1---0-0-   ->     7 13'1000000000000
      4:     0 8'----011-   ->     9 13'1000000000000
      5:     1 8'----1---   ->     0 13'0000001000000
      6:     1 8'0---0-0-   ->     1 13'0000001000000
      7:     1 8'----001-   ->     2 13'0000001000000
      8:     1 8'1---0-0-   ->     8 13'0000001000000
      9:     1 8'----011-   ->     9 13'0000001000000
     10:     2 8'----1---   ->     0 13'0010000000000
     11:     2 8'0---0-0-   ->     2 13'0010000000000
     12:     2 8'----001-   ->     2 13'0010000000000
     13:     2 8'1---0-0-   ->     9 13'0010000000000
     14:     2 8'----011-   ->     9 13'0010000000000
     15:     3 8'----1---   ->     0 13'0000000000100
     16:     3 8'----001-   ->     2 13'0000000000100
     17:     3 8'-0--0-0-   ->     3 13'0000000000100
     18:     3 8'01--0-0-   ->     3 13'0000000000100
     19:     3 8'11--0-0-   ->     8 13'0000000000100
     20:     3 8'----011-   ->     9 13'0000000000100
     21:     4 8'----1---   ->     0 13'0100000000000
     22:     4 8'----001-   ->     2 13'0100000000000
     23:     4 8'0---0-0-   ->     4 13'0100000000000
     24:     4 8'----011-   ->     9 13'0100000000000
     25:     4 8'1---0-0-   ->    10 13'0100000000000
     26:     5 8'----1---   ->     0 13'0000000010000
     27:     5 8'----001-   ->     2 13'0000000010000
     28:     5 8'0---0-0-   ->     5 13'0000000010000
     29:     5 8'----011-   ->     9 13'0000000010000
     30:     5 8'1---0-0-   ->    11 13'0000000010000
     31:     6 8'----1---   ->     0 13'0000100000000
     32:     6 8'----001-   ->     2 13'0000100000000
     33:     6 8'0---0-0-   ->     6 13'0000100000000
     34:     6 8'----011-   ->     9 13'0000100000000
     35:     6 8'1---0-0-   ->    12 13'0000100000000
     36:     7 8'----1---   ->     0 13'0000000000010
     37:     7 8'----001-   ->     2 13'0000000000010
     38:     7 8'----0-01   ->     4 13'0000000000010
     39:     7 8'----0-00   ->     7 13'0000000000010
     40:     7 8'----011-   ->     9 13'0000000000010
     41:     8 8'----1---   ->     0 13'0000000100000
     42:     8 8'----001-   ->     2 13'0000000100000
     43:     8 8'1---0-0-   ->     5 13'0000000100000
     44:     8 8'0---0-0-   ->     8 13'0000000100000
     45:     8 8'----011-   ->     9 13'0000000100000
     46:     9 8'----1---   ->     0 13'0001000000000
     47:     9 8'----001-   ->     2 13'0001000000000
     48:     9 8'1--10-0-   ->     6 13'0001000000000
     49:     9 8'---00-0-   ->     9 13'0001000000000
     50:     9 8'0--10-0-   ->     9 13'0001000000000
     51:     9 8'----011-   ->     9 13'0001000000000
     52:    10 8'----1---   ->     0 13'0000000000001
     53:    10 8'----0-01   ->     2 13'0000000000001
     54:    10 8'----001-   ->     2 13'0000000000001
     55:    10 8'----011-   ->     9 13'0000000000001
     56:    10 8'----0-00   ->    10 13'0000000000001
     57:    11 8'----1---   ->     0 13'0000000001000
     58:    11 8'----001-   ->     2 13'0000000001000
     59:    11 8'1---0-0-   ->     3 13'0000000001000
     60:    11 8'----011-   ->     9 13'0000000001000
     61:    11 8'0---0-0-   ->    11 13'0000000001000
     62:    12 8'----1---   ->     0 13'0000010000000
     63:    12 8'1-1-0-0-   ->     1 13'0000010000000
     64:    12 8'----001-   ->     2 13'0000010000000
     65:    12 8'1-0-0-0-   ->     8 13'0000010000000
     66:    12 8'----011-   ->     9 13'0000010000000
     67:    12 8'0---0-0-   ->    12 13'0000010000000

-------------------------------------

7.12.8. Executing FSM_MAP pass (mapping FSMs to basic logic).
Mapping FSM `$fsm$\soc.cpu.cpu_state$7686' from module `\icebreaker'.
Mapping FSM `$fsm$\soc.cpu.mem_wordsize$7696' from module `\icebreaker'.
Mapping FSM `$fsm$\soc.spimemio.state$7701' from module `\icebreaker'.

7.13. Executing OPT pass (performing simple optimizations).

7.13.1. Executing OPT_EXPR pass (perform const folding).
Optimizing module icebreaker.
<suppressed ~19 debug messages>

7.13.2. Executing OPT_MERGE pass (detect identical cells).
Finding identical cells in module `\icebreaker'.
Computing hashes of 1956 cells of `\icebreaker'.
Finding duplicate cells in `\icebreaker'.
Computing hashes of 1908 cells of `\icebreaker'.
Finding duplicate cells in `\icebreaker'.
<suppressed ~144 debug messages>
Removed a total of 48 cells.

7.13.3. Executing OPT_MUXTREE pass (detect dead branches in mux trees).
Running muxtree optimizer on module \icebreaker..
  Creating internal representation of mux trees.
  Evaluating internal representation of mux trees.
  Analyzing evaluation results.
    dead port 2/4 on $pmux $flatten\soc.\cpu.$procmux$3353.
    dead port 1/2 on $mux $flatten\soc.\cpu.$procmux$3306.
    dead port 2/2 on $mux $flatten\soc.\cpu.$procmux$3306.
    dead port 4/7 on $pmux $flatten\soc.\cpu.$procmux$3293.
    dead port 1/4 on $pmux $flatten\soc.\cpu.$procmux$3835.
    dead port 2/4 on $pmux $flatten\soc.\cpu.$procmux$3835.
    dead port 3/4 on $pmux $flatten\soc.\cpu.$procmux$3835.
    dead port 4/4 on $pmux $flatten\soc.\cpu.$procmux$3835.
    dead port 2/5 on $pmux $flatten\soc.\cpu.$procmux$3825.
    dead port 1/2 on $mux $flatten\soc.\cpu.$procmux$3557.
    dead port 2/2 on $mux $flatten\soc.\cpu.$procmux$3557.
    dead port 1/3 on $pmux $flatten\soc.\cpu.$procmux$4034.
    dead port 3/6 on $pmux $flatten\soc.\cpu.$procmux$3541.
Removed 13 multiplexer ports.
<suppressed ~1305 debug messages>

7.13.4. Executing OPT_REDUCE pass (consolidate $*mux and $reduce_* inputs).
  Optimizing cells in module \icebreaker.
    New input vector for $reduce_or cell $auto$opt_reduce.cc:131:opt_pmux$7664: \soc.cpu.cpu_state [5:0]
    New input vector for $reduce_or cell $auto$opt_reduce.cc:131:opt_pmux$7636: { \soc.cpu.cpu_state [6:4] \soc.cpu.cpu_state [2:0] }
    New input vector for $reduce_or cell $auto$opt_reduce.cc:131:opt_pmux$7638: { \soc.cpu.cpu_state [6:2] \soc.cpu.cpu_state [0] }
    New input vector for $reduce_or cell $auto$opt_reduce.cc:131:opt_pmux$7668: { \soc.cpu.cpu_state [6] \soc.cpu.cpu_state [4:0] }
  Optimizing cells in module \icebreaker.
Performed a total of 4 changes.

7.13.5. Executing OPT_MERGE pass (detect identical cells).
Finding identical cells in module `\icebreaker'.
Computing hashes of 1905 cells of `\icebreaker'.
Finding duplicate cells in `\icebreaker'.
Removed a total of 0 cells.

7.13.6. Executing OPT_DFF pass (perform DFF optimizations).
Adding EN signal on $procdff$7337 ($dff) from module icebreaker (D = $procmux$6838_Y, Q = \iomem_ready).
Adding EN signal on $procdff$7338 ($dff) from module icebreaker (D = \gpio, Q = \iomem_rdata).
Adding SRST signal on $procdff$7339 ($dff) from module icebreaker (D = { $procmux$6807_Y $procmux$6814_Y $procmux$6821_Y $procmux$6828_Y }, Q = \gpio, rval = 0).
Adding EN signal on $auto$ff.cc:337:slice$8553 ($sdff) from module icebreaker (D = \soc.cpu.mem_wdata [7:0], Q = \gpio [7:0]).
Adding EN signal on $auto$ff.cc:337:slice$8553 ($sdff) from module icebreaker (D = \soc.cpu.mem_wdata [15:8], Q = \gpio [15:8]).
Adding EN signal on $auto$ff.cc:337:slice$8553 ($sdff) from module icebreaker (D = \soc.cpu.mem_wdata [23:16], Q = \gpio [23:16]).
Adding EN signal on $auto$ff.cc:337:slice$8553 ($sdff) from module icebreaker (D = \soc.cpu.mem_wdata [31:24], Q = \gpio [31:24]).
Adding EN signal on $flatten\seven_segment_ctrl.$procdff$7332 ($dff) from module icebreaker (D = { $flatten\seven_segment_ctrl.$procmux$6796_Y $flatten\seven_segment_ctrl.$procmux$6801_Y }, Q = \seven_segment_ctrl.dout).
Adding SRST signal on $flatten\soc.\cpu.$procdff$6896 ($dff) from module icebreaker (D = $flatten\soc.\cpu.$procmux$3159_Y, Q = \soc.cpu.decoder_pseudo_trigger, rval = 1'0).
Adding SRST signal on $flatten\soc.\simpleuart.$procdff$7322 ($dff) from module icebreaker (D = $flatten\soc.\simpleuart.$procmux$6710_Y [8:0], Q = \soc.simpleuart.send_pattern [8:0], rval = 9'111111111).
Adding SRST signal on $flatten\soc.\simpleuart.$procdff$7322 ($dff) from module icebreaker (D = $flatten\soc.\simpleuart.$procmux$6707_Y [9], Q = \soc.simpleuart.send_pattern [9], rval = 1'1).
Adding EN signal on $auto$ff.cc:337:slice$8575 ($sdff) from module icebreaker (D = 1'1, Q = \soc.simpleuart.send_pattern [9]).
Adding EN signal on $auto$ff.cc:337:slice$8570 ($sdff) from module icebreaker (D = $flatten\soc.\simpleuart.$procmux$6710_Y [8:0], Q = \soc.simpleuart.send_pattern [8:0]).
Adding SRST signal on $flatten\soc.\simpleuart.$procdff$7323 ($dff) from module icebreaker (D = $flatten\soc.\simpleuart.$procmux$6702_Y, Q = \soc.simpleuart.send_bitcnt, rval = 4'0000).
Adding EN signal on $auto$ff.cc:337:slice$8584 ($sdff) from module icebreaker (D = $flatten\soc.\simpleuart.$procmux$6702_Y, Q = \soc.simpleuart.send_bitcnt).
Adding SRST signal on $flatten\soc.\simpleuart.$procdff$7324 ($dff) from module icebreaker (D = $flatten\soc.\simpleuart.$add$simpleuart.v:112$495_Y, Q = \soc.simpleuart.send_divcnt, rval = 0).
Adding SRST signal on $flatten\soc.\simpleuart.$procdff$7325 ($dff) from module icebreaker (D = $flatten\soc.\simpleuart.$procmux$6691_Y, Q = \soc.simpleuart.send_dummy, rval = 1'1).
Adding EN signal on $auto$ff.cc:337:slice$8593 ($sdff) from module icebreaker (D = $flatten\soc.\simpleuart.$procmux$6691_Y, Q = \soc.simpleuart.send_dummy).
Adding SRST signal on $flatten\soc.\simpleuart.$procdff$7326 ($dff) from module icebreaker (D = $flatten\soc.\simpleuart.$procmux$6763_Y, Q = \soc.simpleuart.recv_state, rval = 4'0000).
Adding EN signal on $auto$ff.cc:337:slice$8597 ($sdff) from module icebreaker (D = $flatten\soc.\simpleuart.$procmux$6763_Y, Q = \soc.simpleuart.recv_state).
Adding SRST signal on $flatten\soc.\simpleuart.$procdff$7327 ($dff) from module icebreaker (D = $flatten\soc.\simpleuart.$procmux$6721_Y, Q = \soc.simpleuart.recv_divcnt, rval = 0).
Adding SRST signal on $flatten\soc.\simpleuart.$procdff$7328 ($dff) from module icebreaker (D = $flatten\soc.\simpleuart.$procmux$6751_Y, Q = \soc.simpleuart.recv_pattern, rval = 8'00000000).
Adding EN signal on $auto$ff.cc:337:slice$8610 ($sdff) from module icebreaker (D = { \ser_rx \soc.simpleuart.recv_pattern [7:1] }, Q = \soc.simpleuart.recv_pattern).
Adding SRST signal on $flatten\soc.\simpleuart.$procdff$7329 ($dff) from module icebreaker (D = $flatten\soc.\simpleuart.$procmux$6743_Y, Q = \soc.simpleuart.recv_buf_data, rval = 8'00000000).
Adding EN signal on $auto$ff.cc:337:slice$8616 ($sdff) from module icebreaker (D = \soc.simpleuart.recv_pattern, Q = \soc.simpleuart.recv_buf_data).
Adding SRST signal on $flatten\soc.\simpleuart.$procdff$7330 ($dff) from module icebreaker (D = $flatten\soc.\simpleuart.$procmux$6735_Y, Q = \soc.simpleuart.recv_buf_valid, rval = 1'0).
Adding SRST signal on $flatten\soc.\simpleuart.$procdff$7331 ($dff) from module icebreaker (D = { $flatten\soc.\simpleuart.$procmux$6774_Y $flatten\soc.\simpleuart.$procmux$6779_Y $flatten\soc.\simpleuart.$procmux$6784_Y $flatten\soc.\simpleuart.$procmux$6789_Y }, Q = \soc.simpleuart.cfg_divider, rval = 1).
Adding EN signal on $auto$ff.cc:337:slice$8621 ($sdff) from module icebreaker (D = \soc.cpu.mem_wdata [7:0], Q = \soc.simpleuart.cfg_divider [7:0]).
Adding EN signal on $auto$ff.cc:337:slice$8621 ($sdff) from module icebreaker (D = \soc.cpu.mem_wdata [15:8], Q = \soc.simpleuart.cfg_divider [15:8]).
Adding EN signal on $auto$ff.cc:337:slice$8621 ($sdff) from module icebreaker (D = \soc.cpu.mem_wdata [23:16], Q = \soc.simpleuart.cfg_divider [23:16]).
Adding EN signal on $auto$ff.cc:337:slice$8621 ($sdff) from module icebreaker (D = \soc.cpu.mem_wdata [31:24], Q = \soc.simpleuart.cfg_divider [31:24]).
Adding SRST signal on $flatten\soc.\cpu.$procdff$6915 ($dff) from module icebreaker (D = $flatten\soc.\cpu.$procmux$3401_Y, Q = \soc.cpu.latched_rd, rval = 5'00010).
Adding EN signal on $auto$ff.cc:337:slice$8626 ($sdff) from module icebreaker (D = $flatten\soc.\cpu.$procmux$3401_Y, Q = \soc.cpu.latched_rd).
Adding SRST signal on $flatten\soc.\cpu.$procdff$6893 ($dff) from module icebreaker (D = $flatten\soc.\cpu.$procmux$3811_Y, Q = \soc.cpu.mem_do_wdata, rval = 1'1).
Adding EN signal on $auto$ff.cc:337:slice$8634 ($sdff) from module icebreaker (D = 1'0, Q = \soc.cpu.mem_do_wdata).
Adding SRST signal on $flatten\soc.\cpu.$procdff$6892 ($dff) from module icebreaker (D = $flatten\soc.\cpu.$procmux$3815_Y, Q = \soc.cpu.mem_do_rdata, rval = 1'1).
Adding EN signal on $auto$ff.cc:337:slice$8636 ($sdff) from module icebreaker (D = 1'0, Q = \soc.cpu.mem_do_rdata).
Adding EN signal on $flatten\soc.\cpu.$procdff$6981 ($dff) from module icebreaker (D = 1'0, Q = \soc.cpu.compressed_instr).
Adding SRST signal on $flatten\soc.\cpu.$procdff$6891 ($dff) from module icebreaker (D = $flatten\soc.\cpu.$procmux$3889_Y, Q = \soc.cpu.mem_do_rinst, rval = 1'1).
Adding EN signal on $auto$ff.cc:337:slice$8639 ($sdff) from module icebreaker (D = $flatten\soc.\cpu.$procmux$3889_Y, Q = \soc.cpu.mem_do_rinst).
Adding SRST signal on $flatten\soc.\cpu.$procdff$6890 ($dff) from module icebreaker (D = $flatten\soc.\cpu.$procmux$3914_Y, Q = \soc.cpu.mem_do_prefetch, rval = 1'0).
Adding EN signal on $auto$ff.cc:337:slice$8655 ($sdff) from module icebreaker (D = $flatten\soc.\cpu.$logic_and$../picorv32.v:1573$1945_Y, Q = \soc.cpu.mem_do_prefetch).
Adding SRST signal on $flatten\soc.\cpu.$procdff$6949 ($dff) from module icebreaker (D = $flatten\soc.\cpu.$procmux$4705_Y, Q = \soc.cpu.instr_ori, rval = 1'0).
Adding EN signal on $auto$ff.cc:337:slice$8665 ($sdff) from module icebreaker (D = $flatten\soc.\cpu.$logic_and$../picorv32.v:1061$1666_Y, Q = \soc.cpu.instr_ori).
Adding EN signal on $flatten\soc.\cpu.$procdff$6977 ($dff) from module icebreaker (D = { $flatten\soc.\cpu.$procmux$4296_Y $flatten\soc.\cpu.$procmux$4380_Y }, Q = \soc.cpu.decoded_rs1).
Adding SRST signal on $auto$ff.cc:337:slice$8667 ($dffe) from module icebreaker (D = \soc.cpu.mem_rdata_latched [19:15], Q = \soc.cpu.decoded_rs1, rval = 5'00011).
Adding EN signal on $flatten\soc.\cpu.$procdff$6978 ($dff) from module icebreaker (D = \soc.cpu.mem_rdata_latched [24:20], Q = \soc.cpu.decoded_rs2).
Adding EN signal on $flatten\soc.\cpu.$procdff$6979 ($dff) from module icebreaker (D = $flatten\soc.\cpu.$procmux$4541_Y, Q = \soc.cpu.decoded_imm).
Adding EN signal on $flatten\soc.\cpu.$procdff$6980 ($dff) from module icebreaker (D = { \soc.cpu.mem_rdata_latched [31] \soc.cpu.mem_rdata_latched [31] \soc.cpu.mem_rdata_latched [31] \soc.cpu.mem_rdata_latched [31] \soc.cpu.mem_rdata_latched [31] \soc.cpu.mem_rdata_latched [31] \soc.cpu.mem_rdata_latched [31] \soc.cpu.mem_rdata_latched [31] \soc.cpu.mem_rdata_latched [31] \soc.cpu.mem_rdata_latched [31] \soc.cpu.mem_rdata_latched [31] \soc.cpu.mem_rdata_latched [31] \soc.cpu.mem_rdata_latched [19:12] \soc.cpu.mem_rdata_latched [20] \soc.cpu.mem_rdata_latched [30:21] 1'0 }, Q = \soc.cpu.decoded_imm_j).
Adding SRST signal on $flatten\soc.\cpu.$procdff$6888 ($dff) from module icebreaker (D = $flatten\soc.\cpu.$procmux$3962_Y, Q = \soc.cpu.timer, rval = 0).
Adding SRST signal on $flatten\soc.\cpu.$procdff$6908 ($dff) from module icebreaker (D = $flatten\soc.\cpu.$procmux$3534_Y, Q = \soc.cpu.latched_stalu, rval = 1'0).
Adding EN signal on $auto$ff.cc:337:slice$8673 ($sdff) from module icebreaker (D = $flatten\soc.\cpu.$procmux$3534_Y, Q = \soc.cpu.latched_stalu).
Adding EN signal on $flatten\soc.\cpu.$procdff$6975 ($dff) from module icebreaker (D = $flatten\soc.\cpu.$logic_and$../picorv32.v:1093$1774_Y, Q = \soc.cpu.instr_timer).
Adding SRST signal on $flatten\soc.\cpu.$procdff$6887 ($dff) from module icebreaker (D = { $flatten\soc.\cpu.$2\next_irq_pending[31:0] [31:3] $flatten\soc.\cpu.$2\next_irq_pending[31:0] [1] }, Q = { \soc.cpu.irq_pending [31:3] \soc.cpu.irq_pending [1] }, rval = 30'000000000000000000000000000000).
Adding EN signal on $auto$ff.cc:337:slice$8682 ($sdff) from module icebreaker (D = $flatten\soc.\cpu.$2\next_irq_pending[31:0] [1], Q = \soc.cpu.irq_pending [1]).
Adding EN signal on $auto$ff.cc:337:slice$8682 ($sdff) from module icebreaker (D = $flatten\soc.\cpu.$2\next_irq_pending[31:0] [31:3], Q = \soc.cpu.irq_pending [31:3]).
Adding SRST signal on $flatten\soc.\cpu.$procdff$6886 ($dff) from module icebreaker (D = $flatten\soc.\cpu.$procmux$3980_Y, Q = \soc.cpu.irq_mask, rval = 32'11111111111111111111111111111111).
Adding EN signal on $auto$ff.cc:337:slice$8706 ($sdff) from module icebreaker (D = \soc.cpu.cpuregs_rs1, Q = \soc.cpu.irq_mask).
Adding EN signal on $flatten\soc.\cpu.$procdff$6974 ($dff) from module icebreaker (D = $flatten\soc.\cpu.$logic_and$../picorv32.v:872$1569_Y, Q = \soc.cpu.instr_waitirq).
Adding SRST signal on $flatten\soc.\cpu.$procdff$6914 ($dff) from module icebreaker (D = $flatten\soc.\cpu.$procmux$3427_Y, Q = \soc.cpu.latched_is_lb, rval = 1'0).
Adding EN signal on $auto$ff.cc:337:slice$8711 ($sdff) from module icebreaker (D = $flatten\soc.\cpu.$procmux$3427_Y, Q = \soc.cpu.latched_is_lb).
Adding SRST signal on $flatten\soc.\cpu.$procdff$6948 ($dff) from module icebreaker (D = $flatten\soc.\cpu.$procmux$4709_Y, Q = \soc.cpu.instr_xori, rval = 1'0).
Adding EN signal on $auto$ff.cc:337:slice$8721 ($sdff) from module icebreaker (D = $flatten\soc.\cpu.$logic_and$../picorv32.v:1060$1664_Y, Q = \soc.cpu.instr_xori).
Adding SRST signal on $flatten\soc.\cpu.$procdff$6913 ($dff) from module icebreaker (D = $flatten\soc.\cpu.$procmux$3440_Y, Q = \soc.cpu.latched_is_lh, rval = 1'0).
Adding EN signal on $auto$ff.cc:337:slice$8723 ($sdff) from module icebreaker (D = $flatten\soc.\cpu.$procmux$3440_Y, Q = \soc.cpu.latched_is_lh).
Adding EN signal on $flatten\soc.\cpu.$procdff$6928 ($dff) from module icebreaker (D = $flatten\soc.\cpu.$eq$../picorv32.v:868$1558_Y, Q = \soc.cpu.instr_auipc).
Adding SRST signal on $flatten\soc.\cpu.$procdff$6931 ($dff) from module icebreaker (D = $flatten\soc.\cpu.$procmux$4761_Y, Q = \soc.cpu.instr_beq, rval = 1'0).
Adding EN signal on $auto$ff.cc:337:slice$8734 ($sdff) from module icebreaker (D = $flatten\soc.\cpu.$logic_and$../picorv32.v:1040$1630_Y, Q = \soc.cpu.instr_beq).
Adding EN signal on $flatten\soc.\spimemio.$procdff$7293 ($dff) from module icebreaker (D = { \soc.spimemio.xfer.ibuffer \soc.spimemio.buffer }, Q = \soc.spimemio.rdata).
Adding SRST signal on $flatten\soc.\spimemio.$procdff$7294 ($dff) from module icebreaker (D = $flatten\soc.\spimemio.$procmux$6387_Y, Q = \soc.spimemio.xfer_resetn, rval = 1'0).
Adding SRST signal on $flatten\soc.\spimemio.$procdff$7295 ($dff) from module icebreaker (D = $flatten\soc.\spimemio.$procmux$6489_Y, Q = \soc.spimemio.din_valid, rval = 1'0).
Adding EN signal on $flatten\soc.\spimemio.$procdff$7296 ($dff) from module icebreaker (D = $flatten\soc.\spimemio.$procmux$6601_Y, Q = \soc.spimemio.din_data).
Adding SRST signal on $flatten\soc.\spimemio.$procdff$7297 ($dff) from module icebreaker (D = $flatten\soc.\spimemio.$procmux$6582_Y, Q = \soc.spimemio.din_tag, rval = 4'0000).
Adding EN signal on $auto$ff.cc:337:slice$8754 ($sdff) from module icebreaker (D = $flatten\soc.\spimemio.$procmux$6582_Y, Q = \soc.spimemio.din_tag).
Adding SRST signal on $flatten\soc.\spimemio.$procdff$7299 ($dff) from module icebreaker (D = $flatten\soc.\spimemio.$procmux$6572_Y, Q = \soc.spimemio.din_qspi, rval = 1'0).
Adding SRST signal on $flatten\soc.\spimemio.$procdff$7300 ($dff) from module icebreaker (D = $flatten\soc.\spimemio.$procmux$6553_Y, Q = \soc.spimemio.din_ddr, rval = 1'0).
Adding SRST signal on $flatten\soc.\spimemio.$procdff$7301 ($dff) from module icebreaker (D = $flatten\soc.\spimemio.$procmux$6532_Y, Q = \soc.spimemio.din_rd, rval = 1'0).
Adding EN signal on $auto$ff.cc:337:slice$8766 ($sdff) from module icebreaker (D = 1'1, Q = \soc.spimemio.din_rd).
Adding EN signal on $flatten\soc.\spimemio.$procdff$7302 ($dff) from module icebreaker (D = \soc.spimemio.xfer.ibuffer, Q = \soc.spimemio.buffer [7:0]).
Adding EN signal on $flatten\soc.\spimemio.$procdff$7302 ($dff) from module icebreaker (D = \soc.spimemio.xfer.ibuffer, Q = \soc.spimemio.buffer [15:8]).
Adding EN signal on $flatten\soc.\spimemio.$procdff$7302 ($dff) from module icebreaker (D = \soc.spimemio.xfer.ibuffer, Q = \soc.spimemio.buffer [23:16]).
Adding EN signal on $flatten\soc.\spimemio.$procdff$7303 ($dff) from module icebreaker (D = $flatten\soc.\spimemio.$ternary$spimemio.v:226$548_Y [23:0], Q = \soc.spimemio.rd_addr).
Adding SRST signal on $auto$ff.cc:337:slice$8787 ($dffe) from module icebreaker (D = $flatten\soc.\spimemio.$add$spimemio.v:226$546_Y [1:0], Q = \soc.spimemio.rd_addr [1:0], rval = 2'00).
Adding SRST signal on $flatten\soc.\spimemio.$procdff$7304 ($dff) from module icebreaker (D = $flatten\soc.\spimemio.$procmux$6473_Y, Q = \soc.spimemio.rd_valid, rval = 1'0).
Adding EN signal on $auto$ff.cc:337:slice$8794 ($sdff) from module icebreaker (D = 1'1, Q = \soc.spimemio.rd_valid).
Adding EN signal on $flatten\soc.\spimemio.$procdff$7305 ($dff) from module icebreaker (D = $flatten\soc.\spimemio.$procmux$6468_Y, Q = \soc.spimemio.rd_wait).
Adding SRST signal on $auto$ff.cc:337:slice$8798 ($dffe) from module icebreaker (D = $flatten\soc.\spimemio.$procmux$6466_Y, Q = \soc.spimemio.rd_wait, rval = 1'0).
Adding EN signal on $flatten\soc.\spimemio.$procdff$7306 ($dff) from module icebreaker (D = $flatten\soc.\spimemio.$procmux$6461_Y, Q = \soc.spimemio.rd_inc).
Adding SRST signal on $auto$ff.cc:337:slice$8806 ($dffe) from module icebreaker (D = $flatten\soc.\spimemio.$procmux$6449_Y, Q = \soc.spimemio.rd_inc, rval = 1'0).
Adding SRST signal on $flatten\soc.\spimemio.$procdff$7312 ($dff) from module icebreaker (D = $flatten\soc.\spimemio.$logic_or$spimemio.v:100$515_Y, Q = \soc.spimemio.softreset, rval = 1'1).
Adding SRST signal on $flatten\soc.\spimemio.$procdff$7313 ($dff) from module icebreaker (D = $flatten\soc.\spimemio.$procmux$6672_Y, Q = \soc.spimemio.config_en, rval = 1'1).
Adding EN signal on $auto$ff.cc:337:slice$8817 ($sdff) from module icebreaker (D = \soc.cpu.mem_wdata [31], Q = \soc.spimemio.config_en).
Adding SRST signal on $flatten\soc.\spimemio.$procdff$7314 ($dff) from module icebreaker (D = $flatten\soc.\spimemio.$procmux$6667_Y, Q = \soc.spimemio.config_ddr, rval = 1'0).
Adding EN signal on $auto$ff.cc:337:slice$8819 ($sdff) from module icebreaker (D = \soc.cpu.mem_wdata [22], Q = \soc.spimemio.config_ddr).
Adding SRST signal on $flatten\soc.\spimemio.$procdff$7315 ($dff) from module icebreaker (D = $flatten\soc.\spimemio.$procmux$6662_Y, Q = \soc.spimemio.config_qspi, rval = 1'0).
Adding EN signal on $auto$ff.cc:337:slice$8821 ($sdff) from module icebreaker (D = \soc.cpu.mem_wdata [21], Q = \soc.spimemio.config_qspi).
Adding SRST signal on $flatten\soc.\spimemio.$procdff$7316 ($dff) from module icebreaker (D = $flatten\soc.\spimemio.$procmux$6657_Y, Q = \soc.spimemio.config_cont, rval = 1'0).
Adding EN signal on $auto$ff.cc:337:slice$8823 ($sdff) from module icebreaker (D = \soc.cpu.mem_wdata [20], Q = \soc.spimemio.config_cont).
Adding SRST signal on $flatten\soc.\spimemio.$procdff$7317 ($dff) from module icebreaker (D = $flatten\soc.\spimemio.$procmux$6652_Y, Q = \soc.spimemio.config_dummy, rval = 4'1000).
Adding EN signal on $auto$ff.cc:337:slice$8825 ($sdff) from module icebreaker (D = \soc.cpu.mem_wdata [19:16], Q = \soc.spimemio.config_dummy).
Adding SRST signal on $flatten\soc.\spimemio.$procdff$7318 ($dff) from module icebreaker (D = $flatten\soc.\spimemio.$procmux$6647_Y, Q = \soc.spimemio.config_oe, rval = 4'0000).
Adding EN signal on $auto$ff.cc:337:slice$8827 ($sdff) from module icebreaker (D = \soc.cpu.mem_wdata [11:8], Q = \soc.spimemio.config_oe).
Adding SRST signal on $flatten\soc.\spimemio.$procdff$7319 ($dff) from module icebreaker (D = $flatten\soc.\spimemio.$procmux$6642_Y, Q = \soc.spimemio.config_csb, rval = 1'0).
Adding EN signal on $auto$ff.cc:337:slice$8829 ($sdff) from module icebreaker (D = \soc.cpu.mem_wdata [5], Q = \soc.spimemio.config_csb).
Adding SRST signal on $flatten\soc.\spimemio.$procdff$7320 ($dff) from module icebreaker (D = $flatten\soc.\spimemio.$procmux$6637_Y, Q = \soc.spimemio.config_clk, rval = 1'0).
Adding EN signal on $auto$ff.cc:337:slice$8831 ($sdff) from module icebreaker (D = \soc.cpu.mem_wdata [4], Q = \soc.spimemio.config_clk).
Adding SRST signal on $flatten\soc.\spimemio.$procdff$7321 ($dff) from module icebreaker (D = $flatten\soc.\spimemio.$procmux$6632_Y, Q = \soc.spimemio.config_do, rval = 4'0000).
Adding EN signal on $auto$ff.cc:337:slice$8833 ($sdff) from module icebreaker (D = \soc.cpu.mem_wdata [3:0], Q = \soc.spimemio.config_do).
Adding SRST signal on $flatten\soc.\spimemio.\xfer.$procdff$6868 ($dff) from module icebreaker (D = \soc.spimemio.xfer.fetch, Q = \soc.spimemio.xfer.last_fetch, rval = 1'1).
Adding SRST signal on $flatten\soc.\spimemio.\xfer.$procdff$6867 ($dff) from module icebreaker (D = \soc.spimemio.xfer.next_fetch, Q = \soc.spimemio.xfer.fetch, rval = 1'1).
Adding SRST signal on $flatten\soc.\spimemio.\xfer.$procdff$6866 ($dff) from module icebreaker (D = $flatten\soc.\spimemio.\xfer.$procmux$2240_Y, Q = \soc.spimemio.xfer.xfer_tag, rval = 4'0000).
Adding EN signal on $auto$ff.cc:337:slice$8839 ($sdff) from module icebreaker (D = \soc.spimemio.din_tag, Q = \soc.spimemio.xfer.xfer_tag).
Adding SRST signal on $flatten\soc.\spimemio.\xfer.$procdff$6865 ($dff) from module icebreaker (D = $flatten\soc.\spimemio.\xfer.$procmux$2245_Y, Q = \soc.spimemio.xfer.xfer_rd, rval = 1'0).
Adding EN signal on $auto$ff.cc:337:slice$8841 ($sdff) from module icebreaker (D = \soc.spimemio.din_rd, Q = \soc.spimemio.xfer.xfer_rd).
Adding SRST signal on $flatten\soc.\spimemio.\xfer.$procdff$6864 ($dff) from module icebreaker (D = $flatten\soc.\spimemio.\xfer.$procmux$2250_Y, Q = \soc.spimemio.xfer.xfer_qspi, rval = 1'0).
Adding EN signal on $auto$ff.cc:337:slice$8843 ($sdff) from module icebreaker (D = \soc.spimemio.din_qspi, Q = \soc.spimemio.xfer.xfer_qspi).
Adding SRST signal on $flatten\soc.\spimemio.\xfer.$procdff$6862 ($dff) from module icebreaker (D = $flatten\soc.\spimemio.\xfer.$procmux$2263_Y, Q = \soc.spimemio.xfer.dummy_count, rval = 4'0000).
Adding EN signal on $auto$ff.cc:337:slice$8845 ($sdff) from module icebreaker (D = $flatten\soc.\spimemio.\xfer.$procmux$2263_Y, Q = \soc.spimemio.xfer.dummy_count).
Adding SRST signal on $flatten\soc.\spimemio.\xfer.$procdff$6861 ($dff) from module icebreaker (D = $flatten\soc.\spimemio.\xfer.$procmux$2273_Y [3], Q = \soc.spimemio.xfer.count [3], rval = 1'0).
Adding SRST signal on $flatten\soc.\spimemio.\xfer.$procdff$6861 ($dff) from module icebreaker (D = $flatten\soc.\spimemio.\xfer.$procmux$2271_Y [2:0], Q = \soc.spimemio.xfer.count [2:0], rval = 3'000).
Adding EN signal on $auto$ff.cc:337:slice$8850 ($sdff) from module icebreaker (D = $flatten\soc.\spimemio.\xfer.$2\next_count[3:0] [2:0], Q = \soc.spimemio.xfer.count [2:0]).
Adding EN signal on $auto$ff.cc:337:slice$8849 ($sdff) from module icebreaker (D = $flatten\soc.\spimemio.\xfer.$procmux$2273_Y [3], Q = \soc.spimemio.xfer.count [3]).
Adding EN signal on $flatten\soc.\spimemio.\xfer.$procdff$6860 ($dff) from module icebreaker (D = $flatten\soc.\spimemio.\xfer.$2\next_ibuffer[7:0], Q = \soc.spimemio.xfer.ibuffer).
Adding EN signal on $flatten\soc.\spimemio.\xfer.$procdff$6859 ($dff) from module icebreaker (D = $flatten\soc.\spimemio.\xfer.$procmux$2291_Y, Q = \soc.spimemio.xfer.obuffer).
Adding SRST signal on $flatten\soc.\spimemio.\xfer.$procdff$6858 ($dff) from module icebreaker (D = $flatten\soc.\spimemio.\xfer.$procmux$2296_Y, Q = \soc.spimemio.xfer.xfer_ddr, rval = 1'0).
Adding EN signal on $auto$ff.cc:337:slice$8903 ($sdff) from module icebreaker (D = \soc.spimemio.xfer.din_ddr, Q = \soc.spimemio.xfer.xfer_ddr).
Adding SRST signal on $flatten\soc.\spimemio.\xfer.$procdff$6857 ($dff) from module icebreaker (D = $flatten\soc.\spimemio.\xfer.$procmux$2301_Y, Q = \soc.spimemio.xfer.xfer_dspi, rval = 1'0).
Adding EN signal on $auto$ff.cc:337:slice$8905 ($sdff) from module icebreaker (D = \soc.spimemio.xfer.din_dspi, Q = \soc.spimemio.xfer.xfer_dspi).
Adding SRST signal on $flatten\soc.\spimemio.\xfer.$procdff$6856 ($dff) from module icebreaker (D = $flatten\soc.\spimemio.\xfer.$procmux$2309_Y, Q = \soc.spimemio.xfer.flash_clk, rval = 1'0).
Adding EN signal on $auto$ff.cc:337:slice$8907 ($sdff) from module icebreaker (D = $flatten\soc.\spimemio.\xfer.$procmux$2309_Y, Q = \soc.spimemio.xfer.flash_clk).
Adding SRST signal on $flatten\soc.\spimemio.\xfer.$procdff$6855 ($dff) from module icebreaker (D = $flatten\soc.\spimemio.\xfer.$procmux$2316_Y, Q = \soc.spimemio.xfer.flash_csb, rval = 1'1).
Adding EN signal on $auto$ff.cc:337:slice$8915 ($sdff) from module icebreaker (D = 1'0, Q = \soc.spimemio.xfer.flash_csb).
Adding SRST signal on $flatten\soc.\cpu.$procdff$6912 ($dff) from module icebreaker (D = $flatten\soc.\cpu.$procmux$3453_Y, Q = \soc.cpu.latched_is_lu, rval = 1'0).
Adding EN signal on $auto$ff.cc:337:slice$8917 ($sdff) from module icebreaker (D = $flatten\soc.\cpu.$procmux$3453_Y, Q = \soc.cpu.latched_is_lu).
Adding SRST signal on $flatten\soc.\cpu.$procdff$6872 ($dff) from module icebreaker (D = $flatten\soc.\cpu.$procmux$4198_Y, Q = \soc.cpu.pcpi_valid, rval = 1'0).
Adding EN signal on $auto$ff.cc:337:slice$8927 ($sdff) from module icebreaker (D = $flatten\soc.\cpu.$procmux$4194_Y, Q = \soc.cpu.pcpi_valid).
Adding EN signal on $flatten\soc.\cpu.$procdff$6929 ($dff) from module icebreaker (D = $flatten\soc.\cpu.$eq$../picorv32.v:869$1559_Y, Q = \soc.cpu.instr_jal).
Adding SRST signal on $flatten\soc.\cpu.$procdff$6947 ($dff) from module icebreaker (D = $flatten\soc.\cpu.$procmux$4713_Y, Q = \soc.cpu.instr_sltiu, rval = 1'0).
Adding EN signal on $auto$ff.cc:337:slice$8932 ($sdff) from module icebreaker (D = $flatten\soc.\cpu.$logic_and$../picorv32.v:1059$1662_Y, Q = \soc.cpu.instr_sltiu).
Adding SRST signal on $flatten\soc.\cpu.$procdff$6871 ($dff) from module icebreaker (D = $flatten\soc.\cpu.$procmux$3380_Y, Q = \soc.cpu.trap, rval = 1'0).
Adding EN signal on $flatten\soc.\cpu.$procdff$6984 ($dff) from module icebreaker (D = $flatten\soc.\cpu.$logic_and$../picorv32.v:1095$1787_Y, Q = \soc.cpu.is_slli_srli_srai).
Adding SRST signal on $flatten\soc.\cpu.$procdff$6946 ($dff) from module icebreaker (D = $flatten\soc.\cpu.$procmux$4717_Y, Q = \soc.cpu.instr_slti, rval = 1'0).
Adding EN signal on $auto$ff.cc:337:slice$8936 ($sdff) from module icebreaker (D = $flatten\soc.\cpu.$logic_and$../picorv32.v:1058$1660_Y, Q = \soc.cpu.instr_slti).
Adding SRST signal on $flatten\soc.\cpu.$procdff$6945 ($dff) from module icebreaker (D = $flatten\soc.\cpu.$procmux$4721_Y, Q = \soc.cpu.instr_addi, rval = 1'0).
Adding EN signal on $auto$ff.cc:337:slice$8938 ($sdff) from module icebreaker (D = $flatten\soc.\cpu.$logic_and$../picorv32.v:1057$1658_Y, Q = \soc.cpu.instr_addi).
Adding EN signal on $flatten\soc.\cpu.$procdff$6944 ($dff) from module icebreaker (D = $flatten\soc.\cpu.$logic_and$../picorv32.v:1055$1656_Y, Q = \soc.cpu.instr_sw).
Adding EN signal on $flatten\soc.\cpu.$procdff$6976 ($dff) from module icebreaker (D = \soc.cpu.mem_rdata_latched [11:7], Q = \soc.cpu.decoded_rd).
Adding EN signal on $flatten\soc.\cpu.$procdff$6939 ($dff) from module icebreaker (D = $flatten\soc.\cpu.$logic_and$../picorv32.v:1049$1646_Y, Q = \soc.cpu.instr_lw).
Adding EN signal on $flatten\soc.\cpu.$procdff$6973 ($dff) from module icebreaker (D = $flatten\soc.\cpu.$logic_and$../picorv32.v:1092$1770_Y, Q = \soc.cpu.instr_maskirq).
Adding EN signal on $flatten\soc.\cpu.$procdff$6938 ($dff) from module icebreaker (D = $flatten\soc.\cpu.$logic_and$../picorv32.v:1048$1644_Y, Q = \soc.cpu.instr_lh).
Adding EN signal on $flatten\soc.\cpu.$procdff$6937 ($dff) from module icebreaker (D = $flatten\soc.\cpu.$logic_and$../picorv32.v:1047$1642_Y, Q = \soc.cpu.instr_lb).
Adding EN signal on $flatten\soc.\cpu.$procdff$6972 ($dff) from module icebreaker (D = $flatten\soc.\cpu.$logic_and$../picorv32.v:871$1565_Y, Q = \soc.cpu.instr_retirq).
Adding EN signal on $flatten\soc.\cpu.$procdff$6971 ($dff) from module icebreaker (D = 1'0, Q = \soc.cpu.instr_setq).
Adding EN signal on $flatten\soc.\cpu.$procdff$6970 ($dff) from module icebreaker (D = 1'0, Q = \soc.cpu.instr_getq).
Adding SRST signal on $flatten\soc.\cpu.$procdff$6882 ($dff) from module icebreaker (D = $flatten\soc.\cpu.$procmux$3293_Y, Q = \soc.cpu.reg_out, rval = 131072).
Adding EN signal on $flatten\soc.\cpu.$procdff$6940 ($dff) from module icebreaker (D = $flatten\soc.\cpu.$logic_and$../picorv32.v:1050$1648_Y, Q = \soc.cpu.instr_lbu).
Adding SRST signal on $flatten\soc.\cpu.$procdff$6933 ($dff) from module icebreaker (D = $flatten\soc.\cpu.$procmux$4753_Y, Q = \soc.cpu.instr_blt, rval = 1'0).
Adding EN signal on $auto$ff.cc:337:slice$8951 ($sdff) from module icebreaker (D = $flatten\soc.\cpu.$logic_and$../picorv32.v:1042$1634_Y, Q = \soc.cpu.instr_blt).
Adding EN signal on $flatten\soc.\cpu.$procdff$6881 ($dff) from module icebreaker (D = $flatten\soc.\cpu.$procmux$4037_Y, Q = \soc.cpu.reg_op2).
Adding EN signal on $flatten\soc.\cpu.$procdff$6927 ($dff) from module icebreaker (D = $flatten\soc.\cpu.$eq$../picorv32.v:867$1557_Y, Q = \soc.cpu.instr_lui).
Adding SRST signal on $flatten\soc.\cpu.$procdff$6969 ($dff) from module icebreaker (D = $flatten\soc.\cpu.$procmux$4641_Y, Q = \soc.cpu.instr_fence, rval = 1'0).
Adding EN signal on $auto$ff.cc:337:slice$8957 ($sdff) from module icebreaker (D = $flatten\soc.\cpu.$logic_and$../picorv32.v:1088$1757_Y, Q = \soc.cpu.instr_fence).
Adding EN signal on $flatten\soc.\cpu.$procdff$6968 ($dff) from module icebreaker (D = $flatten\soc.\cpu.$logic_and$../picorv32.v:1086$1751_Y, Q = \soc.cpu.instr_ecall_ebreak).
Adding SRST signal on $flatten\soc.\cpu.$procdff$6879 ($dff) from module icebreaker (D = $flatten\soc.\cpu.$procmux$4122_Y, Q = \soc.cpu.reg_next_pc, rval = 1048576).
Adding EN signal on $auto$ff.cc:337:slice$8960 ($sdff) from module icebreaker (D = $flatten\soc.\cpu.$procmux$4120_Y, Q = \soc.cpu.reg_next_pc).
Adding EN signal on $flatten\soc.\cpu.$procdff$6926 ($dff) from module icebreaker (D = \soc.cpu.mem_rdata_q, Q = \soc.cpu.pcpi_insn).
Adding SRST signal on $flatten\soc.\cpu.$procdff$6878 ($dff) from module icebreaker (D = $flatten\soc.\cpu.$procmux$4134_Y, Q = \soc.cpu.reg_pc, rval = 1048576).
Adding EN signal on $auto$ff.cc:337:slice$8963 ($sdff) from module icebreaker (D = $flatten\soc.\cpu.$3\current_pc[31:0], Q = \soc.cpu.reg_pc).
Adding SRST signal on $flatten\soc.\cpu.$procdff$6877 ($dff) from module icebreaker (D = $flatten\soc.\cpu.$procmux$4154_Y, Q = \soc.cpu.count_instr, rval = 64'0000000000000000000000000000000000000000000000000000000000000000).
Adding EN signal on $auto$ff.cc:337:slice$8965 ($sdff) from module icebreaker (D = $flatten\soc.\cpu.$add$../picorv32.v:1564$1941_Y, Q = \soc.cpu.count_instr).
Adding SRST signal on $flatten\soc.\cpu.$procdff$6876 ($dff) from module icebreaker (D = $flatten\soc.\cpu.$add$../picorv32.v:1433$1887_Y, Q = \soc.cpu.count_cycle, rval = 64'0000000000000000000000000000000000000000000000000000000000000000).
Adding SRST signal on $flatten\soc.\cpu.$procdff$6907 ($dff) from module icebreaker (D = $flatten\soc.\cpu.$procmux$3541_Y, Q = \soc.cpu.latched_store, rval = 1'1).
Adding EN signal on $auto$ff.cc:337:slice$8974 ($sdff) from module icebreaker (D = $flatten\soc.\cpu.$procmux$3541_Y, Q = \soc.cpu.latched_store).
Adding SRST signal on $flatten\soc.\cpu.$procdff$6884 ($dff) from module icebreaker (D = $flatten\soc.\cpu.$procmux$4024_Y, Q = \soc.cpu.irq_delay, rval = 1'0).
Adding EN signal on $auto$ff.cc:337:slice$8984 ($sdff) from module icebreaker (D = \soc.cpu.irq_active, Q = \soc.cpu.irq_delay).
Adding EN signal on $flatten\soc.\cpu.$procdff$6941 ($dff) from module icebreaker (D = $flatten\soc.\cpu.$logic_and$../picorv32.v:1051$1650_Y, Q = \soc.cpu.instr_lhu).
Adding EN signal on $flatten\soc.\cpu.$procdff$6967 ($dff) from module icebreaker (D = $flatten\soc.\cpu.$logic_and$../picorv32.v:1084$1744_Y, Q = \soc.cpu.instr_rdinstrh).
Adding EN signal on $flatten\soc.\cpu.$procdff$6942 ($dff) from module icebreaker (D = $flatten\soc.\cpu.$logic_and$../picorv32.v:1053$1652_Y, Q = \soc.cpu.instr_sb).
Adding EN signal on $flatten\soc.\cpu.$procdff$6966 ($dff) from module icebreaker (D = $flatten\soc.\cpu.$logic_and$../picorv32.v:1083$1740_Y, Q = \soc.cpu.instr_rdinstr).
Adding EN signal on $flatten\soc.\cpu.$procdff$6965 ($dff) from module icebreaker (D = $flatten\soc.\cpu.$logic_and$../picorv32.v:1081$1736_Y, Q = \soc.cpu.instr_rdcycleh).
Adding EN signal on $flatten\soc.\cpu.$procdff$6964 ($dff) from module icebreaker (D = $flatten\soc.\cpu.$logic_and$../picorv32.v:1079$1728_Y, Q = \soc.cpu.instr_rdcycle).
Adding SRST signal on $flatten\soc.\cpu.$procdff$6963 ($dff) from module icebreaker (D = $flatten\soc.\cpu.$procmux$4655_Y, Q = \soc.cpu.instr_and, rval = 1'0).
Adding EN signal on $auto$ff.cc:337:slice$8998 ($sdff) from module icebreaker (D = $flatten\soc.\cpu.$logic_and$../picorv32.v:1077$1720_Y, Q = \soc.cpu.instr_and).
Adding SRST signal on $flatten\soc.\cpu.$procdff$6962 ($dff) from module icebreaker (D = $flatten\soc.\cpu.$procmux$4659_Y, Q = \soc.cpu.instr_or, rval = 1'0).
Adding EN signal on $auto$ff.cc:337:slice$9000 ($sdff) from module icebreaker (D = $flatten\soc.\cpu.$logic_and$../picorv32.v:1076$1716_Y, Q = \soc.cpu.instr_or).
Adding SRST signal on $flatten\soc.\cpu.$procdff$6961 ($dff) from module icebreaker (D = $flatten\soc.\cpu.$procmux$4663_Y, Q = \soc.cpu.instr_sra, rval = 1'0).
Adding EN signal on $auto$ff.cc:337:slice$9002 ($sdff) from module icebreaker (D = $flatten\soc.\cpu.$logic_and$../picorv32.v:1075$1712_Y, Q = \soc.cpu.instr_sra).
Adding SRST signal on $flatten\soc.\cpu.$procdff$6960 ($dff) from module icebreaker (D = $flatten\soc.\cpu.$procmux$4667_Y, Q = \soc.cpu.instr_srl, rval = 1'0).
Adding EN signal on $auto$ff.cc:337:slice$9004 ($sdff) from module icebreaker (D = $flatten\soc.\cpu.$logic_and$../picorv32.v:1074$1708_Y, Q = \soc.cpu.instr_srl).
Adding EN signal on $flatten\soc.\cpu.$procdff$6880 ($dff) from module icebreaker (D = $flatten\soc.\cpu.$procmux$4059_Y [31], Q = \soc.cpu.reg_op1 [31]).
Adding EN signal on $flatten\soc.\cpu.$procdff$6880 ($dff) from module icebreaker (D = $flatten\soc.\cpu.$procmux$4059_Y [30:0], Q = \soc.cpu.reg_op1 [30:0]).
Adding SRST signal on $flatten\soc.\cpu.$procdff$6959 ($dff) from module icebreaker (D = $flatten\soc.\cpu.$procmux$4671_Y, Q = \soc.cpu.instr_xor, rval = 1'0).
Adding EN signal on $auto$ff.cc:337:slice$9042 ($sdff) from module icebreaker (D = $flatten\soc.\cpu.$logic_and$../picorv32.v:1073$1704_Y, Q = \soc.cpu.instr_xor).
Adding SRST signal on $flatten\soc.\cpu.$procdff$6958 ($dff) from module icebreaker (D = $flatten\soc.\cpu.$procmux$4675_Y, Q = \soc.cpu.instr_sltu, rval = 1'0).
Adding EN signal on $auto$ff.cc:337:slice$9044 ($sdff) from module icebreaker (D = $flatten\soc.\cpu.$logic_and$../picorv32.v:1072$1700_Y, Q = \soc.cpu.instr_sltu).
Adding EN signal on $flatten\soc.\cpu.$procdff$6943 ($dff) from module icebreaker (D = $flatten\soc.\cpu.$logic_and$../picorv32.v:1054$1654_Y, Q = \soc.cpu.instr_sh).
Adding SRST signal on $flatten\soc.\cpu.$procdff$6957 ($dff) from module icebreaker (D = $flatten\soc.\cpu.$procmux$4679_Y, Q = \soc.cpu.instr_slt, rval = 1'0).
Adding EN signal on $auto$ff.cc:337:slice$9047 ($sdff) from module icebreaker (D = $flatten\soc.\cpu.$logic_and$../picorv32.v:1071$1696_Y, Q = \soc.cpu.instr_slt).
Adding SRST signal on $flatten\soc.\cpu.$procdff$6956 ($dff) from module icebreaker (D = $flatten\soc.\cpu.$procmux$4683_Y, Q = \soc.cpu.instr_sll, rval = 1'0).
Adding EN signal on $auto$ff.cc:337:slice$9049 ($sdff) from module icebreaker (D = $flatten\soc.\cpu.$logic_and$../picorv32.v:1070$1692_Y, Q = \soc.cpu.instr_sll).
Adding SRST signal on $flatten\soc.\cpu.$procdff$6955 ($dff) from module icebreaker (D = $flatten\soc.\cpu.$procmux$4687_Y, Q = \soc.cpu.instr_sub, rval = 1'0).
Adding EN signal on $auto$ff.cc:337:slice$9051 ($sdff) from module icebreaker (D = $flatten\soc.\cpu.$logic_and$../picorv32.v:1069$1688_Y, Q = \soc.cpu.instr_sub).
Adding SRST signal on $flatten\soc.\cpu.$procdff$6954 ($dff) from module icebreaker (D = $flatten\soc.\cpu.$procmux$4691_Y, Q = \soc.cpu.instr_add, rval = 1'0).
Adding EN signal on $auto$ff.cc:337:slice$9053 ($sdff) from module icebreaker (D = $flatten\soc.\cpu.$logic_and$../picorv32.v:1068$1684_Y, Q = \soc.cpu.instr_add).
Adding EN signal on $flatten\soc.\cpu.$procdff$6953 ($dff) from module icebreaker (D = $flatten\soc.\cpu.$logic_and$../picorv32.v:1066$1680_Y, Q = \soc.cpu.instr_srai).
Adding SRST signal on $flatten\soc.\cpu.$procdff$6885 ($dff) from module icebreaker (D = $flatten\soc.\cpu.$procmux$3999_Y, Q = \soc.cpu.irq_active, rval = 1'0).
Adding EN signal on $auto$ff.cc:337:slice$9056 ($sdff) from module icebreaker (D = $flatten\soc.\cpu.$procmux$3999_Y, Q = \soc.cpu.irq_active).
Adding SRST signal on $flatten\soc.\cpu.$procdff$6920 ($dff) from module icebreaker (D = $flatten\soc.\cpu.$procmux$3145_Y, Q = \soc.cpu.do_waitirq, rval = 1'0).
Adding SRST signal on $flatten\soc.\cpu.$procdff$6903 ($dff) from module icebreaker (D = $flatten\soc.\cpu.$procmux$3599_Y, Q = \soc.cpu.irq_state, rval = 2'00).
Adding EN signal on $auto$ff.cc:337:slice$9075 ($sdff) from module icebreaker (D = $flatten\soc.\cpu.$ternary$../picorv32.v:1540$1931_Y, Q = \soc.cpu.irq_state).
Adding SRST signal on $flatten\soc.\cpu.$procdff$6917 ($dff) from module icebreaker (D = $flatten\soc.\cpu.$procmux$3386_Y, Q = \soc.cpu.pcpi_timeout_counter, rval = 4'1111).
Adding EN signal on $auto$ff.cc:337:slice$9079 ($sdff) from module icebreaker (D = $flatten\soc.\cpu.$sub$../picorv32.v:1426$1885_Y [3:0], Q = \soc.cpu.pcpi_timeout_counter).
Adding EN signal on $flatten\soc.\cpu.$procdff$6983 ($dff) from module icebreaker (D = $flatten\soc.\cpu.$eq$../picorv32.v:875$1572_Y, Q = \soc.cpu.is_lb_lh_lw_lbu_lhu).
Adding EN signal on $flatten\soc.\cpu.$procdff$6930 ($dff) from module icebreaker (D = $flatten\soc.\cpu.$logic_and$../picorv32.v:870$1562_Y, Q = \soc.cpu.instr_jalr).
Adding EN signal on $flatten\soc.\cpu.$procdff$6952 ($dff) from module icebreaker (D = $flatten\soc.\cpu.$logic_and$../picorv32.v:1065$1676_Y, Q = \soc.cpu.instr_srli).
Adding EN signal on $flatten\soc.\cpu.$procdff$7011 ($dff) from module icebreaker (D = $flatten\soc.\cpu.$0\mem_valid[0:0], Q = \soc.cpu.mem_valid).
Adding EN signal on $flatten\soc.\cpu.$procdff$6951 ($dff) from module icebreaker (D = $flatten\soc.\cpu.$logic_and$../picorv32.v:1064$1672_Y, Q = \soc.cpu.instr_slli).
Adding SRST signal on $flatten\soc.\cpu.$procdff$6950 ($dff) from module icebreaker (D = $flatten\soc.\cpu.$procmux$4701_Y, Q = \soc.cpu.instr_andi, rval = 1'0).
Adding EN signal on $auto$ff.cc:337:slice$9096 ($sdff) from module icebreaker (D = $flatten\soc.\cpu.$logic_and$../picorv32.v:1062$1668_Y, Q = \soc.cpu.instr_andi).
Adding SRST signal on $flatten\soc.\spimem_cache.$procdff$7025 ($dff) from module icebreaker (D = $flatten\soc.\spimem_cache.$procmux$6356_Y, Q = \soc.spimem_cache.hit_count, rval = 0).
Adding EN signal on $auto$ff.cc:337:slice$9098 ($sdff) from module icebreaker (D = $flatten\soc.\spimem_cache.$procmux$6356_Y, Q = \soc.spimem_cache.hit_count).
Adding SRST signal on $flatten\soc.\spimem_cache.$procdff$7026 ($dff) from module icebreaker (D = $flatten\soc.\spimem_cache.$procmux$6349_Y, Q = \soc.spimem_cache.miss_count, rval = 0).
Adding SRST signal on $flatten\soc.\spimem_cache.$procdff$7027 ($dff) from module icebreaker (D = $flatten\soc.\spimem_cache.$procmux$6338_Y, Q = \soc.spimem_cache.gen_multi.fill_active, rval = 1'0).
Adding EN signal on $auto$ff.cc:337:slice$9103 ($sdff) from module icebreaker (D = $flatten\soc.\spimem_cache.$procmux$6338_Y, Q = \soc.spimem_cache.gen_multi.fill_active).
Adding SRST signal on $flatten\soc.\spimem_cache.$procdff$7028 ($dff) from module icebreaker (D = $flatten\soc.\spimem_cache.$procmux$6327_Y, Q = \soc.spimem_cache.gen_multi.fill_count, rval = 1'0).
Adding EN signal on $auto$ff.cc:337:slice$9107 ($sdff) from module icebreaker (D = $flatten\soc.\spimem_cache.$procmux$6327_Y, Q = \soc.spimem_cache.gen_multi.fill_count).
Adding EN signal on $flatten\soc.\cpu.$procdff$6910 ($dff) from module icebreaker (D = \soc.cpu.compressed_instr, Q = \soc.cpu.latched_compr).
Adding SRST signal on $flatten\soc.\cpu.$procdff$6918 ($dff) from module icebreaker (D = $flatten\soc.\cpu.$logic_not$../picorv32.v:1429$1886_Y, Q = \soc.cpu.pcpi_timeout, rval = 1'0).
Adding EN signal on $flatten\soc.\cpu.\genblk1.pcpi_mul.$procdff$6849 ($dff) from module icebreaker (D = $flatten\soc.\cpu.\genblk1.pcpi_mul.$procmux$2174_Y, Q = \soc.cpu.genblk1.pcpi_mul.rs2).
Adding SRST signal on $auto$ff.cc:337:slice$9117 ($dffe) from module icebreaker (D = \soc.cpu.reg_op2 [31], Q = \soc.cpu.genblk1.pcpi_mul.rs2 [32], rval = 1'0).
Adding EN signal on $flatten\soc.\cpu.\genblk1.pcpi_mul.$procdff$6848 ($dff) from module icebreaker (D = $flatten\soc.\cpu.\genblk1.pcpi_mul.$procmux$2180_Y, Q = \soc.cpu.genblk1.pcpi_mul.rs1).
Adding SRST signal on $auto$ff.cc:337:slice$9120 ($dffe) from module icebreaker (D = \soc.cpu.reg_op1 [31], Q = \soc.cpu.genblk1.pcpi_mul.rs1 [32], rval = 1'0).
Adding SRST signal on $flatten\soc.\cpu.\genblk1.pcpi_mul.$procdff$6847 ($dff) from module icebreaker (D = { \soc.cpu.genblk1.pcpi_mul.active [2:0] $flatten\soc.\cpu.\genblk1.pcpi_mul.$procmux$2168_Y }, Q = \soc.cpu.genblk1.pcpi_mul.active, rval = 4'0000).
Adding SRST signal on $flatten\soc.\cpu.$procdff$6932 ($dff) from module icebreaker (D = $flatten\soc.\cpu.$procmux$4757_Y, Q = \soc.cpu.instr_bne, rval = 1'0).
Adding EN signal on $auto$ff.cc:337:slice$9124 ($sdff) from module icebreaker (D = $flatten\soc.\cpu.$logic_and$../picorv32.v:1041$1632_Y, Q = \soc.cpu.instr_bne).
Adding EN signal on $flatten\soc.\cpu.$procdff$6994 ($dff) from module icebreaker (D = $flatten\soc.\cpu.$eq$../picorv32.v:878$1575_Y, Q = \soc.cpu.is_alu_reg_reg).
Adding SRST signal on $flatten\soc.\cpu.$procdff$6936 ($dff) from module icebreaker (D = $flatten\soc.\cpu.$procmux$4741_Y, Q = \soc.cpu.instr_bgeu, rval = 1'0).
Adding EN signal on $auto$ff.cc:337:slice$9127 ($sdff) from module icebreaker (D = $flatten\soc.\cpu.$logic_and$../picorv32.v:1045$1640_Y, Q = \soc.cpu.instr_bgeu).
Adding SRST signal on $flatten\soc.\cpu.$procdff$6935 ($dff) from module icebreaker (D = $flatten\soc.\cpu.$procmux$4745_Y, Q = \soc.cpu.instr_bltu, rval = 1'0).
Adding EN signal on $auto$ff.cc:337:slice$9129 ($sdff) from module icebreaker (D = $flatten\soc.\cpu.$logic_and$../picorv32.v:1044$1638_Y, Q = \soc.cpu.instr_bltu).
Adding SRST signal on $flatten\soc.\cpu.$procdff$6934 ($dff) from module icebreaker (D = $flatten\soc.\cpu.$procmux$4749_Y, Q = \soc.cpu.instr_bge, rval = 1'0).
Adding EN signal on $auto$ff.cc:337:slice$9131 ($sdff) from module icebreaker (D = $flatten\soc.\cpu.$logic_and$../picorv32.v:1043$1636_Y, Q = \soc.cpu.instr_bge).
Adding EN signal on $flatten\soc.\cpu.$procdff$7021 ($dff) from module icebreaker (D = \soc.cpu.mem_rdata, Q = \soc.cpu.mem_rdata_q).
Adding EN signal on $flatten\soc.\cpu.$procdff$7016 ($dff) from module icebreaker (D = $flatten\soc.\cpu.$0\mem_state[1:0], Q = \soc.cpu.mem_state).
Adding EN signal on $flatten\soc.\cpu.$procdff$7015 ($dff) from module icebreaker (D = $flatten\soc.\cpu.$procmux$5121_Y, Q = \soc.cpu.mem_wstrb).
Adding EN signal on $flatten\soc.\cpu.$procdff$7014 ($dff) from module icebreaker (D = \soc.cpu.mem_la_wdata, Q = \soc.cpu.mem_wdata).
Adding EN signal on $flatten\soc.\cpu.$procdff$7013 ($dff) from module icebreaker (D = \soc.cpu.mem_la_addr, Q = \soc.cpu.mem_addr).
Adding EN signal on $flatten\soc.\cpu.$procdff$6993 ($dff) from module icebreaker (D = $flatten\soc.\cpu.$eq$../picorv32.v:877$1574_Y, Q = \soc.cpu.is_alu_reg_imm).
Adding SRST signal on $flatten\soc.\cpu.$procdff$6991 ($dff) from module icebreaker (D = $flatten\soc.\cpu.$procmux$4495_Y, Q = \soc.cpu.is_beq_bne_blt_bge_bltu_bgeu, rval = 1'0).
Adding EN signal on $auto$ff.cc:337:slice$9161 ($sdff) from module icebreaker (D = $flatten\soc.\cpu.$eq$../picorv32.v:874$1571_Y, Q = \soc.cpu.is_beq_bne_blt_bge_bltu_bgeu).
Adding SRST signal on $flatten\soc.\cpu.$procdff$6909 ($dff) from module icebreaker (D = $flatten\soc.\cpu.$procmux$3498_Y, Q = \soc.cpu.latched_branch, rval = 1'0).
Adding EN signal on $auto$ff.cc:337:slice$9163 ($sdff) from module icebreaker (D = $flatten\soc.\cpu.$procmux$3498_Y, Q = \soc.cpu.latched_branch).
Adding SRST signal on $flatten\soc.\cpu.$procdff$6995 ($dff) from module icebreaker (D = $flatten\soc.\cpu.$reduce_or$../picorv32.v:864$1555_Y, Q = \soc.cpu.is_compare, rval = 1'0).
Adding SRST signal on $flatten\soc.\cpu.$procdff$6988 ($dff) from module icebreaker (D = $flatten\soc.\cpu.$reduce_or$../picorv32.v:860$1551_Y, Q = \soc.cpu.is_lui_auipc_jal_jalr_addi_add_sub, rval = 1'0).
Adding EN signal on $flatten\soc.\cpu.$procdff$6987 ($dff) from module icebreaker (D = $flatten\soc.\cpu.$logic_and$../picorv32.v:1110$1807_Y, Q = \soc.cpu.is_sll_srl_sra).
Adding EN signal on $flatten\soc.\cpu.$procdff$6986 ($dff) from module icebreaker (D = $flatten\soc.\cpu.$eq$../picorv32.v:876$1573_Y, Q = \soc.cpu.is_sb_sh_sw).
Adding EN signal on $flatten\soc.\cpu.$procdff$6985 ($dff) from module icebreaker (D = $flatten\soc.\cpu.$logic_or$../picorv32.v:1101$1796_Y, Q = \soc.cpu.is_jalr_addi_slti_sltiu_xori_ori_andi).
Setting constant 0-bit at position 0 on $auto$ff.cc:337:slice$8948 ($dffe) from module icebreaker.
Setting constant 0-bit at position 0 on $auto$ff.cc:337:slice$8947 ($dffe) from module icebreaker.
Setting constant 0-bit at position 0 on $auto$ff.cc:337:slice$8671 ($dffe) from module icebreaker.
Setting constant 0-bit at position 0 on $auto$ff.cc:337:slice$8638 ($dffe) from module icebreaker.
Setting constant 1-bit at position 0 on $auto$ff.cc:337:slice$8580 ($sdffe) from module icebreaker.

7.13.7. Executing OPT_CLEAN pass (remove unused cells and wires).
Finding unused cells or wires in module \icebreaker..
Removed 304 unused cells and 362 unused wires.
<suppressed ~306 debug messages>

7.13.8. Executing OPT_EXPR pass (perform const folding).
Optimizing module icebreaker.
<suppressed ~39 debug messages>

7.13.9. Rerunning OPT passes. (Maybe there is more to do..)

7.13.10. Executing OPT_MUXTREE pass (detect dead branches in mux trees).
Running muxtree optimizer on module \icebreaker..
  Creating internal representation of mux trees.
  Evaluating internal representation of mux trees.
  Analyzing evaluation results.
Removed 0 multiplexer ports.
<suppressed ~581 debug messages>

7.13.11. Executing OPT_REDUCE pass (consolidate $*mux and $reduce_* inputs).
  Optimizing cells in module \icebreaker.
    New input vector for $reduce_and cell $auto$opt_dff.cc:252:make_patterns_logic$9115: { \soc.cpu.cpu_state [1] \reset_cnt $auto$rtlil.cc:3197:Not$9113 }
    New input vector for $reduce_and cell $auto$opt_dff.cc:252:make_patterns_logic$8664: { \soc.cpu.cpu_state [1] \soc.cpu.decoder_trigger \reset_cnt $auto$rtlil.cc:3197:Not$8658 $auto$rtlil.cc:3197:Not$8660 $auto$rtlil.cc:3197:Not$8662 }
    New input vector for $reduce_and cell $auto$opt_dff.cc:252:make_patterns_logic$9041: { \reset_cnt $auto$opt_dff.cc:234:make_patterns_logic$9026 $auto$opt_dff.cc:234:make_patterns_logic$9028 $auto$opt_dff.cc:234:make_patterns_logic$9030 $auto$opt_dff.cc:234:make_patterns_logic$9032 $auto$opt_dff.cc:234:make_patterns_logic$9034 $auto$opt_dff.cc:234:make_patterns_logic$9036 $auto$opt_dff.cc:234:make_patterns_logic$9038 }
    New input vector for $reduce_and cell $auto$opt_dff.cc:252:make_patterns_logic$9024: { \reset_cnt $auto$opt_dff.cc:234:make_patterns_logic$9007 $auto$opt_dff.cc:234:make_patterns_logic$9009 $auto$opt_dff.cc:234:make_patterns_logic$9011 $auto$opt_dff.cc:234:make_patterns_logic$9013 $auto$opt_dff.cc:234:make_patterns_logic$9015 $auto$opt_dff.cc:234:make_patterns_logic$9017 $auto$opt_dff.cc:234:make_patterns_logic$9019 $auto$opt_dff.cc:234:make_patterns_logic$9021 }
    New input vector for $reduce_and cell $auto$opt_dff.cc:252:make_patterns_logic$8955: { \soc.cpu.cpu_state [2] \reset_cnt }
    New input vector for $reduce_and cell $auto$opt_dff.cc:252:make_patterns_logic$8552: { $logic_and$icebreaker.v:137$402_Y \reset_cnt }
    New input vector for $reduce_and cell $auto$opt_dff.cc:278:combine_resets$8569: { $flatten\soc.\cpu.$logic_or$../picorv32.v:1857$2012_Y \reset_cnt $auto$fsm_map.cc:102:implement_pattern_cache$7979 }
    New ctrl vector for $pmux cell $flatten\soc.\cpu.$procmux$2655: { \soc.cpu.cpu_state [1] \soc.cpu.cpu_state [2] }
  Optimizing cells in module \icebreaker.
Performed a total of 8 changes.

7.13.12. Executing OPT_MERGE pass (detect identical cells).
Finding identical cells in module `\icebreaker'.
Computing hashes of 1797 cells of `\icebreaker'.
Finding duplicate cells in `\icebreaker'.
Computing hashes of 1749 cells of `\icebreaker'.
Finding duplicate cells in `\icebreaker'.
Computing hashes of 1744 cells of `\icebreaker'.
Finding duplicate cells in `\icebreaker'.
<suppressed ~159 debug messages>
Removed a total of 53 cells.

7.13.13. Executing OPT_DFF pass (perform DFF optimizations).
Setting constant 0-bit at position 0 on $auto$ff.cc:337:slice$9111 ($dffe) from module icebreaker.

7.13.14. Executing OPT_CLEAN pass (remove unused cells and wires).
Finding unused cells or wires in module \icebreaker..
Removed 1 unused cells and 55 unused wires.
<suppressed ~2 debug messages>

7.13.15. Executing OPT_EXPR pass (perform const folding).
Optimizing module icebreaker.
<suppressed ~2 debug messages>

7.13.16. Rerunning OPT passes. (Maybe there is more to do..)

7.13.17. Executing OPT_MUXTREE pass (detect dead branches in mux trees).
Running muxtree optimizer on module \icebreaker..
  Creating internal representation of mux trees.
  Evaluating internal representation of mux trees.
  Analyzing evaluation results.
Removed 0 multiplexer ports.
<suppressed ~581 debug messages>

7.13.18. Executing OPT_REDUCE pass (consolidate $*mux and $reduce_* inputs).
  Optimizing cells in module \icebreaker.
Performed a total of 0 changes.

7.13.19. Executing OPT_MERGE pass (detect identical cells).
Finding identical cells in module `\icebreaker'.
Computing hashes of 1740 cells of `\icebreaker'.
Finding duplicate cells in `\icebreaker'.
Removed a total of 0 cells.

7.13.20. Executing OPT_DFF pass (perform DFF optimizations).

7.13.21. Executing OPT_CLEAN pass (remove unused cells and wires).
Finding unused cells or wires in module \icebreaker..
Removed 0 unused cells and 2 unused wires.
<suppressed ~1 debug messages>

7.13.22. Executing OPT_EXPR pass (perform const folding).
Optimizing module icebreaker.

7.13.23. Rerunning OPT passes. (Maybe there is more to do..)

7.13.24. Executing OPT_MUXTREE pass (detect dead branches in mux trees).
Running muxtree optimizer on module \icebreaker..
  Creating internal representation of mux trees.
  Evaluating internal representation of mux trees.
  Analyzing evaluation results.
Removed 0 multiplexer ports.
<suppressed ~581 debug messages>

7.13.25. Executing OPT_REDUCE pass (consolidate $*mux and $reduce_* inputs).
  Optimizing cells in module \icebreaker.
Performed a total of 0 changes.

7.13.26. Executing OPT_MERGE pass (detect identical cells).
Finding identical cells in module `\icebreaker'.
Computing hashes of 1740 cells of `\icebreaker'.
Finding duplicate cells in `\icebreaker'.
Removed a total of 0 cells.

7.13.27. Executing OPT_DFF pass (perform DFF optimizations).

7.13.28. Executing OPT_CLEAN pass (remove unused cells and wires).
Finding unused cells or wires in module \icebreaker..

7.13.29. Executing OPT_EXPR pass (perform const folding).
Optimizing module icebreaker.

7.13.30. Finished fast OPT passes. (There is nothing left to do.)

7.14. Executing WREDUCE pass (reducing word size of cells).
Removed top 24 address bits (of 32) from memory init port icebreaker.$flatten\soc.\spimem_cache.$auto$proc_memwr.cc:45:proc_memwr$7598 (soc.spimem_cache.cache_valid).
Removed top 24 address bits (of 32) from memory init port icebreaker.$flatten\soc.\spimem_cache.$auto$proc_memwr.cc:45:proc_memwr$7597 (soc.spimem_cache.cache_valid).
Removed top 24 address bits (of 32) from memory init port icebreaker.$flatten\soc.\spimem_cache.$auto$proc_memwr.cc:45:proc_memwr$7596 (soc.spimem_cache.cache_valid).
Removed top 24 address bits (of 32) from memory init port icebreaker.$flatten\soc.\spimem_cache.$auto$proc_memwr.cc:45:proc_memwr$7595 (soc.spimem_cache.cache_valid).
Removed top 24 address bits (of 32) from memory init port icebreaker.$flatten\soc.\spimem_cache.$auto$proc_memwr.cc:45:proc_memwr$7594 (soc.spimem_cache.cache_valid).
Removed top 24 address bits (of 32) from memory init port icebreaker.$flatten\soc.\spimem_cache.$auto$proc_memwr.cc:45:proc_memwr$7593 (soc.spimem_cache.cache_valid).
Removed top 24 address bits (of 32) from memory init port icebreaker.$flatten\soc.\spimem_cache.$auto$proc_memwr.cc:45:proc_memwr$7592 (soc.spimem_cache.cache_valid).
Removed top 24 address bits (of 32) from memory init port icebreaker.$flatten\soc.\spimem_cache.$auto$proc_memwr.cc:45:proc_memwr$7591 (soc.spimem_cache.cache_valid).
Removed top 24 address bits (of 32) from memory init port icebreaker.$flatten\soc.\spimem_cache.$auto$proc_memwr.cc:45:proc_memwr$7590 (soc.spimem_cache.cache_valid).
Removed top 24 address bits (of 32) from memory init port icebreaker.$flatten\soc.\spimem_cache.$auto$proc_memwr.cc:45:proc_memwr$7589 (soc.spimem_cache.cache_valid).
Removed top 24 address bits (of 32) from memory init port icebreaker.$flatten\soc.\spimem_cache.$auto$proc_memwr.cc:45:proc_memwr$7588 (soc.spimem_cache.cache_valid).
Removed top 24 address bits (of 32) from memory init port icebreaker.$flatten\soc.\spimem_cache.$auto$proc_memwr.cc:45:proc_memwr$7587 (soc.spimem_cache.cache_valid).
Removed top 24 address bits (of 32) from memory init port icebreaker.$flatten\soc.\spimem_cache.$auto$proc_memwr.cc:45:proc_memwr$7586 (soc.spimem_cache.cache_valid).
Removed top 24 address bits (of 32) from memory init port icebreaker.$flatten\soc.\spimem_cache.$auto$proc_memwr.cc:45:proc_memwr$7585 (soc.spimem_cache.cache_valid).
Removed top 24 address bits (of 32) from memory init port icebreaker.$flatten\soc.\spimem_cache.$auto$proc_memwr.cc:45:proc_memwr$7584 (soc.spimem_cache.cache_valid).
Removed top 24 address bits (of 32) from memory init port icebreaker.$flatten\soc.\spimem_cache.$auto$proc_memwr.cc:45:proc_memwr$7583 (soc.spimem_cache.cache_valid).
Removed top 24 address bits (of 32) from memory init port icebreaker.$flatten\soc.\spimem_cache.$auto$proc_memwr.cc:45:proc_memwr$7582 (soc.spimem_cache.cache_valid).
Removed top 24 address bits (of 32) from memory init port icebreaker.$flatten\soc.\spimem_cache.$auto$proc_memwr.cc:45:proc_memwr$7581 (soc.spimem_cache.cache_valid).
Removed top 24 address bits (of 32) from memory init port icebreaker.$flatten\soc.\spimem_cache.$auto$proc_memwr.cc:45:proc_memwr$7580 (soc.spimem_cache.cache_valid).
Removed top 24 address bits (of 32) from memory init port icebreaker.$flatten\soc.\spimem_cache.$auto$proc_memwr.cc:45:proc_memwr$7579 (soc.spimem_cache.cache_valid).
Removed top 24 address bits (of 32) from memory init port icebreaker.$flatten\soc.\spimem_cache.$auto$proc_memwr.cc:45:proc_memwr$7578 (soc.spimem_cache.cache_valid).
Removed top 24 address bits (of 32) from memory init port icebreaker.$flatten\soc.\spimem_cache.$auto$proc_memwr.cc:45:proc_memwr$7577 (soc.spimem_cache.cache_valid).
Removed top 24 address bits (of 32) from memory init port icebreaker.$flatten\soc.\spimem_cache.$auto$proc_memwr.cc:45:proc_memwr$7576 (soc.spimem_cache.cache_valid).
Removed top 24 address bits (of 32) from memory init port icebreaker.$flatten\soc.\spimem_cache.$auto$proc_memwr.cc:45:proc_memwr$7575 (soc.spimem_cache.cache_valid).
Removed top 24 address bits (of 32) from memory init port icebreaker.$flatten\soc.\spimem_cache.$auto$proc_memwr.cc:45:proc_memwr$7574 (soc.spimem_cache.cache_valid).
Removed top 24 address bits (of 32) from memory init port icebreaker.$flatten\soc.\spimem_cache.$auto$proc_memwr.cc:45:proc_memwr$7573 (soc.spimem_cache.cache_valid).
Removed top 24 address bits (of 32) from memory init port icebreaker.$flatten\soc.\spimem_cache.$auto$proc_memwr.cc:45:proc_memwr$7572 (soc.spimem_cache.cache_valid).
Removed top 24 address bits (of 32) from memory init port icebreaker.$flatten\soc.\spimem_cache.$auto$proc_memwr.cc:45:proc_memwr$7571 (soc.spimem_cache.cache_valid).
Removed top 24 address bits (of 32) from memory init port icebreaker.$flatten\soc.\spimem_cache.$auto$proc_memwr.cc:45:proc_memwr$7570 (soc.spimem_cache.cache_valid).
Removed top 24 address bits (of 32) from memory init port icebreaker.$flatten\soc.\spimem_cache.$auto$proc_memwr.cc:45:proc_memwr$7569 (soc.spimem_cache.cache_valid).
Removed top 24 address bits (of 32) from memory init port icebreaker.$flatten\soc.\spimem_cache.$auto$proc_memwr.cc:45:proc_memwr$7568 (soc.spimem_cache.cache_valid).
Removed top 24 address bits (of 32) from memory init port icebreaker.$flatten\soc.\spimem_cache.$auto$proc_memwr.cc:45:proc_memwr$7567 (soc.spimem_cache.cache_valid).
Removed top 24 address bits (of 32) from memory init port icebreaker.$flatten\soc.\spimem_cache.$auto$proc_memwr.cc:45:proc_memwr$7566 (soc.spimem_cache.cache_valid).
Removed top 24 address bits (of 32) from memory init port icebreaker.$flatten\soc.\spimem_cache.$auto$proc_memwr.cc:45:proc_memwr$7565 (soc.spimem_cache.cache_valid).
Removed top 24 address bits (of 32) from memory init port icebreaker.$flatten\soc.\spimem_cache.$auto$proc_memwr.cc:45:proc_memwr$7564 (soc.spimem_cache.cache_valid).
Removed top 24 address bits (of 32) from memory init port icebreaker.$flatten\soc.\spimem_cache.$auto$proc_memwr.cc:45:proc_memwr$7563 (soc.spimem_cache.cache_valid).
Removed top 24 address bits (of 32) from memory init port icebreaker.$flatten\soc.\spimem_cache.$auto$proc_memwr.cc:45:proc_memwr$7562 (soc.spimem_cache.cache_valid).
Removed top 24 address bits (of 32) from memory init port icebreaker.$flatten\soc.\spimem_cache.$auto$proc_memwr.cc:45:proc_memwr$7561 (soc.spimem_cache.cache_valid).
Removed top 24 address bits (of 32) from memory init port icebreaker.$flatten\soc.\spimem_cache.$auto$proc_memwr.cc:45:proc_memwr$7560 (soc.spimem_cache.cache_valid).
Removed top 24 address bits (of 32) from memory init port icebreaker.$flatten\soc.\spimem_cache.$auto$proc_memwr.cc:45:proc_memwr$7559 (soc.spimem_cache.cache_valid).
Removed top 24 address bits (of 32) from memory init port icebreaker.$flatten\soc.\spimem_cache.$auto$proc_memwr.cc:45:proc_memwr$7558 (soc.spimem_cache.cache_valid).
Removed top 24 address bits (of 32) from memory init port icebreaker.$flatten\soc.\spimem_cache.$auto$proc_memwr.cc:45:proc_memwr$7557 (soc.spimem_cache.cache_valid).
Removed top 24 address bits (of 32) from memory init port icebreaker.$flatten\soc.\spimem_cache.$auto$proc_memwr.cc:45:proc_memwr$7556 (soc.spimem_cache.cache_valid).
Removed top 24 address bits (of 32) from memory init port icebreaker.$flatten\soc.\spimem_cache.$auto$proc_memwr.cc:45:proc_memwr$7555 (soc.spimem_cache.cache_valid).
Removed top 24 address bits (of 32) from memory init port icebreaker.$flatten\soc.\spimem_cache.$auto$proc_memwr.cc:45:proc_memwr$7554 (soc.spimem_cache.cache_valid).
Removed top 24 address bits (of 32) from memory init port icebreaker.$flatten\soc.\spimem_cache.$auto$proc_memwr.cc:45:proc_memwr$7553 (soc.spimem_cache.cache_valid).
Removed top 24 address bits (of 32) from memory init port icebreaker.$flatten\soc.\spimem_cache.$auto$proc_memwr.cc:45:proc_memwr$7552 (soc.spimem_cache.cache_valid).
Removed top 24 address bits (of 32) from memory init port icebreaker.$flatten\soc.\spimem_cache.$auto$proc_memwr.cc:45:proc_memwr$7551 (soc.spimem_cache.cache_valid).
Removed top 24 address bits (of 32) from memory init port icebreaker.$flatten\soc.\spimem_cache.$auto$proc_memwr.cc:45:proc_memwr$7550 (soc.spimem_cache.cache_valid).
Removed top 24 address bits (of 32) from memory init port icebreaker.$flatten\soc.\spimem_cache.$auto$proc_memwr.cc:45:proc_memwr$7549 (soc.spimem_cache.cache_valid).
Removed top 24 address bits (of 32) from memory init port icebreaker.$flatten\soc.\spimem_cache.$auto$proc_memwr.cc:45:proc_memwr$7548 (soc.spimem_cache.cache_valid).
Removed top 24 address bits (of 32) from memory init port icebreaker.$flatten\soc.\spimem_cache.$auto$proc_memwr.cc:45:proc_memwr$7547 (soc.spimem_cache.cache_valid).
Removed top 24 address bits (of 32) from memory init port icebreaker.$flatten\soc.\spimem_cache.$auto$proc_memwr.cc:45:proc_memwr$7546 (soc.spimem_cache.cache_valid).
Removed top 24 address bits (of 32) from memory init port icebreaker.$flatten\soc.\spimem_cache.$auto$proc_memwr.cc:45:proc_memwr$7545 (soc.spimem_cache.cache_valid).
Removed top 24 address bits (of 32) from memory init port icebreaker.$flatten\soc.\spimem_cache.$auto$proc_memwr.cc:45:proc_memwr$7544 (soc.spimem_cache.cache_valid).
Removed top 24 address bits (of 32) from memory init port icebreaker.$flatten\soc.\spimem_cache.$auto$proc_memwr.cc:45:proc_memwr$7543 (soc.spimem_cache.cache_valid).
Removed top 24 address bits (of 32) from memory init port icebreaker.$flatten\soc.\spimem_cache.$auto$proc_memwr.cc:45:proc_memwr$7542 (soc.spimem_cache.cache_valid).
Removed top 24 address bits (of 32) from memory init port icebreaker.$flatten\soc.\spimem_cache.$auto$proc_memwr.cc:45:proc_memwr$7541 (soc.spimem_cache.cache_valid).
Removed top 24 address bits (of 32) from memory init port icebreaker.$flatten\soc.\spimem_cache.$auto$proc_memwr.cc:45:proc_memwr$7540 (soc.spimem_cache.cache_valid).
Removed top 24 address bits (of 32) from memory init port icebreaker.$flatten\soc.\spimem_cache.$auto$proc_memwr.cc:45:proc_memwr$7539 (soc.spimem_cache.cache_valid).
Removed top 24 address bits (of 32) from memory init port icebreaker.$flatten\soc.\spimem_cache.$auto$proc_memwr.cc:45:proc_memwr$7538 (soc.spimem_cache.cache_valid).
Removed top 24 address bits (of 32) from memory init port icebreaker.$flatten\soc.\spimem_cache.$auto$proc_memwr.cc:45:proc_memwr$7537 (soc.spimem_cache.cache_valid).
Removed top 24 address bits (of 32) from memory init port icebreaker.$flatten\soc.\spimem_cache.$auto$proc_memwr.cc:45:proc_memwr$7536 (soc.spimem_cache.cache_valid).
Removed top 24 address bits (of 32) from memory init port icebreaker.$flatten\soc.\spimem_cache.$auto$proc_memwr.cc:45:proc_memwr$7535 (soc.spimem_cache.cache_valid).
Removed top 24 address bits (of 32) from memory init port icebreaker.$flatten\soc.\spimem_cache.$auto$proc_memwr.cc:45:proc_memwr$7534 (soc.spimem_cache.cache_valid).
Removed top 24 address bits (of 32) from memory init port icebreaker.$flatten\soc.\spimem_cache.$auto$proc_memwr.cc:45:proc_memwr$7533 (soc.spimem_cache.cache_valid).
Removed top 24 address bits (of 32) from memory init port icebreaker.$flatten\soc.\spimem_cache.$auto$proc_memwr.cc:45:proc_memwr$7532 (soc.spimem_cache.cache_valid).
Removed top 24 address bits (of 32) from memory init port icebreaker.$flatten\soc.\spimem_cache.$auto$proc_memwr.cc:45:proc_memwr$7531 (soc.spimem_cache.cache_valid).
Removed top 24 address bits (of 32) from memory init port icebreaker.$flatten\soc.\spimem_cache.$auto$proc_memwr.cc:45:proc_memwr$7530 (soc.spimem_cache.cache_valid).
Removed top 24 address bits (of 32) from memory init port icebreaker.$flatten\soc.\spimem_cache.$auto$proc_memwr.cc:45:proc_memwr$7529 (soc.spimem_cache.cache_valid).
Removed top 24 address bits (of 32) from memory init port icebreaker.$flatten\soc.\spimem_cache.$auto$proc_memwr.cc:45:proc_memwr$7528 (soc.spimem_cache.cache_valid).
Removed top 24 address bits (of 32) from memory init port icebreaker.$flatten\soc.\spimem_cache.$auto$proc_memwr.cc:45:proc_memwr$7527 (soc.spimem_cache.cache_valid).
Removed top 24 address bits (of 32) from memory init port icebreaker.$flatten\soc.\spimem_cache.$auto$proc_memwr.cc:45:proc_memwr$7526 (soc.spimem_cache.cache_valid).
Removed top 24 address bits (of 32) from memory init port icebreaker.$flatten\soc.\spimem_cache.$auto$proc_memwr.cc:45:proc_memwr$7525 (soc.spimem_cache.cache_valid).
Removed top 24 address bits (of 32) from memory init port icebreaker.$flatten\soc.\spimem_cache.$auto$proc_memwr.cc:45:proc_memwr$7524 (soc.spimem_cache.cache_valid).
Removed top 24 address bits (of 32) from memory init port icebreaker.$flatten\soc.\spimem_cache.$auto$proc_memwr.cc:45:proc_memwr$7523 (soc.spimem_cache.cache_valid).
Removed top 24 address bits (of 32) from memory init port icebreaker.$flatten\soc.\spimem_cache.$auto$proc_memwr.cc:45:proc_memwr$7522 (soc.spimem_cache.cache_valid).
Removed top 24 address bits (of 32) from memory init port icebreaker.$flatten\soc.\spimem_cache.$auto$proc_memwr.cc:45:proc_memwr$7521 (soc.spimem_cache.cache_valid).
Removed top 24 address bits (of 32) from memory init port icebreaker.$flatten\soc.\spimem_cache.$auto$proc_memwr.cc:45:proc_memwr$7520 (soc.spimem_cache.cache_valid).
Removed top 24 address bits (of 32) from memory init port icebreaker.$flatten\soc.\spimem_cache.$auto$proc_memwr.cc:45:proc_memwr$7519 (soc.spimem_cache.cache_valid).
Removed top 24 address bits (of 32) from memory init port icebreaker.$flatten\soc.\spimem_cache.$auto$proc_memwr.cc:45:proc_memwr$7518 (soc.spimem_cache.cache_valid).
Removed top 24 address bits (of 32) from memory init port icebreaker.$flatten\soc.\spimem_cache.$auto$proc_memwr.cc:45:proc_memwr$7517 (soc.spimem_cache.cache_valid).
Removed top 24 address bits (of 32) from memory init port icebreaker.$flatten\soc.\spimem_cache.$auto$proc_memwr.cc:45:proc_memwr$7516 (soc.spimem_cache.cache_valid).
Removed top 24 address bits (of 32) from memory init port icebreaker.$flatten\soc.\spimem_cache.$auto$proc_memwr.cc:45:proc_memwr$7515 (soc.spimem_cache.cache_valid).
Removed top 24 address bits (of 32) from memory init port icebreaker.$flatten\soc.\spimem_cache.$auto$proc_memwr.cc:45:proc_memwr$7514 (soc.spimem_cache.cache_valid).
Removed top 24 address bits (of 32) from memory init port icebreaker.$flatten\soc.\spimem_cache.$auto$proc_memwr.cc:45:proc_memwr$7513 (soc.spimem_cache.cache_valid).
Removed top 24 address bits (of 32) from memory init port icebreaker.$flatten\soc.\spimem_cache.$auto$proc_memwr.cc:45:proc_memwr$7512 (soc.spimem_cache.cache_valid).
Removed top 24 address bits (of 32) from memory init port icebreaker.$flatten\soc.\spimem_cache.$auto$proc_memwr.cc:45:proc_memwr$7511 (soc.spimem_cache.cache_valid).
Removed top 24 address bits (of 32) from memory init port icebreaker.$flatten\soc.\spimem_cache.$auto$proc_memwr.cc:45:proc_memwr$7510 (soc.spimem_cache.cache_valid).
Removed top 24 address bits (of 32) from memory init port icebreaker.$flatten\soc.\spimem_cache.$auto$proc_memwr.cc:45:proc_memwr$7509 (soc.spimem_cache.cache_valid).
Removed top 24 address bits (of 32) from memory init port icebreaker.$flatten\soc.\spimem_cache.$auto$proc_memwr.cc:45:proc_memwr$7508 (soc.spimem_cache.cache_valid).
Removed top 24 address bits (of 32) from memory init port icebreaker.$flatten\soc.\spimem_cache.$auto$proc_memwr.cc:45:proc_memwr$7507 (soc.spimem_cache.cache_valid).
Removed top 24 address bits (of 32) from memory init port icebreaker.$flatten\soc.\spimem_cache.$auto$proc_memwr.cc:45:proc_memwr$7506 (soc.spimem_cache.cache_valid).
Removed top 24 address bits (of 32) from memory init port icebreaker.$flatten\soc.\spimem_cache.$auto$proc_memwr.cc:45:proc_memwr$7505 (soc.spimem_cache.cache_valid).
Removed top 24 address bits (of 32) from memory init port icebreaker.$flatten\soc.\spimem_cache.$auto$proc_memwr.cc:45:proc_memwr$7504 (soc.spimem_cache.cache_valid).
Removed top 24 address bits (of 32) from memory init port icebreaker.$flatten\soc.\spimem_cache.$auto$proc_memwr.cc:45:proc_memwr$7503 (soc.spimem_cache.cache_valid).
Removed top 24 address bits (of 32) from memory init port icebreaker.$flatten\soc.\spimem_cache.$auto$proc_memwr.cc:45:proc_memwr$7502 (soc.spimem_cache.cache_valid).
Removed top 24 address bits (of 32) from memory init port icebreaker.$flatten\soc.\spimem_cache.$auto$proc_memwr.cc:45:proc_memwr$7501 (soc.spimem_cache.cache_valid).
Removed top 24 address bits (of 32) from memory init port icebreaker.$flatten\soc.\spimem_cache.$auto$proc_memwr.cc:45:proc_memwr$7500 (soc.spimem_cache.cache_valid).
Removed top 24 address bits (of 32) from memory init port icebreaker.$flatten\soc.\spimem_cache.$auto$proc_memwr.cc:45:proc_memwr$7499 (soc.spimem_cache.cache_valid).
Removed top 24 address bits (of 32) from memory init port icebreaker.$flatten\soc.\spimem_cache.$auto$proc_memwr.cc:45:proc_memwr$7498 (soc.spimem_cache.cache_valid).
Removed top 24 address bits (of 32) from memory init port icebreaker.$flatten\soc.\spimem_cache.$auto$proc_memwr.cc:45:proc_memwr$7497 (soc.spimem_cache.cache_valid).
Removed top 24 address bits (of 32) from memory init port icebreaker.$flatten\soc.\spimem_cache.$auto$proc_memwr.cc:45:proc_memwr$7496 (soc.spimem_cache.cache_valid).
Removed top 24 address bits (of 32) from memory init port icebreaker.$flatten\soc.\spimem_cache.$auto$proc_memwr.cc:45:proc_memwr$7495 (soc.spimem_cache.cache_valid).
Removed top 24 address bits (of 32) from memory init port icebreaker.$flatten\soc.\spimem_cache.$auto$proc_memwr.cc:45:proc_memwr$7494 (soc.spimem_cache.cache_valid).
Removed top 24 address bits (of 32) from memory init port icebreaker.$flatten\soc.\spimem_cache.$auto$proc_memwr.cc:45:proc_memwr$7493 (soc.spimem_cache.cache_valid).
Removed top 24 address bits (of 32) from memory init port icebreaker.$flatten\soc.\spimem_cache.$auto$proc_memwr.cc:45:proc_memwr$7492 (soc.spimem_cache.cache_valid).
Removed top 24 address bits (of 32) from memory init port icebreaker.$flatten\soc.\spimem_cache.$auto$proc_memwr.cc:45:proc_memwr$7491 (soc.spimem_cache.cache_valid).
Removed top 24 address bits (of 32) from memory init port icebreaker.$flatten\soc.\spimem_cache.$auto$proc_memwr.cc:45:proc_memwr$7490 (soc.spimem_cache.cache_valid).
Removed top 24 address bits (of 32) from memory init port icebreaker.$flatten\soc.\spimem_cache.$auto$proc_memwr.cc:45:proc_memwr$7489 (soc.spimem_cache.cache_valid).
Removed top 24 address bits (of 32) from memory init port icebreaker.$flatten\soc.\spimem_cache.$auto$proc_memwr.cc:45:proc_memwr$7488 (soc.spimem_cache.cache_valid).
Removed top 24 address bits (of 32) from memory init port icebreaker.$flatten\soc.\spimem_cache.$auto$proc_memwr.cc:45:proc_memwr$7487 (soc.spimem_cache.cache_valid).
Removed top 24 address bits (of 32) from memory init port icebreaker.$flatten\soc.\spimem_cache.$auto$proc_memwr.cc:45:proc_memwr$7486 (soc.spimem_cache.cache_valid).
Removed top 24 address bits (of 32) from memory init port icebreaker.$flatten\soc.\spimem_cache.$auto$proc_memwr.cc:45:proc_memwr$7485 (soc.spimem_cache.cache_valid).
Removed top 24 address bits (of 32) from memory init port icebreaker.$flatten\soc.\spimem_cache.$auto$proc_memwr.cc:45:proc_memwr$7484 (soc.spimem_cache.cache_valid).
Removed top 24 address bits (of 32) from memory init port icebreaker.$flatten\soc.\spimem_cache.$auto$proc_memwr.cc:45:proc_memwr$7483 (soc.spimem_cache.cache_valid).
Removed top 24 address bits (of 32) from memory init port icebreaker.$flatten\soc.\spimem_cache.$auto$proc_memwr.cc:45:proc_memwr$7482 (soc.spimem_cache.cache_valid).
Removed top 24 address bits (of 32) from memory init port icebreaker.$flatten\soc.\spimem_cache.$auto$proc_memwr.cc:45:proc_memwr$7481 (soc.spimem_cache.cache_valid).
Removed top 24 address bits (of 32) from memory init port icebreaker.$flatten\soc.\spimem_cache.$auto$proc_memwr.cc:45:proc_memwr$7480 (soc.spimem_cache.cache_valid).
Removed top 24 address bits (of 32) from memory init port icebreaker.$flatten\soc.\spimem_cache.$auto$proc_memwr.cc:45:proc_memwr$7479 (soc.spimem_cache.cache_valid).
Removed top 24 address bits (of 32) from memory init port icebreaker.$flatten\soc.\spimem_cache.$auto$proc_memwr.cc:45:proc_memwr$7478 (soc.spimem_cache.cache_valid).
Removed top 24 address bits (of 32) from memory init port icebreaker.$flatten\soc.\spimem_cache.$auto$proc_memwr.cc:45:proc_memwr$7477 (soc.spimem_cache.cache_valid).
Removed top 24 address bits (of 32) from memory init port icebreaker.$flatten\soc.\spimem_cache.$auto$proc_memwr.cc:45:proc_memwr$7476 (soc.spimem_cache.cache_valid).
Removed top 24 address bits (of 32) from memory init port icebreaker.$flatten\soc.\spimem_cache.$auto$proc_memwr.cc:45:proc_memwr$7475 (soc.spimem_cache.cache_valid).
Removed top 24 address bits (of 32) from memory init port icebreaker.$flatten\soc.\spimem_cache.$auto$proc_memwr.cc:45:proc_memwr$7474 (soc.spimem_cache.cache_valid).
Removed top 24 address bits (of 32) from memory init port icebreaker.$flatten\soc.\spimem_cache.$auto$proc_memwr.cc:45:proc_memwr$7473 (soc.spimem_cache.cache_valid).
Removed top 24 address bits (of 32) from memory init port icebreaker.$flatten\soc.\spimem_cache.$auto$proc_memwr.cc:45:proc_memwr$7472 (soc.spimem_cache.cache_valid).
Removed top 24 address bits (of 32) from memory init port icebreaker.$flatten\soc.\spimem_cache.$auto$proc_memwr.cc:45:proc_memwr$7471 (soc.spimem_cache.cache_valid).
Removed top 24 address bits (of 32) from memory init port icebreaker.$flatten\soc.\spimem_cache.$auto$proc_memwr.cc:45:proc_memwr$7470 (soc.spimem_cache.cache_valid).
Removed top 24 address bits (of 32) from memory init port icebreaker.$flatten\soc.\spimem_cache.$auto$proc_memwr.cc:45:proc_memwr$7469 (soc.spimem_cache.cache_valid).
Removed top 24 address bits (of 32) from memory init port icebreaker.$flatten\soc.\spimem_cache.$auto$proc_memwr.cc:45:proc_memwr$7468 (soc.spimem_cache.cache_valid).
Removed top 24 address bits (of 32) from memory init port icebreaker.$flatten\soc.\spimem_cache.$auto$proc_memwr.cc:45:proc_memwr$7467 (soc.spimem_cache.cache_valid).
Removed top 24 address bits (of 32) from memory init port icebreaker.$flatten\soc.\spimem_cache.$auto$proc_memwr.cc:45:proc_memwr$7466 (soc.spimem_cache.cache_valid).
Removed top 24 address bits (of 32) from memory init port icebreaker.$flatten\soc.\spimem_cache.$auto$proc_memwr.cc:45:proc_memwr$7465 (soc.spimem_cache.cache_valid).
Removed top 24 address bits (of 32) from memory init port icebreaker.$flatten\soc.\spimem_cache.$auto$proc_memwr.cc:45:proc_memwr$7464 (soc.spimem_cache.cache_valid).
Removed top 24 address bits (of 32) from memory init port icebreaker.$flatten\soc.\spimem_cache.$auto$proc_memwr.cc:45:proc_memwr$7463 (soc.spimem_cache.cache_valid).
Removed top 24 address bits (of 32) from memory init port icebreaker.$flatten\soc.\spimem_cache.$auto$proc_memwr.cc:45:proc_memwr$7462 (soc.spimem_cache.cache_valid).
Removed top 24 address bits (of 32) from memory init port icebreaker.$flatten\soc.\spimem_cache.$auto$proc_memwr.cc:45:proc_memwr$7461 (soc.spimem_cache.cache_valid).
Removed top 24 address bits (of 32) from memory init port icebreaker.$flatten\soc.\spimem_cache.$auto$proc_memwr.cc:45:proc_memwr$7460 (soc.spimem_cache.cache_valid).
Removed top 24 address bits (of 32) from memory init port icebreaker.$flatten\soc.\spimem_cache.$auto$proc_memwr.cc:45:proc_memwr$7459 (soc.spimem_cache.cache_valid).
Removed top 24 address bits (of 32) from memory init port icebreaker.$flatten\soc.\spimem_cache.$auto$proc_memwr.cc:45:proc_memwr$7458 (soc.spimem_cache.cache_valid).
Removed top 24 address bits (of 32) from memory init port icebreaker.$flatten\soc.\spimem_cache.$auto$proc_memwr.cc:45:proc_memwr$7457 (soc.spimem_cache.cache_valid).
Removed top 24 address bits (of 32) from memory init port icebreaker.$flatten\soc.\spimem_cache.$auto$proc_memwr.cc:45:proc_memwr$7456 (soc.spimem_cache.cache_valid).
Removed top 24 address bits (of 32) from memory init port icebreaker.$flatten\soc.\spimem_cache.$auto$proc_memwr.cc:45:proc_memwr$7455 (soc.spimem_cache.cache_valid).
Removed top 24 address bits (of 32) from memory init port icebreaker.$flatten\soc.\spimem_cache.$auto$proc_memwr.cc:45:proc_memwr$7454 (soc.spimem_cache.cache_valid).
Removed top 24 address bits (of 32) from memory init port icebreaker.$flatten\soc.\spimem_cache.$auto$proc_memwr.cc:45:proc_memwr$7453 (soc.spimem_cache.cache_valid).
Removed top 24 address bits (of 32) from memory init port icebreaker.$flatten\soc.\spimem_cache.$auto$proc_memwr.cc:45:proc_memwr$7452 (soc.spimem_cache.cache_valid).
Removed top 24 address bits (of 32) from memory init port icebreaker.$flatten\soc.\spimem_cache.$auto$proc_memwr.cc:45:proc_memwr$7451 (soc.spimem_cache.cache_valid).
Removed top 24 address bits (of 32) from memory init port icebreaker.$flatten\soc.\spimem_cache.$auto$proc_memwr.cc:45:proc_memwr$7450 (soc.spimem_cache.cache_valid).
Removed top 24 address bits (of 32) from memory init port icebreaker.$flatten\soc.\spimem_cache.$auto$proc_memwr.cc:45:proc_memwr$7449 (soc.spimem_cache.cache_valid).
Removed top 24 address bits (of 32) from memory init port icebreaker.$flatten\soc.\spimem_cache.$auto$proc_memwr.cc:45:proc_memwr$7448 (soc.spimem_cache.cache_valid).
Removed top 24 address bits (of 32) from memory init port icebreaker.$flatten\soc.\spimem_cache.$auto$proc_memwr.cc:45:proc_memwr$7447 (soc.spimem_cache.cache_valid).
Removed top 24 address bits (of 32) from memory init port icebreaker.$flatten\soc.\spimem_cache.$auto$proc_memwr.cc:45:proc_memwr$7446 (soc.spimem_cache.cache_valid).
Removed top 24 address bits (of 32) from memory init port icebreaker.$flatten\soc.\spimem_cache.$auto$proc_memwr.cc:45:proc_memwr$7445 (soc.spimem_cache.cache_valid).
Removed top 24 address bits (of 32) from memory init port icebreaker.$flatten\soc.\spimem_cache.$auto$proc_memwr.cc:45:proc_memwr$7444 (soc.spimem_cache.cache_valid).
Removed top 24 address bits (of 32) from memory init port icebreaker.$flatten\soc.\spimem_cache.$auto$proc_memwr.cc:45:proc_memwr$7443 (soc.spimem_cache.cache_valid).
Removed top 24 address bits (of 32) from memory init port icebreaker.$flatten\soc.\spimem_cache.$auto$proc_memwr.cc:45:proc_memwr$7442 (soc.spimem_cache.cache_valid).
Removed top 24 address bits (of 32) from memory init port icebreaker.$flatten\soc.\spimem_cache.$auto$proc_memwr.cc:45:proc_memwr$7441 (soc.spimem_cache.cache_valid).
Removed top 24 address bits (of 32) from memory init port icebreaker.$flatten\soc.\spimem_cache.$auto$proc_memwr.cc:45:proc_memwr$7440 (soc.spimem_cache.cache_valid).
Removed top 24 address bits (of 32) from memory init port icebreaker.$flatten\soc.\spimem_cache.$auto$proc_memwr.cc:45:proc_memwr$7439 (soc.spimem_cache.cache_valid).
Removed top 24 address bits (of 32) from memory init port icebreaker.$flatten\soc.\spimem_cache.$auto$proc_memwr.cc:45:proc_memwr$7438 (soc.spimem_cache.cache_valid).
Removed top 24 address bits (of 32) from memory init port icebreaker.$flatten\soc.\spimem_cache.$auto$proc_memwr.cc:45:proc_memwr$7437 (soc.spimem_cache.cache_valid).
Removed top 24 address bits (of 32) from memory init port icebreaker.$flatten\soc.\spimem_cache.$auto$proc_memwr.cc:45:proc_memwr$7436 (soc.spimem_cache.cache_valid).
Removed top 24 address bits (of 32) from memory init port icebreaker.$flatten\soc.\spimem_cache.$auto$proc_memwr.cc:45:proc_memwr$7435 (soc.spimem_cache.cache_valid).
Removed top 24 address bits (of 32) from memory init port icebreaker.$flatten\soc.\spimem_cache.$auto$proc_memwr.cc:45:proc_memwr$7434 (soc.spimem_cache.cache_valid).
Removed top 24 address bits (of 32) from memory init port icebreaker.$flatten\soc.\spimem_cache.$auto$proc_memwr.cc:45:proc_memwr$7433 (soc.spimem_cache.cache_valid).
Removed top 24 address bits (of 32) from memory init port icebreaker.$flatten\soc.\spimem_cache.$auto$proc_memwr.cc:45:proc_memwr$7432 (soc.spimem_cache.cache_valid).
Removed top 24 address bits (of 32) from memory init port icebreaker.$flatten\soc.\spimem_cache.$auto$proc_memwr.cc:45:proc_memwr$7431 (soc.spimem_cache.cache_valid).
Removed top 24 address bits (of 32) from memory init port icebreaker.$flatten\soc.\spimem_cache.$auto$proc_memwr.cc:45:proc_memwr$7430 (soc.spimem_cache.cache_valid).
Removed top 24 address bits (of 32) from memory init port icebreaker.$flatten\soc.\spimem_cache.$auto$proc_memwr.cc:45:proc_memwr$7429 (soc.spimem_cache.cache_valid).
Removed top 24 address bits (of 32) from memory init port icebreaker.$flatten\soc.\spimem_cache.$auto$proc_memwr.cc:45:proc_memwr$7428 (soc.spimem_cache.cache_valid).
Removed top 24 address bits (of 32) from memory init port icebreaker.$flatten\soc.\spimem_cache.$auto$proc_memwr.cc:45:proc_memwr$7427 (soc.spimem_cache.cache_valid).
Removed top 24 address bits (of 32) from memory init port icebreaker.$flatten\soc.\spimem_cache.$auto$proc_memwr.cc:45:proc_memwr$7426 (soc.spimem_cache.cache_valid).
Removed top 24 address bits (of 32) from memory init port icebreaker.$flatten\soc.\spimem_cache.$auto$proc_memwr.cc:45:proc_memwr$7425 (soc.spimem_cache.cache_valid).
Removed top 24 address bits (of 32) from memory init port icebreaker.$flatten\soc.\spimem_cache.$auto$proc_memwr.cc:45:proc_memwr$7424 (soc.spimem_cache.cache_valid).
Removed top 24 address bits (of 32) from memory init port icebreaker.$flatten\soc.\spimem_cache.$auto$proc_memwr.cc:45:proc_memwr$7423 (soc.spimem_cache.cache_valid).
Removed top 24 address bits (of 32) from memory init port icebreaker.$flatten\soc.\spimem_cache.$auto$proc_memwr.cc:45:proc_memwr$7422 (soc.spimem_cache.cache_valid).
Removed top 24 address bits (of 32) from memory init port icebreaker.$flatten\soc.\spimem_cache.$auto$proc_memwr.cc:45:proc_memwr$7421 (soc.spimem_cache.cache_valid).
Removed top 24 address bits (of 32) from memory init port icebreaker.$flatten\soc.\spimem_cache.$auto$proc_memwr.cc:45:proc_memwr$7420 (soc.spimem_cache.cache_valid).
Removed top 24 address bits (of 32) from memory init port icebreaker.$flatten\soc.\spimem_cache.$auto$proc_memwr.cc:45:proc_memwr$7419 (soc.spimem_cache.cache_valid).
Removed top 24 address bits (of 32) from memory init port icebreaker.$flatten\soc.\spimem_cache.$auto$proc_memwr.cc:45:proc_memwr$7418 (soc.spimem_cache.cache_valid).
Removed top 24 address bits (of 32) from memory init port icebreaker.$flatten\soc.\spimem_cache.$auto$proc_memwr.cc:45:proc_memwr$7417 (soc.spimem_cache.cache_valid).
Removed top 24 address bits (of 32) from memory init port icebreaker.$flatten\soc.\spimem_cache.$auto$proc_memwr.cc:45:proc_memwr$7416 (soc.spimem_cache.cache_valid).
Removed top 24 address bits (of 32) from memory init port icebreaker.$flatten\soc.\spimem_cache.$auto$proc_memwr.cc:45:proc_memwr$7415 (soc.spimem_cache.cache_valid).
Removed top 24 address bits (of 32) from memory init port icebreaker.$flatten\soc.\spimem_cache.$auto$proc_memwr.cc:45:proc_memwr$7414 (soc.spimem_cache.cache_valid).
Removed top 24 address bits (of 32) from memory init port icebreaker.$flatten\soc.\spimem_cache.$auto$proc_memwr.cc:45:proc_memwr$7413 (soc.spimem_cache.cache_valid).
Removed top 24 address bits (of 32) from memory init port icebreaker.$flatten\soc.\spimem_cache.$auto$proc_memwr.cc:45:proc_memwr$7412 (soc.spimem_cache.cache_valid).
Removed top 24 address bits (of 32) from memory init port icebreaker.$flatten\soc.\spimem_cache.$auto$proc_memwr.cc:45:proc_memwr$7411 (soc.spimem_cache.cache_valid).
Removed top 24 address bits (of 32) from memory init port icebreaker.$flatten\soc.\spimem_cache.$auto$proc_memwr.cc:45:proc_memwr$7410 (soc.spimem_cache.cache_valid).
Removed top 24 address bits (of 32) from memory init port icebreaker.$flatten\soc.\spimem_cache.$auto$proc_memwr.cc:45:proc_memwr$7409 (soc.spimem_cache.cache_valid).
Removed top 24 address bits (of 32) from memory init port icebreaker.$flatten\soc.\spimem_cache.$auto$proc_memwr.cc:45:proc_memwr$7408 (soc.spimem_cache.cache_valid).
Removed top 24 address bits (of 32) from memory init port icebreaker.$flatten\soc.\spimem_cache.$auto$proc_memwr.cc:45:proc_memwr$7407 (soc.spimem_cache.cache_valid).
Removed top 24 address bits (of 32) from memory init port icebreaker.$flatten\soc.\spimem_cache.$auto$proc_memwr.cc:45:proc_memwr$7406 (soc.spimem_cache.cache_valid).
Removed top 24 address bits (of 32) from memory init port icebreaker.$flatten\soc.\spimem_cache.$auto$proc_memwr.cc:45:proc_memwr$7405 (soc.spimem_cache.cache_valid).
Removed top 24 address bits (of 32) from memory init port icebreaker.$flatten\soc.\spimem_cache.$auto$proc_memwr.cc:45:proc_memwr$7404 (soc.spimem_cache.cache_valid).
Removed top 24 address bits (of 32) from memory init port icebreaker.$flatten\soc.\spimem_cache.$auto$proc_memwr.cc:45:proc_memwr$7403 (soc.spimem_cache.cache_valid).
Removed top 24 address bits (of 32) from memory init port icebreaker.$flatten\soc.\spimem_cache.$auto$proc_memwr.cc:45:proc_memwr$7402 (soc.spimem_cache.cache_valid).
Removed top 24 address bits (of 32) from memory init port icebreaker.$flatten\soc.\spimem_cache.$auto$proc_memwr.cc:45:proc_memwr$7401 (soc.spimem_cache.cache_valid).
Removed top 24 address bits (of 32) from memory init port icebreaker.$flatten\soc.\spimem_cache.$auto$proc_memwr.cc:45:proc_memwr$7400 (soc.spimem_cache.cache_valid).
Removed top 24 address bits (of 32) from memory init port icebreaker.$flatten\soc.\spimem_cache.$auto$proc_memwr.cc:45:proc_memwr$7399 (soc.spimem_cache.cache_valid).
Removed top 24 address bits (of 32) from memory init port icebreaker.$flatten\soc.\spimem_cache.$auto$proc_memwr.cc:45:proc_memwr$7398 (soc.spimem_cache.cache_valid).
Removed top 24 address bits (of 32) from memory init port icebreaker.$flatten\soc.\spimem_cache.$auto$proc_memwr.cc:45:proc_memwr$7397 (soc.spimem_cache.cache_valid).
Removed top 24 address bits (of 32) from memory init port icebreaker.$flatten\soc.\spimem_cache.$auto$proc_memwr.cc:45:proc_memwr$7396 (soc.spimem_cache.cache_valid).
Removed top 24 address bits (of 32) from memory init port icebreaker.$flatten\soc.\spimem_cache.$auto$proc_memwr.cc:45:proc_memwr$7395 (soc.spimem_cache.cache_valid).
Removed top 24 address bits (of 32) from memory init port icebreaker.$flatten\soc.\spimem_cache.$auto$proc_memwr.cc:45:proc_memwr$7394 (soc.spimem_cache.cache_valid).
Removed top 24 address bits (of 32) from memory init port icebreaker.$flatten\soc.\spimem_cache.$auto$proc_memwr.cc:45:proc_memwr$7393 (soc.spimem_cache.cache_valid).
Removed top 24 address bits (of 32) from memory init port icebreaker.$flatten\soc.\spimem_cache.$auto$proc_memwr.cc:45:proc_memwr$7392 (soc.spimem_cache.cache_valid).
Removed top 24 address bits (of 32) from memory init port icebreaker.$flatten\soc.\spimem_cache.$auto$proc_memwr.cc:45:proc_memwr$7391 (soc.spimem_cache.cache_valid).
Removed top 24 address bits (of 32) from memory init port icebreaker.$flatten\soc.\spimem_cache.$auto$proc_memwr.cc:45:proc_memwr$7390 (soc.spimem_cache.cache_valid).
Removed top 24 address bits (of 32) from memory init port icebreaker.$flatten\soc.\spimem_cache.$auto$proc_memwr.cc:45:proc_memwr$7389 (soc.spimem_cache.cache_valid).
Removed top 24 address bits (of 32) from memory init port icebreaker.$flatten\soc.\spimem_cache.$auto$proc_memwr.cc:45:proc_memwr$7388 (soc.spimem_cache.cache_valid).
Removed top 24 address bits (of 32) from memory init port icebreaker.$flatten\soc.\spimem_cache.$auto$proc_memwr.cc:45:proc_memwr$7387 (soc.spimem_cache.cache_valid).
Removed top 24 address bits (of 32) from memory init port icebreaker.$flatten\soc.\spimem_cache.$auto$proc_memwr.cc:45:proc_memwr$7386 (soc.spimem_cache.cache_valid).
Removed top 24 address bits (of 32) from memory init port icebreaker.$flatten\soc.\spimem_cache.$auto$proc_memwr.cc:45:proc_memwr$7385 (soc.spimem_cache.cache_valid).
Removed top 24 address bits (of 32) from memory init port icebreaker.$flatten\soc.\spimem_cache.$auto$proc_memwr.cc:45:proc_memwr$7384 (soc.spimem_cache.cache_valid).
Removed top 24 address bits (of 32) from memory init port icebreaker.$flatten\soc.\spimem_cache.$auto$proc_memwr.cc:45:proc_memwr$7383 (soc.spimem_cache.cache_valid).
Removed top 24 address bits (of 32) from memory init port icebreaker.$flatten\soc.\spimem_cache.$auto$proc_memwr.cc:45:proc_memwr$7382 (soc.spimem_cache.cache_valid).
Removed top 24 address bits (of 32) from memory init port icebreaker.$flatten\soc.\spimem_cache.$auto$proc_memwr.cc:45:proc_memwr$7381 (soc.spimem_cache.cache_valid).
Removed top 24 address bits (of 32) from memory init port icebreaker.$flatten\soc.\spimem_cache.$auto$proc_memwr.cc:45:proc_memwr$7380 (soc.spimem_cache.cache_valid).
Removed top 24 address bits (of 32) from memory init port icebreaker.$flatten\soc.\spimem_cache.$auto$proc_memwr.cc:45:proc_memwr$7379 (soc.spimem_cache.cache_valid).
Removed top 24 address bits (of 32) from memory init port icebreaker.$flatten\soc.\spimem_cache.$auto$proc_memwr.cc:45:proc_memwr$7378 (soc.spimem_cache.cache_valid).
Removed top 24 address bits (of 32) from memory init port icebreaker.$flatten\soc.\spimem_cache.$auto$proc_memwr.cc:45:proc_memwr$7377 (soc.spimem_cache.cache_valid).
Removed top 24 address bits (of 32) from memory init port icebreaker.$flatten\soc.\spimem_cache.$auto$proc_memwr.cc:45:proc_memwr$7376 (soc.spimem_cache.cache_valid).
Removed top 24 address bits (of 32) from memory init port icebreaker.$flatten\soc.\spimem_cache.$auto$proc_memwr.cc:45:proc_memwr$7375 (soc.spimem_cache.cache_valid).
Removed top 24 address bits (of 32) from memory init port icebreaker.$flatten\soc.\spimem_cache.$auto$proc_memwr.cc:45:proc_memwr$7374 (soc.spimem_cache.cache_valid).
Removed top 24 address bits (of 32) from memory init port icebreaker.$flatten\soc.\spimem_cache.$auto$proc_memwr.cc:45:proc_memwr$7373 (soc.spimem_cache.cache_valid).
Removed top 24 address bits (of 32) from memory init port icebreaker.$flatten\soc.\spimem_cache.$auto$proc_memwr.cc:45:proc_memwr$7372 (soc.spimem_cache.cache_valid).
Removed top 24 address bits (of 32) from memory init port icebreaker.$flatten\soc.\spimem_cache.$auto$proc_memwr.cc:45:proc_memwr$7371 (soc.spimem_cache.cache_valid).
Removed top 24 address bits (of 32) from memory init port icebreaker.$flatten\soc.\spimem_cache.$auto$proc_memwr.cc:45:proc_memwr$7370 (soc.spimem_cache.cache_valid).
Removed top 24 address bits (of 32) from memory init port icebreaker.$flatten\soc.\spimem_cache.$auto$proc_memwr.cc:45:proc_memwr$7369 (soc.spimem_cache.cache_valid).
Removed top 24 address bits (of 32) from memory init port icebreaker.$flatten\soc.\spimem_cache.$auto$proc_memwr.cc:45:proc_memwr$7368 (soc.spimem_cache.cache_valid).
Removed top 24 address bits (of 32) from memory init port icebreaker.$flatten\soc.\spimem_cache.$auto$proc_memwr.cc:45:proc_memwr$7367 (soc.spimem_cache.cache_valid).
Removed top 24 address bits (of 32) from memory init port icebreaker.$flatten\soc.\spimem_cache.$auto$proc_memwr.cc:45:proc_memwr$7366 (soc.spimem_cache.cache_valid).
Removed top 24 address bits (of 32) from memory init port icebreaker.$flatten\soc.\spimem_cache.$auto$proc_memwr.cc:45:proc_memwr$7365 (soc.spimem_cache.cache_valid).
Removed top 24 address bits (of 32) from memory init port icebreaker.$flatten\soc.\spimem_cache.$auto$proc_memwr.cc:45:proc_memwr$7364 (soc.spimem_cache.cache_valid).
Removed top 24 address bits (of 32) from memory init port icebreaker.$flatten\soc.\spimem_cache.$auto$proc_memwr.cc:45:proc_memwr$7363 (soc.spimem_cache.cache_valid).
Removed top 24 address bits (of 32) from memory init port icebreaker.$flatten\soc.\spimem_cache.$auto$proc_memwr.cc:45:proc_memwr$7362 (soc.spimem_cache.cache_valid).
Removed top 24 address bits (of 32) from memory init port icebreaker.$flatten\soc.\spimem_cache.$auto$proc_memwr.cc:45:proc_memwr$7361 (soc.spimem_cache.cache_valid).
Removed top 24 address bits (of 32) from memory init port icebreaker.$flatten\soc.\spimem_cache.$auto$proc_memwr.cc:45:proc_memwr$7360 (soc.spimem_cache.cache_valid).
Removed top 24 address bits (of 32) from memory init port icebreaker.$flatten\soc.\spimem_cache.$auto$proc_memwr.cc:45:proc_memwr$7359 (soc.spimem_cache.cache_valid).
Removed top 24 address bits (of 32) from memory init port icebreaker.$flatten\soc.\spimem_cache.$auto$proc_memwr.cc:45:proc_memwr$7358 (soc.spimem_cache.cache_valid).
Removed top 24 address bits (of 32) from memory init port icebreaker.$flatten\soc.\spimem_cache.$auto$proc_memwr.cc:45:proc_memwr$7357 (soc.spimem_cache.cache_valid).
Removed top 24 address bits (of 32) from memory init port icebreaker.$flatten\soc.\spimem_cache.$auto$proc_memwr.cc:45:proc_memwr$7356 (soc.spimem_cache.cache_valid).
Removed top 24 address bits (of 32) from memory init port icebreaker.$flatten\soc.\spimem_cache.$auto$proc_memwr.cc:45:proc_memwr$7355 (soc.spimem_cache.cache_valid).
Removed top 24 address bits (of 32) from memory init port icebreaker.$flatten\soc.\spimem_cache.$auto$proc_memwr.cc:45:proc_memwr$7354 (soc.spimem_cache.cache_valid).
Removed top 24 address bits (of 32) from memory init port icebreaker.$flatten\soc.\spimem_cache.$auto$proc_memwr.cc:45:proc_memwr$7353 (soc.spimem_cache.cache_valid).
Removed top 24 address bits (of 32) from memory init port icebreaker.$flatten\soc.\spimem_cache.$auto$proc_memwr.cc:45:proc_memwr$7352 (soc.spimem_cache.cache_valid).
Removed top 24 address bits (of 32) from memory init port icebreaker.$flatten\soc.\spimem_cache.$auto$proc_memwr.cc:45:proc_memwr$7351 (soc.spimem_cache.cache_valid).
Removed top 24 address bits (of 32) from memory init port icebreaker.$flatten\soc.\spimem_cache.$auto$proc_memwr.cc:45:proc_memwr$7350 (soc.spimem_cache.cache_valid).
Removed top 24 address bits (of 32) from memory init port icebreaker.$flatten\soc.\spimem_cache.$auto$proc_memwr.cc:45:proc_memwr$7349 (soc.spimem_cache.cache_valid).
Removed top 24 address bits (of 32) from memory init port icebreaker.$flatten\soc.\spimem_cache.$auto$proc_memwr.cc:45:proc_memwr$7348 (soc.spimem_cache.cache_valid).
Removed top 24 address bits (of 32) from memory init port icebreaker.$flatten\soc.\spimem_cache.$auto$proc_memwr.cc:45:proc_memwr$7347 (soc.spimem_cache.cache_valid).
Removed top 24 address bits (of 32) from memory init port icebreaker.$flatten\soc.\spimem_cache.$auto$proc_memwr.cc:45:proc_memwr$7346 (soc.spimem_cache.cache_valid).
Removed top 24 address bits (of 32) from memory init port icebreaker.$flatten\soc.\spimem_cache.$auto$proc_memwr.cc:45:proc_memwr$7345 (soc.spimem_cache.cache_valid).
Removed top 24 address bits (of 32) from memory init port icebreaker.$flatten\soc.\spimem_cache.$auto$proc_memwr.cc:45:proc_memwr$7344 (soc.spimem_cache.cache_valid).
Removed top 24 address bits (of 32) from memory init port icebreaker.$flatten\soc.\spimem_cache.$auto$proc_memwr.cc:45:proc_memwr$7343 (soc.spimem_cache.cache_valid).
Removed top 28 address bits (of 32) from memory init port icebreaker.$flatten\seven_segment_ctrl.\msb_nibble.$auto$mem.cc:351:emit$2155 ($flatten\seven_segment_ctrl.\msb_nibble.$auto$proc_rom.cc:155:do_switch$2153).
Removed top 28 address bits (of 32) from memory init port icebreaker.$flatten\seven_segment_ctrl.\lsb_nibble.$auto$mem.cc:351:emit$2155 ($flatten\seven_segment_ctrl.\lsb_nibble.$auto$proc_rom.cc:155:do_switch$2153).
Removed top 11 bits (of 31) from FF cell icebreaker.$auto$ff.cc:337:slice$9180 ($dffe).
Removed top 1 bits (of 4) from FF cell icebreaker.$auto$ff.cc:337:slice$9123 ($sdff).
Removed top 1 bits (of 2) from port B of cell icebreaker.$auto$opt_dff.cc:235:make_patterns_logic$9092 ($ne).
Removed top 2 bits (of 4) from port B of cell icebreaker.$auto$opt_dff.cc:235:make_patterns_logic$9090 ($ne).
Removed top 2 bits (of 3) from port B of cell icebreaker.$auto$opt_dff.cc:235:make_patterns_logic$9088 ($ne).
Removed top 1 bits (of 2) from port B of cell icebreaker.$auto$opt_dff.cc:235:make_patterns_logic$9063 ($ne).
Removed top 3 bits (of 4) from port B of cell icebreaker.$auto$opt_dff.cc:235:make_patterns_logic$9035 ($ne).
Removed top 1 bits (of 2) from port B of cell icebreaker.$auto$opt_dff.cc:235:make_patterns_logic$9020 ($ne).
Removed top 2 bits (of 3) from port B of cell icebreaker.$auto$opt_dff.cc:235:make_patterns_logic$9016 ($ne).
Removed top 1 bits (of 3) from port B of cell icebreaker.$auto$opt_dff.cc:235:make_patterns_logic$8981 ($ne).
Removed top 2 bits (of 3) from port B of cell icebreaker.$auto$opt_dff.cc:235:make_patterns_logic$8892 ($ne).
Removed top 2 bits (of 3) from port B of cell icebreaker.$auto$opt_dff.cc:235:make_patterns_logic$8890 ($ne).
Removed top 1 bits (of 2) from port B of cell icebreaker.$auto$opt_dff.cc:235:make_patterns_logic$8868 ($ne).
Removed top 1 bits (of 2) from port B of cell icebreaker.$auto$opt_dff.cc:235:make_patterns_logic$8761 ($ne).
Removed top 1 bits (of 2) from port B of cell icebreaker.$auto$opt_dff.cc:235:make_patterns_logic$8759 ($ne).
Removed top 1 bits (of 2) from port B of cell icebreaker.$auto$opt_dff.cc:235:make_patterns_logic$8718 ($ne).
Removed top 1 bits (of 2) from port B of cell icebreaker.$auto$opt_dff.cc:235:make_patterns_logic$8703 ($ne).
Removed top 1 bits (of 2) from port B of cell icebreaker.$auto$opt_dff.cc:235:make_patterns_logic$8694 ($ne).
Removed top 1 bits (of 2) from port B of cell icebreaker.$auto$opt_dff.cc:235:make_patterns_logic$8692 ($ne).
Removed top 2 bits (of 3) from port B of cell icebreaker.$auto$opt_dff.cc:235:make_patterns_logic$8652 ($ne).
Removed top 2 bits (of 4) from port B of cell icebreaker.$auto$opt_dff.cc:235:make_patterns_logic$8648 ($ne).
Removed top 2 bits (of 6) from port B of cell icebreaker.$auto$opt_dff.cc:235:make_patterns_logic$8644 ($ne).
Removed top 1 bits (of 3) from port B of cell icebreaker.$auto$opt_dff.cc:235:make_patterns_logic$8642 ($ne).
Removed top 1 bits (of 3) from port B of cell icebreaker.$auto$fsm_map.cc:77:implement_pattern_cache$8520 ($eq).
Removed top 1 bits (of 4) from port B of cell icebreaker.$auto$fsm_map.cc:77:implement_pattern_cache$8512 ($eq).
Removed top 2 bits (of 3) from port B of cell icebreaker.$auto$fsm_map.cc:77:implement_pattern_cache$8455 ($eq).
Removed top 1 bits (of 4) from port B of cell icebreaker.$auto$fsm_map.cc:77:implement_pattern_cache$8446 ($eq).
Removed top 2 bits (of 3) from port B of cell icebreaker.$auto$fsm_map.cc:77:implement_pattern_cache$8439 ($eq).
Removed top 3 bits (of 4) from port B of cell icebreaker.$auto$fsm_map.cc:77:implement_pattern_cache$8398 ($eq).
Removed top 1 bits (of 7) from port B of cell icebreaker.$auto$fsm_map.cc:77:implement_pattern_cache$8285 ($eq).
Removed top 2 bits (of 8) from port B of cell icebreaker.$auto$fsm_map.cc:77:implement_pattern_cache$8281 ($eq).
Removed top 3 bits (of 7) from port B of cell icebreaker.$auto$fsm_map.cc:77:implement_pattern_cache$8277 ($eq).
Removed top 3 bits (of 5) from port B of cell icebreaker.$auto$fsm_map.cc:77:implement_pattern_cache$8273 ($eq).
Removed top 1 bits (of 6) from port B of cell icebreaker.$auto$fsm_map.cc:77:implement_pattern_cache$8265 ($eq).
Removed top 2 bits (of 7) from port B of cell icebreaker.$auto$fsm_map.cc:77:implement_pattern_cache$8261 ($eq).
Removed top 3 bits (of 6) from port B of cell icebreaker.$auto$fsm_map.cc:77:implement_pattern_cache$8257 ($eq).
Removed top 3 bits (of 4) from port B of cell icebreaker.$auto$fsm_map.cc:77:implement_pattern_cache$8253 ($eq).
Removed top 1 bits (of 6) from port B of cell icebreaker.$auto$fsm_map.cc:77:implement_pattern_cache$8245 ($eq).
Removed top 2 bits (of 7) from port B of cell icebreaker.$auto$fsm_map.cc:77:implement_pattern_cache$8241 ($eq).
Removed top 3 bits (of 6) from port B of cell icebreaker.$auto$fsm_map.cc:77:implement_pattern_cache$8237 ($eq).
Removed top 2 bits (of 4) from port B of cell icebreaker.$auto$fsm_map.cc:77:implement_pattern_cache$8233 ($eq).
Removed top 1 bits (of 10) from port B of cell icebreaker.$auto$fsm_map.cc:77:implement_pattern_cache$8184 ($eq).
Removed top 2 bits (of 11) from port B of cell icebreaker.$auto$fsm_map.cc:77:implement_pattern_cache$8180 ($eq).
Removed top 3 bits (of 10) from port B of cell icebreaker.$auto$fsm_map.cc:77:implement_pattern_cache$8176 ($eq).
Removed top 3 bits (of 8) from port B of cell icebreaker.$auto$fsm_map.cc:77:implement_pattern_cache$8172 ($eq).
Removed top 1 bits (of 6) from port B of cell icebreaker.$auto$fsm_map.cc:77:implement_pattern_cache$8163 ($eq).
Removed top 2 bits (of 7) from port B of cell icebreaker.$auto$fsm_map.cc:77:implement_pattern_cache$8159 ($eq).
Removed top 3 bits (of 6) from port B of cell icebreaker.$auto$fsm_map.cc:77:implement_pattern_cache$8155 ($eq).
Removed top 3 bits (of 4) from port B of cell icebreaker.$auto$fsm_map.cc:77:implement_pattern_cache$8151 ($eq).
Removed top 1 bits (of 6) from port B of cell icebreaker.$auto$fsm_map.cc:77:implement_pattern_cache$8143 ($eq).
Removed top 2 bits (of 7) from port B of cell icebreaker.$auto$fsm_map.cc:77:implement_pattern_cache$8139 ($eq).
Removed top 3 bits (of 6) from port B of cell icebreaker.$auto$fsm_map.cc:77:implement_pattern_cache$8135 ($eq).
Removed top 2 bits (of 4) from port B of cell icebreaker.$auto$fsm_map.cc:77:implement_pattern_cache$8131 ($eq).
Removed top 1 bits (of 10) from port B of cell icebreaker.$auto$fsm_map.cc:77:implement_pattern_cache$8123 ($eq).
Removed top 2 bits (of 11) from port B of cell icebreaker.$auto$fsm_map.cc:77:implement_pattern_cache$8119 ($eq).
Removed top 3 bits (of 10) from port B of cell icebreaker.$auto$fsm_map.cc:77:implement_pattern_cache$8115 ($eq).
Removed top 3 bits (of 8) from port B of cell icebreaker.$auto$fsm_map.cc:77:implement_pattern_cache$8111 ($eq).
Removed top 1 bits (of 7) from port B of cell icebreaker.$auto$fsm_map.cc:77:implement_pattern_cache$8102 ($eq).
Removed top 2 bits (of 8) from port B of cell icebreaker.$auto$fsm_map.cc:77:implement_pattern_cache$8098 ($eq).
Removed top 3 bits (of 7) from port B of cell icebreaker.$auto$fsm_map.cc:77:implement_pattern_cache$8094 ($eq).
Removed top 2 bits (of 5) from port B of cell icebreaker.$auto$fsm_map.cc:77:implement_pattern_cache$8090 ($eq).
Removed top 1 bits (of 6) from port B of cell icebreaker.$auto$fsm_map.cc:77:implement_pattern_cache$8082 ($eq).
Removed top 2 bits (of 7) from port B of cell icebreaker.$auto$fsm_map.cc:77:implement_pattern_cache$8078 ($eq).
Removed top 3 bits (of 6) from port B of cell icebreaker.$auto$fsm_map.cc:77:implement_pattern_cache$8074 ($eq).
Removed top 2 bits (of 4) from port B of cell icebreaker.$auto$fsm_map.cc:77:implement_pattern_cache$8070 ($eq).
Removed top 1 bits (of 12) from port B of cell icebreaker.$auto$fsm_map.cc:77:implement_pattern_cache$8062 ($eq).
Removed top 2 bits (of 13) from port B of cell icebreaker.$auto$fsm_map.cc:77:implement_pattern_cache$8058 ($eq).
Removed top 3 bits (of 12) from port B of cell icebreaker.$auto$fsm_map.cc:77:implement_pattern_cache$8054 ($eq).
Removed top 7 bits (of 10) from port B of cell icebreaker.$auto$fsm_map.cc:77:implement_pattern_cache$8050 ($eq).
Removed top 1 bits (of 6) from port B of cell icebreaker.$auto$fsm_map.cc:77:implement_pattern_cache$8045 ($eq).
Removed top 2 bits (of 8) from port B of cell icebreaker.$auto$fsm_map.cc:77:implement_pattern_cache$8041 ($eq).
Removed top 3 bits (of 9) from port B of cell icebreaker.$auto$fsm_map.cc:77:implement_pattern_cache$8037 ($eq).
Removed top 4 bits (of 8) from port B of cell icebreaker.$auto$fsm_map.cc:77:implement_pattern_cache$8033 ($eq).
Removed top 4 bits (of 6) from port B of cell icebreaker.$auto$fsm_map.cc:77:implement_pattern_cache$8029 ($eq).
Removed top 1 bits (of 9) from port B of cell icebreaker.$auto$fsm_map.cc:77:implement_pattern_cache$8021 ($eq).
Removed top 2 bits (of 10) from port B of cell icebreaker.$auto$fsm_map.cc:77:implement_pattern_cache$8017 ($eq).
Removed top 3 bits (of 9) from port B of cell icebreaker.$auto$fsm_map.cc:77:implement_pattern_cache$8013 ($eq).
Removed top 4 bits (of 7) from port B of cell icebreaker.$auto$fsm_map.cc:77:implement_pattern_cache$8009 ($eq).
Removed top 1 bits (of 7) from port B of cell icebreaker.$auto$fsm_map.cc:77:implement_pattern_cache$7996 ($eq).
Removed top 2 bits (of 8) from port B of cell icebreaker.$auto$fsm_map.cc:77:implement_pattern_cache$7990 ($eq).
Removed top 3 bits (of 7) from port B of cell icebreaker.$auto$fsm_map.cc:77:implement_pattern_cache$7984 ($eq).
Removed top 2 bits (of 5) from port B of cell icebreaker.$auto$fsm_map.cc:77:implement_pattern_cache$7978 ($eq).
Removed top 1 bits (of 6) from port B of cell icebreaker.$auto$fsm_map.cc:77:implement_pattern_cache$7970 ($eq).
Removed top 2 bits (of 7) from port B of cell icebreaker.$auto$fsm_map.cc:77:implement_pattern_cache$7966 ($eq).
Removed top 3 bits (of 6) from port B of cell icebreaker.$auto$fsm_map.cc:77:implement_pattern_cache$7962 ($eq).
Removed top 2 bits (of 4) from port B of cell icebreaker.$auto$fsm_map.cc:77:implement_pattern_cache$7958 ($eq).
Removed top 1 bits (of 6) from port B of cell icebreaker.$auto$fsm_map.cc:77:implement_pattern_cache$7950 ($eq).
Removed top 2 bits (of 7) from port B of cell icebreaker.$auto$fsm_map.cc:77:implement_pattern_cache$7946 ($eq).
Removed top 3 bits (of 6) from port B of cell icebreaker.$auto$fsm_map.cc:77:implement_pattern_cache$7942 ($eq).
Removed top 2 bits (of 4) from port B of cell icebreaker.$auto$fsm_map.cc:77:implement_pattern_cache$7938 ($eq).
Removed top 1 bits (of 7) from port B of cell icebreaker.$auto$fsm_map.cc:77:implement_pattern_cache$7930 ($eq).
Removed top 2 bits (of 8) from port B of cell icebreaker.$auto$fsm_map.cc:77:implement_pattern_cache$7926 ($eq).
Removed top 3 bits (of 7) from port B of cell icebreaker.$auto$fsm_map.cc:77:implement_pattern_cache$7922 ($eq).
Removed top 2 bits (of 5) from port B of cell icebreaker.$auto$fsm_map.cc:77:implement_pattern_cache$7918 ($eq).
Removed top 1 bits (of 6) from port B of cell icebreaker.$auto$fsm_map.cc:77:implement_pattern_cache$7910 ($eq).
Removed top 2 bits (of 7) from port B of cell icebreaker.$auto$fsm_map.cc:77:implement_pattern_cache$7906 ($eq).
Removed top 3 bits (of 6) from port B of cell icebreaker.$auto$fsm_map.cc:77:implement_pattern_cache$7902 ($eq).
Removed top 3 bits (of 4) from port B of cell icebreaker.$auto$fsm_map.cc:77:implement_pattern_cache$7898 ($eq).
Removed top 1 bits (of 8) from port B of cell icebreaker.$auto$fsm_map.cc:77:implement_pattern_cache$7890 ($eq).
Removed top 2 bits (of 9) from port B of cell icebreaker.$auto$fsm_map.cc:77:implement_pattern_cache$7886 ($eq).
Removed top 3 bits (of 8) from port B of cell icebreaker.$auto$fsm_map.cc:77:implement_pattern_cache$7882 ($eq).
Removed top 5 bits (of 6) from port B of cell icebreaker.$auto$fsm_map.cc:77:implement_pattern_cache$7878 ($eq).
Removed top 1 bits (of 7) from port B of cell icebreaker.$auto$fsm_map.cc:77:implement_pattern_cache$7854 ($eq).
Removed top 2 bits (of 9) from port B of cell icebreaker.$auto$fsm_map.cc:77:implement_pattern_cache$7850 ($eq).
Removed top 3 bits (of 10) from port B of cell icebreaker.$auto$fsm_map.cc:77:implement_pattern_cache$7846 ($eq).
Removed top 4 bits (of 9) from port B of cell icebreaker.$auto$fsm_map.cc:77:implement_pattern_cache$7842 ($eq).
Removed top 3 bits (of 7) from port B of cell icebreaker.$auto$fsm_map.cc:77:implement_pattern_cache$7838 ($eq).
Removed top 1 bits (of 9) from port B of cell icebreaker.$auto$fsm_map.cc:77:implement_pattern_cache$7830 ($eq).
Removed top 2 bits (of 10) from port B of cell icebreaker.$auto$fsm_map.cc:77:implement_pattern_cache$7826 ($eq).
Removed top 3 bits (of 9) from port B of cell icebreaker.$auto$fsm_map.cc:77:implement_pattern_cache$7822 ($eq).
Removed top 4 bits (of 7) from port B of cell icebreaker.$auto$fsm_map.cc:77:implement_pattern_cache$7818 ($eq).
Removed top 1 bits (of 7) from port B of cell icebreaker.$auto$fsm_map.cc:77:implement_pattern_cache$7810 ($eq).
Removed top 2 bits (of 8) from port B of cell icebreaker.$auto$fsm_map.cc:77:implement_pattern_cache$7806 ($eq).
Removed top 3 bits (of 7) from port B of cell icebreaker.$auto$fsm_map.cc:77:implement_pattern_cache$7802 ($eq).
Removed top 2 bits (of 5) from port B of cell icebreaker.$auto$fsm_map.cc:77:implement_pattern_cache$7798 ($eq).
Removed top 1 bits (of 5) from port B of cell icebreaker.$auto$fsm_map.cc:77:implement_pattern_cache$7794 ($eq).
Removed top 2 bits (of 6) from port B of cell icebreaker.$auto$fsm_map.cc:77:implement_pattern_cache$7792 ($eq).
Removed top 3 bits (of 5) from port B of cell icebreaker.$auto$fsm_map.cc:77:implement_pattern_cache$7790 ($eq).
Removed top 1 bits (of 6) from port B of cell icebreaker.$auto$fsm_map.cc:77:implement_pattern_cache$7780 ($eq).
Removed top 2 bits (of 7) from port B of cell icebreaker.$auto$fsm_map.cc:77:implement_pattern_cache$7776 ($eq).
Removed top 3 bits (of 6) from port B of cell icebreaker.$auto$fsm_map.cc:77:implement_pattern_cache$7772 ($eq).
Removed top 2 bits (of 4) from port B of cell icebreaker.$auto$fsm_map.cc:77:implement_pattern_cache$7768 ($eq).
Removed top 1 bits (of 4) from port B of cell icebreaker.$auto$fsm_map.cc:77:implement_pattern_cache$7763 ($eq).
Removed top 3 bits (of 5) from port B of cell icebreaker.$auto$fsm_map.cc:77:implement_pattern_cache$7761 ($eq).
Removed top 1 bits (of 5) from port B of cell icebreaker.$auto$fsm_map.cc:77:implement_pattern_cache$7753 ($eq).
Removed top 2 bits (of 6) from port B of cell icebreaker.$auto$fsm_map.cc:77:implement_pattern_cache$7749 ($eq).
Removed top 3 bits (of 5) from port B of cell icebreaker.$auto$fsm_map.cc:77:implement_pattern_cache$7745 ($eq).
Removed top 2 bits (of 3) from port B of cell icebreaker.$auto$fsm_map.cc:77:implement_pattern_cache$7741 ($eq).
Removed top 1 bits (of 7) from port B of cell icebreaker.$auto$fsm_map.cc:77:implement_pattern_cache$7737 ($eq).
Removed top 2 bits (of 9) from port B of cell icebreaker.$auto$fsm_map.cc:77:implement_pattern_cache$7733 ($eq).
Removed top 3 bits (of 10) from port B of cell icebreaker.$auto$fsm_map.cc:77:implement_pattern_cache$7729 ($eq).
Removed top 4 bits (of 9) from port B of cell icebreaker.$auto$fsm_map.cc:77:implement_pattern_cache$7725 ($eq).
Removed top 4 bits (of 7) from port B of cell icebreaker.$auto$fsm_map.cc:77:implement_pattern_cache$7721 ($eq).
Removed top 5 bits (of 6) from port B of cell icebreaker.$add$icebreaker.v:80$394 ($add).
Removed top 6 bits (of 8) from port B of cell icebreaker.$eq$icebreaker.v:137$401 ($eq).
Removed top 31 bits (of 32) from port B of cell icebreaker.$flatten\seven_segment_ctrl.$add$icebreaker.v:221$463 ($add).
Removed top 22 bits (of 32) from port Y of cell icebreaker.$flatten\seven_segment_ctrl.$add$icebreaker.v:221$463 ($add).
Removed top 31 bits (of 32) from port B of cell icebreaker.$flatten\soc.\simpleuart.$add$simpleuart.v:74$486 ($add).
Removed top 31 bits (of 32) from port B of cell icebreaker.$flatten\soc.\simpleuart.$add$simpleuart.v:99$492 ($add).
Removed top 28 bits (of 32) from port Y of cell icebreaker.$flatten\soc.\simpleuart.$add$simpleuart.v:99$492 ($add).
Removed top 31 bits (of 32) from port B of cell icebreaker.$flatten\soc.\simpleuart.$add$simpleuart.v:112$495 ($add).
Removed top 31 bits (of 32) from port B of cell icebreaker.$flatten\soc.\simpleuart.$sub$simpleuart.v:132$503 ($sub).
Removed top 28 bits (of 32) from port Y of cell icebreaker.$flatten\soc.\simpleuart.$sub$simpleuart.v:132$503 ($sub).
Removed top 1 bits (of 10) from mux cell icebreaker.$flatten\soc.\simpleuart.$procmux$6707 ($mux).
Removed top 1 bits (of 10) from mux cell icebreaker.$flatten\soc.\simpleuart.$procmux$6710 ($mux).
Removed top 3 bits (of 4) from port B of cell icebreaker.$flatten\soc.\simpleuart.$procmux$6767_CMP0 ($eq).
Removed top 3 bits (of 4) from port B of cell icebreaker.$flatten\soc.\spimemio.$eq$spimemio.v:221$538 ($eq).
Removed top 2 bits (of 4) from port B of cell icebreaker.$flatten\soc.\spimemio.$eq$spimemio.v:222$540 ($eq).
Removed top 2 bits (of 4) from port B of cell icebreaker.$flatten\soc.\spimemio.$eq$spimemio.v:223$542 ($eq).
Removed top 1 bits (of 4) from port B of cell icebreaker.$flatten\soc.\spimemio.$eq$spimemio.v:224$544 ($eq).
Removed top 29 bits (of 32) from port B of cell icebreaker.$flatten\soc.\spimemio.$add$spimemio.v:226$546 ($add).
Removed top 7 bits (of 32) from port Y of cell icebreaker.$flatten\soc.\spimemio.$add$spimemio.v:226$546 ($add).
Removed top 8 bits (of 32) from mux cell icebreaker.$flatten\soc.\spimemio.$ternary$spimemio.v:226$548 ($mux).
Removed top 1 bits (of 8) from mux cell icebreaker.$flatten\soc.\spimemio.$ternary$spimemio.v:316$553 ($mux).
Removed top 1 bits (of 2) from port B of cell icebreaker.$flatten\soc.\spimemio.$procmux$6616_CMP0 ($eq).
Removed top 1 bits (of 2) from port B of cell icebreaker.$flatten\soc.\spimemio.\xfer.$procmux$2330_CMP0 ($eq).
Removed top 28 bits (of 32) from mux cell icebreaker.$flatten\soc.\spimemio.\xfer.$ternary$spimemio.v:567$2120 ($mux).
Removed top 2 bits (of 4) from port B of cell icebreaker.$flatten\soc.\spimemio.\xfer.$sub$spimemio.v:524$2103 ($sub).
Removed top 1 bits (of 4) from port B of cell icebreaker.$flatten\soc.\spimemio.\xfer.$sub$spimemio.v:491$2091 ($sub).
Removed top 3 bits (of 4) from port B of cell icebreaker.$flatten\soc.\spimemio.\xfer.$sub$spimemio.v:471$2084 ($sub).
Removed top 11 bits (of 32) from port B of cell icebreaker.$flatten\soc.\spimem_cache.$eq$picosoc.v:356$818 ($eq).
Removed top 31 bits (of 32) from port B of cell icebreaker.$flatten\soc.\spimem_cache.$add$picosoc.v:428$1368 ($add).
Removed top 31 bits (of 32) from port B of cell icebreaker.$flatten\soc.\spimem_cache.$add$picosoc.v:437$1383 ($add).
Removed top 31 bits (of 32) from port B of cell icebreaker.$flatten\soc.\spimem_cache.$add$picosoc.v:440$1384 ($add).
Removed top 31 bits (of 32) from port Y of cell icebreaker.$flatten\soc.\spimem_cache.$add$picosoc.v:440$1384 ($add).
Removed top 3 bits (of 4) from port A of cell icebreaker.$flatten\soc.\cpu.$shl$../picorv32.v:419$1479 ($shl).
Removed top 30 bits (of 32) from mux cell icebreaker.$flatten\soc.\cpu.$ternary$../picorv32.v:617$1538 ($mux).
Removed top 1 bits (of 7) from port B of cell icebreaker.$flatten\soc.\cpu.$eq$../picorv32.v:867$1557 ($eq).
Removed top 2 bits (of 7) from port B of cell icebreaker.$flatten\soc.\cpu.$eq$../picorv32.v:868$1558 ($eq).
Removed top 4 bits (of 7) from port B of cell icebreaker.$flatten\soc.\cpu.$eq$../picorv32.v:872$1568 ($eq).
Removed top 5 bits (of 7) from port B of cell icebreaker.$flatten\soc.\cpu.$eq$../picorv32.v:875$1572 ($eq).
Removed top 1 bits (of 7) from port B of cell icebreaker.$flatten\soc.\cpu.$eq$../picorv32.v:876$1573 ($eq).
Removed top 2 bits (of 7) from port B of cell icebreaker.$flatten\soc.\cpu.$eq$../picorv32.v:877$1574 ($eq).
Removed top 1 bits (of 7) from port B of cell icebreaker.$flatten\soc.\cpu.$eq$../picorv32.v:878$1575 ($eq).
Removed top 3 bits (of 7) from port B of cell icebreaker.$flatten\soc.\cpu.$eq$../picorv32.v:889$1581 ($eq).
Removed top 5 bits (of 7) from port B of cell icebreaker.$flatten\soc.\cpu.$eq$../picorv32.v:889$1582 ($eq).
Removed top 3 bits (of 7) from port B of cell icebreaker.$flatten\soc.\cpu.$eq$../picorv32.v:1088$1755 ($eq).
Removed top 5 bits (of 7) from port B of cell icebreaker.$flatten\soc.\cpu.$eq$../picorv32.v:1092$1769 ($eq).
Removed top 3 bits (of 7) from port B of cell icebreaker.$flatten\soc.\cpu.$eq$../picorv32.v:1093$1772 ($eq).
Removed top 4 bits (of 7) from port B of cell icebreaker.$flatten\soc.\cpu.$eq$../picorv32.v:1093$1773 ($eq).
Removed top 1 bits (of 3) from port B of cell icebreaker.$flatten\soc.\cpu.$eq$../picorv32.v:1104$1791 ($eq).
Removed top 1 bits (of 3) from port B of cell icebreaker.$flatten\soc.\cpu.$eq$../picorv32.v:1103$1792 ($eq).
Removed top 1 bits (of 7) from port B of cell icebreaker.$flatten\soc.\cpu.$eq$../picorv32.v:1113$1798 ($eq).
Removed top 2 bits (of 3) from port B of cell icebreaker.$flatten\soc.\cpu.$eq$../picorv32.v:1111$1803 ($eq).
Removed top 29 bits (of 32) from port B of cell icebreaker.$flatten\soc.\cpu.$add$../picorv32.v:1317$1855 ($add).
Removed top 31 bits (of 32) from port B of cell icebreaker.$flatten\soc.\cpu.$sub$../picorv32.v:1426$1885 ($sub).
Removed top 28 bits (of 32) from port Y of cell icebreaker.$flatten\soc.\cpu.$sub$../picorv32.v:1426$1885 ($sub).
Removed top 31 bits (of 32) from port B of cell icebreaker.$flatten\soc.\cpu.$add$../picorv32.v:1433$1887 ($add).
Removed top 1 bits (of 2) from port B of cell icebreaker.$flatten\soc.\cpu.$eq$../picorv32.v:1541$1929 ($eq).
Removed top 29 bits (of 32) from mux cell icebreaker.$flatten\soc.\cpu.$ternary$../picorv32.v:1546$1932 ($mux).
Removed top 29 bits (of 32) from port B of cell icebreaker.$flatten\soc.\cpu.$add$../picorv32.v:1560$1940 ($add).
Removed top 31 bits (of 32) from port B of cell icebreaker.$flatten\soc.\cpu.$add$../picorv32.v:1564$1941 ($add).
Removed top 29 bits (of 32) from port B of cell icebreaker.$flatten\soc.\cpu.$ge$../picorv32.v:1835$1995 ($ge).
Removed top 29 bits (of 32) from port B of cell icebreaker.$flatten\soc.\cpu.$sub$../picorv32.v:1842$2003 ($sub).
Removed top 27 bits (of 32) from port Y of cell icebreaker.$flatten\soc.\cpu.$sub$../picorv32.v:1842$2003 ($sub).
Removed top 31 bits (of 32) from port B of cell icebreaker.$flatten\soc.\cpu.$sub$../picorv32.v:1850$2010 ($sub).
Removed top 27 bits (of 32) from port Y of cell icebreaker.$flatten\soc.\cpu.$sub$../picorv32.v:1850$2010 ($sub).
Removed top 31 bits (of 32) from port B of cell icebreaker.$flatten\soc.\cpu.$sub$../picorv32.v:1918$2027 ($sub).
Removed top 29 bits (of 32) from mux cell icebreaker.$flatten\soc.\cpu.$procmux$3085 ($mux).
Removed top 1 bits (of 2) from port B of cell icebreaker.$flatten\soc.\cpu.$procmux$5390_CMP0 ($eq).
Removed top 1 bits (of 2) from port B of cell icebreaker.$flatten\soc.\cpu.$procmux$5158_CMP0 ($eq).
Removed top 2 bits (of 3) from port B of cell icebreaker.$flatten\soc.\cpu.\genblk1.pcpi_mul.$procmux$2219_CMP0 ($eq).
Removed top 1 bits (of 3) from port B of cell icebreaker.$flatten\soc.\cpu.\genblk1.pcpi_mul.$procmux$2211_CMP0 ($eq).
Removed top 1 bits (of 3) from port B of cell icebreaker.$flatten\soc.\cpu.\genblk1.pcpi_mul.$procmux$2204_CMP0 ($eq).
Removed cell icebreaker.$flatten\soc.\cpu.\genblk1.pcpi_mul.$procmux$2180 ($mux).
Removed cell icebreaker.$flatten\soc.\cpu.\genblk1.pcpi_mul.$procmux$2174 ($mux).
Removed top 32 bits (of 64) from mux cell icebreaker.$flatten\soc.\cpu.\genblk1.pcpi_mul.$ternary$../picorv32.v:2411$2141 ($mux).
Converting cell icebreaker.$flatten\soc.\cpu.\genblk1.pcpi_mul.$mul$../picorv32.v:2371$2134 ($mul) from unsigned to signed.
Removed top 31 bits (of 64) from port A of cell icebreaker.$flatten\soc.\cpu.\genblk1.pcpi_mul.$mul$../picorv32.v:2371$2134 ($mul).
Removed top 31 bits (of 64) from port B of cell icebreaker.$flatten\soc.\cpu.\genblk1.pcpi_mul.$mul$../picorv32.v:2371$2134 ($mul).
Removed top 6 bits (of 7) from port B of cell icebreaker.$flatten\soc.\cpu.\genblk1.pcpi_mul.$eq$../picorv32.v:2345$2127 ($eq).
Removed top 1 bits (of 7) from port B of cell icebreaker.$flatten\soc.\cpu.\genblk1.pcpi_mul.$eq$../picorv32.v:2345$2125 ($eq).
Removed top 14 bits (of 32) from port B of cell icebreaker.$flatten\soc.$lt$picosoc.v:262$459 ($lt).
Removed top 6 bits (of 32) from port B of cell icebreaker.$flatten\soc.$lt$picosoc.v:189$445 ($lt).
Removed top 14 bits (of 32) from port B of cell icebreaker.$flatten\soc.$ge$picosoc.v:189$443 ($ge).
Removed top 6 bits (of 32) from port B of cell icebreaker.$flatten\soc.$eq$picosoc.v:145$420 ($eq).
Removed top 6 bits (of 32) from port B of cell icebreaker.$flatten\soc.$eq$picosoc.v:142$418 ($eq).
Removed top 6 bits (of 32) from port B of cell icebreaker.$flatten\soc.$eq$picosoc.v:139$416 ($eq).
Removed top 7 bits (of 8) from port B of cell icebreaker.$flatten\soc.$gt$picosoc.v:134$414 ($gt).
Removed top 6 bits (of 32) from port B of cell icebreaker.$flatten\soc.$eq$picosoc.v:125$408 ($eq).
Removed top 6 bits (of 32) from port B of cell icebreaker.$flatten\soc.$eq$picosoc.v:124$406 ($eq).
Removed top 1 bits (of 3) from FF cell icebreaker.$auto$ff.cc:337:slice$9123 ($sdff).
Removed top 7 bits (of 32) from port B of cell icebreaker.$flatten\soc.\spimemio.$ne$spimemio.v:72$510 ($ne).
Removed top 31 bits (of 32) from wire icebreaker.$flatten\soc.\spimem_cache.$add$picosoc.v:440$1384_Y.
Removed top 29 bits (of 32) from wire icebreaker.$flatten\soc.\cpu.$1\next_irq_pending[31:0].
Removed top 28 bits (of 32) from wire icebreaker.$flatten\soc.\cpu.$sub$../picorv32.v:1426$1885_Y.
Removed top 29 bits (of 32) from wire icebreaker.$flatten\soc.\cpu.$0\irq_pending[31:0].
Removed top 3 bits (of 4) from wire icebreaker.$flatten\soc.\spimemio.\xfer.$reduce_or$spimemio.v:471$2083_Y.
Removed top 28 bits (of 32) from wire icebreaker.$flatten\soc.\spimemio.\xfer.$ternary$spimemio.v:567$2120_Y.
Removed top 29 bits (of 32) from wire icebreaker.$flatten\soc.\cpu.$ternary$../picorv32.v:1546$1932_Y.
Removed top 27 bits (of 32) from wire icebreaker.$flatten\soc.\cpu.$sub$../picorv32.v:1842$2003_Y.
Removed top 27 bits (of 32) from wire icebreaker.$flatten\soc.\cpu.$sub$../picorv32.v:1850$2010_Y.
Removed top 29 bits (of 32) from wire icebreaker.$flatten\soc.\cpu.$14\next_irq_pending[31:0].
Removed top 1 bits (of 8) from wire icebreaker.$flatten\soc.\spimemio.$ternary$spimemio.v:316$553_Y.
Removed top 8 bits (of 32) from wire icebreaker.$flatten\soc.\spimemio.$ternary$spimemio.v:226$548_Y.
Removed top 7 bits (of 32) from wire icebreaker.$flatten\soc.\spimemio.$add$spimemio.v:226$546_Y.
Removed top 1 bits (of 10) from wire icebreaker.$flatten\soc.\simpleuart.$procmux$6710_Y.
Removed top 1 bits (of 10) from wire icebreaker.$flatten\soc.\simpleuart.$procmux$6707_Y.
Removed top 28 bits (of 32) from wire icebreaker.$flatten\soc.\simpleuart.$sub$simpleuart.v:132$503_Y.
Removed top 28 bits (of 32) from wire icebreaker.$flatten\soc.\simpleuart.$add$simpleuart.v:99$492_Y.
Removed top 5 bits (of 6) from wire icebreaker.$logic_not$icebreaker.v:80$393_Y.

7.15. Executing PEEPOPT pass (run peephole optimizers).

7.16. Executing OPT_CLEAN pass (remove unused cells and wires).
Finding unused cells or wires in module \icebreaker..
Removed 0 unused cells and 24 unused wires.
<suppressed ~1 debug messages>

7.17. Executing SHARE pass (SAT-based resource sharing).
Found 5 cells in module icebreaker that may be considered for resource sharing.
  Analyzing resource sharing options for $flatten\seven_segment_ctrl.\msb_nibble.$auto$mem.cc:305:emit$2154 ($memrd_v2):
    Found 1 activation_patterns using ctrl signal \seven_segment_ctrl.msb_not_lsb.
    No candidates found.
  Analyzing resource sharing options for $flatten\seven_segment_ctrl.\lsb_nibble.$auto$mem.cc:305:emit$2154 ($memrd_v2):
    Found 1 activation_patterns using ctrl signal \seven_segment_ctrl.msb_not_lsb.
    No candidates found.
  Analyzing resource sharing options for $flatten\soc.\cpu.\cpuregs.$memrd$\regs$picosoc.v:793$2150 ($memrd):
    Found 1 activation_patterns using ctrl signal $flatten\soc.\cpu.$reduce_bool$../picorv32.v:1390$1867_Y.
    Found 1 candidates: $flatten\soc.\cpu.\cpuregs.$memrd$\regs$picosoc.v:794$2151
    Analyzing resource sharing with $flatten\soc.\cpu.\cpuregs.$memrd$\regs$picosoc.v:794$2151 ($memrd):
      Found 2 activation_patterns using ctrl signal { $flatten\soc.\cpu.$reduce_bool$../picorv32.v:1391$1869_Y \soc.cpu.cpu_state [2] \soc.cpu.is_slli_srli_srai \resetn $auto$opt_reduce.cc:137:opt_pmux$7621 $auto$opt_reduce.cc:137:opt_pmux$7623 $auto$opt_reduce.cc:137:opt_pmux$7627 }.
      Activation pattern for cell $flatten\soc.\cpu.\cpuregs.$memrd$\regs$picosoc.v:793$2150: $flatten\soc.\cpu.$reduce_bool$../picorv32.v:1390$1867_Y = 1'1
      Activation pattern for cell $flatten\soc.\cpu.\cpuregs.$memrd$\regs$picosoc.v:794$2151: { $flatten\soc.\cpu.$reduce_bool$../picorv32.v:1391$1869_Y $auto$opt_reduce.cc:137:opt_pmux$7621 $auto$opt_reduce.cc:137:opt_pmux$7623 } = 3'100
      Activation pattern for cell $flatten\soc.\cpu.\cpuregs.$memrd$\regs$picosoc.v:794$2151: { $flatten\soc.\cpu.$reduce_bool$../picorv32.v:1391$1869_Y \soc.cpu.cpu_state [2] \soc.cpu.is_slli_srli_srai \resetn $auto$opt_reduce.cc:137:opt_pmux$7627 } = 5'11010
      Size of SAT problem: 9 cells, 151 variables, 332 clauses
      According to the SAT solver this pair of cells can not be shared.
      Model from SAT solver: { $flatten\soc.\cpu.$reduce_bool$../picorv32.v:1391$1869_Y $flatten\soc.\cpu.$reduce_bool$../picorv32.v:1390$1867_Y \soc.cpu.cpu_state [2] \soc.cpu.is_slli_srli_srai \resetn $auto$opt_reduce.cc:137:opt_pmux$7621 $auto$opt_reduce.cc:137:opt_pmux$7623 $auto$opt_reduce.cc:137:opt_pmux$7627 } = 8'11000000
  Analyzing resource sharing options for $flatten\soc.\spimem_cache.$memrd$\cache_data$picosoc.v:417$835 ($memrd):
    Found 1 activation_patterns using ctrl signal { \soc.spimem_cache_ready $flatten\soc.$logic_and$picosoc.v:149$422_Y $flatten\soc.\spimem_cache.$logic_and$picosoc.v:415$834_Y }.
    No candidates found.
  Analyzing resource sharing options for $flatten\soc.\cpu.\cpuregs.$memrd$\regs$picosoc.v:794$2151 ($memrd):
    Found 2 activation_patterns using ctrl signal { $flatten\soc.\cpu.$reduce_bool$../picorv32.v:1391$1869_Y \soc.cpu.cpu_state [2] \soc.cpu.is_slli_srli_srai \resetn $auto$opt_reduce.cc:137:opt_pmux$7621 $auto$opt_reduce.cc:137:opt_pmux$7623 $auto$opt_reduce.cc:137:opt_pmux$7627 }.
    No candidates found.

7.18. Executing TECHMAP pass (map to technology primitives).

7.18.1. Executing Verilog-2005 frontend: /homes/cl2033/oss-cad-suite/lib/../share/yosys/cmp2lut.v
Parsing Verilog input from `/homes/cl2033/oss-cad-suite/lib/../share/yosys/cmp2lut.v' to AST representation.
Generating RTLIL representation for module `\_90_lut_cmp_'.
Successfully finished Verilog frontend.

7.18.2. Continuing TECHMAP pass.
No more expansions possible.
<suppressed ~244 debug messages>

7.19. Executing OPT_EXPR pass (perform const folding).
Optimizing module icebreaker.

7.20. Executing OPT_CLEAN pass (remove unused cells and wires).
Finding unused cells or wires in module \icebreaker..

7.21. Executing MEMORY_DFF pass (merging $dff cells to $memrd).
Checking read port `\soc.cpu.cpuregs.regs'[0] in module `\icebreaker': no output FF found.
Checking read port `\soc.cpu.cpuregs.regs'[1] in module `\icebreaker': no output FF found.
Checking read port `\soc.spimem_cache.cache_valid'[0] in module `\icebreaker': no output FF found.
Checking read port `\soc.spimem_cache.cache_data'[0] in module `\icebreaker': no output FF found.
Checking read port `\soc.spimem_cache.cache_tag'[0] in module `\icebreaker': no output FF found.
Checking read port `$flatten\seven_segment_ctrl.\msb_nibble.$auto$proc_rom.cc:155:do_switch$2153'[0] in module `\icebreaker': no output FF found.
Checking read port `$flatten\seven_segment_ctrl.\lsb_nibble.$auto$proc_rom.cc:155:do_switch$2153'[0] in module `\icebreaker': no output FF found.
Checking read port address `\soc.cpu.cpuregs.regs'[0] in module `\icebreaker': merged address FF to cell.
Checking read port address `\soc.cpu.cpuregs.regs'[1] in module `\icebreaker': merged address FF to cell.
Checking read port address `\soc.spimem_cache.cache_valid'[0] in module `\icebreaker': merged address FF to cell.
Checking read port address `\soc.spimem_cache.cache_data'[0] in module `\icebreaker': merged address FF to cell.
Checking read port address `\soc.spimem_cache.cache_tag'[0] in module `\icebreaker': merged address FF to cell.
Checking read port address `$flatten\seven_segment_ctrl.\msb_nibble.$auto$proc_rom.cc:155:do_switch$2153'[0] in module `\icebreaker': merged address FF to cell.
Checking read port address `$flatten\seven_segment_ctrl.\lsb_nibble.$auto$proc_rom.cc:155:do_switch$2153'[0] in module `\icebreaker': merged address FF to cell.

7.22. Executing WREDUCE pass (reducing word size of cells).

7.23. Executing TECHMAP pass (map to technology primitives).

7.23.1. Executing Verilog-2005 frontend: /homes/cl2033/oss-cad-suite/lib/../share/yosys/mul2dsp.v
Parsing Verilog input from `/homes/cl2033/oss-cad-suite/lib/../share/yosys/mul2dsp.v' to AST representation.
Generating RTLIL representation for module `\_80_mul'.
Generating RTLIL representation for module `\_90_soft_mul'.
Successfully finished Verilog frontend.

7.23.2. Executing Verilog-2005 frontend: /homes/cl2033/oss-cad-suite/lib/../share/yosys/ice40/dsp_map.v
Parsing Verilog input from `/homes/cl2033/oss-cad-suite/lib/../share/yosys/ice40/dsp_map.v' to AST representation.
Generating RTLIL representation for module `$__MUL16X16'.
Successfully finished Verilog frontend.

7.23.3. Continuing TECHMAP pass.
Using template $paramod$5efeea90693f84d3d630c641baa632b310460194\_80_mul for cells of type $mul.
Using template $paramod$fe3f08c82dc5cecd4a24543ed8a4e62df626c9e1\_80_mul for cells of type $__mul.
Using template $paramod$2ffd9f5c4d2342f026c1383579123954dafb052e\_90_soft_mul for cells of type $__mul.
Using template $paramod$92398c55cd62669b28876c227b4269e3610ebe7b\_80_mul for cells of type $__mul.
Using template $paramod$04102eddbb25e3003f2ea9d39f38ce53d47fc2f5\_90_soft_mul for cells of type $__mul.
Using template $paramod$c33ca6cc290ce647b4a8312d13907f93404a692e$__MUL16X16 for cells of type $__MUL16X16.
No more expansions possible.
<suppressed ~376 debug messages>

7.24. Executing OPT_EXPR pass (perform const folding).
Optimizing module icebreaker.
<suppressed ~6 debug messages>

7.25. Executing WREDUCE pass (reducing word size of cells).
Removed top 1 bits (of 17) from port Y of cell icebreaker.$techmap$flatten\soc.\cpu.\genblk1.pcpi_mul.$mul$../picorv32.v:2371$2134.genblk1.genblk1.genblk1.genblk1.genblk1.genblk1.sliceA[1].mul.$add$/homes/cl2033/oss-cad-suite/lib/../share/yosys/mul2dsp.v:230$9247 ($add).
Removed top 1 bits (of 17) from port A of cell icebreaker.$techmap$flatten\soc.\cpu.\genblk1.pcpi_mul.$mul$../picorv32.v:2371$2134.genblk1.genblk1.genblk1.genblk1.genblk1.genblk1.sliceA[1].mul.$add$/homes/cl2033/oss-cad-suite/lib/../share/yosys/mul2dsp.v:230$9247 ($add).
Removed top 1 bits (of 17) from port B of cell icebreaker.$techmap$flatten\soc.\cpu.\genblk1.pcpi_mul.$mul$../picorv32.v:2371$2134.genblk1.genblk1.genblk1.genblk1.genblk1.genblk1.sliceA[1].mul.$add$/homes/cl2033/oss-cad-suite/lib/../share/yosys/mul2dsp.v:230$9247 ($add).
Removed top 1 bits (of 33) from port A of cell icebreaker.$techmap$flatten\soc.\cpu.\genblk1.pcpi_mul.$mul$../picorv32.v:2371$2134.genblk1.genblk1.genblk1.genblk1.genblk1.genblk1.sliceA[1].mul.$add$/homes/cl2033/oss-cad-suite/lib/../share/yosys/mul2dsp.v:216$9244 ($add).
Removed top 17 bits (of 33) from port B of cell icebreaker.$techmap$flatten\soc.\cpu.\genblk1.pcpi_mul.$mul$../picorv32.v:2371$2134.genblk1.genblk1.genblk1.genblk1.genblk1.genblk1.sliceA[1].mul.$add$/homes/cl2033/oss-cad-suite/lib/../share/yosys/mul2dsp.v:216$9244 ($add).
Removed top 1 bits (of 33) from port Y of cell icebreaker.$techmap$flatten\soc.\cpu.\genblk1.pcpi_mul.$mul$../picorv32.v:2371$2134.genblk1.genblk1.genblk1.genblk1.genblk1.genblk1.sliceA[1].mul.$add$/homes/cl2033/oss-cad-suite/lib/../share/yosys/mul2dsp.v:216$9244 ($add).
Removed top 1 bits (of 33) from port A of cell icebreaker.$techmap$flatten\soc.\cpu.\genblk1.pcpi_mul.$mul$../picorv32.v:2371$2134.genblk1.genblk1.genblk1.genblk1.genblk1.genblk1.sliceA[0].mul.$add$/homes/cl2033/oss-cad-suite/lib/../share/yosys/mul2dsp.v:216$9244 ($add).
Removed top 17 bits (of 33) from port B of cell icebreaker.$techmap$flatten\soc.\cpu.\genblk1.pcpi_mul.$mul$../picorv32.v:2371$2134.genblk1.genblk1.genblk1.genblk1.genblk1.genblk1.sliceA[0].mul.$add$/homes/cl2033/oss-cad-suite/lib/../share/yosys/mul2dsp.v:216$9244 ($add).
Removed top 15 bits (of 48) from port B of cell icebreaker.$techmap$flatten\soc.\cpu.\genblk1.pcpi_mul.$mul$../picorv32.v:2371$2134.$add$/homes/cl2033/oss-cad-suite/lib/../share/yosys/mul2dsp.v:159$9237 ($add).

7.26. Executing ICE40_DSP pass (map multipliers).
Checking icebreaker.$flatten\soc.\cpu.\genblk1.pcpi_mul.$mul$../picorv32.v:2371$2134.genblk1.genblk1.genblk1.genblk1.genblk1.genblk1.sliceA[0].mul.genblk1.genblk1.genblk1.genblk1.genblk1.genblk1.genblk1.sliceB[1].mul for iCE40 DSP inference.
  clock: \clk_15mhz (posedge) ffA:$auto$ff.cc:337:slice$9122 ffB:$auto$ff.cc:337:slice$9119
  adder $techmap$flatten\soc.\cpu.\genblk1.pcpi_mul.$mul$../picorv32.v:2371$2134.genblk1.genblk1.genblk1.genblk1.genblk1.genblk1.sliceA[0].mul.$add$/homes/cl2033/oss-cad-suite/lib/../share/yosys/mul2dsp.v:216$9244 ($add)
Checking icebreaker.$flatten\soc.\cpu.\genblk1.pcpi_mul.$mul$../picorv32.v:2371$2134.genblk1.genblk1.genblk1.genblk1.genblk1.genblk1.sliceA[1].mul.genblk1.genblk1.genblk1.genblk1.genblk1.genblk1.genblk1.sliceB[0].mul for iCE40 DSP inference.
  clock: \clk_15mhz (posedge) ffA:$auto$ff.cc:337:slice$9122 ffB:$auto$ff.cc:337:slice$9119
Checking icebreaker.$flatten\soc.\cpu.\genblk1.pcpi_mul.$mul$../picorv32.v:2371$2134.genblk1.genblk1.genblk1.genblk1.genblk1.genblk1.sliceA[1].mul.genblk1.genblk1.genblk1.genblk1.genblk1.genblk1.genblk1.sliceB[1].mul for iCE40 DSP inference.
  clock: \clk_15mhz (posedge) ffA:$auto$ff.cc:337:slice$9122 ffB:$auto$ff.cc:337:slice$9119
  adder $techmap$flatten\soc.\cpu.\genblk1.pcpi_mul.$mul$../picorv32.v:2371$2134.genblk1.genblk1.genblk1.genblk1.genblk1.genblk1.sliceA[1].mul.$add$/homes/cl2033/oss-cad-suite/lib/../share/yosys/mul2dsp.v:216$9244 ($add)
Checking icebreaker.$flatten\soc.\cpu.\genblk1.pcpi_mul.$mul$../picorv32.v:2371$2134.genblk1.genblk1.genblk1.genblk1.genblk1.genblk1.sliceA[0].mul.genblk1.genblk1.genblk1.genblk1.genblk1.genblk1.genblk1.sliceB[0].mul for iCE40 DSP inference.
  clock: \clk_15mhz (posedge) ffA:$auto$ff.cc:337:slice$9122 ffB:$auto$ff.cc:337:slice$9119 ffO:$flatten\soc.\cpu.\genblk1.pcpi_mul.$procdff$6852
<suppressed ~40 debug messages>

7.27. Executing ALUMACC pass (create $alu and $macc cells).
Extracting $alu and $macc cells in module icebreaker:
  creating $macc model for $techmap$flatten\soc.\cpu.\genblk1.pcpi_mul.$mul$../picorv32.v:2371$2134.genblk1.genblk1.genblk1.genblk1.genblk1.genblk1.sliceA[1].mul.$add$/homes/cl2033/oss-cad-suite/lib/../share/yosys/mul2dsp.v:230$9247 ($add).
  creating $macc model for $techmap$flatten\soc.\cpu.\genblk1.pcpi_mul.$mul$../picorv32.v:2371$2134.genblk1.genblk1.genblk1.genblk1.genblk1.genblk1.sliceA[0].mul.$add$/homes/cl2033/oss-cad-suite/lib/../share/yosys/mul2dsp.v:230$9247 ($add).
  creating $macc model for $flatten\soc.\cpu.\genblk1.pcpi_mul.$mul$../picorv32.v:2371$2134.genblk1.genblk1.genblk1.genblk1.genblk1.genblk1.sliceA.last ($mul).
  creating $macc model for $flatten\soc.\cpu.\genblk1.pcpi_mul.$mul$../picorv32.v:2371$2134.genblk1.genblk1.genblk1.genblk1.genblk1.genblk1.sliceA[0].mul.genblk1.genblk1.genblk1.genblk1.genblk1.genblk1.genblk1.mul_sliceB_last ($mul).
  creating $macc model for $techmap$flatten\soc.\cpu.\genblk1.pcpi_mul.$mul$../picorv32.v:2371$2134.$add$/homes/cl2033/oss-cad-suite/lib/../share/yosys/mul2dsp.v:173$9240 ($add).
  creating $macc model for $techmap$flatten\soc.\cpu.\genblk1.pcpi_mul.$mul$../picorv32.v:2371$2134.$add$/homes/cl2033/oss-cad-suite/lib/../share/yosys/mul2dsp.v:159$9237 ($add).
  creating $macc model for $flatten\soc.\cpu.\genblk1.pcpi_mul.$mul$../picorv32.v:2371$2134.genblk1.genblk1.genblk1.genblk1.genblk1.genblk1.sliceA[1].mul.genblk1.genblk1.genblk1.genblk1.genblk1.genblk1.genblk1.mul_sliceB_last ($mul).
  creating $macc model for $flatten\soc.\cpu.$add$../picorv32.v:1569$1942 ($add).
  creating $macc model for $flatten\soc.\cpu.$add$../picorv32.v:1564$1941 ($add).
  creating $macc model for $flatten\soc.\cpu.$add$../picorv32.v:1560$1940 ($add).
  creating $macc model for $flatten\soc.\cpu.$add$../picorv32.v:1433$1887 ($add).
  creating $macc model for $flatten\soc.\cpu.$sub$../picorv32.v:1426$1885 ($sub).
  creating $macc model for $flatten\soc.\spimem_cache.$add$picosoc.v:440$1384 ($add).
  creating $macc model for $flatten\soc.\spimem_cache.$add$picosoc.v:437$1383 ($add).
  creating $macc model for $flatten\soc.\spimem_cache.$add$picosoc.v:428$1368 ($add).
  creating $macc model for $flatten\soc.\spimemio.\xfer.$sub$spimemio.v:471$2084 ($sub).
  creating $macc model for $flatten\soc.\spimemio.\xfer.$sub$spimemio.v:491$2091 ($sub).
  creating $macc model for $flatten\soc.\spimemio.\xfer.$sub$spimemio.v:524$2103 ($sub).
  creating $macc model for $flatten\soc.\spimemio.\xfer.$sub$spimemio.v:554$2113 ($sub).
  creating $macc model for $flatten\soc.\cpu.$add$../picorv32.v:1240$2063 ($add).
  creating $macc model for $flatten\soc.\cpu.$sub$../picorv32.v:1240$2062 ($sub).
  creating $macc model for $flatten\soc.\cpu.$add$../picorv32.v:1317$1855 ($add).
  creating $macc model for $flatten\soc.\cpu.$sub$../picorv32.v:1918$2027 ($sub).
  creating $macc model for $flatten\soc.\cpu.$add$../picorv32.v:1897$2022 ($add).
  creating $macc model for $flatten\soc.\cpu.$sub$../picorv32.v:1850$2010 ($sub).
  creating $macc model for $flatten\soc.\cpu.$sub$../picorv32.v:1842$2003 ($sub).
  creating $macc model for $flatten\soc.\spimemio.$add$spimemio.v:226$546 ($add).
  creating $macc model for $flatten\soc.\cpu.$add$../picorv32.v:1806$1989 ($add).
  creating $macc model for $flatten\soc.\simpleuart.$sub$simpleuart.v:132$503 ($sub).
  creating $macc model for $flatten\soc.\simpleuart.$add$simpleuart.v:112$495 ($add).
  creating $macc model for $flatten\soc.\simpleuart.$add$simpleuart.v:99$492 ($add).
  creating $macc model for $flatten\soc.\simpleuart.$add$simpleuart.v:74$486 ($add).
  creating $macc model for $flatten\seven_segment_ctrl.$add$icebreaker.v:221$463 ($add).
  creating $macc model for $add$icebreaker.v:80$394 ($add).
  merging $macc model for $flatten\soc.\cpu.\genblk1.pcpi_mul.$mul$../picorv32.v:2371$2134.genblk1.genblk1.genblk1.genblk1.genblk1.genblk1.sliceA[0].mul.genblk1.genblk1.genblk1.genblk1.genblk1.genblk1.genblk1.mul_sliceB_last into $techmap$flatten\soc.\cpu.\genblk1.pcpi_mul.$mul$../picorv32.v:2371$2134.genblk1.genblk1.genblk1.genblk1.genblk1.genblk1.sliceA[0].mul.$add$/homes/cl2033/oss-cad-suite/lib/../share/yosys/mul2dsp.v:230$9247.
  creating $alu model for $macc $flatten\seven_segment_ctrl.$add$icebreaker.v:221$463.
  creating $alu model for $macc $flatten\soc.\simpleuart.$add$simpleuart.v:74$486.
  creating $alu model for $macc $flatten\soc.\simpleuart.$add$simpleuart.v:99$492.
  creating $alu model for $macc $flatten\soc.\simpleuart.$add$simpleuart.v:112$495.
  creating $alu model for $macc $flatten\soc.\simpleuart.$sub$simpleuart.v:132$503.
  creating $alu model for $macc $flatten\soc.\cpu.$add$../picorv32.v:1806$1989.
  creating $alu model for $macc $flatten\soc.\spimemio.$add$spimemio.v:226$546.
  creating $alu model for $macc $flatten\soc.\cpu.$sub$../picorv32.v:1842$2003.
  creating $alu model for $macc $flatten\soc.\cpu.$sub$../picorv32.v:1850$2010.
  creating $alu model for $macc $flatten\soc.\cpu.$add$../picorv32.v:1897$2022.
  creating $alu model for $macc $flatten\soc.\cpu.$sub$../picorv32.v:1918$2027.
  creating $alu model for $macc $flatten\soc.\cpu.$add$../picorv32.v:1317$1855.
  creating $alu model for $macc $flatten\soc.\cpu.$sub$../picorv32.v:1240$2062.
  creating $alu model for $macc $flatten\soc.\cpu.$add$../picorv32.v:1240$2063.
  creating $alu model for $macc $flatten\soc.\spimemio.\xfer.$sub$spimemio.v:554$2113.
  creating $alu model for $macc $flatten\soc.\spimemio.\xfer.$sub$spimemio.v:524$2103.
  creating $alu model for $macc $flatten\soc.\spimemio.\xfer.$sub$spimemio.v:491$2091.
  creating $alu model for $macc $flatten\soc.\spimemio.\xfer.$sub$spimemio.v:471$2084.
  creating $alu model for $macc $flatten\soc.\spimem_cache.$add$picosoc.v:428$1368.
  creating $alu model for $macc $flatten\soc.\spimem_cache.$add$picosoc.v:437$1383.
  creating $alu model for $macc $flatten\soc.\spimem_cache.$add$picosoc.v:440$1384.
  creating $alu model for $macc $flatten\soc.\cpu.$sub$../picorv32.v:1426$1885.
  creating $alu model for $macc $flatten\soc.\cpu.$add$../picorv32.v:1433$1887.
  creating $alu model for $macc $flatten\soc.\cpu.$add$../picorv32.v:1560$1940.
  creating $alu model for $macc $flatten\soc.\cpu.$add$../picorv32.v:1564$1941.
  creating $alu model for $macc $flatten\soc.\cpu.$add$../picorv32.v:1569$1942.
  creating $alu model for $macc $techmap$flatten\soc.\cpu.\genblk1.pcpi_mul.$mul$../picorv32.v:2371$2134.$add$/homes/cl2033/oss-cad-suite/lib/../share/yosys/mul2dsp.v:159$9237.
  creating $alu model for $macc $techmap$flatten\soc.\cpu.\genblk1.pcpi_mul.$mul$../picorv32.v:2371$2134.$add$/homes/cl2033/oss-cad-suite/lib/../share/yosys/mul2dsp.v:173$9240.
  creating $alu model for $macc $add$icebreaker.v:80$394.
  creating $alu model for $macc $techmap$flatten\soc.\cpu.\genblk1.pcpi_mul.$mul$../picorv32.v:2371$2134.genblk1.genblk1.genblk1.genblk1.genblk1.genblk1.sliceA[1].mul.$add$/homes/cl2033/oss-cad-suite/lib/../share/yosys/mul2dsp.v:230$9247.
  creating $macc cell for $flatten\soc.\cpu.\genblk1.pcpi_mul.$mul$../picorv32.v:2371$2134.genblk1.genblk1.genblk1.genblk1.genblk1.genblk1.sliceA.last: $auto$alumacc.cc:382:replace_macc$9287
  creating $macc cell for $techmap$flatten\soc.\cpu.\genblk1.pcpi_mul.$mul$../picorv32.v:2371$2134.genblk1.genblk1.genblk1.genblk1.genblk1.genblk1.sliceA[0].mul.$add$/homes/cl2033/oss-cad-suite/lib/../share/yosys/mul2dsp.v:230$9247: $auto$alumacc.cc:382:replace_macc$9288
  creating $macc cell for $flatten\soc.\cpu.\genblk1.pcpi_mul.$mul$../picorv32.v:2371$2134.genblk1.genblk1.genblk1.genblk1.genblk1.genblk1.sliceA[1].mul.genblk1.genblk1.genblk1.genblk1.genblk1.genblk1.genblk1.mul_sliceB_last: $auto$alumacc.cc:382:replace_macc$9289
  creating $alu model for $flatten\soc.$lt$picosoc.v:262$459 ($lt): new $alu
  creating $alu model for $flatten\soc.$lt$picosoc.v:189$445 ($lt): new $alu
  creating $alu model for $flatten\soc.$ge$picosoc.v:189$443 ($ge): merged with $flatten\soc.$lt$picosoc.v:262$459.
  creating $alu model for $flatten\soc.\cpu.$lt$../picorv32.v:1243$2067 ($lt): merged with $flatten\soc.\cpu.$sub$../picorv32.v:1240$2062.
  creating $alu model for $flatten\soc.\cpu.$lt$../picorv32.v:1242$2066 ($lt): merged with $flatten\soc.\cpu.$sub$../picorv32.v:1240$2062.
  creating $alu model for $flatten\soc.\cpu.$ge$../picorv32.v:1835$1995 ($ge): merged with $flatten\soc.\cpu.$sub$../picorv32.v:1842$2003.
  creating $alu model for $flatten\soc.$gt$picosoc.v:134$414 ($gt): new $alu
  creating $alu model for $flatten\soc.\simpleuart.$gt$simpleuart.v:130$501 ($gt): new $alu
  creating $alu model for $flatten\soc.\simpleuart.$gt$simpleuart.v:97$491 ($gt): new $alu
  creating $alu model for $flatten\soc.\simpleuart.$gt$simpleuart.v:84$489 ($gt): new $alu
  creating $alu model for $flatten\soc.\cpu.$eq$../picorv32.v:1241$2065 ($eq): merged with $flatten\soc.\cpu.$sub$../picorv32.v:1240$2062.
  creating $alu model for $flatten\soc.$eq$picosoc.v:139$416 ($eq): merged with $flatten\soc.$lt$picosoc.v:189$445.
  creating $alu cell for $flatten\soc.\simpleuart.$gt$simpleuart.v:84$489: $auto$alumacc.cc:512:replace_alu$9296
  creating $alu cell for $flatten\soc.\simpleuart.$gt$simpleuart.v:97$491: $auto$alumacc.cc:512:replace_alu$9307
  creating $alu cell for $flatten\soc.\simpleuart.$gt$simpleuart.v:130$501: $auto$alumacc.cc:512:replace_alu$9318
  creating $alu cell for $flatten\soc.$gt$picosoc.v:134$414: $auto$alumacc.cc:512:replace_alu$9329
  creating $alu cell for $flatten\soc.$lt$picosoc.v:189$445, $flatten\soc.$eq$picosoc.v:139$416: $auto$alumacc.cc:512:replace_alu$9340
  creating $alu cell for $flatten\soc.$lt$picosoc.v:262$459, $flatten\soc.$ge$picosoc.v:189$443: $auto$alumacc.cc:512:replace_alu$9347
  creating $alu cell for $techmap$flatten\soc.\cpu.\genblk1.pcpi_mul.$mul$../picorv32.v:2371$2134.genblk1.genblk1.genblk1.genblk1.genblk1.genblk1.sliceA[1].mul.$add$/homes/cl2033/oss-cad-suite/lib/../share/yosys/mul2dsp.v:230$9247: $auto$alumacc.cc:512:replace_alu$9360
  creating $alu cell for $add$icebreaker.v:80$394: $auto$alumacc.cc:512:replace_alu$9363
  creating $alu cell for $techmap$flatten\soc.\cpu.\genblk1.pcpi_mul.$mul$../picorv32.v:2371$2134.$add$/homes/cl2033/oss-cad-suite/lib/../share/yosys/mul2dsp.v:173$9240: $auto$alumacc.cc:512:replace_alu$9366
  creating $alu cell for $techmap$flatten\soc.\cpu.\genblk1.pcpi_mul.$mul$../picorv32.v:2371$2134.$add$/homes/cl2033/oss-cad-suite/lib/../share/yosys/mul2dsp.v:159$9237: $auto$alumacc.cc:512:replace_alu$9369
  creating $alu cell for $flatten\soc.\cpu.$add$../picorv32.v:1569$1942: $auto$alumacc.cc:512:replace_alu$9372
  creating $alu cell for $flatten\soc.\cpu.$add$../picorv32.v:1564$1941: $auto$alumacc.cc:512:replace_alu$9375
  creating $alu cell for $flatten\soc.\cpu.$add$../picorv32.v:1560$1940: $auto$alumacc.cc:512:replace_alu$9378
  creating $alu cell for $flatten\soc.\cpu.$add$../picorv32.v:1433$1887: $auto$alumacc.cc:512:replace_alu$9381
  creating $alu cell for $flatten\soc.\cpu.$sub$../picorv32.v:1426$1885: $auto$alumacc.cc:512:replace_alu$9384
  creating $alu cell for $flatten\soc.\spimem_cache.$add$picosoc.v:440$1384: $auto$alumacc.cc:512:replace_alu$9387
  creating $alu cell for $flatten\soc.\spimem_cache.$add$picosoc.v:437$1383: $auto$alumacc.cc:512:replace_alu$9390
  creating $alu cell for $flatten\soc.\spimem_cache.$add$picosoc.v:428$1368: $auto$alumacc.cc:512:replace_alu$9393
  creating $alu cell for $flatten\soc.\spimemio.\xfer.$sub$spimemio.v:471$2084: $auto$alumacc.cc:512:replace_alu$9396
  creating $alu cell for $flatten\soc.\spimemio.\xfer.$sub$spimemio.v:491$2091: $auto$alumacc.cc:512:replace_alu$9399
  creating $alu cell for $flatten\soc.\spimemio.\xfer.$sub$spimemio.v:524$2103: $auto$alumacc.cc:512:replace_alu$9402
  creating $alu cell for $flatten\soc.\spimemio.\xfer.$sub$spimemio.v:554$2113: $auto$alumacc.cc:512:replace_alu$9405
  creating $alu cell for $flatten\soc.\cpu.$add$../picorv32.v:1240$2063: $auto$alumacc.cc:512:replace_alu$9408
  creating $alu cell for $flatten\soc.\cpu.$sub$../picorv32.v:1240$2062, $flatten\soc.\cpu.$lt$../picorv32.v:1243$2067, $flatten\soc.\cpu.$lt$../picorv32.v:1242$2066, $flatten\soc.\cpu.$eq$../picorv32.v:1241$2065: $auto$alumacc.cc:512:replace_alu$9411
  creating $alu cell for $flatten\soc.\cpu.$add$../picorv32.v:1317$1855: $auto$alumacc.cc:512:replace_alu$9422
  creating $alu cell for $flatten\soc.\cpu.$sub$../picorv32.v:1918$2027: $auto$alumacc.cc:512:replace_alu$9425
  creating $alu cell for $flatten\soc.\cpu.$add$../picorv32.v:1897$2022: $auto$alumacc.cc:512:replace_alu$9428
  creating $alu cell for $flatten\soc.\cpu.$sub$../picorv32.v:1850$2010: $auto$alumacc.cc:512:replace_alu$9431
  creating $alu cell for $flatten\soc.\cpu.$sub$../picorv32.v:1842$2003, $flatten\soc.\cpu.$ge$../picorv32.v:1835$1995: $auto$alumacc.cc:512:replace_alu$9434
  creating $alu cell for $flatten\soc.\spimemio.$add$spimemio.v:226$546: $auto$alumacc.cc:512:replace_alu$9447
  creating $alu cell for $flatten\soc.\cpu.$add$../picorv32.v:1806$1989: $auto$alumacc.cc:512:replace_alu$9450
  creating $alu cell for $flatten\soc.\simpleuart.$sub$simpleuart.v:132$503: $auto$alumacc.cc:512:replace_alu$9453
  creating $alu cell for $flatten\soc.\simpleuart.$add$simpleuart.v:112$495: $auto$alumacc.cc:512:replace_alu$9456
  creating $alu cell for $flatten\soc.\simpleuart.$add$simpleuart.v:99$492: $auto$alumacc.cc:512:replace_alu$9459
  creating $alu cell for $flatten\soc.\simpleuart.$add$simpleuart.v:74$486: $auto$alumacc.cc:512:replace_alu$9462
  creating $alu cell for $flatten\seven_segment_ctrl.$add$icebreaker.v:221$463: $auto$alumacc.cc:512:replace_alu$9465
  created 36 $alu and 3 $macc cells.

7.28. Executing OPT pass (performing simple optimizations).

7.28.1. Executing OPT_EXPR pass (perform const folding).
Optimizing module icebreaker.
<suppressed ~7 debug messages>

7.28.2. Executing OPT_MERGE pass (detect identical cells).
Finding identical cells in module `\icebreaker'.
Computing hashes of 1791 cells of `\icebreaker'.
Finding duplicate cells in `\icebreaker'.
Computing hashes of 1782 cells of `\icebreaker'.
Finding duplicate cells in `\icebreaker'.
<suppressed ~27 debug messages>
Removed a total of 9 cells.

7.28.3. Executing OPT_MUXTREE pass (detect dead branches in mux trees).
Running muxtree optimizer on module \icebreaker..
  Creating internal representation of mux trees.
  Evaluating internal representation of mux trees.
  Analyzing evaluation results.
Removed 0 multiplexer ports.
<suppressed ~594 debug messages>

7.28.4. Executing OPT_REDUCE pass (consolidate $*mux and $reduce_* inputs).
  Optimizing cells in module \icebreaker.
Performed a total of 0 changes.

7.28.5. Executing OPT_MERGE pass (detect identical cells).
Finding identical cells in module `\icebreaker'.
Computing hashes of 1782 cells of `\icebreaker'.
Finding duplicate cells in `\icebreaker'.
Computing hashes of 1781 cells of `\icebreaker'.
Finding duplicate cells in `\icebreaker'.
<suppressed ~3 debug messages>
Removed a total of 1 cells.

7.28.6. Executing OPT_DFF pass (perform DFF optimizations).

7.28.7. Executing OPT_CLEAN pass (remove unused cells and wires).
Finding unused cells or wires in module \icebreaker..
Removed 1 unused cells and 89 unused wires.
<suppressed ~2 debug messages>

7.28.8. Executing OPT_EXPR pass (perform const folding).
Optimizing module icebreaker.

7.28.9. Rerunning OPT passes. (Maybe there is more to do..)

7.28.10. Executing OPT_MUXTREE pass (detect dead branches in mux trees).
Running muxtree optimizer on module \icebreaker..
  Creating internal representation of mux trees.
  Evaluating internal representation of mux trees.
  Analyzing evaluation results.
Removed 0 multiplexer ports.
<suppressed ~592 debug messages>

7.28.11. Executing OPT_REDUCE pass (consolidate $*mux and $reduce_* inputs).
  Optimizing cells in module \icebreaker.
Performed a total of 0 changes.

7.28.12. Executing OPT_MERGE pass (detect identical cells).
Finding identical cells in module `\icebreaker'.
Computing hashes of 1780 cells of `\icebreaker'.
Finding duplicate cells in `\icebreaker'.
Removed a total of 0 cells.

7.28.13. Executing OPT_DFF pass (perform DFF optimizations).

7.28.14. Executing OPT_CLEAN pass (remove unused cells and wires).
Finding unused cells or wires in module \icebreaker..

7.28.15. Executing OPT_EXPR pass (perform const folding).
Optimizing module icebreaker.

7.28.16. Finished fast OPT passes. (There is nothing left to do.)

7.29. Executing MEMORY pass.

7.29.1. Executing OPT_MEM pass (optimize memories).
Performed a total of 0 transformations.

7.29.2. Executing OPT_MEM_PRIORITY pass (removing unnecessary memory write priority relations).
Performed a total of 32640 transformations.

7.29.3. Executing OPT_MEM_FEEDBACK pass (finding memory read-to-write feedback paths).

7.29.4. Executing MEMORY_BMUX2ROM pass (converting muxes to ROMs).

7.29.5. Executing MEMORY_DFF pass (merging $dff cells to $memrd).

7.29.6. Executing OPT_CLEAN pass (remove unused cells and wires).
Finding unused cells or wires in module \icebreaker..

7.29.7. Executing MEMORY_SHARE pass (consolidating $memrd/$memwr cells).
Consolidating read ports of memory icebreaker.soc.cpu.cpuregs.regs by address:
Consolidating write ports of memory icebreaker.soc.spimem_cache.cache_valid by address:
  Merging ports 0, 1 (address 8'00000000).
  Merging ports 0, 2 (address 8'00000000).
  Merging ports 0, 3 (address 8'00000000).
  Merging ports 0, 4 (address 8'00000000).
  Merging ports 0, 5 (address 8'00000000).
  Merging ports 0, 6 (address 8'00000000).
  Merging ports 0, 7 (address 8'00000000).
  Merging ports 0, 8 (address 8'00000000).
  Merging ports 0, 9 (address 8'00000000).
  Merging ports 0, 10 (address 8'00000000).
  Merging ports 0, 11 (address 8'00000000).
  Merging ports 0, 12 (address 8'00000000).
  Merging ports 0, 13 (address 8'00000000).
  Merging ports 0, 14 (address 8'00000000).
  Merging ports 0, 15 (address 8'00000000).
  Merging ports 0, 16 (address 8'00000000).
  Merging ports 0, 17 (address 8'00000000).
  Merging ports 0, 18 (address 8'00000000).
  Merging ports 0, 19 (address 8'00000000).
  Merging ports 0, 20 (address 8'00000000).
  Merging ports 0, 21 (address 8'00000000).
  Merging ports 0, 22 (address 8'00000000).
  Merging ports 0, 23 (address 8'00000000).
  Merging ports 0, 24 (address 8'00000000).
  Merging ports 0, 25 (address 8'00000000).
  Merging ports 0, 26 (address 8'00000000).
  Merging ports 0, 27 (address 8'00000000).
  Merging ports 0, 28 (address 8'00000000).
  Merging ports 0, 29 (address 8'00000000).
  Merging ports 0, 30 (address 8'00000000).
  Merging ports 0, 31 (address 8'00000000).
  Merging ports 0, 32 (address 8'00000000).
  Merging ports 0, 33 (address 8'00000000).
  Merging ports 0, 34 (address 8'00000000).
  Merging ports 0, 35 (address 8'00000000).
  Merging ports 0, 36 (address 8'00000000).
  Merging ports 0, 37 (address 8'00000000).
  Merging ports 0, 38 (address 8'00000000).
  Merging ports 0, 39 (address 8'00000000).
  Merging ports 0, 40 (address 8'00000000).
  Merging ports 0, 41 (address 8'00000000).
  Merging ports 0, 42 (address 8'00000000).
  Merging ports 0, 43 (address 8'00000000).
  Merging ports 0, 44 (address 8'00000000).
  Merging ports 0, 45 (address 8'00000000).
  Merging ports 0, 46 (address 8'00000000).
  Merging ports 0, 47 (address 8'00000000).
  Merging ports 0, 48 (address 8'00000000).
  Merging ports 0, 49 (address 8'00000000).
  Merging ports 0, 50 (address 8'00000000).
  Merging ports 0, 51 (address 8'00000000).
  Merging ports 0, 52 (address 8'00000000).
  Merging ports 0, 53 (address 8'00000000).
  Merging ports 0, 54 (address 8'00000000).
  Merging ports 0, 55 (address 8'00000000).
  Merging ports 0, 56 (address 8'00000000).
  Merging ports 0, 57 (address 8'00000000).
  Merging ports 0, 58 (address 8'00000000).
  Merging ports 0, 59 (address 8'00000000).
  Merging ports 0, 60 (address 8'00000000).
  Merging ports 0, 61 (address 8'00000000).
  Merging ports 0, 62 (address 8'00000000).
  Merging ports 0, 63 (address 8'00000000).
  Merging ports 0, 64 (address 8'00000000).
  Merging ports 0, 65 (address 8'00000000).
  Merging ports 0, 66 (address 8'00000000).
  Merging ports 0, 67 (address 8'00000000).
  Merging ports 0, 68 (address 8'00000000).
  Merging ports 0, 69 (address 8'00000000).
  Merging ports 0, 70 (address 8'00000000).
  Merging ports 0, 71 (address 8'00000000).
  Merging ports 0, 72 (address 8'00000000).
  Merging ports 0, 73 (address 8'00000000).
  Merging ports 0, 74 (address 8'00000000).
  Merging ports 0, 75 (address 8'00000000).
  Merging ports 0, 76 (address 8'00000000).
  Merging ports 0, 77 (address 8'00000000).
  Merging ports 0, 78 (address 8'00000000).
  Merging ports 0, 79 (address 8'00000000).
  Merging ports 0, 80 (address 8'00000000).
  Merging ports 0, 81 (address 8'00000000).
  Merging ports 0, 82 (address 8'00000000).
  Merging ports 0, 83 (address 8'00000000).
  Merging ports 0, 84 (address 8'00000000).
  Merging ports 0, 85 (address 8'00000000).
  Merging ports 0, 86 (address 8'00000000).
  Merging ports 0, 87 (address 8'00000000).
  Merging ports 0, 88 (address 8'00000000).
  Merging ports 0, 89 (address 8'00000000).
  Merging ports 0, 90 (address 8'00000000).
  Merging ports 0, 91 (address 8'00000000).
  Merging ports 0, 92 (address 8'00000000).
  Merging ports 0, 93 (address 8'00000000).
  Merging ports 0, 94 (address 8'00000000).
  Merging ports 0, 95 (address 8'00000000).
  Merging ports 0, 96 (address 8'00000000).
  Merging ports 0, 97 (address 8'00000000).
  Merging ports 0, 98 (address 8'00000000).
  Merging ports 0, 99 (address 8'00000000).
  Merging ports 0, 100 (address 8'00000000).
  Merging ports 0, 101 (address 8'00000000).
  Merging ports 0, 102 (address 8'00000000).
  Merging ports 0, 103 (address 8'00000000).
  Merging ports 0, 104 (address 8'00000000).
  Merging ports 0, 105 (address 8'00000000).
  Merging ports 0, 106 (address 8'00000000).
  Merging ports 0, 107 (address 8'00000000).
  Merging ports 0, 108 (address 8'00000000).
  Merging ports 0, 109 (address 8'00000000).
  Merging ports 0, 110 (address 8'00000000).
  Merging ports 0, 111 (address 8'00000000).
  Merging ports 0, 112 (address 8'00000000).
  Merging ports 0, 113 (address 8'00000000).
  Merging ports 0, 114 (address 8'00000000).
  Merging ports 0, 115 (address 8'00000000).
  Merging ports 0, 116 (address 8'00000000).
  Merging ports 0, 117 (address 8'00000000).
  Merging ports 0, 118 (address 8'00000000).
  Merging ports 0, 119 (address 8'00000000).
  Merging ports 0, 120 (address 8'00000000).
  Merging ports 0, 121 (address 8'00000000).
  Merging ports 0, 122 (address 8'00000000).
  Merging ports 0, 123 (address 8'00000000).
  Merging ports 0, 124 (address 8'00000000).
  Merging ports 0, 125 (address 8'00000000).
  Merging ports 0, 126 (address 8'00000000).
  Merging ports 0, 127 (address 8'00000000).
  Merging ports 0, 128 (address 8'00000000).
  Merging ports 130, 131 (address 8'10000010).
  Merging ports 132, 133 (address 8'10000100).
  Merging ports 132, 134 (address 8'10000100).
  Merging ports 132, 135 (address 8'10000100).
  Merging ports 136, 137 (address 8'10001000).
  Merging ports 136, 138 (address 8'10001000).
  Merging ports 136, 139 (address 8'10001000).
  Merging ports 136, 140 (address 8'10001000).
  Merging ports 136, 141 (address 8'10001000).
  Merging ports 136, 142 (address 8'10001000).
  Merging ports 136, 143 (address 8'10001000).
  Merging ports 144, 145 (address 8'10010000).
  Merging ports 144, 146 (address 8'10010000).
  Merging ports 144, 147 (address 8'10010000).
  Merging ports 144, 148 (address 8'10010000).
  Merging ports 144, 149 (address 8'10010000).
  Merging ports 144, 150 (address 8'10010000).
  Merging ports 144, 151 (address 8'10010000).
  Merging ports 144, 152 (address 8'10010000).
  Merging ports 144, 153 (address 8'10010000).
  Merging ports 144, 154 (address 8'10010000).
  Merging ports 144, 155 (address 8'10010000).
  Merging ports 144, 156 (address 8'10010000).
  Merging ports 144, 157 (address 8'10010000).
  Merging ports 144, 158 (address 8'10010000).
  Merging ports 144, 159 (address 8'10010000).
  Merging ports 160, 161 (address 8'10100000).
  Merging ports 160, 162 (address 8'10100000).
  Merging ports 160, 163 (address 8'10100000).
  Merging ports 160, 164 (address 8'10100000).
  Merging ports 160, 165 (address 8'10100000).
  Merging ports 160, 166 (address 8'10100000).
  Merging ports 160, 167 (address 8'10100000).
  Merging ports 160, 168 (address 8'10100000).
  Merging ports 160, 169 (address 8'10100000).
  Merging ports 160, 170 (address 8'10100000).
  Merging ports 160, 171 (address 8'10100000).
  Merging ports 160, 172 (address 8'10100000).
  Merging ports 160, 173 (address 8'10100000).
  Merging ports 160, 174 (address 8'10100000).
  Merging ports 160, 175 (address 8'10100000).
  Merging ports 160, 176 (address 8'10100000).
  Merging ports 160, 177 (address 8'10100000).
  Merging ports 160, 178 (address 8'10100000).
  Merging ports 160, 179 (address 8'10100000).
  Merging ports 160, 180 (address 8'10100000).
  Merging ports 160, 181 (address 8'10100000).
  Merging ports 160, 182 (address 8'10100000).
  Merging ports 160, 183 (address 8'10100000).
  Merging ports 160, 184 (address 8'10100000).
  Merging ports 160, 185 (address 8'10100000).
  Merging ports 160, 186 (address 8'10100000).
  Merging ports 160, 187 (address 8'10100000).
  Merging ports 160, 188 (address 8'10100000).
  Merging ports 160, 189 (address 8'10100000).
  Merging ports 160, 190 (address 8'10100000).
  Merging ports 160, 191 (address 8'10100000).
  Merging ports 192, 193 (address 8'11000000).
  Merging ports 192, 194 (address 8'11000000).
  Merging ports 192, 195 (address 8'11000000).
  Merging ports 192, 196 (address 8'11000000).
  Merging ports 192, 197 (address 8'11000000).
  Merging ports 192, 198 (address 8'11000000).
  Merging ports 192, 199 (address 8'11000000).
  Merging ports 192, 200 (address 8'11000000).
  Merging ports 192, 201 (address 8'11000000).
  Merging ports 192, 202 (address 8'11000000).
  Merging ports 192, 203 (address 8'11000000).
  Merging ports 192, 204 (address 8'11000000).
  Merging ports 192, 205 (address 8'11000000).
  Merging ports 192, 206 (address 8'11000000).
  Merging ports 192, 207 (address 8'11000000).
  Merging ports 192, 208 (address 8'11000000).
  Merging ports 192, 209 (address 8'11000000).
  Merging ports 192, 210 (address 8'11000000).
  Merging ports 192, 211 (address 8'11000000).
  Merging ports 192, 212 (address 8'11000000).
  Merging ports 192, 213 (address 8'11000000).
  Merging ports 192, 214 (address 8'11000000).
  Merging ports 192, 215 (address 8'11000000).
  Merging ports 192, 216 (address 8'11000000).
  Merging ports 192, 217 (address 8'11000000).
  Merging ports 192, 218 (address 8'11000000).
  Merging ports 192, 219 (address 8'11000000).
  Merging ports 192, 220 (address 8'11000000).
  Merging ports 192, 221 (address 8'11000000).
  Merging ports 192, 222 (address 8'11000000).
  Merging ports 192, 223 (address 8'11000000).
  Merging ports 192, 224 (address 8'11000000).
  Merging ports 192, 225 (address 8'11000000).
  Merging ports 192, 226 (address 8'11000000).
  Merging ports 192, 227 (address 8'11000000).
  Merging ports 192, 228 (address 8'11000000).
  Merging ports 192, 229 (address 8'11000000).
  Merging ports 192, 230 (address 8'11000000).
  Merging ports 192, 231 (address 8'11000000).
  Merging ports 192, 232 (address 8'11000000).
  Merging ports 192, 233 (address 8'11000000).
  Merging ports 192, 234 (address 8'11000000).
  Merging ports 192, 235 (address 8'11000000).
  Merging ports 192, 236 (address 8'11000000).
  Merging ports 192, 237 (address 8'11000000).
  Merging ports 192, 238 (address 8'11000000).
  Merging ports 192, 239 (address 8'11000000).
  Merging ports 192, 240 (address 8'11000000).
  Merging ports 192, 241 (address 8'11000000).
  Merging ports 192, 242 (address 8'11000000).
  Merging ports 192, 243 (address 8'11000000).
  Merging ports 192, 244 (address 8'11000000).
  Merging ports 192, 245 (address 8'11000000).
  Merging ports 192, 246 (address 8'11000000).
  Merging ports 192, 247 (address 8'11000000).
  Merging ports 192, 248 (address 8'11000000).
  Merging ports 192, 249 (address 8'11000000).
  Merging ports 192, 250 (address 8'11000000).
  Merging ports 192, 251 (address 8'11000000).
  Merging ports 192, 252 (address 8'11000000).
  Merging ports 192, 253 (address 8'11000000).
  Merging ports 192, 254 (address 8'11000000).
  Merging ports 192, 255 (address 8'11000000).
Consolidating write ports of memory icebreaker.soc.spimem_cache.cache_valid by address:
  Merging ports 1, 2 (address 8'10000001).
  Merging ports 1, 3 (address 8'10000000).
  Merging ports 1, 4 (address 8'10000000).
  Merging ports 1, 5 (address 8'10000000).
  Merging ports 1, 6 (address 8'10000000).
  Merging ports 1, 7 (address 8'10000000).
Consolidating write ports of memory icebreaker.soc.spimem_cache.cache_valid by address:
Consolidating write ports of memory icebreaker.soc.spimem_cache.cache_valid using sat-based resource sharing:

7.29.8. Executing OPT_MEM_WIDEN pass (optimize memories where all ports are wide).
Performed a total of 0 transformations.

7.29.9. Executing OPT_CLEAN pass (remove unused cells and wires).
Finding unused cells or wires in module \icebreaker..

7.29.10. Executing MEMORY_COLLECT pass (generating $mem cells).

7.30. Executing OPT_CLEAN pass (remove unused cells and wires).
Finding unused cells or wires in module \icebreaker..

7.31. Executing MEMORY_LIBMAP pass (mapping memories to cells).
mapping memory icebreaker.soc.spimem_cache.cache_data via $__ICE40_RAM4K_
mapping memory icebreaker.soc.spimem_cache.cache_tag via $__ICE40_RAM4K_
using FF mapping for memory icebreaker.soc.spimem_cache.cache_valid
mapping memory icebreaker.soc.cpu.cpuregs.regs via $__ICE40_RAM4K_
using FF mapping for memory icebreaker.$flatten\seven_segment_ctrl.\lsb_nibble.$auto$proc_rom.cc:155:do_switch$2153
using FF mapping for memory icebreaker.$flatten\seven_segment_ctrl.\msb_nibble.$auto$proc_rom.cc:155:do_switch$2153
<suppressed ~330 debug messages>

7.32. Executing TECHMAP pass (map to technology primitives).

7.32.1. Executing Verilog-2005 frontend: /homes/cl2033/oss-cad-suite/lib/../share/yosys/ice40/brams_map.v
Parsing Verilog input from `/homes/cl2033/oss-cad-suite/lib/../share/yosys/ice40/brams_map.v' to AST representation.
Generating RTLIL representation for module `$__ICE40_RAM4K_'.
Successfully finished Verilog frontend.

7.32.2. Executing Verilog-2005 frontend: /homes/cl2033/oss-cad-suite/lib/../share/yosys/ice40/spram_map.v
Parsing Verilog input from `/homes/cl2033/oss-cad-suite/lib/../share/yosys/ice40/spram_map.v' to AST representation.
Generating RTLIL representation for module `$__ICE40_SPRAM_'.
Successfully finished Verilog frontend.

7.32.3. Continuing TECHMAP pass.
Using template $paramod$a1f6b5309207cf102bfb625dccbd224ad06df61d$__ICE40_RAM4K_ for cells of type $__ICE40_RAM4K_.
Using template $paramod$13b3947419e62b7bbba1b93c77e4155efbe69a94$__ICE40_RAM4K_ for cells of type $__ICE40_RAM4K_.
No more expansions possible.
<suppressed ~58 debug messages>

7.33. Executing ICE40_BRAMINIT pass.

7.34. Executing OPT pass (performing simple optimizations).

7.34.1. Executing OPT_EXPR pass (perform const folding).
Optimizing module icebreaker.
<suppressed ~240 debug messages>

7.34.2. Executing OPT_MERGE pass (detect identical cells).
Finding identical cells in module `\icebreaker'.
Computing hashes of 1488 cells of `\icebreaker'.
Finding duplicate cells in `\icebreaker'.
Computing hashes of 1465 cells of `\icebreaker'.
Finding duplicate cells in `\icebreaker'.
<suppressed ~69 debug messages>
Removed a total of 23 cells.

7.34.3. Executing OPT_DFF pass (perform DFF optimizations).
Adding SRST signal on $auto$ff.cc:337:slice$9134 ($dffe) from module icebreaker (D = $flatten\soc.\cpu.$procmux$5093_Y, Q = \soc.cpu.mem_state, rval = 2'00).
Adding SRST signal on $auto$ff.cc:337:slice$9084 ($dffe) from module icebreaker (D = $flatten\soc.\cpu.$procmux$5151_Y, Q = \soc.cpu.mem_valid, rval = 1'0).
Removing always-active EN on $auto$mem.cc:1169:emulate_transparency$9509 ($dffe) from module icebreaker.
Removing always-active EN on $auto$mem.cc:1169:emulate_transparency$9483 ($dffe) from module icebreaker.
Removing always-active EN on $auto$mem.cc:1169:emulate_transparency$9469 ($dffe) from module icebreaker.

7.34.4. Executing OPT_CLEAN pass (remove unused cells and wires).
Finding unused cells or wires in module \icebreaker..
Removed 17 unused cells and 334 unused wires.
<suppressed ~21 debug messages>

7.34.5. Rerunning OPT passes. (Removed registers in this run.)

7.34.6. Executing OPT_EXPR pass (perform const folding).
Optimizing module icebreaker.
<suppressed ~1 debug messages>

7.34.7. Executing OPT_MERGE pass (detect identical cells).
Finding identical cells in module `\icebreaker'.
Computing hashes of 1447 cells of `\icebreaker'.
Finding duplicate cells in `\icebreaker'.
Removed a total of 0 cells.

7.34.8. Executing OPT_DFF pass (perform DFF optimizations).
Handling D = Q on $auto$ff.cc:337:slice$8792 ($sdffce) from module icebreaker (conecting SRST instead).
Adding EN signal on $flatten\soc.\cpu.$procdff$6883 ($dff) from module icebreaker (D = $flatten\soc.\cpu.$0\reg_sh[4:0] [1:0], Q = \soc.cpu.reg_sh [1:0]).
Setting constant 0-bit at position 0 on $auto$ff.cc:337:slice$8792 ($dffe) from module icebreaker.
Setting constant 0-bit at position 1 on $auto$ff.cc:337:slice$8792 ($dffe) from module icebreaker.
Setting constant 0-bit at position 21 on $auto$mem.cc:1169:emulate_transparency$9483 ($dff) from module icebreaker.
Setting constant 0-bit at position 22 on $auto$mem.cc:1169:emulate_transparency$9483 ($dff) from module icebreaker.
Setting constant 0-bit at position 23 on $auto$mem.cc:1169:emulate_transparency$9483 ($dff) from module icebreaker.
Setting constant 0-bit at position 24 on $auto$mem.cc:1169:emulate_transparency$9483 ($dff) from module icebreaker.
Setting constant 0-bit at position 25 on $auto$mem.cc:1169:emulate_transparency$9483 ($dff) from module icebreaker.
Setting constant 0-bit at position 26 on $auto$mem.cc:1169:emulate_transparency$9483 ($dff) from module icebreaker.
Setting constant 0-bit at position 27 on $auto$mem.cc:1169:emulate_transparency$9483 ($dff) from module icebreaker.
Setting constant 0-bit at position 28 on $auto$mem.cc:1169:emulate_transparency$9483 ($dff) from module icebreaker.
Setting constant 0-bit at position 29 on $auto$mem.cc:1169:emulate_transparency$9483 ($dff) from module icebreaker.
Setting constant 0-bit at position 30 on $auto$mem.cc:1169:emulate_transparency$9483 ($dff) from module icebreaker.
Setting constant 0-bit at position 31 on $auto$mem.cc:1169:emulate_transparency$9483 ($dff) from module icebreaker.
Setting constant 1-bit at position 0 on $flatten\soc.\cpu.\genblk1.pcpi_mul.$procdff$6852 ($dff) from module icebreaker.
Setting constant 1-bit at position 1 on $flatten\soc.\cpu.\genblk1.pcpi_mul.$procdff$6852 ($dff) from module icebreaker.
Setting constant 1-bit at position 2 on $flatten\soc.\cpu.\genblk1.pcpi_mul.$procdff$6852 ($dff) from module icebreaker.
Setting constant 1-bit at position 3 on $flatten\soc.\cpu.\genblk1.pcpi_mul.$procdff$6852 ($dff) from module icebreaker.
Setting constant 1-bit at position 4 on $flatten\soc.\cpu.\genblk1.pcpi_mul.$procdff$6852 ($dff) from module icebreaker.
Setting constant 1-bit at position 5 on $flatten\soc.\cpu.\genblk1.pcpi_mul.$procdff$6852 ($dff) from module icebreaker.
Setting constant 1-bit at position 6 on $flatten\soc.\cpu.\genblk1.pcpi_mul.$procdff$6852 ($dff) from module icebreaker.
Setting constant 1-bit at position 7 on $flatten\soc.\cpu.\genblk1.pcpi_mul.$procdff$6852 ($dff) from module icebreaker.
Setting constant 1-bit at position 8 on $flatten\soc.\cpu.\genblk1.pcpi_mul.$procdff$6852 ($dff) from module icebreaker.
Setting constant 1-bit at position 9 on $flatten\soc.\cpu.\genblk1.pcpi_mul.$procdff$6852 ($dff) from module icebreaker.
Setting constant 1-bit at position 10 on $flatten\soc.\cpu.\genblk1.pcpi_mul.$procdff$6852 ($dff) from module icebreaker.
Setting constant 1-bit at position 11 on $flatten\soc.\cpu.\genblk1.pcpi_mul.$procdff$6852 ($dff) from module icebreaker.
Setting constant 1-bit at position 12 on $flatten\soc.\cpu.\genblk1.pcpi_mul.$procdff$6852 ($dff) from module icebreaker.
Setting constant 1-bit at position 13 on $flatten\soc.\cpu.\genblk1.pcpi_mul.$procdff$6852 ($dff) from module icebreaker.
Setting constant 1-bit at position 14 on $flatten\soc.\cpu.\genblk1.pcpi_mul.$procdff$6852 ($dff) from module icebreaker.
Setting constant 1-bit at position 15 on $flatten\soc.\cpu.\genblk1.pcpi_mul.$procdff$6852 ($dff) from module icebreaker.

7.34.9. Executing OPT_CLEAN pass (remove unused cells and wires).
Finding unused cells or wires in module \icebreaker..
Removed 2 unused cells and 4 unused wires.
<suppressed ~3 debug messages>

7.34.10. Rerunning OPT passes. (Removed registers in this run.)

7.34.11. Executing OPT_EXPR pass (perform const folding).
Optimizing module icebreaker.

7.34.12. Executing OPT_MERGE pass (detect identical cells).
Finding identical cells in module `\icebreaker'.
Computing hashes of 1448 cells of `\icebreaker'.
Finding duplicate cells in `\icebreaker'.
Removed a total of 0 cells.

7.34.13. Executing OPT_DFF pass (perform DFF optimizations).

7.34.14. Executing OPT_CLEAN pass (remove unused cells and wires).
Finding unused cells or wires in module \icebreaker..

7.34.15. Finished fast OPT passes.

7.35. Executing MEMORY_MAP pass (converting memories to logic and flip-flops).
Mapping memory \soc.spimem_cache.cache_valid in module \icebreaker:
  created 256 $dff cells and 0 static cells of width 1.
Extracted addr FF from read port 0 of icebreaker.soc.spimem_cache.cache_valid: $\soc.spimem_cache.cache_valid$rdreg[0]
  read interface: 1 $dff and 255 $mux cells.
  write interface: 768 write mux blocks.
Mapping memory $flatten\seven_segment_ctrl.\lsb_nibble.$auto$proc_rom.cc:155:do_switch$2153 in module \icebreaker:
  created 16 $dff cells and 0 static cells of width 7.
Extracted data FF from read port 0 of icebreaker.$flatten\seven_segment_ctrl.\lsb_nibble.$auto$proc_rom.cc:155:do_switch$2153: $$flatten\seven_segment_ctrl.\lsb_nibble.$auto$proc_rom.cc:155:do_switch$2153$rdreg[0]
  read interface: 1 $dff and 15 $mux cells.
  write interface: 0 write mux blocks.
Mapping memory $flatten\seven_segment_ctrl.\msb_nibble.$auto$proc_rom.cc:155:do_switch$2153 in module \icebreaker:
  created 16 $dff cells and 0 static cells of width 7.
Extracted data FF from read port 0 of icebreaker.$flatten\seven_segment_ctrl.\msb_nibble.$auto$proc_rom.cc:155:do_switch$2153: $$flatten\seven_segment_ctrl.\msb_nibble.$auto$proc_rom.cc:155:do_switch$2153$rdreg[0]
  read interface: 1 $dff and 15 $mux cells.
  write interface: 0 write mux blocks.

7.36. Executing OPT pass (performing simple optimizations).

7.36.1. Executing OPT_EXPR pass (perform const folding).
Optimizing module icebreaker.
<suppressed ~1043 debug messages>

7.36.2. Executing OPT_MERGE pass (detect identical cells).
Finding identical cells in module `\icebreaker'.
Computing hashes of 3069 cells of `\icebreaker'.
Finding duplicate cells in `\icebreaker'.
Computing hashes of 3061 cells of `\icebreaker'.
Finding duplicate cells in `\icebreaker'.
<suppressed ~24 debug messages>
Removed a total of 8 cells.

7.36.3. Executing OPT_MUXTREE pass (detect dead branches in mux trees).
Running muxtree optimizer on module \icebreaker..
  Creating internal representation of mux trees.
  Evaluating internal representation of mux trees.
  Analyzing evaluation results.
    dead port 1/2 on $mux $flatten\soc.\spimem_cache.$procmux$6295.
    dead port 2/2 on $mux $flatten\soc.\spimem_cache.$procmux$6295.
Removed 2 multiplexer ports.
<suppressed ~1519 debug messages>

7.36.4. Executing OPT_REDUCE pass (consolidate $*mux and $reduce_* inputs).
  Optimizing cells in module \icebreaker.
    Consolidated identical input bits for $mux cell $memory$flatten\seven_segment_ctrl.\msb_nibble.$auto$proc_rom.cc:155:do_switch$2153$rdmux[0][3][6]$14794:
      Old ports: A=7'0111001, B=7'1011110, Y=$memory$flatten\seven_segment_ctrl.\msb_nibble.$auto$proc_rom.cc:155:do_switch$2153$rdmux[0][2][3]$a$14774
      New ports: A=2'01, B=2'10, Y=$memory$flatten\seven_segment_ctrl.\msb_nibble.$auto$proc_rom.cc:155:do_switch$2153$rdmux[0][2][3]$a$14774 [1:0]
      New connections: $memory$flatten\seven_segment_ctrl.\msb_nibble.$auto$proc_rom.cc:155:do_switch$2153$rdmux[0][2][3]$a$14774 [6:2] = { $memory$flatten\seven_segment_ctrl.\msb_nibble.$auto$proc_rom.cc:155:do_switch$2153$rdmux[0][2][3]$a$14774 [1:0] 2'11 $memory$flatten\seven_segment_ctrl.\msb_nibble.$auto$proc_rom.cc:155:do_switch$2153$rdmux[0][2][3]$a$14774 [1] }
    Consolidated identical input bits for $mux cell $memory$flatten\seven_segment_ctrl.\lsb_nibble.$auto$proc_rom.cc:155:do_switch$2153$rdmux[0][3][4]$14743:
      Old ports: A=7'1111111, B=7'1101111, Y=$memory$flatten\seven_segment_ctrl.\lsb_nibble.$auto$proc_rom.cc:155:do_switch$2153$rdmux[0][2][2]$a$14726
      New ports: A=1'1, B=1'0, Y=$memory$flatten\seven_segment_ctrl.\lsb_nibble.$auto$proc_rom.cc:155:do_switch$2153$rdmux[0][2][2]$a$14726 [4]
      New connections: { $memory$flatten\seven_segment_ctrl.\lsb_nibble.$auto$proc_rom.cc:155:do_switch$2153$rdmux[0][2][2]$a$14726 [6:5] $memory$flatten\seven_segment_ctrl.\lsb_nibble.$auto$proc_rom.cc:155:do_switch$2153$rdmux[0][2][2]$a$14726 [3:0] } = 6'111111
    Consolidated identical input bits for $mux cell $memory$flatten\seven_segment_ctrl.\lsb_nibble.$auto$proc_rom.cc:155:do_switch$2153$rdmux[0][3][6]$14749:
      Old ports: A=7'0111001, B=7'1011110, Y=$memory$flatten\seven_segment_ctrl.\lsb_nibble.$auto$proc_rom.cc:155:do_switch$2153$rdmux[0][2][3]$a$14729
      New ports: A=2'01, B=2'10, Y=$memory$flatten\seven_segment_ctrl.\lsb_nibble.$auto$proc_rom.cc:155:do_switch$2153$rdmux[0][2][3]$a$14729 [1:0]
      New connections: $memory$flatten\seven_segment_ctrl.\lsb_nibble.$auto$proc_rom.cc:155:do_switch$2153$rdmux[0][2][3]$a$14729 [6:2] = { $memory$flatten\seven_segment_ctrl.\lsb_nibble.$auto$proc_rom.cc:155:do_switch$2153$rdmux[0][2][3]$a$14729 [1:0] 2'11 $memory$flatten\seven_segment_ctrl.\lsb_nibble.$auto$proc_rom.cc:155:do_switch$2153$rdmux[0][2][3]$a$14729 [1] }
    Consolidated identical input bits for $mux cell $memory$flatten\seven_segment_ctrl.\lsb_nibble.$auto$proc_rom.cc:155:do_switch$2153$rdmux[0][3][5]$14746:
      Old ports: A=7'1110111, B=7'1111100, Y=$memory$flatten\seven_segment_ctrl.\lsb_nibble.$auto$proc_rom.cc:155:do_switch$2153$rdmux[0][2][2]$b$14727
      New ports: A=2'01, B=2'10, Y={ $memory$flatten\seven_segment_ctrl.\lsb_nibble.$auto$proc_rom.cc:155:do_switch$2153$rdmux[0][2][2]$b$14727 [3] $memory$flatten\seven_segment_ctrl.\lsb_nibble.$auto$proc_rom.cc:155:do_switch$2153$rdmux[0][2][2]$b$14727 [0] }
      New connections: { $memory$flatten\seven_segment_ctrl.\lsb_nibble.$auto$proc_rom.cc:155:do_switch$2153$rdmux[0][2][2]$b$14727 [6:4] $memory$flatten\seven_segment_ctrl.\lsb_nibble.$auto$proc_rom.cc:155:do_switch$2153$rdmux[0][2][2]$b$14727 [2:1] } = { 4'1111 $memory$flatten\seven_segment_ctrl.\lsb_nibble.$auto$proc_rom.cc:155:do_switch$2153$rdmux[0][2][2]$b$14727 [0] }
    Consolidated identical input bits for $mux cell $memory$flatten\seven_segment_ctrl.\lsb_nibble.$auto$proc_rom.cc:155:do_switch$2153$rdmux[0][3][1]$14734:
      Old ports: A=7'1011011, B=7'1001111, Y=$memory$flatten\seven_segment_ctrl.\lsb_nibble.$auto$proc_rom.cc:155:do_switch$2153$rdmux[0][2][0]$b$14721
      New ports: A=2'10, B=2'01, Y={ $memory$flatten\seven_segment_ctrl.\lsb_nibble.$auto$proc_rom.cc:155:do_switch$2153$rdmux[0][2][0]$b$14721 [4] $memory$flatten\seven_segment_ctrl.\lsb_nibble.$auto$proc_rom.cc:155:do_switch$2153$rdmux[0][2][0]$b$14721 [2] }
      New connections: { $memory$flatten\seven_segment_ctrl.\lsb_nibble.$auto$proc_rom.cc:155:do_switch$2153$rdmux[0][2][0]$b$14721 [6:5] $memory$flatten\seven_segment_ctrl.\lsb_nibble.$auto$proc_rom.cc:155:do_switch$2153$rdmux[0][2][0]$b$14721 [3] $memory$flatten\seven_segment_ctrl.\lsb_nibble.$auto$proc_rom.cc:155:do_switch$2153$rdmux[0][2][0]$b$14721 [1:0] } = 5'10111
    Consolidated identical input bits for $mux cell $memory$flatten\seven_segment_ctrl.\lsb_nibble.$auto$proc_rom.cc:155:do_switch$2153$rdmux[0][3][3]$14740:
      Old ports: A=7'1111101, B=7'0000111, Y=$memory$flatten\seven_segment_ctrl.\lsb_nibble.$auto$proc_rom.cc:155:do_switch$2153$rdmux[0][2][1]$b$14724
      New ports: A=2'10, B=2'01, Y={ $memory$flatten\seven_segment_ctrl.\lsb_nibble.$auto$proc_rom.cc:155:do_switch$2153$rdmux[0][2][1]$b$14724 [3] $memory$flatten\seven_segment_ctrl.\lsb_nibble.$auto$proc_rom.cc:155:do_switch$2153$rdmux[0][2][1]$b$14724 [1] }
      New connections: { $memory$flatten\seven_segment_ctrl.\lsb_nibble.$auto$proc_rom.cc:155:do_switch$2153$rdmux[0][2][1]$b$14724 [6:4] $memory$flatten\seven_segment_ctrl.\lsb_nibble.$auto$proc_rom.cc:155:do_switch$2153$rdmux[0][2][1]$b$14724 [2] $memory$flatten\seven_segment_ctrl.\lsb_nibble.$auto$proc_rom.cc:155:do_switch$2153$rdmux[0][2][1]$b$14724 [0] } = { $memory$flatten\seven_segment_ctrl.\lsb_nibble.$auto$proc_rom.cc:155:do_switch$2153$rdmux[0][2][1]$b$14724 [3] $memory$flatten\seven_segment_ctrl.\lsb_nibble.$auto$proc_rom.cc:155:do_switch$2153$rdmux[0][2][1]$b$14724 [3] $memory$flatten\seven_segment_ctrl.\lsb_nibble.$auto$proc_rom.cc:155:do_switch$2153$rdmux[0][2][1]$b$14724 [3] 2'11 }
    Consolidated identical input bits for $mux cell $memory$flatten\seven_segment_ctrl.\lsb_nibble.$auto$proc_rom.cc:155:do_switch$2153$rdmux[0][3][2]$14737:
      Old ports: A=7'1100110, B=7'1101101, Y=$memory$flatten\seven_segment_ctrl.\lsb_nibble.$auto$proc_rom.cc:155:do_switch$2153$rdmux[0][2][1]$a$14723
      New ports: A=2'10, B=2'01, Y=$memory$flatten\seven_segment_ctrl.\lsb_nibble.$auto$proc_rom.cc:155:do_switch$2153$rdmux[0][2][1]$a$14723 [1:0]
      New connections: $memory$flatten\seven_segment_ctrl.\lsb_nibble.$auto$proc_rom.cc:155:do_switch$2153$rdmux[0][2][1]$a$14723 [6:2] = { 3'110 $memory$flatten\seven_segment_ctrl.\lsb_nibble.$auto$proc_rom.cc:155:do_switch$2153$rdmux[0][2][1]$a$14723 [0] 1'1 }
    Consolidated identical input bits for $mux cell $memory$flatten\seven_segment_ctrl.\lsb_nibble.$auto$proc_rom.cc:155:do_switch$2153$rdmux[0][3][0]$14731:
      Old ports: A=7'0111111, B=7'0000110, Y=$memory$flatten\seven_segment_ctrl.\lsb_nibble.$auto$proc_rom.cc:155:do_switch$2153$rdmux[0][2][0]$a$14720
      New ports: A=1'1, B=1'0, Y=$memory$flatten\seven_segment_ctrl.\lsb_nibble.$auto$proc_rom.cc:155:do_switch$2153$rdmux[0][2][0]$a$14720 [0]
      New connections: $memory$flatten\seven_segment_ctrl.\lsb_nibble.$auto$proc_rom.cc:155:do_switch$2153$rdmux[0][2][0]$a$14720 [6:1] = { 1'0 $memory$flatten\seven_segment_ctrl.\lsb_nibble.$auto$proc_rom.cc:155:do_switch$2153$rdmux[0][2][0]$a$14720 [0] $memory$flatten\seven_segment_ctrl.\lsb_nibble.$auto$proc_rom.cc:155:do_switch$2153$rdmux[0][2][0]$a$14720 [0] $memory$flatten\seven_segment_ctrl.\lsb_nibble.$auto$proc_rom.cc:155:do_switch$2153$rdmux[0][2][0]$a$14720 [0] 2'11 }
    Consolidated identical input bits for $mux cell $memory$flatten\seven_segment_ctrl.\msb_nibble.$auto$proc_rom.cc:155:do_switch$2153$rdmux[0][3][5]$14791:
      Old ports: A=7'1110111, B=7'1111100, Y=$memory$flatten\seven_segment_ctrl.\msb_nibble.$auto$proc_rom.cc:155:do_switch$2153$rdmux[0][2][2]$b$14772
      New ports: A=2'01, B=2'10, Y={ $memory$flatten\seven_segment_ctrl.\msb_nibble.$auto$proc_rom.cc:155:do_switch$2153$rdmux[0][2][2]$b$14772 [3] $memory$flatten\seven_segment_ctrl.\msb_nibble.$auto$proc_rom.cc:155:do_switch$2153$rdmux[0][2][2]$b$14772 [0] }
      New connections: { $memory$flatten\seven_segment_ctrl.\msb_nibble.$auto$proc_rom.cc:155:do_switch$2153$rdmux[0][2][2]$b$14772 [6:4] $memory$flatten\seven_segment_ctrl.\msb_nibble.$auto$proc_rom.cc:155:do_switch$2153$rdmux[0][2][2]$b$14772 [2:1] } = { 4'1111 $memory$flatten\seven_segment_ctrl.\msb_nibble.$auto$proc_rom.cc:155:do_switch$2153$rdmux[0][2][2]$b$14772 [0] }
    Consolidated identical input bits for $mux cell $memory$flatten\seven_segment_ctrl.\msb_nibble.$auto$proc_rom.cc:155:do_switch$2153$rdmux[0][3][4]$14788:
      Old ports: A=7'1111111, B=7'1101111, Y=$memory$flatten\seven_segment_ctrl.\msb_nibble.$auto$proc_rom.cc:155:do_switch$2153$rdmux[0][2][2]$a$14771
      New ports: A=1'1, B=1'0, Y=$memory$flatten\seven_segment_ctrl.\msb_nibble.$auto$proc_rom.cc:155:do_switch$2153$rdmux[0][2][2]$a$14771 [4]
      New connections: { $memory$flatten\seven_segment_ctrl.\msb_nibble.$auto$proc_rom.cc:155:do_switch$2153$rdmux[0][2][2]$a$14771 [6:5] $memory$flatten\seven_segment_ctrl.\msb_nibble.$auto$proc_rom.cc:155:do_switch$2153$rdmux[0][2][2]$a$14771 [3:0] } = 6'111111
    Consolidated identical input bits for $mux cell $memory$flatten\seven_segment_ctrl.\msb_nibble.$auto$proc_rom.cc:155:do_switch$2153$rdmux[0][3][3]$14785:
      Old ports: A=7'1111101, B=7'0000111, Y=$memory$flatten\seven_segment_ctrl.\msb_nibble.$auto$proc_rom.cc:155:do_switch$2153$rdmux[0][2][1]$b$14769
      New ports: A=2'10, B=2'01, Y={ $memory$flatten\seven_segment_ctrl.\msb_nibble.$auto$proc_rom.cc:155:do_switch$2153$rdmux[0][2][1]$b$14769 [3] $memory$flatten\seven_segment_ctrl.\msb_nibble.$auto$proc_rom.cc:155:do_switch$2153$rdmux[0][2][1]$b$14769 [1] }
      New connections: { $memory$flatten\seven_segment_ctrl.\msb_nibble.$auto$proc_rom.cc:155:do_switch$2153$rdmux[0][2][1]$b$14769 [6:4] $memory$flatten\seven_segment_ctrl.\msb_nibble.$auto$proc_rom.cc:155:do_switch$2153$rdmux[0][2][1]$b$14769 [2] $memory$flatten\seven_segment_ctrl.\msb_nibble.$auto$proc_rom.cc:155:do_switch$2153$rdmux[0][2][1]$b$14769 [0] } = { $memory$flatten\seven_segment_ctrl.\msb_nibble.$auto$proc_rom.cc:155:do_switch$2153$rdmux[0][2][1]$b$14769 [3] $memory$flatten\seven_segment_ctrl.\msb_nibble.$auto$proc_rom.cc:155:do_switch$2153$rdmux[0][2][1]$b$14769 [3] $memory$flatten\seven_segment_ctrl.\msb_nibble.$auto$proc_rom.cc:155:do_switch$2153$rdmux[0][2][1]$b$14769 [3] 2'11 }
    Consolidated identical input bits for $mux cell $memory$flatten\seven_segment_ctrl.\msb_nibble.$auto$proc_rom.cc:155:do_switch$2153$rdmux[0][3][2]$14782:
      Old ports: A=7'1100110, B=7'1101101, Y=$memory$flatten\seven_segment_ctrl.\msb_nibble.$auto$proc_rom.cc:155:do_switch$2153$rdmux[0][2][1]$a$14768
      New ports: A=2'10, B=2'01, Y=$memory$flatten\seven_segment_ctrl.\msb_nibble.$auto$proc_rom.cc:155:do_switch$2153$rdmux[0][2][1]$a$14768 [1:0]
      New connections: $memory$flatten\seven_segment_ctrl.\msb_nibble.$auto$proc_rom.cc:155:do_switch$2153$rdmux[0][2][1]$a$14768 [6:2] = { 3'110 $memory$flatten\seven_segment_ctrl.\msb_nibble.$auto$proc_rom.cc:155:do_switch$2153$rdmux[0][2][1]$a$14768 [0] 1'1 }
    Consolidated identical input bits for $mux cell $memory$flatten\seven_segment_ctrl.\msb_nibble.$auto$proc_rom.cc:155:do_switch$2153$rdmux[0][3][1]$14779:
      Old ports: A=7'1011011, B=7'1001111, Y=$memory$flatten\seven_segment_ctrl.\msb_nibble.$auto$proc_rom.cc:155:do_switch$2153$rdmux[0][2][0]$b$14766
      New ports: A=2'10, B=2'01, Y={ $memory$flatten\seven_segment_ctrl.\msb_nibble.$auto$proc_rom.cc:155:do_switch$2153$rdmux[0][2][0]$b$14766 [4] $memory$flatten\seven_segment_ctrl.\msb_nibble.$auto$proc_rom.cc:155:do_switch$2153$rdmux[0][2][0]$b$14766 [2] }
      New connections: { $memory$flatten\seven_segment_ctrl.\msb_nibble.$auto$proc_rom.cc:155:do_switch$2153$rdmux[0][2][0]$b$14766 [6:5] $memory$flatten\seven_segment_ctrl.\msb_nibble.$auto$proc_rom.cc:155:do_switch$2153$rdmux[0][2][0]$b$14766 [3] $memory$flatten\seven_segment_ctrl.\msb_nibble.$auto$proc_rom.cc:155:do_switch$2153$rdmux[0][2][0]$b$14766 [1:0] } = 5'10111
    Consolidated identical input bits for $mux cell $memory$flatten\seven_segment_ctrl.\msb_nibble.$auto$proc_rom.cc:155:do_switch$2153$rdmux[0][3][0]$14776:
      Old ports: A=7'0111111, B=7'0000110, Y=$memory$flatten\seven_segment_ctrl.\msb_nibble.$auto$proc_rom.cc:155:do_switch$2153$rdmux[0][2][0]$a$14765
      New ports: A=1'1, B=1'0, Y=$memory$flatten\seven_segment_ctrl.\msb_nibble.$auto$proc_rom.cc:155:do_switch$2153$rdmux[0][2][0]$a$14765 [0]
      New connections: $memory$flatten\seven_segment_ctrl.\msb_nibble.$auto$proc_rom.cc:155:do_switch$2153$rdmux[0][2][0]$a$14765 [6:1] = { 1'0 $memory$flatten\seven_segment_ctrl.\msb_nibble.$auto$proc_rom.cc:155:do_switch$2153$rdmux[0][2][0]$a$14765 [0] $memory$flatten\seven_segment_ctrl.\msb_nibble.$auto$proc_rom.cc:155:do_switch$2153$rdmux[0][2][0]$a$14765 [0] $memory$flatten\seven_segment_ctrl.\msb_nibble.$auto$proc_rom.cc:155:do_switch$2153$rdmux[0][2][0]$a$14765 [0] 2'11 }
    New ctrl vector for $pmux cell $flatten\soc.\cpu.$procmux$4059: { \soc.cpu.cpu_state [4] $auto$opt_reduce.cc:137:opt_pmux$14801 }
    Consolidated identical input bits for $pmux cell $flatten\soc.\cpu.$procmux$5387:
      Old ports: A={ 24'000000000000000000000000 \soc.cpu.mem_rdata [7:0] }, B={ 24'000000000000000000000000 \soc.cpu.mem_rdata [15:8] 24'000000000000000000000000 \soc.cpu.mem_rdata [23:16] 24'000000000000000000000000 \soc.cpu.mem_rdata [31:24] }, Y=$flatten\soc.\cpu.$3\mem_rdata_word[31:0]
      New ports: A=\soc.cpu.mem_rdata [7:0], B={ \soc.cpu.mem_rdata [15:8] \soc.cpu.mem_rdata [23:16] \soc.cpu.mem_rdata [31:24] }, Y=$flatten\soc.\cpu.$3\mem_rdata_word[31:0] [7:0]
      New connections: $flatten\soc.\cpu.$3\mem_rdata_word[31:0] [31:8] = 24'000000000000000000000000
    Consolidated identical input bits for $pmux cell $flatten\soc.\cpu.$procmux$3285:
      Old ports: A=\soc.cpu.mem_rdata_word, B={ \soc.cpu.mem_rdata_word [15] \soc.cpu.mem_rdata_word [15] \soc.cpu.mem_rdata_word [15] \soc.cpu.mem_rdata_word [15] \soc.cpu.mem_rdata_word [15] \soc.cpu.mem_rdata_word [15] \soc.cpu.mem_rdata_word [15] \soc.cpu.mem_rdata_word [15] \soc.cpu.mem_rdata_word [15] \soc.cpu.mem_rdata_word [15] \soc.cpu.mem_rdata_word [15] \soc.cpu.mem_rdata_word [15] \soc.cpu.mem_rdata_word [15] \soc.cpu.mem_rdata_word [15] \soc.cpu.mem_rdata_word [15] \soc.cpu.mem_rdata_word [15] \soc.cpu.mem_rdata_word [15:0] \soc.cpu.mem_rdata_word [7] \soc.cpu.mem_rdata_word [7] \soc.cpu.mem_rdata_word [7] \soc.cpu.mem_rdata_word [7] \soc.cpu.mem_rdata_word [7] \soc.cpu.mem_rdata_word [7] \soc.cpu.mem_rdata_word [7] \soc.cpu.mem_rdata_word [7] \soc.cpu.mem_rdata_word [7] \soc.cpu.mem_rdata_word [7] \soc.cpu.mem_rdata_word [7] \soc.cpu.mem_rdata_word [7] \soc.cpu.mem_rdata_word [7] \soc.cpu.mem_rdata_word [7] \soc.cpu.mem_rdata_word [7] \soc.cpu.mem_rdata_word [7] \soc.cpu.mem_rdata_word [7] \soc.cpu.mem_rdata_word [7] \soc.cpu.mem_rdata_word [7] \soc.cpu.mem_rdata_word [7] \soc.cpu.mem_rdata_word [7] \soc.cpu.mem_rdata_word [7] \soc.cpu.mem_rdata_word [7] \soc.cpu.mem_rdata_word [7] \soc.cpu.mem_rdata_word [7:0] }, Y=$flatten\soc.\cpu.$procmux$3285_Y
      New ports: A=\soc.cpu.mem_rdata_word [31:8], B={ \soc.cpu.mem_rdata_word [15] \soc.cpu.mem_rdata_word [15] \soc.cpu.mem_rdata_word [15] \soc.cpu.mem_rdata_word [15] \soc.cpu.mem_rdata_word [15] \soc.cpu.mem_rdata_word [15] \soc.cpu.mem_rdata_word [15] \soc.cpu.mem_rdata_word [15] \soc.cpu.mem_rdata_word [15] \soc.cpu.mem_rdata_word [15] \soc.cpu.mem_rdata_word [15] \soc.cpu.mem_rdata_word [15] \soc.cpu.mem_rdata_word [15] \soc.cpu.mem_rdata_word [15] \soc.cpu.mem_rdata_word [15] \soc.cpu.mem_rdata_word [15] \soc.cpu.mem_rdata_word [15:7] \soc.cpu.mem_rdata_word [7] \soc.cpu.mem_rdata_word [7] \soc.cpu.mem_rdata_word [7] \soc.cpu.mem_rdata_word [7] \soc.cpu.mem_rdata_word [7] \soc.cpu.mem_rdata_word [7] \soc.cpu.mem_rdata_word [7] \soc.cpu.mem_rdata_word [7] \soc.cpu.mem_rdata_word [7] \soc.cpu.mem_rdata_word [7] \soc.cpu.mem_rdata_word [7] \soc.cpu.mem_rdata_word [7] \soc.cpu.mem_rdata_word [7] \soc.cpu.mem_rdata_word [7] \soc.cpu.mem_rdata_word [7] \soc.cpu.mem_rdata_word [7] \soc.cpu.mem_rdata_word [7] \soc.cpu.mem_rdata_word [7] \soc.cpu.mem_rdata_word [7] \soc.cpu.mem_rdata_word [7] \soc.cpu.mem_rdata_word [7] \soc.cpu.mem_rdata_word [7] \soc.cpu.mem_rdata_word [7] }, Y=$flatten\soc.\cpu.$procmux$3285_Y [31:8]
      New connections: $flatten\soc.\cpu.$procmux$3285_Y [7:0] = \soc.cpu.mem_rdata_word [7:0]
    Consolidated identical input bits for $mux cell $flatten\soc.\cpu.$procmux$4109:
      Old ports: A={ $flatten\soc.\cpu.$add$../picorv32.v:1552$1938_Y [31:2] $auto$alumacc.cc:528:replace_alu$9379 [1] $auto$alumacc.cc:528:replace_alu$9373 [0] }, B={ $flatten\soc.\cpu.$add$../picorv32.v:1569$1942_Y [31:1] $auto$alumacc.cc:528:replace_alu$9373 [0] }, Y=$flatten\soc.\cpu.$procmux$4109_Y
      New ports: A={ $flatten\soc.\cpu.$add$../picorv32.v:1552$1938_Y [31:2] $auto$alumacc.cc:528:replace_alu$9379 [1] }, B=$flatten\soc.\cpu.$add$../picorv32.v:1569$1942_Y [31:1], Y=$flatten\soc.\cpu.$procmux$4109_Y [31:1]
      New connections: $flatten\soc.\cpu.$procmux$4109_Y [0] = $auto$alumacc.cc:528:replace_alu$9373 [0]
    Consolidated identical input bits for $mux cell $flatten\soc.\cpu.$procmux$4115:
      Old ports: A={ $flatten\soc.\cpu.$3\current_pc[31:0] [31:2] $auto$alumacc.cc:528:replace_alu$9379 [1] $auto$alumacc.cc:528:replace_alu$9373 [0] }, B={ $flatten\soc.\cpu.$add$../picorv32.v:1552$1938_Y [31:2] $auto$alumacc.cc:528:replace_alu$9379 [1] $auto$alumacc.cc:528:replace_alu$9373 [0] }, Y=$flatten\soc.\cpu.$procmux$4115_Y
      New ports: A=$flatten\soc.\cpu.$3\current_pc[31:0] [31:2], B=$flatten\soc.\cpu.$add$../picorv32.v:1552$1938_Y [31:2], Y=$flatten\soc.\cpu.$procmux$4115_Y [31:2]
      New connections: $flatten\soc.\cpu.$procmux$4115_Y [1:0] = { $auto$alumacc.cc:528:replace_alu$9379 [1] $auto$alumacc.cc:528:replace_alu$9373 [0] }
    New ctrl vector for $pmux cell $flatten\soc.\cpu.$procmux$5093: { $flatten\soc.\cpu.$procmux$5103_CMP $auto$opt_reduce.cc:137:opt_pmux$14803 }
    New ctrl vector for $pmux cell $flatten\soc.\cpu.$procmux$3851: { $auto$opt_reduce.cc:137:opt_pmux$14805 $auto$opt_reduce.cc:137:opt_pmux$7621 }
    Consolidated identical input bits for $pmux cell $flatten\soc.\cpu.$procmux$5412:
      Old ports: A=\soc.cpu.reg_op2, B={ \soc.cpu.reg_op2 [15:0] \soc.cpu.reg_op2 [15:0] \soc.cpu.reg_op2 [7:0] \soc.cpu.reg_op2 [7:0] \soc.cpu.reg_op2 [7:0] \soc.cpu.reg_op2 [7:0] }, Y=\soc.cpu.mem_la_wdata
      New ports: A=\soc.cpu.reg_op2 [31:8], B={ \soc.cpu.reg_op2 [15:0] \soc.cpu.reg_op2 [15:0] \soc.cpu.reg_op2 [7:0] \soc.cpu.reg_op2 [7:0] }, Y=\soc.cpu.mem_la_wdata [31:8]
      New connections: \soc.cpu.mem_la_wdata [7:0] = \soc.cpu.reg_op2 [7:0]
    Consolidated identical input bits for $mux cell $flatten\soc.\cpu.$ternary$../picorv32.v:1546$1932:
      Old ports: A=3'011, B=3'100, Y=$auto$wreduce.cc:514:run$9187 [2:0]
      New ports: A=2'01, B=2'10, Y={ $auto$wreduce.cc:514:run$9187 [2] $auto$wreduce.cc:514:run$9187 [0] }
      New connections: $auto$wreduce.cc:514:run$9187 [1] = $auto$wreduce.cc:514:run$9187 [0]
    Consolidated identical input bits for $mux cell $flatten\soc.\cpu.$ternary$../picorv32.v:1541$1930:
      Old ports: A=2'00, B=2'10, Y=$flatten\soc.\cpu.$ternary$../picorv32.v:1541$1930_Y
      New ports: A=1'0, B=1'1, Y=$flatten\soc.\cpu.$ternary$../picorv32.v:1541$1930_Y [1]
      New connections: $flatten\soc.\cpu.$ternary$../picorv32.v:1541$1930_Y [0] = 1'0
    Consolidated identical input bits for $mux cell $flatten\soc.\spimemio.\xfer.$procmux$2324:
      Old ports: A=\soc.spimemio.xfer.count, B={ $flatten\soc.\spimemio.\xfer.$sub$spimemio.v:524$2103_Y [3:1] \soc.spimemio.xfer.count [0] }, Y=$flatten\soc.\spimemio.\xfer.$5\next_count[3:0]
      New ports: A=\soc.spimemio.xfer.count [3:1], B=$flatten\soc.\spimemio.\xfer.$sub$spimemio.v:524$2103_Y [3:1], Y=$flatten\soc.\spimemio.\xfer.$5\next_count[3:0] [3:1]
      New connections: $flatten\soc.\spimemio.\xfer.$5\next_count[3:0] [0] = \soc.spimemio.xfer.count [0]
    Consolidated identical input bits for $mux cell $flatten\soc.\spimemio.\xfer.$procmux$2365:
      Old ports: A=\soc.spimemio.xfer.count, B={ $flatten\soc.\spimemio.\xfer.$sub$spimemio.v:491$2091_Y [3:2] \soc.spimemio.xfer.count [1:0] }, Y=$flatten\soc.\spimemio.\xfer.$4\next_count[3:0]
      New ports: A=\soc.spimemio.xfer.count [3:2], B=$flatten\soc.\spimemio.\xfer.$sub$spimemio.v:491$2091_Y [3:2], Y=$flatten\soc.\spimemio.\xfer.$4\next_count[3:0] [3:2]
      New connections: $flatten\soc.\spimemio.\xfer.$4\next_count[3:0] [1:0] = \soc.spimemio.xfer.count [1:0]
    New ctrl vector for $pmux cell $flatten\soc.\spimemio.\xfer.$procmux$2453: { $flatten\soc.\spimemio.\xfer.$procmux$2331_CMP $auto$opt_reduce.cc:137:opt_pmux$14807 }
    Consolidated identical input bits for $pmux cell $flatten\soc.\spimemio.\xfer.$procmux$2463:
      Old ports: A={ \soc.spimemio.xfer.obuffer [5:0] 2'00 }, B={ \soc.spimemio.xfer.obuffer [6:0] 1'0 \soc.spimemio.xfer.obuffer [3:0] 4'0000 \soc.spimemio.xfer.obuffer [3:0] 4'0000 }, Y=\soc.spimemio.xfer.next_obuffer
      New ports: A={ \soc.spimemio.xfer.obuffer [5:0] 1'0 }, B={ \soc.spimemio.xfer.obuffer [6:0] \soc.spimemio.xfer.obuffer [3:0] 3'000 \soc.spimemio.xfer.obuffer [3:0] 3'000 }, Y=\soc.spimemio.xfer.next_obuffer [7:1]
      New connections: \soc.spimemio.xfer.next_obuffer [0] = 1'0
    New ctrl vector for $pmux cell $flatten\soc.\spimemio.\xfer.$procmux$2463: { $flatten\soc.\spimemio.\xfer.$procmux$2331_CMP $auto$opt_reduce.cc:137:opt_pmux$14809 }
    Consolidated identical input bits for $pmux cell $flatten\soc.\spimemio.$procmux$6613:
      Old ports: A=8'11101101, B=24'111010111011101100000011, Y=$flatten\soc.\spimemio.$procmux$6613_Y
      New ports: A=5'10110, B=15'101010110100001, Y={ $flatten\soc.\spimemio.$procmux$6613_Y [6] $flatten\soc.\spimemio.$procmux$6613_Y [4:1] }
      New connections: { $flatten\soc.\spimemio.$procmux$6613_Y [7] $flatten\soc.\spimemio.$procmux$6613_Y [5] $flatten\soc.\spimemio.$procmux$6613_Y [0] } = { $flatten\soc.\spimemio.$procmux$6613_Y [3] $flatten\soc.\spimemio.$procmux$6613_Y [3] 1'1 }
    Consolidated identical input bits for $mux cell $flatten\soc.\spimemio.$procmux$6606:
      Old ports: A={ \soc.cpu.mem_addr [7:3] \soc.spimem_cache.gen_multi.fill_count 2'00 }, B=8'00000000, Y=$flatten\soc.\spimemio.$procmux$6606_Y
      New ports: A={ \soc.cpu.mem_addr [7:3] \soc.spimem_cache.gen_multi.fill_count }, B=6'000000, Y=$flatten\soc.\spimemio.$procmux$6606_Y [7:2]
      New connections: $flatten\soc.\spimemio.$procmux$6606_Y [1:0] = 2'00
    Consolidated identical input bits for $pmux cell $flatten\soc.\spimemio.$procmux$6582:
      Old ports: A=4'0000, B=20'00000001001000110100, Y=$flatten\soc.\spimemio.$procmux$6582_Y
      New ports: A=3'000, B=15'000001010011100, Y=$flatten\soc.\spimemio.$procmux$6582_Y [2:0]
      New connections: $flatten\soc.\spimemio.$procmux$6582_Y [3] = 1'0
    New ctrl vector for $pmux cell $flatten\soc.\spimemio.$procmux$6582: { \soc.spimemio.state [8] \soc.spimemio.state [5] \soc.spimemio.state [11] \soc.spimemio.state [3] }
    Consolidated identical input bits for $mux cell $flatten\soc.\cpu.$procmux$5396:
      Old ports: A={ 16'0000000000000000 \soc.cpu.mem_rdata [15:0] }, B={ 16'0000000000000000 \soc.cpu.mem_rdata [31:16] }, Y=$flatten\soc.\cpu.$2\mem_rdata_word[31:0]
      New ports: A=\soc.cpu.mem_rdata [15:0], B=\soc.cpu.mem_rdata [31:16], Y=$flatten\soc.\cpu.$2\mem_rdata_word[31:0] [15:0]
      New connections: $flatten\soc.\cpu.$2\mem_rdata_word[31:0] [31:16] = 16'0000000000000000
    Consolidated identical input bits for $mux cell $flatten\soc.\cpu.$ternary$../picorv32.v:382$1463:
      Old ports: A={ \soc.cpu.reg_op1 [31:2] 2'00 }, B={ \soc.cpu.next_pc [31:2] 2'00 }, Y=\soc.cpu.mem_la_addr
      New ports: A=\soc.cpu.reg_op1 [31:2], B=\soc.cpu.next_pc [31:2], Y=\soc.cpu.mem_la_addr [31:2]
      New connections: \soc.cpu.mem_la_addr [1:0] = 2'00
    New ctrl vector for $pmux cell $flatten\soc.\cpu.$procmux$3541: { \soc.cpu.cpu_state [3] $auto$opt_reduce.cc:137:opt_pmux$14811 }
    Consolidated identical input bits for $mux cell $flatten\soc.\cpu.$ternary$../picorv32.v:617$1538:
      Old ports: A=2'11, B=2'00, Y=$flatten\soc.\cpu.$procmux$5099_Y
      New ports: A=1'1, B=1'0, Y=$flatten\soc.\cpu.$procmux$5099_Y [0]
      New connections: $flatten\soc.\cpu.$procmux$5099_Y [1] = $flatten\soc.\cpu.$procmux$5099_Y [0]
    Consolidated identical input bits for $mux cell $flatten\soc.\spimemio.$ternary$spimemio.v:316$553:
      Old ports: A=7'1111111, B=7'0100101, Y=$auto$wreduce.cc:514:run$9191 [6:0]
      New ports: A=1'1, B=1'0, Y=$auto$wreduce.cc:514:run$9191 [1]
      New connections: { $auto$wreduce.cc:514:run$9191 [6:2] $auto$wreduce.cc:514:run$9191 [0] } = { $auto$wreduce.cc:514:run$9191 [1] 1'1 $auto$wreduce.cc:514:run$9191 [1] $auto$wreduce.cc:514:run$9191 [1] 2'11 }
    Consolidated identical input bits for $mux cell $flatten\soc.\spimemio.$ternary$spimemio.v:226$548:
      Old ports: A={ \soc.cpu.mem_addr [23:3] \soc.spimem_cache.gen_multi.fill_count 2'00 }, B={ $auto$wreduce.cc:514:run$9193 [23:2] 2'00 }, Y=$auto$wreduce.cc:514:run$9192 [23:0]
      New ports: A={ \soc.cpu.mem_addr [23:3] \soc.spimem_cache.gen_multi.fill_count }, B=$auto$wreduce.cc:514:run$9193 [23:2], Y=$auto$wreduce.cc:514:run$9192 [23:2]
      New connections: $auto$wreduce.cc:514:run$9192 [1:0] = 2'00
    Consolidated identical input bits for $mux cell $flatten\soc.\cpu.$ternary$../picorv32.v:411$1478:
      Old ports: A=4'0011, B=4'1100, Y=$flatten\soc.\cpu.$ternary$../picorv32.v:411$1478_Y
      New ports: A=2'01, B=2'10, Y={ $flatten\soc.\cpu.$ternary$../picorv32.v:411$1478_Y [2] $flatten\soc.\cpu.$ternary$../picorv32.v:411$1478_Y [0] }
      New connections: { $flatten\soc.\cpu.$ternary$../picorv32.v:411$1478_Y [3] $flatten\soc.\cpu.$ternary$../picorv32.v:411$1478_Y [1] } = { $flatten\soc.\cpu.$ternary$../picorv32.v:411$1478_Y [2] $flatten\soc.\cpu.$ternary$../picorv32.v:411$1478_Y [0] }
    Consolidated identical input bits for $mux cell $flatten\soc.\simpleuart.$ternary$simpleuart.v:53$481:
      Old ports: A=32'11111111111111111111111111111111, B={ 24'000000000000000000000000 \soc.simpleuart.recv_buf_data }, Y=\soc.simpleuart_reg_dat_do
      New ports: A=9'111111111, B={ 1'0 \soc.simpleuart.recv_buf_data }, Y=\soc.simpleuart_reg_dat_do [8:0]
      New connections: \soc.simpleuart_reg_dat_do [31:9] = { \soc.simpleuart_reg_dat_do [8] \soc.simpleuart_reg_dat_do [8] \soc.simpleuart_reg_dat_do [8] \soc.simpleuart_reg_dat_do [8] \soc.simpleuart_reg_dat_do [8] \soc.simpleuart_reg_dat_do [8] \soc.simpleuart_reg_dat_do [8] \soc.simpleuart_reg_dat_do [8] \soc.simpleuart_reg_dat_do [8] \soc.simpleuart_reg_dat_do [8] \soc.simpleuart_reg_dat_do [8] \soc.simpleuart_reg_dat_do [8] \soc.simpleuart_reg_dat_do [8] \soc.simpleuart_reg_dat_do [8] \soc.simpleuart_reg_dat_do [8] \soc.simpleuart_reg_dat_do [8] \soc.simpleuart_reg_dat_do [8] \soc.simpleuart_reg_dat_do [8] \soc.simpleuart_reg_dat_do [8] \soc.simpleuart_reg_dat_do [8] \soc.simpleuart_reg_dat_do [8] \soc.simpleuart_reg_dat_do [8] \soc.simpleuart_reg_dat_do [8] }
    Consolidated identical input bits for $mux cell $memory$flatten\seven_segment_ctrl.\lsb_nibble.$auto$proc_rom.cc:155:do_switch$2153$rdmux[0][3][7]$14752:
      Old ports: A=7'1111001, B=7'1110001, Y=$memory$flatten\seven_segment_ctrl.\lsb_nibble.$auto$proc_rom.cc:155:do_switch$2153$rdmux[0][2][3]$b$14730
      New ports: A=1'1, B=1'0, Y=$memory$flatten\seven_segment_ctrl.\lsb_nibble.$auto$proc_rom.cc:155:do_switch$2153$rdmux[0][2][3]$b$14730 [3]
      New connections: { $memory$flatten\seven_segment_ctrl.\lsb_nibble.$auto$proc_rom.cc:155:do_switch$2153$rdmux[0][2][3]$b$14730 [6:4] $memory$flatten\seven_segment_ctrl.\lsb_nibble.$auto$proc_rom.cc:155:do_switch$2153$rdmux[0][2][3]$b$14730 [2:0] } = 6'111001
    Consolidated identical input bits for $mux cell $memory$flatten\seven_segment_ctrl.\msb_nibble.$auto$proc_rom.cc:155:do_switch$2153$rdmux[0][3][7]$14797:
      Old ports: A=7'1111001, B=7'1110001, Y=$memory$flatten\seven_segment_ctrl.\msb_nibble.$auto$proc_rom.cc:155:do_switch$2153$rdmux[0][2][3]$b$14775
      New ports: A=1'1, B=1'0, Y=$memory$flatten\seven_segment_ctrl.\msb_nibble.$auto$proc_rom.cc:155:do_switch$2153$rdmux[0][2][3]$b$14775 [3]
      New connections: { $memory$flatten\seven_segment_ctrl.\msb_nibble.$auto$proc_rom.cc:155:do_switch$2153$rdmux[0][2][3]$b$14775 [6:4] $memory$flatten\seven_segment_ctrl.\msb_nibble.$auto$proc_rom.cc:155:do_switch$2153$rdmux[0][2][3]$b$14775 [2:0] } = 6'111001
    New input vector for $reduce_or cell $auto$opt_reduce.cc:131:opt_pmux$14810: { \soc.cpu.cpu_state [6] \soc.cpu.cpu_state [4] \soc.cpu.cpu_state [2] }
  Optimizing cells in module \icebreaker.
    Consolidated identical input bits for $mux cell $memory$flatten\seven_segment_ctrl.\msb_nibble.$auto$proc_rom.cc:155:do_switch$2153$rdmux[0][2][2]$14770:
      Old ports: A=$memory$flatten\seven_segment_ctrl.\msb_nibble.$auto$proc_rom.cc:155:do_switch$2153$rdmux[0][2][2]$a$14771, B=$memory$flatten\seven_segment_ctrl.\msb_nibble.$auto$proc_rom.cc:155:do_switch$2153$rdmux[0][2][2]$b$14772, Y=$memory$flatten\seven_segment_ctrl.\msb_nibble.$auto$proc_rom.cc:155:do_switch$2153$rdmux[0][1][1]$a$14762
      New ports: A={ $memory$flatten\seven_segment_ctrl.\msb_nibble.$auto$proc_rom.cc:155:do_switch$2153$rdmux[0][2][2]$a$14771 [4] 2'11 }, B={ 1'1 $memory$flatten\seven_segment_ctrl.\msb_nibble.$auto$proc_rom.cc:155:do_switch$2153$rdmux[0][2][2]$b$14772 [3] $memory$flatten\seven_segment_ctrl.\msb_nibble.$auto$proc_rom.cc:155:do_switch$2153$rdmux[0][2][2]$b$14772 [0] }, Y={ $memory$flatten\seven_segment_ctrl.\msb_nibble.$auto$proc_rom.cc:155:do_switch$2153$rdmux[0][1][1]$a$14762 [4:3] $memory$flatten\seven_segment_ctrl.\msb_nibble.$auto$proc_rom.cc:155:do_switch$2153$rdmux[0][1][1]$a$14762 [0] }
      New connections: { $memory$flatten\seven_segment_ctrl.\msb_nibble.$auto$proc_rom.cc:155:do_switch$2153$rdmux[0][1][1]$a$14762 [6:5] $memory$flatten\seven_segment_ctrl.\msb_nibble.$auto$proc_rom.cc:155:do_switch$2153$rdmux[0][1][1]$a$14762 [2:1] } = { 3'111 $memory$flatten\seven_segment_ctrl.\msb_nibble.$auto$proc_rom.cc:155:do_switch$2153$rdmux[0][1][1]$a$14762 [0] }
    Consolidated identical input bits for $mux cell $memory$flatten\seven_segment_ctrl.\lsb_nibble.$auto$proc_rom.cc:155:do_switch$2153$rdmux[0][2][2]$14725:
      Old ports: A=$memory$flatten\seven_segment_ctrl.\lsb_nibble.$auto$proc_rom.cc:155:do_switch$2153$rdmux[0][2][2]$a$14726, B=$memory$flatten\seven_segment_ctrl.\lsb_nibble.$auto$proc_rom.cc:155:do_switch$2153$rdmux[0][2][2]$b$14727, Y=$memory$flatten\seven_segment_ctrl.\lsb_nibble.$auto$proc_rom.cc:155:do_switch$2153$rdmux[0][1][1]$a$14717
      New ports: A={ $memory$flatten\seven_segment_ctrl.\lsb_nibble.$auto$proc_rom.cc:155:do_switch$2153$rdmux[0][2][2]$a$14726 [4] 2'11 }, B={ 1'1 $memory$flatten\seven_segment_ctrl.\lsb_nibble.$auto$proc_rom.cc:155:do_switch$2153$rdmux[0][2][2]$b$14727 [3] $memory$flatten\seven_segment_ctrl.\lsb_nibble.$auto$proc_rom.cc:155:do_switch$2153$rdmux[0][2][2]$b$14727 [0] }, Y={ $memory$flatten\seven_segment_ctrl.\lsb_nibble.$auto$proc_rom.cc:155:do_switch$2153$rdmux[0][1][1]$a$14717 [4:3] $memory$flatten\seven_segment_ctrl.\lsb_nibble.$auto$proc_rom.cc:155:do_switch$2153$rdmux[0][1][1]$a$14717 [0] }
      New connections: { $memory$flatten\seven_segment_ctrl.\lsb_nibble.$auto$proc_rom.cc:155:do_switch$2153$rdmux[0][1][1]$a$14717 [6:5] $memory$flatten\seven_segment_ctrl.\lsb_nibble.$auto$proc_rom.cc:155:do_switch$2153$rdmux[0][1][1]$a$14717 [2:1] } = { 3'111 $memory$flatten\seven_segment_ctrl.\lsb_nibble.$auto$proc_rom.cc:155:do_switch$2153$rdmux[0][1][1]$a$14717 [0] }
    Consolidated identical input bits for $mux cell $memory$flatten\seven_segment_ctrl.\lsb_nibble.$auto$proc_rom.cc:155:do_switch$2153$rdmux[0][2][3]$14728:
      Old ports: A=$memory$flatten\seven_segment_ctrl.\lsb_nibble.$auto$proc_rom.cc:155:do_switch$2153$rdmux[0][2][3]$a$14729, B=$memory$flatten\seven_segment_ctrl.\lsb_nibble.$auto$proc_rom.cc:155:do_switch$2153$rdmux[0][2][3]$b$14730, Y=$memory$flatten\seven_segment_ctrl.\lsb_nibble.$auto$proc_rom.cc:155:do_switch$2153$rdmux[0][1][1]$b$14718
      New ports: A={ $memory$flatten\seven_segment_ctrl.\lsb_nibble.$auto$proc_rom.cc:155:do_switch$2153$rdmux[0][2][3]$a$14729 [1] 1'1 $memory$flatten\seven_segment_ctrl.\lsb_nibble.$auto$proc_rom.cc:155:do_switch$2153$rdmux[0][2][3]$a$14729 [1:0] }, B={ 1'1 $memory$flatten\seven_segment_ctrl.\lsb_nibble.$auto$proc_rom.cc:155:do_switch$2153$rdmux[0][2][3]$b$14730 [3] 2'01 }, Y={ $memory$flatten\seven_segment_ctrl.\lsb_nibble.$auto$proc_rom.cc:155:do_switch$2153$rdmux[0][1][1]$b$14718 [6] $memory$flatten\seven_segment_ctrl.\lsb_nibble.$auto$proc_rom.cc:155:do_switch$2153$rdmux[0][1][1]$b$14718 [3] $memory$flatten\seven_segment_ctrl.\lsb_nibble.$auto$proc_rom.cc:155:do_switch$2153$rdmux[0][1][1]$b$14718 [1:0] }
      New connections: { $memory$flatten\seven_segment_ctrl.\lsb_nibble.$auto$proc_rom.cc:155:do_switch$2153$rdmux[0][1][1]$b$14718 [5:4] $memory$flatten\seven_segment_ctrl.\lsb_nibble.$auto$proc_rom.cc:155:do_switch$2153$rdmux[0][1][1]$b$14718 [2] } = { $memory$flatten\seven_segment_ctrl.\lsb_nibble.$auto$proc_rom.cc:155:do_switch$2153$rdmux[0][1][1]$b$14718 [0] 1'1 $memory$flatten\seven_segment_ctrl.\lsb_nibble.$auto$proc_rom.cc:155:do_switch$2153$rdmux[0][1][1]$b$14718 [1] }
    Consolidated identical input bits for $mux cell $memory$flatten\seven_segment_ctrl.\lsb_nibble.$auto$proc_rom.cc:155:do_switch$2153$rdmux[0][2][1]$14722:
      Old ports: A=$memory$flatten\seven_segment_ctrl.\lsb_nibble.$auto$proc_rom.cc:155:do_switch$2153$rdmux[0][2][1]$a$14723, B=$memory$flatten\seven_segment_ctrl.\lsb_nibble.$auto$proc_rom.cc:155:do_switch$2153$rdmux[0][2][1]$b$14724, Y=$memory$flatten\seven_segment_ctrl.\lsb_nibble.$auto$proc_rom.cc:155:do_switch$2153$rdmux[0][1][0]$b$14715
      New ports: A={ 2'10 $memory$flatten\seven_segment_ctrl.\lsb_nibble.$auto$proc_rom.cc:155:do_switch$2153$rdmux[0][2][1]$a$14723 [0] $memory$flatten\seven_segment_ctrl.\lsb_nibble.$auto$proc_rom.cc:155:do_switch$2153$rdmux[0][2][1]$a$14723 [1:0] }, B={ $memory$flatten\seven_segment_ctrl.\lsb_nibble.$auto$proc_rom.cc:155:do_switch$2153$rdmux[0][2][1]$b$14724 [3] $memory$flatten\seven_segment_ctrl.\lsb_nibble.$auto$proc_rom.cc:155:do_switch$2153$rdmux[0][2][1]$b$14724 [3] $memory$flatten\seven_segment_ctrl.\lsb_nibble.$auto$proc_rom.cc:155:do_switch$2153$rdmux[0][2][1]$b$14724 [3] $memory$flatten\seven_segment_ctrl.\lsb_nibble.$auto$proc_rom.cc:155:do_switch$2153$rdmux[0][2][1]$b$14724 [1] 1'1 }, Y={ $memory$flatten\seven_segment_ctrl.\lsb_nibble.$auto$proc_rom.cc:155:do_switch$2153$rdmux[0][1][0]$b$14715 [5:3] $memory$flatten\seven_segment_ctrl.\lsb_nibble.$auto$proc_rom.cc:155:do_switch$2153$rdmux[0][1][0]$b$14715 [1:0] }
      New connections: { $memory$flatten\seven_segment_ctrl.\lsb_nibble.$auto$proc_rom.cc:155:do_switch$2153$rdmux[0][1][0]$b$14715 [6] $memory$flatten\seven_segment_ctrl.\lsb_nibble.$auto$proc_rom.cc:155:do_switch$2153$rdmux[0][1][0]$b$14715 [2] } = { $memory$flatten\seven_segment_ctrl.\lsb_nibble.$auto$proc_rom.cc:155:do_switch$2153$rdmux[0][1][0]$b$14715 [5] 1'1 }
    Consolidated identical input bits for $mux cell $memory$flatten\seven_segment_ctrl.\lsb_nibble.$auto$proc_rom.cc:155:do_switch$2153$rdmux[0][2][0]$14719:
      Old ports: A=$memory$flatten\seven_segment_ctrl.\lsb_nibble.$auto$proc_rom.cc:155:do_switch$2153$rdmux[0][2][0]$a$14720, B=$memory$flatten\seven_segment_ctrl.\lsb_nibble.$auto$proc_rom.cc:155:do_switch$2153$rdmux[0][2][0]$b$14721, Y=$memory$flatten\seven_segment_ctrl.\lsb_nibble.$auto$proc_rom.cc:155:do_switch$2153$rdmux[0][1][0]$a$14714
      New ports: A={ 1'0 $memory$flatten\seven_segment_ctrl.\lsb_nibble.$auto$proc_rom.cc:155:do_switch$2153$rdmux[0][2][0]$a$14720 [0] $memory$flatten\seven_segment_ctrl.\lsb_nibble.$auto$proc_rom.cc:155:do_switch$2153$rdmux[0][2][0]$a$14720 [0] 1'1 $memory$flatten\seven_segment_ctrl.\lsb_nibble.$auto$proc_rom.cc:155:do_switch$2153$rdmux[0][2][0]$a$14720 [0] }, B={ 2'10 $memory$flatten\seven_segment_ctrl.\lsb_nibble.$auto$proc_rom.cc:155:do_switch$2153$rdmux[0][2][0]$b$14721 [4] $memory$flatten\seven_segment_ctrl.\lsb_nibble.$auto$proc_rom.cc:155:do_switch$2153$rdmux[0][2][0]$b$14721 [2] 1'1 }, Y={ $memory$flatten\seven_segment_ctrl.\lsb_nibble.$auto$proc_rom.cc:155:do_switch$2153$rdmux[0][1][0]$a$14714 [6:4] $memory$flatten\seven_segment_ctrl.\lsb_nibble.$auto$proc_rom.cc:155:do_switch$2153$rdmux[0][1][0]$a$14714 [2] $memory$flatten\seven_segment_ctrl.\lsb_nibble.$auto$proc_rom.cc:155:do_switch$2153$rdmux[0][1][0]$a$14714 [0] }
      New connections: { $memory$flatten\seven_segment_ctrl.\lsb_nibble.$auto$proc_rom.cc:155:do_switch$2153$rdmux[0][1][0]$a$14714 [3] $memory$flatten\seven_segment_ctrl.\lsb_nibble.$auto$proc_rom.cc:155:do_switch$2153$rdmux[0][1][0]$a$14714 [1] } = { $memory$flatten\seven_segment_ctrl.\lsb_nibble.$auto$proc_rom.cc:155:do_switch$2153$rdmux[0][1][0]$a$14714 [0] 1'1 }
    Consolidated identical input bits for $mux cell $memory$flatten\seven_segment_ctrl.\msb_nibble.$auto$proc_rom.cc:155:do_switch$2153$rdmux[0][2][3]$14773:
      Old ports: A=$memory$flatten\seven_segment_ctrl.\msb_nibble.$auto$proc_rom.cc:155:do_switch$2153$rdmux[0][2][3]$a$14774, B=$memory$flatten\seven_segment_ctrl.\msb_nibble.$auto$proc_rom.cc:155:do_switch$2153$rdmux[0][2][3]$b$14775, Y=$memory$flatten\seven_segment_ctrl.\msb_nibble.$auto$proc_rom.cc:155:do_switch$2153$rdmux[0][1][1]$b$14763
      New ports: A={ $memory$flatten\seven_segment_ctrl.\msb_nibble.$auto$proc_rom.cc:155:do_switch$2153$rdmux[0][2][3]$a$14774 [1] 1'1 $memory$flatten\seven_segment_ctrl.\msb_nibble.$auto$proc_rom.cc:155:do_switch$2153$rdmux[0][2][3]$a$14774 [1:0] }, B={ 1'1 $memory$flatten\seven_segment_ctrl.\msb_nibble.$auto$proc_rom.cc:155:do_switch$2153$rdmux[0][2][3]$b$14775 [3] 2'01 }, Y={ $memory$flatten\seven_segment_ctrl.\msb_nibble.$auto$proc_rom.cc:155:do_switch$2153$rdmux[0][1][1]$b$14763 [6] $memory$flatten\seven_segment_ctrl.\msb_nibble.$auto$proc_rom.cc:155:do_switch$2153$rdmux[0][1][1]$b$14763 [3] $memory$flatten\seven_segment_ctrl.\msb_nibble.$auto$proc_rom.cc:155:do_switch$2153$rdmux[0][1][1]$b$14763 [1:0] }
      New connections: { $memory$flatten\seven_segment_ctrl.\msb_nibble.$auto$proc_rom.cc:155:do_switch$2153$rdmux[0][1][1]$b$14763 [5:4] $memory$flatten\seven_segment_ctrl.\msb_nibble.$auto$proc_rom.cc:155:do_switch$2153$rdmux[0][1][1]$b$14763 [2] } = { $memory$flatten\seven_segment_ctrl.\msb_nibble.$auto$proc_rom.cc:155:do_switch$2153$rdmux[0][1][1]$b$14763 [0] 1'1 $memory$flatten\seven_segment_ctrl.\msb_nibble.$auto$proc_rom.cc:155:do_switch$2153$rdmux[0][1][1]$b$14763 [1] }
    Consolidated identical input bits for $mux cell $memory$flatten\seven_segment_ctrl.\msb_nibble.$auto$proc_rom.cc:155:do_switch$2153$rdmux[0][2][1]$14767:
      Old ports: A=$memory$flatten\seven_segment_ctrl.\msb_nibble.$auto$proc_rom.cc:155:do_switch$2153$rdmux[0][2][1]$a$14768, B=$memory$flatten\seven_segment_ctrl.\msb_nibble.$auto$proc_rom.cc:155:do_switch$2153$rdmux[0][2][1]$b$14769, Y=$memory$flatten\seven_segment_ctrl.\msb_nibble.$auto$proc_rom.cc:155:do_switch$2153$rdmux[0][1][0]$b$14760
      New ports: A={ 2'10 $memory$flatten\seven_segment_ctrl.\msb_nibble.$auto$proc_rom.cc:155:do_switch$2153$rdmux[0][2][1]$a$14768 [0] $memory$flatten\seven_segment_ctrl.\msb_nibble.$auto$proc_rom.cc:155:do_switch$2153$rdmux[0][2][1]$a$14768 [1:0] }, B={ $memory$flatten\seven_segment_ctrl.\msb_nibble.$auto$proc_rom.cc:155:do_switch$2153$rdmux[0][2][1]$b$14769 [3] $memory$flatten\seven_segment_ctrl.\msb_nibble.$auto$proc_rom.cc:155:do_switch$2153$rdmux[0][2][1]$b$14769 [3] $memory$flatten\seven_segment_ctrl.\msb_nibble.$auto$proc_rom.cc:155:do_switch$2153$rdmux[0][2][1]$b$14769 [3] $memory$flatten\seven_segment_ctrl.\msb_nibble.$auto$proc_rom.cc:155:do_switch$2153$rdmux[0][2][1]$b$14769 [1] 1'1 }, Y={ $memory$flatten\seven_segment_ctrl.\msb_nibble.$auto$proc_rom.cc:155:do_switch$2153$rdmux[0][1][0]$b$14760 [5:3] $memory$flatten\seven_segment_ctrl.\msb_nibble.$auto$proc_rom.cc:155:do_switch$2153$rdmux[0][1][0]$b$14760 [1:0] }
      New connections: { $memory$flatten\seven_segment_ctrl.\msb_nibble.$auto$proc_rom.cc:155:do_switch$2153$rdmux[0][1][0]$b$14760 [6] $memory$flatten\seven_segment_ctrl.\msb_nibble.$auto$proc_rom.cc:155:do_switch$2153$rdmux[0][1][0]$b$14760 [2] } = { $memory$flatten\seven_segment_ctrl.\msb_nibble.$auto$proc_rom.cc:155:do_switch$2153$rdmux[0][1][0]$b$14760 [5] 1'1 }
    Consolidated identical input bits for $mux cell $memory$flatten\seven_segment_ctrl.\msb_nibble.$auto$proc_rom.cc:155:do_switch$2153$rdmux[0][2][0]$14764:
      Old ports: A=$memory$flatten\seven_segment_ctrl.\msb_nibble.$auto$proc_rom.cc:155:do_switch$2153$rdmux[0][2][0]$a$14765, B=$memory$flatten\seven_segment_ctrl.\msb_nibble.$auto$proc_rom.cc:155:do_switch$2153$rdmux[0][2][0]$b$14766, Y=$memory$flatten\seven_segment_ctrl.\msb_nibble.$auto$proc_rom.cc:155:do_switch$2153$rdmux[0][1][0]$a$14759
      New ports: A={ 1'0 $memory$flatten\seven_segment_ctrl.\msb_nibble.$auto$proc_rom.cc:155:do_switch$2153$rdmux[0][2][0]$a$14765 [0] $memory$flatten\seven_segment_ctrl.\msb_nibble.$auto$proc_rom.cc:155:do_switch$2153$rdmux[0][2][0]$a$14765 [0] 1'1 $memory$flatten\seven_segment_ctrl.\msb_nibble.$auto$proc_rom.cc:155:do_switch$2153$rdmux[0][2][0]$a$14765 [0] }, B={ 2'10 $memory$flatten\seven_segment_ctrl.\msb_nibble.$auto$proc_rom.cc:155:do_switch$2153$rdmux[0][2][0]$b$14766 [4] $memory$flatten\seven_segment_ctrl.\msb_nibble.$auto$proc_rom.cc:155:do_switch$2153$rdmux[0][2][0]$b$14766 [2] 1'1 }, Y={ $memory$flatten\seven_segment_ctrl.\msb_nibble.$auto$proc_rom.cc:155:do_switch$2153$rdmux[0][1][0]$a$14759 [6:4] $memory$flatten\seven_segment_ctrl.\msb_nibble.$auto$proc_rom.cc:155:do_switch$2153$rdmux[0][1][0]$a$14759 [2] $memory$flatten\seven_segment_ctrl.\msb_nibble.$auto$proc_rom.cc:155:do_switch$2153$rdmux[0][1][0]$a$14759 [0] }
      New connections: { $memory$flatten\seven_segment_ctrl.\msb_nibble.$auto$proc_rom.cc:155:do_switch$2153$rdmux[0][1][0]$a$14759 [3] $memory$flatten\seven_segment_ctrl.\msb_nibble.$auto$proc_rom.cc:155:do_switch$2153$rdmux[0][1][0]$a$14759 [1] } = { $memory$flatten\seven_segment_ctrl.\msb_nibble.$auto$proc_rom.cc:155:do_switch$2153$rdmux[0][1][0]$a$14759 [0] 1'1 }
    Consolidated identical input bits for $mux cell $flatten\soc.\cpu.$procmux$4111:
      Old ports: A={ $flatten\soc.\cpu.$3\current_pc[31:0] [31:2] $auto$alumacc.cc:528:replace_alu$9379 [1] $auto$alumacc.cc:528:replace_alu$9373 [0] }, B=$flatten\soc.\cpu.$procmux$4109_Y, Y=$flatten\soc.\cpu.$procmux$4111_Y
      New ports: A={ $flatten\soc.\cpu.$3\current_pc[31:0] [31:2] $auto$alumacc.cc:528:replace_alu$9379 [1] }, B=$flatten\soc.\cpu.$procmux$4109_Y [31:1], Y=$flatten\soc.\cpu.$procmux$4111_Y [31:1]
      New connections: $flatten\soc.\cpu.$procmux$4111_Y [0] = $auto$alumacc.cc:528:replace_alu$9373 [0]
    Consolidated identical input bits for $mux cell $flatten\soc.\spimemio.$procmux$6603:
      Old ports: A={ 1'1 $auto$wreduce.cc:514:run$9191 [6:0] }, B={ 4'0000 \soc.spimemio.config_dummy }, Y=$flatten\soc.\spimemio.$procmux$6603_Y
      New ports: A={ 1'1 $auto$wreduce.cc:514:run$9191 [1] $auto$wreduce.cc:514:run$9191 [1] 1'1 $auto$wreduce.cc:514:run$9191 [1] 1'1 }, B={ 2'00 \soc.spimemio.config_dummy }, Y=$flatten\soc.\spimemio.$procmux$6603_Y [5:0]
      New connections: $flatten\soc.\spimemio.$procmux$6603_Y [7:6] = $flatten\soc.\spimemio.$procmux$6603_Y [5:4]
  Optimizing cells in module \icebreaker.
    Consolidated identical input bits for $mux cell $flatten\soc.\cpu.$procmux$4117:
      Old ports: A=$flatten\soc.\cpu.$procmux$4111_Y, B=$flatten\soc.\cpu.$procmux$4115_Y, Y=$flatten\soc.\cpu.$procmux$4117_Y
      New ports: A=$flatten\soc.\cpu.$procmux$4111_Y [31:1], B={ $flatten\soc.\cpu.$procmux$4115_Y [31:2] $auto$alumacc.cc:528:replace_alu$9379 [1] }, Y=$flatten\soc.\cpu.$procmux$4117_Y [31:1]
      New connections: $flatten\soc.\cpu.$procmux$4117_Y [0] = $auto$alumacc.cc:528:replace_alu$9373 [0]
  Optimizing cells in module \icebreaker.
    Consolidated identical input bits for $mux cell $flatten\soc.\cpu.$procmux$4120:
      Old ports: A=$flatten\soc.\cpu.$procmux$4117_Y, B={ $flatten\soc.\cpu.$3\current_pc[31:0] [31:2] $auto$alumacc.cc:528:replace_alu$9379 [1] $auto$alumacc.cc:528:replace_alu$9373 [0] }, Y=$flatten\soc.\cpu.$procmux$4120_Y
      New ports: A=$flatten\soc.\cpu.$procmux$4117_Y [31:1], B={ $flatten\soc.\cpu.$3\current_pc[31:0] [31:2] $auto$alumacc.cc:528:replace_alu$9379 [1] }, Y=$flatten\soc.\cpu.$procmux$4120_Y [31:1]
      New connections: $flatten\soc.\cpu.$procmux$4120_Y [0] = $auto$alumacc.cc:528:replace_alu$9373 [0]
  Optimizing cells in module \icebreaker.
Performed a total of 56 changes.

7.36.5. Executing OPT_MERGE pass (detect identical cells).
Finding identical cells in module `\icebreaker'.
Computing hashes of 3066 cells of `\icebreaker'.
Finding duplicate cells in `\icebreaker'.
Computing hashes of 3053 cells of `\icebreaker'.
Finding duplicate cells in `\icebreaker'.
<suppressed ~39 debug messages>
Removed a total of 13 cells.

7.36.6. Executing OPT_DFF pass (perform DFF optimizations).

7.36.7. Executing OPT_CLEAN pass (remove unused cells and wires).
Finding unused cells or wires in module \icebreaker..
Removed 0 unused cells and 1345 unused wires.
<suppressed ~1 debug messages>

7.36.8. Executing OPT_EXPR pass (perform const folding).
Optimizing module icebreaker.

7.36.9. Rerunning OPT passes. (Maybe there is more to do..)

7.36.10. Executing OPT_MUXTREE pass (detect dead branches in mux trees).
Running muxtree optimizer on module \icebreaker..
  Creating internal representation of mux trees.
  Evaluating internal representation of mux trees.
  Analyzing evaluation results.
Removed 0 multiplexer ports.
<suppressed ~1529 debug messages>

7.36.11. Executing OPT_REDUCE pass (consolidate $*mux and $reduce_* inputs).
  Optimizing cells in module \icebreaker.
Performed a total of 0 changes.

7.36.12. Executing OPT_MERGE pass (detect identical cells).
Finding identical cells in module `\icebreaker'.
Computing hashes of 3053 cells of `\icebreaker'.
Finding duplicate cells in `\icebreaker'.
Removed a total of 0 cells.

7.36.13. Executing OPT_DFF pass (perform DFF optimizations).
Adding SRST signal on $auto$ff.cc:337:slice$8886 ($dffe) from module icebreaker (D = \soc.spimemio.din_data [0], Q = \soc.spimemio.xfer.obuffer [0], rval = 1'0).
Adding SRST signal on $memory\soc.spimem_cache.cache_valid[0]$9715 ($dff) from module icebreaker (D = $memory\soc.spimem_cache.cache_valid$wrmux[0][0][0]$y$10997, Q = \soc.spimem_cache.cache_valid[0], rval = 1'1).
Adding EN signal on $auto$ff.cc:337:slice$14814 ($sdff) from module icebreaker (D = 1'0, Q = \soc.spimem_cache.cache_valid[0]).
Adding SRST signal on $memory\soc.spimem_cache.cache_valid[1]$9717 ($dff) from module icebreaker (D = $memory\soc.spimem_cache.cache_valid$wrmux[1][0][0]$y$11041, Q = \soc.spimem_cache.cache_valid[1], rval = 1'1).
Adding EN signal on $auto$ff.cc:337:slice$14816 ($sdff) from module icebreaker (D = 1'0, Q = \soc.spimem_cache.cache_valid[1]).
Adding SRST signal on $memory\soc.spimem_cache.cache_valid[2]$9719 ($dff) from module icebreaker (D = $memory\soc.spimem_cache.cache_valid$wrmux[2][0][0]$y$11061, Q = \soc.spimem_cache.cache_valid[2], rval = 1'1).
Adding EN signal on $auto$ff.cc:337:slice$14818 ($sdff) from module icebreaker (D = 1'0, Q = \soc.spimem_cache.cache_valid[2]).
Adding SRST signal on $memory\soc.spimem_cache.cache_valid[3]$9721 ($dff) from module icebreaker (D = $memory\soc.spimem_cache.cache_valid$wrmux[3][0][0]$y$11081, Q = \soc.spimem_cache.cache_valid[3], rval = 1'1).
Adding EN signal on $auto$ff.cc:337:slice$14820 ($sdff) from module icebreaker (D = 1'0, Q = \soc.spimem_cache.cache_valid[3]).
Adding SRST signal on $memory\soc.spimem_cache.cache_valid[4]$9723 ($dff) from module icebreaker (D = $memory\soc.spimem_cache.cache_valid$wrmux[4][0][0]$y$11099, Q = \soc.spimem_cache.cache_valid[4], rval = 1'1).
Adding EN signal on $auto$ff.cc:337:slice$14822 ($sdff) from module icebreaker (D = 1'0, Q = \soc.spimem_cache.cache_valid[4]).
Adding SRST signal on $memory\soc.spimem_cache.cache_valid[5]$9725 ($dff) from module icebreaker (D = $memory\soc.spimem_cache.cache_valid$wrmux[5][0][0]$y$11119, Q = \soc.spimem_cache.cache_valid[5], rval = 1'1).
Adding EN signal on $auto$ff.cc:337:slice$14824 ($sdff) from module icebreaker (D = 1'0, Q = \soc.spimem_cache.cache_valid[5]).
Adding SRST signal on $memory\soc.spimem_cache.cache_valid[6]$9727 ($dff) from module icebreaker (D = $memory\soc.spimem_cache.cache_valid$wrmux[6][0][0]$y$11135, Q = \soc.spimem_cache.cache_valid[6], rval = 1'1).
Adding EN signal on $auto$ff.cc:337:slice$14826 ($sdff) from module icebreaker (D = 1'0, Q = \soc.spimem_cache.cache_valid[6]).
Adding SRST signal on $memory\soc.spimem_cache.cache_valid[7]$9729 ($dff) from module icebreaker (D = $memory\soc.spimem_cache.cache_valid$wrmux[7][0][0]$y$11151, Q = \soc.spimem_cache.cache_valid[7], rval = 1'1).
Adding EN signal on $auto$ff.cc:337:slice$14828 ($sdff) from module icebreaker (D = 1'0, Q = \soc.spimem_cache.cache_valid[7]).
Adding SRST signal on $memory\soc.spimem_cache.cache_valid[8]$9731 ($dff) from module icebreaker (D = $memory\soc.spimem_cache.cache_valid$wrmux[8][0][0]$y$11167, Q = \soc.spimem_cache.cache_valid[8], rval = 1'1).
Adding EN signal on $auto$ff.cc:337:slice$14830 ($sdff) from module icebreaker (D = 1'0, Q = \soc.spimem_cache.cache_valid[8]).
Adding SRST signal on $memory\soc.spimem_cache.cache_valid[9]$9733 ($dff) from module icebreaker (D = $memory\soc.spimem_cache.cache_valid$wrmux[9][0][0]$y$11187, Q = \soc.spimem_cache.cache_valid[9], rval = 1'1).
Adding EN signal on $auto$ff.cc:337:slice$14832 ($sdff) from module icebreaker (D = 1'0, Q = \soc.spimem_cache.cache_valid[9]).
Adding SRST signal on $memory\soc.spimem_cache.cache_valid[10]$9735 ($dff) from module icebreaker (D = $memory\soc.spimem_cache.cache_valid$wrmux[10][0][0]$y$11203, Q = \soc.spimem_cache.cache_valid[10], rval = 1'1).
Adding EN signal on $auto$ff.cc:337:slice$14834 ($sdff) from module icebreaker (D = 1'0, Q = \soc.spimem_cache.cache_valid[10]).
Adding SRST signal on $memory\soc.spimem_cache.cache_valid[11]$9737 ($dff) from module icebreaker (D = $memory\soc.spimem_cache.cache_valid$wrmux[11][0][0]$y$11219, Q = \soc.spimem_cache.cache_valid[11], rval = 1'1).
Adding EN signal on $auto$ff.cc:337:slice$14836 ($sdff) from module icebreaker (D = 1'0, Q = \soc.spimem_cache.cache_valid[11]).
Adding SRST signal on $memory\soc.spimem_cache.cache_valid[12]$9739 ($dff) from module icebreaker (D = $memory\soc.spimem_cache.cache_valid$wrmux[12][0][0]$y$11235, Q = \soc.spimem_cache.cache_valid[12], rval = 1'1).
Adding EN signal on $auto$ff.cc:337:slice$14838 ($sdff) from module icebreaker (D = 1'0, Q = \soc.spimem_cache.cache_valid[12]).
Adding SRST signal on $memory\soc.spimem_cache.cache_valid[13]$9741 ($dff) from module icebreaker (D = $memory\soc.spimem_cache.cache_valid$wrmux[13][0][0]$y$11253, Q = \soc.spimem_cache.cache_valid[13], rval = 1'1).
Adding EN signal on $auto$ff.cc:337:slice$14840 ($sdff) from module icebreaker (D = 1'0, Q = \soc.spimem_cache.cache_valid[13]).
Adding SRST signal on $memory\soc.spimem_cache.cache_valid[14]$9743 ($dff) from module icebreaker (D = $memory\soc.spimem_cache.cache_valid$wrmux[14][0][0]$y$11269, Q = \soc.spimem_cache.cache_valid[14], rval = 1'1).
Adding EN signal on $auto$ff.cc:337:slice$14842 ($sdff) from module icebreaker (D = 1'0, Q = \soc.spimem_cache.cache_valid[14]).
Adding SRST signal on $memory\soc.spimem_cache.cache_valid[15]$9745 ($dff) from module icebreaker (D = $memory\soc.spimem_cache.cache_valid$wrmux[15][0][0]$y$11285, Q = \soc.spimem_cache.cache_valid[15], rval = 1'1).
Adding EN signal on $auto$ff.cc:337:slice$14844 ($sdff) from module icebreaker (D = 1'0, Q = \soc.spimem_cache.cache_valid[15]).
Adding SRST signal on $memory\soc.spimem_cache.cache_valid[16]$9747 ($dff) from module icebreaker (D = $memory\soc.spimem_cache.cache_valid$wrmux[16][0][0]$y$11301, Q = \soc.spimem_cache.cache_valid[16], rval = 1'1).
Adding EN signal on $auto$ff.cc:337:slice$14846 ($sdff) from module icebreaker (D = 1'0, Q = \soc.spimem_cache.cache_valid[16]).
Adding SRST signal on $memory\soc.spimem_cache.cache_valid[17]$9749 ($dff) from module icebreaker (D = $memory\soc.spimem_cache.cache_valid$wrmux[17][0][0]$y$11321, Q = \soc.spimem_cache.cache_valid[17], rval = 1'1).
Adding EN signal on $auto$ff.cc:337:slice$14848 ($sdff) from module icebreaker (D = 1'0, Q = \soc.spimem_cache.cache_valid[17]).
Adding SRST signal on $memory\soc.spimem_cache.cache_valid[18]$9751 ($dff) from module icebreaker (D = $memory\soc.spimem_cache.cache_valid$wrmux[18][0][0]$y$11335, Q = \soc.spimem_cache.cache_valid[18], rval = 1'1).
Adding EN signal on $auto$ff.cc:337:slice$14850 ($sdff) from module icebreaker (D = 1'0, Q = \soc.spimem_cache.cache_valid[18]).
Adding SRST signal on $memory\soc.spimem_cache.cache_valid[19]$9753 ($dff) from module icebreaker (D = $memory\soc.spimem_cache.cache_valid$wrmux[19][0][0]$y$11349, Q = \soc.spimem_cache.cache_valid[19], rval = 1'1).
Adding EN signal on $auto$ff.cc:337:slice$14852 ($sdff) from module icebreaker (D = 1'0, Q = \soc.spimem_cache.cache_valid[19]).
Adding SRST signal on $memory\soc.spimem_cache.cache_valid[20]$9755 ($dff) from module icebreaker (D = $memory\soc.spimem_cache.cache_valid$wrmux[20][0][0]$y$11363, Q = \soc.spimem_cache.cache_valid[20], rval = 1'1).
Adding EN signal on $auto$ff.cc:337:slice$14854 ($sdff) from module icebreaker (D = 1'0, Q = \soc.spimem_cache.cache_valid[20]).
Adding SRST signal on $memory\soc.spimem_cache.cache_valid[21]$9757 ($dff) from module icebreaker (D = $memory\soc.spimem_cache.cache_valid$wrmux[21][0][0]$y$11377, Q = \soc.spimem_cache.cache_valid[21], rval = 1'1).
Adding EN signal on $auto$ff.cc:337:slice$14856 ($sdff) from module icebreaker (D = 1'0, Q = \soc.spimem_cache.cache_valid[21]).
Adding SRST signal on $memory\soc.spimem_cache.cache_valid[22]$9759 ($dff) from module icebreaker (D = $memory\soc.spimem_cache.cache_valid$wrmux[22][0][0]$y$11391, Q = \soc.spimem_cache.cache_valid[22], rval = 1'1).
Adding EN signal on $auto$ff.cc:337:slice$14858 ($sdff) from module icebreaker (D = 1'0, Q = \soc.spimem_cache.cache_valid[22]).
Adding SRST signal on $memory\soc.spimem_cache.cache_valid[23]$9761 ($dff) from module icebreaker (D = $memory\soc.spimem_cache.cache_valid$wrmux[23][0][0]$y$11405, Q = \soc.spimem_cache.cache_valid[23], rval = 1'1).
Adding EN signal on $auto$ff.cc:337:slice$14860 ($sdff) from module icebreaker (D = 1'0, Q = \soc.spimem_cache.cache_valid[23]).
Adding SRST signal on $memory\soc.spimem_cache.cache_valid[24]$9763 ($dff) from module icebreaker (D = $memory\soc.spimem_cache.cache_valid$wrmux[24][0][0]$y$11419, Q = \soc.spimem_cache.cache_valid[24], rval = 1'1).
Adding EN signal on $auto$ff.cc:337:slice$14862 ($sdff) from module icebreaker (D = 1'0, Q = \soc.spimem_cache.cache_valid[24]).
Adding SRST signal on $memory\soc.spimem_cache.cache_valid[25]$9765 ($dff) from module icebreaker (D = $memory\soc.spimem_cache.cache_valid$wrmux[25][0][0]$y$11433, Q = \soc.spimem_cache.cache_valid[25], rval = 1'1).
Adding EN signal on $auto$ff.cc:337:slice$14864 ($sdff) from module icebreaker (D = 1'0, Q = \soc.spimem_cache.cache_valid[25]).
Adding SRST signal on $memory\soc.spimem_cache.cache_valid[26]$9767 ($dff) from module icebreaker (D = $memory\soc.spimem_cache.cache_valid$wrmux[26][0][0]$y$11447, Q = \soc.spimem_cache.cache_valid[26], rval = 1'1).
Adding EN signal on $auto$ff.cc:337:slice$14866 ($sdff) from module icebreaker (D = 1'0, Q = \soc.spimem_cache.cache_valid[26]).
Adding SRST signal on $memory\soc.spimem_cache.cache_valid[27]$9769 ($dff) from module icebreaker (D = $memory\soc.spimem_cache.cache_valid$wrmux[27][0][0]$y$11461, Q = \soc.spimem_cache.cache_valid[27], rval = 1'1).
Adding EN signal on $auto$ff.cc:337:slice$14868 ($sdff) from module icebreaker (D = 1'0, Q = \soc.spimem_cache.cache_valid[27]).
Adding SRST signal on $memory\soc.spimem_cache.cache_valid[28]$9771 ($dff) from module icebreaker (D = $memory\soc.spimem_cache.cache_valid$wrmux[28][0][0]$y$11475, Q = \soc.spimem_cache.cache_valid[28], rval = 1'1).
Adding EN signal on $auto$ff.cc:337:slice$14870 ($sdff) from module icebreaker (D = 1'0, Q = \soc.spimem_cache.cache_valid[28]).
Adding SRST signal on $memory\soc.spimem_cache.cache_valid[29]$9773 ($dff) from module icebreaker (D = $memory\soc.spimem_cache.cache_valid$wrmux[29][0][0]$y$11489, Q = \soc.spimem_cache.cache_valid[29], rval = 1'1).
Adding EN signal on $auto$ff.cc:337:slice$14872 ($sdff) from module icebreaker (D = 1'0, Q = \soc.spimem_cache.cache_valid[29]).
Adding SRST signal on $memory\soc.spimem_cache.cache_valid[30]$9775 ($dff) from module icebreaker (D = $memory\soc.spimem_cache.cache_valid$wrmux[30][0][0]$y$11503, Q = \soc.spimem_cache.cache_valid[30], rval = 1'1).
Adding EN signal on $auto$ff.cc:337:slice$14874 ($sdff) from module icebreaker (D = 1'0, Q = \soc.spimem_cache.cache_valid[30]).
Adding SRST signal on $memory\soc.spimem_cache.cache_valid[31]$9777 ($dff) from module icebreaker (D = $memory\soc.spimem_cache.cache_valid$wrmux[31][0][0]$y$11517, Q = \soc.spimem_cache.cache_valid[31], rval = 1'1).
Adding EN signal on $auto$ff.cc:337:slice$14876 ($sdff) from module icebreaker (D = 1'0, Q = \soc.spimem_cache.cache_valid[31]).
Adding SRST signal on $memory\soc.spimem_cache.cache_valid[32]$9779 ($dff) from module icebreaker (D = $memory\soc.spimem_cache.cache_valid$wrmux[32][0][0]$y$11531, Q = \soc.spimem_cache.cache_valid[32], rval = 1'1).
Adding EN signal on $auto$ff.cc:337:slice$14878 ($sdff) from module icebreaker (D = 1'0, Q = \soc.spimem_cache.cache_valid[32]).
Adding SRST signal on $memory\soc.spimem_cache.cache_valid[33]$9781 ($dff) from module icebreaker (D = $memory\soc.spimem_cache.cache_valid$wrmux[33][0][0]$y$11551, Q = \soc.spimem_cache.cache_valid[33], rval = 1'1).
Adding EN signal on $auto$ff.cc:337:slice$14880 ($sdff) from module icebreaker (D = 1'0, Q = \soc.spimem_cache.cache_valid[33]).
Adding SRST signal on $memory\soc.spimem_cache.cache_valid[34]$9783 ($dff) from module icebreaker (D = $memory\soc.spimem_cache.cache_valid$wrmux[34][0][0]$y$11565, Q = \soc.spimem_cache.cache_valid[34], rval = 1'1).
Adding EN signal on $auto$ff.cc:337:slice$14882 ($sdff) from module icebreaker (D = 1'0, Q = \soc.spimem_cache.cache_valid[34]).
Adding SRST signal on $memory\soc.spimem_cache.cache_valid[35]$9785 ($dff) from module icebreaker (D = $memory\soc.spimem_cache.cache_valid$wrmux[35][0][0]$y$11579, Q = \soc.spimem_cache.cache_valid[35], rval = 1'1).
Adding EN signal on $auto$ff.cc:337:slice$14884 ($sdff) from module icebreaker (D = 1'0, Q = \soc.spimem_cache.cache_valid[35]).
Adding SRST signal on $memory\soc.spimem_cache.cache_valid[36]$9787 ($dff) from module icebreaker (D = $memory\soc.spimem_cache.cache_valid$wrmux[36][0][0]$y$11593, Q = \soc.spimem_cache.cache_valid[36], rval = 1'1).
Adding EN signal on $auto$ff.cc:337:slice$14886 ($sdff) from module icebreaker (D = 1'0, Q = \soc.spimem_cache.cache_valid[36]).
Adding SRST signal on $memory\soc.spimem_cache.cache_valid[37]$9789 ($dff) from module icebreaker (D = $memory\soc.spimem_cache.cache_valid$wrmux[37][0][0]$y$11607, Q = \soc.spimem_cache.cache_valid[37], rval = 1'1).
Adding EN signal on $auto$ff.cc:337:slice$14888 ($sdff) from module icebreaker (D = 1'0, Q = \soc.spimem_cache.cache_valid[37]).
Adding SRST signal on $memory\soc.spimem_cache.cache_valid[38]$9791 ($dff) from module icebreaker (D = $memory\soc.spimem_cache.cache_valid$wrmux[38][0][0]$y$11621, Q = \soc.spimem_cache.cache_valid[38], rval = 1'1).
Adding EN signal on $auto$ff.cc:337:slice$14890 ($sdff) from module icebreaker (D = 1'0, Q = \soc.spimem_cache.cache_valid[38]).
Adding SRST signal on $memory\soc.spimem_cache.cache_valid[39]$9793 ($dff) from module icebreaker (D = $memory\soc.spimem_cache.cache_valid$wrmux[39][0][0]$y$11635, Q = \soc.spimem_cache.cache_valid[39], rval = 1'1).
Adding EN signal on $auto$ff.cc:337:slice$14892 ($sdff) from module icebreaker (D = 1'0, Q = \soc.spimem_cache.cache_valid[39]).
Adding SRST signal on $memory\soc.spimem_cache.cache_valid[40]$9795 ($dff) from module icebreaker (D = $memory\soc.spimem_cache.cache_valid$wrmux[40][0][0]$y$11649, Q = \soc.spimem_cache.cache_valid[40], rval = 1'1).
Adding EN signal on $auto$ff.cc:337:slice$14894 ($sdff) from module icebreaker (D = 1'0, Q = \soc.spimem_cache.cache_valid[40]).
Adding SRST signal on $memory\soc.spimem_cache.cache_valid[41]$9797 ($dff) from module icebreaker (D = $memory\soc.spimem_cache.cache_valid$wrmux[41][0][0]$y$11663, Q = \soc.spimem_cache.cache_valid[41], rval = 1'1).
Adding EN signal on $auto$ff.cc:337:slice$14896 ($sdff) from module icebreaker (D = 1'0, Q = \soc.spimem_cache.cache_valid[41]).
Adding SRST signal on $memory\soc.spimem_cache.cache_valid[42]$9799 ($dff) from module icebreaker (D = $memory\soc.spimem_cache.cache_valid$wrmux[42][0][0]$y$11677, Q = \soc.spimem_cache.cache_valid[42], rval = 1'1).
Adding EN signal on $auto$ff.cc:337:slice$14898 ($sdff) from module icebreaker (D = 1'0, Q = \soc.spimem_cache.cache_valid[42]).
Adding SRST signal on $memory\soc.spimem_cache.cache_valid[43]$9801 ($dff) from module icebreaker (D = $memory\soc.spimem_cache.cache_valid$wrmux[43][0][0]$y$11691, Q = \soc.spimem_cache.cache_valid[43], rval = 1'1).
Adding EN signal on $auto$ff.cc:337:slice$14900 ($sdff) from module icebreaker (D = 1'0, Q = \soc.spimem_cache.cache_valid[43]).
Adding SRST signal on $memory\soc.spimem_cache.cache_valid[44]$9803 ($dff) from module icebreaker (D = $memory\soc.spimem_cache.cache_valid$wrmux[44][0][0]$y$11705, Q = \soc.spimem_cache.cache_valid[44], rval = 1'1).
Adding EN signal on $auto$ff.cc:337:slice$14902 ($sdff) from module icebreaker (D = 1'0, Q = \soc.spimem_cache.cache_valid[44]).
Adding SRST signal on $memory\soc.spimem_cache.cache_valid[45]$9805 ($dff) from module icebreaker (D = $memory\soc.spimem_cache.cache_valid$wrmux[45][0][0]$y$11719, Q = \soc.spimem_cache.cache_valid[45], rval = 1'1).
Adding EN signal on $auto$ff.cc:337:slice$14904 ($sdff) from module icebreaker (D = 1'0, Q = \soc.spimem_cache.cache_valid[45]).
Adding SRST signal on $memory\soc.spimem_cache.cache_valid[46]$9807 ($dff) from module icebreaker (D = $memory\soc.spimem_cache.cache_valid$wrmux[46][0][0]$y$11733, Q = \soc.spimem_cache.cache_valid[46], rval = 1'1).
Adding EN signal on $auto$ff.cc:337:slice$14906 ($sdff) from module icebreaker (D = 1'0, Q = \soc.spimem_cache.cache_valid[46]).
Adding SRST signal on $memory\soc.spimem_cache.cache_valid[47]$9809 ($dff) from module icebreaker (D = $memory\soc.spimem_cache.cache_valid$wrmux[47][0][0]$y$11747, Q = \soc.spimem_cache.cache_valid[47], rval = 1'1).
Adding EN signal on $auto$ff.cc:337:slice$14908 ($sdff) from module icebreaker (D = 1'0, Q = \soc.spimem_cache.cache_valid[47]).
Adding SRST signal on $memory\soc.spimem_cache.cache_valid[48]$9811 ($dff) from module icebreaker (D = $memory\soc.spimem_cache.cache_valid$wrmux[48][0][0]$y$11761, Q = \soc.spimem_cache.cache_valid[48], rval = 1'1).
Adding EN signal on $auto$ff.cc:337:slice$14910 ($sdff) from module icebreaker (D = 1'0, Q = \soc.spimem_cache.cache_valid[48]).
Adding SRST signal on $memory\soc.spimem_cache.cache_valid[49]$9813 ($dff) from module icebreaker (D = $memory\soc.spimem_cache.cache_valid$wrmux[49][0][0]$y$11779, Q = \soc.spimem_cache.cache_valid[49], rval = 1'1).
Adding EN signal on $auto$ff.cc:337:slice$14912 ($sdff) from module icebreaker (D = 1'0, Q = \soc.spimem_cache.cache_valid[49]).
Adding SRST signal on $memory\soc.spimem_cache.cache_valid[50]$9815 ($dff) from module icebreaker (D = $memory\soc.spimem_cache.cache_valid$wrmux[50][0][0]$y$11793, Q = \soc.spimem_cache.cache_valid[50], rval = 1'1).
Adding EN signal on $auto$ff.cc:337:slice$14914 ($sdff) from module icebreaker (D = 1'0, Q = \soc.spimem_cache.cache_valid[50]).
Adding SRST signal on $memory\soc.spimem_cache.cache_valid[51]$9817 ($dff) from module icebreaker (D = $memory\soc.spimem_cache.cache_valid$wrmux[51][0][0]$y$11807, Q = \soc.spimem_cache.cache_valid[51], rval = 1'1).
Adding EN signal on $auto$ff.cc:337:slice$14916 ($sdff) from module icebreaker (D = 1'0, Q = \soc.spimem_cache.cache_valid[51]).
Adding SRST signal on $memory\soc.spimem_cache.cache_valid[52]$9819 ($dff) from module icebreaker (D = $memory\soc.spimem_cache.cache_valid$wrmux[52][0][0]$y$11821, Q = \soc.spimem_cache.cache_valid[52], rval = 1'1).
Adding EN signal on $auto$ff.cc:337:slice$14918 ($sdff) from module icebreaker (D = 1'0, Q = \soc.spimem_cache.cache_valid[52]).
Adding SRST signal on $memory\soc.spimem_cache.cache_valid[53]$9821 ($dff) from module icebreaker (D = $memory\soc.spimem_cache.cache_valid$wrmux[53][0][0]$y$11835, Q = \soc.spimem_cache.cache_valid[53], rval = 1'1).
Adding EN signal on $auto$ff.cc:337:slice$14920 ($sdff) from module icebreaker (D = 1'0, Q = \soc.spimem_cache.cache_valid[53]).
Adding SRST signal on $memory\soc.spimem_cache.cache_valid[54]$9823 ($dff) from module icebreaker (D = $memory\soc.spimem_cache.cache_valid$wrmux[54][0][0]$y$11849, Q = \soc.spimem_cache.cache_valid[54], rval = 1'1).
Adding EN signal on $auto$ff.cc:337:slice$14922 ($sdff) from module icebreaker (D = 1'0, Q = \soc.spimem_cache.cache_valid[54]).
Adding SRST signal on $memory\soc.spimem_cache.cache_valid[55]$9825 ($dff) from module icebreaker (D = $memory\soc.spimem_cache.cache_valid$wrmux[55][0][0]$y$11863, Q = \soc.spimem_cache.cache_valid[55], rval = 1'1).
Adding EN signal on $auto$ff.cc:337:slice$14924 ($sdff) from module icebreaker (D = 1'0, Q = \soc.spimem_cache.cache_valid[55]).
Adding SRST signal on $memory\soc.spimem_cache.cache_valid[56]$9827 ($dff) from module icebreaker (D = $memory\soc.spimem_cache.cache_valid$wrmux[56][0][0]$y$11877, Q = \soc.spimem_cache.cache_valid[56], rval = 1'1).
Adding EN signal on $auto$ff.cc:337:slice$14926 ($sdff) from module icebreaker (D = 1'0, Q = \soc.spimem_cache.cache_valid[56]).
Adding SRST signal on $memory\soc.spimem_cache.cache_valid[57]$9829 ($dff) from module icebreaker (D = $memory\soc.spimem_cache.cache_valid$wrmux[57][0][0]$y$11891, Q = \soc.spimem_cache.cache_valid[57], rval = 1'1).
Adding EN signal on $auto$ff.cc:337:slice$14928 ($sdff) from module icebreaker (D = 1'0, Q = \soc.spimem_cache.cache_valid[57]).
Adding SRST signal on $memory\soc.spimem_cache.cache_valid[58]$9831 ($dff) from module icebreaker (D = $memory\soc.spimem_cache.cache_valid$wrmux[58][0][0]$y$11905, Q = \soc.spimem_cache.cache_valid[58], rval = 1'1).
Adding EN signal on $auto$ff.cc:337:slice$14930 ($sdff) from module icebreaker (D = 1'0, Q = \soc.spimem_cache.cache_valid[58]).
Adding SRST signal on $memory\soc.spimem_cache.cache_valid[59]$9833 ($dff) from module icebreaker (D = $memory\soc.spimem_cache.cache_valid$wrmux[59][0][0]$y$11919, Q = \soc.spimem_cache.cache_valid[59], rval = 1'1).
Adding EN signal on $auto$ff.cc:337:slice$14932 ($sdff) from module icebreaker (D = 1'0, Q = \soc.spimem_cache.cache_valid[59]).
Adding SRST signal on $memory\soc.spimem_cache.cache_valid[60]$9835 ($dff) from module icebreaker (D = $memory\soc.spimem_cache.cache_valid$wrmux[60][0][0]$y$11933, Q = \soc.spimem_cache.cache_valid[60], rval = 1'1).
Adding EN signal on $auto$ff.cc:337:slice$14934 ($sdff) from module icebreaker (D = 1'0, Q = \soc.spimem_cache.cache_valid[60]).
Adding SRST signal on $memory\soc.spimem_cache.cache_valid[61]$9837 ($dff) from module icebreaker (D = $memory\soc.spimem_cache.cache_valid$wrmux[61][0][0]$y$11947, Q = \soc.spimem_cache.cache_valid[61], rval = 1'1).
Adding EN signal on $auto$ff.cc:337:slice$14936 ($sdff) from module icebreaker (D = 1'0, Q = \soc.spimem_cache.cache_valid[61]).
Adding SRST signal on $memory\soc.spimem_cache.cache_valid[62]$9839 ($dff) from module icebreaker (D = $memory\soc.spimem_cache.cache_valid$wrmux[62][0][0]$y$11961, Q = \soc.spimem_cache.cache_valid[62], rval = 1'1).
Adding EN signal on $auto$ff.cc:337:slice$14938 ($sdff) from module icebreaker (D = 1'0, Q = \soc.spimem_cache.cache_valid[62]).
Adding SRST signal on $memory\soc.spimem_cache.cache_valid[63]$9841 ($dff) from module icebreaker (D = $memory\soc.spimem_cache.cache_valid$wrmux[63][0][0]$y$11975, Q = \soc.spimem_cache.cache_valid[63], rval = 1'1).
Adding EN signal on $auto$ff.cc:337:slice$14940 ($sdff) from module icebreaker (D = 1'0, Q = \soc.spimem_cache.cache_valid[63]).
Adding SRST signal on $memory\soc.spimem_cache.cache_valid[64]$9843 ($dff) from module icebreaker (D = $memory\soc.spimem_cache.cache_valid$wrmux[64][0][0]$y$11989, Q = \soc.spimem_cache.cache_valid[64], rval = 1'1).
Adding EN signal on $auto$ff.cc:337:slice$14942 ($sdff) from module icebreaker (D = 1'0, Q = \soc.spimem_cache.cache_valid[64]).
Adding SRST signal on $memory\soc.spimem_cache.cache_valid[65]$9845 ($dff) from module icebreaker (D = $memory\soc.spimem_cache.cache_valid$wrmux[65][0][0]$y$12009, Q = \soc.spimem_cache.cache_valid[65], rval = 1'1).
Adding EN signal on $auto$ff.cc:337:slice$14944 ($sdff) from module icebreaker (D = 1'0, Q = \soc.spimem_cache.cache_valid[65]).
Adding SRST signal on $memory\soc.spimem_cache.cache_valid[66]$9847 ($dff) from module icebreaker (D = $memory\soc.spimem_cache.cache_valid$wrmux[66][0][0]$y$12023, Q = \soc.spimem_cache.cache_valid[66], rval = 1'1).
Adding EN signal on $auto$ff.cc:337:slice$14946 ($sdff) from module icebreaker (D = 1'0, Q = \soc.spimem_cache.cache_valid[66]).
Adding SRST signal on $memory\soc.spimem_cache.cache_valid[67]$9849 ($dff) from module icebreaker (D = $memory\soc.spimem_cache.cache_valid$wrmux[67][0][0]$y$12037, Q = \soc.spimem_cache.cache_valid[67], rval = 1'1).
Adding EN signal on $auto$ff.cc:337:slice$14948 ($sdff) from module icebreaker (D = 1'0, Q = \soc.spimem_cache.cache_valid[67]).
Adding SRST signal on $memory\soc.spimem_cache.cache_valid[68]$9851 ($dff) from module icebreaker (D = $memory\soc.spimem_cache.cache_valid$wrmux[68][0][0]$y$12051, Q = \soc.spimem_cache.cache_valid[68], rval = 1'1).
Adding EN signal on $auto$ff.cc:337:slice$14950 ($sdff) from module icebreaker (D = 1'0, Q = \soc.spimem_cache.cache_valid[68]).
Adding SRST signal on $memory\soc.spimem_cache.cache_valid[69]$9853 ($dff) from module icebreaker (D = $memory\soc.spimem_cache.cache_valid$wrmux[69][0][0]$y$12065, Q = \soc.spimem_cache.cache_valid[69], rval = 1'1).
Adding EN signal on $auto$ff.cc:337:slice$14952 ($sdff) from module icebreaker (D = 1'0, Q = \soc.spimem_cache.cache_valid[69]).
Adding SRST signal on $memory\soc.spimem_cache.cache_valid[70]$9855 ($dff) from module icebreaker (D = $memory\soc.spimem_cache.cache_valid$wrmux[70][0][0]$y$12079, Q = \soc.spimem_cache.cache_valid[70], rval = 1'1).
Adding EN signal on $auto$ff.cc:337:slice$14954 ($sdff) from module icebreaker (D = 1'0, Q = \soc.spimem_cache.cache_valid[70]).
Adding SRST signal on $memory\soc.spimem_cache.cache_valid[71]$9857 ($dff) from module icebreaker (D = $memory\soc.spimem_cache.cache_valid$wrmux[71][0][0]$y$12093, Q = \soc.spimem_cache.cache_valid[71], rval = 1'1).
Adding EN signal on $auto$ff.cc:337:slice$14956 ($sdff) from module icebreaker (D = 1'0, Q = \soc.spimem_cache.cache_valid[71]).
Adding SRST signal on $memory\soc.spimem_cache.cache_valid[72]$9859 ($dff) from module icebreaker (D = $memory\soc.spimem_cache.cache_valid$wrmux[72][0][0]$y$12107, Q = \soc.spimem_cache.cache_valid[72], rval = 1'1).
Adding EN signal on $auto$ff.cc:337:slice$14958 ($sdff) from module icebreaker (D = 1'0, Q = \soc.spimem_cache.cache_valid[72]).
Adding SRST signal on $memory\soc.spimem_cache.cache_valid[73]$9861 ($dff) from module icebreaker (D = $memory\soc.spimem_cache.cache_valid$wrmux[73][0][0]$y$12121, Q = \soc.spimem_cache.cache_valid[73], rval = 1'1).
Adding EN signal on $auto$ff.cc:337:slice$14960 ($sdff) from module icebreaker (D = 1'0, Q = \soc.spimem_cache.cache_valid[73]).
Adding SRST signal on $memory\soc.spimem_cache.cache_valid[74]$9863 ($dff) from module icebreaker (D = $memory\soc.spimem_cache.cache_valid$wrmux[74][0][0]$y$12135, Q = \soc.spimem_cache.cache_valid[74], rval = 1'1).
Adding EN signal on $auto$ff.cc:337:slice$14962 ($sdff) from module icebreaker (D = 1'0, Q = \soc.spimem_cache.cache_valid[74]).
Adding SRST signal on $memory\soc.spimem_cache.cache_valid[75]$9865 ($dff) from module icebreaker (D = $memory\soc.spimem_cache.cache_valid$wrmux[75][0][0]$y$12149, Q = \soc.spimem_cache.cache_valid[75], rval = 1'1).
Adding EN signal on $auto$ff.cc:337:slice$14964 ($sdff) from module icebreaker (D = 1'0, Q = \soc.spimem_cache.cache_valid[75]).
Adding SRST signal on $memory\soc.spimem_cache.cache_valid[76]$9867 ($dff) from module icebreaker (D = $memory\soc.spimem_cache.cache_valid$wrmux[76][0][0]$y$12163, Q = \soc.spimem_cache.cache_valid[76], rval = 1'1).
Adding EN signal on $auto$ff.cc:337:slice$14966 ($sdff) from module icebreaker (D = 1'0, Q = \soc.spimem_cache.cache_valid[76]).
Adding SRST signal on $memory\soc.spimem_cache.cache_valid[77]$9869 ($dff) from module icebreaker (D = $memory\soc.spimem_cache.cache_valid$wrmux[77][0][0]$y$12177, Q = \soc.spimem_cache.cache_valid[77], rval = 1'1).
Adding EN signal on $auto$ff.cc:337:slice$14968 ($sdff) from module icebreaker (D = 1'0, Q = \soc.spimem_cache.cache_valid[77]).
Adding SRST signal on $memory\soc.spimem_cache.cache_valid[78]$9871 ($dff) from module icebreaker (D = $memory\soc.spimem_cache.cache_valid$wrmux[78][0][0]$y$12191, Q = \soc.spimem_cache.cache_valid[78], rval = 1'1).
Adding EN signal on $auto$ff.cc:337:slice$14970 ($sdff) from module icebreaker (D = 1'0, Q = \soc.spimem_cache.cache_valid[78]).
Adding SRST signal on $memory\soc.spimem_cache.cache_valid[79]$9873 ($dff) from module icebreaker (D = $memory\soc.spimem_cache.cache_valid$wrmux[79][0][0]$y$12205, Q = \soc.spimem_cache.cache_valid[79], rval = 1'1).
Adding EN signal on $auto$ff.cc:337:slice$14972 ($sdff) from module icebreaker (D = 1'0, Q = \soc.spimem_cache.cache_valid[79]).
Adding SRST signal on $memory\soc.spimem_cache.cache_valid[80]$9875 ($dff) from module icebreaker (D = $memory\soc.spimem_cache.cache_valid$wrmux[80][0][0]$y$12219, Q = \soc.spimem_cache.cache_valid[80], rval = 1'1).
Adding EN signal on $auto$ff.cc:337:slice$14974 ($sdff) from module icebreaker (D = 1'0, Q = \soc.spimem_cache.cache_valid[80]).
Adding SRST signal on $memory\soc.spimem_cache.cache_valid[81]$9877 ($dff) from module icebreaker (D = $memory\soc.spimem_cache.cache_valid$wrmux[81][0][0]$y$12235, Q = \soc.spimem_cache.cache_valid[81], rval = 1'1).
Adding EN signal on $auto$ff.cc:337:slice$14976 ($sdff) from module icebreaker (D = 1'0, Q = \soc.spimem_cache.cache_valid[81]).
Adding SRST signal on $memory\soc.spimem_cache.cache_valid[82]$9879 ($dff) from module icebreaker (D = $memory\soc.spimem_cache.cache_valid$wrmux[82][0][0]$y$12249, Q = \soc.spimem_cache.cache_valid[82], rval = 1'1).
Adding EN signal on $auto$ff.cc:337:slice$14978 ($sdff) from module icebreaker (D = 1'0, Q = \soc.spimem_cache.cache_valid[82]).
Adding SRST signal on $memory\soc.spimem_cache.cache_valid[83]$9881 ($dff) from module icebreaker (D = $memory\soc.spimem_cache.cache_valid$wrmux[83][0][0]$y$12263, Q = \soc.spimem_cache.cache_valid[83], rval = 1'1).
Adding EN signal on $auto$ff.cc:337:slice$14980 ($sdff) from module icebreaker (D = 1'0, Q = \soc.spimem_cache.cache_valid[83]).
Adding SRST signal on $memory\soc.spimem_cache.cache_valid[84]$9883 ($dff) from module icebreaker (D = $memory\soc.spimem_cache.cache_valid$wrmux[84][0][0]$y$12277, Q = \soc.spimem_cache.cache_valid[84], rval = 1'1).
Adding EN signal on $auto$ff.cc:337:slice$14982 ($sdff) from module icebreaker (D = 1'0, Q = \soc.spimem_cache.cache_valid[84]).
Adding SRST signal on $memory\soc.spimem_cache.cache_valid[85]$9885 ($dff) from module icebreaker (D = $memory\soc.spimem_cache.cache_valid$wrmux[85][0][0]$y$12291, Q = \soc.spimem_cache.cache_valid[85], rval = 1'1).
Adding EN signal on $auto$ff.cc:337:slice$14984 ($sdff) from module icebreaker (D = 1'0, Q = \soc.spimem_cache.cache_valid[85]).
Adding SRST signal on $memory\soc.spimem_cache.cache_valid[86]$9887 ($dff) from module icebreaker (D = $memory\soc.spimem_cache.cache_valid$wrmux[86][0][0]$y$12305, Q = \soc.spimem_cache.cache_valid[86], rval = 1'1).
Adding EN signal on $auto$ff.cc:337:slice$14986 ($sdff) from module icebreaker (D = 1'0, Q = \soc.spimem_cache.cache_valid[86]).
Adding SRST signal on $memory\soc.spimem_cache.cache_valid[87]$9889 ($dff) from module icebreaker (D = $memory\soc.spimem_cache.cache_valid$wrmux[87][0][0]$y$12319, Q = \soc.spimem_cache.cache_valid[87], rval = 1'1).
Adding EN signal on $auto$ff.cc:337:slice$14988 ($sdff) from module icebreaker (D = 1'0, Q = \soc.spimem_cache.cache_valid[87]).
Adding SRST signal on $memory\soc.spimem_cache.cache_valid[88]$9891 ($dff) from module icebreaker (D = $memory\soc.spimem_cache.cache_valid$wrmux[88][0][0]$y$12333, Q = \soc.spimem_cache.cache_valid[88], rval = 1'1).
Adding EN signal on $auto$ff.cc:337:slice$14990 ($sdff) from module icebreaker (D = 1'0, Q = \soc.spimem_cache.cache_valid[88]).
Adding SRST signal on $memory\soc.spimem_cache.cache_valid[89]$9893 ($dff) from module icebreaker (D = $memory\soc.spimem_cache.cache_valid$wrmux[89][0][0]$y$12347, Q = \soc.spimem_cache.cache_valid[89], rval = 1'1).
Adding EN signal on $auto$ff.cc:337:slice$14992 ($sdff) from module icebreaker (D = 1'0, Q = \soc.spimem_cache.cache_valid[89]).
Adding SRST signal on $memory\soc.spimem_cache.cache_valid[90]$9895 ($dff) from module icebreaker (D = $memory\soc.spimem_cache.cache_valid$wrmux[90][0][0]$y$12361, Q = \soc.spimem_cache.cache_valid[90], rval = 1'1).
Adding EN signal on $auto$ff.cc:337:slice$14994 ($sdff) from module icebreaker (D = 1'0, Q = \soc.spimem_cache.cache_valid[90]).
Adding SRST signal on $memory\soc.spimem_cache.cache_valid[91]$9897 ($dff) from module icebreaker (D = $memory\soc.spimem_cache.cache_valid$wrmux[91][0][0]$y$12375, Q = \soc.spimem_cache.cache_valid[91], rval = 1'1).
Adding EN signal on $auto$ff.cc:337:slice$14996 ($sdff) from module icebreaker (D = 1'0, Q = \soc.spimem_cache.cache_valid[91]).
Adding SRST signal on $memory\soc.spimem_cache.cache_valid[92]$9899 ($dff) from module icebreaker (D = $memory\soc.spimem_cache.cache_valid$wrmux[92][0][0]$y$12389, Q = \soc.spimem_cache.cache_valid[92], rval = 1'1).
Adding EN signal on $auto$ff.cc:337:slice$14998 ($sdff) from module icebreaker (D = 1'0, Q = \soc.spimem_cache.cache_valid[92]).
Adding SRST signal on $memory\soc.spimem_cache.cache_valid[93]$9901 ($dff) from module icebreaker (D = $memory\soc.spimem_cache.cache_valid$wrmux[93][0][0]$y$12403, Q = \soc.spimem_cache.cache_valid[93], rval = 1'1).
Adding EN signal on $auto$ff.cc:337:slice$15000 ($sdff) from module icebreaker (D = 1'0, Q = \soc.spimem_cache.cache_valid[93]).
Adding SRST signal on $memory\soc.spimem_cache.cache_valid[94]$9903 ($dff) from module icebreaker (D = $memory\soc.spimem_cache.cache_valid$wrmux[94][0][0]$y$12417, Q = \soc.spimem_cache.cache_valid[94], rval = 1'1).
Adding EN signal on $auto$ff.cc:337:slice$15002 ($sdff) from module icebreaker (D = 1'0, Q = \soc.spimem_cache.cache_valid[94]).
Adding SRST signal on $memory\soc.spimem_cache.cache_valid[95]$9905 ($dff) from module icebreaker (D = $memory\soc.spimem_cache.cache_valid$wrmux[95][0][0]$y$12431, Q = \soc.spimem_cache.cache_valid[95], rval = 1'1).
Adding EN signal on $auto$ff.cc:337:slice$15004 ($sdff) from module icebreaker (D = 1'0, Q = \soc.spimem_cache.cache_valid[95]).
Adding SRST signal on $memory\soc.spimem_cache.cache_valid[96]$9907 ($dff) from module icebreaker (D = $memory\soc.spimem_cache.cache_valid$wrmux[96][0][0]$y$12445, Q = \soc.spimem_cache.cache_valid[96], rval = 1'1).
Adding EN signal on $auto$ff.cc:337:slice$15006 ($sdff) from module icebreaker (D = 1'0, Q = \soc.spimem_cache.cache_valid[96]).
Adding SRST signal on $memory\soc.spimem_cache.cache_valid[97]$9909 ($dff) from module icebreaker (D = $memory\soc.spimem_cache.cache_valid$wrmux[97][0][0]$y$12461, Q = \soc.spimem_cache.cache_valid[97], rval = 1'1).
Adding EN signal on $auto$ff.cc:337:slice$15008 ($sdff) from module icebreaker (D = 1'0, Q = \soc.spimem_cache.cache_valid[97]).
Adding SRST signal on $memory\soc.spimem_cache.cache_valid[98]$9911 ($dff) from module icebreaker (D = $memory\soc.spimem_cache.cache_valid$wrmux[98][0][0]$y$12475, Q = \soc.spimem_cache.cache_valid[98], rval = 1'1).
Adding EN signal on $auto$ff.cc:337:slice$15010 ($sdff) from module icebreaker (D = 1'0, Q = \soc.spimem_cache.cache_valid[98]).
Adding SRST signal on $memory\soc.spimem_cache.cache_valid[99]$9913 ($dff) from module icebreaker (D = $memory\soc.spimem_cache.cache_valid$wrmux[99][0][0]$y$12489, Q = \soc.spimem_cache.cache_valid[99], rval = 1'1).
Adding EN signal on $auto$ff.cc:337:slice$15012 ($sdff) from module icebreaker (D = 1'0, Q = \soc.spimem_cache.cache_valid[99]).
Adding SRST signal on $memory\soc.spimem_cache.cache_valid[100]$9915 ($dff) from module icebreaker (D = $memory\soc.spimem_cache.cache_valid$wrmux[100][0][0]$y$12503, Q = \soc.spimem_cache.cache_valid[100], rval = 1'1).
Adding EN signal on $auto$ff.cc:337:slice$15014 ($sdff) from module icebreaker (D = 1'0, Q = \soc.spimem_cache.cache_valid[100]).
Adding SRST signal on $memory\soc.spimem_cache.cache_valid[101]$9917 ($dff) from module icebreaker (D = $memory\soc.spimem_cache.cache_valid$wrmux[101][0][0]$y$12517, Q = \soc.spimem_cache.cache_valid[101], rval = 1'1).
Adding EN signal on $auto$ff.cc:337:slice$15016 ($sdff) from module icebreaker (D = 1'0, Q = \soc.spimem_cache.cache_valid[101]).
Adding SRST signal on $memory\soc.spimem_cache.cache_valid[102]$9919 ($dff) from module icebreaker (D = $memory\soc.spimem_cache.cache_valid$wrmux[102][0][0]$y$12531, Q = \soc.spimem_cache.cache_valid[102], rval = 1'1).
Adding EN signal on $auto$ff.cc:337:slice$15018 ($sdff) from module icebreaker (D = 1'0, Q = \soc.spimem_cache.cache_valid[102]).
Adding SRST signal on $memory\soc.spimem_cache.cache_valid[103]$9921 ($dff) from module icebreaker (D = $memory\soc.spimem_cache.cache_valid$wrmux[103][0][0]$y$12545, Q = \soc.spimem_cache.cache_valid[103], rval = 1'1).
Adding EN signal on $auto$ff.cc:337:slice$15020 ($sdff) from module icebreaker (D = 1'0, Q = \soc.spimem_cache.cache_valid[103]).
Adding SRST signal on $memory\soc.spimem_cache.cache_valid[104]$9923 ($dff) from module icebreaker (D = $memory\soc.spimem_cache.cache_valid$wrmux[104][0][0]$y$12559, Q = \soc.spimem_cache.cache_valid[104], rval = 1'1).
Adding EN signal on $auto$ff.cc:337:slice$15022 ($sdff) from module icebreaker (D = 1'0, Q = \soc.spimem_cache.cache_valid[104]).
Adding SRST signal on $memory\soc.spimem_cache.cache_valid[105]$9925 ($dff) from module icebreaker (D = $memory\soc.spimem_cache.cache_valid$wrmux[105][0][0]$y$12573, Q = \soc.spimem_cache.cache_valid[105], rval = 1'1).
Adding EN signal on $auto$ff.cc:337:slice$15024 ($sdff) from module icebreaker (D = 1'0, Q = \soc.spimem_cache.cache_valid[105]).
Adding SRST signal on $memory\soc.spimem_cache.cache_valid[106]$9927 ($dff) from module icebreaker (D = $memory\soc.spimem_cache.cache_valid$wrmux[106][0][0]$y$12587, Q = \soc.spimem_cache.cache_valid[106], rval = 1'1).
Adding EN signal on $auto$ff.cc:337:slice$15026 ($sdff) from module icebreaker (D = 1'0, Q = \soc.spimem_cache.cache_valid[106]).
Adding SRST signal on $memory\soc.spimem_cache.cache_valid[107]$9929 ($dff) from module icebreaker (D = $memory\soc.spimem_cache.cache_valid$wrmux[107][0][0]$y$12601, Q = \soc.spimem_cache.cache_valid[107], rval = 1'1).
Adding EN signal on $auto$ff.cc:337:slice$15028 ($sdff) from module icebreaker (D = 1'0, Q = \soc.spimem_cache.cache_valid[107]).
Adding SRST signal on $memory\soc.spimem_cache.cache_valid[108]$9931 ($dff) from module icebreaker (D = $memory\soc.spimem_cache.cache_valid$wrmux[108][0][0]$y$12615, Q = \soc.spimem_cache.cache_valid[108], rval = 1'1).
Adding EN signal on $auto$ff.cc:337:slice$15030 ($sdff) from module icebreaker (D = 1'0, Q = \soc.spimem_cache.cache_valid[108]).
Adding SRST signal on $memory\soc.spimem_cache.cache_valid[109]$9933 ($dff) from module icebreaker (D = $memory\soc.spimem_cache.cache_valid$wrmux[109][0][0]$y$12629, Q = \soc.spimem_cache.cache_valid[109], rval = 1'1).
Adding EN signal on $auto$ff.cc:337:slice$15032 ($sdff) from module icebreaker (D = 1'0, Q = \soc.spimem_cache.cache_valid[109]).
Adding SRST signal on $memory\soc.spimem_cache.cache_valid[110]$9935 ($dff) from module icebreaker (D = $memory\soc.spimem_cache.cache_valid$wrmux[110][0][0]$y$12643, Q = \soc.spimem_cache.cache_valid[110], rval = 1'1).
Adding EN signal on $auto$ff.cc:337:slice$15034 ($sdff) from module icebreaker (D = 1'0, Q = \soc.spimem_cache.cache_valid[110]).
Adding SRST signal on $memory\soc.spimem_cache.cache_valid[111]$9937 ($dff) from module icebreaker (D = $memory\soc.spimem_cache.cache_valid$wrmux[111][0][0]$y$12657, Q = \soc.spimem_cache.cache_valid[111], rval = 1'1).
Adding EN signal on $auto$ff.cc:337:slice$15036 ($sdff) from module icebreaker (D = 1'0, Q = \soc.spimem_cache.cache_valid[111]).
Adding SRST signal on $memory\soc.spimem_cache.cache_valid[112]$9939 ($dff) from module icebreaker (D = $memory\soc.spimem_cache.cache_valid$wrmux[112][0][0]$y$12671, Q = \soc.spimem_cache.cache_valid[112], rval = 1'1).
Adding EN signal on $auto$ff.cc:337:slice$15038 ($sdff) from module icebreaker (D = 1'0, Q = \soc.spimem_cache.cache_valid[112]).
Adding SRST signal on $memory\soc.spimem_cache.cache_valid[113]$9941 ($dff) from module icebreaker (D = $memory\soc.spimem_cache.cache_valid$wrmux[113][0][0]$y$12687, Q = \soc.spimem_cache.cache_valid[113], rval = 1'1).
Adding EN signal on $auto$ff.cc:337:slice$15040 ($sdff) from module icebreaker (D = 1'0, Q = \soc.spimem_cache.cache_valid[113]).
Adding SRST signal on $memory\soc.spimem_cache.cache_valid[114]$9943 ($dff) from module icebreaker (D = $memory\soc.spimem_cache.cache_valid$wrmux[114][0][0]$y$12701, Q = \soc.spimem_cache.cache_valid[114], rval = 1'1).
Adding EN signal on $auto$ff.cc:337:slice$15042 ($sdff) from module icebreaker (D = 1'0, Q = \soc.spimem_cache.cache_valid[114]).
Adding SRST signal on $memory\soc.spimem_cache.cache_valid[115]$9945 ($dff) from module icebreaker (D = $memory\soc.spimem_cache.cache_valid$wrmux[115][0][0]$y$12715, Q = \soc.spimem_cache.cache_valid[115], rval = 1'1).
Adding EN signal on $auto$ff.cc:337:slice$15044 ($sdff) from module icebreaker (D = 1'0, Q = \soc.spimem_cache.cache_valid[115]).
Adding SRST signal on $memory\soc.spimem_cache.cache_valid[116]$9947 ($dff) from module icebreaker (D = $memory\soc.spimem_cache.cache_valid$wrmux[116][0][0]$y$12729, Q = \soc.spimem_cache.cache_valid[116], rval = 1'1).
Adding EN signal on $auto$ff.cc:337:slice$15046 ($sdff) from module icebreaker (D = 1'0, Q = \soc.spimem_cache.cache_valid[116]).
Adding SRST signal on $memory\soc.spimem_cache.cache_valid[117]$9949 ($dff) from module icebreaker (D = $memory\soc.spimem_cache.cache_valid$wrmux[117][0][0]$y$12743, Q = \soc.spimem_cache.cache_valid[117], rval = 1'1).
Adding EN signal on $auto$ff.cc:337:slice$15048 ($sdff) from module icebreaker (D = 1'0, Q = \soc.spimem_cache.cache_valid[117]).
Adding SRST signal on $memory\soc.spimem_cache.cache_valid[118]$9951 ($dff) from module icebreaker (D = $memory\soc.spimem_cache.cache_valid$wrmux[118][0][0]$y$12757, Q = \soc.spimem_cache.cache_valid[118], rval = 1'1).
Adding EN signal on $auto$ff.cc:337:slice$15050 ($sdff) from module icebreaker (D = 1'0, Q = \soc.spimem_cache.cache_valid[118]).
Adding SRST signal on $memory\soc.spimem_cache.cache_valid[119]$9953 ($dff) from module icebreaker (D = $memory\soc.spimem_cache.cache_valid$wrmux[119][0][0]$y$12771, Q = \soc.spimem_cache.cache_valid[119], rval = 1'1).
Adding EN signal on $auto$ff.cc:337:slice$15052 ($sdff) from module icebreaker (D = 1'0, Q = \soc.spimem_cache.cache_valid[119]).
Adding SRST signal on $memory\soc.spimem_cache.cache_valid[120]$9955 ($dff) from module icebreaker (D = $memory\soc.spimem_cache.cache_valid$wrmux[120][0][0]$y$12785, Q = \soc.spimem_cache.cache_valid[120], rval = 1'1).
Adding EN signal on $auto$ff.cc:337:slice$15054 ($sdff) from module icebreaker (D = 1'0, Q = \soc.spimem_cache.cache_valid[120]).
Adding SRST signal on $memory\soc.spimem_cache.cache_valid[121]$9957 ($dff) from module icebreaker (D = $memory\soc.spimem_cache.cache_valid$wrmux[121][0][0]$y$12799, Q = \soc.spimem_cache.cache_valid[121], rval = 1'1).
Adding EN signal on $auto$ff.cc:337:slice$15056 ($sdff) from module icebreaker (D = 1'0, Q = \soc.spimem_cache.cache_valid[121]).
Adding SRST signal on $memory\soc.spimem_cache.cache_valid[122]$9959 ($dff) from module icebreaker (D = $memory\soc.spimem_cache.cache_valid$wrmux[122][0][0]$y$12813, Q = \soc.spimem_cache.cache_valid[122], rval = 1'1).
Adding EN signal on $auto$ff.cc:337:slice$15058 ($sdff) from module icebreaker (D = 1'0, Q = \soc.spimem_cache.cache_valid[122]).
Adding SRST signal on $memory\soc.spimem_cache.cache_valid[123]$9961 ($dff) from module icebreaker (D = $memory\soc.spimem_cache.cache_valid$wrmux[123][0][0]$y$12827, Q = \soc.spimem_cache.cache_valid[123], rval = 1'1).
Adding EN signal on $auto$ff.cc:337:slice$15060 ($sdff) from module icebreaker (D = 1'0, Q = \soc.spimem_cache.cache_valid[123]).
Adding SRST signal on $memory\soc.spimem_cache.cache_valid[124]$9963 ($dff) from module icebreaker (D = $memory\soc.spimem_cache.cache_valid$wrmux[124][0][0]$y$12841, Q = \soc.spimem_cache.cache_valid[124], rval = 1'1).
Adding EN signal on $auto$ff.cc:337:slice$15062 ($sdff) from module icebreaker (D = 1'0, Q = \soc.spimem_cache.cache_valid[124]).
Adding SRST signal on $memory\soc.spimem_cache.cache_valid[125]$9965 ($dff) from module icebreaker (D = $memory\soc.spimem_cache.cache_valid$wrmux[125][0][0]$y$12855, Q = \soc.spimem_cache.cache_valid[125], rval = 1'1).
Adding EN signal on $auto$ff.cc:337:slice$15064 ($sdff) from module icebreaker (D = 1'0, Q = \soc.spimem_cache.cache_valid[125]).
Adding SRST signal on $memory\soc.spimem_cache.cache_valid[126]$9967 ($dff) from module icebreaker (D = $memory\soc.spimem_cache.cache_valid$wrmux[126][0][0]$y$12869, Q = \soc.spimem_cache.cache_valid[126], rval = 1'1).
Adding EN signal on $auto$ff.cc:337:slice$15066 ($sdff) from module icebreaker (D = 1'0, Q = \soc.spimem_cache.cache_valid[126]).
Adding SRST signal on $memory\soc.spimem_cache.cache_valid[127]$9969 ($dff) from module icebreaker (D = $memory\soc.spimem_cache.cache_valid$wrmux[127][0][0]$y$12883, Q = \soc.spimem_cache.cache_valid[127], rval = 1'1).
Adding EN signal on $auto$ff.cc:337:slice$15068 ($sdff) from module icebreaker (D = 1'0, Q = \soc.spimem_cache.cache_valid[127]).
Adding SRST signal on $memory\soc.spimem_cache.cache_valid[128]$9971 ($dff) from module icebreaker (D = $memory\soc.spimem_cache.cache_valid$wrmux[128][0][0]$y$12897, Q = \soc.spimem_cache.cache_valid[128], rval = 1'1).
Adding EN signal on $auto$ff.cc:337:slice$15070 ($sdff) from module icebreaker (D = 1'0, Q = \soc.spimem_cache.cache_valid[128]).
Adding SRST signal on $memory\soc.spimem_cache.cache_valid[129]$9973 ($dff) from module icebreaker (D = $memory\soc.spimem_cache.cache_valid$wrmux[129][1][0]$y$12923, Q = \soc.spimem_cache.cache_valid[129], rval = 1'1).
Adding EN signal on $auto$ff.cc:337:slice$15072 ($sdff) from module icebreaker (D = 1'0, Q = \soc.spimem_cache.cache_valid[129]).
Adding SRST signal on $memory\soc.spimem_cache.cache_valid[130]$9975 ($dff) from module icebreaker (D = $memory\soc.spimem_cache.cache_valid$wrmux[130][1][0]$y$12937, Q = \soc.spimem_cache.cache_valid[130], rval = 1'1).
Adding EN signal on $auto$ff.cc:337:slice$15074 ($sdff) from module icebreaker (D = 1'0, Q = \soc.spimem_cache.cache_valid[130]).
Adding SRST signal on $memory\soc.spimem_cache.cache_valid[131]$9977 ($dff) from module icebreaker (D = $memory\soc.spimem_cache.cache_valid$wrmux[131][1][0]$y$12951, Q = \soc.spimem_cache.cache_valid[131], rval = 1'1).
Adding EN signal on $auto$ff.cc:337:slice$15076 ($sdff) from module icebreaker (D = 1'0, Q = \soc.spimem_cache.cache_valid[131]).
Adding SRST signal on $memory\soc.spimem_cache.cache_valid[132]$9979 ($dff) from module icebreaker (D = $memory\soc.spimem_cache.cache_valid$wrmux[132][1][0]$y$12965, Q = \soc.spimem_cache.cache_valid[132], rval = 1'1).
Adding EN signal on $auto$ff.cc:337:slice$15078 ($sdff) from module icebreaker (D = 1'0, Q = \soc.spimem_cache.cache_valid[132]).
Adding SRST signal on $memory\soc.spimem_cache.cache_valid[133]$9981 ($dff) from module icebreaker (D = $memory\soc.spimem_cache.cache_valid$wrmux[133][1][0]$y$12979, Q = \soc.spimem_cache.cache_valid[133], rval = 1'1).
Adding EN signal on $auto$ff.cc:337:slice$15080 ($sdff) from module icebreaker (D = 1'0, Q = \soc.spimem_cache.cache_valid[133]).
Adding SRST signal on $memory\soc.spimem_cache.cache_valid[134]$9983 ($dff) from module icebreaker (D = $memory\soc.spimem_cache.cache_valid$wrmux[134][1][0]$y$12993, Q = \soc.spimem_cache.cache_valid[134], rval = 1'1).
Adding EN signal on $auto$ff.cc:337:slice$15082 ($sdff) from module icebreaker (D = 1'0, Q = \soc.spimem_cache.cache_valid[134]).
Adding SRST signal on $memory\soc.spimem_cache.cache_valid[135]$9985 ($dff) from module icebreaker (D = $memory\soc.spimem_cache.cache_valid$wrmux[135][1][0]$y$13007, Q = \soc.spimem_cache.cache_valid[135], rval = 1'1).
Adding EN signal on $auto$ff.cc:337:slice$15084 ($sdff) from module icebreaker (D = 1'0, Q = \soc.spimem_cache.cache_valid[135]).
Adding SRST signal on $memory\soc.spimem_cache.cache_valid[136]$9987 ($dff) from module icebreaker (D = $memory\soc.spimem_cache.cache_valid$wrmux[136][1][0]$y$13021, Q = \soc.spimem_cache.cache_valid[136], rval = 1'1).
Adding EN signal on $auto$ff.cc:337:slice$15086 ($sdff) from module icebreaker (D = 1'0, Q = \soc.spimem_cache.cache_valid[136]).
Adding SRST signal on $memory\soc.spimem_cache.cache_valid[137]$9989 ($dff) from module icebreaker (D = $memory\soc.spimem_cache.cache_valid$wrmux[137][1][0]$y$13035, Q = \soc.spimem_cache.cache_valid[137], rval = 1'1).
Adding EN signal on $auto$ff.cc:337:slice$15088 ($sdff) from module icebreaker (D = 1'0, Q = \soc.spimem_cache.cache_valid[137]).
Adding SRST signal on $memory\soc.spimem_cache.cache_valid[138]$9991 ($dff) from module icebreaker (D = $memory\soc.spimem_cache.cache_valid$wrmux[138][1][0]$y$13049, Q = \soc.spimem_cache.cache_valid[138], rval = 1'1).
Adding EN signal on $auto$ff.cc:337:slice$15090 ($sdff) from module icebreaker (D = 1'0, Q = \soc.spimem_cache.cache_valid[138]).
Adding SRST signal on $memory\soc.spimem_cache.cache_valid[139]$9993 ($dff) from module icebreaker (D = $memory\soc.spimem_cache.cache_valid$wrmux[139][1][0]$y$13063, Q = \soc.spimem_cache.cache_valid[139], rval = 1'1).
Adding EN signal on $auto$ff.cc:337:slice$15092 ($sdff) from module icebreaker (D = 1'0, Q = \soc.spimem_cache.cache_valid[139]).
Adding SRST signal on $memory\soc.spimem_cache.cache_valid[140]$9995 ($dff) from module icebreaker (D = $memory\soc.spimem_cache.cache_valid$wrmux[140][1][0]$y$13077, Q = \soc.spimem_cache.cache_valid[140], rval = 1'1).
Adding EN signal on $auto$ff.cc:337:slice$15094 ($sdff) from module icebreaker (D = 1'0, Q = \soc.spimem_cache.cache_valid[140]).
Adding SRST signal on $memory\soc.spimem_cache.cache_valid[141]$9997 ($dff) from module icebreaker (D = $memory\soc.spimem_cache.cache_valid$wrmux[141][1][0]$y$13091, Q = \soc.spimem_cache.cache_valid[141], rval = 1'1).
Adding EN signal on $auto$ff.cc:337:slice$15096 ($sdff) from module icebreaker (D = 1'0, Q = \soc.spimem_cache.cache_valid[141]).
Adding SRST signal on $memory\soc.spimem_cache.cache_valid[142]$9999 ($dff) from module icebreaker (D = $memory\soc.spimem_cache.cache_valid$wrmux[142][1][0]$y$13105, Q = \soc.spimem_cache.cache_valid[142], rval = 1'1).
Adding EN signal on $auto$ff.cc:337:slice$15098 ($sdff) from module icebreaker (D = 1'0, Q = \soc.spimem_cache.cache_valid[142]).
Adding SRST signal on $memory\soc.spimem_cache.cache_valid[143]$10001 ($dff) from module icebreaker (D = $memory\soc.spimem_cache.cache_valid$wrmux[143][1][0]$y$13119, Q = \soc.spimem_cache.cache_valid[143], rval = 1'1).
Adding EN signal on $auto$ff.cc:337:slice$15100 ($sdff) from module icebreaker (D = 1'0, Q = \soc.spimem_cache.cache_valid[143]).
Adding SRST signal on $memory\soc.spimem_cache.cache_valid[144]$10003 ($dff) from module icebreaker (D = $memory\soc.spimem_cache.cache_valid$wrmux[144][1][0]$y$13133, Q = \soc.spimem_cache.cache_valid[144], rval = 1'1).
Adding EN signal on $auto$ff.cc:337:slice$15102 ($sdff) from module icebreaker (D = 1'0, Q = \soc.spimem_cache.cache_valid[144]).
Adding SRST signal on $memory\soc.spimem_cache.cache_valid[145]$10005 ($dff) from module icebreaker (D = $memory\soc.spimem_cache.cache_valid$wrmux[145][1][0]$y$13149, Q = \soc.spimem_cache.cache_valid[145], rval = 1'1).
Adding EN signal on $auto$ff.cc:337:slice$15104 ($sdff) from module icebreaker (D = 1'0, Q = \soc.spimem_cache.cache_valid[145]).
Adding SRST signal on $memory\soc.spimem_cache.cache_valid[146]$10007 ($dff) from module icebreaker (D = $memory\soc.spimem_cache.cache_valid$wrmux[146][1][0]$y$13163, Q = \soc.spimem_cache.cache_valid[146], rval = 1'1).
Adding EN signal on $auto$ff.cc:337:slice$15106 ($sdff) from module icebreaker (D = 1'0, Q = \soc.spimem_cache.cache_valid[146]).
Adding SRST signal on $memory\soc.spimem_cache.cache_valid[147]$10009 ($dff) from module icebreaker (D = $memory\soc.spimem_cache.cache_valid$wrmux[147][1][0]$y$13177, Q = \soc.spimem_cache.cache_valid[147], rval = 1'1).
Adding EN signal on $auto$ff.cc:337:slice$15108 ($sdff) from module icebreaker (D = 1'0, Q = \soc.spimem_cache.cache_valid[147]).
Adding SRST signal on $memory\soc.spimem_cache.cache_valid[148]$10011 ($dff) from module icebreaker (D = $memory\soc.spimem_cache.cache_valid$wrmux[148][1][0]$y$13191, Q = \soc.spimem_cache.cache_valid[148], rval = 1'1).
Adding EN signal on $auto$ff.cc:337:slice$15110 ($sdff) from module icebreaker (D = 1'0, Q = \soc.spimem_cache.cache_valid[148]).
Adding SRST signal on $memory\soc.spimem_cache.cache_valid[149]$10013 ($dff) from module icebreaker (D = $memory\soc.spimem_cache.cache_valid$wrmux[149][1][0]$y$13205, Q = \soc.spimem_cache.cache_valid[149], rval = 1'1).
Adding EN signal on $auto$ff.cc:337:slice$15112 ($sdff) from module icebreaker (D = 1'0, Q = \soc.spimem_cache.cache_valid[149]).
Adding SRST signal on $memory\soc.spimem_cache.cache_valid[150]$10015 ($dff) from module icebreaker (D = $memory\soc.spimem_cache.cache_valid$wrmux[150][1][0]$y$13219, Q = \soc.spimem_cache.cache_valid[150], rval = 1'1).
Adding EN signal on $auto$ff.cc:337:slice$15114 ($sdff) from module icebreaker (D = 1'0, Q = \soc.spimem_cache.cache_valid[150]).
Adding SRST signal on $memory\soc.spimem_cache.cache_valid[151]$10017 ($dff) from module icebreaker (D = $memory\soc.spimem_cache.cache_valid$wrmux[151][1][0]$y$13233, Q = \soc.spimem_cache.cache_valid[151], rval = 1'1).
Adding EN signal on $auto$ff.cc:337:slice$15116 ($sdff) from module icebreaker (D = 1'0, Q = \soc.spimem_cache.cache_valid[151]).
Adding SRST signal on $memory\soc.spimem_cache.cache_valid[152]$10019 ($dff) from module icebreaker (D = $memory\soc.spimem_cache.cache_valid$wrmux[152][1][0]$y$13247, Q = \soc.spimem_cache.cache_valid[152], rval = 1'1).
Adding EN signal on $auto$ff.cc:337:slice$15118 ($sdff) from module icebreaker (D = 1'0, Q = \soc.spimem_cache.cache_valid[152]).
Adding SRST signal on $memory\soc.spimem_cache.cache_valid[153]$10021 ($dff) from module icebreaker (D = $memory\soc.spimem_cache.cache_valid$wrmux[153][1][0]$y$13261, Q = \soc.spimem_cache.cache_valid[153], rval = 1'1).
Adding EN signal on $auto$ff.cc:337:slice$15120 ($sdff) from module icebreaker (D = 1'0, Q = \soc.spimem_cache.cache_valid[153]).
Adding SRST signal on $memory\soc.spimem_cache.cache_valid[154]$10023 ($dff) from module icebreaker (D = $memory\soc.spimem_cache.cache_valid$wrmux[154][1][0]$y$13275, Q = \soc.spimem_cache.cache_valid[154], rval = 1'1).
Adding EN signal on $auto$ff.cc:337:slice$15122 ($sdff) from module icebreaker (D = 1'0, Q = \soc.spimem_cache.cache_valid[154]).
Adding SRST signal on $memory\soc.spimem_cache.cache_valid[155]$10025 ($dff) from module icebreaker (D = $memory\soc.spimem_cache.cache_valid$wrmux[155][1][0]$y$13289, Q = \soc.spimem_cache.cache_valid[155], rval = 1'1).
Adding EN signal on $auto$ff.cc:337:slice$15124 ($sdff) from module icebreaker (D = 1'0, Q = \soc.spimem_cache.cache_valid[155]).
Adding SRST signal on $memory\soc.spimem_cache.cache_valid[156]$10027 ($dff) from module icebreaker (D = $memory\soc.spimem_cache.cache_valid$wrmux[156][1][0]$y$13303, Q = \soc.spimem_cache.cache_valid[156], rval = 1'1).
Adding EN signal on $auto$ff.cc:337:slice$15126 ($sdff) from module icebreaker (D = 1'0, Q = \soc.spimem_cache.cache_valid[156]).
Adding SRST signal on $memory\soc.spimem_cache.cache_valid[157]$10029 ($dff) from module icebreaker (D = $memory\soc.spimem_cache.cache_valid$wrmux[157][1][0]$y$13317, Q = \soc.spimem_cache.cache_valid[157], rval = 1'1).
Adding EN signal on $auto$ff.cc:337:slice$15128 ($sdff) from module icebreaker (D = 1'0, Q = \soc.spimem_cache.cache_valid[157]).
Adding SRST signal on $memory\soc.spimem_cache.cache_valid[158]$10031 ($dff) from module icebreaker (D = $memory\soc.spimem_cache.cache_valid$wrmux[158][1][0]$y$13331, Q = \soc.spimem_cache.cache_valid[158], rval = 1'1).
Adding EN signal on $auto$ff.cc:337:slice$15130 ($sdff) from module icebreaker (D = 1'0, Q = \soc.spimem_cache.cache_valid[158]).
Adding SRST signal on $memory\soc.spimem_cache.cache_valid[159]$10033 ($dff) from module icebreaker (D = $memory\soc.spimem_cache.cache_valid$wrmux[159][1][0]$y$13345, Q = \soc.spimem_cache.cache_valid[159], rval = 1'1).
Adding EN signal on $auto$ff.cc:337:slice$15132 ($sdff) from module icebreaker (D = 1'0, Q = \soc.spimem_cache.cache_valid[159]).
Adding SRST signal on $memory\soc.spimem_cache.cache_valid[160]$10035 ($dff) from module icebreaker (D = $memory\soc.spimem_cache.cache_valid$wrmux[160][1][0]$y$13359, Q = \soc.spimem_cache.cache_valid[160], rval = 1'1).
Adding EN signal on $auto$ff.cc:337:slice$15134 ($sdff) from module icebreaker (D = 1'0, Q = \soc.spimem_cache.cache_valid[160]).
Adding SRST signal on $memory\soc.spimem_cache.cache_valid[161]$10037 ($dff) from module icebreaker (D = $memory\soc.spimem_cache.cache_valid$wrmux[161][1][0]$y$13375, Q = \soc.spimem_cache.cache_valid[161], rval = 1'1).
Adding EN signal on $auto$ff.cc:337:slice$15136 ($sdff) from module icebreaker (D = 1'0, Q = \soc.spimem_cache.cache_valid[161]).
Adding SRST signal on $memory\soc.spimem_cache.cache_valid[162]$10039 ($dff) from module icebreaker (D = $memory\soc.spimem_cache.cache_valid$wrmux[162][1][0]$y$13389, Q = \soc.spimem_cache.cache_valid[162], rval = 1'1).
Adding EN signal on $auto$ff.cc:337:slice$15138 ($sdff) from module icebreaker (D = 1'0, Q = \soc.spimem_cache.cache_valid[162]).
Adding SRST signal on $memory\soc.spimem_cache.cache_valid[163]$10041 ($dff) from module icebreaker (D = $memory\soc.spimem_cache.cache_valid$wrmux[163][1][0]$y$13403, Q = \soc.spimem_cache.cache_valid[163], rval = 1'1).
Adding EN signal on $auto$ff.cc:337:slice$15140 ($sdff) from module icebreaker (D = 1'0, Q = \soc.spimem_cache.cache_valid[163]).
Adding SRST signal on $memory\soc.spimem_cache.cache_valid[164]$10043 ($dff) from module icebreaker (D = $memory\soc.spimem_cache.cache_valid$wrmux[164][1][0]$y$13417, Q = \soc.spimem_cache.cache_valid[164], rval = 1'1).
Adding EN signal on $auto$ff.cc:337:slice$15142 ($sdff) from module icebreaker (D = 1'0, Q = \soc.spimem_cache.cache_valid[164]).
Adding SRST signal on $memory\soc.spimem_cache.cache_valid[165]$10045 ($dff) from module icebreaker (D = $memory\soc.spimem_cache.cache_valid$wrmux[165][1][0]$y$13431, Q = \soc.spimem_cache.cache_valid[165], rval = 1'1).
Adding EN signal on $auto$ff.cc:337:slice$15144 ($sdff) from module icebreaker (D = 1'0, Q = \soc.spimem_cache.cache_valid[165]).
Adding SRST signal on $memory\soc.spimem_cache.cache_valid[166]$10047 ($dff) from module icebreaker (D = $memory\soc.spimem_cache.cache_valid$wrmux[166][1][0]$y$13445, Q = \soc.spimem_cache.cache_valid[166], rval = 1'1).
Adding EN signal on $auto$ff.cc:337:slice$15146 ($sdff) from module icebreaker (D = 1'0, Q = \soc.spimem_cache.cache_valid[166]).
Adding SRST signal on $memory\soc.spimem_cache.cache_valid[167]$10049 ($dff) from module icebreaker (D = $memory\soc.spimem_cache.cache_valid$wrmux[167][1][0]$y$13459, Q = \soc.spimem_cache.cache_valid[167], rval = 1'1).
Adding EN signal on $auto$ff.cc:337:slice$15148 ($sdff) from module icebreaker (D = 1'0, Q = \soc.spimem_cache.cache_valid[167]).
Adding SRST signal on $memory\soc.spimem_cache.cache_valid[168]$10051 ($dff) from module icebreaker (D = $memory\soc.spimem_cache.cache_valid$wrmux[168][1][0]$y$13473, Q = \soc.spimem_cache.cache_valid[168], rval = 1'1).
Adding EN signal on $auto$ff.cc:337:slice$15150 ($sdff) from module icebreaker (D = 1'0, Q = \soc.spimem_cache.cache_valid[168]).
Adding SRST signal on $memory\soc.spimem_cache.cache_valid[169]$10053 ($dff) from module icebreaker (D = $memory\soc.spimem_cache.cache_valid$wrmux[169][1][0]$y$13487, Q = \soc.spimem_cache.cache_valid[169], rval = 1'1).
Adding EN signal on $auto$ff.cc:337:slice$15152 ($sdff) from module icebreaker (D = 1'0, Q = \soc.spimem_cache.cache_valid[169]).
Adding SRST signal on $memory\soc.spimem_cache.cache_valid[170]$10055 ($dff) from module icebreaker (D = $memory\soc.spimem_cache.cache_valid$wrmux[170][1][0]$y$13501, Q = \soc.spimem_cache.cache_valid[170], rval = 1'1).
Adding EN signal on $auto$ff.cc:337:slice$15154 ($sdff) from module icebreaker (D = 1'0, Q = \soc.spimem_cache.cache_valid[170]).
Adding SRST signal on $memory\soc.spimem_cache.cache_valid[171]$10057 ($dff) from module icebreaker (D = $memory\soc.spimem_cache.cache_valid$wrmux[171][1][0]$y$13515, Q = \soc.spimem_cache.cache_valid[171], rval = 1'1).
Adding EN signal on $auto$ff.cc:337:slice$15156 ($sdff) from module icebreaker (D = 1'0, Q = \soc.spimem_cache.cache_valid[171]).
Adding SRST signal on $memory\soc.spimem_cache.cache_valid[172]$10059 ($dff) from module icebreaker (D = $memory\soc.spimem_cache.cache_valid$wrmux[172][1][0]$y$13529, Q = \soc.spimem_cache.cache_valid[172], rval = 1'1).
Adding EN signal on $auto$ff.cc:337:slice$15158 ($sdff) from module icebreaker (D = 1'0, Q = \soc.spimem_cache.cache_valid[172]).
Adding SRST signal on $memory\soc.spimem_cache.cache_valid[173]$10061 ($dff) from module icebreaker (D = $memory\soc.spimem_cache.cache_valid$wrmux[173][1][0]$y$13543, Q = \soc.spimem_cache.cache_valid[173], rval = 1'1).
Adding EN signal on $auto$ff.cc:337:slice$15160 ($sdff) from module icebreaker (D = 1'0, Q = \soc.spimem_cache.cache_valid[173]).
Adding SRST signal on $memory\soc.spimem_cache.cache_valid[174]$10063 ($dff) from module icebreaker (D = $memory\soc.spimem_cache.cache_valid$wrmux[174][1][0]$y$13557, Q = \soc.spimem_cache.cache_valid[174], rval = 1'1).
Adding EN signal on $auto$ff.cc:337:slice$15162 ($sdff) from module icebreaker (D = 1'0, Q = \soc.spimem_cache.cache_valid[174]).
Adding SRST signal on $memory\soc.spimem_cache.cache_valid[175]$10065 ($dff) from module icebreaker (D = $memory\soc.spimem_cache.cache_valid$wrmux[175][1][0]$y$13571, Q = \soc.spimem_cache.cache_valid[175], rval = 1'1).
Adding EN signal on $auto$ff.cc:337:slice$15164 ($sdff) from module icebreaker (D = 1'0, Q = \soc.spimem_cache.cache_valid[175]).
Adding SRST signal on $memory\soc.spimem_cache.cache_valid[176]$10067 ($dff) from module icebreaker (D = $memory\soc.spimem_cache.cache_valid$wrmux[176][1][0]$y$13585, Q = \soc.spimem_cache.cache_valid[176], rval = 1'1).
Adding EN signal on $auto$ff.cc:337:slice$15166 ($sdff) from module icebreaker (D = 1'0, Q = \soc.spimem_cache.cache_valid[176]).
Adding SRST signal on $memory\soc.spimem_cache.cache_valid[177]$10069 ($dff) from module icebreaker (D = $memory\soc.spimem_cache.cache_valid$wrmux[177][1][0]$y$13601, Q = \soc.spimem_cache.cache_valid[177], rval = 1'1).
Adding EN signal on $auto$ff.cc:337:slice$15168 ($sdff) from module icebreaker (D = 1'0, Q = \soc.spimem_cache.cache_valid[177]).
Adding SRST signal on $memory\soc.spimem_cache.cache_valid[178]$10071 ($dff) from module icebreaker (D = $memory\soc.spimem_cache.cache_valid$wrmux[178][1][0]$y$13615, Q = \soc.spimem_cache.cache_valid[178], rval = 1'1).
Adding EN signal on $auto$ff.cc:337:slice$15170 ($sdff) from module icebreaker (D = 1'0, Q = \soc.spimem_cache.cache_valid[178]).
Adding SRST signal on $memory\soc.spimem_cache.cache_valid[179]$10073 ($dff) from module icebreaker (D = $memory\soc.spimem_cache.cache_valid$wrmux[179][1][0]$y$13629, Q = \soc.spimem_cache.cache_valid[179], rval = 1'1).
Adding EN signal on $auto$ff.cc:337:slice$15172 ($sdff) from module icebreaker (D = 1'0, Q = \soc.spimem_cache.cache_valid[179]).
Adding SRST signal on $memory\soc.spimem_cache.cache_valid[180]$10075 ($dff) from module icebreaker (D = $memory\soc.spimem_cache.cache_valid$wrmux[180][1][0]$y$13643, Q = \soc.spimem_cache.cache_valid[180], rval = 1'1).
Adding EN signal on $auto$ff.cc:337:slice$15174 ($sdff) from module icebreaker (D = 1'0, Q = \soc.spimem_cache.cache_valid[180]).
Adding SRST signal on $memory\soc.spimem_cache.cache_valid[181]$10077 ($dff) from module icebreaker (D = $memory\soc.spimem_cache.cache_valid$wrmux[181][1][0]$y$13657, Q = \soc.spimem_cache.cache_valid[181], rval = 1'1).
Adding EN signal on $auto$ff.cc:337:slice$15176 ($sdff) from module icebreaker (D = 1'0, Q = \soc.spimem_cache.cache_valid[181]).
Adding SRST signal on $memory\soc.spimem_cache.cache_valid[182]$10079 ($dff) from module icebreaker (D = $memory\soc.spimem_cache.cache_valid$wrmux[182][1][0]$y$13671, Q = \soc.spimem_cache.cache_valid[182], rval = 1'1).
Adding EN signal on $auto$ff.cc:337:slice$15178 ($sdff) from module icebreaker (D = 1'0, Q = \soc.spimem_cache.cache_valid[182]).
Adding SRST signal on $memory\soc.spimem_cache.cache_valid[183]$10081 ($dff) from module icebreaker (D = $memory\soc.spimem_cache.cache_valid$wrmux[183][1][0]$y$13685, Q = \soc.spimem_cache.cache_valid[183], rval = 1'1).
Adding EN signal on $auto$ff.cc:337:slice$15180 ($sdff) from module icebreaker (D = 1'0, Q = \soc.spimem_cache.cache_valid[183]).
Adding SRST signal on $memory\soc.spimem_cache.cache_valid[184]$10083 ($dff) from module icebreaker (D = $memory\soc.spimem_cache.cache_valid$wrmux[184][1][0]$y$13699, Q = \soc.spimem_cache.cache_valid[184], rval = 1'1).
Adding EN signal on $auto$ff.cc:337:slice$15182 ($sdff) from module icebreaker (D = 1'0, Q = \soc.spimem_cache.cache_valid[184]).
Adding SRST signal on $memory\soc.spimem_cache.cache_valid[185]$10085 ($dff) from module icebreaker (D = $memory\soc.spimem_cache.cache_valid$wrmux[185][1][0]$y$13713, Q = \soc.spimem_cache.cache_valid[185], rval = 1'1).
Adding EN signal on $auto$ff.cc:337:slice$15184 ($sdff) from module icebreaker (D = 1'0, Q = \soc.spimem_cache.cache_valid[185]).
Adding SRST signal on $memory\soc.spimem_cache.cache_valid[186]$10087 ($dff) from module icebreaker (D = $memory\soc.spimem_cache.cache_valid$wrmux[186][1][0]$y$13727, Q = \soc.spimem_cache.cache_valid[186], rval = 1'1).
Adding EN signal on $auto$ff.cc:337:slice$15186 ($sdff) from module icebreaker (D = 1'0, Q = \soc.spimem_cache.cache_valid[186]).
Adding SRST signal on $memory\soc.spimem_cache.cache_valid[187]$10089 ($dff) from module icebreaker (D = $memory\soc.spimem_cache.cache_valid$wrmux[187][1][0]$y$13741, Q = \soc.spimem_cache.cache_valid[187], rval = 1'1).
Adding EN signal on $auto$ff.cc:337:slice$15188 ($sdff) from module icebreaker (D = 1'0, Q = \soc.spimem_cache.cache_valid[187]).
Adding SRST signal on $memory\soc.spimem_cache.cache_valid[188]$10091 ($dff) from module icebreaker (D = $memory\soc.spimem_cache.cache_valid$wrmux[188][1][0]$y$13755, Q = \soc.spimem_cache.cache_valid[188], rval = 1'1).
Adding EN signal on $auto$ff.cc:337:slice$15190 ($sdff) from module icebreaker (D = 1'0, Q = \soc.spimem_cache.cache_valid[188]).
Adding SRST signal on $memory\soc.spimem_cache.cache_valid[189]$10093 ($dff) from module icebreaker (D = $memory\soc.spimem_cache.cache_valid$wrmux[189][1][0]$y$13769, Q = \soc.spimem_cache.cache_valid[189], rval = 1'1).
Adding EN signal on $auto$ff.cc:337:slice$15192 ($sdff) from module icebreaker (D = 1'0, Q = \soc.spimem_cache.cache_valid[189]).
Adding SRST signal on $memory\soc.spimem_cache.cache_valid[190]$10095 ($dff) from module icebreaker (D = $memory\soc.spimem_cache.cache_valid$wrmux[190][1][0]$y$13783, Q = \soc.spimem_cache.cache_valid[190], rval = 1'1).
Adding EN signal on $auto$ff.cc:337:slice$15194 ($sdff) from module icebreaker (D = 1'0, Q = \soc.spimem_cache.cache_valid[190]).
Adding SRST signal on $memory\soc.spimem_cache.cache_valid[191]$10097 ($dff) from module icebreaker (D = $memory\soc.spimem_cache.cache_valid$wrmux[191][1][0]$y$13797, Q = \soc.spimem_cache.cache_valid[191], rval = 1'1).
Adding EN signal on $auto$ff.cc:337:slice$15196 ($sdff) from module icebreaker (D = 1'0, Q = \soc.spimem_cache.cache_valid[191]).
Adding SRST signal on $memory\soc.spimem_cache.cache_valid[192]$10099 ($dff) from module icebreaker (D = $memory\soc.spimem_cache.cache_valid$wrmux[192][1][0]$y$13811, Q = \soc.spimem_cache.cache_valid[192], rval = 1'1).
Adding EN signal on $auto$ff.cc:337:slice$15198 ($sdff) from module icebreaker (D = 1'0, Q = \soc.spimem_cache.cache_valid[192]).
Adding SRST signal on $memory\soc.spimem_cache.cache_valid[193]$10101 ($dff) from module icebreaker (D = $memory\soc.spimem_cache.cache_valid$wrmux[193][1][0]$y$13829, Q = \soc.spimem_cache.cache_valid[193], rval = 1'1).
Adding EN signal on $auto$ff.cc:337:slice$15200 ($sdff) from module icebreaker (D = 1'0, Q = \soc.spimem_cache.cache_valid[193]).
Adding SRST signal on $memory\soc.spimem_cache.cache_valid[194]$10103 ($dff) from module icebreaker (D = $memory\soc.spimem_cache.cache_valid$wrmux[194][1][0]$y$13843, Q = \soc.spimem_cache.cache_valid[194], rval = 1'1).
Adding EN signal on $auto$ff.cc:337:slice$15202 ($sdff) from module icebreaker (D = 1'0, Q = \soc.spimem_cache.cache_valid[194]).
Adding SRST signal on $memory\soc.spimem_cache.cache_valid[195]$10105 ($dff) from module icebreaker (D = $memory\soc.spimem_cache.cache_valid$wrmux[195][1][0]$y$13857, Q = \soc.spimem_cache.cache_valid[195], rval = 1'1).
Adding EN signal on $auto$ff.cc:337:slice$15204 ($sdff) from module icebreaker (D = 1'0, Q = \soc.spimem_cache.cache_valid[195]).
Adding SRST signal on $memory\soc.spimem_cache.cache_valid[196]$10107 ($dff) from module icebreaker (D = $memory\soc.spimem_cache.cache_valid$wrmux[196][1][0]$y$13871, Q = \soc.spimem_cache.cache_valid[196], rval = 1'1).
Adding EN signal on $auto$ff.cc:337:slice$15206 ($sdff) from module icebreaker (D = 1'0, Q = \soc.spimem_cache.cache_valid[196]).
Adding SRST signal on $memory\soc.spimem_cache.cache_valid[197]$10109 ($dff) from module icebreaker (D = $memory\soc.spimem_cache.cache_valid$wrmux[197][1][0]$y$13885, Q = \soc.spimem_cache.cache_valid[197], rval = 1'1).
Adding EN signal on $auto$ff.cc:337:slice$15208 ($sdff) from module icebreaker (D = 1'0, Q = \soc.spimem_cache.cache_valid[197]).
Adding SRST signal on $memory\soc.spimem_cache.cache_valid[198]$10111 ($dff) from module icebreaker (D = $memory\soc.spimem_cache.cache_valid$wrmux[198][1][0]$y$13899, Q = \soc.spimem_cache.cache_valid[198], rval = 1'1).
Adding EN signal on $auto$ff.cc:337:slice$15210 ($sdff) from module icebreaker (D = 1'0, Q = \soc.spimem_cache.cache_valid[198]).
Adding SRST signal on $memory\soc.spimem_cache.cache_valid[199]$10113 ($dff) from module icebreaker (D = $memory\soc.spimem_cache.cache_valid$wrmux[199][1][0]$y$13913, Q = \soc.spimem_cache.cache_valid[199], rval = 1'1).
Adding EN signal on $auto$ff.cc:337:slice$15212 ($sdff) from module icebreaker (D = 1'0, Q = \soc.spimem_cache.cache_valid[199]).
Adding SRST signal on $memory\soc.spimem_cache.cache_valid[200]$10115 ($dff) from module icebreaker (D = $memory\soc.spimem_cache.cache_valid$wrmux[200][1][0]$y$13927, Q = \soc.spimem_cache.cache_valid[200], rval = 1'1).
Adding EN signal on $auto$ff.cc:337:slice$15214 ($sdff) from module icebreaker (D = 1'0, Q = \soc.spimem_cache.cache_valid[200]).
Adding SRST signal on $memory\soc.spimem_cache.cache_valid[201]$10117 ($dff) from module icebreaker (D = $memory\soc.spimem_cache.cache_valid$wrmux[201][1][0]$y$13941, Q = \soc.spimem_cache.cache_valid[201], rval = 1'1).
Adding EN signal on $auto$ff.cc:337:slice$15216 ($sdff) from module icebreaker (D = 1'0, Q = \soc.spimem_cache.cache_valid[201]).
Adding SRST signal on $memory\soc.spimem_cache.cache_valid[202]$10119 ($dff) from module icebreaker (D = $memory\soc.spimem_cache.cache_valid$wrmux[202][1][0]$y$13955, Q = \soc.spimem_cache.cache_valid[202], rval = 1'1).
Adding EN signal on $auto$ff.cc:337:slice$15218 ($sdff) from module icebreaker (D = 1'0, Q = \soc.spimem_cache.cache_valid[202]).
Adding SRST signal on $memory\soc.spimem_cache.cache_valid[203]$10121 ($dff) from module icebreaker (D = $memory\soc.spimem_cache.cache_valid$wrmux[203][1][0]$y$13969, Q = \soc.spimem_cache.cache_valid[203], rval = 1'1).
Adding EN signal on $auto$ff.cc:337:slice$15220 ($sdff) from module icebreaker (D = 1'0, Q = \soc.spimem_cache.cache_valid[203]).
Adding SRST signal on $memory\soc.spimem_cache.cache_valid[204]$10123 ($dff) from module icebreaker (D = $memory\soc.spimem_cache.cache_valid$wrmux[204][1][0]$y$13983, Q = \soc.spimem_cache.cache_valid[204], rval = 1'1).
Adding EN signal on $auto$ff.cc:337:slice$15222 ($sdff) from module icebreaker (D = 1'0, Q = \soc.spimem_cache.cache_valid[204]).
Adding SRST signal on $memory\soc.spimem_cache.cache_valid[205]$10125 ($dff) from module icebreaker (D = $memory\soc.spimem_cache.cache_valid$wrmux[205][1][0]$y$13997, Q = \soc.spimem_cache.cache_valid[205], rval = 1'1).
Adding EN signal on $auto$ff.cc:337:slice$15224 ($sdff) from module icebreaker (D = 1'0, Q = \soc.spimem_cache.cache_valid[205]).
Adding SRST signal on $memory\soc.spimem_cache.cache_valid[206]$10127 ($dff) from module icebreaker (D = $memory\soc.spimem_cache.cache_valid$wrmux[206][1][0]$y$14011, Q = \soc.spimem_cache.cache_valid[206], rval = 1'1).
Adding EN signal on $auto$ff.cc:337:slice$15226 ($sdff) from module icebreaker (D = 1'0, Q = \soc.spimem_cache.cache_valid[206]).
Adding SRST signal on $memory\soc.spimem_cache.cache_valid[207]$10129 ($dff) from module icebreaker (D = $memory\soc.spimem_cache.cache_valid$wrmux[207][1][0]$y$14025, Q = \soc.spimem_cache.cache_valid[207], rval = 1'1).
Adding EN signal on $auto$ff.cc:337:slice$15228 ($sdff) from module icebreaker (D = 1'0, Q = \soc.spimem_cache.cache_valid[207]).
Adding SRST signal on $memory\soc.spimem_cache.cache_valid[208]$10131 ($dff) from module icebreaker (D = $memory\soc.spimem_cache.cache_valid$wrmux[208][1][0]$y$14039, Q = \soc.spimem_cache.cache_valid[208], rval = 1'1).
Adding EN signal on $auto$ff.cc:337:slice$15230 ($sdff) from module icebreaker (D = 1'0, Q = \soc.spimem_cache.cache_valid[208]).
Adding SRST signal on $memory\soc.spimem_cache.cache_valid[209]$10133 ($dff) from module icebreaker (D = $memory\soc.spimem_cache.cache_valid$wrmux[209][1][0]$y$14055, Q = \soc.spimem_cache.cache_valid[209], rval = 1'1).
Adding EN signal on $auto$ff.cc:337:slice$15232 ($sdff) from module icebreaker (D = 1'0, Q = \soc.spimem_cache.cache_valid[209]).
Adding SRST signal on $memory\soc.spimem_cache.cache_valid[210]$10135 ($dff) from module icebreaker (D = $memory\soc.spimem_cache.cache_valid$wrmux[210][1][0]$y$14069, Q = \soc.spimem_cache.cache_valid[210], rval = 1'1).
Adding EN signal on $auto$ff.cc:337:slice$15234 ($sdff) from module icebreaker (D = 1'0, Q = \soc.spimem_cache.cache_valid[210]).
Adding SRST signal on $memory\soc.spimem_cache.cache_valid[211]$10137 ($dff) from module icebreaker (D = $memory\soc.spimem_cache.cache_valid$wrmux[211][1][0]$y$14083, Q = \soc.spimem_cache.cache_valid[211], rval = 1'1).
Adding EN signal on $auto$ff.cc:337:slice$15236 ($sdff) from module icebreaker (D = 1'0, Q = \soc.spimem_cache.cache_valid[211]).
Adding SRST signal on $memory\soc.spimem_cache.cache_valid[212]$10139 ($dff) from module icebreaker (D = $memory\soc.spimem_cache.cache_valid$wrmux[212][1][0]$y$14097, Q = \soc.spimem_cache.cache_valid[212], rval = 1'1).
Adding EN signal on $auto$ff.cc:337:slice$15238 ($sdff) from module icebreaker (D = 1'0, Q = \soc.spimem_cache.cache_valid[212]).
Adding SRST signal on $memory\soc.spimem_cache.cache_valid[213]$10141 ($dff) from module icebreaker (D = $memory\soc.spimem_cache.cache_valid$wrmux[213][1][0]$y$14111, Q = \soc.spimem_cache.cache_valid[213], rval = 1'1).
Adding EN signal on $auto$ff.cc:337:slice$15240 ($sdff) from module icebreaker (D = 1'0, Q = \soc.spimem_cache.cache_valid[213]).
Adding SRST signal on $memory\soc.spimem_cache.cache_valid[214]$10143 ($dff) from module icebreaker (D = $memory\soc.spimem_cache.cache_valid$wrmux[214][1][0]$y$14125, Q = \soc.spimem_cache.cache_valid[214], rval = 1'1).
Adding EN signal on $auto$ff.cc:337:slice$15242 ($sdff) from module icebreaker (D = 1'0, Q = \soc.spimem_cache.cache_valid[214]).
Adding SRST signal on $memory\soc.spimem_cache.cache_valid[215]$10145 ($dff) from module icebreaker (D = $memory\soc.spimem_cache.cache_valid$wrmux[215][1][0]$y$14139, Q = \soc.spimem_cache.cache_valid[215], rval = 1'1).
Adding EN signal on $auto$ff.cc:337:slice$15244 ($sdff) from module icebreaker (D = 1'0, Q = \soc.spimem_cache.cache_valid[215]).
Adding SRST signal on $memory\soc.spimem_cache.cache_valid[216]$10147 ($dff) from module icebreaker (D = $memory\soc.spimem_cache.cache_valid$wrmux[216][1][0]$y$14153, Q = \soc.spimem_cache.cache_valid[216], rval = 1'1).
Adding EN signal on $auto$ff.cc:337:slice$15246 ($sdff) from module icebreaker (D = 1'0, Q = \soc.spimem_cache.cache_valid[216]).
Adding SRST signal on $memory\soc.spimem_cache.cache_valid[217]$10149 ($dff) from module icebreaker (D = $memory\soc.spimem_cache.cache_valid$wrmux[217][1][0]$y$14167, Q = \soc.spimem_cache.cache_valid[217], rval = 1'1).
Adding EN signal on $auto$ff.cc:337:slice$15248 ($sdff) from module icebreaker (D = 1'0, Q = \soc.spimem_cache.cache_valid[217]).
Adding SRST signal on $memory\soc.spimem_cache.cache_valid[218]$10151 ($dff) from module icebreaker (D = $memory\soc.spimem_cache.cache_valid$wrmux[218][1][0]$y$14181, Q = \soc.spimem_cache.cache_valid[218], rval = 1'1).
Adding EN signal on $auto$ff.cc:337:slice$15250 ($sdff) from module icebreaker (D = 1'0, Q = \soc.spimem_cache.cache_valid[218]).
Adding SRST signal on $memory\soc.spimem_cache.cache_valid[219]$10153 ($dff) from module icebreaker (D = $memory\soc.spimem_cache.cache_valid$wrmux[219][1][0]$y$14195, Q = \soc.spimem_cache.cache_valid[219], rval = 1'1).
Adding EN signal on $auto$ff.cc:337:slice$15252 ($sdff) from module icebreaker (D = 1'0, Q = \soc.spimem_cache.cache_valid[219]).
Adding SRST signal on $memory\soc.spimem_cache.cache_valid[220]$10155 ($dff) from module icebreaker (D = $memory\soc.spimem_cache.cache_valid$wrmux[220][1][0]$y$14209, Q = \soc.spimem_cache.cache_valid[220], rval = 1'1).
Adding EN signal on $auto$ff.cc:337:slice$15254 ($sdff) from module icebreaker (D = 1'0, Q = \soc.spimem_cache.cache_valid[220]).
Adding SRST signal on $memory\soc.spimem_cache.cache_valid[221]$10157 ($dff) from module icebreaker (D = $memory\soc.spimem_cache.cache_valid$wrmux[221][1][0]$y$14223, Q = \soc.spimem_cache.cache_valid[221], rval = 1'1).
Adding EN signal on $auto$ff.cc:337:slice$15256 ($sdff) from module icebreaker (D = 1'0, Q = \soc.spimem_cache.cache_valid[221]).
Adding SRST signal on $memory\soc.spimem_cache.cache_valid[222]$10159 ($dff) from module icebreaker (D = $memory\soc.spimem_cache.cache_valid$wrmux[222][1][0]$y$14237, Q = \soc.spimem_cache.cache_valid[222], rval = 1'1).
Adding EN signal on $auto$ff.cc:337:slice$15258 ($sdff) from module icebreaker (D = 1'0, Q = \soc.spimem_cache.cache_valid[222]).
Adding SRST signal on $memory\soc.spimem_cache.cache_valid[223]$10161 ($dff) from module icebreaker (D = $memory\soc.spimem_cache.cache_valid$wrmux[223][1][0]$y$14251, Q = \soc.spimem_cache.cache_valid[223], rval = 1'1).
Adding EN signal on $auto$ff.cc:337:slice$15260 ($sdff) from module icebreaker (D = 1'0, Q = \soc.spimem_cache.cache_valid[223]).
Adding SRST signal on $memory\soc.spimem_cache.cache_valid[224]$10163 ($dff) from module icebreaker (D = $memory\soc.spimem_cache.cache_valid$wrmux[224][1][0]$y$14265, Q = \soc.spimem_cache.cache_valid[224], rval = 1'1).
Adding EN signal on $auto$ff.cc:337:slice$15262 ($sdff) from module icebreaker (D = 1'0, Q = \soc.spimem_cache.cache_valid[224]).
Adding SRST signal on $memory\soc.spimem_cache.cache_valid[225]$10165 ($dff) from module icebreaker (D = $memory\soc.spimem_cache.cache_valid$wrmux[225][1][0]$y$14281, Q = \soc.spimem_cache.cache_valid[225], rval = 1'1).
Adding EN signal on $auto$ff.cc:337:slice$15264 ($sdff) from module icebreaker (D = 1'0, Q = \soc.spimem_cache.cache_valid[225]).
Adding SRST signal on $memory\soc.spimem_cache.cache_valid[226]$10167 ($dff) from module icebreaker (D = $memory\soc.spimem_cache.cache_valid$wrmux[226][1][0]$y$14295, Q = \soc.spimem_cache.cache_valid[226], rval = 1'1).
Adding EN signal on $auto$ff.cc:337:slice$15266 ($sdff) from module icebreaker (D = 1'0, Q = \soc.spimem_cache.cache_valid[226]).
Adding SRST signal on $memory\soc.spimem_cache.cache_valid[227]$10169 ($dff) from module icebreaker (D = $memory\soc.spimem_cache.cache_valid$wrmux[227][1][0]$y$14309, Q = \soc.spimem_cache.cache_valid[227], rval = 1'1).
Adding EN signal on $auto$ff.cc:337:slice$15268 ($sdff) from module icebreaker (D = 1'0, Q = \soc.spimem_cache.cache_valid[227]).
Adding SRST signal on $memory\soc.spimem_cache.cache_valid[228]$10171 ($dff) from module icebreaker (D = $memory\soc.spimem_cache.cache_valid$wrmux[228][1][0]$y$14323, Q = \soc.spimem_cache.cache_valid[228], rval = 1'1).
Adding EN signal on $auto$ff.cc:337:slice$15270 ($sdff) from module icebreaker (D = 1'0, Q = \soc.spimem_cache.cache_valid[228]).
Adding SRST signal on $memory\soc.spimem_cache.cache_valid[229]$10173 ($dff) from module icebreaker (D = $memory\soc.spimem_cache.cache_valid$wrmux[229][1][0]$y$14337, Q = \soc.spimem_cache.cache_valid[229], rval = 1'1).
Adding EN signal on $auto$ff.cc:337:slice$15272 ($sdff) from module icebreaker (D = 1'0, Q = \soc.spimem_cache.cache_valid[229]).
Adding SRST signal on $memory\soc.spimem_cache.cache_valid[230]$10175 ($dff) from module icebreaker (D = $memory\soc.spimem_cache.cache_valid$wrmux[230][1][0]$y$14351, Q = \soc.spimem_cache.cache_valid[230], rval = 1'1).
Adding EN signal on $auto$ff.cc:337:slice$15274 ($sdff) from module icebreaker (D = 1'0, Q = \soc.spimem_cache.cache_valid[230]).
Adding SRST signal on $memory\soc.spimem_cache.cache_valid[231]$10177 ($dff) from module icebreaker (D = $memory\soc.spimem_cache.cache_valid$wrmux[231][1][0]$y$14365, Q = \soc.spimem_cache.cache_valid[231], rval = 1'1).
Adding EN signal on $auto$ff.cc:337:slice$15276 ($sdff) from module icebreaker (D = 1'0, Q = \soc.spimem_cache.cache_valid[231]).
Adding SRST signal on $memory\soc.spimem_cache.cache_valid[232]$10179 ($dff) from module icebreaker (D = $memory\soc.spimem_cache.cache_valid$wrmux[232][1][0]$y$14379, Q = \soc.spimem_cache.cache_valid[232], rval = 1'1).
Adding EN signal on $auto$ff.cc:337:slice$15278 ($sdff) from module icebreaker (D = 1'0, Q = \soc.spimem_cache.cache_valid[232]).
Adding SRST signal on $memory\soc.spimem_cache.cache_valid[233]$10181 ($dff) from module icebreaker (D = $memory\soc.spimem_cache.cache_valid$wrmux[233][1][0]$y$14393, Q = \soc.spimem_cache.cache_valid[233], rval = 1'1).
Adding EN signal on $auto$ff.cc:337:slice$15280 ($sdff) from module icebreaker (D = 1'0, Q = \soc.spimem_cache.cache_valid[233]).
Adding SRST signal on $memory\soc.spimem_cache.cache_valid[234]$10183 ($dff) from module icebreaker (D = $memory\soc.spimem_cache.cache_valid$wrmux[234][1][0]$y$14407, Q = \soc.spimem_cache.cache_valid[234], rval = 1'1).
Adding EN signal on $auto$ff.cc:337:slice$15282 ($sdff) from module icebreaker (D = 1'0, Q = \soc.spimem_cache.cache_valid[234]).
Adding SRST signal on $memory\soc.spimem_cache.cache_valid[235]$10185 ($dff) from module icebreaker (D = $memory\soc.spimem_cache.cache_valid$wrmux[235][1][0]$y$14421, Q = \soc.spimem_cache.cache_valid[235], rval = 1'1).
Adding EN signal on $auto$ff.cc:337:slice$15284 ($sdff) from module icebreaker (D = 1'0, Q = \soc.spimem_cache.cache_valid[235]).
Adding SRST signal on $memory\soc.spimem_cache.cache_valid[236]$10187 ($dff) from module icebreaker (D = $memory\soc.spimem_cache.cache_valid$wrmux[236][1][0]$y$14435, Q = \soc.spimem_cache.cache_valid[236], rval = 1'1).
Adding EN signal on $auto$ff.cc:337:slice$15286 ($sdff) from module icebreaker (D = 1'0, Q = \soc.spimem_cache.cache_valid[236]).
Adding SRST signal on $memory\soc.spimem_cache.cache_valid[237]$10189 ($dff) from module icebreaker (D = $memory\soc.spimem_cache.cache_valid$wrmux[237][1][0]$y$14449, Q = \soc.spimem_cache.cache_valid[237], rval = 1'1).
Adding EN signal on $auto$ff.cc:337:slice$15288 ($sdff) from module icebreaker (D = 1'0, Q = \soc.spimem_cache.cache_valid[237]).
Adding SRST signal on $memory\soc.spimem_cache.cache_valid[238]$10191 ($dff) from module icebreaker (D = $memory\soc.spimem_cache.cache_valid$wrmux[238][1][0]$y$14463, Q = \soc.spimem_cache.cache_valid[238], rval = 1'1).
Adding EN signal on $auto$ff.cc:337:slice$15290 ($sdff) from module icebreaker (D = 1'0, Q = \soc.spimem_cache.cache_valid[238]).
Adding SRST signal on $memory\soc.spimem_cache.cache_valid[239]$10193 ($dff) from module icebreaker (D = $memory\soc.spimem_cache.cache_valid$wrmux[239][1][0]$y$14477, Q = \soc.spimem_cache.cache_valid[239], rval = 1'1).
Adding EN signal on $auto$ff.cc:337:slice$15292 ($sdff) from module icebreaker (D = 1'0, Q = \soc.spimem_cache.cache_valid[239]).
Adding SRST signal on $memory\soc.spimem_cache.cache_valid[240]$10195 ($dff) from module icebreaker (D = $memory\soc.spimem_cache.cache_valid$wrmux[240][1][0]$y$14491, Q = \soc.spimem_cache.cache_valid[240], rval = 1'1).
Adding EN signal on $auto$ff.cc:337:slice$15294 ($sdff) from module icebreaker (D = 1'0, Q = \soc.spimem_cache.cache_valid[240]).
Adding SRST signal on $memory\soc.spimem_cache.cache_valid[241]$10197 ($dff) from module icebreaker (D = $memory\soc.spimem_cache.cache_valid$wrmux[241][1][0]$y$14507, Q = \soc.spimem_cache.cache_valid[241], rval = 1'1).
Adding EN signal on $auto$ff.cc:337:slice$15296 ($sdff) from module icebreaker (D = 1'0, Q = \soc.spimem_cache.cache_valid[241]).
Adding SRST signal on $memory\soc.spimem_cache.cache_valid[242]$10199 ($dff) from module icebreaker (D = $memory\soc.spimem_cache.cache_valid$wrmux[242][1][0]$y$14521, Q = \soc.spimem_cache.cache_valid[242], rval = 1'1).
Adding EN signal on $auto$ff.cc:337:slice$15298 ($sdff) from module icebreaker (D = 1'0, Q = \soc.spimem_cache.cache_valid[242]).
Adding SRST signal on $memory\soc.spimem_cache.cache_valid[243]$10201 ($dff) from module icebreaker (D = $memory\soc.spimem_cache.cache_valid$wrmux[243][1][0]$y$14535, Q = \soc.spimem_cache.cache_valid[243], rval = 1'1).
Adding EN signal on $auto$ff.cc:337:slice$15300 ($sdff) from module icebreaker (D = 1'0, Q = \soc.spimem_cache.cache_valid[243]).
Adding SRST signal on $memory\soc.spimem_cache.cache_valid[244]$10203 ($dff) from module icebreaker (D = $memory\soc.spimem_cache.cache_valid$wrmux[244][1][0]$y$14549, Q = \soc.spimem_cache.cache_valid[244], rval = 1'1).
Adding EN signal on $auto$ff.cc:337:slice$15302 ($sdff) from module icebreaker (D = 1'0, Q = \soc.spimem_cache.cache_valid[244]).
Adding SRST signal on $memory\soc.spimem_cache.cache_valid[245]$10205 ($dff) from module icebreaker (D = $memory\soc.spimem_cache.cache_valid$wrmux[245][1][0]$y$14563, Q = \soc.spimem_cache.cache_valid[245], rval = 1'1).
Adding EN signal on $auto$ff.cc:337:slice$15304 ($sdff) from module icebreaker (D = 1'0, Q = \soc.spimem_cache.cache_valid[245]).
Adding SRST signal on $memory\soc.spimem_cache.cache_valid[246]$10207 ($dff) from module icebreaker (D = $memory\soc.spimem_cache.cache_valid$wrmux[246][1][0]$y$14577, Q = \soc.spimem_cache.cache_valid[246], rval = 1'1).
Adding EN signal on $auto$ff.cc:337:slice$15306 ($sdff) from module icebreaker (D = 1'0, Q = \soc.spimem_cache.cache_valid[246]).
Adding SRST signal on $memory\soc.spimem_cache.cache_valid[247]$10209 ($dff) from module icebreaker (D = $memory\soc.spimem_cache.cache_valid$wrmux[247][1][0]$y$14591, Q = \soc.spimem_cache.cache_valid[247], rval = 1'1).
Adding EN signal on $auto$ff.cc:337:slice$15308 ($sdff) from module icebreaker (D = 1'0, Q = \soc.spimem_cache.cache_valid[247]).
Adding SRST signal on $memory\soc.spimem_cache.cache_valid[248]$10211 ($dff) from module icebreaker (D = $memory\soc.spimem_cache.cache_valid$wrmux[248][1][0]$y$14605, Q = \soc.spimem_cache.cache_valid[248], rval = 1'1).
Adding EN signal on $auto$ff.cc:337:slice$15310 ($sdff) from module icebreaker (D = 1'0, Q = \soc.spimem_cache.cache_valid[248]).
Adding SRST signal on $memory\soc.spimem_cache.cache_valid[249]$10213 ($dff) from module icebreaker (D = $memory\soc.spimem_cache.cache_valid$wrmux[249][1][0]$y$14619, Q = \soc.spimem_cache.cache_valid[249], rval = 1'1).
Adding EN signal on $auto$ff.cc:337:slice$15312 ($sdff) from module icebreaker (D = 1'0, Q = \soc.spimem_cache.cache_valid[249]).
Adding SRST signal on $memory\soc.spimem_cache.cache_valid[250]$10215 ($dff) from module icebreaker (D = $memory\soc.spimem_cache.cache_valid$wrmux[250][1][0]$y$14633, Q = \soc.spimem_cache.cache_valid[250], rval = 1'1).
Adding EN signal on $auto$ff.cc:337:slice$15314 ($sdff) from module icebreaker (D = 1'0, Q = \soc.spimem_cache.cache_valid[250]).
Adding SRST signal on $memory\soc.spimem_cache.cache_valid[251]$10217 ($dff) from module icebreaker (D = $memory\soc.spimem_cache.cache_valid$wrmux[251][1][0]$y$14647, Q = \soc.spimem_cache.cache_valid[251], rval = 1'1).
Adding EN signal on $auto$ff.cc:337:slice$15316 ($sdff) from module icebreaker (D = 1'0, Q = \soc.spimem_cache.cache_valid[251]).
Adding SRST signal on $memory\soc.spimem_cache.cache_valid[252]$10219 ($dff) from module icebreaker (D = $memory\soc.spimem_cache.cache_valid$wrmux[252][1][0]$y$14661, Q = \soc.spimem_cache.cache_valid[252], rval = 1'1).
Adding EN signal on $auto$ff.cc:337:slice$15318 ($sdff) from module icebreaker (D = 1'0, Q = \soc.spimem_cache.cache_valid[252]).
Adding SRST signal on $memory\soc.spimem_cache.cache_valid[253]$10221 ($dff) from module icebreaker (D = $memory\soc.spimem_cache.cache_valid$wrmux[253][1][0]$y$14675, Q = \soc.spimem_cache.cache_valid[253], rval = 1'1).
Adding EN signal on $auto$ff.cc:337:slice$15320 ($sdff) from module icebreaker (D = 1'0, Q = \soc.spimem_cache.cache_valid[253]).
Adding SRST signal on $memory\soc.spimem_cache.cache_valid[254]$10223 ($dff) from module icebreaker (D = $memory\soc.spimem_cache.cache_valid$wrmux[254][1][0]$y$14689, Q = \soc.spimem_cache.cache_valid[254], rval = 1'1).
Adding EN signal on $auto$ff.cc:337:slice$15322 ($sdff) from module icebreaker (D = 1'0, Q = \soc.spimem_cache.cache_valid[254]).
Adding SRST signal on $memory\soc.spimem_cache.cache_valid[255]$10225 ($dff) from module icebreaker (D = $memory\soc.spimem_cache.cache_valid$wrmux[255][1][0]$y$14703, Q = \soc.spimem_cache.cache_valid[255], rval = 1'1).
Adding EN signal on $auto$ff.cc:337:slice$15324 ($sdff) from module icebreaker (D = 1'0, Q = \soc.spimem_cache.cache_valid[255]).
Setting constant 0-bit at position 0 on $auto$ff.cc:337:slice$9155 ($dffe) from module icebreaker.
Setting constant 0-bit at position 1 on $auto$ff.cc:337:slice$9155 ($dffe) from module icebreaker.
Setting constant 0-bit at position 3 on $auto$ff.cc:337:slice$8755 ($sdffe) from module icebreaker.

7.36.14. Executing OPT_CLEAN pass (remove unused cells and wires).
Finding unused cells or wires in module \icebreaker..
Removed 512 unused cells and 512 unused wires.
<suppressed ~513 debug messages>

7.36.15. Executing OPT_EXPR pass (perform const folding).
Optimizing module icebreaker.
<suppressed ~4 debug messages>

7.36.16. Rerunning OPT passes. (Maybe there is more to do..)

7.36.17. Executing OPT_MUXTREE pass (detect dead branches in mux trees).
Running muxtree optimizer on module \icebreaker..
  Creating internal representation of mux trees.
  Evaluating internal representation of mux trees.
  Analyzing evaluation results.
Removed 0 multiplexer ports.
<suppressed ~761 debug messages>

7.36.18. Executing OPT_REDUCE pass (consolidate $*mux and $reduce_* inputs).
  Optimizing cells in module \icebreaker.
Performed a total of 0 changes.

7.36.19. Executing OPT_MERGE pass (detect identical cells).
Finding identical cells in module `\icebreaker'.
Computing hashes of 2540 cells of `\icebreaker'.
Finding duplicate cells in `\icebreaker'.
Removed a total of 0 cells.

7.36.20. Executing OPT_DFF pass (perform DFF optimizations).
Setting constant 0-bit at position 3 on $auto$ff.cc:337:slice$8840 ($sdffe) from module icebreaker.

7.36.21. Executing OPT_CLEAN pass (remove unused cells and wires).
Finding unused cells or wires in module \icebreaker..

7.36.22. Executing OPT_EXPR pass (perform const folding).
Optimizing module icebreaker.

7.36.23. Rerunning OPT passes. (Maybe there is more to do..)

7.36.24. Executing OPT_MUXTREE pass (detect dead branches in mux trees).
Running muxtree optimizer on module \icebreaker..
  Creating internal representation of mux trees.
  Evaluating internal representation of mux trees.
  Analyzing evaluation results.
Removed 0 multiplexer ports.
<suppressed ~761 debug messages>

7.36.25. Executing OPT_REDUCE pass (consolidate $*mux and $reduce_* inputs).
  Optimizing cells in module \icebreaker.
Performed a total of 0 changes.

7.36.26. Executing OPT_MERGE pass (detect identical cells).
Finding identical cells in module `\icebreaker'.
Computing hashes of 2540 cells of `\icebreaker'.
Finding duplicate cells in `\icebreaker'.
Removed a total of 0 cells.

7.36.27. Executing OPT_DFF pass (perform DFF optimizations).
Setting constant 0-bit at position 3 on $flatten\soc.\spimemio.\xfer.$procdff$6870 ($dff) from module icebreaker.

7.36.28. Executing OPT_CLEAN pass (remove unused cells and wires).
Finding unused cells or wires in module \icebreaker..

7.36.29. Executing OPT_EXPR pass (perform const folding).
Optimizing module icebreaker.

7.36.30. Rerunning OPT passes. (Maybe there is more to do..)

7.36.31. Executing OPT_MUXTREE pass (detect dead branches in mux trees).
Running muxtree optimizer on module \icebreaker..
  Creating internal representation of mux trees.
  Evaluating internal representation of mux trees.
  Analyzing evaluation results.
Removed 0 multiplexer ports.
<suppressed ~761 debug messages>

7.36.32. Executing OPT_REDUCE pass (consolidate $*mux and $reduce_* inputs).
  Optimizing cells in module \icebreaker.
Performed a total of 0 changes.

7.36.33. Executing OPT_MERGE pass (detect identical cells).
Finding identical cells in module `\icebreaker'.
Computing hashes of 2540 cells of `\icebreaker'.
Finding duplicate cells in `\icebreaker'.
Removed a total of 0 cells.

7.36.34. Executing OPT_DFF pass (perform DFF optimizations).

7.36.35. Executing OPT_CLEAN pass (remove unused cells and wires).
Finding unused cells or wires in module \icebreaker..

7.36.36. Executing OPT_EXPR pass (perform const folding).
Optimizing module icebreaker.

7.36.37. Finished fast OPT passes. (There is nothing left to do.)

7.37. Executing ICE40_WRAPCARRY pass (wrap carries).

7.38. Executing TECHMAP pass (map to technology primitives).

7.38.1. Executing Verilog-2005 frontend: /homes/cl2033/oss-cad-suite/lib/../share/yosys/techmap.v
Parsing Verilog input from `/homes/cl2033/oss-cad-suite/lib/../share/yosys/techmap.v' to AST representation.
Generating RTLIL representation for module `\_90_simplemap_bool_ops'.
Generating RTLIL representation for module `\_90_simplemap_reduce_ops'.
Generating RTLIL representation for module `\_90_simplemap_logic_ops'.
Generating RTLIL representation for module `\_90_simplemap_compare_ops'.
Generating RTLIL representation for module `\_90_simplemap_various'.
Generating RTLIL representation for module `\_90_simplemap_registers'.
Generating RTLIL representation for module `\_90_shift_ops_shr_shl_sshl_sshr'.
Generating RTLIL representation for module `\_90_shift_shiftx'.
Generating RTLIL representation for module `\_90_fa'.
Generating RTLIL representation for module `\_90_lcu_brent_kung'.
Generating RTLIL representation for module `\_90_alu'.
Generating RTLIL representation for module `\_90_macc'.
Generating RTLIL representation for module `\_90_alumacc'.
Generating RTLIL representation for module `$__div_mod_u'.
Generating RTLIL representation for module `$__div_mod_trunc'.
Generating RTLIL representation for module `\_90_div'.
Generating RTLIL representation for module `\_90_mod'.
Generating RTLIL representation for module `$__div_mod_floor'.
Generating RTLIL representation for module `\_90_divfloor'.
Generating RTLIL representation for module `\_90_modfloor'.
Generating RTLIL representation for module `\_90_pow'.
Generating RTLIL representation for module `\_90_pmux'.
Generating RTLIL representation for module `\_90_demux'.
Generating RTLIL representation for module `\_90_lut'.
Generating RTLIL representation for module `$connect'.
Generating RTLIL representation for module `$input_port'.
Successfully finished Verilog frontend.

7.38.2. Executing Verilog-2005 frontend: /homes/cl2033/oss-cad-suite/lib/../share/yosys/ice40/arith_map.v
Parsing Verilog input from `/homes/cl2033/oss-cad-suite/lib/../share/yosys/ice40/arith_map.v' to AST representation.
Generating RTLIL representation for module `\_80_ice40_alu'.
Successfully finished Verilog frontend.

7.38.3. Continuing TECHMAP pass.
Using extmapper simplemap for cells of type $dff.
Using extmapper simplemap for cells of type $sdffe.
Using extmapper simplemap for cells of type $dffe.
Using extmapper simplemap for cells of type $sdffce.
Using extmapper simplemap for cells of type $reduce_or.
Using extmapper simplemap for cells of type $and.
Using extmapper simplemap for cells of type $not.
Using extmapper simplemap for cells of type $ne.
Using extmapper simplemap for cells of type $mux.
Using extmapper simplemap for cells of type $eq.
Using template $paramod$754650b284649a026620fc6856e5b6886cbfe794\_80_ice40_alu for cells of type $alu.
Using template $paramod$6a42b6fefed750f8a1c58eab59479d960557103c\_80_ice40_alu for cells of type $alu.
Using template $paramod$32a7b7b86c07519b7537abc18e96f0331f97914d\_80_ice40_alu for cells of type $alu.
Using template $paramod$8742280fdebca84e1c87f2a86ed84f62d558f4cc\_80_ice40_alu for cells of type $alu.
Using template $paramod$fbc7873bff55778c0b3173955b7e4bce1d9d6834\_80_ice40_alu for cells of type $alu.
Using template $paramod$16349e5f556ea87a576d7d9941c668f31b6ef10b\_80_ice40_alu for cells of type $alu.
Using extmapper simplemap for cells of type $or.
Using extmapper simplemap for cells of type $reduce_and.
Using template $paramod$b8c0a997bce700f23568a5ada79cc6781d1f5ca0\_80_ice40_alu for cells of type $alu.
Using template $paramod$dc04b7d98e503a7bab16fce2df70e6e2c5ca34d6\_80_ice40_alu for cells of type $alu.
Using template $paramod$c04af8dbf0e5d1d69bbccb2c7bd8a93fc9ef54dc\_80_ice40_alu for cells of type $alu.
Using template $paramod$44a13d10af618e7fbe7b9aad2f6151ffcee1e2fa\_80_ice40_alu for cells of type $alu.
Using extmapper simplemap for cells of type $xor.
Using template $paramod$ba698a254f9a5947e85cbe7beae6b161eefc5386\_90_alu for cells of type $alu.
Using template $paramod$fc972a7a46956c1788f3cb5257b53c8f1df2d0cc\_90_alu for cells of type $alu.
Using template $paramod$cc80a4e89b0341cb117f5d28b0e7244620640141\_80_ice40_alu for cells of type $alu.
Using template $paramod$8fabc56b80a569262acfc42757a02ca0b8e91278\_90_pmux for cells of type $pmux.
Using template $paramod$ebf89ea36a793f0f77858f212141d47c833068ad\_80_ice40_alu for cells of type $alu.
Using template $paramod$6df0329addda9228fcc2546de2aaf14ad26c98e1\_80_ice40_alu for cells of type $alu.
Using template $paramod$f2669549f09b95f02f9cc0de2d22c189491fb0c0\_80_ice40_alu for cells of type $alu.
Using template $paramod$2653f68ddb8eab7b1907b4a20767b72a824a7a36\_80_ice40_alu for cells of type $alu.
Using template $paramod$32efbfac1c4dc57230cf86180788fdfd12e3b511\_80_ice40_alu for cells of type $alu.
Using template $paramod$675ee3ed071b156aa661bdfa838b7e469d095ac0\_80_ice40_alu for cells of type $alu.
Using template $paramod$10ed987432f06055e5279101f9ec60a49861b43c\_80_ice40_alu for cells of type $alu.
Using template $paramod$403a3c2fa431a154c52a6a5429d7a6260b5d144f\_80_ice40_alu for cells of type $alu.
Using extmapper maccmap for cells of type $macc_v2.
  add { 1'0 \soc.cpu.genblk1.pcpi_mul.rs1 [31:16] } * \soc.cpu.genblk1.pcpi_mul.rs2 [32] (17x1 bits, signed)
  add { 1'0 \soc.cpu.genblk1.pcpi_mul.rs1 [15:0] } * \soc.cpu.genblk1.pcpi_mul.rs2 [32] (17x1 bits, signed)
  add $flatten\soc.\cpu.\genblk1.pcpi_mul.$mul$../picorv32.v:2371$2134.genblk1.genblk1.genblk1.genblk1.genblk1.genblk1.sliceA[0].mul.genblk1.genblk1.genblk1.genblk1.genblk1.genblk1.genblk1.blk.partial_sum[1] [48:32] (17 bits, unsigned)
  packed 1 (1) bits / 1 words into adder tree
  add \soc.cpu.genblk1.pcpi_mul.rs2 * \soc.cpu.genblk1.pcpi_mul.rs1 [32] (33x1 bits, signed)
Using extmapper simplemap for cells of type $sdff.
Using extmapper simplemap for cells of type $reduce_bool.
Using extmapper simplemap for cells of type $logic_not.
Using extmapper simplemap for cells of type $logic_and.
Using template $paramod$54d740639e1393b22262823179ff783ea9f17a35\_90_pmux for cells of type $pmux.
Using template $paramod$c2e415ef15bc3ccd2723772353a6b450d3d76206\_90_pmux for cells of type $pmux.
Using extmapper simplemap for cells of type $logic_or.
Using template $paramod$d629d85c8826a74239b9178d1930215a43b0ceb0\_90_pmux for cells of type $pmux.
Using template $paramod$d31bf4d7d72e59528d18fbd4f322e9d608532043\_90_pmux for cells of type $pmux.
Using template $paramod$fedb90247e1daaa8b0af86a595f377181f141d27\_90_pmux for cells of type $pmux.
Using template $paramod$d7387fdb214042e5ef2d69a3f74948694b4bb65e\_90_pmux for cells of type $pmux.
Using template $paramod$c5c783b17ab1d780abfad8cfe6563a0a7b47a3b0\_90_pmux for cells of type $pmux.
Using template $paramod$b756e651b7db7aeb455331d9a2df073db93fcc2e\_90_pmux for cells of type $pmux.
Using template $paramod$fc16b9f758000d363d24f130038bd99b46b4fa1b\_90_pmux for cells of type $pmux.
Using template $paramod$constmap:574a95964644c704a7e64c257267b27c2c48aa52$paramod$77562a466236eb4a6d905351a0995599b75075cb\_90_shift_ops_shr_shl_sshl_sshr for cells of type $shl.
Using template $paramod$bf2533632d512eac76dd186c0da49367e29b8e98\_90_pmux for cells of type $pmux.
Using template $paramod$645fe0cc96ae5edb83bff90cc2c78f4a20ca3e3c\_90_pmux for cells of type $pmux.
Using template $paramod$521ce43182eecb9f60c72393a788160d2c356bf5\_90_pmux for cells of type $pmux.
Using template $paramod$cc1e387d9d5ac1d3f6e6bed180038d9c0ac48d0c\_90_pmux for cells of type $pmux.
Using template $paramod$b098bc6f249c0ac91c4d6e19d54b23c285914115\_90_pmux for cells of type $pmux.
Using template $paramod$2407ada40cc3dda6c6015be2b49b748cddb5a800\_90_pmux for cells of type $pmux.
Using template $paramod$59b03ae2620a41577de8da5f5c97b2919e82362b\_90_pmux for cells of type $pmux.
Using template $paramod$dbef6e48cd28208af1b77a9bd7dfc80580f16131\_80_ice40_alu for cells of type $alu.
Using template $paramod$3bb72ad0665cdca279bbc49ed6a39f403f16497f\_80_ice40_alu for cells of type $alu.
Using extmapper simplemap for cells of type $pos.
Using template $paramod\_90_fa\WIDTH=32'00000000000000000000000000000001 for cells of type $fa.
Using template $paramod\_90_lcu_brent_kung\WIDTH=32'00000000000000000000000000000001 for cells of type $lcu.
Using template $paramod\_90_fa\WIDTH=32'00000000000000000000000000000010 for cells of type $fa.
Using template $paramod\_90_lcu_brent_kung\WIDTH=32'00000000000000000000000000000010 for cells of type $lcu.
No more expansions possible.
<suppressed ~4531 debug messages>

7.39. Executing OPT pass (performing simple optimizations).

7.39.1. Executing OPT_EXPR pass (perform const folding).
Optimizing module icebreaker.
<suppressed ~3560 debug messages>

7.39.2. Executing OPT_MERGE pass (detect identical cells).
Finding identical cells in module `\icebreaker'.
Computing hashes of 13161 cells of `\icebreaker'.
Finding duplicate cells in `\icebreaker'.
Computing hashes of 11791 cells of `\icebreaker'.
Finding duplicate cells in `\icebreaker'.
Computing hashes of 11327 cells of `\icebreaker'.
Finding duplicate cells in `\icebreaker'.
Computing hashes of 11213 cells of `\icebreaker'.
Finding duplicate cells in `\icebreaker'.
Computing hashes of 11200 cells of `\icebreaker'.
Finding duplicate cells in `\icebreaker'.
Computing hashes of 11197 cells of `\icebreaker'.
Finding duplicate cells in `\icebreaker'.
<suppressed ~5892 debug messages>
Removed a total of 1964 cells.

7.39.3. Executing OPT_DFF pass (perform DFF optimizations).

7.39.4. Executing OPT_CLEAN pass (remove unused cells and wires).
Finding unused cells or wires in module \icebreaker..
Removed 792 unused cells and 4197 unused wires.
<suppressed ~793 debug messages>

7.39.5. Finished fast OPT passes.

7.40. Executing ICE40_OPT pass (performing simple optimizations).

7.40.1. Running ICE40 specific optimizations.
Optimized $__ICE40_CARRY_WRAPPER cell back to logic (without SB_CARRY) icebreaker.$auto$alumacc.cc:512:replace_alu$9296.slice[0].carry: CO=$auto$alumacc.cc:512:replace_alu$9296.BB [0]
Optimized $__ICE40_CARRY_WRAPPER cell back to logic (without SB_CARRY) icebreaker.$auto$alumacc.cc:512:replace_alu$9329.slice[0].carry: CO=\soc.cpu.mem_addr [24]
Optimized $__ICE40_CARRY_WRAPPER cell back to logic (without SB_CARRY) icebreaker.$auto$alumacc.cc:512:replace_alu$9340.slice[0].carry: CO=\soc.cpu.mem_addr [25]
Optimized $__ICE40_CARRY_WRAPPER cell back to logic (without SB_CARRY) icebreaker.$auto$alumacc.cc:512:replace_alu$9347.slice[0].carry: CO=\soc.cpu.mem_addr [17]
Optimized $__ICE40_CARRY_WRAPPER cell back to logic (without SB_CARRY) icebreaker.$auto$alumacc.cc:512:replace_alu$9375.slice[0].carry: CO=\soc.cpu.count_instr [0]
Optimized $__ICE40_CARRY_WRAPPER cell back to logic (without SB_CARRY) icebreaker.$auto$alumacc.cc:512:replace_alu$9378.slice[0].carry: CO=$auto$alumacc.cc:512:replace_alu$9372.B [1]
Optimized $__ICE40_CARRY_WRAPPER cell back to logic (without SB_CARRY) icebreaker.$auto$alumacc.cc:512:replace_alu$9381.slice[0].carry: CO=\soc.cpu.count_cycle [0]
Optimized $__ICE40_CARRY_WRAPPER cell back to logic (without SB_CARRY) icebreaker.$auto$alumacc.cc:512:replace_alu$9384.slice[0].carry: CO=\soc.cpu.pcpi_timeout_counter [0]
Optimized $__ICE40_CARRY_WRAPPER cell back to logic (without SB_CARRY) icebreaker.$auto$alumacc.cc:512:replace_alu$9390.slice[0].carry: CO=\soc.spimem_cache.miss_count [0]
Optimized $__ICE40_CARRY_WRAPPER cell back to logic (without SB_CARRY) icebreaker.$auto$alumacc.cc:512:replace_alu$9393.slice[0].carry: CO=\soc.spimem_cache.hit_count [0]
Optimized $__ICE40_CARRY_WRAPPER cell back to logic (without SB_CARRY) icebreaker.$auto$alumacc.cc:512:replace_alu$9422.slice[0].carry: CO=\soc.cpu.reg_pc [2]
Optimized $__ICE40_CARRY_WRAPPER cell back to logic (without SB_CARRY) icebreaker.$auto$alumacc.cc:512:replace_alu$9425.slice[0].carry: CO=\soc.cpu.timer [0]
Optimized $__ICE40_CARRY_WRAPPER cell back to logic (without SB_CARRY) icebreaker.$auto$alumacc.cc:512:replace_alu$9431.slice[0].carry: CO=\soc.cpu.reg_sh [0]
Optimized $__ICE40_CARRY_WRAPPER cell back to logic (without SB_CARRY) icebreaker.$auto$alumacc.cc:512:replace_alu$9434.slice[0].carry: CO=\soc.cpu.reg_sh [2]
Optimized $__ICE40_CARRY_WRAPPER cell back to logic (without SB_CARRY) icebreaker.$auto$alumacc.cc:512:replace_alu$9447.slice[0].carry: CO=\soc.spimemio.rd_addr [2]
Optimized $__ICE40_CARRY_WRAPPER cell back to logic (without SB_CARRY) icebreaker.$auto$alumacc.cc:512:replace_alu$9447.slice[22].carry: CO=1'0
Optimized $__ICE40_CARRY_WRAPPER cell back to logic (without SB_CARRY) icebreaker.$auto$alumacc.cc:512:replace_alu$9453.slice[0].carry: CO=\soc.simpleuart.send_bitcnt [0]
Optimized $__ICE40_CARRY_WRAPPER cell back to logic (without SB_CARRY) icebreaker.$auto$alumacc.cc:512:replace_alu$9456.slice[0].carry: CO=\soc.simpleuart.send_divcnt [0]
Optimized $__ICE40_CARRY_WRAPPER cell back to logic (without SB_CARRY) icebreaker.$auto$alumacc.cc:512:replace_alu$9459.slice[0].carry: CO=\soc.simpleuart.recv_state [0]
Optimized $__ICE40_CARRY_WRAPPER cell back to logic (without SB_CARRY) icebreaker.$auto$alumacc.cc:512:replace_alu$9462.slice[0].carry: CO=\soc.simpleuart.recv_divcnt [0]
Optimized $__ICE40_CARRY_WRAPPER cell back to logic (without SB_CARRY) icebreaker.$auto$alumacc.cc:512:replace_alu$9465.slice[0].carry: CO=\seven_segment_ctrl.clkdiv [0]

7.40.2. Executing OPT_EXPR pass (perform const folding).
Optimizing module icebreaker.
<suppressed ~88 debug messages>

7.40.3. Executing OPT_MERGE pass (detect identical cells).
Finding identical cells in module `\icebreaker'.
Computing hashes of 10337 cells of `\icebreaker'.
Finding duplicate cells in `\icebreaker'.
Removed a total of 0 cells.

7.40.4. Executing OPT_DFF pass (perform DFF optimizations).
Adding SRST signal on $auto$ff.cc:337:slice$18262 ($_DFFE_PP_) from module icebreaker (D = $flatten\soc.\cpu.$procmux$4541.Y_B [31], Q = \soc.cpu.decoded_imm [31], rval = 1'0).
Adding SRST signal on $auto$ff.cc:337:slice$18011 ($_SDFF_PP0_) from module icebreaker (D = $flatten\soc.\spimemio.$procmux$6489.Y_B, Q = \soc.spimemio.din_valid, rval = 1'0).
Adding SRST signal on $auto$ff.cc:337:slice$18010 ($_DFFE_PP_) from module icebreaker (D = $flatten\soc.\spimemio.$procmux$6601.Y_B [7], Q = \soc.spimemio.din_data [7], rval = 1'1).
Adding EN signal on $auto$ff.cc:337:slice$17607 ($_SDFFE_PN0P_) from module icebreaker (D = $flatten\soc.\cpu.$procmux$3024.B_AND_S [32], Q = \soc.cpu.reg_next_pc [0]).
Adding EN signal on $auto$ff.cc:337:slice$17851 ($_SDFFE_PP0P_) from module icebreaker (D = $flatten\soc.\spimemio.\xfer.$procmux$2443.Y_B [0], Q = \soc.spimemio.xfer.count [0]).
Adding SRST signal on $auto$ff.cc:337:slice$18003 ($_DFFE_PP_) from module icebreaker (D = $flatten\soc.\spimemio.$procmux$6601.Y_B [0], Q = \soc.spimemio.din_data [0], rval = 1'1).
Adding SRST signal on $auto$ff.cc:337:slice$18004 ($_DFFE_PP_) from module icebreaker (D = $flatten\soc.\spimemio.$procmux$6601.Y_B [1], Q = \soc.spimemio.din_data [1], rval = 1'1).
Adding SRST signal on $auto$ff.cc:337:slice$18005 ($_DFFE_PP_) from module icebreaker (D = $flatten\soc.\spimemio.$procmux$6601.Y_B [2], Q = \soc.spimemio.din_data [2], rval = 1'1).
Adding SRST signal on $auto$ff.cc:337:slice$18006 ($_DFFE_PP_) from module icebreaker (D = $flatten\soc.\spimemio.$procmux$6601.Y_B [3], Q = \soc.spimemio.din_data [3], rval = 1'1).
Adding SRST signal on $auto$ff.cc:337:slice$18007 ($_DFFE_PP_) from module icebreaker (D = $flatten\soc.\spimemio.$procmux$6601.Y_B [4], Q = \soc.spimemio.din_data [4], rval = 1'1).
Adding SRST signal on $auto$ff.cc:337:slice$18008 ($_DFFE_PP_) from module icebreaker (D = $flatten\soc.\spimemio.$procmux$6601.Y_B [5], Q = \soc.spimemio.din_data [5], rval = 1'1).
Adding SRST signal on $auto$ff.cc:337:slice$18009 ($_DFFE_PP_) from module icebreaker (D = $flatten\soc.\spimemio.$procmux$6601.Y_B [6], Q = \soc.spimemio.din_data [6], rval = 1'1).
Adding SRST signal on $auto$ff.cc:337:slice$18232 ($_DFFE_PP_) from module icebreaker (D = $flatten\soc.\cpu.$procmux$4541.Y_B [1], Q = \soc.cpu.decoded_imm [1], rval = 1'0).
Adding SRST signal on $auto$ff.cc:337:slice$18233 ($_DFFE_PP_) from module icebreaker (D = $flatten\soc.\cpu.$procmux$4541.Y_B [2], Q = \soc.cpu.decoded_imm [2], rval = 1'0).
Adding SRST signal on $auto$ff.cc:337:slice$18234 ($_DFFE_PP_) from module icebreaker (D = $flatten\soc.\cpu.$procmux$4541.Y_B [3], Q = \soc.cpu.decoded_imm [3], rval = 1'0).
Adding SRST signal on $auto$ff.cc:337:slice$18235 ($_DFFE_PP_) from module icebreaker (D = $flatten\soc.\cpu.$procmux$4541.Y_B [4], Q = \soc.cpu.decoded_imm [4], rval = 1'0).
Adding SRST signal on $auto$ff.cc:337:slice$18236 ($_DFFE_PP_) from module icebreaker (D = $flatten\soc.\cpu.$procmux$4541.Y_B [5], Q = \soc.cpu.decoded_imm [5], rval = 1'0).
Adding SRST signal on $auto$ff.cc:337:slice$18237 ($_DFFE_PP_) from module icebreaker (D = $flatten\soc.\cpu.$procmux$4541.Y_B [6], Q = \soc.cpu.decoded_imm [6], rval = 1'0).
Adding SRST signal on $auto$ff.cc:337:slice$18238 ($_DFFE_PP_) from module icebreaker (D = $flatten\soc.\cpu.$procmux$4541.Y_B [7], Q = \soc.cpu.decoded_imm [7], rval = 1'0).
Adding SRST signal on $auto$ff.cc:337:slice$18239 ($_DFFE_PP_) from module icebreaker (D = $flatten\soc.\cpu.$procmux$4541.Y_B [8], Q = \soc.cpu.decoded_imm [8], rval = 1'0).
Adding SRST signal on $auto$ff.cc:337:slice$18240 ($_DFFE_PP_) from module icebreaker (D = $flatten\soc.\cpu.$procmux$4541.Y_B [9], Q = \soc.cpu.decoded_imm [9], rval = 1'0).
Adding SRST signal on $auto$ff.cc:337:slice$18241 ($_DFFE_PP_) from module icebreaker (D = $flatten\soc.\cpu.$procmux$4541.Y_B [10], Q = \soc.cpu.decoded_imm [10], rval = 1'0).
Adding SRST signal on $auto$ff.cc:337:slice$18242 ($_DFFE_PP_) from module icebreaker (D = $flatten\soc.\cpu.$procmux$4541.Y_B [11], Q = \soc.cpu.decoded_imm [11], rval = 1'0).
Adding SRST signal on $auto$ff.cc:337:slice$18243 ($_DFFE_PP_) from module icebreaker (D = $flatten\soc.\cpu.$procmux$4541.Y_B [12], Q = \soc.cpu.decoded_imm [12], rval = 1'0).
Adding SRST signal on $auto$ff.cc:337:slice$18244 ($_DFFE_PP_) from module icebreaker (D = $flatten\soc.\cpu.$procmux$4541.Y_B [13], Q = \soc.cpu.decoded_imm [13], rval = 1'0).
Adding SRST signal on $auto$ff.cc:337:slice$18245 ($_DFFE_PP_) from module icebreaker (D = $flatten\soc.\cpu.$procmux$4541.Y_B [14], Q = \soc.cpu.decoded_imm [14], rval = 1'0).
Adding SRST signal on $auto$ff.cc:337:slice$18246 ($_DFFE_PP_) from module icebreaker (D = $flatten\soc.\cpu.$procmux$4541.Y_B [15], Q = \soc.cpu.decoded_imm [15], rval = 1'0).
Adding SRST signal on $auto$ff.cc:337:slice$18247 ($_DFFE_PP_) from module icebreaker (D = $flatten\soc.\cpu.$procmux$4541.Y_B [16], Q = \soc.cpu.decoded_imm [16], rval = 1'0).
Adding SRST signal on $auto$ff.cc:337:slice$18248 ($_DFFE_PP_) from module icebreaker (D = $flatten\soc.\cpu.$procmux$4541.Y_B [17], Q = \soc.cpu.decoded_imm [17], rval = 1'0).
Adding SRST signal on $auto$ff.cc:337:slice$18249 ($_DFFE_PP_) from module icebreaker (D = $flatten\soc.\cpu.$procmux$4541.Y_B [18], Q = \soc.cpu.decoded_imm [18], rval = 1'0).
Adding SRST signal on $auto$ff.cc:337:slice$18250 ($_DFFE_PP_) from module icebreaker (D = $flatten\soc.\cpu.$procmux$4541.Y_B [19], Q = \soc.cpu.decoded_imm [19], rval = 1'0).
Adding SRST signal on $auto$ff.cc:337:slice$18251 ($_DFFE_PP_) from module icebreaker (D = $flatten\soc.\cpu.$procmux$4541.Y_B [20], Q = \soc.cpu.decoded_imm [20], rval = 1'0).
Adding SRST signal on $auto$ff.cc:337:slice$18252 ($_DFFE_PP_) from module icebreaker (D = $flatten\soc.\cpu.$procmux$4541.Y_B [21], Q = \soc.cpu.decoded_imm [21], rval = 1'0).
Adding SRST signal on $auto$ff.cc:337:slice$18253 ($_DFFE_PP_) from module icebreaker (D = $flatten\soc.\cpu.$procmux$4541.Y_B [22], Q = \soc.cpu.decoded_imm [22], rval = 1'0).
Adding SRST signal on $auto$ff.cc:337:slice$18254 ($_DFFE_PP_) from module icebreaker (D = $flatten\soc.\cpu.$procmux$4541.Y_B [23], Q = \soc.cpu.decoded_imm [23], rval = 1'0).
Adding SRST signal on $auto$ff.cc:337:slice$18255 ($_DFFE_PP_) from module icebreaker (D = $flatten\soc.\cpu.$procmux$4541.Y_B [24], Q = \soc.cpu.decoded_imm [24], rval = 1'0).
Adding SRST signal on $auto$ff.cc:337:slice$18256 ($_DFFE_PP_) from module icebreaker (D = $flatten\soc.\cpu.$procmux$4541.Y_B [25], Q = \soc.cpu.decoded_imm [25], rval = 1'0).
Adding SRST signal on $auto$ff.cc:337:slice$18257 ($_DFFE_PP_) from module icebreaker (D = $flatten\soc.\cpu.$procmux$4541.Y_B [26], Q = \soc.cpu.decoded_imm [26], rval = 1'0).
Adding SRST signal on $auto$ff.cc:337:slice$18258 ($_DFFE_PP_) from module icebreaker (D = $flatten\soc.\cpu.$procmux$4541.Y_B [27], Q = \soc.cpu.decoded_imm [27], rval = 1'0).
Adding SRST signal on $auto$ff.cc:337:slice$18259 ($_DFFE_PP_) from module icebreaker (D = $flatten\soc.\cpu.$procmux$4541.Y_B [28], Q = \soc.cpu.decoded_imm [28], rval = 1'0).
Adding SRST signal on $auto$ff.cc:337:slice$18260 ($_DFFE_PP_) from module icebreaker (D = $flatten\soc.\cpu.$procmux$4541.Y_B [29], Q = \soc.cpu.decoded_imm [29], rval = 1'0).
Adding SRST signal on $auto$ff.cc:337:slice$18261 ($_DFFE_PP_) from module icebreaker (D = $flatten\soc.\cpu.$procmux$4541.Y_B [30], Q = \soc.cpu.decoded_imm [30], rval = 1'0).

7.40.5. Executing OPT_CLEAN pass (remove unused cells and wires).
Finding unused cells or wires in module \icebreaker..
Removed 46 unused cells and 11 unused wires.
<suppressed ~47 debug messages>

7.40.6. Rerunning OPT passes. (Removed registers in this run.)

7.40.7. Running ICE40 specific optimizations.

7.40.8. Executing OPT_EXPR pass (perform const folding).
Optimizing module icebreaker.

7.40.9. Executing OPT_MERGE pass (detect identical cells).
Finding identical cells in module `\icebreaker'.
Computing hashes of 10295 cells of `\icebreaker'.
Finding duplicate cells in `\icebreaker'.
Removed a total of 0 cells.

7.40.10. Executing OPT_DFF pass (perform DFF optimizations).

7.40.11. Executing OPT_CLEAN pass (remove unused cells and wires).
Finding unused cells or wires in module \icebreaker..

7.40.12. Finished OPT passes. (There is nothing left to do.)

7.41. Executing DFFLEGALIZE pass (convert FFs to types supported by the target).

7.42. Executing TECHMAP pass (map to technology primitives).

7.42.1. Executing Verilog-2005 frontend: /homes/cl2033/oss-cad-suite/lib/../share/yosys/ice40/ff_map.v
Parsing Verilog input from `/homes/cl2033/oss-cad-suite/lib/../share/yosys/ice40/ff_map.v' to AST representation.
Generating RTLIL representation for module `$_DFF_N_'.
Generating RTLIL representation for module `$_DFF_P_'.
Generating RTLIL representation for module `$_DFFE_NP_'.
Generating RTLIL representation for module `$_DFFE_PP_'.
Generating RTLIL representation for module `$_DFF_NP0_'.
Generating RTLIL representation for module `$_DFF_NP1_'.
Generating RTLIL representation for module `$_DFF_PP0_'.
Generating RTLIL representation for module `$_DFF_PP1_'.
Generating RTLIL representation for module `$_DFFE_NP0P_'.
Generating RTLIL representation for module `$_DFFE_NP1P_'.
Generating RTLIL representation for module `$_DFFE_PP0P_'.
Generating RTLIL representation for module `$_DFFE_PP1P_'.
Generating RTLIL representation for module `$_SDFF_NP0_'.
Generating RTLIL representation for module `$_SDFF_NP1_'.
Generating RTLIL representation for module `$_SDFF_PP0_'.
Generating RTLIL representation for module `$_SDFF_PP1_'.
Generating RTLIL representation for module `$_SDFFCE_NP0P_'.
Generating RTLIL representation for module `$_SDFFCE_NP1P_'.
Generating RTLIL representation for module `$_SDFFCE_PP0P_'.
Generating RTLIL representation for module `$_SDFFCE_PP1P_'.
Successfully finished Verilog frontend.

7.42.2. Continuing TECHMAP pass.
Using template $_DFF_P_ for cells of type $_DFF_P_.
Using template $_SDFFCE_PP0P_ for cells of type $_SDFFCE_PP0P_.
Using template $_SDFFCE_PP1P_ for cells of type $_SDFFCE_PP1P_.
Using template $_SDFF_PP0_ for cells of type $_SDFF_PP0_.
Using template $_DFF_N_ for cells of type $_DFF_N_.
Using template $_DFFE_PP_ for cells of type $_DFFE_PP_.
Using template $_SDFF_PP1_ for cells of type $_SDFF_PP1_.
No more expansions possible.
<suppressed ~1665 debug messages>

7.43. Executing OPT_EXPR pass (perform const folding).
Optimizing module icebreaker.

7.44. Executing SIMPLEMAP pass (map simple cells to gate primitives).
Mapping icebreaker.$auto$alumacc.cc:512:replace_alu$9375.slice[0].carry ($lut).
Mapping icebreaker.$auto$alumacc.cc:512:replace_alu$9378.slice[0].carry ($lut).
Mapping icebreaker.$auto$alumacc.cc:512:replace_alu$9381.slice[0].carry ($lut).
Mapping icebreaker.$auto$alumacc.cc:512:replace_alu$9384.slice[0].carry ($lut).
Mapping icebreaker.$auto$alumacc.cc:512:replace_alu$9390.slice[0].carry ($lut).
Mapping icebreaker.$auto$alumacc.cc:512:replace_alu$9393.slice[0].carry ($lut).
Mapping icebreaker.$auto$alumacc.cc:512:replace_alu$9422.slice[0].carry ($lut).
Mapping icebreaker.$auto$alumacc.cc:512:replace_alu$9425.slice[0].carry ($lut).
Mapping icebreaker.$auto$alumacc.cc:512:replace_alu$9431.slice[0].carry ($lut).
Mapping icebreaker.$auto$alumacc.cc:512:replace_alu$9434.slice[0].carry ($lut).
Mapping icebreaker.$auto$alumacc.cc:512:replace_alu$9447.slice[0].carry ($lut).
Mapping icebreaker.$auto$alumacc.cc:512:replace_alu$9447.slice[22].carry ($lut).
Mapping icebreaker.$auto$alumacc.cc:512:replace_alu$9453.slice[0].carry ($lut).
Mapping icebreaker.$auto$alumacc.cc:512:replace_alu$9456.slice[0].carry ($lut).
Mapping icebreaker.$auto$alumacc.cc:512:replace_alu$9459.slice[0].carry ($lut).
Mapping icebreaker.$auto$alumacc.cc:512:replace_alu$9462.slice[0].carry ($lut).
Mapping icebreaker.$auto$alumacc.cc:512:replace_alu$9465.slice[0].carry ($lut).

7.45. Executing ICE40_OPT pass (performing simple optimizations).

7.45.1. Running ICE40 specific optimizations.

7.45.2. Executing OPT_EXPR pass (perform const folding).
Optimizing module icebreaker.
<suppressed ~527 debug messages>

7.45.3. Executing OPT_MERGE pass (detect identical cells).
Finding identical cells in module `\icebreaker'.
Computing hashes of 11851 cells of `\icebreaker'.
Finding duplicate cells in `\icebreaker'.
Computing hashes of 10858 cells of `\icebreaker'.
Finding duplicate cells in `\icebreaker'.
<suppressed ~2979 debug messages>
Removed a total of 993 cells.

7.45.4. Executing OPT_DFF pass (perform DFF optimizations).

7.45.5. Executing OPT_CLEAN pass (remove unused cells and wires).
Finding unused cells or wires in module \icebreaker..
Removed 0 unused cells and 9734 unused wires.
<suppressed ~1 debug messages>

7.45.6. Rerunning OPT passes. (Removed registers in this run.)

7.45.7. Running ICE40 specific optimizations.

7.45.8. Executing OPT_EXPR pass (perform const folding).
Optimizing module icebreaker.

7.45.9. Executing OPT_MERGE pass (detect identical cells).
Finding identical cells in module `\icebreaker'.
Computing hashes of 10858 cells of `\icebreaker'.
Finding duplicate cells in `\icebreaker'.
Removed a total of 0 cells.

7.45.10. Executing OPT_DFF pass (perform DFF optimizations).

7.45.11. Executing OPT_CLEAN pass (remove unused cells and wires).
Finding unused cells or wires in module \icebreaker..

7.45.12. Finished OPT passes. (There is nothing left to do.)

7.46. Executing TECHMAP pass (map to technology primitives).

7.46.1. Executing Verilog-2005 frontend: /homes/cl2033/oss-cad-suite/lib/../share/yosys/ice40/latches_map.v
Parsing Verilog input from `/homes/cl2033/oss-cad-suite/lib/../share/yosys/ice40/latches_map.v' to AST representation.
Generating RTLIL representation for module `$_DLATCH_N_'.
Generating RTLIL representation for module `$_DLATCH_P_'.
Successfully finished Verilog frontend.

7.46.2. Continuing TECHMAP pass.
No more expansions possible.
<suppressed ~4 debug messages>

7.47. Executing Verilog-2005 frontend: /homes/cl2033/oss-cad-suite/lib/../share/yosys/ice40/abc9_model.v
Parsing Verilog input from `/homes/cl2033/oss-cad-suite/lib/../share/yosys/ice40/abc9_model.v' to AST representation.
Generating RTLIL representation for module `$__ICE40_CARRY_WRAPPER'.
Successfully finished Verilog frontend.

7.48. Executing ABC9 pass.

7.48.1. Executing ABC9_OPS pass (helper functions for ABC9).

7.48.2. Executing ABC9_OPS pass (helper functions for ABC9).

7.48.3. Executing SCC pass (detecting logic loops).
Found 0 SCCs in module icebreaker.
Found 0 SCCs.

7.48.4. Executing ABC9_OPS pass (helper functions for ABC9).

7.48.5. Executing TECHMAP pass (map to technology primitives).

7.48.5.1. Executing Verilog-2005 frontend: /homes/cl2033/oss-cad-suite/lib/../share/yosys/techmap.v
Parsing Verilog input from `/homes/cl2033/oss-cad-suite/lib/../share/yosys/techmap.v' to AST representation.
Generating RTLIL representation for module `\_90_simplemap_bool_ops'.
Generating RTLIL representation for module `\_90_simplemap_reduce_ops'.
Generating RTLIL representation for module `\_90_simplemap_logic_ops'.
Generating RTLIL representation for module `\_90_simplemap_compare_ops'.
Generating RTLIL representation for module `\_90_simplemap_various'.
Generating RTLIL representation for module `\_90_simplemap_registers'.
Generating RTLIL representation for module `\_90_shift_ops_shr_shl_sshl_sshr'.
Generating RTLIL representation for module `\_90_shift_shiftx'.
Generating RTLIL representation for module `\_90_fa'.
Generating RTLIL representation for module `\_90_lcu_brent_kung'.
Generating RTLIL representation for module `\_90_alu'.
Generating RTLIL representation for module `\_90_macc'.
Generating RTLIL representation for module `\_90_alumacc'.
Generating RTLIL representation for module `$__div_mod_u'.
Generating RTLIL representation for module `$__div_mod_trunc'.
Generating RTLIL representation for module `\_90_div'.
Generating RTLIL representation for module `\_90_mod'.
Generating RTLIL representation for module `$__div_mod_floor'.
Generating RTLIL representation for module `\_90_divfloor'.
Generating RTLIL representation for module `\_90_modfloor'.
Generating RTLIL representation for module `\_90_pow'.
Generating RTLIL representation for module `\_90_pmux'.
Generating RTLIL representation for module `\_90_demux'.
Generating RTLIL representation for module `\_90_lut'.
Generating RTLIL representation for module `$connect'.
Generating RTLIL representation for module `$input_port'.
Successfully finished Verilog frontend.

7.48.5.2. Continuing TECHMAP pass.
No more expansions possible.
<suppressed ~132 debug messages>

7.48.6. Executing OPT pass (performing simple optimizations).

7.48.6.1. Executing OPT_EXPR pass (perform const folding).

7.48.6.2. Executing OPT_MERGE pass (detect identical cells).
Removed a total of 0 cells.

7.48.6.3. Executing OPT_MUXTREE pass (detect dead branches in mux trees).
Removed 0 multiplexer ports.

7.48.6.4. Executing OPT_REDUCE pass (consolidate $*mux and $reduce_* inputs).
Performed a total of 0 changes.

7.48.6.5. Executing OPT_MERGE pass (detect identical cells).
Removed a total of 0 cells.

7.48.6.6. Executing OPT_DFF pass (perform DFF optimizations).

7.48.6.7. Executing OPT_CLEAN pass (remove unused cells and wires).

7.48.6.8. Executing OPT_EXPR pass (perform const folding).

7.48.6.9. Finished fast OPT passes. (There is nothing left to do.)

7.48.7. Executing TECHMAP pass (map to technology primitives).

7.48.7.1. Executing Verilog-2005 frontend: /homes/cl2033/oss-cad-suite/lib/../share/yosys/abc9_map.v
Parsing Verilog input from `/homes/cl2033/oss-cad-suite/lib/../share/yosys/abc9_map.v' to AST representation.
Successfully finished Verilog frontend.

7.48.7.2. Continuing TECHMAP pass.
No more expansions possible.
<suppressed ~2 debug messages>

7.48.8. Executing Verilog-2005 frontend: /homes/cl2033/oss-cad-suite/lib/../share/yosys/abc9_model.v
Parsing Verilog input from `/homes/cl2033/oss-cad-suite/lib/../share/yosys/abc9_model.v' to AST representation.
Generating RTLIL representation for module `$__ABC9_DELAY'.
Generating RTLIL representation for module `$__ABC9_SCC_BREAKER'.
Generating RTLIL representation for module `$__DFF_N__$abc9_flop'.
Generating RTLIL representation for module `$__DFF_P__$abc9_flop'.
Successfully finished Verilog frontend.

7.48.9. Executing ABC9_OPS pass (helper functions for ABC9).
<suppressed ~3180 debug messages>

7.48.10. Executing ABC9_OPS pass (helper functions for ABC9).

7.48.11. Executing ABC9_OPS pass (helper functions for ABC9).
<suppressed ~2 debug messages>

7.48.12. Executing TECHMAP pass (map to technology primitives).

7.48.12.1. Executing Verilog-2005 frontend: /homes/cl2033/oss-cad-suite/lib/../share/yosys/techmap.v
Parsing Verilog input from `/homes/cl2033/oss-cad-suite/lib/../share/yosys/techmap.v' to AST representation.
Generating RTLIL representation for module `\_90_simplemap_bool_ops'.
Generating RTLIL representation for module `\_90_simplemap_reduce_ops'.
Generating RTLIL representation for module `\_90_simplemap_logic_ops'.
Generating RTLIL representation for module `\_90_simplemap_compare_ops'.
Generating RTLIL representation for module `\_90_simplemap_various'.
Generating RTLIL representation for module `\_90_simplemap_registers'.
Generating RTLIL representation for module `\_90_shift_ops_shr_shl_sshl_sshr'.
Generating RTLIL representation for module `\_90_shift_shiftx'.
Generating RTLIL representation for module `\_90_fa'.
Generating RTLIL representation for module `\_90_lcu_brent_kung'.
Generating RTLIL representation for module `\_90_alu'.
Generating RTLIL representation for module `\_90_macc'.
Generating RTLIL representation for module `\_90_alumacc'.
Generating RTLIL representation for module `$__div_mod_u'.
Generating RTLIL representation for module `$__div_mod_trunc'.
Generating RTLIL representation for module `\_90_div'.
Generating RTLIL representation for module `\_90_mod'.
Generating RTLIL representation for module `$__div_mod_floor'.
Generating RTLIL representation for module `\_90_divfloor'.
Generating RTLIL representation for module `\_90_modfloor'.
Generating RTLIL representation for module `\_90_pow'.
Generating RTLIL representation for module `\_90_pmux'.
Generating RTLIL representation for module `\_90_demux'.
Generating RTLIL representation for module `\_90_lut'.
Generating RTLIL representation for module `$connect'.
Generating RTLIL representation for module `$input_port'.
Successfully finished Verilog frontend.

7.48.12.2. Continuing TECHMAP pass.
Using template $paramod$__ICE40_CARRY_WRAPPER\LUT=16'0110100110010110\I3_IS_CI=1'1 for cells of type $paramod$__ICE40_CARRY_WRAPPER\LUT=16'0110100110010110\I3_IS_CI=1'1.
Using template SB_CARRY for cells of type SB_CARRY.
Using template $paramod\SB_LUT4\LUT_INIT=16'0110100110010110 for cells of type SB_LUT4.
Using extmapper simplemap for cells of type $mux.
Using extmapper simplemap for cells of type $logic_or.
Using extmapper simplemap for cells of type $logic_and.
No more expansions possible.
<suppressed ~159 debug messages>

7.48.13. Executing OPT pass (performing simple optimizations).

7.48.13.1. Executing OPT_EXPR pass (perform const folding).
Optimizing module icebreaker.
<suppressed ~4 debug messages>

7.48.13.2. Executing OPT_MERGE pass (detect identical cells).
Finding identical cells in module `\icebreaker'.
Computing hashes of 30 cells of `\icebreaker'.
Finding duplicate cells in `\icebreaker'.
Computing hashes of 20 cells of `\icebreaker'.
Finding duplicate cells in `\icebreaker'.
Computing hashes of 18 cells of `\icebreaker'.
Finding duplicate cells in `\icebreaker'.
<suppressed ~29 debug messages>
Removed a total of 12 cells.

7.48.13.3. Executing OPT_MUXTREE pass (detect dead branches in mux trees).
Running muxtree optimizer on module \icebreaker..
  Creating internal representation of mux trees.
  No muxes found in this module.
Removed 0 multiplexer ports.

7.48.13.4. Executing OPT_REDUCE pass (consolidate $*mux and $reduce_* inputs).
  Optimizing cells in module \icebreaker.
Performed a total of 0 changes.

7.48.13.5. Executing OPT_MERGE pass (detect identical cells).
Finding identical cells in module `\icebreaker'.
Computing hashes of 18 cells of `\icebreaker'.
Finding duplicate cells in `\icebreaker'.
Removed a total of 0 cells.

7.48.13.6. Executing OPT_DFF pass (perform DFF optimizations).

7.48.13.7. Executing OPT_CLEAN pass (remove unused cells and wires).
Finding unused cells or wires in module \icebreaker..
Removed 0 unused cells and 24 unused wires.
<suppressed ~1 debug messages>

7.48.13.8. Executing OPT_EXPR pass (perform const folding).
Optimizing module icebreaker.

7.48.13.9. Rerunning OPT passes. (Maybe there is more to do..)

7.48.13.10. Executing OPT_MUXTREE pass (detect dead branches in mux trees).
Running muxtree optimizer on module \icebreaker..
  Creating internal representation of mux trees.
  No muxes found in this module.
Removed 0 multiplexer ports.

7.48.13.11. Executing OPT_REDUCE pass (consolidate $*mux and $reduce_* inputs).
  Optimizing cells in module \icebreaker.
Performed a total of 0 changes.

7.48.13.12. Executing OPT_MERGE pass (detect identical cells).
Finding identical cells in module `\icebreaker'.
Computing hashes of 18 cells of `\icebreaker'.
Finding duplicate cells in `\icebreaker'.
Removed a total of 0 cells.

7.48.13.13. Executing OPT_DFF pass (perform DFF optimizations).

7.48.13.14. Executing OPT_CLEAN pass (remove unused cells and wires).
Finding unused cells or wires in module \icebreaker..

7.48.13.15. Executing OPT_EXPR pass (perform const folding).
Optimizing module icebreaker.

7.48.13.16. Finished fast OPT passes. (There is nothing left to do.)

7.48.14. Executing AIGMAP pass (map logic to AIG).
Module icebreaker: replaced 7 cells with 43 new cells, skipped 11 cells.
  replaced 2 cell types:
       5 $_MUX_
       2 $_OR_
  not replaced 3 cell types:
       2 $_AND_
       1 $_NOT_
       8 $specify2

7.48.15. Executing AIGMAP pass (map logic to AIG).
Module icebreaker: replaced 4776 cells with 25540 new cells, skipped 9260 cells.
  replaced 5 cell types:
     256 $_ANDNOT_
    2080 $_MUX_
      39 $_ORNOT_
    2152 $_OR_
     249 $_XOR_
  not replaced 25 cell types:
    2662 $_AND_
     896 $_NOT_
      12 $scopeinfo
       4 SB_MAC16
       4 SB_IO
     248 SB_DFF
     436 SB_DFFE
     235 SB_DFFSR
       4 SB_DFFSS
     393 SB_DFFESR
     323 SB_DFFESS
       4 SB_DFFN
       1 SB_PLL40_PAD
       4 SB_SPRAM256KA
       4 $paramod$ba68a0420314c29d51ab7ddbd2ec9361aa29f018\SB_RAM40_4K
       6 $paramod$65b9e5893759870fd62e6b87dc6ba151fdc97e95\SB_RAM40_4K
      10 $paramod$__ABC9_DELAY\DELAY=32'00000000000000000000000010000101
     160 $paramod$__ABC9_DELAY\DELAY=32'00000000000000000000000010100001
     110 $paramod$__ABC9_DELAY\DELAY=32'00000000000000000000000011100000
      10 $paramod$__ABC9_DELAY\DELAY=32'00000000000000000000000001100010
      20 $paramod$__ABC9_DELAY\DELAY=32'00000000000000000000000100001011
     160 $paramod$__ABC9_DELAY\DELAY=32'00000000000000000000000100010010
    1065 $paramod$__ABC9_DELAY\DELAY=32'00000000000000000000000011001011
    1643 $paramod$__ABC9_DELAY\DELAY=32'00000000000000000000000000010101
     846 $paramod$__ICE40_CARRY_WRAPPER\LUT=16'0110100110010110\I3_IS_CI=1'1

7.48.15.1. Executing ABC9_OPS pass (helper functions for ABC9).

7.48.15.2. Executing ABC9_OPS pass (helper functions for ABC9).

7.48.15.3. Executing XAIGER backend.
<suppressed ~1814 debug messages>
Extracted 12096 AND gates and 36667 wires from module `icebreaker' to a netlist network with 1975 inputs and 3692 outputs.

7.48.15.4. Executing ABC9_EXE pass (technology mapping using ABC9).

7.48.15.5. Executing ABC9.
Running ABC command: "<yosys-exe-dir>/yosys-abc" -s -f <abc-temp-dir>/abc.script 2>&1
ABC: ======== ABC command line "source <abc-temp-dir>/abc.script"
ABC: + read_lut <abc-temp-dir>/input.lut 
ABC: + read_box <abc-temp-dir>/input.box 
ABC: + &read <abc-temp-dir>/input.xaig 
ABC: + &ps 
ABC: <abc-temp-dir>/input : i/o =   1975/   3692  and =   11492  lev =   49 (2.94)  mem = 0.41 MB  box = 4024  bb = 3178
ABC: Warning: AIG with boxes has internal fanout in 0 complex flops and 1 carries.
ABC: + &scorr 
ABC: Warning: The network is combinational.
ABC: + &sweep 
ABC: + &dc2 
ABC: + &dch -f -r 
ABC: + &ps 
ABC: <abc-temp-dir>/input : i/o =   1975/   3692  and =   16372  lev =   45 (1.93)  mem = 0.46 MB  ch = 2509  box = 4012  bb = 3178
ABC: cst =       0  cls =   1890  lit =    2509  unused =   18794  proof =     0
ABC: Warning: AIG with boxes has internal fanout in 0 complex flops and 1 carries.
ABC: + &if -W 250 -v 
ABC: K = 4. Memory (bytes): Truth =    0. Cut =   52. Obj =  136. Set =  564. CutMin = no
ABC: Node =   16372.  Ch =  1890.  Total mem =    4.96 MB. Peak cut mem =    0.34 MB.
ABC: P:  Del = 10546.00.  Ar =    4604.0.  Edge =    16288.  Cut =    90029.  T =     0.01 sec
ABC: P:  Del = 10113.00.  Ar =    4422.0.  Edge =    15981.  Cut =    85348.  T =     0.01 sec
ABC: P:  Del = 10113.00.  Ar =    4001.0.  Edge =    13191.  Cut =    95575.  T =     0.01 sec
ABC: F:  Del = 10113.00.  Ar =    3775.0.  Edge =    12547.  Cut =    89784.  T =     0.01 sec
ABC: A:  Del = 10113.00.  Ar =    3648.0.  Edge =    11555.  Cut =    90738.  T =     0.02 sec
ABC: A:  Del = 10113.00.  Ar =    3623.0.  Edge =    11527.  Cut =    90948.  T =     0.02 sec
ABC: Total time =     0.08 sec
ABC: + &write -n <abc-temp-dir>/output.aig 
ABC: + &mfs 
ABC: + &ps -l 
ABC: <abc-temp-dir>/input : i/o =   1975/   3692  and =    9149  lev =   38 (2.09)  mem = 0.38 MB  box = 4012  bb = 3178
ABC: Mapping (K=4)  :  lut =   3561  edge =   11276  lev =   16 (1.25)  levB =   64  mem = 0.17 MB
ABC: LUT = 3561 : 2=1038 29.1 %  3=892 25.0 %  4=1631 45.8 %  Ave = 3.17
ABC: Warning: AIG with boxes has internal fanout in 0 complex flops and 1 carries.
ABC: + &write -n <abc-temp-dir>/output.aig 
ABC: + &verify 
ABC: Networks are equivalent.  Time =     0.28 sec
ABC: + time 
ABC: elapse: 1.98 seconds, total: 1.98 seconds

7.48.15.6. Executing AIGER frontend.
<suppressed ~11357 debug messages>
Removed 12370 unused cells and 30501 unused wires.

7.48.15.7. Executing ABC9_OPS pass (helper functions for ABC9).
ABC RESULTS:              $lut cells:     3638
ABC RESULTS:   $paramod$__ICE40_CARRY_WRAPPER\LUT=16'0110100110010110\I3_IS_CI=1'1 cells:      834
ABC RESULTS:           input signals:      455
ABC RESULTS:          output signals:     3553
Removing temp directory.

7.48.16. Executing TECHMAP pass (map to technology primitives).

7.48.16.1. Executing Verilog-2005 frontend: /homes/cl2033/oss-cad-suite/lib/../share/yosys/abc9_unmap.v
Parsing Verilog input from `/homes/cl2033/oss-cad-suite/lib/../share/yosys/abc9_unmap.v' to AST representation.
Generating RTLIL representation for module `$__DFF_x__$abc9_flop'.
Generating RTLIL representation for module `$__ABC9_SCC_BREAKER'.
Successfully finished Verilog frontend.

7.48.16.2. Continuing TECHMAP pass.
Using template $paramod$__ICE40_CARRY_WRAPPER\LUT=16'0110100110010110\I3_IS_CI=1'1 for cells of type $paramod$__ICE40_CARRY_WRAPPER\LUT=16'0110100110010110\I3_IS_CI=1'1.
Using template $paramod$65b9e5893759870fd62e6b87dc6ba151fdc97e95\SB_RAM40_4K for cells of type $paramod$65b9e5893759870fd62e6b87dc6ba151fdc97e95\SB_RAM40_4K.
Using template $paramod$ba68a0420314c29d51ab7ddbd2ec9361aa29f018\SB_RAM40_4K for cells of type $paramod$ba68a0420314c29d51ab7ddbd2ec9361aa29f018\SB_RAM40_4K.
No more expansions possible.
<suppressed ~852 debug messages>

7.49. Executing ICE40_WRAPCARRY pass (wrap carries).

7.50. Executing TECHMAP pass (map to technology primitives).

7.50.1. Executing Verilog-2005 frontend: /homes/cl2033/oss-cad-suite/lib/../share/yosys/ice40/ff_map.v
Parsing Verilog input from `/homes/cl2033/oss-cad-suite/lib/../share/yosys/ice40/ff_map.v' to AST representation.
Generating RTLIL representation for module `$_DFF_N_'.
Generating RTLIL representation for module `$_DFF_P_'.
Generating RTLIL representation for module `$_DFFE_NP_'.
Generating RTLIL representation for module `$_DFFE_PP_'.
Generating RTLIL representation for module `$_DFF_NP0_'.
Generating RTLIL representation for module `$_DFF_NP1_'.
Generating RTLIL representation for module `$_DFF_PP0_'.
Generating RTLIL representation for module `$_DFF_PP1_'.
Generating RTLIL representation for module `$_DFFE_NP0P_'.
Generating RTLIL representation for module `$_DFFE_NP1P_'.
Generating RTLIL representation for module `$_DFFE_PP0P_'.
Generating RTLIL representation for module `$_DFFE_PP1P_'.
Generating RTLIL representation for module `$_SDFF_NP0_'.
Generating RTLIL representation for module `$_SDFF_NP1_'.
Generating RTLIL representation for module `$_SDFF_PP0_'.
Generating RTLIL representation for module `$_SDFF_PP1_'.
Generating RTLIL representation for module `$_SDFFCE_NP0P_'.
Generating RTLIL representation for module `$_SDFFCE_NP1P_'.
Generating RTLIL representation for module `$_SDFFCE_PP0P_'.
Generating RTLIL representation for module `$_SDFFCE_PP1P_'.
Successfully finished Verilog frontend.

7.50.2. Continuing TECHMAP pass.
No more expansions possible.
<suppressed ~22 debug messages>
Removed 921 unused cells and 44382 unused wires.

7.51. Executing OPT_LUT pass (optimize LUTs).
Discovering LUTs.
Number of LUTs:     4359
  1-LUT               77
  2-LUT             1061
  3-LUT             1590
  4-LUT             1631
  with \SB_CARRY    (#0)  687
  with \SB_CARRY    (#1)  694

Eliminating LUTs.
Number of LUTs:     4359
  1-LUT               77
  2-LUT             1061
  3-LUT             1590
  4-LUT             1631
  with \SB_CARRY    (#0)  687
  with \SB_CARRY    (#1)  694

Combining LUTs.
Number of LUTs:     4287
  1-LUT               77
  2-LUT              987
  3-LUT             1528
  4-LUT             1695
  with \SB_CARRY    (#0)  687
  with \SB_CARRY    (#1)  694

Eliminated 0 LUTs.
Combined 72 LUTs.
<suppressed ~27324 debug messages>

7.52. Executing TECHMAP pass (map to technology primitives).

7.52.1. Executing Verilog-2005 frontend: /homes/cl2033/oss-cad-suite/lib/../share/yosys/ice40/cells_map.v
Parsing Verilog input from `/homes/cl2033/oss-cad-suite/lib/../share/yosys/ice40/cells_map.v' to AST representation.
Generating RTLIL representation for module `$lut'.
Successfully finished Verilog frontend.

7.52.2. Continuing TECHMAP pass.
Using template $paramod$fd904e9e35cfd343a9df248824bd3f1408724879$lut for cells of type $lut.
Using template $paramod$75d5c453cca75cc7a7ca320c4fb7be0932b6aaa7$lut for cells of type $lut.
Using template $paramod$9a269ffb0efb6ad342cb106a4e0636e23fdfd547$lut for cells of type $lut.
Using template $paramod$lut\WIDTH=32'00000000000000000000000000000011\LUT=8'00000001 for cells of type $lut.
Using template $paramod$a1d323730045824cfc84bb9f4ee8031f1c4dcc9e$lut for cells of type $lut.
Using template $paramod$da98d9e875932ba6a280d468e3b5f7014491d245$lut for cells of type $lut.
Using template $paramod$lut\WIDTH=32'00000000000000000000000000000011\LUT=8'00000010 for cells of type $lut.
Using template $paramod$lut\WIDTH=32'00000000000000000000000000000011\LUT=8'10101000 for cells of type $lut.
Using template $paramod$c35492cebda5b908d10e5976bd14d50fda8ce5fd$lut for cells of type $lut.
Using template $paramod$0acc8d601702e9b60288baa3d5cf1d38d4f22457$lut for cells of type $lut.
Using template $paramod$d909494d67d7075f17a422f7cb5526f6d6564ea6$lut for cells of type $lut.
Using template $paramod$df6b12cebabc3b2db650658c5e894d03a346e968$lut for cells of type $lut.
Using template $paramod$df23d368a6ae8908771963811f5ab56f622887ca$lut for cells of type $lut.
Using template $paramod$0ee0167fb5dd83bdfe7197fff23e2c7146c57037$lut for cells of type $lut.
Using template $paramod$181733d3e31dcdcea8c52d0a4fc252b3aa453564$lut for cells of type $lut.
Using template $paramod$cbea2d4d520f64cae694e02ff7f67ddafd2047d5$lut for cells of type $lut.
Using template $paramod$086937f2e69afb7c662e45e33f5a7616aa818da8$lut for cells of type $lut.
Using template $paramod$4045162732ff1ef3063f7c74bcf446c45645f6c6$lut for cells of type $lut.
Using template $paramod$lut\WIDTH=32'00000000000000000000000000000011\LUT=8'01010011 for cells of type $lut.
Using template $paramod$lut\WIDTH=32'00000000000000000000000000000011\LUT=8'00110101 for cells of type $lut.
Using template $paramod$fcff9a7b1687e357a40264efcefe8443c8b2971a$lut for cells of type $lut.
Using template $paramod$lut\WIDTH=32'00000000000000000000000000000011\LUT=8'10111000 for cells of type $lut.
Using template $paramod$lut\WIDTH=32'00000000000000000000000000000011\LUT=8'11001010 for cells of type $lut.
Using template $paramod$16894c241be5ea1f024e9339dea788b4dbe184ae$lut for cells of type $lut.
Using template $paramod$c8f16510db975553c8b0be1064e8f5234175f8a8$lut for cells of type $lut.
Using template $paramod$lut\WIDTH=32'00000000000000000000000000000011\LUT=8'01010100 for cells of type $lut.
Using template $paramod$b04f0510561c4bbb703d2e39c6eca682b920366b$lut for cells of type $lut.
Using template $paramod$lut\WIDTH=32'00000000000000000000000000000011\LUT=8'01000111 for cells of type $lut.
Using template $paramod$lut\WIDTH=32'00000000000000000000000000000011\LUT=8'00011011 for cells of type $lut.
Using template $paramod$lut\WIDTH=32'00000000000000000000000000000011\LUT=8'11100010 for cells of type $lut.
Using template $paramod$eec22efc31481e6a2706a92743e67f4f90bad45a$lut for cells of type $lut.
Using template $paramod$1241d759e3df4cac11dc7c99c36b0d1b07f7a673$lut for cells of type $lut.
Using template $paramod$15d3dd50cc31557057274aea687fe2a8296cd155$lut for cells of type $lut.
Using template $paramod$493190373199e5a39be045ba23abb29ecef89037$lut for cells of type $lut.
Using template $paramod$07d604fa63557df73201af3ab3c9bef4e6969c47$lut for cells of type $lut.
Using template $paramod$lut\WIDTH=32'00000000000000000000000000000011\LUT=8'00011101 for cells of type $lut.
Using template $paramod$lut\WIDTH=32'00000000000000000000000000000011\LUT=8'11011000 for cells of type $lut.
Using template $paramod$lut\WIDTH=32'00000000000000000000000000000011\LUT=8'10101100 for cells of type $lut.
Using template $paramod$edfe6773e2ae95f1f17ad5bea62c0e1b079fa667$lut for cells of type $lut.
Using template $paramod$fca001e3e0b52158a872e76e56c01ec10dfbb1de$lut for cells of type $lut.
Using template $paramod$58df2c605746858c7e53492c8f57d6f1fafa12d2$lut for cells of type $lut.
Using template $paramod$4b9b235bc4444ff899bef0c648e4109b26737f1a$lut for cells of type $lut.
Using template $paramod$5502a85110dbca29ac631107f0b0635e7fade476$lut for cells of type $lut.
Using template $paramod$db08fd84fb3c4d6a41eaec6adfffe445fb7eb17f$lut for cells of type $lut.
Using template $paramod$018d71a0fe325d6362687fe53ac13dd6340e400d$lut for cells of type $lut.
Using template $paramod$e2d96f36ef28053ecd27167cd95b944485ac3146$lut for cells of type $lut.
Using template $paramod$lut\WIDTH=32'00000000000000000000000000000011\LUT=8'11100100 for cells of type $lut.
Using template $paramod$234fd643079033ba0cbc98ff572df9b7b7a0dc86$lut for cells of type $lut.
Using template $paramod$ba7f31f246a278c41fa0648a6e0512f63185dec0$lut for cells of type $lut.
Using template $paramod$d1dc785fc5b97e7bec2be30ee7302c8cf250ad22$lut for cells of type $lut.
Using template $paramod$153c6cdaaddbc43e6ef3facd06aa851de33910ae$lut for cells of type $lut.
Using template $paramod$4853050665c020c8d21fb1a749196950a09d9df8$lut for cells of type $lut.
Using template $paramod$lut\WIDTH=32'00000000000000000000000000000010\LUT=4'0100 for cells of type $lut.
Using template $paramod$lut\WIDTH=32'00000000000000000000000000000011\LUT=8'00100111 for cells of type $lut.
Using template $paramod$4bb876346cbc5d13aef9f873277f12d388c5d51a$lut for cells of type $lut.
Using template $paramod$94ac66a11090dca84889e55fcf03297912a5b7ec$lut for cells of type $lut.
Using template $paramod$39825c5ed3d135e502be79829033166f1762d78b$lut for cells of type $lut.
Using template $paramod$17fd36fab32bce162e5828682c2ba9fa7f9e273b$lut for cells of type $lut.
Using template $paramod$bf9d12be9e757c28b1374b63e168615e76b4b315$lut for cells of type $lut.
Using template $paramod$3702268f692b8bf258e428f65d3bca4e1f76d98b$lut for cells of type $lut.
Using template $paramod$658b9ed803f0d3d335616d3858b53e0a2522f1e8$lut for cells of type $lut.
Using template $paramod$20235ca863361fbc253329cfc7eeea38c77404dc$lut for cells of type $lut.
Using template $paramod$05ac1639ab7543654a2476d11c1711de01f760e6$lut for cells of type $lut.
Using template $paramod$d6ca727e39f31d51d29072e0f33aa09c65e37336$lut for cells of type $lut.
Using template $paramod$d204630841d4b2793bc7d88db78fa2d9975da1ca$lut for cells of type $lut.
Using template $paramod$cde361a621e929168e2e29211efd6e41391c35c1$lut for cells of type $lut.
Using template $paramod$lut\WIDTH=32'00000000000000000000000000000011\LUT=8'10000000 for cells of type $lut.
Using template $paramod$c6bcc46fa3ab3e93fb9e1dd465343adac18fec92$lut for cells of type $lut.
Using template $paramod$6e238df02989b317f10820a22773676e71120644$lut for cells of type $lut.
Using template $paramod$30305e55a780880b9c824fe3509a4d981acb0f2b$lut for cells of type $lut.
Using template $paramod$lut\WIDTH=32'00000000000000000000000000000010\LUT=4'1000 for cells of type $lut.
Using template $paramod$9d707d218adbd63b6f9a0c79d7ee037306fb6296$lut for cells of type $lut.
Using template $paramod$6ce6c9ed24092f88d858965e9e9a15c5bec9d6d7$lut for cells of type $lut.
Using template $paramod$15e09ab8f7df8d225706de985558fe8eca7cc41f$lut for cells of type $lut.
Using template $paramod$e8b805c60b05d29dea83383ec9e8df8657d8e0fa$lut for cells of type $lut.
Using template $paramod$lut\WIDTH=32'00000000000000000000000000000010\LUT=4'0010 for cells of type $lut.
Using template $paramod$lut\WIDTH=32'00000000000000000000000000000001\LUT=2'01 for cells of type $lut.
Using template $paramod$8d7a8d6e3356de09670738ba85f2c6b874f6b06d$lut for cells of type $lut.
Using template $paramod$lut\WIDTH=32'00000000000000000000000000000010\LUT=4'1001 for cells of type $lut.
Using template $paramod$df196ed0a1da5c4a58c5e08a1dac304fd3fccaab$lut for cells of type $lut.
Using template $paramod$ba7c22fadfbf9ee7abcb895a21403114111dd201$lut for cells of type $lut.
Using template $paramod$19e5b38cca183d8b6b3a15d20dc995c09cd71893$lut for cells of type $lut.
Using template $paramod$571404c0889eaf57f492cb5e37f8acb5df5852f9$lut for cells of type $lut.
Using template $paramod$272652f6c6fbe9a75eff76e45cc7e2788835518b$lut for cells of type $lut.
Using template $paramod$c71ed138d834112b80a85f4478e2e21f72e5c48b$lut for cells of type $lut.
Using template $paramod$lut\WIDTH=32'00000000000000000000000000000011\LUT=8'00010000 for cells of type $lut.
Using template $paramod$a5516fc31d1e552de2435200bb732b4d4ad63a9c$lut for cells of type $lut.
Using template $paramod$2b187743e9a5d701dd1d8451ad4fa986c1aea139$lut for cells of type $lut.
Using template $paramod$c1a19a87ccbbb03d43a72335db63f692ddf82cc1$lut for cells of type $lut.
Using template $paramod$lut\WIDTH=32'00000000000000000000000000000011\LUT=8'11111000 for cells of type $lut.
Using template $paramod$fdcae86fcfd036c1880a04306ae771a9d7579c31$lut for cells of type $lut.
Using template $paramod$0d3ac82cf5b8a192d5ff4c23e3143360366ae882$lut for cells of type $lut.
Using template $paramod$e49f6e3576ef1a6d2f58c54414dbb786af8cc869$lut for cells of type $lut.
Using template $paramod$lut\WIDTH=32'00000000000000000000000000000010\LUT=4'0001 for cells of type $lut.
Using template $paramod$lut\WIDTH=32'00000000000000000000000000000011\LUT=8'01000000 for cells of type $lut.
Using template $paramod$11ec7271d8e6e5aeaace08c13e4c601f10e31038$lut for cells of type $lut.
Using template $paramod$485c535cc2fb194dc6f114ba5c93554133564a61$lut for cells of type $lut.
Using template $paramod$f9813472aa48e533b3838c6f2316dc2e78c66111$lut for cells of type $lut.
Using template $paramod$7d35f3eb4056e6484203c99fe42cfcf1dfaba704$lut for cells of type $lut.
Using template $paramod$lut\WIDTH=32'00000000000000000000000000000011\LUT=8'10010000 for cells of type $lut.
Using template $paramod$b4410865e8124402796f9dfbf73ef8d279fdbd08$lut for cells of type $lut.
Using template $paramod$5c7d886f3b88971ac55fed4bca034a87bf180f7d$lut for cells of type $lut.
Using template $paramod$782961deb8dc512aef835b73aa3765da3ab3c15c$lut for cells of type $lut.
Using template $paramod$lut\WIDTH=32'00000000000000000000000000000011\LUT=8'10110000 for cells of type $lut.
Using template $paramod$5a3b726670ce434c27ab6d39e16edfbe9baa03b2$lut for cells of type $lut.
Using template $paramod$253532b742d151c01e8e51f153c24d934b8f6185$lut for cells of type $lut.
Using template $paramod$lut\WIDTH=32'00000000000000000000000000000011\LUT=8'00001001 for cells of type $lut.
Using template $paramod$lut\WIDTH=32'00000000000000000000000000000010\LUT=4'0110 for cells of type $lut.
Using template $paramod$332a399730bfc61adea04021a76b1c4e4030f37d$lut for cells of type $lut.
Using template $paramod$a59507d273cd827eb6c46c37820d50a1b717efdf$lut for cells of type $lut.
Using template $paramod$lut\WIDTH=32'00000000000000000000000000000011\LUT=8'01111111 for cells of type $lut.
Using template $paramod$5e9374f44a27c3f8a1c38af244ec43ceb4fb8d4f$lut for cells of type $lut.
Using template $paramod$f258f431a7c2fc52205873e71cd6683fdc689824$lut for cells of type $lut.
Using template $paramod$lut\WIDTH=32'00000000000000000000000000000011\LUT=8'00001101 for cells of type $lut.
Using template $paramod$lut\WIDTH=32'00000000000000000000000000000010\LUT=4'1011 for cells of type $lut.
Using template $paramod$lut\WIDTH=32'00000000000000000000000000000011\LUT=8'10100010 for cells of type $lut.
Using template $paramod$lut\WIDTH=32'00000000000000000000000000000011\LUT=8'10010011 for cells of type $lut.
Using template $paramod$f85f1073c412d406200a6a72283f918c8b751314$lut for cells of type $lut.
Using template $paramod$lut\WIDTH=32'00000000000000000000000000000011\LUT=8'01000101 for cells of type $lut.
Using template $paramod$f8f63b209b7230e81958663ff24fef1613156af7$lut for cells of type $lut.
Using template $paramod$873c285bdccf0ac2b60d2304ea5cd14bf211d2a6$lut for cells of type $lut.
Using template $paramod$e5e9da8fed769f971686eed8c5eea50e61f73aaa$lut for cells of type $lut.
Using template $paramod$lut\WIDTH=32'00000000000000000000000000000011\LUT=8'11010001 for cells of type $lut.
Using template $paramod$lut\WIDTH=32'00000000000000000000000000000011\LUT=8'10001011 for cells of type $lut.
Using template $paramod$b009a26b33c3ca109c016cf968a774c0d66687bb$lut for cells of type $lut.
Using template $paramod$101238f3d8d49ab12a9b49a2f01cd503b26e9c61$lut for cells of type $lut.
Using template $paramod$79432275bae6ba3c8cd1f392a278d15c8c6d8c77$lut for cells of type $lut.
Using template $paramod$c5b694ec89d7629b942ccf6a9be1d39e24f8edec$lut for cells of type $lut.
Using template $paramod$82b4a585d1edcb5c6e755dc9bd3392228a1c1304$lut for cells of type $lut.
Using template $paramod$865395c0228487a64a8e4011cecafc2c64b79f2b$lut for cells of type $lut.
Using template $paramod$e5759512db67494ff77fbdfc66dff4006376568f$lut for cells of type $lut.
Using template $paramod$c7754eeb17b54dfe53ea4a973db3714d78ced2f9$lut for cells of type $lut.
Using template $paramod$a6ef2a845efd4ff0d96bc4fd2f06cc3516fa63ff$lut for cells of type $lut.
Using template $paramod$c9374e4aadca7f30556fc688a64b8e22d24fd5a5$lut for cells of type $lut.
Using template $paramod$lut\WIDTH=32'00000000000000000000000000000011\LUT=8'00010011 for cells of type $lut.
Using template $paramod$3f9a3800e34bd795630a4eaf44b2e1d4a7f48a74$lut for cells of type $lut.
Using template $paramod$efc60783c939ae41b2f3555af407b17c007b27f8$lut for cells of type $lut.
Using template $paramod$lut\WIDTH=32'00000000000000000000000000000011\LUT=8'00010101 for cells of type $lut.
Using template $paramod$37c9af120c85145419565a9ccf4ceb7397fbbe92$lut for cells of type $lut.
Using template $paramod$lut\WIDTH=32'00000000000000000000000000000011\LUT=8'10100011 for cells of type $lut.
Using template $paramod$bba54c1ef87367812b4c15f4aed5ac70773df775$lut for cells of type $lut.
Using template $paramod$dc2c6712e2363e0ec4d02acb1b3c7aca5011dab3$lut for cells of type $lut.
Using template $paramod$9888082d13c544afa98b0a3109ddbbdba5c4f025$lut for cells of type $lut.
Using template $paramod$5c36a508e8885449eeca65fa0c02b7154f6a3130$lut for cells of type $lut.
Using template $paramod$5f99aa1a31b4f0c356281a67e16706e1e689d29f$lut for cells of type $lut.
Using template $paramod$c97e738df958f490eb8461efe944668c310ecac5$lut for cells of type $lut.
Using template $paramod$e9c77024ca501b890c641f9c0b10e27242db8730$lut for cells of type $lut.
Using template $paramod$e85b6eba0dacefc5f73f8748159b8b9599212afc$lut for cells of type $lut.
Using template $paramod$546e7058455ceb43ea5ad2690dc4a23d958e04ec$lut for cells of type $lut.
Using template $paramod$27190b166827ead7a5b229ee873e4b91ee0faf61$lut for cells of type $lut.
Using template $paramod$8b24407096beec47292ddeb1567a058197a320b9$lut for cells of type $lut.
Using template $paramod$3ae9f1cda205b669870c653a21d45eee50078e98$lut for cells of type $lut.
Using template $paramod$lut\WIDTH=32'00000000000000000000000000000011\LUT=8'11010000 for cells of type $lut.
Using template $paramod$be48d952fcad8a16b8d84daa4c48a3065f343e5e$lut for cells of type $lut.
Using template $paramod$044e8b1893c94f717651c5cd428e71c892566f52$lut for cells of type $lut.
Using template $paramod$52acd744af558b1acd7f06b0e1d721506b042b9b$lut for cells of type $lut.
Using template $paramod$cffc8d1fa08931a41971712dc3d39cc5818fb4bc$lut for cells of type $lut.
Using template $paramod$lut\WIDTH=32'00000000000000000000000000000010\LUT=4'0111 for cells of type $lut.
Using template $paramod$lut\WIDTH=32'00000000000000000000000000000011\LUT=8'10110011 for cells of type $lut.
Using template $paramod$ed7c2114137350227a95d36eacb018e373765cc2$lut for cells of type $lut.
Using template $paramod$5552b23a89809fed2b1588e8f91bb3893be2e6ce$lut for cells of type $lut.
Using template $paramod$lut\WIDTH=32'00000000000000000000000000000010\LUT=4'1101 for cells of type $lut.
Using template $paramod$lut\WIDTH=32'00000000000000000000000000000011\LUT=8'11101111 for cells of type $lut.
Using template $paramod$lut\WIDTH=32'00000000000000000000000000000011\LUT=8'11100000 for cells of type $lut.
Using template $paramod$lut\WIDTH=32'00000000000000000000000000000011\LUT=8'10001111 for cells of type $lut.
Using template $paramod$3f1902fc3f0b2933ccafdaca77cf77fabde31645$lut for cells of type $lut.
Using template $paramod$7883547d2f6fa3a72889a7bcc143227c28d0318a$lut for cells of type $lut.
Using template $paramod$091020fc4c81b92d40cf9301ee038f3ac6e03908$lut for cells of type $lut.
Using template $paramod$2413346fa47cf8a80719d09e44e1141a42fc9c2e$lut for cells of type $lut.
Using template $paramod$lut\WIDTH=32'00000000000000000000000000000010\LUT=4'1110 for cells of type $lut.
Using template $paramod$608f40069c27841a5b3bdf03643a34bdc8974072$lut for cells of type $lut.
Using template $paramod$498daa9936ffa1c0b12d774cacc95a35d14b818e$lut for cells of type $lut.
Using template $paramod$lut\WIDTH=32'00000000000000000000000000000011\LUT=8'11110010 for cells of type $lut.
Using template $paramod$ce57c8604805f80ab07a0434d106bb987e82ae6c$lut for cells of type $lut.
Using template $paramod$43779580bfffd5d5a9f321249a174febf1dac288$lut for cells of type $lut.
Using template $paramod$lut\WIDTH=32'00000000000000000000000000000011\LUT=8'11001000 for cells of type $lut.
Using template $paramod$6d6beead1425af15cf78b27fd9b11b41b5d4bce8$lut for cells of type $lut.
Using template $paramod$lut\WIDTH=32'00000000000000000000000000000011\LUT=8'00000111 for cells of type $lut.
Using template $paramod$daac9b1e7bb2ac018f7132a3fbe0026ddd7b1a71$lut for cells of type $lut.
Using template $paramod$lut\WIDTH=32'00000000000000000000000000000011\LUT=8'01110000 for cells of type $lut.
Using template $paramod$lut\WIDTH=32'00000000000000000000000000000011\LUT=8'00101111 for cells of type $lut.
Using template $paramod$d21d214a5aa271f2d9da3f90f22432c0ecee130f$lut for cells of type $lut.
Using template $paramod$f9b715fbf1040e81e900b2461c2390d17ed5e988$lut for cells of type $lut.
Using template $paramod$d9f23974f72a3ab437d1a63d2f34fd3483a6f58d$lut for cells of type $lut.
Using template $paramod$18df3812bc12364e5ebcb6c3ed05c0294e4c26fc$lut for cells of type $lut.
Using template $paramod$e46703b423a661cd7d311c41833ea655969702cc$lut for cells of type $lut.
Using template $paramod$lut\WIDTH=32'00000000000000000000000000000011\LUT=8'11110111 for cells of type $lut.
Using template $paramod$58bd588a49a6a3b9d057d75f907cb4932e1635f6$lut for cells of type $lut.
Using template $paramod$ab9e2dbf312b614b00e2956932705316bd566a24$lut for cells of type $lut.
Using template $paramod$fda6887b37f599177ed9cb69271d882b63df7e66$lut for cells of type $lut.
Using template $paramod$097592bb16245531f0716c5ddb18d7090f9c7d9d$lut for cells of type $lut.
Using template $paramod$f5c23b297b0a8ca096118d63d2c74ddd6cbea134$lut for cells of type $lut.
Using template $paramod$af01034afe1bdbc87587d263805971d96e724ed7$lut for cells of type $lut.
Using template $paramod$286ed3273cbe066b6afe10d043ec3b66405aa78e$lut for cells of type $lut.
Using template $paramod$95405290ab850162780aaf9d904598a9a9ee1d4b$lut for cells of type $lut.
Using template $paramod$70f68cc10fbeada9b6fa90c3bb75475e348ca467$lut for cells of type $lut.
Using template $paramod$4cab3b31c601551ff65536bf4f533afa0b2094ee$lut for cells of type $lut.
Using template $paramod$ee82f1504b2c48e70160208feb4e1f2a1b612b8d$lut for cells of type $lut.
Using template $paramod$lut\WIDTH=32'00000000000000000000000000000011\LUT=8'00111011 for cells of type $lut.
Using template $paramod$c5f3c57a6d466a2f42208bafb8985b96ce884440$lut for cells of type $lut.
Using template $paramod$03f75403034cbfb1fe84b749382b29a5dfe375e9$lut for cells of type $lut.
Using template $paramod$ea14f4b117d05728918b64fc5ee4992c8265f37f$lut for cells of type $lut.
Using template $paramod$364c9ffbffac467d60dfec81bba4e18476c15602$lut for cells of type $lut.
Using template $paramod$lut\WIDTH=32'00000000000000000000000000000011\LUT=8'11111110 for cells of type $lut.
Using template $paramod$b287726797d0722f64e731f1134f7c05af8f1578$lut for cells of type $lut.
Using template $paramod$b94111b2ae4536db9aef7e959ece9b51fe2d1edf$lut for cells of type $lut.
Using template $paramod$lut\WIDTH=32'00000000000000000000000000000011\LUT=8'01101001 for cells of type $lut.
Using template $paramod$2d07c1a6c53c7b878509360922c4fa5ebedc3011$lut for cells of type $lut.
Using template $paramod$953a77b2f6e7267fb6f950790c25a3b1b44c6c40$lut for cells of type $lut.
Using template $paramod$b2192df6f90569fea4015d0a6658bdc192199f95$lut for cells of type $lut.
Using template $paramod$lut\WIDTH=32'00000000000000000000000000000011\LUT=8'00101010 for cells of type $lut.
Using template $paramod$lut\WIDTH=32'00000000000000000000000000000011\LUT=8'01001111 for cells of type $lut.
Using template $paramod$47a8214374025465e226fa66bee690ff33268a25$lut for cells of type $lut.
Using template $paramod$e51a8a571bee774247b38f52d6e85fd62ae52cea$lut for cells of type $lut.
Using template $paramod$8e44661def013b6bf9fe6f8b049ef2c838d749f9$lut for cells of type $lut.
Using template $paramod$c28a8b7ce0535d090c4cfb52e9c74affd52b110c$lut for cells of type $lut.
Using template $paramod$lut\WIDTH=32'00000000000000000000000000000011\LUT=8'10101110 for cells of type $lut.
Using template $paramod$lut\WIDTH=32'00000000000000000000000000000011\LUT=8'10001010 for cells of type $lut.
Using template $paramod$219b71aec9a19e7a27754ed85a7d6cdad9e5ec96$lut for cells of type $lut.
Using template $paramod$77268019239d7d46332da9cb6aa01cbf3ba29ee3$lut for cells of type $lut.
Using template $paramod$lut\WIDTH=32'00000000000000000000000000000011\LUT=8'11001011 for cells of type $lut.
Using template $paramod$lut\WIDTH=32'00000000000000000000000000000011\LUT=8'01001110 for cells of type $lut.
Using template $paramod$d5c7dda3e544463bf43ed73dadb51262f5dcf2fe$lut for cells of type $lut.
Using template $paramod$lut\WIDTH=32'00000000000000000000000000000011\LUT=8'10001100 for cells of type $lut.
Using template $paramod$lut\WIDTH=32'00000000000000000000000000000011\LUT=8'01001100 for cells of type $lut.
Using template $paramod$1b53a9695a0f80de7517b50863b438fd2b7f56da$lut for cells of type $lut.
Using template $paramod$f65af1b660a013aeaba9a5dc41e6bdede642e3c3$lut for cells of type $lut.
Using template $paramod$lut\WIDTH=32'00000000000000000000000000000011\LUT=8'00001011 for cells of type $lut.
Using template $paramod$lut\WIDTH=32'00000000000000000000000000000011\LUT=8'10001101 for cells of type $lut.
Using template $paramod$lut\WIDTH=32'00000000000000000000000000000011\LUT=8'00100000 for cells of type $lut.
Using template $paramod$3eb8805ccd6f91bad96dcbf190c2fb4f72f4634f$lut for cells of type $lut.
Using template $paramod$965f8f2fa1a796a6c51222eabb50fbd26e97d98b$lut for cells of type $lut.
Using template $paramod$2902eb8ec3ca272968b5d8a7010e48f85069ed0f$lut for cells of type $lut.
Using template $paramod$0aae27145afd1348566af63c85046495acb0e0d8$lut for cells of type $lut.
Using template $paramod$b80e608920ce9cfa1f5c7d21df7a72954e9b0a70$lut for cells of type $lut.
Using template $paramod$722bfd9af0ae56ca9d1d12a221cb5ede16461f26$lut for cells of type $lut.
Using template $paramod$32abbd1d449a67fb913b4733374e345d4c17175b$lut for cells of type $lut.
Using template $paramod$lut\WIDTH=32'00000000000000000000000000000011\LUT=8'00001110 for cells of type $lut.
Using template $paramod$ec6c71d259df49ae0842190ffaff1179e43a8db4$lut for cells of type $lut.
Using template $paramod$aabc38448f9289a9f09f7f433eb20ae11e3f6ed9$lut for cells of type $lut.
Using template $paramod$c50bf79556f7c35c37bbd3d892f752a0609f21ca$lut for cells of type $lut.
Using template $paramod$e277a522d8a930c8c8c8cdb56d33d42914aefec4$lut for cells of type $lut.
Using template $paramod$027b71830bd0fbfb04ad11206c5a0de76ed9d3f5$lut for cells of type $lut.
Using template $paramod$1bf62ab10e48d71d6497bccacf5c70420c470fe9$lut for cells of type $lut.
Using template $paramod$beae4210b922fc9ba2fcc4008a7474b475e38c50$lut for cells of type $lut.
Using template $paramod$lut\WIDTH=32'00000000000000000000000000000011\LUT=8'11110100 for cells of type $lut.
Using template $paramod$d646cd5cb36fb1f9dd2b06f584b3b88b2dec1d24$lut for cells of type $lut.
Using template $paramod$e8ba44e4a3ee29c32776f6151b0293be3e5fa416$lut for cells of type $lut.
Using template $paramod$5321e04f7ce32c091123c3570ab562efb1c81402$lut for cells of type $lut.
Using template $paramod$0f52647588235a7349ddd3f3432c9ac1e33ad9e1$lut for cells of type $lut.
Using template $paramod$52d96bfa17866bab828b9f1286c638d27fce0ef0$lut for cells of type $lut.
Using template $paramod$1a0bf6a2024582c33687c0149caac1d863a39438$lut for cells of type $lut.
Using template $paramod$b419810ab1d51da1962917a1949cecc5f27935eb$lut for cells of type $lut.
Using template $paramod$8512f4fb47fa9596f76cdbe5b407a5b54df368e7$lut for cells of type $lut.
Using template $paramod$86d1a43c2f1d620ff2cef866448dd1258c868fad$lut for cells of type $lut.
Using template $paramod$464d286cc302627c2e44b6c4a8450c9bebc28389$lut for cells of type $lut.
Using template $paramod$e134ec2a47a2462a591072e65d34fb15b81c90e0$lut for cells of type $lut.
Using template $paramod$5dc745bb48e2cf535179547ba13f0fe5364d6d54$lut for cells of type $lut.
Using template $paramod$57f1bb65d729bbb1d7a4ef29b631205db6f2353c$lut for cells of type $lut.
Using template $paramod$d546db88fc169832512e499a9cdf9a41b89ab74e$lut for cells of type $lut.
Using template $paramod$a50be0e6fa3a01511bb234559cb74fb8bd3e2061$lut for cells of type $lut.
Using template $paramod$1780bd352ec1af971e2f8a4e64b861091a94595b$lut for cells of type $lut.
Using template $paramod$b431bfd938e35871dd0b7668e1503c7e8b9d491c$lut for cells of type $lut.
Using template $paramod$lut\WIDTH=32'00000000000000000000000000000011\LUT=8'11101100 for cells of type $lut.
Using template $paramod$c217e185eb8e6463ca272982ba8c5940fa90d81f$lut for cells of type $lut.
Using template $paramod$a1cfe99817bd6d57a83efd5e1c3fc26a743b692f$lut for cells of type $lut.
Using template $paramod$lut\WIDTH=32'00000000000000000000000000000011\LUT=8'00001000 for cells of type $lut.
Using template $paramod$53ce561f80f32d4298a3beadc88b6c5c78293221$lut for cells of type $lut.
Using template $paramod$6b0849254d6c87461fb93e37cc18f089f61eb912$lut for cells of type $lut.
Using template $paramod$8829675bb8c52553aed9f101ec0d5ef0c865e5c7$lut for cells of type $lut.
Using template $paramod$adc0b354bb960519a616db7423a6274fc380540e$lut for cells of type $lut.
Using template $paramod$1bf3509a544426de1daa8b6919ee1df60c7165ec$lut for cells of type $lut.
Using template $paramod$9d1915f40715c7f715525567f7dfd63744c26c4a$lut for cells of type $lut.
Using template $paramod$c11ee6bbb8d9fd9cf391261624c378fb45e86b84$lut for cells of type $lut.
Using template $paramod$5d16e795d6c582b27c818459b159f81a7f4525c4$lut for cells of type $lut.
Using template $paramod$176a6ceafa512d807921d7dfc76320dfbbfb5fe4$lut for cells of type $lut.
Using template $paramod$lut\WIDTH=32'00000000000000000000000000000011\LUT=8'00110001 for cells of type $lut.
Using template $paramod$d1032742ec04a96120907f1309e2e941c94de9db$lut for cells of type $lut.
Using template $paramod$bc9180cdfcd49ad6f178d338e90551ccba0f90ae$lut for cells of type $lut.
Using template $paramod$252d8d99cbe8f7e2bb8d8358f16e75038191a2fe$lut for cells of type $lut.
Using template $paramod$28ba90bb95963b63750b27cda749dbcd75757c3a$lut for cells of type $lut.
Using template $paramod$lut\WIDTH=32'00000000000000000000000000000011\LUT=8'00000110 for cells of type $lut.
Using template $paramod$lut\WIDTH=32'00000000000000000000000000000011\LUT=8'11111011 for cells of type $lut.
Using template $paramod$7d3cbfc289ec00e0691f33de08826f2254fca668$lut for cells of type $lut.
Using template $paramod$5a2475f0ff8adfa6c48e46c1977dad3962daa33d$lut for cells of type $lut.
Using template $paramod$b3b5cad4a8d1fcdc5e4c7aa27a4d43090669fc00$lut for cells of type $lut.
Using template $paramod$b4f15f202f50520dbc381cd0880ac94f830f05a8$lut for cells of type $lut.
Using template $paramod$8d6488bf3eded5ffc8423c5b07a7c26381708325$lut for cells of type $lut.
Using template $paramod$e5e0b3ddfad741c9efef28018ea9d09c68de87c3$lut for cells of type $lut.
Using template $paramod$b33d93970f22483a5f9c7de8e357c06241c9728e$lut for cells of type $lut.
Using template $paramod$e0cf532d3d0f888b696f053ed709f92544222805$lut for cells of type $lut.
Using template $paramod$f5f41ee5d60dede31a2b59f58ec46b167939d713$lut for cells of type $lut.
Using template $paramod$lut\WIDTH=32'00000000000000000000000000000011\LUT=8'11101010 for cells of type $lut.
Using template $paramod$b4f85a6321a00b090afc4e21d68e7b99eb94d149$lut for cells of type $lut.
Using template $paramod$e0bde73e598487237493c8a43ca52c95a3727354$lut for cells of type $lut.
Using template $paramod$ff315d5084ed3c80e34901fe05add0db5feb0b93$lut for cells of type $lut.
Using template $paramod$e4b832d686d12318ec0715f027fe549b42e45c20$lut for cells of type $lut.
Using template $paramod$d35161d1d7976dcc02e7c7d51172431be85143b4$lut for cells of type $lut.
Using template $paramod$723be7177967d6866729df0ff463a602326a012e$lut for cells of type $lut.
Using template $paramod$9264cd5418c36d754331aa206e64072e8dbf89db$lut for cells of type $lut.
Using template $paramod$292bcc9fbb09931f31d28f3f2a496969096984cb$lut for cells of type $lut.
Using template $paramod$f87bcf1791971b4eaa30f3f28437044fef878a04$lut for cells of type $lut.
Using template $paramod$baa939b0bd5b3e0c8760492528669bd58f640542$lut for cells of type $lut.
Using template $paramod$4541c098116f7292d10d7d30a0922be20fa68a41$lut for cells of type $lut.
Using template $paramod$048d747237dc7c0c9b3ac38b28fd102440b9c369$lut for cells of type $lut.
Using template $paramod$b68f9800cc1bf69afcfbc0567a25e43ebb01456c$lut for cells of type $lut.
Using template $paramod$b18f60dfd13c21d3e472b89652353f3f5342b450$lut for cells of type $lut.
Using template $paramod$1ec3fb8fd1fa98216cb96b4422de32c4ba5f6c9c$lut for cells of type $lut.
Using template $paramod$8da02996bc6ce025fcc2ce1dafd66f4b38a423f1$lut for cells of type $lut.
Using template $paramod$ea79e410ad0f4fc3326666c891e1f3992816d636$lut for cells of type $lut.
Using template $paramod$66658cbed86a8310f9b7ba1190d35eff90ee749b$lut for cells of type $lut.
Using template $paramod$lut\WIDTH=32'00000000000000000000000000000011\LUT=8'11000100 for cells of type $lut.
Using template $paramod$620586420e818d3afa7e5b51fcf19f5c6ea83ad4$lut for cells of type $lut.
Using template $paramod$179512a187da069f3b79ef6612a41e494e7d54b6$lut for cells of type $lut.
Using template $paramod$lut\WIDTH=32'00000000000000000000000000000011\LUT=8'00011111 for cells of type $lut.
Using template $paramod$lut\WIDTH=32'00000000000000000000000000000011\LUT=8'01110101 for cells of type $lut.
Using template $paramod$9e354de8d358bf081aa0c089488ea3bc5b7c2fd9$lut for cells of type $lut.
Using template $paramod$a79a1f8d02ecabbafa660702fcc91022d47f85ff$lut for cells of type $lut.
Using template $paramod$lut\WIDTH=32'00000000000000000000000000000011\LUT=8'11011100 for cells of type $lut.
Using template $paramod$lut\WIDTH=32'00000000000000000000000000000011\LUT=8'00110111 for cells of type $lut.
Using template $paramod$b12c06dcea4e94212d81ae51560e40391ac83400$lut for cells of type $lut.
Using template $paramod$a2fbe7162371720a9cacb366ff4e9708d3a1f291$lut for cells of type $lut.
Using template $paramod$29e6d4598488760861f6b73d2b7f65cb302fdcde$lut for cells of type $lut.
Using template $paramod$338ce46cf7ff44b9974887dd2adee6c4e0530bed$lut for cells of type $lut.
Using template $paramod$ad823946862e656cf7f96d606b18b8f972dc6d6c$lut for cells of type $lut.
Using template $paramod$c2ec04e79a837992e22a44516a441e33767962c2$lut for cells of type $lut.
Using template $paramod$e6b62369302e1a57b32042fd2a7836dbed452325$lut for cells of type $lut.
Using template $paramod$86a69f95bdbfc36792b7c7498d3544468c88bd9a$lut for cells of type $lut.
Using template $paramod$f41ad5097d9f0f76cacde91c023873087e38be33$lut for cells of type $lut.
Using template $paramod$e4f8d81c24db5be4d13730546a4ee5ffc8be826a$lut for cells of type $lut.
Using template $paramod$lut\WIDTH=32'00000000000000000000000000000011\LUT=8'00100101 for cells of type $lut.
Using template $paramod$de657bb4a9eb44c575919cc9893c0bd50eeaabfb$lut for cells of type $lut.
Using template $paramod$lut\WIDTH=32'00000000000000000000000000000011\LUT=8'10111111 for cells of type $lut.
Using template $paramod$31114d87be01f977936de4d238d2be8c5bca7194$lut for cells of type $lut.
Using template $paramod$992bdc10cff2c6edd722994f0e1044bc863f79f7$lut for cells of type $lut.
Using template $paramod$65d5d5c1e01bf41ee659754efba932f3d99198e5$lut for cells of type $lut.
Using template $paramod$bea08a495d16293f8cc454a45845d26cde0762b6$lut for cells of type $lut.
Using template $paramod$7491e7206ae8c682d288373efe06a43b67c277cf$lut for cells of type $lut.
Using template $paramod$59f2a3e232df3029c8bc36978b9bbe72a71dfb5a$lut for cells of type $lut.
Using template $paramod$6be53ab59e0a69757fc32adb071ddcb64e8c87b6$lut for cells of type $lut.
Using template $paramod$38f9bf4dd2329347b8471f0a98443dd323386889$lut for cells of type $lut.
Using template $paramod$lut\WIDTH=32'00000000000000000000000000000011\LUT=8'00000100 for cells of type $lut.
Using template $paramod$lut\WIDTH=32'00000000000000000000000000000011\LUT=8'00100011 for cells of type $lut.
Using template $paramod$2ea69c779d6c1b79ac5a87b0d1523c67d5628dba$lut for cells of type $lut.
Using template $paramod$211e8382dad75ccbcbc33c4234d03a77d9ed74f1$lut for cells of type $lut.
Using template $paramod$cd6c4b4da6d8737b72fd2dc8f5d83d8967445809$lut for cells of type $lut.
Using template $paramod$386cf08f680cb3ab0ba2805866085278828ff264$lut for cells of type $lut.
Using template $paramod$6ffaa13445c33f3193b27ae6b9f5de8e6953d01b$lut for cells of type $lut.
Using template $paramod$cdc5bba2585477f1744fd1f869bebc8beb23d707$lut for cells of type $lut.
Using template $paramod$3cd7ba4e37ac845a21f7d679f20c35087949289b$lut for cells of type $lut.
Using template $paramod$15a361e9afe53d073e5f05a5a1fc7d88e6644bc6$lut for cells of type $lut.
Using template $paramod$06e62c2045624c211a1abe4f2f36c8f22c688165$lut for cells of type $lut.
Using template $paramod$675de7bc26f5fd6e313b49472a6d2b01e32ece41$lut for cells of type $lut.
Using template $paramod$9a79c3432028e5f1d7c480c0b9d7b4837eb2bc95$lut for cells of type $lut.
Using template $paramod$9f1c552f96b6e6f007b69c5b267b2c79c16f4e58$lut for cells of type $lut.
Using template $paramod$a971a1ef5ced90cd5ad928d128f01223477b9069$lut for cells of type $lut.
Using template $paramod$9dfe2a25d99d8640a9f67a2438aaca85b684d257$lut for cells of type $lut.
Using template $paramod$a36debbcfde9e32a01ea5076ccf3d75225452c4d$lut for cells of type $lut.
Using template $paramod$f4c73d849f7d47805ca1aefb950c4e26e4eae9d0$lut for cells of type $lut.
Using template $paramod$ba7b4568c306470a7f204c239212739869e234a1$lut for cells of type $lut.
Using template $paramod$4b2297966ddb718657b80566604f97685ffc0120$lut for cells of type $lut.
Using template $paramod$3fd3cd243a8b2f71b0ffe04bdaebf6ad83bcc78e$lut for cells of type $lut.
Using template $paramod$7b733f5b3466ec911060896fccc5c2626cbe3d64$lut for cells of type $lut.
Using template $paramod$18085fe4c0c6485495a847949cd87d0e8f3957d3$lut for cells of type $lut.
Using template $paramod$lut\WIDTH=32'00000000000000000000000000000011\LUT=8'01100000 for cells of type $lut.
Using template $paramod$lut\WIDTH=32'00000000000000000000000000000011\LUT=8'01101100 for cells of type $lut.
Using template $paramod$86a2012952f04cefa72e370aab0057e92dde5981$lut for cells of type $lut.
Using template $paramod$6b7c9c56fc2a32a479d463d5f3b0d3f4673b67f1$lut for cells of type $lut.
Using template $paramod$lut\WIDTH=32'00000000000000000000000000000011\LUT=8'00111010 for cells of type $lut.
Using template $paramod$f671b3f3b0498606c282f75758f0d20cff9551f9$lut for cells of type $lut.
Using template $paramod$4834046533425f54583d6bd31e49deb63455e1a5$lut for cells of type $lut.
Using template $paramod$48ed08ac863093cb81be5bfb1a860b60659d37e0$lut for cells of type $lut.
Using template $paramod$9c65fdfac74256c2eb67dd209b598e25d1f0a099$lut for cells of type $lut.
Using template $paramod$17501b83e92414784378d9e96f0093d9409cae7a$lut for cells of type $lut.
Using template $paramod$7bdafbcc070ca3a98b9a76179d525bdc1c294233$lut for cells of type $lut.
Using template $paramod$b2a3e83d3d676c54f393090154e32935aea147d1$lut for cells of type $lut.
Using template $paramod$960b4271c8042b88f5852a4a391568b02eee5e34$lut for cells of type $lut.
Using template $paramod$975817b14e428934970c836668538a3bbe3dd485$lut for cells of type $lut.
Using template $paramod$b40ed8783cd24943f4c31bddb9063d9895eb569a$lut for cells of type $lut.
Using template $paramod$9ba6c77773cbe11ecaf7290c923eccd68a077803$lut for cells of type $lut.
Using template $paramod$d9922e15eb5da1acc26e937540cc16b16c2ad42c$lut for cells of type $lut.
Using template $paramod$ab8bb87959c5d7cfa27886cee1355b38e054a61a$lut for cells of type $lut.
Using template $paramod$119af179f96b7067b572b52aeabad7e5df7062b8$lut for cells of type $lut.
Using template $paramod$64669a7e87c28e39425dffff48145545533b4971$lut for cells of type $lut.
Using template $paramod$326c2fc283a7360e9e01c763660cc5ca90f79ca6$lut for cells of type $lut.
Using template $paramod$lut\WIDTH=32'00000000000000000000000000000011\LUT=8'01010001 for cells of type $lut.
Using template $paramod$480273aedff341609bb0d70e79d3d629c4101764$lut for cells of type $lut.
Using template $paramod$1da7671d5a831182fa319b389380f67221c32724$lut for cells of type $lut.
Using template $paramod$622f15e1486e14083b8aad1ca2a797d1b21b4f3f$lut for cells of type $lut.
Using template $paramod$4b4b0d164889d1f0429c06b8785349a50e11c667$lut for cells of type $lut.
Using template $paramod$47b1691cce9d3422c6243f646236643e13e69f0c$lut for cells of type $lut.
No more expansions possible.
<suppressed ~9373 debug messages>
Removed 0 unused cells and 9834 unused wires.

7.53. Executing AUTONAME pass.
Renamed 10660 objects in module icebreaker (993 iterations).
<suppressed ~10660 debug messages>

7.54. Executing HIERARCHY pass (managing design hierarchy).
Attribute `top' found on module `icebreaker'. Setting top module to icebreaker.

7.54.1. Analyzing design hierarchy..
Top module:  \icebreaker

7.54.2. Analyzing design hierarchy..
Top module:  \icebreaker
Removed 0 unused modules.

7.55. Printing statistics.

=== icebreaker ===

        +----------Local Count, excluding submodules.
        | 
     4559 wires
    13284 wire bits
     4559 public wires
    13284 public wire bits
       24 ports
       24 port bits
       35 cells
       12   $scopeinfo
        4   SB_IO
        4   SB_MAC16
        1   SB_PLL40_PAD
       10   SB_RAM40_4K
        4   SB_SPRAM256KA
     6736 submodules
      806   SB_CARRY
      248   SB_DFF
      436   SB_DFFE
      393   SB_DFFESR
      323   SB_DFFESS
        4   SB_DFFN
      235   SB_DFFSR
        4   SB_DFFSS
     4287   SB_LUT4

=== design hierarchy ===

        +----------Count including submodules.
        | 
       35 icebreaker

        +----------Count including submodules.
        | 
     4559 wires
    13284 wire bits
     4559 public wires
    13284 public wire bits
       24 ports
       24 port bits
        - memories
        - memory bits
        - processes
       35 cells
       12   $scopeinfo
        4   SB_IO
        4   SB_MAC16
        1   SB_PLL40_PAD
       10   SB_RAM40_4K
        4   SB_SPRAM256KA
     6736 submodules
      806   SB_CARRY
      248   SB_DFF
      436   SB_DFFE
      393   SB_DFFESR
      323   SB_DFFESS
        4   SB_DFFN
      235   SB_DFFSR
        4   SB_DFFSS
     4287   SB_LUT4

7.56. Executing CHECK pass (checking for obvious problems).
Checking module icebreaker...
Found and reported 0 problems.

7.57. Executing JSON backend.

End of script. Logfile hash: 77b0854cca, CPU: user 6.60s system 0.11s, MEM: 370.80 MB peak
Yosys 0.63+97 (git sha1 1111a401f, clang++ 18.1.8 -fPIC -O3)
Time spent: 25% 1x autoname (2 sec), 22% 1x abc9_exe (1 sec), ...
